tag,n,d,metric,correlation,cand,sel,strategy,k,ef,recall_med,recall_sd,p50_med,p95_med,p95_sd,p99_med,mean_us_med,ndis_med,bridges_med,aef_med,seeds
col_100k_d128_l2,100000,128,l2,no,100,0.00100,Ex_exact,10,0,1.00000,0.0000,110.79,117.88,0.18,120.33,111.71,100.0,0.0,0.00,2
col_100k_d128_l2,100000,128,l2,no,100,0.00100,H_hnsw_infilt,10,50,1.00000,0.0000,13147.29,13916.96,1688.01,14486.46,13142.21,63569.3,0.0,0.00,2
col_100k_d128_l2,100000,128,l2,no,100,0.00100,Hl_hnsw_large,10,50,1.00000,0.0000,15229.71,16199.79,1836.44,16549.71,15247.78,66242.8,0.0,0.00,2
col_100k_d128_l2,100000,128,l2,no,100,0.00100,Fx_faiss_std,10,50,0.00333,0.0024,37291.33,37899.54,316.37,41179.75,37518.14,100088.4,0.0,0.00,2
col_100k_d128_l2,100000,128,l2,no,100,0.00100,A1_acorn1,10,50,0.18000,0.1096,104.83,124.46,38.66,146.00,85.07,107.2,0.0,0.00,2
col_100k_d128_l2,100000,128,l2,no,100,0.00100,Ag_acorn_gamma,10,50,0.00000,0.0000,3.92,4.38,0.59,5.88,4.08,2.0,0.0,0.00,2
col_100k_d128_l2,100000,128,l2,no,100,0.00100,R1_racorn1,10,50,0.66000,0.1320,6577.12,8523.79,448.98,8920.17,5915.07,2280.2,2129.6,0.00,2
col_100k_d128_l2,100000,128,l2,no,100,0.00100,R1q_racorn1_br25,10,50,0.41833,0.1438,485.92,2973.58,452.11,4242.08,1055.00,319.8,200.9,0.00,2
col_100k_d128_l2,100000,128,l2,no,100,0.00100,R1p_racorn1plus,10,50,0.79333,0.1426,5253.54,7572.29,4991.85,7812.54,3794.26,1530.9,1358.6,32.00,2
col_100k_d128_l2,100000,128,l2,no,100,0.00100,H_hnsw_infilt,10,100,1.00000,0.0000,24985.08,26961.33,1339.44,28523.79,25260.72,100089.4,0.0,0.00,2
col_100k_d128_l2,100000,128,l2,no,100,0.00100,Hl_hnsw_large,10,100,1.00000,0.0000,29373.88,30041.88,102.12,30200.38,29397.16,100094.7,0.0,0.00,2
col_100k_d128_l2,100000,128,l2,no,100,0.00100,Fx_faiss_std,10,100,0.00333,0.0024,37425.62,38157.29,169.59,39371.00,37468.34,100088.4,0.0,0.00,2
col_100k_d128_l2,100000,128,l2,no,100,0.00100,A1_acorn1,10,100,0.18000,0.1096,107.12,126.29,42.69,126.92,85.71,107.2,0.0,0.00,2
col_100k_d128_l2,100000,128,l2,no,100,0.00100,Ag_acorn_gamma,10,100,0.00000,0.0000,3.88,4.29,0.53,6.58,4.04,2.0,0.0,0.00,2
col_100k_d128_l2,100000,128,l2,no,100,0.00100,R1_racorn1,10,100,0.71167,0.1485,10386.79,12098.33,200.14,12815.33,8967.52,3408.2,3238.8,0.00,2
col_100k_d128_l2,100000,128,l2,no,100,0.00100,R1q_racorn1_br25,10,100,0.41833,0.1438,501.96,2983.62,490.32,4267.46,1061.90,322.1,203.1,0.00,2
col_100k_d128_l2,100000,128,l2,no,100,0.00100,R1p_racorn1plus,10,100,0.82833,0.1838,5476.42,12102.17,7716.77,12705.54,5717.48,2245.8,2061.6,30.00,2
col_100k_d128_l2,100000,128,l2,no,100,0.00100,H_hnsw_infilt,10,200,1.00000,0.0000,24982.75,25496.29,329.75,25555.42,25016.62,100089.4,0.0,0.00,2
col_100k_d128_l2,100000,128,l2,no,100,0.00100,Hl_hnsw_large,10,200,1.00000,0.0000,29435.33,30048.83,222.59,30327.21,29518.72,100094.7,0.0,0.00,2
col_100k_d128_l2,100000,128,l2,no,100,0.00100,Fx_faiss_std,10,200,0.00333,0.0024,37390.29,38761.75,814.97,39257.42,37560.15,100088.4,0.0,0.00,2
col_100k_d128_l2,100000,128,l2,no,100,0.00100,A1_acorn1,10,200,0.18000,0.1096,102.38,116.33,35.56,127.79,80.97,107.2,0.0,0.00,2
col_100k_d128_l2,100000,128,l2,no,100,0.00100,Ag_acorn_gamma,10,200,0.00000,0.0000,3.92,4.21,0.53,4.75,4.08,2.0,0.0,0.00,2
col_100k_d128_l2,100000,128,l2,no,100,0.00100,R1_racorn1,10,200,0.71167,0.1485,10233.75,12338.46,334.84,12676.33,8963.15,3408.2,3238.8,0.00,2
col_100k_d128_l2,100000,128,l2,no,100,0.00100,R1q_racorn1_br25,10,200,0.41833,0.1438,498.08,2994.38,527.38,4155.08,1059.27,322.1,203.1,0.00,2
col_100k_d128_l2,100000,128,l2,no,100,0.00100,R1p_racorn1plus,10,200,0.77833,0.1721,9421.67,12071.21,1783.68,12428.54,7059.57,2740.6,2559.9,23.00,2
col_100k_d128_l2,100000,128,l2,no,100,0.00100,H_hnsw_infilt,10,400,1.00000,0.0000,24893.42,26106.38,672.13,29045.46,25102.98,100089.4,0.0,0.00,2
col_100k_d128_l2,100000,128,l2,no,100,0.00100,Hl_hnsw_large,10,400,1.00000,0.0000,29455.29,30002.67,75.28,30701.17,29521.28,100094.7,0.0,0.00,2
col_100k_d128_l2,100000,128,l2,no,100,0.00100,Fx_faiss_std,10,400,0.00333,0.0024,37417.04,38514.12,393.18,38808.96,37551.43,100088.4,0.0,0.00,2
col_100k_d128_l2,100000,128,l2,no,100,0.00100,A1_acorn1,10,400,0.18000,0.1096,103.29,124.79,41.57,133.79,83.62,107.2,0.0,0.00,2
col_100k_d128_l2,100000,128,l2,no,100,0.00100,Ag_acorn_gamma,10,400,0.00000,0.0000,3.83,3.92,0.24,4.50,3.92,2.0,0.0,0.00,2
col_100k_d128_l2,100000,128,l2,no,100,0.00100,R1_racorn1,10,400,0.71167,0.1485,10427.54,12138.17,201.02,12524.17,9015.09,3408.2,3238.8,0.00,2
col_100k_d128_l2,100000,128,l2,no,100,0.00100,R1q_racorn1_br25,10,400,0.41833,0.1438,464.46,2995.54,436.26,4231.08,1062.73,322.1,203.1,0.00,2
col_100k_d128_l2,100000,128,l2,no,100,0.00100,R1p_racorn1plus,10,400,0.74833,0.1579,10124.12,12139.71,825.93,12635.58,8131.69,3106.2,2929.9,14.00,2
col_100k_d128_l2,100000,128,l2,no,250,0.00250,Ex_exact,10,0,1.00000,0.0000,119.46,129.25,0.80,132.75,120.65,250.0,0.0,0.00,2
col_100k_d128_l2,100000,128,l2,no,250,0.00250,H_hnsw_infilt,10,50,1.00000,0.0000,4583.08,5161.75,366.37,5336.12,4564.01,27450.5,0.0,0.00,2
col_100k_d128_l2,100000,128,l2,no,250,0.00250,Hl_hnsw_large,10,50,1.00000,0.0000,5161.38,6201.88,549.66,6253.62,5243.03,29644.7,0.0,0.00,2
col_100k_d128_l2,100000,128,l2,no,250,0.00250,Fx_faiss_std,10,50,0.00333,0.0000,37366.75,38587.79,493.91,40142.42,37552.69,100088.4,0.0,0.00,2
col_100k_d128_l2,100000,128,l2,no,250,0.00250,A1_acorn1,10,50,0.27667,0.0377,123.08,160.79,3.18,204.00,107.14,108.1,0.0,0.00,2
col_100k_d128_l2,100000,128,l2,no,250,0.00250,Ag_acorn_gamma,10,50,0.00000,0.0000,3.58,3.71,0.35,3.88,3.59,3.0,0.0,0.00,2
col_100k_d128_l2,100000,128,l2,no,250,0.00250,R1_racorn1,10,50,0.79000,0.0860,2718.67,3508.00,121.45,3626.83,2478.84,1013.1,858.5,0.00,2
col_100k_d128_l2,100000,128,l2,no,250,0.00250,R1q_racorn1_br25,10,50,0.62000,0.0460,902.42,1973.33,99.11,2009.92,987.87,303.4,170.0,0.00,2
col_100k_d128_l2,100000,128,l2,no,250,0.00250,R1p_racorn1plus,10,50,0.79000,0.0860,2563.17,3343.25,27.55,3580.42,2444.50,1013.1,858.5,0.00,2
col_100k_d128_l2,100000,128,l2,no,250,0.00250,H_hnsw_infilt,10,100,1.00000,0.0000,9635.38,10325.08,25.49,11494.33,9632.99,47206.0,0.0,0.00,2
col_100k_d128_l2,100000,128,l2,no,250,0.00250,Hl_hnsw_large,10,100,1.00000,0.0000,11300.67,11813.67,62.11,12058.04,11290.41,51164.2,0.0,0.00,2
col_100k_d128_l2,100000,128,l2,no,250,0.00250,Fx_faiss_std,10,100,0.00333,0.0000,37455.62,43223.58,5134.13,45725.50,37918.99,100088.4,0.0,0.00,2
col_100k_d128_l2,100000,128,l2,no,250,0.00250,A1_acorn1,10,100,0.27667,0.0377,130.17,153.38,6.51,167.04,106.80,108.1,0.0,0.00,2
col_100k_d128_l2,100000,128,l2,no,250,0.00250,Ag_acorn_gamma,10,100,0.00000,0.0000,3.62,3.71,0.62,3.83,3.63,3.0,0.0,0.00,2
col_100k_d128_l2,100000,128,l2,no,250,0.00250,R1_racorn1,10,100,0.83000,0.0966,5542.29,6338.71,129.84,6416.29,4778.99,1868.8,1675.0,0.00,2
col_100k_d128_l2,100000,128,l2,no,250,0.00250,R1q_racorn1_br25,10,100,0.62000,0.0424,933.04,3761.79,349.90,3908.04,1463.98,402.5,256.3,0.00,2
col_100k_d128_l2,100000,128,l2,no,250,0.00250,R1p_racorn1plus,10,100,0.83000,0.0966,5738.54,9474.54,1225.86,11235.67,5045.26,1868.8,1675.0,0.00,2
col_100k_d128_l2,100000,128,l2,no,250,0.00250,H_hnsw_infilt,10,200,1.00000,0.0000,20665.25,24788.50,1693.79,26030.67,20929.97,85835.3,0.0,0.00,2
col_100k_d128_l2,100000,128,l2,no,250,0.00250,Hl_hnsw_large,10,200,1.00000,0.0000,24165.25,25909.21,595.27,26179.38,24392.10,87158.6,0.0,0.00,2
col_100k_d128_l2,100000,128,l2,no,250,0.00250,Fx_faiss_std,10,200,0.00333,0.0000,36778.88,38254.33,913.76,38681.25,36971.17,100088.4,0.0,0.00,2
col_100k_d128_l2,100000,128,l2,no,250,0.00250,A1_acorn1,10,200,0.27667,0.0377,123.71,145.42,7.93,147.67,102.93,108.1,0.0,0.00,2
col_100k_d128_l2,100000,128,l2,no,250,0.00250,Ag_acorn_gamma,10,200,0.00000,0.0000,3.62,3.71,0.59,3.88,3.62,3.0,0.0,0.00,2
col_100k_d128_l2,100000,128,l2,no,250,0.00250,R1_racorn1,10,200,0.89000,0.1261,10359.50,11510.88,68.41,11723.96,8301.24,3171.2,2919.0,0.00,2
col_100k_d128_l2,100000,128,l2,no,250,0.00250,R1q_racorn1_br25,10,200,0.62000,0.0424,910.92,4203.96,253.06,4674.71,1525.79,422.8,274.3,0.00,2
col_100k_d128_l2,100000,128,l2,no,250,0.00250,R1p_racorn1plus,10,200,0.89000,0.1261,10232.08,11555.88,161.25,11662.17,8264.95,3171.2,2919.0,0.00,2
col_100k_d128_l2,100000,128,l2,no,250,0.00250,H_hnsw_infilt,10,400,1.00000,0.0000,24718.25,25327.79,487.93,26731.54,24782.21,100089.4,0.0,0.00,2
col_100k_d128_l2,100000,128,l2,no,250,0.00250,Hl_hnsw_large,10,400,1.00000,0.0000,29030.42,31125.88,1205.38,34467.67,29381.52,100094.7,0.0,0.00,2
col_100k_d128_l2,100000,128,l2,no,250,0.00250,Fx_faiss_std,10,400,0.00333,0.0000,34623.04,37390.38,623.08,37635.75,35024.21,100088.4,0.0,0.00,2
col_100k_d128_l2,100000,128,l2,no,250,0.00250,A1_acorn1,10,400,0.27667,0.0377,124.67,141.08,3.86,149.42,103.22,108.1,0.0,0.00,2
col_100k_d128_l2,100000,128,l2,no,250,0.00250,Ag_acorn_gamma,10,400,0.00000,0.0000,3.58,3.79,0.35,4.29,3.64,3.0,0.0,0.00,2
col_100k_d128_l2,100000,128,l2,no,250,0.00250,R1_racorn1,10,400,0.89000,0.1261,10091.54,12231.33,46.14,13144.50,8346.58,3232.7,2978.0,0.00,2
col_100k_d128_l2,100000,128,l2,no,250,0.00250,R1q_racorn1_br25,10,400,0.62000,0.0424,975.79,4213.04,279.93,4632.08,1525.10,422.8,274.3,0.00,2
col_100k_d128_l2,100000,128,l2,no,250,0.00250,R1p_racorn1plus,10,400,0.89000,0.1261,10247.33,12202.46,257.00,12581.25,8398.72,3232.7,2978.0,0.00,2
col_100k_d128_l2,100000,128,l2,no,500,0.00500,Ex_exact,10,0,1.00000,0.0000,135.33,146.96,1.94,148.62,136.53,500.0,0.0,0.00,2
col_100k_d128_l2,100000,128,l2,no,500,0.00500,H_hnsw_infilt,10,50,1.00000,0.0000,1800.25,2036.92,35.83,2114.08,1823.95,13315.4,0.0,0.00,2
col_100k_d128_l2,100000,128,l2,no,500,0.00500,Hl_hnsw_large,10,50,1.00000,0.0000,2011.58,2239.58,8.37,2267.33,2015.68,13838.0,0.0,0.00,2
col_100k_d128_l2,100000,128,l2,no,500,0.00500,Fx_faiss_std,10,50,0.00833,0.0035,36532.67,39240.83,1239.74,41205.62,36963.77,100088.4,0.0,0.00,2
col_100k_d128_l2,100000,128,l2,no,500,0.00500,A1_acorn1,10,50,0.97000,0.2982,309.71,374.42,136.03,388.00,310.67,119.1,0.0,0.00,2
col_100k_d128_l2,100000,128,l2,no,500,0.00500,Ag_acorn_gamma,10,50,0.00000,0.0000,11.29,11.62,6.10,12.50,11.32,13.0,0.0,0.00,2
col_100k_d128_l2,100000,128,l2,no,500,0.00500,R1_racorn1,10,50,1.00000,0.2168,1331.83,1661.04,112.37,1731.42,1163.92,551.8,393.9,0.00,2
col_100k_d128_l2,100000,128,l2,no,500,0.00500,R1q_racorn1_br25,10,50,1.00000,0.2310,821.88,1097.54,32.67,1100.88,668.86,246.8,98.8,0.00,2
col_100k_d128_l2,100000,128,l2,no,500,0.00500,R1p_racorn1plus,10,50,1.00000,0.2168,1348.79,1705.88,141.04,1743.58,1167.04,551.8,393.9,0.00,2
col_100k_d128_l2,100000,128,l2,no,500,0.00500,H_hnsw_infilt,10,100,1.00000,0.0000,3992.29,4491.46,56.10,4700.25,4014.92,26816.9,0.0,0.00,2
col_100k_d128_l2,100000,128,l2,no,500,0.00500,Hl_hnsw_large,10,100,1.00000,0.0000,4588.67,5057.25,57.86,5296.21,4572.91,29073.5,0.0,0.00,2
col_100k_d128_l2,100000,128,l2,no,500,0.00500,Fx_faiss_std,10,100,0.00833,0.0035,36972.00,40851.29,2869.56,42787.50,37455.87,100088.4,0.0,0.00,2
col_100k_d128_l2,100000,128,l2,no,500,0.00500,A1_acorn1,10,100,0.97000,0.2982,302.12,333.96,102.38,367.25,300.60,119.1,0.0,0.00,2
col_100k_d128_l2,100000,128,l2,no,500,0.00500,Ag_acorn_gamma,10,100,0.00000,0.0000,11.29,11.96,6.10,13.00,11.39,13.0,0.0,0.00,2
col_100k_d128_l2,100000,128,l2,no,500,0.00500,R1_racorn1,10,100,1.00000,0.1791,2640.62,3175.50,103.80,3315.88,2345.62,963.1,760.6,0.00,2
col_100k_d128_l2,100000,128,l2,no,500,0.00500,R1q_racorn1_br25,10,100,1.00000,0.2310,1704.21,2064.17,28.14,2092.08,1215.54,361.9,186.5,0.00,2
col_100k_d128_l2,100000,128,l2,no,500,0.00500,R1p_racorn1plus,10,100,1.00000,0.1791,2621.25,3137.79,34.24,3295.25,2334.43,963.1,760.6,0.00,2
col_100k_d128_l2,100000,128,l2,no,500,0.00500,H_hnsw_infilt,10,200,1.00000,0.0000,8777.83,9355.67,141.01,9742.62,8839.95,46342.9,0.0,0.00,2
col_100k_d128_l2,100000,128,l2,no,500,0.00500,Hl_hnsw_large,10,200,1.00000,0.0000,10176.08,10849.88,412.54,11086.29,10189.95,47269.3,0.0,0.00,2
col_100k_d128_l2,100000,128,l2,no,500,0.00500,Fx_faiss_std,10,200,0.00833,0.0035,36779.12,37842.12,522.40,38752.42,36930.39,100088.4,0.0,0.00,2
col_100k_d128_l2,100000,128,l2,no,500,0.00500,A1_acorn1,10,200,0.97000,0.2982,310.00,368.08,131.85,374.12,311.07,119.1,0.0,0.00,2
col_100k_d128_l2,100000,128,l2,no,500,0.00500,Ag_acorn_gamma,10,200,0.00000,0.0000,11.29,12.71,6.63,15.75,11.65,13.0,0.0,0.00,2
col_100k_d128_l2,100000,128,l2,no,500,0.00500,R1_racorn1,10,200,1.00000,0.1556,5520.62,6216.25,110.25,6471.79,4774.06,1816.4,1532.5,0.00,2
col_100k_d128_l2,100000,128,l2,no,500,0.00500,R1q_racorn1_br25,10,200,1.00000,0.2263,1909.25,3908.71,161.78,4428.08,1907.03,501.0,294.1,0.00,2
col_100k_d128_l2,100000,128,l2,no,500,0.00500,R1p_racorn1plus,10,200,1.00000,0.1556,5377.38,6073.92,70.03,6145.71,4580.36,1816.4,1532.5,0.00,2
col_100k_d128_l2,100000,128,l2,no,500,0.00500,H_hnsw_infilt,10,400,1.00000,0.0000,19569.96,20444.29,271.12,21484.92,19517.84,87323.8,0.0,0.00,2
col_100k_d128_l2,100000,128,l2,no,500,0.00500,Hl_hnsw_large,10,400,1.00000,0.0000,23381.83,24016.00,528.00,24151.50,23341.90,88425.2,0.0,0.00,2
col_100k_d128_l2,100000,128,l2,no,500,0.00500,Fx_faiss_std,10,400,0.00833,0.0035,36859.08,42944.00,737.93,44345.08,37705.69,100088.4,0.0,0.00,2
col_100k_d128_l2,100000,128,l2,no,500,0.00500,A1_acorn1,10,400,0.97000,0.2982,311.83,346.83,108.28,389.58,311.08,119.1,0.0,0.00,2
col_100k_d128_l2,100000,128,l2,no,500,0.00500,Ag_acorn_gamma,10,400,0.00000,0.0000,11.42,12.29,6.28,13.38,11.53,13.0,0.0,0.00,2
col_100k_d128_l2,100000,128,l2,no,500,0.00500,R1_racorn1,10,400,1.00000,0.1414,10390.00,11800.17,8.10,12087.96,8423.88,3199.9,2796.5,0.00,2
col_100k_d128_l2,100000,128,l2,no,500,0.00500,R1q_racorn1_br25,10,400,1.00000,0.2263,1941.12,5330.96,1095.75,5555.25,2053.69,536.2,321.5,0.00,2
col_100k_d128_l2,100000,128,l2,no,500,0.00500,R1p_racorn1plus,10,400,1.00000,0.1414,10424.83,11724.83,19.62,11984.79,8368.44,3199.9,2796.5,0.00,2
col_100k_d128_l2,100000,128,l2,no,1000,0.01000,Ex_exact,10,0,1.00000,0.0000,167.58,183.04,2.00,187.08,169.43,1000.0,0.0,0.00,2
col_100k_d128_l2,100000,128,l2,no,1000,0.01000,H_hnsw_infilt,10,50,1.00000,0.0000,995.67,1234.50,211.98,1287.71,1029.67,8233.5,0.0,0.00,2
col_100k_d128_l2,100000,128,l2,no,1000,0.01000,Hl_hnsw_large,10,50,1.00000,0.0000,1068.96,1402.38,221.83,1421.46,1121.98,8340.0,0.0,0.00,2
col_100k_d128_l2,100000,128,l2,no,1000,0.01000,Fx_faiss_std,10,50,0.02000,0.0047,36723.17,37914.08,614.30,38086.25,36820.17,100088.4,0.0,0.00,2
col_100k_d128_l2,100000,128,l2,no,1000,0.01000,A1_acorn1,10,50,1.00000,0.0141,639.46,732.92,239.89,832.21,653.05,134.6,0.0,0.00,2
col_100k_d128_l2,100000,128,l2,no,1000,0.01000,Ag_acorn_gamma,10,50,0.00000,0.0000,26.50,36.38,18.15,39.00,28.09,41.5,0.0,0.00,2
col_100k_d128_l2,100000,128,l2,no,1000,0.01000,R1_racorn1,10,50,1.00000,0.0000,677.12,902.21,82.41,978.04,600.36,328.7,195.2,0.00,2
col_100k_d128_l2,100000,128,l2,no,1000,0.01000,R1q_racorn1_br25,10,50,1.00000,0.0012,435.38,722.42,69.21,740.04,449.97,196.7,53.8,0.00,2
col_100k_d128_l2,100000,128,l2,no,1000,0.01000,R1p_racorn1plus,10,50,1.00000,0.0000,687.33,934.83,116.23,1056.83,605.53,328.7,195.2,0.00,2
col_100k_d128_l2,100000,128,l2,no,1000,0.01000,H_hnsw_infilt,10,100,1.00000,0.0000,2343.88,2828.21,550.92,3179.58,2377.50,14292.3,0.0,0.00,2
col_100k_d128_l2,100000,128,l2,no,1000,0.01000,Hl_hnsw_large,10,100,1.00000,0.0000,2155.21,2580.96,151.14,2728.08,2163.47,14807.6,0.0,0.00,2
col_100k_d128_l2,100000,128,l2,no,1000,0.01000,Fx_faiss_std,10,100,0.02000,0.0047,36433.62,37435.25,652.48,37898.42,36558.14,100088.4,0.0,0.00,2
col_100k_d128_l2,100000,128,l2,no,1000,0.01000,A1_acorn1,10,100,1.00000,0.0141,649.25,687.67,170.62,742.29,662.07,134.6,0.0,0.00,2
col_100k_d128_l2,100000,128,l2,no,1000,0.01000,Ag_acorn_gamma,10,100,0.00000,0.0000,27.46,30.33,13.67,38.54,28.09,41.5,0.0,0.00,2
col_100k_d128_l2,100000,128,l2,no,1000,0.01000,R1_racorn1,10,100,1.00000,0.0000,1288.96,1636.88,19.30,1686.88,1175.51,545.5,335.0,0.00,2
col_100k_d128_l2,100000,128,l2,no,1000,0.01000,R1q_racorn1_br25,10,100,1.00000,0.0012,844.96,1195.29,70.50,1248.75,762.93,270.8,81.4,0.00,2
col_100k_d128_l2,100000,128,l2,no,1000,0.01000,R1p_racorn1plus,10,100,1.00000,0.0000,1290.25,1686.04,117.79,1819.46,1175.38,545.5,335.0,0.00,2
col_100k_d128_l2,100000,128,l2,no,1000,0.01000,H_hnsw_infilt,10,200,1.00000,0.0000,4125.46,4593.17,353.79,4690.04,4131.39,27785.2,0.0,0.00,2
col_100k_d128_l2,100000,128,l2,no,1000,0.01000,Hl_hnsw_large,10,200,1.00000,0.0000,4618.29,5008.96,246.72,5090.96,4639.30,29592.8,0.0,0.00,2
col_100k_d128_l2,100000,128,l2,no,1000,0.01000,Fx_faiss_std,10,200,0.02000,0.0047,36610.79,37942.88,286.61,38425.79,36736.42,100088.4,0.0,0.00,2
col_100k_d128_l2,100000,128,l2,no,1000,0.01000,A1_acorn1,10,200,1.00000,0.0141,656.17,734.33,215.43,789.42,666.93,134.6,0.0,0.00,2
col_100k_d128_l2,100000,128,l2,no,1000,0.01000,Ag_acorn_gamma,10,200,0.00000,0.0000,27.21,33.12,15.53,39.08,28.18,41.5,0.0,0.00,2
col_100k_d128_l2,100000,128,l2,no,1000,0.01000,R1_racorn1,10,200,1.00000,0.0000,2693.75,3183.92,38.92,3421.75,2400.18,994.0,695.2,0.00,2
col_100k_d128_l2,100000,128,l2,no,1000,0.01000,R1q_racorn1_br25,10,200,1.00000,0.0012,919.62,2276.54,75.31,2406.83,1144.56,353.1,129.3,0.00,2
col_100k_d128_l2,100000,128,l2,no,1000,0.01000,R1p_racorn1plus,10,200,1.00000,0.0000,2752.29,3509.62,186.41,4409.58,2564.27,994.0,695.2,0.00,2
col_100k_d128_l2,100000,128,l2,no,1000,0.01000,H_hnsw_infilt,10,400,1.00000,0.0000,8776.50,9487.88,115.14,9578.46,8806.64,46517.0,0.0,0.00,2
col_100k_d128_l2,100000,128,l2,no,1000,0.01000,Hl_hnsw_large,10,400,1.00000,0.0000,10287.33,11034.50,183.91,11323.54,10324.67,50616.0,0.0,0.00,2
col_100k_d128_l2,100000,128,l2,no,1000,0.01000,Fx_faiss_std,10,400,0.02000,0.0047,37838.79,40059.21,854.77,40458.08,37865.52,100088.4,0.0,0.00,2
col_100k_d128_l2,100000,128,l2,no,1000,0.01000,A1_acorn1,10,400,1.00000,0.0141,659.62,748.58,246.81,811.21,672.20,134.6,0.0,0.00,2
col_100k_d128_l2,100000,128,l2,no,1000,0.01000,Ag_acorn_gamma,10,400,0.00000,0.0000,27.38,35.33,16.68,39.67,28.28,41.5,0.0,0.00,2
col_100k_d128_l2,100000,128,l2,no,1000,0.01000,R1_racorn1,10,400,1.00000,0.0000,5604.62,6430.21,242.98,6557.62,4655.08,1828.3,1378.1,0.00,2
col_100k_d128_l2,100000,128,l2,no,1000,0.01000,R1q_racorn1_br25,10,400,1.00000,0.0012,957.58,4471.21,434.75,4744.33,1548.30,432.3,176.0,0.00,2
col_100k_d128_l2,100000,128,l2,no,1000,0.01000,R1p_racorn1plus,10,400,1.00000,0.0000,5721.00,6525.25,39.63,7352.58,4794.84,1828.3,1378.1,0.00,2
col_100k_d128_l2,100000,128,l2,no,2000,0.02000,Ex_exact,10,0,1.00000,0.0000,232.21,240.17,3.27,243.38,232.07,2000.0,0.0,0.00,2
col_100k_d128_l2,100000,128,l2,no,2000,0.02000,H_hnsw_infilt,10,50,1.00000,0.0000,502.21,626.54,245.90,638.79,521.64,4466.2,0.0,0.00,2
col_100k_d128_l2,100000,128,l2,no,2000,0.02000,Hl_hnsw_large,10,50,1.00000,0.0000,531.08,671.00,259.24,751.21,555.08,4466.0,0.0,0.00,2
col_100k_d128_l2,100000,128,l2,no,2000,0.02000,Fx_faiss_std,10,50,0.02833,0.0071,37489.54,39341.96,176.69,40858.08,37715.94,100088.4,0.0,0.00,2
col_100k_d128_l2,100000,128,l2,no,2000,0.02000,A1_acorn1,10,50,1.00000,0.0000,1013.96,1085.00,250.96,1169.21,1024.10,155.4,0.0,0.00,2
col_100k_d128_l2,100000,128,l2,no,2000,0.02000,Ag_acorn_gamma,10,50,0.00000,0.0000,38.92,45.67,6.81,100.38,42.31,66.5,0.0,0.00,2
col_100k_d128_l2,100000,128,l2,no,2000,0.02000,R1_racorn1,10,50,1.00000,0.0000,432.21,529.25,178.13,536.83,400.56,242.3,105.5,0.00,2
col_100k_d128_l2,100000,128,l2,no,2000,0.02000,R1q_racorn1_br25,10,50,1.00000,0.0000,396.29,530.17,155.06,554.00,368.26,172.3,29.2,0.00,2
col_100k_d128_l2,100000,128,l2,no,2000,0.02000,R1p_racorn1plus,10,50,1.00000,0.0000,427.71,510.17,162.96,521.08,398.07,242.3,105.5,0.00,2
col_100k_d128_l2,100000,128,l2,no,2000,0.02000,H_hnsw_infilt,10,100,1.00000,0.0000,983.71,1184.29,107.30,1237.96,1009.31,8110.9,0.0,0.00,2
col_100k_d128_l2,100000,128,l2,no,2000,0.02000,Hl_hnsw_large,10,100,1.00000,0.0000,1069.46,1290.21,111.66,1665.17,1104.41,8230.1,0.0,0.00,2
col_100k_d128_l2,100000,128,l2,no,2000,0.02000,Fx_faiss_std,10,100,0.02833,0.0071,37391.17,38680.46,219.41,39754.75,37331.32,100088.4,0.0,0.00,2
col_100k_d128_l2,100000,128,l2,no,2000,0.02000,A1_acorn1,10,100,1.00000,0.0000,1012.25,1167.00,326.62,1947.04,1054.06,156.5,0.0,0.00,2
col_100k_d128_l2,100000,128,l2,no,2000,0.02000,Ag_acorn_gamma,10,100,0.00000,0.0000,47.25,53.67,11.40,83.67,49.66,69.2,0.0,0.00,2
col_100k_d128_l2,100000,128,l2,no,2000,0.02000,R1_racorn1,10,100,1.00000,0.0000,766.04,1107.25,64.14,1191.04,745.89,374.7,167.5,0.00,2
col_100k_d128_l2,100000,128,l2,no,2000,0.02000,R1q_racorn1_br25,10,100,1.00000,0.0000,856.46,1280.54,141.24,1388.00,747.93,265.2,53.8,0.00,2
col_100k_d128_l2,100000,128,l2,no,2000,0.02000,R1p_racorn1plus,10,100,1.00000,0.0000,888.29,1454.25,366.55,1549.38,843.11,374.7,167.5,0.00,2
col_100k_d128_l2,100000,128,l2,no,2000,0.02000,H_hnsw_infilt,10,200,1.00000,0.0000,1851.92,2223.12,35.00,2410.71,1880.65,13346.9,0.0,0.00,2
col_100k_d128_l2,100000,128,l2,no,2000,0.02000,Hl_hnsw_large,10,200,1.00000,0.0000,2068.00,2364.17,22.95,2504.29,2065.35,13850.7,0.0,0.00,2
col_100k_d128_l2,100000,128,l2,no,2000,0.02000,Fx_faiss_std,10,200,0.02833,0.0071,37372.21,38096.96,239.36,38705.42,37412.57,100088.4,0.0,0.00,2
col_100k_d128_l2,100000,128,l2,no,2000,0.02000,A1_acorn1,10,200,1.00000,0.0000,960.04,1018.67,268.79,1818.08,991.18,156.5,0.0,0.00,2
col_100k_d128_l2,100000,128,l2,no,2000,0.02000,Ag_acorn_gamma,10,200,0.00000,0.0000,47.71,51.71,9.87,80.79,49.30,69.2,0.0,0.00,2
col_100k_d128_l2,100000,128,l2,no,2000,0.02000,R1_racorn1,10,200,1.00000,0.0000,1350.67,1679.88,36.36,1803.71,1211.82,596.7,281.1,0.00,2
col_100k_d128_l2,100000,128,l2,no,2000,0.02000,R1q_racorn1_br25,10,200,1.00000,0.0000,911.08,1607.08,36.36,1815.58,981.34,345.9,87.2,0.00,2
col_100k_d128_l2,100000,128,l2,no,2000,0.02000,R1p_racorn1plus,10,200,1.00000,0.0000,1388.42,1673.25,61.11,1809.04,1203.98,596.7,281.1,0.00,2
col_100k_d128_l2,100000,128,l2,no,2000,0.02000,H_hnsw_infilt,10,400,1.00000,0.0000,3834.96,4330.00,285.02,4388.29,3874.65,27148.8,0.0,0.00,2
col_100k_d128_l2,100000,128,l2,no,2000,0.02000,Hl_hnsw_large,10,400,1.00000,0.0000,4375.00,5180.17,218.08,5395.33,4430.10,29522.5,0.0,0.00,2
col_100k_d128_l2,100000,128,l2,no,2000,0.02000,Fx_faiss_std,10,400,0.02833,0.0071,37988.92,39476.62,140.89,40549.42,38190.47,100088.4,0.0,0.00,2
col_100k_d128_l2,100000,128,l2,no,2000,0.02000,A1_acorn1,10,400,1.00000,0.0000,1014.58,1136.25,294.80,1943.96,1051.75,156.5,0.0,0.00,2
col_100k_d128_l2,100000,128,l2,no,2000,0.02000,Ag_acorn_gamma,10,400,0.00000,0.0000,47.00,60.50,16.73,80.79,49.08,69.2,0.0,0.00,2
col_100k_d128_l2,100000,128,l2,no,2000,0.02000,R1_racorn1,10,400,1.00000,0.0000,3025.00,3542.33,31.76,3623.50,2547.17,1034.2,557.0,0.00,2
col_100k_d128_l2,100000,128,l2,no,2000,0.02000,R1q_racorn1_br25,10,400,1.00000,0.0000,1154.33,3322.67,86.33,3554.58,1569.48,453.4,139.4,0.00,2
col_100k_d128_l2,100000,128,l2,no,2000,0.02000,R1p_racorn1plus,10,400,1.00000,0.0000,2975.58,3481.62,29.11,3690.96,2525.09,1034.2,557.0,0.00,2
col_100k_d128_l2,100000,128,l2,no,5000,0.05000,Ex_exact,10,0,1.00000,0.0000,454.00,501.17,20.03,520.75,459.81,5000.0,0.0,0.00,2
col_100k_d128_l2,100000,128,l2,no,5000,0.05000,H_hnsw_infilt,10,50,1.00000,0.0000,188.46,205.83,2.83,223.00,190.03,2052.8,0.0,0.00,2
col_100k_d128_l2,100000,128,l2,no,5000,0.05000,Hl_hnsw_large,10,50,1.00000,0.0000,200.71,229.04,14.73,264.29,204.10,2071.1,0.0,0.00,2
col_100k_d128_l2,100000,128,l2,no,5000,0.05000,Fx_faiss_std,10,50,0.06667,0.0082,37208.75,38547.58,204.71,39818.04,37387.28,100088.4,0.0,0.00,2
col_100k_d128_l2,100000,128,l2,no,5000,0.05000,A1_acorn1,10,50,1.00000,0.0000,1111.54,1198.79,7.95,1206.88,1115.94,223.6,0.0,0.00,2
col_100k_d128_l2,100000,128,l2,no,5000,0.05000,Ag_acorn_gamma,10,50,0.00000,0.0000,50.21,58.21,1.03,62.96,51.16,109.5,0.0,0.00,2
col_100k_d128_l2,100000,128,l2,no,5000,0.05000,R1_racorn1,10,50,1.00000,0.0000,237.88,261.33,10.72,272.71,238.78,229.0,11.9,0.00,2
col_100k_d128_l2,100000,128,l2,no,5000,0.05000,R1q_racorn1_br25,10,50,1.00000,0.0000,333.75,360.29,33.59,363.83,335.62,223.6,0.0,0.00,2
col_100k_d128_l2,100000,128,l2,no,5000,0.05000,R1p_racorn1plus,10,50,1.00000,0.0000,237.83,259.08,9.28,269.46,238.62,229.0,11.9,0.00,2
col_100k_d128_l2,100000,128,l2,no,5000,0.05000,H_hnsw_infilt,10,100,1.00000,0.0000,369.58,406.17,90.22,426.04,374.80,3863.4,0.0,0.00,2
col_100k_d128_l2,100000,128,l2,no,5000,0.05000,Hl_hnsw_large,10,100,1.00000,0.0000,393.17,426.92,94.02,445.67,398.95,3938.6,0.0,0.00,2
col_100k_d128_l2,100000,128,l2,no,5000,0.05000,Fx_faiss_std,10,100,0.06667,0.0082,37718.62,39137.29,296.93,39707.38,37950.79,100088.4,0.0,0.00,2
col_100k_d128_l2,100000,128,l2,no,5000,0.05000,A1_acorn1,10,100,1.00000,0.0000,2052.96,2146.58,177.37,2187.29,2060.40,224.3,0.0,0.00,2
col_100k_d128_l2,100000,128,l2,no,5000,0.05000,Ag_acorn_gamma,10,100,0.00000,0.0000,98.04,109.04,0.18,112.67,99.35,186.6,0.0,0.00,2
col_100k_d128_l2,100000,128,l2,no,5000,0.05000,R1_racorn1,10,100,1.00000,0.0000,439.96,519.71,117.11,560.58,418.71,285.5,54.9,0.00,2
col_100k_d128_l2,100000,128,l2,no,5000,0.05000,R1q_racorn1_br25,10,100,1.00000,0.0000,558.71,632.42,147.34,673.38,521.31,252.8,26.4,0.00,2
col_100k_d128_l2,100000,128,l2,no,5000,0.05000,R1p_racorn1plus,10,100,1.00000,0.0000,443.96,558.58,141.25,577.46,426.43,285.5,54.9,0.00,2
col_100k_d128_l2,100000,128,l2,no,5000,0.05000,H_hnsw_infilt,10,200,1.00000,0.0000,790.33,1077.38,279.28,1340.62,841.91,7208.6,0.0,0.00,2
col_100k_d128_l2,100000,128,l2,no,5000,0.05000,Hl_hnsw_large,10,200,1.00000,0.0000,835.62,1077.58,226.80,1125.67,870.37,7233.3,0.0,0.00,2
col_100k_d128_l2,100000,128,l2,no,5000,0.05000,Fx_faiss_std,10,200,0.06667,0.0082,37902.62,39663.96,1126.98,40671.33,38121.45,100088.4,0.0,0.00,2
col_100k_d128_l2,100000,128,l2,no,5000,0.05000,A1_acorn1,10,200,1.00000,0.0000,3878.33,4049.25,1610.26,4257.38,3907.02,332.6,0.0,0.00,2
col_100k_d128_l2,100000,128,l2,no,5000,0.05000,Ag_acorn_gamma,10,200,0.00000,0.0000,307.79,333.08,111.78,338.46,294.13,374.9,0.0,0.00,2
col_100k_d128_l2,100000,128,l2,no,5000,0.05000,R1_racorn1,10,200,1.00000,0.0000,785.83,893.21,59.52,934.42,697.13,433.3,84.7,0.00,2
col_100k_d128_l2,100000,128,l2,no,5000,0.05000,R1q_racorn1_br25,10,200,1.00000,0.0000,995.42,1084.88,15.64,1109.79,913.15,419.3,44.7,0.00,2
col_100k_d128_l2,100000,128,l2,no,5000,0.05000,R1p_racorn1plus,10,200,1.00000,0.0000,780.25,866.79,44.08,889.12,699.73,433.3,84.7,0.00,2
col_100k_d128_l2,100000,128,l2,no,5000,0.05000,H_hnsw_infilt,10,400,1.00000,0.0000,1406.67,1576.88,45.43,1717.58,1414.41,10640.5,0.0,0.00,2
col_100k_d128_l2,100000,128,l2,no,5000,0.05000,Hl_hnsw_large,10,400,1.00000,0.0000,1528.12,1789.92,3.12,1884.83,1561.29,11026.3,0.0,0.00,2
col_100k_d128_l2,100000,128,l2,no,5000,0.05000,Fx_faiss_std,10,400,0.06667,0.0082,37982.92,39579.75,117.35,40993.62,38034.96,100088.4,0.0,0.00,2
col_100k_d128_l2,100000,128,l2,no,5000,0.05000,A1_acorn1,10,400,1.00000,0.0000,8494.08,8747.88,4785.52,8832.62,8511.36,543.7,0.0,0.00,2
col_100k_d128_l2,100000,128,l2,no,5000,0.05000,Ag_acorn_gamma,10,400,0.00000,0.0000,578.96,743.92,399.22,776.29,572.05,589.3,0.0,0.00,2
col_100k_d128_l2,100000,128,l2,no,5000,0.05000,R1_racorn1,10,400,1.00000,0.0000,1543.79,1854.25,53.62,1881.04,1511.47,769.1,153.7,0.00,2
col_100k_d128_l2,100000,128,l2,no,5000,0.05000,R1q_racorn1_br25,10,400,1.00000,0.0000,1932.08,2634.25,306.71,2867.42,1821.25,661.1,79.4,0.00,2
col_100k_d128_l2,100000,128,l2,no,5000,0.05000,R1p_racorn1plus,10,400,1.00000,0.0000,1518.71,1902.96,67.71,2032.08,1548.13,769.1,153.7,0.00,2
col_100k_d128_l2,100000,128,l2,no,10000,0.10000,Ex_exact,10,0,1.00000,0.0000,856.17,1021.04,10.25,1039.79,876.81,10000.0,0.0,0.00,2
col_100k_d128_l2,100000,128,l2,no,10000,0.10000,H_hnsw_infilt,10,50,1.00000,0.0012,135.12,159.92,5.27,206.12,138.67,2011.0,0.0,0.00,2
col_100k_d128_l2,100000,128,l2,no,10000,0.10000,Hl_hnsw_large,10,50,1.00000,0.0000,141.42,160.38,4.21,164.88,141.67,2045.2,0.0,0.00,2
col_100k_d128_l2,100000,128,l2,no,10000,0.10000,Fx_faiss_std,10,50,0.11500,0.0153,38486.29,40576.54,1051.14,42774.25,38862.52,100088.4,0.0,0.00,2
col_100k_d128_l2,100000,128,l2,no,10000,0.10000,A1_acorn1,10,50,1.00000,0.0000,1150.04,1261.29,27.34,1276.67,1154.07,319.5,0.0,0.00,2
col_100k_d128_l2,100000,128,l2,no,10000,0.10000,Ag_acorn_gamma,10,50,0.98833,0.6989,59.17,73.54,2.83,127.88,60.88,260.0,0.0,0.00,2
col_100k_d128_l2,100000,128,l2,no,10000,0.10000,R1_racorn1,10,50,1.00000,0.0000,307.54,357.79,34.12,377.46,309.32,319.5,0.0,0.00,2
col_100k_d128_l2,100000,128,l2,no,10000,0.10000,R1q_racorn1_br25,10,50,1.00000,0.0000,409.12,459.46,47.05,471.75,412.32,319.5,0.0,0.00,2
col_100k_d128_l2,100000,128,l2,no,10000,0.10000,R1p_racorn1plus,10,50,1.00000,0.0000,307.67,339.46,10.31,392.88,312.03,319.5,0.0,0.00,2
col_100k_d128_l2,100000,128,l2,no,10000,0.10000,H_hnsw_infilt,10,100,1.00000,0.0000,198.96,214.58,0.41,237.12,202.55,2055.9,0.0,0.00,2
col_100k_d128_l2,100000,128,l2,no,10000,0.10000,Hl_hnsw_large,10,100,1.00000,0.0000,210.62,227.08,7.72,234.08,211.70,2075.7,0.0,0.00,2
col_100k_d128_l2,100000,128,l2,no,10000,0.10000,Fx_faiss_std,10,100,0.11500,0.0153,37212.71,38652.21,1711.11,39569.79,36428.41,100088.4,0.0,0.00,2
col_100k_d128_l2,100000,128,l2,no,10000,0.10000,A1_acorn1,10,100,1.00000,0.0000,2073.71,2190.96,37.77,2209.38,2077.93,320.8,0.0,0.00,2
col_100k_d128_l2,100000,128,l2,no,10000,0.10000,Ag_acorn_gamma,10,100,0.99667,0.7047,109.92,125.88,2.27,131.29,111.20,280.0,0.0,0.00,2
col_100k_d128_l2,100000,128,l2,no,10000,0.10000,R1_racorn1,10,100,1.00000,0.0000,372.83,396.58,25.04,404.62,371.65,321.5,5.9,0.00,2
col_100k_d128_l2,100000,128,l2,no,10000,0.10000,R1q_racorn1_br25,10,100,1.00000,0.0000,475.08,515.00,50.26,530.42,473.13,320.8,0.0,0.00,2
col_100k_d128_l2,100000,128,l2,no,10000,0.10000,R1p_racorn1plus,10,100,1.00000,0.0000,376.00,454.04,65.05,495.04,385.09,321.5,5.9,0.00,2
col_100k_d128_l2,100000,128,l2,no,10000,0.10000,H_hnsw_infilt,10,200,1.00000,0.0000,393.25,461.00,109.19,494.08,402.40,3914.5,0.0,0.00,2
col_100k_d128_l2,100000,128,l2,no,10000,0.10000,Hl_hnsw_large,10,200,1.00000,0.0000,416.00,477.67,116.85,524.21,424.52,3961.4,0.0,0.00,2
col_100k_d128_l2,100000,128,l2,no,10000,0.10000,Fx_faiss_std,10,200,0.11500,0.0153,37450.08,39373.75,417.28,39648.50,37413.56,100088.4,0.0,0.00,2
col_100k_d128_l2,100000,128,l2,no,10000,0.10000,A1_acorn1,10,200,1.00000,0.0000,4085.88,4285.96,130.81,4370.54,4103.30,411.7,0.0,0.00,2
col_100k_d128_l2,100000,128,l2,no,10000,0.10000,Ag_acorn_gamma,10,200,0.99833,0.7059,213.08,232.62,3.12,262.67,216.27,431.9,0.0,0.00,2
col_100k_d128_l2,100000,128,l2,no,10000,0.10000,R1_racorn1,10,200,1.00000,0.0000,691.88,935.12,248.02,997.33,724.20,486.6,48.9,0.00,2
col_100k_d128_l2,100000,128,l2,no,10000,0.10000,R1q_racorn1_br25,10,200,1.00000,0.0000,856.17,1130.92,330.28,1171.17,888.32,461.2,26.6,0.00,2
col_100k_d128_l2,100000,128,l2,no,10000,0.10000,R1p_racorn1plus,10,200,1.00000,0.0000,680.50,906.50,237.03,987.21,711.70,486.6,48.9,0.00,2
col_100k_d128_l2,100000,128,l2,no,10000,0.10000,H_hnsw_infilt,10,400,1.00000,0.0000,793.79,964.62,48.47,1039.42,815.05,7064.9,0.0,0.00,2
col_100k_d128_l2,100000,128,l2,no,10000,0.10000,Hl_hnsw_large,10,400,1.00000,0.0000,844.21,1030.50,171.15,1042.88,860.82,7126.6,0.0,0.00,2
col_100k_d128_l2,100000,128,l2,no,10000,0.10000,Fx_faiss_std,10,400,0.11500,0.0153,37342.83,43989.83,3589.21,45248.62,38096.23,100088.4,0.0,0.00,2
col_100k_d128_l2,100000,128,l2,no,10000,0.10000,A1_acorn1,10,400,1.00000,0.0000,8678.88,9719.83,1603.19,10148.42,8658.40,639.5,0.0,0.00,2
col_100k_d128_l2,100000,128,l2,no,10000,0.10000,Ag_acorn_gamma,10,400,1.00000,0.7071,495.50,755.33,47.43,798.58,548.46,670.9,0.0,0.00,2
col_100k_d128_l2,100000,128,l2,no,10000,0.10000,R1_racorn1,10,400,1.00000,0.0000,1299.83,1653.42,129.64,1679.83,1310.77,769.2,99.0,0.00,2
col_100k_d128_l2,100000,128,l2,no,10000,0.10000,R1q_racorn1_br25,10,400,1.00000,0.0000,1553.83,2030.92,249.17,2313.00,1559.82,723.3,51.9,0.00,2
col_100k_d128_l2,100000,128,l2,no,10000,0.10000,R1p_racorn1plus,10,400,1.00000,0.0000,1324.38,1622.79,55.77,1720.75,1308.76,769.2,99.0,0.00,2
col_100k_d128_l2,100000,128,l2,no,25000,0.25000,Ex_exact,10,0,1.00000,0.0000,2205.25,2377.50,66.32,2401.42,2215.16,25000.0,0.0,0.00,2
col_100k_d128_l2,100000,128,l2,no,25000,0.25000,H_hnsw_infilt,10,50,0.99833,0.0012,86.67,100.29,2.50,109.83,88.09,1783.5,0.0,0.00,2
col_100k_d128_l2,100000,128,l2,no,25000,0.25000,Hl_hnsw_large,10,50,1.00000,0.0000,92.38,107.29,4.39,113.04,92.93,1921.9,0.0,0.00,2
col_100k_d128_l2,100000,128,l2,no,25000,0.25000,Fx_faiss_std,10,50,0.25667,0.0047,41714.38,52927.38,5892.56,58750.17,41724.16,100088.4,0.0,0.00,2
col_100k_d128_l2,100000,128,l2,no,25000,0.25000,A1_acorn1,10,50,1.00000,0.0000,1124.83,1323.46,43.75,1358.58,1138.54,604.3,0.0,0.00,2
col_100k_d128_l2,100000,128,l2,no,25000,0.25000,Ag_acorn_gamma,10,50,0.97833,0.6918,60.50,72.83,2.42,77.79,61.76,526.1,0.0,0.00,2
col_100k_d128_l2,100000,128,l2,no,25000,0.25000,R1_racorn1,10,50,1.00000,0.0000,533.00,575.50,29.90,584.67,534.21,604.3,0.0,0.00,2
col_100k_d128_l2,100000,128,l2,no,25000,0.25000,R1q_racorn1_br25,10,50,1.00000,0.0000,639.17,688.79,40.92,930.12,651.31,604.3,0.0,0.00,2
col_100k_d128_l2,100000,128,l2,no,25000,0.25000,R1p_racorn1plus,10,50,1.00000,0.0000,536.62,586.33,17.06,760.33,540.61,604.3,0.0,0.00,2
col_100k_d128_l2,100000,128,l2,no,25000,0.25000,H_hnsw_infilt,10,100,1.00000,0.0000,121.58,133.71,1.68,143.96,122.70,1991.3,0.0,0.00,2
col_100k_d128_l2,100000,128,l2,no,25000,0.25000,Hl_hnsw_large,10,100,1.00000,0.0000,127.71,148.75,4.21,171.88,131.23,2036.8,0.0,0.00,2
col_100k_d128_l2,100000,128,l2,no,25000,0.25000,Fx_faiss_std,10,100,0.25667,0.0047,41947.29,45092.88,3546.23,45954.08,40902.28,100088.4,0.0,0.00,2
col_100k_d128_l2,100000,128,l2,no,25000,0.25000,A1_acorn1,10,100,1.00000,0.0000,2058.42,2177.33,0.24,2318.54,2065.32,610.7,0.0,0.00,2
col_100k_d128_l2,100000,128,l2,no,25000,0.25000,Ag_acorn_gamma,10,100,0.99833,0.6706,112.25,163.96,18.74,237.75,114.11,627.4,0.0,0.00,2
col_100k_d128_l2,100000,128,l2,no,25000,0.25000,R1_racorn1,10,100,1.00000,0.0000,597.67,686.29,48.70,716.04,604.56,610.7,0.0,0.00,2
col_100k_d128_l2,100000,128,l2,no,25000,0.25000,R1q_racorn1_br25,10,100,1.00000,0.0000,705.12,761.96,31.20,825.29,707.57,610.7,0.0,0.00,2
col_100k_d128_l2,100000,128,l2,no,25000,0.25000,R1p_racorn1plus,10,100,1.00000,0.0000,597.33,669.00,26.37,709.79,602.92,610.7,0.0,0.00,2
col_100k_d128_l2,100000,128,l2,no,25000,0.25000,H_hnsw_infilt,10,200,1.00000,0.0000,182.50,196.96,0.77,202.96,184.26,2051.5,0.0,0.00,2
col_100k_d128_l2,100000,128,l2,no,25000,0.25000,Hl_hnsw_large,10,200,1.00000,0.0000,191.46,221.00,10.02,251.92,195.29,2068.7,0.0,0.00,2
col_100k_d128_l2,100000,128,l2,no,25000,0.25000,Fx_faiss_std,10,200,0.25667,0.0047,37079.62,38944.75,247.37,39741.62,37339.75,100088.4,0.0,0.00,2
col_100k_d128_l2,100000,128,l2,no,25000,0.25000,A1_acorn1,10,200,1.00000,0.0000,3974.21,4248.50,43.72,4279.38,3987.20,621.9,0.0,0.00,2
col_100k_d128_l2,100000,128,l2,no,25000,0.25000,Ag_acorn_gamma,10,200,1.00000,0.1897,415.33,483.96,163.46,613.71,383.30,1004.4,0.0,0.00,2
col_100k_d128_l2,100000,128,l2,no,25000,0.25000,R1_racorn1,10,200,1.00000,0.0000,741.04,964.83,18.80,1073.50,768.88,621.9,0.0,0.00,2
col_100k_d128_l2,100000,128,l2,no,25000,0.25000,R1q_racorn1_br25,10,200,1.00000,0.0000,843.08,912.46,32.67,964.58,851.63,621.9,0.0,0.00,2
col_100k_d128_l2,100000,128,l2,no,25000,0.25000,R1p_racorn1plus,10,200,1.00000,0.0000,737.12,801.04,12.64,894.04,741.40,621.9,0.0,0.00,2
col_100k_d128_l2,100000,128,l2,no,25000,0.25000,H_hnsw_infilt,10,400,1.00000,0.0000,273.00,354.25,49.79,449.71,286.39,2069.2,0.0,0.00,2
col_100k_d128_l2,100000,128,l2,no,25000,0.25000,Hl_hnsw_large,10,400,1.00000,0.0000,300.17,505.54,101.62,533.54,321.44,2109.4,0.0,0.00,2
col_100k_d128_l2,100000,128,l2,no,25000,0.25000,Fx_faiss_std,10,400,0.25667,0.0047,37288.75,46477.67,5939.52,47892.62,39201.90,100088.4,0.0,0.00,2
col_100k_d128_l2,100000,128,l2,no,25000,0.25000,A1_acorn1,10,400,1.00000,0.0000,7416.25,7718.46,172.39,7787.00,7449.45,640.6,0.0,0.00,2
col_100k_d128_l2,100000,128,l2,no,25000,0.25000,Ag_acorn_gamma,10,400,1.00000,0.1886,732.50,822.17,234.38,891.88,688.00,1014.7,0.0,0.00,2
col_100k_d128_l2,100000,128,l2,no,25000,0.25000,R1_racorn1,10,400,1.00000,0.0000,958.67,1019.12,30.94,1080.96,964.52,641.2,6.3,0.00,2
col_100k_d128_l2,100000,128,l2,no,25000,0.25000,R1q_racorn1_br25,10,400,1.00000,0.0000,1066.17,1158.62,61.99,1192.79,1071.01,640.6,0.0,0.00,2
col_100k_d128_l2,100000,128,l2,no,25000,0.25000,R1p_racorn1plus,10,400,1.00000,0.0000,959.50,1038.17,59.16,1081.17,966.84,641.2,6.3,0.00,2
col_100k_d128_l2,100000,128,l2,no,50000,0.50000,Ex_exact,10,0,1.00000,0.0000,4268.83,4349.08,22.69,4357.12,4271.60,50000.0,0.0,0.00,2
col_100k_d128_l2,100000,128,l2,no,50000,0.50000,H_hnsw_infilt,10,50,0.98167,0.0024,63.92,91.75,15.00,112.00,67.42,1423.3,0.0,0.00,2
col_100k_d128_l2,100000,128,l2,no,50000,0.50000,Hl_hnsw_large,10,50,0.99667,0.0012,71.12,102.54,17.30,146.58,75.34,1650.3,0.0,0.00,2
col_100k_d128_l2,100000,128,l2,no,50000,0.50000,Fx_faiss_std,10,50,0.51167,0.0071,37197.17,42985.71,3176.09,43382.92,38768.94,100088.4,0.0,0.00,2
col_100k_d128_l2,100000,128,l2,no,50000,0.50000,A1_acorn1,10,50,1.00000,0.0012,1125.29,1333.75,55.13,1402.42,1136.63,1125.8,0.0,0.00,2
col_100k_d128_l2,100000,128,l2,no,50000,0.50000,Ag_acorn_gamma,10,50,0.95167,0.0342,63.17,98.17,14.41,102.42,67.52,778.0,0.0,0.00,2
col_100k_d128_l2,100000,128,l2,no,50000,0.50000,R1_racorn1,10,50,1.00000,0.0012,856.62,1158.75,74.98,1224.46,900.97,1125.8,0.0,0.00,2
col_100k_d128_l2,100000,128,l2,no,50000,0.50000,R1q_racorn1_br25,10,50,1.00000,0.0012,972.04,1170.29,61.87,1267.25,996.13,1125.8,0.0,0.00,2
col_100k_d128_l2,100000,128,l2,no,50000,0.50000,R1p_racorn1plus,10,50,1.00000,0.0012,879.79,1065.96,22.72,1158.42,899.47,1125.8,0.0,0.00,2
col_100k_d128_l2,100000,128,l2,no,50000,0.50000,H_hnsw_infilt,10,100,0.99833,0.0000,99.38,159.83,12.26,174.79,107.46,1794.0,0.0,0.00,2
col_100k_d128_l2,100000,128,l2,no,50000,0.50000,Hl_hnsw_large,10,100,1.00000,0.0000,119.12,141.08,1.97,193.62,123.24,1930.0,0.0,0.00,2
col_100k_d128_l2,100000,128,l2,no,50000,0.50000,Fx_faiss_std,10,100,0.51167,0.0071,43559.33,50063.04,8563.39,51916.88,43750.79,100088.4,0.0,0.00,2
col_100k_d128_l2,100000,128,l2,no,50000,0.50000,A1_acorn1,10,100,1.00000,0.0000,1787.96,1943.75,33.88,1993.83,1805.20,1140.5,0.0,0.00,2
col_100k_d128_l2,100000,128,l2,no,50000,0.50000,Ag_acorn_gamma,10,100,0.99000,0.0047,109.50,142.67,15.08,166.12,114.21,983.0,0.0,0.00,2
col_100k_d128_l2,100000,128,l2,no,50000,0.50000,R1_racorn1,10,100,1.00000,0.0000,926.46,1040.92,91.07,1054.96,935.70,1140.5,0.0,0.00,2
col_100k_d128_l2,100000,128,l2,no,50000,0.50000,R1q_racorn1_br25,10,100,1.00000,0.0000,1030.62,1110.58,69.30,1135.17,1033.45,1140.5,0.0,0.00,2
col_100k_d128_l2,100000,128,l2,no,50000,0.50000,R1p_racorn1plus,10,100,1.00000,0.0000,927.71,997.00,60.78,1019.50,930.24,1140.5,0.0,0.00,2
col_100k_d128_l2,100000,128,l2,no,50000,0.50000,H_hnsw_infilt,10,200,1.00000,0.0000,138.17,150.75,0.29,169.83,139.07,1992.1,0.0,0.00,2
col_100k_d128_l2,100000,128,l2,no,50000,0.50000,Hl_hnsw_large,10,200,1.00000,0.0000,143.08,162.67,3.15,169.50,145.70,2037.6,0.0,0.00,2
col_100k_d128_l2,100000,128,l2,no,50000,0.50000,Fx_faiss_std,10,200,0.51167,0.0071,41158.25,44230.62,1510.97,45918.58,41479.30,100088.4,0.0,0.00,2
col_100k_d128_l2,100000,128,l2,no,50000,0.50000,A1_acorn1,10,200,1.00000,0.0000,3413.67,3739.75,97.08,3764.46,3448.40,1157.1,0.0,0.00,2
col_100k_d128_l2,100000,128,l2,no,50000,0.50000,Ag_acorn_gamma,10,200,1.00000,0.0012,215.08,319.62,53.45,440.50,231.92,1115.7,0.0,0.00,2
col_100k_d128_l2,100000,128,l2,no,50000,0.50000,R1_racorn1,10,200,1.00000,0.0000,1081.46,1457.33,51.71,1480.33,1134.02,1157.1,0.0,0.00,2
col_100k_d128_l2,100000,128,l2,no,50000,0.50000,R1q_racorn1_br25,10,200,1.00000,0.0000,1184.17,1546.46,34.91,1582.54,1240.30,1157.1,0.0,0.00,2
col_100k_d128_l2,100000,128,l2,no,50000,0.50000,R1p_racorn1plus,10,200,1.00000,0.0000,1096.50,1440.79,36.86,1513.17,1144.27,1157.1,0.0,0.00,2
col_100k_d128_l2,100000,128,l2,no,50000,0.50000,H_hnsw_infilt,10,400,1.00000,0.0000,203.92,264.75,30.35,384.46,215.15,2050.8,0.0,0.00,2
col_100k_d128_l2,100000,128,l2,no,50000,0.50000,Hl_hnsw_large,10,400,1.00000,0.0000,216.58,281.25,31.44,356.25,223.84,2068.1,0.0,0.00,2
col_100k_d128_l2,100000,128,l2,no,50000,0.50000,Fx_faiss_std,10,400,0.51167,0.0071,40795.50,41973.67,2276.68,42105.08,40126.60,100088.4,0.0,0.00,2
col_100k_d128_l2,100000,128,l2,no,50000,0.50000,A1_acorn1,10,400,1.00000,0.0000,6606.79,6915.25,189.03,7060.54,6604.85,1187.1,0.0,0.00,2
col_100k_d128_l2,100000,128,l2,no,50000,0.50000,Ag_acorn_gamma,10,400,1.00000,0.0000,452.46,717.54,100.73,813.88,478.98,1165.8,0.0,0.00,2
col_100k_d128_l2,100000,128,l2,no,50000,0.50000,R1_racorn1,10,400,1.00000,0.0000,1371.04,1764.08,42.40,1786.50,1424.67,1187.1,0.0,0.00,2
col_100k_d128_l2,100000,128,l2,no,50000,0.50000,R1q_racorn1_br25,10,400,1.00000,0.0000,1454.38,1808.29,118.09,1824.17,1508.15,1187.1,0.0,0.00,2
col_100k_d128_l2,100000,128,l2,no,50000,0.50000,R1p_racorn1plus,10,400,1.00000,0.0000,1375.08,1789.62,112.34,1836.12,1424.97,1187.1,0.0,0.00,2
col_100k_d128_l2,100000,128,l2,pos,100,0.00100,Ex_exact,10,0,1.00000,0.0000,110.12,133.33,7.34,147.75,113.08,100.0,0.0,0.00,2
col_100k_d128_l2,100000,128,l2,pos,100,0.00100,H_hnsw_infilt,10,50,1.00000,0.0000,118.08,174.71,36.56,188.54,123.84,1989.4,0.0,0.00,2
col_100k_d128_l2,100000,128,l2,pos,100,0.00100,Hl_hnsw_large,10,50,1.00000,0.0000,122.79,192.96,45.73,240.42,131.49,2035.3,0.0,0.00,2
col_100k_d128_l2,100000,128,l2,pos,100,0.00100,Fx_faiss_std,10,50,0.27500,0.0141,37264.92,41861.67,3380.35,42534.04,37843.31,100088.4,0.0,0.00,2
col_100k_d128_l2,100000,128,l2,pos,100,0.00100,A1_acorn1,10,50,1.00000,0.0000,1327.17,1393.25,9.28,1465.08,1331.18,205.3,0.0,0.00,2
col_100k_d128_l2,100000,128,l2,pos,100,0.00100,Ag_acorn_gamma,10,50,0.00000,0.0000,2.75,2.92,0.38,3.04,2.77,1.0,0.0,0.00,2
col_100k_d128_l2,100000,128,l2,pos,100,0.00100,R1_racorn1,10,50,1.00000,0.0000,260.42,281.75,2.45,301.54,261.14,205.3,0.1,0.00,2
col_100k_d128_l2,100000,128,l2,pos,100,0.00100,R1q_racorn1_br25,10,50,1.00000,0.0000,298.42,332.67,2.15,338.79,299.35,205.3,0.0,0.00,2
col_100k_d128_l2,100000,128,l2,pos,100,0.00100,R1p_racorn1plus,10,50,1.00000,0.0000,254.67,275.08,0.18,288.33,256.35,205.3,0.1,0.00,2
col_100k_d128_l2,100000,128,l2,pos,100,0.00100,H_hnsw_infilt,10,100,1.00000,0.0000,263.71,274.12,11.17,279.50,262.87,2072.6,0.0,0.00,2
col_100k_d128_l2,100000,128,l2,pos,100,0.00100,Hl_hnsw_large,10,100,1.00000,0.0000,279.25,293.58,9.78,297.38,278.81,2119.1,0.0,0.00,2
col_100k_d128_l2,100000,128,l2,pos,100,0.00100,Fx_faiss_std,10,100,0.27500,0.0141,42351.38,43436.96,130.49,43920.25,42199.10,100088.4,0.0,0.00,2
col_100k_d128_l2,100000,128,l2,pos,100,0.00100,A1_acorn1,10,100,1.00000,0.0000,2797.38,3153.88,87.12,3354.83,2808.12,205.3,0.0,0.00,2
col_100k_d128_l2,100000,128,l2,pos,100,0.00100,Ag_acorn_gamma,10,100,0.00000,0.0000,2.83,3.04,0.44,3.42,2.88,1.0,0.0,0.00,2
col_100k_d128_l2,100000,128,l2,pos,100,0.00100,R1_racorn1,10,100,1.00000,0.0000,378.54,418.25,2.65,438.21,382.07,238.6,33.2,0.00,2
col_100k_d128_l2,100000,128,l2,pos,100,0.00100,R1q_racorn1_br25,10,100,1.00000,0.0000,394.83,443.92,17.06,451.83,393.30,213.4,8.2,0.00,2
col_100k_d128_l2,100000,128,l2,pos,100,0.00100,R1p_racorn1plus,10,100,1.00000,0.0000,374.08,431.79,15.38,443.67,382.85,238.6,33.2,0.00,2
col_100k_d128_l2,100000,128,l2,pos,100,0.00100,H_hnsw_infilt,10,200,1.00000,0.0000,24861.42,25286.29,367.14,25778.12,24908.85,100089.4,0.0,0.00,2
col_100k_d128_l2,100000,128,l2,pos,100,0.00100,Hl_hnsw_large,10,200,1.00000,0.0000,29237.42,29768.12,207.68,30836.38,29294.57,100094.7,0.0,0.00,2
col_100k_d128_l2,100000,128,l2,pos,100,0.00100,Fx_faiss_std,10,200,0.27500,0.0141,36635.33,39965.33,1926.31,43877.75,36899.35,100088.4,0.0,0.00,2
col_100k_d128_l2,100000,128,l2,pos,100,0.00100,A1_acorn1,10,200,1.00000,0.0000,2700.79,2824.50,3.03,2888.29,2699.55,205.3,0.0,0.00,2
col_100k_d128_l2,100000,128,l2,pos,100,0.00100,Ag_acorn_gamma,10,200,0.00000,0.0000,2.62,2.92,0.35,2.92,2.66,1.0,0.0,0.00,2
col_100k_d128_l2,100000,128,l2,pos,100,0.00100,R1_racorn1,10,200,1.00000,0.0000,9654.12,12313.62,106.01,12889.88,7533.02,2988.6,2783.3,0.00,2
col_100k_d128_l2,100000,128,l2,pos,100,0.00100,R1q_racorn1_br25,10,200,1.00000,0.0000,706.38,2898.42,1070.65,3246.75,979.60,356.5,151.2,0.00,2
col_100k_d128_l2,100000,128,l2,pos,100,0.00100,R1p_racorn1plus,10,200,1.00000,0.0000,9667.79,11836.46,663.09,12454.54,7423.19,2988.6,2783.3,0.00,2
col_100k_d128_l2,100000,128,l2,pos,100,0.00100,H_hnsw_infilt,10,400,1.00000,0.0000,22398.71,24391.88,771.37,24726.83,22515.37,100089.4,0.0,0.00,2
col_100k_d128_l2,100000,128,l2,pos,100,0.00100,Hl_hnsw_large,10,400,1.00000,0.0000,28971.75,29627.46,400.78,29716.88,28954.48,100094.7,0.0,0.00,2
col_100k_d128_l2,100000,128,l2,pos,100,0.00100,Fx_faiss_std,10,400,0.27500,0.0141,36575.04,37727.79,158.39,39170.00,36632.16,100088.4,0.0,0.00,2
col_100k_d128_l2,100000,128,l2,pos,100,0.00100,A1_acorn1,10,400,1.00000,0.0000,2608.08,2758.04,5.30,2871.71,2616.45,205.3,0.0,0.00,2
col_100k_d128_l2,100000,128,l2,pos,100,0.00100,Ag_acorn_gamma,10,400,0.00000,0.0000,2.92,3.17,0.41,3.42,2.97,1.0,0.0,0.00,2
col_100k_d128_l2,100000,128,l2,pos,100,0.00100,R1_racorn1,10,400,1.00000,0.0000,10310.58,12665.79,861.46,12890.62,7857.06,2988.6,2783.3,0.00,2
col_100k_d128_l2,100000,128,l2,pos,100,0.00100,R1q_racorn1_br25,10,400,1.00000,0.0000,741.25,3135.92,1170.06,3690.62,1045.92,356.5,151.2,0.00,2
col_100k_d128_l2,100000,128,l2,pos,100,0.00100,R1p_racorn1plus,10,400,1.00000,0.0000,10047.92,12617.83,760.73,12873.62,7793.76,2988.6,2783.3,0.00,2
col_100k_d128_l2,100000,128,l2,pos,250,0.00250,Ex_exact,10,0,1.00000,0.0000,119.38,128.38,2.00,131.58,120.69,250.0,0.0,0.00,2
col_100k_d128_l2,100000,128,l2,pos,250,0.00250,H_hnsw_infilt,10,50,1.00000,0.0012,75.29,87.50,0.24,90.71,75.75,1678.3,0.0,0.00,2
col_100k_d128_l2,100000,128,l2,pos,250,0.00250,Hl_hnsw_large,10,50,1.00000,0.0000,83.42,102.17,4.30,111.79,86.15,1856.3,0.0,0.00,2
col_100k_d128_l2,100000,128,l2,pos,250,0.00250,Fx_faiss_std,10,50,0.47000,0.0118,36511.62,37647.12,686.60,38286.96,36680.40,100088.4,0.0,0.00,2
col_100k_d128_l2,100000,128,l2,pos,250,0.00250,A1_acorn1,10,50,1.00000,0.0000,1247.62,1299.79,35.92,1334.00,1251.43,355.1,0.0,0.00,2
col_100k_d128_l2,100000,128,l2,pos,250,0.00250,Ag_acorn_gamma,10,50,0.00000,0.0000,3.71,4.04,0.80,4.08,3.73,1.0,0.0,0.00,2
col_100k_d128_l2,100000,128,l2,pos,250,0.00250,R1_racorn1,10,50,1.00000,0.0000,375.25,399.67,1.00,412.33,378.14,355.1,0.0,0.00,2
col_100k_d128_l2,100000,128,l2,pos,250,0.00250,R1q_racorn1_br25,10,50,1.00000,0.0000,433.17,459.04,6.51,490.71,432.54,355.1,0.0,0.00,2
col_100k_d128_l2,100000,128,l2,pos,250,0.00250,R1p_racorn1plus,10,50,1.00000,0.0000,379.67,405.62,6.07,410.25,380.61,355.1,0.0,0.00,2
col_100k_d128_l2,100000,128,l2,pos,250,0.00250,H_hnsw_infilt,10,100,1.00000,0.0000,116.21,130.71,7.37,133.50,117.20,1980.5,0.0,0.00,2
col_100k_d128_l2,100000,128,l2,pos,250,0.00250,Hl_hnsw_large,10,100,1.00000,0.0000,123.25,143.29,10.14,157.62,125.56,2031.5,0.0,0.00,2
col_100k_d128_l2,100000,128,l2,pos,250,0.00250,Fx_faiss_std,10,100,0.47000,0.0118,37317.38,40199.12,536.13,40959.12,37616.95,100088.4,0.0,0.00,2
col_100k_d128_l2,100000,128,l2,pos,250,0.00250,A1_acorn1,10,100,1.00000,0.0000,2424.29,2613.75,120.38,2628.33,2429.96,355.1,0.0,0.00,2
col_100k_d128_l2,100000,128,l2,pos,250,0.00250,Ag_acorn_gamma,10,100,0.00000,0.0000,3.62,3.75,0.41,4.00,3.64,1.0,0.0,0.00,2
col_100k_d128_l2,100000,128,l2,pos,250,0.00250,R1_racorn1,10,100,1.00000,0.0000,460.38,483.33,6.04,492.38,461.25,355.1,0.0,0.00,2
col_100k_d128_l2,100000,128,l2,pos,250,0.00250,R1q_racorn1_br25,10,100,1.00000,0.0000,506.38,550.33,20.77,567.79,509.41,355.1,0.0,0.00,2
col_100k_d128_l2,100000,128,l2,pos,250,0.00250,R1p_racorn1plus,10,100,1.00000,0.0000,456.62,484.62,6.81,495.17,460.11,355.1,0.0,0.00,2
col_100k_d128_l2,100000,128,l2,pos,250,0.00250,H_hnsw_infilt,10,200,1.00000,0.0000,204.38,223.08,10.90,229.12,204.00,2058.8,0.0,0.00,2
col_100k_d128_l2,100000,128,l2,pos,250,0.00250,Hl_hnsw_large,10,200,1.00000,0.0000,213.50,232.04,12.52,233.71,214.30,2080.7,0.0,0.00,2
col_100k_d128_l2,100000,128,l2,pos,250,0.00250,Fx_faiss_std,10,200,0.47000,0.0118,37633.08,41113.88,1233.78,43233.46,38010.62,100088.4,0.0,0.00,2
col_100k_d128_l2,100000,128,l2,pos,250,0.00250,A1_acorn1,10,200,1.00000,0.0000,4867.50,5047.62,15.38,5304.12,4874.81,355.1,0.0,0.00,2
col_100k_d128_l2,100000,128,l2,pos,250,0.00250,Ag_acorn_gamma,10,200,0.00000,0.0000,3.92,4.08,0.50,4.25,3.91,1.0,0.0,0.00,2
col_100k_d128_l2,100000,128,l2,pos,250,0.00250,R1_racorn1,10,200,1.00000,0.0000,614.71,709.00,38.60,714.25,620.28,355.7,0.6,0.00,2
col_100k_d128_l2,100000,128,l2,pos,250,0.00250,R1q_racorn1_br25,10,200,1.00000,0.0000,660.33,761.00,14.23,831.58,676.03,355.1,0.0,0.00,2
col_100k_d128_l2,100000,128,l2,pos,250,0.00250,R1p_racorn1plus,10,200,1.00000,0.0000,615.42,663.71,8.01,715.25,620.93,355.7,0.6,0.00,2
col_100k_d128_l2,100000,128,l2,pos,250,0.00250,H_hnsw_infilt,10,400,1.00000,0.0000,25168.21,26608.79,1826.25,27100.17,24543.04,100089.4,0.0,0.00,2
col_100k_d128_l2,100000,128,l2,pos,250,0.00250,Hl_hnsw_large,10,400,1.00000,0.0000,29214.92,31890.33,1778.96,32958.58,29469.30,100094.7,0.0,0.00,2
col_100k_d128_l2,100000,128,l2,pos,250,0.00250,Fx_faiss_std,10,400,0.47000,0.0118,38848.88,40975.17,1604.04,41727.88,38947.73,100088.4,0.0,0.00,2
col_100k_d128_l2,100000,128,l2,pos,250,0.00250,A1_acorn1,10,400,1.00000,0.0000,5958.29,6117.75,37.30,6186.46,5953.87,355.1,0.0,0.00,2
col_100k_d128_l2,100000,128,l2,pos,250,0.00250,Ag_acorn_gamma,10,400,0.00000,0.0000,3.54,4.25,0.83,4.29,3.60,1.0,0.0,0.00,2
col_100k_d128_l2,100000,128,l2,pos,250,0.00250,R1_racorn1,10,400,1.00000,0.0000,9722.75,12835.42,196.93,12869.04,7820.12,2976.2,2621.2,0.00,2
col_100k_d128_l2,100000,128,l2,pos,250,0.00250,R1q_racorn1_br25,10,400,1.00000,0.0000,1124.21,3551.21,1158.00,3557.46,1523.79,530.4,175.3,0.00,2
col_100k_d128_l2,100000,128,l2,pos,250,0.00250,R1p_racorn1plus,10,400,1.00000,0.0000,9702.62,12920.50,298.72,13338.46,7885.04,2976.2,2621.2,0.00,2
col_100k_d128_l2,100000,128,l2,pos,500,0.00500,Ex_exact,10,0,1.00000,0.0000,135.42,148.67,0.77,153.54,136.92,500.0,0.0,0.00,2
col_100k_d128_l2,100000,128,l2,pos,500,0.00500,H_hnsw_infilt,10,50,0.99000,0.0012,58.12,72.67,6.01,74.54,59.60,1375.1,0.0,0.00,2
col_100k_d128_l2,100000,128,l2,pos,500,0.00500,Hl_hnsw_large,10,50,1.00000,0.0024,67.92,77.54,2.30,80.21,68.17,1618.0,0.0,0.00,2
col_100k_d128_l2,100000,128,l2,pos,500,0.00500,Fx_faiss_std,10,50,0.66833,0.0130,37800.33,39851.58,764.68,40903.54,37252.22,100088.4,0.0,0.00,2
col_100k_d128_l2,100000,128,l2,pos,500,0.00500,A1_acorn1,10,50,1.00000,0.0000,1111.83,1163.88,24.54,1213.42,1117.03,604.9,0.0,0.00,2
col_100k_d128_l2,100000,128,l2,pos,500,0.00500,Ag_acorn_gamma,10,50,0.00000,0.0000,3.58,4.58,1.27,4.75,3.71,1.0,0.0,0.00,2
col_100k_d128_l2,100000,128,l2,pos,500,0.00500,R1_racorn1,10,50,1.00000,0.0000,553.62,603.29,16.23,618.88,556.54,604.9,0.0,0.00,2
col_100k_d128_l2,100000,128,l2,pos,500,0.00500,R1q_racorn1_br25,10,50,1.00000,0.0000,611.50,644.71,8.54,665.33,612.36,604.9,0.0,0.00,2
col_100k_d128_l2,100000,128,l2,pos,500,0.00500,R1p_racorn1plus,10,50,1.00000,0.0000,562.38,585.54,10.58,590.71,562.74,604.9,0.0,0.00,2
col_100k_d128_l2,100000,128,l2,pos,500,0.00500,H_hnsw_infilt,10,100,1.00000,0.0000,89.17,100.54,0.03,103.83,90.50,1796.5,0.0,0.00,2
col_100k_d128_l2,100000,128,l2,pos,500,0.00500,Hl_hnsw_large,10,100,1.00000,0.0000,99.75,114.04,4.39,118.38,100.53,1933.0,0.0,0.00,2
col_100k_d128_l2,100000,128,l2,pos,500,0.00500,Fx_faiss_std,10,100,0.66833,0.0130,37412.58,39167.67,223.92,39794.38,37613.36,100088.4,0.0,0.00,2
col_100k_d128_l2,100000,128,l2,pos,500,0.00500,A1_acorn1,10,100,1.00000,0.0000,2118.17,2275.33,19.09,2322.46,2129.49,604.9,0.0,0.00,2
col_100k_d128_l2,100000,128,l2,pos,500,0.00500,Ag_acorn_gamma,10,100,0.00000,0.0000,4.00,4.25,0.74,4.42,4.03,1.0,0.0,0.00,2
col_100k_d128_l2,100000,128,l2,pos,500,0.00500,R1_racorn1,10,100,1.00000,0.0000,654.04,704.67,20.18,807.50,655.15,604.9,0.0,0.00,2
col_100k_d128_l2,100000,128,l2,pos,500,0.00500,R1q_racorn1_br25,10,100,1.00000,0.0000,701.67,759.38,20.18,811.25,706.54,604.9,0.0,0.00,2
col_100k_d128_l2,100000,128,l2,pos,500,0.00500,R1p_racorn1plus,10,100,1.00000,0.0000,644.17,685.67,17.77,727.92,649.42,604.9,0.0,0.00,2
col_100k_d128_l2,100000,128,l2,pos,500,0.00500,H_hnsw_infilt,10,200,1.00000,0.0000,143.17,159.29,1.56,168.62,144.51,2012.5,0.0,0.00,2
col_100k_d128_l2,100000,128,l2,pos,500,0.00500,Hl_hnsw_large,10,200,1.00000,0.0000,149.12,169.96,3.51,260.46,153.99,2045.4,0.0,0.00,2
col_100k_d128_l2,100000,128,l2,pos,500,0.00500,Fx_faiss_std,10,200,0.66833,0.0130,38637.71,40662.71,856.07,40988.17,38896.04,100088.4,0.0,0.00,2
col_100k_d128_l2,100000,128,l2,pos,500,0.00500,A1_acorn1,10,200,1.00000,0.0000,4024.38,4181.96,29.29,4280.46,4031.36,604.9,0.0,0.00,2
col_100k_d128_l2,100000,128,l2,pos,500,0.00500,Ag_acorn_gamma,10,200,0.00000,0.0000,3.62,3.88,0.62,4.00,3.65,1.0,0.0,0.00,2
col_100k_d128_l2,100000,128,l2,pos,500,0.00500,R1_racorn1,10,200,1.00000,0.0000,803.00,847.71,17.41,914.96,808.00,604.9,0.0,0.00,2
col_100k_d128_l2,100000,128,l2,pos,500,0.00500,R1q_racorn1_br25,10,200,1.00000,0.0000,846.38,924.46,29.14,965.08,850.54,604.9,0.0,0.00,2
col_100k_d128_l2,100000,128,l2,pos,500,0.00500,R1p_racorn1plus,10,200,1.00000,0.0000,797.83,875.96,28.22,898.58,800.64,604.9,0.0,0.00,2
col_100k_d128_l2,100000,128,l2,pos,500,0.00500,H_hnsw_infilt,10,400,1.00000,0.0000,235.12,256.96,6.28,330.71,237.29,2062.1,0.0,0.00,2
col_100k_d128_l2,100000,128,l2,pos,500,0.00500,Hl_hnsw_large,10,400,1.00000,0.0000,247.92,272.08,1.18,292.33,249.84,2090.0,0.0,0.00,2
col_100k_d128_l2,100000,128,l2,pos,500,0.00500,Fx_faiss_std,10,400,0.66833,0.0130,37893.50,39281.79,26.07,40180.42,38015.39,100088.4,0.0,0.00,2
col_100k_d128_l2,100000,128,l2,pos,500,0.00500,A1_acorn1,10,400,1.00000,0.0000,7849.71,8098.46,208.39,8198.42,7871.87,604.9,0.0,0.00,2
col_100k_d128_l2,100000,128,l2,pos,500,0.00500,Ag_acorn_gamma,10,400,0.00000,0.0000,3.75,4.38,0.53,4.75,3.80,1.0,0.0,0.00,2
col_100k_d128_l2,100000,128,l2,pos,500,0.00500,R1_racorn1,10,400,1.00000,0.0000,1070.04,1176.79,16.12,1244.25,1086.50,604.9,0.0,0.00,2
col_100k_d128_l2,100000,128,l2,pos,500,0.00500,R1q_racorn1_br25,10,400,1.00000,0.0000,1114.62,1202.00,25.22,1245.88,1119.96,604.9,0.0,0.00,2
col_100k_d128_l2,100000,128,l2,pos,500,0.00500,R1p_racorn1plus,10,400,1.00000,0.0000,1065.29,1157.58,54.27,1221.88,1075.49,604.9,0.0,0.00,2
col_100k_d128_l2,100000,128,l2,pos,1000,0.01000,Ex_exact,10,0,1.00000,0.0000,169.04,186.92,5.24,194.00,171.36,1000.0,0.0,0.00,2
col_100k_d128_l2,100000,128,l2,pos,1000,0.01000,H_hnsw_infilt,10,50,0.96833,0.0059,48.50,56.54,1.59,62.21,49.00,1147.0,0.0,0.00,2
col_100k_d128_l2,100000,128,l2,pos,1000,0.01000,Hl_hnsw_large,10,50,0.99667,0.0035,55.79,63.96,1.30,68.54,55.74,1401.9,0.0,0.00,2
col_100k_d128_l2,100000,128,l2,pos,1000,0.01000,Fx_faiss_std,10,50,0.88833,0.0118,38348.75,41910.71,1890.57,43184.54,38827.43,100088.4,0.0,0.00,2
col_100k_d128_l2,100000,128,l2,pos,1000,0.01000,A1_acorn1,10,50,1.00000,0.0000,925.42,973.62,3.48,1012.50,929.79,1104.4,0.0,0.00,2
col_100k_d128_l2,100000,128,l2,pos,1000,0.01000,Ag_acorn_gamma,10,50,0.89833,0.6352,51.12,64.58,43.22,82.12,53.68,732.5,0.0,0.00,2
col_100k_d128_l2,100000,128,l2,pos,1000,0.01000,R1_racorn1,10,50,1.00000,0.0000,804.62,864.88,24.28,904.42,807.96,1104.4,0.0,0.00,2
col_100k_d128_l2,100000,128,l2,pos,1000,0.01000,R1q_racorn1_br25,10,50,1.00000,0.0000,846.04,936.17,38.83,948.46,850.05,1104.4,0.0,0.00,2
col_100k_d128_l2,100000,128,l2,pos,1000,0.01000,R1p_racorn1plus,10,50,1.00000,0.0000,814.33,839.75,4.48,866.08,815.14,1104.4,0.0,0.00,2
col_100k_d128_l2,100000,128,l2,pos,1000,0.01000,H_hnsw_infilt,10,100,1.00000,0.0035,75.71,95.62,6.04,98.62,77.47,1582.0,0.0,0.00,2
col_100k_d128_l2,100000,128,l2,pos,1000,0.01000,Hl_hnsw_large,10,100,1.00000,0.0012,84.08,96.29,1.39,97.21,84.26,1785.4,0.0,0.00,2
col_100k_d128_l2,100000,128,l2,pos,1000,0.01000,Fx_faiss_std,10,100,0.88833,0.0118,38325.25,40419.42,678.44,43078.00,38433.80,100088.4,0.0,0.00,2
col_100k_d128_l2,100000,128,l2,pos,1000,0.01000,A1_acorn1,10,100,1.00000,0.0000,1600.88,2154.88,191.89,2376.17,1690.43,1104.5,0.0,0.00,2
col_100k_d128_l2,100000,128,l2,pos,1000,0.01000,Ag_acorn_gamma,10,100,0.96833,0.6847,130.42,191.96,133.23,232.96,132.50,927.8,0.0,0.00,2
col_100k_d128_l2,100000,128,l2,pos,1000,0.01000,R1_racorn1,10,100,1.00000,0.0000,952.00,1426.25,23.22,1670.92,1040.08,1104.5,0.0,0.00,2
col_100k_d128_l2,100000,128,l2,pos,1000,0.01000,R1q_racorn1_br25,10,100,1.00000,0.0000,973.29,1427.29,30.94,1656.21,1061.83,1104.5,0.0,0.00,2
col_100k_d128_l2,100000,128,l2,pos,1000,0.01000,R1p_racorn1plus,10,100,1.00000,0.0000,909.92,1296.25,15.03,1464.00,974.46,1104.5,0.0,0.00,2
col_100k_d128_l2,100000,128,l2,pos,1000,0.01000,H_hnsw_infilt,10,200,1.00000,0.0000,117.88,139.88,2.47,152.04,121.00,1907.5,0.0,0.00,2
col_100k_d128_l2,100000,128,l2,pos,1000,0.01000,Hl_hnsw_large,10,200,1.00000,0.0000,125.00,144.67,0.35,169.17,130.29,1994.8,0.0,0.00,2
col_100k_d128_l2,100000,128,l2,pos,1000,0.01000,Fx_faiss_std,10,200,0.88833,0.0118,38492.08,44612.96,3109.12,45818.62,39564.96,100088.4,0.0,0.00,2
col_100k_d128_l2,100000,128,l2,pos,1000,0.01000,A1_acorn1,10,200,1.00000,0.0000,2579.88,2679.42,71.33,2712.83,2581.88,1104.5,0.0,0.00,2
col_100k_d128_l2,100000,128,l2,pos,1000,0.01000,Ag_acorn_gamma,10,200,1.00000,0.7071,169.67,185.88,128.78,196.67,170.81,1031.0,0.0,0.00,2
col_100k_d128_l2,100000,128,l2,pos,1000,0.01000,R1_racorn1,10,200,1.00000,0.0000,1060.83,1165.67,24.10,1262.83,1074.71,1104.5,0.0,0.00,2
col_100k_d128_l2,100000,128,l2,pos,1000,0.01000,R1q_racorn1_br25,10,200,1.00000,0.0000,1093.79,1181.83,31.88,1204.71,1093.29,1104.5,0.0,0.00,2
col_100k_d128_l2,100000,128,l2,pos,1000,0.01000,R1p_racorn1plus,10,200,1.00000,0.0000,1042.67,1119.12,36.56,1131.75,1040.16,1104.5,0.0,0.00,2
col_100k_d128_l2,100000,128,l2,pos,1000,0.01000,H_hnsw_infilt,10,400,1.00000,0.0000,175.71,186.33,2.18,190.25,175.97,2035.0,0.0,0.00,2
col_100k_d128_l2,100000,128,l2,pos,1000,0.01000,Hl_hnsw_large,10,400,1.00000,0.0000,182.25,201.25,7.25,213.17,184.23,2058.0,0.0,0.00,2
col_100k_d128_l2,100000,128,l2,pos,1000,0.01000,Fx_faiss_std,10,400,0.88833,0.0118,36778.67,38824.62,1338.38,40741.50,36452.42,100088.4,0.0,0.00,2
col_100k_d128_l2,100000,128,l2,pos,1000,0.01000,A1_acorn1,10,400,1.00000,0.0000,4736.29,4908.83,226.63,4916.25,4753.60,1104.5,0.0,0.00,2
col_100k_d128_l2,100000,128,l2,pos,1000,0.01000,Ag_acorn_gamma,10,400,1.00000,0.7071,373.42,408.79,286.50,435.33,377.29,1042.1,0.0,0.00,2
col_100k_d128_l2,100000,128,l2,pos,1000,0.01000,R1_racorn1,10,400,1.00000,0.0000,1341.21,1489.62,17.59,1510.83,1358.34,1104.5,0.0,0.00,2
col_100k_d128_l2,100000,128,l2,pos,1000,0.01000,R1q_racorn1_br25,10,400,1.00000,0.0000,1379.50,1472.33,5.51,1521.79,1384.76,1104.5,0.0,0.00,2
col_100k_d128_l2,100000,128,l2,pos,1000,0.01000,R1p_racorn1plus,10,400,1.00000,0.0000,1335.92,1473.62,37.12,1521.00,1346.75,1104.5,0.0,0.00,2
col_100k_d128_l2,100000,128,l2,pos,2000,0.02000,Ex_exact,10,0,1.00000,0.0000,236.12,250.71,2.50,266.42,236.87,2000.0,0.0,0.00,2
col_100k_d128_l2,100000,128,l2,pos,2000,0.02000,H_hnsw_infilt,10,50,0.93500,0.0012,41.88,50.29,0.71,62.83,43.07,1042.3,0.0,0.00,2
col_100k_d128_l2,100000,128,l2,pos,2000,0.02000,Hl_hnsw_large,10,50,0.98000,0.0035,49.96,59.00,2.42,63.38,50.72,1288.2,0.0,0.00,2
col_100k_d128_l2,100000,128,l2,pos,2000,0.02000,Fx_faiss_std,10,50,1.00000,0.0000,37600.04,40334.62,2329.27,40721.12,37935.82,100088.4,0.0,0.00,2
col_100k_d128_l2,100000,128,l2,pos,2000,0.02000,A1_acorn1,10,50,0.99333,0.0024,867.96,960.17,31.03,971.96,875.29,1728.7,0.0,0.00,2
col_100k_d128_l2,100000,128,l2,pos,2000,0.02000,Ag_acorn_gamma,10,50,0.80833,0.5716,48.38,81.54,55.42,119.42,56.26,886.6,0.0,0.00,2
col_100k_d128_l2,100000,128,l2,pos,2000,0.02000,R1_racorn1,10,50,0.99333,0.0024,876.08,923.46,8.72,946.75,874.50,1728.7,0.0,0.00,2
col_100k_d128_l2,100000,128,l2,pos,2000,0.02000,R1q_racorn1_br25,10,50,0.99333,0.0024,877.62,923.71,19.06,954.50,877.12,1728.7,0.0,0.00,2
col_100k_d128_l2,100000,128,l2,pos,2000,0.02000,R1p_racorn1plus,10,50,0.99333,0.0024,881.83,1011.21,87.33,1119.62,892.26,1728.7,0.0,0.00,2
col_100k_d128_l2,100000,128,l2,pos,2000,0.02000,H_hnsw_infilt,10,100,0.99000,0.0012,68.46,79.04,5.39,82.25,69.64,1456.7,0.0,0.00,2
col_100k_d128_l2,100000,128,l2,pos,2000,0.02000,Hl_hnsw_large,10,100,0.99667,0.0024,76.75,89.42,0.35,96.00,78.64,1681.3,0.0,0.00,2
col_100k_d128_l2,100000,128,l2,pos,2000,0.02000,Fx_faiss_std,10,100,1.00000,0.0000,37891.54,39681.50,842.40,39765.58,37523.18,100088.4,0.0,0.00,2
col_100k_d128_l2,100000,128,l2,pos,2000,0.02000,A1_acorn1,10,100,1.00000,0.0000,955.12,994.25,28.43,1002.42,957.07,2047.5,0.0,0.00,2
col_100k_d128_l2,100000,128,l2,pos,2000,0.02000,Ag_acorn_gamma,10,100,0.90333,0.6388,80.38,96.08,65.41,99.38,82.92,1233.6,0.0,0.00,2
col_100k_d128_l2,100000,128,l2,pos,2000,0.02000,R1_racorn1,10,100,1.00000,0.0000,956.50,1001.46,39.04,1077.12,958.42,2047.5,0.0,0.00,2
col_100k_d128_l2,100000,128,l2,pos,2000,0.02000,R1q_racorn1_br25,10,100,1.00000,0.0000,979.88,1025.79,23.28,1075.00,977.89,2047.5,0.0,0.00,2
col_100k_d128_l2,100000,128,l2,pos,2000,0.02000,R1p_racorn1plus,10,100,1.00000,0.0000,972.54,1014.88,32.17,1030.92,973.66,2047.5,0.0,0.00,2
col_100k_d128_l2,100000,128,l2,pos,2000,0.02000,H_hnsw_infilt,10,200,1.00000,0.0000,105.88,116.08,2.06,122.88,106.45,1812.5,0.0,0.00,2
col_100k_d128_l2,100000,128,l2,pos,2000,0.02000,Hl_hnsw_large,10,200,1.00000,0.0000,116.33,126.71,0.06,134.62,117.28,1941.5,0.0,0.00,2
col_100k_d128_l2,100000,128,l2,pos,2000,0.02000,Fx_faiss_std,10,200,1.00000,0.0000,37579.62,42711.79,3418.98,44381.12,38129.95,100088.4,0.0,0.00,2
col_100k_d128_l2,100000,128,l2,pos,2000,0.02000,A1_acorn1,10,200,1.00000,0.0000,1094.71,1135.17,30.11,1141.00,1095.13,2049.8,0.0,0.00,2
col_100k_d128_l2,100000,128,l2,pos,2000,0.02000,Ag_acorn_gamma,10,200,0.97833,0.6918,145.54,163.58,112.99,165.25,148.45,1594.0,0.0,0.00,2
col_100k_d128_l2,100000,128,l2,pos,2000,0.02000,R1_racorn1,10,200,1.00000,0.0000,1107.96,1330.33,137.56,1541.75,1139.63,2049.8,0.0,0.00,2
col_100k_d128_l2,100000,128,l2,pos,2000,0.02000,R1q_racorn1_br25,10,200,1.00000,0.0000,1095.75,1160.46,25.54,1161.12,1098.58,2049.8,0.0,0.00,2
col_100k_d128_l2,100000,128,l2,pos,2000,0.02000,R1p_racorn1plus,10,200,1.00000,0.0000,1098.75,1152.29,37.65,1170.83,1099.65,2049.8,0.0,0.00,2
col_100k_d128_l2,100000,128,l2,pos,2000,0.02000,H_hnsw_infilt,10,400,1.00000,0.0000,160.46,174.96,2.98,180.54,162.25,1999.1,0.0,0.00,2
col_100k_d128_l2,100000,128,l2,pos,2000,0.02000,Hl_hnsw_large,10,400,1.00000,0.0000,166.46,180.21,1.59,195.25,168.16,2039.9,0.0,0.00,2
col_100k_d128_l2,100000,128,l2,pos,2000,0.02000,Fx_faiss_std,10,400,1.00000,0.0000,37382.67,38811.92,73.21,39760.79,37358.61,100088.4,0.0,0.00,2
col_100k_d128_l2,100000,128,l2,pos,2000,0.02000,A1_acorn1,10,400,1.00000,0.0000,1358.21,1494.75,84.06,1629.21,1374.65,2050.9,0.0,0.00,2
col_100k_d128_l2,100000,128,l2,pos,2000,0.02000,Ag_acorn_gamma,10,400,1.00000,0.7071,295.62,316.04,220.85,326.46,298.27,1823.8,0.0,0.00,2
col_100k_d128_l2,100000,128,l2,pos,2000,0.02000,R1_racorn1,10,400,1.00000,0.0000,1337.75,1382.58,13.82,1398.92,1341.93,2050.9,0.0,0.00,2
col_100k_d128_l2,100000,128,l2,pos,2000,0.02000,R1q_racorn1_br25,10,400,1.00000,0.0000,1357.79,1650.25,217.05,1781.50,1388.01,2050.9,0.0,0.00,2
col_100k_d128_l2,100000,128,l2,pos,2000,0.02000,R1p_racorn1plus,10,400,1.00000,0.0000,1345.50,1435.83,53.24,1476.08,1358.86,2050.9,0.0,0.00,2
col_100k_d128_l2,100000,128,l2,pos,5000,0.05000,Ex_exact,10,0,1.00000,0.0000,454.75,485.12,4.92,490.50,459.28,5000.0,0.0,0.00,2
col_100k_d128_l2,100000,128,l2,pos,5000,0.05000,H_hnsw_infilt,10,50,0.93500,0.0012,42.62,49.50,2.36,53.83,42.44,1042.3,0.0,0.00,2
col_100k_d128_l2,100000,128,l2,pos,5000,0.05000,Hl_hnsw_large,10,50,0.98000,0.0035,49.25,59.92,0.03,63.83,50.26,1288.2,0.0,0.00,2
col_100k_d128_l2,100000,128,l2,pos,5000,0.05000,Fx_faiss_std,10,50,1.00000,0.0000,37993.33,40382.79,1179.37,41274.92,38287.27,100088.4,0.0,0.00,2
col_100k_d128_l2,100000,128,l2,pos,5000,0.05000,A1_acorn1,10,50,0.99333,0.0071,856.50,928.50,5.57,1011.00,864.50,1726.4,0.0,0.00,2
col_100k_d128_l2,100000,128,l2,pos,5000,0.05000,Ag_acorn_gamma,10,50,0.81000,0.0012,49.71,68.83,4.36,83.83,51.99,916.9,0.0,0.00,2
col_100k_d128_l2,100000,128,l2,pos,5000,0.05000,R1_racorn1,10,50,0.99333,0.0071,842.92,918.67,30.88,941.67,850.89,1726.4,0.0,0.00,2
col_100k_d128_l2,100000,128,l2,pos,5000,0.05000,R1q_racorn1_br25,10,50,0.99333,0.0071,849.46,935.92,1.44,1005.29,856.05,1726.4,0.0,0.00,2
col_100k_d128_l2,100000,128,l2,pos,5000,0.05000,R1p_racorn1plus,10,50,0.99333,0.0071,854.42,936.88,26.90,971.33,855.52,1726.4,0.0,0.00,2
col_100k_d128_l2,100000,128,l2,pos,5000,0.05000,H_hnsw_infilt,10,100,0.99000,0.0012,69.25,84.58,9.90,135.50,73.01,1456.7,0.0,0.00,2
col_100k_d128_l2,100000,128,l2,pos,5000,0.05000,Hl_hnsw_large,10,100,0.99667,0.0024,81.00,104.83,11.46,143.88,85.35,1681.3,0.0,0.00,2
col_100k_d128_l2,100000,128,l2,pos,5000,0.05000,Fx_faiss_std,10,100,1.00000,0.0000,37594.12,41278.92,2439.55,41473.75,38268.45,100088.4,0.0,0.00,2
col_100k_d128_l2,100000,128,l2,pos,5000,0.05000,A1_acorn1,10,100,1.00000,0.0000,946.12,982.00,2.80,1000.79,944.87,2052.1,0.0,0.00,2
col_100k_d128_l2,100000,128,l2,pos,5000,0.05000,Ag_acorn_gamma,10,100,0.91167,0.0059,82.62,97.62,3.48,105.42,85.00,1280.2,0.0,0.00,2
col_100k_d128_l2,100000,128,l2,pos,5000,0.05000,R1_racorn1,10,100,1.00000,0.0000,929.38,975.04,35.27,983.79,930.80,2052.1,0.0,0.00,2
col_100k_d128_l2,100000,128,l2,pos,5000,0.05000,R1q_racorn1_br25,10,100,1.00000,0.0000,938.67,974.42,26.07,981.79,935.21,2052.1,0.0,0.00,2
col_100k_d128_l2,100000,128,l2,pos,5000,0.05000,R1p_racorn1plus,10,100,1.00000,0.0000,935.12,971.46,30.11,986.17,932.89,2052.1,0.0,0.00,2
col_100k_d128_l2,100000,128,l2,pos,5000,0.05000,H_hnsw_infilt,10,200,1.00000,0.0000,104.04,111.21,2.59,115.33,104.74,1812.5,0.0,0.00,2
col_100k_d128_l2,100000,128,l2,pos,5000,0.05000,Hl_hnsw_large,10,200,1.00000,0.0000,113.17,126.12,0.59,133.21,114.82,1941.5,0.0,0.00,2
col_100k_d128_l2,100000,128,l2,pos,5000,0.05000,Fx_faiss_std,10,200,1.00000,0.0000,37883.29,40065.33,1731.91,41297.83,37938.74,100088.4,0.0,0.00,2
col_100k_d128_l2,100000,128,l2,pos,5000,0.05000,A1_acorn1,10,200,1.00000,0.0000,1100.46,1201.25,4.42,1296.33,1099.91,2062.6,0.0,0.00,2
col_100k_d128_l2,100000,128,l2,pos,5000,0.05000,Ag_acorn_gamma,10,200,0.97833,0.0012,150.08,169.71,6.48,182.54,152.90,1668.4,0.0,0.00,2
col_100k_d128_l2,100000,128,l2,pos,5000,0.05000,R1_racorn1,10,200,1.00000,0.0000,1099.67,1225.96,83.06,1264.17,1107.98,2062.6,0.0,0.00,2
col_100k_d128_l2,100000,128,l2,pos,5000,0.05000,R1q_racorn1_br25,10,200,1.00000,0.0000,1099.04,1206.42,56.54,1219.75,1104.17,2062.6,0.0,0.00,2
col_100k_d128_l2,100000,128,l2,pos,5000,0.05000,R1p_racorn1plus,10,200,1.00000,0.0000,1106.62,1216.42,78.11,1230.42,1113.21,2062.6,0.0,0.00,2
col_100k_d128_l2,100000,128,l2,pos,5000,0.05000,H_hnsw_infilt,10,400,1.00000,0.0000,161.71,180.62,4.86,198.00,164.79,1999.1,0.0,0.00,2
col_100k_d128_l2,100000,128,l2,pos,5000,0.05000,Hl_hnsw_large,10,400,1.00000,0.0000,166.42,192.79,3.15,206.62,169.96,2039.9,0.0,0.00,2
col_100k_d128_l2,100000,128,l2,pos,5000,0.05000,Fx_faiss_std,10,400,1.00000,0.0000,37324.79,38847.08,12.49,39611.21,37211.63,100088.4,0.0,0.00,2
col_100k_d128_l2,100000,128,l2,pos,5000,0.05000,A1_acorn1,10,400,1.00000,0.0000,1372.08,1426.42,40.87,1682.62,1384.10,2076.0,0.0,0.00,2
col_100k_d128_l2,100000,128,l2,pos,5000,0.05000,Ag_acorn_gamma,10,400,1.00000,0.0000,301.88,325.21,13.17,329.83,305.40,1954.3,0.0,0.00,2
col_100k_d128_l2,100000,128,l2,pos,5000,0.05000,R1_racorn1,10,400,1.00000,0.0000,1367.79,1407.71,49.82,1422.79,1366.74,2076.0,0.0,0.00,2
col_100k_d128_l2,100000,128,l2,pos,5000,0.05000,R1q_racorn1_br25,10,400,1.00000,0.0000,1361.71,1429.25,51.06,1440.50,1367.32,2076.0,0.0,0.00,2
col_100k_d128_l2,100000,128,l2,pos,5000,0.05000,R1p_racorn1plus,10,400,1.00000,0.0000,1375.00,1505.38,61.99,1569.54,1389.61,2076.0,0.0,0.00,2
col_100k_d128_l2,100000,128,l2,pos,10000,0.10000,Ex_exact,10,0,1.00000,0.0000,843.12,937.29,2.86,997.62,857.58,10000.0,0.0,0.00,2
col_100k_d128_l2,100000,128,l2,pos,10000,0.10000,H_hnsw_infilt,10,50,0.93500,0.0012,41.92,48.33,0.65,58.38,42.60,1042.3,0.0,0.00,2
col_100k_d128_l2,100000,128,l2,pos,10000,0.10000,Hl_hnsw_large,10,50,0.98000,0.0035,50.00,57.17,1.06,60.62,50.34,1288.2,0.0,0.00,2
col_100k_d128_l2,100000,128,l2,pos,10000,0.10000,Fx_faiss_std,10,50,1.00000,0.0000,40120.46,44845.50,233.88,46927.92,40706.16,100088.4,0.0,0.00,2
col_100k_d128_l2,100000,128,l2,pos,10000,0.10000,A1_acorn1,10,50,0.99333,0.0024,859.38,905.67,3.56,969.33,858.54,1733.4,0.0,0.00,2
col_100k_d128_l2,100000,128,l2,pos,10000,0.10000,Ag_acorn_gamma,10,50,0.81167,0.0024,54.38,73.96,8.19,78.08,57.01,1005.0,0.0,0.00,2
col_100k_d128_l2,100000,128,l2,pos,10000,0.10000,R1_racorn1,10,50,0.99333,0.0024,862.42,920.42,23.89,953.50,863.79,1733.4,0.0,0.00,2
col_100k_d128_l2,100000,128,l2,pos,10000,0.10000,R1q_racorn1_br25,10,50,0.99333,0.0024,855.21,921.62,28.93,954.08,856.79,1733.4,0.0,0.00,2
col_100k_d128_l2,100000,128,l2,pos,10000,0.10000,R1p_racorn1plus,10,50,0.99333,0.0024,851.54,913.46,18.97,940.38,850.91,1733.4,0.0,0.00,2
col_100k_d128_l2,100000,128,l2,pos,10000,0.10000,H_hnsw_infilt,10,100,0.99000,0.0012,68.04,76.42,2.21,82.67,68.35,1456.7,0.0,0.00,2
col_100k_d128_l2,100000,128,l2,pos,10000,0.10000,Hl_hnsw_large,10,100,0.99667,0.0024,77.75,87.25,3.06,88.62,78.10,1681.3,0.0,0.00,2
col_100k_d128_l2,100000,128,l2,pos,10000,0.10000,Fx_faiss_std,10,100,1.00000,0.0000,34807.92,38724.83,130.58,39138.21,35299.78,100088.4,0.0,0.00,2
col_100k_d128_l2,100000,128,l2,pos,10000,0.10000,A1_acorn1,10,100,1.00000,0.0000,967.75,1015.92,18.80,1045.50,969.44,2055.8,0.0,0.00,2
col_100k_d128_l2,100000,128,l2,pos,10000,0.10000,Ag_acorn_gamma,10,100,0.90333,0.0024,89.12,112.00,10.93,119.42,92.47,1358.9,0.0,0.00,2
col_100k_d128_l2,100000,128,l2,pos,10000,0.10000,R1_racorn1,10,100,1.00000,0.0000,967.21,1014.08,20.01,1036.67,967.28,2055.8,0.0,0.00,2
col_100k_d128_l2,100000,128,l2,pos,10000,0.10000,R1q_racorn1_br25,10,100,1.00000,0.0000,960.62,1006.00,30.88,1008.25,958.75,2055.8,0.0,0.00,2
col_100k_d128_l2,100000,128,l2,pos,10000,0.10000,R1p_racorn1plus,10,100,1.00000,0.0000,962.17,1055.38,63.90,1169.62,981.31,2055.8,0.0,0.00,2
col_100k_d128_l2,100000,128,l2,pos,10000,0.10000,H_hnsw_infilt,10,200,1.00000,0.0000,106.71,129.38,9.60,178.25,110.47,1812.5,0.0,0.00,2
col_100k_d128_l2,100000,128,l2,pos,10000,0.10000,Hl_hnsw_large,10,200,1.00000,0.0000,115.17,128.62,0.88,132.71,116.15,1941.5,0.0,0.00,2
col_100k_d128_l2,100000,128,l2,pos,10000,0.10000,Fx_faiss_std,10,200,1.00000,0.0000,37306.96,40102.12,1955.74,40567.75,37553.38,100088.4,0.0,0.00,2
col_100k_d128_l2,100000,128,l2,pos,10000,0.10000,A1_acorn1,10,200,1.00000,0.0000,1082.04,1109.29,36.89,1119.33,1079.66,2073.1,0.0,0.00,2
col_100k_d128_l2,100000,128,l2,pos,10000,0.10000,Ag_acorn_gamma,10,200,0.97833,0.0059,156.50,249.75,55.74,350.67,169.97,1736.1,0.0,0.00,2
col_100k_d128_l2,100000,128,l2,pos,10000,0.10000,R1_racorn1,10,200,1.00000,0.0000,1089.75,1130.71,43.66,1160.00,1088.61,2073.1,0.0,0.00,2
col_100k_d128_l2,100000,128,l2,pos,10000,0.10000,R1q_racorn1_br25,10,200,1.00000,0.0000,1088.00,1136.12,35.83,1166.58,1091.55,2073.1,0.0,0.00,2
col_100k_d128_l2,100000,128,l2,pos,10000,0.10000,R1p_racorn1plus,10,200,1.00000,0.0000,1099.04,1228.00,90.77,1356.17,1116.08,2073.1,0.0,0.00,2
col_100k_d128_l2,100000,128,l2,pos,10000,0.10000,H_hnsw_infilt,10,400,1.00000,0.0000,161.04,177.46,3.57,180.17,162.55,1999.1,0.0,0.00,2
col_100k_d128_l2,100000,128,l2,pos,10000,0.10000,Hl_hnsw_large,10,400,1.00000,0.0000,169.58,186.83,6.54,192.79,171.35,2039.9,0.0,0.00,2
col_100k_d128_l2,100000,128,l2,pos,10000,0.10000,Fx_faiss_std,10,400,1.00000,0.0000,37312.75,39459.25,1871.15,40515.12,37575.35,100088.4,0.0,0.00,2
col_100k_d128_l2,100000,128,l2,pos,10000,0.10000,A1_acorn1,10,400,1.00000,0.0000,1343.29,1390.00,42.25,1399.42,1345.10,2095.8,0.0,0.00,2
col_100k_d128_l2,100000,128,l2,pos,10000,0.10000,Ag_acorn_gamma,10,400,1.00000,0.0000,306.17,317.08,7.42,328.96,306.74,2010.7,0.0,0.00,2
col_100k_d128_l2,100000,128,l2,pos,10000,0.10000,R1_racorn1,10,400,1.00000,0.0000,1333.50,1377.50,49.29,1399.17,1336.39,2095.8,0.0,0.00,2
col_100k_d128_l2,100000,128,l2,pos,10000,0.10000,R1q_racorn1_br25,10,400,1.00000,0.0000,1332.38,1370.92,28.81,1387.25,1330.39,2095.8,0.0,0.00,2
col_100k_d128_l2,100000,128,l2,pos,10000,0.10000,R1p_racorn1plus,10,400,1.00000,0.0000,1324.08,1365.21,43.75,1372.88,1324.54,2095.8,0.0,0.00,2
col_100k_d128_l2,100000,128,l2,pos,25000,0.25000,Ex_exact,10,0,1.00000,0.0000,2201.96,2340.46,34.33,2423.21,2209.85,25000.0,0.0,0.00,2
col_100k_d128_l2,100000,128,l2,pos,25000,0.25000,H_hnsw_infilt,10,50,0.93500,0.0012,42.71,51.67,1.97,56.29,43.67,1042.3,0.0,0.00,2
col_100k_d128_l2,100000,128,l2,pos,25000,0.25000,Hl_hnsw_large,10,50,0.98000,0.0035,50.12,59.58,0.38,61.83,50.97,1288.2,0.0,0.00,2
col_100k_d128_l2,100000,128,l2,pos,25000,0.25000,Fx_faiss_std,10,50,1.00000,0.0000,36164.00,40098.29,298.02,40775.67,36686.62,100088.4,0.0,0.00,2
col_100k_d128_l2,100000,128,l2,pos,25000,0.25000,A1_acorn1,10,50,0.99167,0.0024,853.79,1087.33,138.21,1123.96,856.63,1731.2,0.0,0.00,2
col_100k_d128_l2,100000,128,l2,pos,25000,0.25000,Ag_acorn_gamma,10,50,0.81167,0.0024,54.71,72.96,8.96,79.21,57.03,1008.8,0.0,0.00,2
col_100k_d128_l2,100000,128,l2,pos,25000,0.25000,R1_racorn1,10,50,0.99167,0.0024,870.88,944.04,17.68,988.96,878.67,1731.2,0.0,0.00,2
col_100k_d128_l2,100000,128,l2,pos,25000,0.25000,R1q_racorn1_br25,10,50,0.99167,0.0024,876.25,991.38,57.19,1343.67,895.21,1731.2,0.0,0.00,2
col_100k_d128_l2,100000,128,l2,pos,25000,0.25000,R1p_racorn1plus,10,50,0.99167,0.0024,868.92,988.88,56.21,1162.21,880.79,1731.2,0.0,0.00,2
col_100k_d128_l2,100000,128,l2,pos,25000,0.25000,H_hnsw_infilt,10,100,0.99000,0.0012,69.17,85.79,3.71,114.29,72.23,1456.7,0.0,0.00,2
col_100k_d128_l2,100000,128,l2,pos,25000,0.25000,Hl_hnsw_large,10,100,0.99667,0.0024,78.79,91.42,4.18,92.88,79.89,1681.3,0.0,0.00,2
col_100k_d128_l2,100000,128,l2,pos,25000,0.25000,Fx_faiss_std,10,100,1.00000,0.0000,38096.62,39770.38,418.90,40621.58,38278.95,100088.4,0.0,0.00,2
col_100k_d128_l2,100000,128,l2,pos,25000,0.25000,A1_acorn1,10,100,1.00000,0.0000,960.71,1082.83,56.51,1169.54,972.42,2061.6,0.0,0.00,2
col_100k_d128_l2,100000,128,l2,pos,25000,0.25000,Ag_acorn_gamma,10,100,0.90333,0.0012,88.96,101.62,4.89,112.42,91.23,1365.1,0.0,0.00,2
col_100k_d128_l2,100000,128,l2,pos,25000,0.25000,R1_racorn1,10,100,1.00000,0.0000,970.04,1034.71,41.25,1077.08,974.55,2061.6,0.0,0.00,2
col_100k_d128_l2,100000,128,l2,pos,25000,0.25000,R1q_racorn1_br25,10,100,1.00000,0.0000,965.12,1093.75,21.15,1128.04,974.45,2061.6,0.0,0.00,2
col_100k_d128_l2,100000,128,l2,pos,25000,0.25000,R1p_racorn1plus,10,100,1.00000,0.0000,949.67,992.50,0.85,1008.79,949.83,2061.6,0.0,0.00,2
col_100k_d128_l2,100000,128,l2,pos,25000,0.25000,H_hnsw_infilt,10,200,1.00000,0.0000,106.42,117.83,1.47,124.33,108.27,1812.5,0.0,0.00,2
col_100k_d128_l2,100000,128,l2,pos,25000,0.25000,Hl_hnsw_large,10,200,1.00000,0.0000,115.25,130.58,1.97,150.88,117.56,1941.5,0.0,0.00,2
col_100k_d128_l2,100000,128,l2,pos,25000,0.25000,Fx_faiss_std,10,200,1.00000,0.0000,38720.71,40884.92,1330.78,41037.46,38823.71,100088.4,0.0,0.00,2
col_100k_d128_l2,100000,128,l2,pos,25000,0.25000,A1_acorn1,10,200,1.00000,0.0000,1075.96,1136.83,42.93,1179.96,1083.74,2086.8,0.0,0.00,2
col_100k_d128_l2,100000,128,l2,pos,25000,0.25000,Ag_acorn_gamma,10,200,0.97833,0.0047,156.71,171.54,5.92,179.71,158.11,1750.3,0.0,0.00,2
col_100k_d128_l2,100000,128,l2,pos,25000,0.25000,R1_racorn1,10,200,1.00000,0.0000,1062.67,1097.08,23.90,1104.67,1063.39,2086.8,0.0,0.00,2
col_100k_d128_l2,100000,128,l2,pos,25000,0.25000,R1q_racorn1_br25,10,200,1.00000,0.0000,1087.25,1124.17,33.56,1135.62,1086.24,2086.8,0.0,0.00,2
col_100k_d128_l2,100000,128,l2,pos,25000,0.25000,R1p_racorn1plus,10,200,1.00000,0.0000,1093.08,1134.33,25.69,1136.04,1091.54,2086.8,0.0,0.00,2
col_100k_d128_l2,100000,128,l2,pos,25000,0.25000,H_hnsw_infilt,10,400,1.00000,0.0000,157.88,168.88,3.71,170.83,157.94,1999.1,0.0,0.00,2
col_100k_d128_l2,100000,128,l2,pos,25000,0.25000,Hl_hnsw_large,10,400,1.00000,0.0000,164.62,179.29,4.33,188.00,166.94,2039.9,0.0,0.00,2
col_100k_d128_l2,100000,128,l2,pos,25000,0.25000,Fx_faiss_std,10,400,1.00000,0.0000,36276.17,40169.54,1148.52,41764.25,35294.76,100088.4,0.0,0.00,2
col_100k_d128_l2,100000,128,l2,pos,25000,0.25000,A1_acorn1,10,400,1.00000,0.0000,1366.21,1446.79,21.07,1486.17,1368.99,2118.8,0.0,0.00,2
col_100k_d128_l2,100000,128,l2,pos,25000,0.25000,Ag_acorn_gamma,10,400,1.00000,0.0012,307.71,327.04,3.83,333.08,309.02,2041.9,0.0,0.00,2
col_100k_d128_l2,100000,128,l2,pos,25000,0.25000,R1_racorn1,10,400,1.00000,0.0000,1364.04,1484.88,80.85,1503.75,1373.62,2118.8,0.0,0.00,2
col_100k_d128_l2,100000,128,l2,pos,25000,0.25000,R1q_racorn1_br25,10,400,1.00000,0.0000,1350.71,1413.75,28.58,1476.46,1358.69,2118.8,0.0,0.00,2
col_100k_d128_l2,100000,128,l2,pos,25000,0.25000,R1p_racorn1plus,10,400,1.00000,0.0000,1359.08,1390.88,31.32,1397.25,1352.85,2118.8,0.0,0.00,2
col_100k_d128_l2,100000,128,l2,pos,50000,0.50000,Ex_exact,10,0,1.00000,0.0000,4308.04,4378.00,23.31,4382.12,4307.75,50000.0,0.0,0.00,2
col_100k_d128_l2,100000,128,l2,pos,50000,0.50000,H_hnsw_infilt,10,50,0.93500,0.0012,42.67,53.04,2.15,68.83,43.33,1042.3,0.0,0.00,2
col_100k_d128_l2,100000,128,l2,pos,50000,0.50000,Hl_hnsw_large,10,50,0.98000,0.0035,49.29,57.21,2.06,64.21,50.10,1288.2,0.0,0.00,2
col_100k_d128_l2,100000,128,l2,pos,50000,0.50000,Fx_faiss_std,10,50,1.00000,0.0000,37270.92,38214.83,574.73,38954.92,37394.15,100088.4,0.0,0.00,2
col_100k_d128_l2,100000,128,l2,pos,50000,0.50000,A1_acorn1,10,50,0.99333,0.0012,866.88,928.67,62.67,933.88,868.67,1728.9,0.0,0.00,2
col_100k_d128_l2,100000,128,l2,pos,50000,0.50000,Ag_acorn_gamma,10,50,0.81167,0.0024,57.21,73.71,9.46,83.79,58.86,1023.8,0.0,0.00,2
col_100k_d128_l2,100000,128,l2,pos,50000,0.50000,R1_racorn1,10,50,0.99333,0.0012,851.96,909.88,44.81,925.04,852.89,1728.9,0.0,0.00,2
col_100k_d128_l2,100000,128,l2,pos,50000,0.50000,R1q_racorn1_br25,10,50,0.99333,0.0012,857.71,939.00,50.59,957.67,857.64,1728.9,0.0,0.00,2
col_100k_d128_l2,100000,128,l2,pos,50000,0.50000,R1p_racorn1plus,10,50,0.99333,0.0012,860.08,895.79,14.38,924.46,855.96,1728.9,0.0,0.00,2
col_100k_d128_l2,100000,128,l2,pos,50000,0.50000,H_hnsw_infilt,10,100,0.99000,0.0012,69.33,78.12,2.80,84.58,70.51,1456.7,0.0,0.00,2
col_100k_d128_l2,100000,128,l2,pos,50000,0.50000,Hl_hnsw_large,10,100,0.99667,0.0024,76.50,87.04,1.47,90.88,77.77,1681.3,0.0,0.00,2
col_100k_d128_l2,100000,128,l2,pos,50000,0.50000,Fx_faiss_std,10,100,1.00000,0.0000,37421.58,38659.12,18.47,39305.50,37539.32,100088.4,0.0,0.00,2
col_100k_d128_l2,100000,128,l2,pos,50000,0.50000,A1_acorn1,10,100,1.00000,0.0000,966.33,1047.83,34.94,1075.29,965.40,2064.4,0.0,0.00,2
col_100k_d128_l2,100000,128,l2,pos,50000,0.50000,Ag_acorn_gamma,10,100,0.90333,0.0012,89.92,116.50,13.17,141.88,95.77,1382.1,0.0,0.00,2
col_100k_d128_l2,100000,128,l2,pos,50000,0.50000,R1_racorn1,10,100,1.00000,0.0000,955.79,1033.83,29.05,1069.50,963.97,2064.4,0.0,0.00,2
col_100k_d128_l2,100000,128,l2,pos,50000,0.50000,R1q_racorn1_br25,10,100,1.00000,0.0000,962.25,1080.17,36.09,1092.38,969.23,2064.4,0.0,0.00,2
col_100k_d128_l2,100000,128,l2,pos,50000,0.50000,R1p_racorn1plus,10,100,1.00000,0.0000,950.21,1037.38,1.97,1083.25,958.54,2064.4,0.0,0.00,2
col_100k_d128_l2,100000,128,l2,pos,50000,0.50000,H_hnsw_infilt,10,200,1.00000,0.0000,107.17,119.88,1.38,128.54,108.82,1812.5,0.0,0.00,2
col_100k_d128_l2,100000,128,l2,pos,50000,0.50000,Hl_hnsw_large,10,200,1.00000,0.0000,116.29,133.83,8.34,150.75,118.30,1941.5,0.0,0.00,2
col_100k_d128_l2,100000,128,l2,pos,50000,0.50000,Fx_faiss_std,10,200,1.00000,0.0000,37562.92,38757.92,757.25,39279.33,37661.92,100088.4,0.0,0.00,2
col_100k_d128_l2,100000,128,l2,pos,50000,0.50000,A1_acorn1,10,200,1.00000,0.0000,1093.38,1184.08,28.78,1218.58,1101.81,2092.4,0.0,0.00,2
col_100k_d128_l2,100000,128,l2,pos,50000,0.50000,Ag_acorn_gamma,10,200,0.97833,0.0047,157.67,190.04,18.77,193.96,161.58,1770.5,0.0,0.00,2
col_100k_d128_l2,100000,128,l2,pos,50000,0.50000,R1_racorn1,10,200,1.00000,0.0000,1083.25,1188.17,18.71,1202.92,1092.93,2092.4,0.0,0.00,2
col_100k_d128_l2,100000,128,l2,pos,50000,0.50000,R1q_racorn1_br25,10,200,1.00000,0.0000,1090.58,1242.29,84.35,1275.29,1105.56,2092.4,0.0,0.00,2
col_100k_d128_l2,100000,128,l2,pos,50000,0.50000,R1p_racorn1plus,10,200,1.00000,0.0000,1094.04,1207.83,41.84,1231.29,1100.47,2092.4,0.0,0.00,2
col_100k_d128_l2,100000,128,l2,pos,50000,0.50000,H_hnsw_infilt,10,400,1.00000,0.0000,160.58,181.33,7.04,184.00,162.10,1999.1,0.0,0.00,2
col_100k_d128_l2,100000,128,l2,pos,50000,0.50000,Hl_hnsw_large,10,400,1.00000,0.0000,167.92,192.12,5.66,199.75,170.45,2039.9,0.0,0.00,2
col_100k_d128_l2,100000,128,l2,pos,50000,0.50000,Fx_faiss_std,10,400,1.00000,0.0000,37488.62,38456.46,62.14,39227.17,37585.55,100088.4,0.0,0.00,2
col_100k_d128_l2,100000,128,l2,pos,50000,0.50000,A1_acorn1,10,400,1.00000,0.0000,1344.67,1490.62,70.06,1517.12,1360.30,2128.3,0.0,0.00,2
col_100k_d128_l2,100000,128,l2,pos,50000,0.50000,Ag_acorn_gamma,10,400,1.00000,0.0012,307.96,339.08,7.19,373.29,310.99,2072.3,0.0,0.00,2
col_100k_d128_l2,100000,128,l2,pos,50000,0.50000,R1_racorn1,10,400,1.00000,0.0000,1327.12,1442.71,11.64,1497.46,1343.27,2128.3,0.0,0.00,2
col_100k_d128_l2,100000,128,l2,pos,50000,0.50000,R1q_racorn1_br25,10,400,1.00000,0.0000,1333.46,1479.50,73.54,1578.50,1361.39,2128.3,0.0,0.00,2
col_100k_d128_l2,100000,128,l2,pos,50000,0.50000,R1p_racorn1plus,10,400,1.00000,0.0000,1339.25,1458.58,35.27,1467.83,1344.78,2128.3,0.0,0.00,2
col_100k_d128_l2,100000,128,l2,neg,100,0.00100,Ex_exact,10,0,1.00000,0.0000,109.96,118.17,0.62,126.75,111.35,100.0,0.0,0.00,2
col_100k_d128_l2,100000,128,l2,neg,100,0.00100,H_hnsw_infilt,10,50,1.00000,0.0000,24627.62,25185.08,344.18,25583.42,24610.49,100087.6,0.0,0.00,2
col_100k_d128_l2,100000,128,l2,neg,100,0.00100,Hl_hnsw_large,10,50,1.00000,0.0000,29130.54,30445.38,141.13,33086.92,28985.26,100093.7,0.0,0.00,2
col_100k_d128_l2,100000,128,l2,neg,100,0.00100,Fx_faiss_std,10,50,0.00000,0.0000,37914.54,40359.71,1675.43,41948.25,38204.00,100088.4,0.0,0.00,2
col_100k_d128_l2,100000,128,l2,neg,100,0.00100,A1_acorn1,10,50,0.00000,0.0000,36.08,46.92,1.06,53.38,36.06,105.3,0.0,0.00,2
col_100k_d128_l2,100000,128,l2,neg,100,0.00100,Ag_acorn_gamma,10,50,0.00000,0.0000,3.04,3.25,0.62,3.33,2.99,1.0,0.0,0.00,2
col_100k_d128_l2,100000,128,l2,neg,100,0.00100,R1_racorn1,10,50,0.75000,0.2003,10098.25,12873.33,1171.14,12994.08,8525.73,3132.3,2952.2,0.00,2
col_100k_d128_l2,100000,128,l2,neg,100,0.00100,R1q_racorn1_br25,10,50,0.18333,0.1296,714.08,2760.75,1342.91,3207.96,1001.52,311.3,187.7,0.00,2
col_100k_d128_l2,100000,128,l2,neg,100,0.00100,R1p_racorn1plus,10,50,0.98333,0.2003,422.46,462.00,26.49,531.83,424.79,341.1,137.4,59.00,2
col_100k_d128_l2,100000,128,l2,neg,100,0.00100,H_hnsw_infilt,10,100,1.00000,0.0000,24829.54,26626.21,496.18,27655.54,24927.69,100089.4,0.0,0.00,2
col_100k_d128_l2,100000,128,l2,neg,100,0.00100,Hl_hnsw_large,10,100,1.00000,0.0000,29653.29,30699.46,198.02,31129.42,29783.46,100094.7,0.0,0.00,2
col_100k_d128_l2,100000,128,l2,neg,100,0.00100,Fx_faiss_std,10,100,0.00000,0.0000,37747.96,39462.33,84.23,40133.08,37956.66,100088.4,0.0,0.00,2
col_100k_d128_l2,100000,128,l2,neg,100,0.00100,A1_acorn1,10,100,0.00000,0.0000,37.50,53.33,3.74,55.21,37.44,105.3,0.0,0.00,2
col_100k_d128_l2,100000,128,l2,neg,100,0.00100,Ag_acorn_gamma,10,100,0.00000,0.0000,3.08,3.33,0.21,3.75,3.28,1.0,0.0,0.00,2
col_100k_d128_l2,100000,128,l2,neg,100,0.00100,R1_racorn1,10,100,0.75000,0.2003,10462.25,13122.58,1100.46,13825.42,9009.87,3294.3,3114.2,0.00,2
col_100k_d128_l2,100000,128,l2,neg,100,0.00100,R1q_racorn1_br25,10,100,0.18333,0.1296,662.08,3193.50,1576.73,3601.04,1079.57,321.6,198.0,0.00,2
col_100k_d128_l2,100000,128,l2,neg,100,0.00100,R1p_racorn1plus,10,100,0.93333,0.1768,583.25,907.83,121.65,974.04,612.95,401.1,202.3,56.00,2
col_100k_d128_l2,100000,128,l2,neg,100,0.00100,H_hnsw_infilt,10,200,1.00000,0.0000,25054.71,27362.88,1181.90,27736.21,25236.53,100089.4,0.0,0.00,2
col_100k_d128_l2,100000,128,l2,neg,100,0.00100,Hl_hnsw_large,10,200,1.00000,0.0000,29688.83,30967.75,31.61,34353.96,29950.60,100094.7,0.0,0.00,2
col_100k_d128_l2,100000,128,l2,neg,100,0.00100,Fx_faiss_std,10,200,0.00000,0.0000,37451.38,39235.08,253.82,39408.75,37706.38,100088.4,0.0,0.00,2
col_100k_d128_l2,100000,128,l2,neg,100,0.00100,A1_acorn1,10,200,0.00000,0.0000,38.33,49.71,3.24,52.96,38.40,105.3,0.0,0.00,2
col_100k_d128_l2,100000,128,l2,neg,100,0.00100,Ag_acorn_gamma,10,200,0.00000,0.0000,3.21,3.33,0.62,3.46,3.21,1.0,0.0,0.00,2
col_100k_d128_l2,100000,128,l2,neg,100,0.00100,R1_racorn1,10,200,0.75000,0.2003,10567.38,13431.79,448.60,13902.50,9159.76,3363.6,3183.5,0.00,2
col_100k_d128_l2,100000,128,l2,neg,100,0.00100,R1q_racorn1_br25,10,200,0.18333,0.1296,659.08,3134.67,1581.27,3340.04,1067.43,321.6,198.0,0.00,2
col_100k_d128_l2,100000,128,l2,neg,100,0.00100,R1p_racorn1plus,10,200,0.86667,0.1414,1075.88,1245.04,24.60,1327.38,1044.37,575.8,383.6,52.00,2
col_100k_d128_l2,100000,128,l2,neg,100,0.00100,H_hnsw_infilt,10,400,1.00000,0.0000,24933.67,25993.38,174.95,27346.25,25018.33,100089.4,0.0,0.00,2
col_100k_d128_l2,100000,128,l2,neg,100,0.00100,Hl_hnsw_large,10,400,1.00000,0.0000,29644.29,30532.08,24.43,31453.21,29793.26,100094.7,0.0,0.00,2
col_100k_d128_l2,100000,128,l2,neg,100,0.00100,Fx_faiss_std,10,400,0.00000,0.0000,37232.96,39448.54,428.09,39796.75,36366.56,100088.4,0.0,0.00,2
col_100k_d128_l2,100000,128,l2,neg,100,0.00100,A1_acorn1,10,400,0.00000,0.0000,37.42,48.38,3.27,49.92,36.77,105.3,0.0,0.00,2
col_100k_d128_l2,100000,128,l2,neg,100,0.00100,Ag_acorn_gamma,10,400,0.00000,0.0000,2.92,3.50,0.62,3.58,2.97,1.0,0.0,0.00,2
col_100k_d128_l2,100000,128,l2,neg,100,0.00100,R1_racorn1,10,400,0.75000,0.2003,10682.33,13812.96,1309.77,16312.04,9472.97,3363.6,3183.5,0.00,2
col_100k_d128_l2,100000,128,l2,neg,100,0.00100,R1q_racorn1_br25,10,400,0.18333,0.1296,641.96,3118.42,1625.20,3286.83,1049.02,321.6,198.0,0.00,2
col_100k_d128_l2,100000,128,l2,neg,100,0.00100,R1p_racorn1plus,10,400,0.85000,0.1532,2224.75,2546.79,207.51,2623.29,2156.56,950.6,760.0,50.00,2
col_100k_d128_l2,100000,128,l2,neg,250,0.00250,Ex_exact,10,0,1.00000,0.0000,119.42,129.38,5.83,132.46,120.93,250.0,0.0,0.00,2
col_100k_d128_l2,100000,128,l2,neg,250,0.00250,H_hnsw_infilt,10,50,1.00000,0.0000,24408.38,25997.62,247.02,26871.96,24435.34,99935.6,0.0,0.00,2
col_100k_d128_l2,100000,128,l2,neg,250,0.00250,Hl_hnsw_large,10,50,1.00000,0.0000,29109.75,30575.25,942.13,31043.71,29129.29,100024.2,0.0,0.00,2
col_100k_d128_l2,100000,128,l2,neg,250,0.00250,Fx_faiss_std,10,50,0.00000,0.0000,37520.46,38829.38,607.02,39003.92,37708.91,100088.4,0.0,0.00,2
col_100k_d128_l2,100000,128,l2,neg,250,0.00250,A1_acorn1,10,50,0.00000,0.0000,35.42,47.54,3.36,50.46,35.73,105.3,0.0,0.00,2
col_100k_d128_l2,100000,128,l2,neg,250,0.00250,Ag_acorn_gamma,10,50,0.00000,0.0000,2.88,3.08,0.44,3.25,2.90,1.0,0.0,0.00,2
col_100k_d128_l2,100000,128,l2,neg,250,0.00250,R1_racorn1,10,50,0.75000,0.1296,9990.71,12745.62,992.45,13049.83,8306.54,3220.3,2929.1,0.00,2
col_100k_d128_l2,100000,128,l2,neg,250,0.00250,R1q_racorn1_br25,10,50,0.18333,0.1296,646.50,2890.92,1417.22,3054.04,988.38,332.4,181.7,0.00,2
col_100k_d128_l2,100000,128,l2,neg,250,0.00250,R1p_racorn1plus,10,50,0.98333,0.2003,430.58,459.38,9.60,464.12,428.39,488.6,137.4,59.00,2
col_100k_d128_l2,100000,128,l2,neg,250,0.00250,H_hnsw_infilt,10,100,1.00000,0.0000,24924.50,28461.79,1434.63,30931.50,25360.12,100079.3,0.0,0.00,2
col_100k_d128_l2,100000,128,l2,neg,250,0.00250,Hl_hnsw_large,10,100,1.00000,0.0000,28882.17,29604.00,69.41,33494.62,28933.81,100093.2,0.0,0.00,2
col_100k_d128_l2,100000,128,l2,neg,250,0.00250,Fx_faiss_std,10,100,0.00000,0.0000,37151.92,38339.42,808.49,38989.25,37310.33,100088.4,0.0,0.00,2
col_100k_d128_l2,100000,128,l2,neg,250,0.00250,A1_acorn1,10,100,0.00000,0.0000,37.00,47.58,0.74,49.71,36.48,105.3,0.0,0.00,2
col_100k_d128_l2,100000,128,l2,neg,250,0.00250,Ag_acorn_gamma,10,100,0.00000,0.0000,2.92,3.12,0.35,3.25,2.92,1.0,0.0,0.00,2
col_100k_d128_l2,100000,128,l2,neg,250,0.00250,R1_racorn1,10,100,0.75000,0.1296,10099.29,12732.88,794.49,13201.54,8383.27,3220.3,2929.1,0.00,2
col_100k_d128_l2,100000,128,l2,neg,250,0.00250,R1q_racorn1_br25,10,100,0.18333,0.1296,703.58,2916.79,1458.73,3133.08,1038.98,332.4,181.7,0.00,2
col_100k_d128_l2,100000,128,l2,neg,250,0.00250,R1p_racorn1plus,10,100,0.93333,0.1768,571.33,789.62,68.12,835.04,606.50,546.7,207.8,56.00,2
col_100k_d128_l2,100000,128,l2,neg,250,0.00250,H_hnsw_infilt,10,200,1.00000,0.0000,25050.96,25519.92,461.09,25538.58,25056.10,100089.4,0.0,0.00,2
col_100k_d128_l2,100000,128,l2,neg,250,0.00250,Hl_hnsw_large,10,200,1.00000,0.0000,29369.33,30558.42,280.25,33202.58,29569.14,100094.7,0.0,0.00,2
col_100k_d128_l2,100000,128,l2,neg,250,0.00250,Fx_faiss_std,10,200,0.00000,0.0000,37713.38,39876.54,3657.98,40369.75,37779.98,100088.4,0.0,0.00,2
col_100k_d128_l2,100000,128,l2,neg,250,0.00250,A1_acorn1,10,200,0.00000,0.0000,36.33,48.17,1.65,49.46,36.31,105.3,0.0,0.00,2
col_100k_d128_l2,100000,128,l2,neg,250,0.00250,Ag_acorn_gamma,10,200,0.00000,0.0000,2.88,3.08,0.50,3.29,2.89,1.0,0.0,0.00,2
col_100k_d128_l2,100000,128,l2,neg,250,0.00250,R1_racorn1,10,200,0.75000,0.1296,10473.54,13352.92,754.37,13690.54,8757.63,3221.5,2930.3,0.00,2
col_100k_d128_l2,100000,128,l2,neg,250,0.00250,R1q_racorn1_br25,10,200,0.18333,0.1296,730.08,3049.04,1574.31,3228.92,1048.07,332.4,181.7,0.00,2
col_100k_d128_l2,100000,128,l2,neg,250,0.00250,R1p_racorn1plus,10,200,0.86667,0.1414,1087.21,1259.96,25.25,1342.62,1048.28,707.7,385.4,52.00,2
col_100k_d128_l2,100000,128,l2,neg,250,0.00250,H_hnsw_infilt,10,400,1.00000,0.0000,25363.21,27701.25,395.15,30399.04,25660.42,100089.4,0.0,0.00,2
col_100k_d128_l2,100000,128,l2,neg,250,0.00250,Hl_hnsw_large,10,400,1.00000,0.0000,29868.46,30784.33,230.19,32130.38,29869.49,100094.7,0.0,0.00,2
col_100k_d128_l2,100000,128,l2,neg,250,0.00250,Fx_faiss_std,10,400,0.00000,0.0000,38042.42,39515.17,473.41,39777.50,38173.22,100088.4,0.0,0.00,2
col_100k_d128_l2,100000,128,l2,neg,250,0.00250,A1_acorn1,10,400,0.00000,0.0000,36.62,50.17,3.01,52.92,36.94,105.3,0.0,0.00,2
col_100k_d128_l2,100000,128,l2,neg,250,0.00250,Ag_acorn_gamma,10,400,0.00000,0.0000,3.42,3.54,0.15,3.71,3.42,1.0,0.0,0.00,2
col_100k_d128_l2,100000,128,l2,neg,250,0.00250,R1_racorn1,10,400,0.75000,0.1296,10996.38,14134.12,185.14,14826.58,9582.82,3537.4,3246.2,0.00,2
col_100k_d128_l2,100000,128,l2,neg,250,0.00250,R1q_racorn1_br25,10,400,0.18333,0.1296,680.50,3272.88,1686.98,3324.25,1088.32,343.2,192.5,0.00,2
col_100k_d128_l2,100000,128,l2,neg,250,0.00250,R1p_racorn1plus,10,400,0.85000,0.1532,2172.71,2479.71,80.35,2572.54,2170.07,1100.5,782.3,50.00,2
col_100k_d128_l2,100000,128,l2,neg,500,0.00500,Ex_exact,10,0,1.00000,0.0000,134.58,147.88,3.48,153.46,136.46,500.0,0.0,0.00,2
col_100k_d128_l2,100000,128,l2,neg,500,0.00500,H_hnsw_infilt,10,50,1.00000,0.0000,24518.29,25473.92,406.97,25579.88,24562.98,99719.0,0.0,0.00,2
col_100k_d128_l2,100000,128,l2,neg,500,0.00500,Hl_hnsw_large,10,50,1.00000,0.0000,29056.04,29571.71,198.11,29795.71,29071.74,99847.3,0.0,0.00,2
col_100k_d128_l2,100000,128,l2,neg,500,0.00500,Fx_faiss_std,10,50,0.00000,0.0000,38060.96,39436.92,315.25,39898.67,38227.02,100088.4,0.0,0.00,2
col_100k_d128_l2,100000,128,l2,neg,500,0.00500,A1_acorn1,10,50,0.00000,0.0000,36.42,48.54,2.71,51.88,36.39,105.3,0.0,0.00,2
col_100k_d128_l2,100000,128,l2,neg,500,0.00500,Ag_acorn_gamma,10,50,0.00000,0.0000,2.83,2.96,0.38,3.17,2.84,1.0,0.0,0.00,2
col_100k_d128_l2,100000,128,l2,neg,500,0.00500,R1_racorn1,10,50,0.76667,0.1414,10282.62,13530.54,1436.49,13563.08,8635.11,3399.0,2914.7,0.00,2
col_100k_d128_l2,100000,128,l2,neg,500,0.00500,R1q_racorn1_br25,10,50,0.18333,0.1296,709.62,2984.96,1506.87,3072.50,1056.28,377.6,181.8,0.00,2
col_100k_d128_l2,100000,128,l2,neg,500,0.00500,R1p_racorn1plus,10,50,0.98333,0.2003,449.12,480.33,8.40,517.71,449.05,734.4,137.4,59.00,2
col_100k_d128_l2,100000,128,l2,neg,500,0.00500,H_hnsw_infilt,10,100,1.00000,0.0000,24512.88,25392.92,139.48,25910.08,24590.68,99995.6,0.0,0.00,2
col_100k_d128_l2,100000,128,l2,neg,500,0.00500,Hl_hnsw_large,10,100,1.00000,0.0000,29242.92,30182.46,187.44,31135.42,29297.05,100057.3,0.0,0.00,2
col_100k_d128_l2,100000,128,l2,neg,500,0.00500,Fx_faiss_std,10,100,0.00000,0.0000,38504.17,39889.17,1566.09,40253.54,38239.09,100088.4,0.0,0.00,2
col_100k_d128_l2,100000,128,l2,neg,500,0.00500,A1_acorn1,10,100,0.00000,0.0000,37.58,48.25,3.62,49.21,36.93,105.3,0.0,0.00,2
col_100k_d128_l2,100000,128,l2,neg,500,0.00500,Ag_acorn_gamma,10,100,0.00000,0.0000,2.96,3.25,0.50,3.33,3.01,1.0,0.0,0.00,2
col_100k_d128_l2,100000,128,l2,neg,500,0.00500,R1_racorn1,10,100,0.76667,0.1414,10511.21,13318.54,180.08,13786.29,8742.92,3399.8,2914.7,0.00,2
col_100k_d128_l2,100000,128,l2,neg,500,0.00500,R1q_racorn1_br25,10,100,0.18333,0.1296,666.08,3161.79,1611.79,3310.50,1061.71,377.6,181.8,0.00,2
col_100k_d128_l2,100000,128,l2,neg,500,0.00500,R1p_racorn1plus,10,100,0.93333,0.1768,586.04,803.46,54.03,899.04,628.17,783.3,211.1,56.00,2
col_100k_d128_l2,100000,128,l2,neg,500,0.00500,H_hnsw_infilt,10,200,1.00000,0.0000,24162.83,27387.75,771.39,29327.67,24399.05,100083.7,0.0,0.00,2
col_100k_d128_l2,100000,128,l2,neg,500,0.00500,Hl_hnsw_large,10,200,1.00000,0.0000,29011.29,30017.92,29.34,30582.79,29082.89,100093.6,0.0,0.00,2
col_100k_d128_l2,100000,128,l2,neg,500,0.00500,Fx_faiss_std,10,200,0.00000,0.0000,37219.92,39110.42,485.87,39464.67,37425.68,100088.4,0.0,0.00,2
col_100k_d128_l2,100000,128,l2,neg,500,0.00500,A1_acorn1,10,200,0.00000,0.0000,37.75,49.04,3.54,50.00,37.42,105.3,0.0,0.00,2
col_100k_d128_l2,100000,128,l2,neg,500,0.00500,Ag_acorn_gamma,10,200,0.00000,0.0000,2.92,3.75,0.68,3.88,3.00,1.0,0.0,0.00,2
col_100k_d128_l2,100000,128,l2,neg,500,0.00500,R1_racorn1,10,200,0.76667,0.1414,10300.88,13405.75,1054.71,13786.33,8882.82,3400.3,2915.2,0.00,2
col_100k_d128_l2,100000,128,l2,neg,500,0.00500,R1q_racorn1_br25,10,200,0.18333,0.1296,756.33,3205.29,1630.47,3282.83,1093.93,377.6,181.8,0.00,2
col_100k_d128_l2,100000,128,l2,neg,500,0.00500,R1p_racorn1plus,10,200,0.86667,0.1414,1112.50,1426.96,76.25,1643.96,1096.86,927.7,388.6,52.00,2
col_100k_d128_l2,100000,128,l2,neg,500,0.00500,H_hnsw_infilt,10,400,1.00000,0.0000,24429.42,26722.29,642.49,27011.00,24650.93,100089.4,0.0,0.00,2
col_100k_d128_l2,100000,128,l2,neg,500,0.00500,Hl_hnsw_large,10,400,1.00000,0.0000,29401.83,30545.33,907.28,30669.50,29458.97,100094.7,0.0,0.00,2
col_100k_d128_l2,100000,128,l2,neg,500,0.00500,Fx_faiss_std,10,400,0.00000,0.0000,36430.04,38603.00,1160.27,39249.12,36460.04,100088.4,0.0,0.00,2
col_100k_d128_l2,100000,128,l2,neg,500,0.00500,A1_acorn1,10,400,0.00000,0.0000,37.00,48.21,3.86,50.00,36.63,105.3,0.0,0.00,2
col_100k_d128_l2,100000,128,l2,neg,500,0.00500,Ag_acorn_gamma,10,400,0.00000,0.0000,2.88,3.17,0.44,3.75,3.11,1.0,0.0,0.00,2
col_100k_d128_l2,100000,128,l2,neg,500,0.00500,R1_racorn1,10,400,0.76667,0.1414,10558.96,13710.67,1199.75,14474.12,9092.90,3403.3,2917.1,0.00,2
col_100k_d128_l2,100000,128,l2,neg,500,0.00500,R1q_racorn1_br25,10,400,0.18333,0.1296,649.38,3445.21,1811.96,3544.25,1120.73,377.6,181.8,0.00,2
col_100k_d128_l2,100000,128,l2,neg,500,0.00500,R1p_racorn1plus,10,400,0.85000,0.1532,2131.58,2448.17,100.97,2521.21,1977.55,1253.2,722.4,50.00,2
col_100k_d128_l2,100000,128,l2,neg,1000,0.01000,Ex_exact,10,0,1.00000,0.0000,167.12,179.71,0.03,181.75,168.30,1000.0,0.0,0.00,2
col_100k_d128_l2,100000,128,l2,neg,1000,0.01000,H_hnsw_infilt,10,50,1.00000,0.0012,23637.08,25236.38,124.72,25946.33,23860.26,99252.1,0.0,0.00,2
col_100k_d128_l2,100000,128,l2,neg,1000,0.01000,Hl_hnsw_large,10,50,1.00000,0.0000,28910.46,30326.58,933.97,30357.54,29094.44,99386.2,0.0,0.00,2
col_100k_d128_l2,100000,128,l2,neg,1000,0.01000,Fx_faiss_std,10,50,0.00000,0.0000,37044.96,40024.58,233.93,42845.17,37498.63,100088.4,0.0,0.00,2
col_100k_d128_l2,100000,128,l2,neg,1000,0.01000,A1_acorn1,10,50,0.00000,0.0000,37.25,47.54,3.21,49.08,36.72,105.3,0.0,0.00,2
col_100k_d128_l2,100000,128,l2,neg,1000,0.01000,Ag_acorn_gamma,10,50,0.84667,0.5987,38.75,47.50,31.35,50.42,39.62,672.4,0.0,0.00,2
col_100k_d128_l2,100000,128,l2,neg,1000,0.01000,R1_racorn1,10,50,0.76667,0.1179,9427.67,12409.96,1104.50,12815.96,8122.43,3781.0,2917.7,0.00,2
col_100k_d128_l2,100000,128,l2,neg,1000,0.01000,R1q_racorn1_br25,10,50,0.18333,0.1296,614.96,3018.58,1557.11,3065.33,1005.65,469.1,182.9,0.00,2
col_100k_d128_l2,100000,128,l2,neg,1000,0.01000,R1p_racorn1plus,10,50,0.98333,0.2003,474.92,494.71,5.42,498.29,470.69,1226.1,137.4,59.00,2
col_100k_d128_l2,100000,128,l2,neg,1000,0.01000,H_hnsw_infilt,10,100,1.00000,0.0000,22014.96,23463.33,1236.82,24478.92,21973.27,99698.0,0.0,0.00,2
col_100k_d128_l2,100000,128,l2,neg,1000,0.01000,Hl_hnsw_large,10,100,1.00000,0.0000,28458.08,29273.04,241.92,29758.92,28502.93,99825.4,0.0,0.00,2
col_100k_d128_l2,100000,128,l2,neg,1000,0.01000,Fx_faiss_std,10,100,0.00000,0.0000,36638.62,39489.00,4339.34,40589.71,35944.21,100088.4,0.0,0.00,2
col_100k_d128_l2,100000,128,l2,neg,1000,0.01000,A1_acorn1,10,100,0.00000,0.0000,36.33,46.67,3.71,48.17,36.03,105.3,0.0,0.00,2
col_100k_d128_l2,100000,128,l2,neg,1000,0.01000,Ag_acorn_gamma,10,100,0.90000,0.6364,70.71,81.17,55.04,83.38,71.43,879.3,0.0,0.00,2
col_100k_d128_l2,100000,128,l2,neg,1000,0.01000,R1_racorn1,10,100,0.76667,0.1179,9111.17,12008.54,1125.69,12567.46,7947.64,3792.0,2928.3,0.00,2
col_100k_d128_l2,100000,128,l2,neg,1000,0.01000,R1q_racorn1_br25,10,100,0.18333,0.1296,601.75,2916.17,1429.83,3037.17,980.76,469.2,182.9,0.00,2
col_100k_d128_l2,100000,128,l2,neg,1000,0.01000,R1p_racorn1plus,10,100,0.93333,0.1768,592.58,708.92,3.15,742.46,637.61,1262.6,223.5,56.00,2
col_100k_d128_l2,100000,128,l2,neg,1000,0.01000,H_hnsw_infilt,10,200,1.00000,0.0000,20743.12,21616.29,401.93,22985.42,20851.78,100001.9,0.0,0.00,2
col_100k_d128_l2,100000,128,l2,neg,1000,0.01000,Hl_hnsw_large,10,200,1.00000,0.0000,27927.50,36935.38,7645.18,37826.71,29169.15,100060.0,0.0,0.00,2
col_100k_d128_l2,100000,128,l2,neg,1000,0.01000,Fx_faiss_std,10,200,0.00000,0.0000,37940.75,43081.83,3816.73,45304.92,38894.56,100088.4,0.0,0.00,2
col_100k_d128_l2,100000,128,l2,neg,1000,0.01000,A1_acorn1,10,200,0.00000,0.0000,36.75,47.38,2.45,48.96,36.47,105.3,0.0,0.00,2
col_100k_d128_l2,100000,128,l2,neg,1000,0.01000,Ag_acorn_gamma,10,200,0.90000,0.6364,149.58,168.04,116.73,193.83,152.80,979.4,0.0,0.00,2
col_100k_d128_l2,100000,128,l2,neg,1000,0.01000,R1_racorn1,10,200,0.76667,0.1179,10342.25,13303.83,682.33,13991.46,8973.68,3793.8,2929.2,0.00,2
col_100k_d128_l2,100000,128,l2,neg,1000,0.01000,R1q_racorn1_br25,10,200,0.18333,0.1296,646.88,3445.83,1849.88,3529.38,1137.26,469.2,182.9,0.00,2
col_100k_d128_l2,100000,128,l2,neg,1000,0.01000,R1p_racorn1plus,10,200,0.86667,0.1414,1127.29,1363.92,106.12,1467.58,1127.59,1373.7,401.1,52.00,2
col_100k_d128_l2,100000,128,l2,neg,1000,0.01000,H_hnsw_infilt,10,400,1.00000,0.0000,24481.67,26245.12,1031.67,29173.71,24670.15,100083.9,0.0,0.00,2
col_100k_d128_l2,100000,128,l2,neg,1000,0.01000,Hl_hnsw_large,10,400,1.00000,0.0000,29576.04,32255.29,1007.92,33758.04,29780.52,100093.7,0.0,0.00,2
col_100k_d128_l2,100000,128,l2,neg,1000,0.01000,Fx_faiss_std,10,400,0.00000,0.0000,38602.54,40457.88,543.29,40800.54,38623.75,100088.4,0.0,0.00,2
col_100k_d128_l2,100000,128,l2,neg,1000,0.01000,A1_acorn1,10,400,0.00000,0.0000,37.46,48.75,2.95,50.54,37.28,105.3,0.0,0.00,2
col_100k_d128_l2,100000,128,l2,neg,1000,0.01000,Ag_acorn_gamma,10,400,0.90000,0.6364,363.75,406.33,284.79,502.38,372.43,986.0,0.0,0.00,2
col_100k_d128_l2,100000,128,l2,neg,1000,0.01000,R1_racorn1,10,400,0.76667,0.1179,10885.83,14290.25,1117.49,14635.29,9489.15,3797.3,2932.4,0.00,2
col_100k_d128_l2,100000,128,l2,neg,1000,0.01000,R1q_racorn1_br25,10,400,0.18333,0.1296,652.33,3730.83,2006.03,3819.38,1201.61,469.2,182.9,0.00,2
col_100k_d128_l2,100000,128,l2,neg,1000,0.01000,R1p_racorn1plus,10,400,0.85000,0.1532,2253.58,2936.71,382.63,3405.88,2119.80,1690.8,734.8,50.00,2
col_100k_d128_l2,100000,128,l2,neg,2000,0.02000,Ex_exact,10,0,1.00000,0.0000,236.92,263.75,10.28,271.67,239.00,2000.0,0.0,0.00,2
col_100k_d128_l2,100000,128,l2,neg,2000,0.02000,H_hnsw_infilt,10,50,1.00000,0.0059,24391.29,25726.33,645.85,26482.33,24534.05,98958.0,0.0,0.00,2
col_100k_d128_l2,100000,128,l2,neg,2000,0.02000,Hl_hnsw_large,10,50,1.00000,0.0542,28985.79,29664.62,643.00,30491.67,29085.15,99113.3,0.0,0.00,2
col_100k_d128_l2,100000,128,l2,neg,2000,0.02000,Fx_faiss_std,10,50,0.00000,0.0000,38442.12,39686.79,233.70,40268.79,38588.85,100088.4,0.0,0.00,2
col_100k_d128_l2,100000,128,l2,neg,2000,0.02000,A1_acorn1,10,50,0.00000,0.0000,36.12,48.83,3.33,53.62,36.82,105.3,0.0,0.00,2
col_100k_d128_l2,100000,128,l2,neg,2000,0.02000,Ag_acorn_gamma,10,50,0.64833,0.4584,38.79,48.42,32.05,49.71,40.42,835.0,0.0,0.00,2
col_100k_d128_l2,100000,128,l2,neg,2000,0.02000,R1_racorn1,10,50,0.84000,0.1344,10224.50,13872.54,1560.41,14015.62,9004.76,4378.4,2841.7,0.00,2
col_100k_d128_l2,100000,128,l2,neg,2000,0.02000,R1q_racorn1_br25,10,50,0.39333,0.2663,1096.71,3515.25,1743.14,3822.75,1291.59,969.4,184.2,0.00,2
col_100k_d128_l2,100000,128,l2,neg,2000,0.02000,R1p_racorn1plus,10,50,0.98333,0.2003,550.33,608.92,27.81,624.12,551.35,2209.4,137.4,59.00,2
col_100k_d128_l2,100000,128,l2,neg,2000,0.02000,H_hnsw_infilt,10,100,1.00000,0.0000,24424.92,26299.54,1090.45,26772.50,24599.29,99397.2,0.0,0.00,2
col_100k_d128_l2,100000,128,l2,neg,2000,0.02000,Hl_hnsw_large,10,100,1.00000,0.0000,29118.67,30172.67,205.65,31694.50,29203.60,99548.3,0.0,0.00,2
col_100k_d128_l2,100000,128,l2,neg,2000,0.02000,Fx_faiss_std,10,100,0.00000,0.0000,38058.67,39138.88,408.71,39462.71,38183.64,100088.4,0.0,0.00,2
col_100k_d128_l2,100000,128,l2,neg,2000,0.02000,A1_acorn1,10,100,0.00000,0.0000,36.25,47.71,2.00,48.96,35.94,105.3,0.0,0.00,2
col_100k_d128_l2,100000,128,l2,neg,2000,0.02000,Ag_acorn_gamma,10,100,0.80667,0.5704,72.88,83.67,56.89,86.29,73.86,1185.4,0.0,0.00,2
col_100k_d128_l2,100000,128,l2,neg,2000,0.02000,R1_racorn1,10,100,0.85000,0.1296,10930.75,14322.92,310.36,15407.46,9388.53,4669.4,2883.4,0.00,2
col_100k_d128_l2,100000,128,l2,neg,2000,0.02000,R1q_racorn1_br25,10,100,0.40000,0.2711,1185.38,3549.12,1768.00,4157.75,1355.34,1079.2,184.2,0.00,2
col_100k_d128_l2,100000,128,l2,neg,2000,0.02000,R1p_racorn1plus,10,100,0.93333,0.1768,719.21,4333.46,2436.19,4614.50,877.79,2209.0,257.6,56.00,2
col_100k_d128_l2,100000,128,l2,neg,2000,0.02000,H_hnsw_infilt,10,200,1.00000,0.0000,24762.25,27917.96,2045.40,29430.08,24987.10,99770.2,0.0,0.00,2
col_100k_d128_l2,100000,128,l2,neg,2000,0.02000,Hl_hnsw_large,10,200,1.00000,0.0000,28982.29,29892.08,199.90,30196.42,28974.43,99900.1,0.0,0.00,2
col_100k_d128_l2,100000,128,l2,neg,2000,0.02000,Fx_faiss_std,10,200,0.00000,0.0000,39179.54,43865.75,2064.63,44726.79,40203.57,100088.4,0.0,0.00,2
col_100k_d128_l2,100000,128,l2,neg,2000,0.02000,A1_acorn1,10,200,0.00000,0.0000,36.83,47.83,1.18,50.42,36.47,105.3,0.0,0.00,2
col_100k_d128_l2,100000,128,l2,neg,2000,0.02000,Ag_acorn_gamma,10,200,0.90000,0.6364,140.08,158.54,109.93,180.88,142.88,1581.3,0.0,0.00,2
col_100k_d128_l2,100000,128,l2,neg,2000,0.02000,R1_racorn1,10,200,0.85000,0.1296,11980.54,16383.42,2654.57,17250.29,10435.78,4673.5,2885.6,0.00,2
col_100k_d128_l2,100000,128,l2,neg,2000,0.02000,R1q_racorn1_br25,10,200,0.40000,0.2711,1054.00,3747.83,2006.56,4205.12,1405.73,1079.8,184.2,0.00,2
col_100k_d128_l2,100000,128,l2,neg,2000,0.02000,R1p_racorn1plus,10,200,0.86667,0.1414,1188.79,4596.33,2254.37,5862.42,1582.62,2255.1,527.8,52.00,2
col_100k_d128_l2,100000,128,l2,neg,2000,0.02000,H_hnsw_infilt,10,400,1.00000,0.0000,25235.42,27803.46,1652.13,28389.92,25417.74,100021.6,0.0,0.00,2
col_100k_d128_l2,100000,128,l2,neg,2000,0.02000,Hl_hnsw_large,10,400,1.00000,0.0000,28935.33,31501.04,1387.64,33505.62,29315.90,100068.9,0.0,0.00,2
col_100k_d128_l2,100000,128,l2,neg,2000,0.02000,Fx_faiss_std,10,400,0.00000,0.0000,37984.33,41254.12,1015.82,42407.83,38239.64,100088.4,0.0,0.00,2
col_100k_d128_l2,100000,128,l2,neg,2000,0.02000,A1_acorn1,10,400,0.00000,0.0000,35.96,47.67,1.09,48.42,36.08,105.3,0.0,0.00,2
col_100k_d128_l2,100000,128,l2,neg,2000,0.02000,Ag_acorn_gamma,10,400,0.90167,0.6376,294.00,311.50,218.11,322.21,296.22,1881.7,0.0,0.00,2
col_100k_d128_l2,100000,128,l2,neg,2000,0.02000,R1_racorn1,10,400,0.85000,0.1296,11618.17,14797.71,1466.10,15173.42,9662.98,4677.7,2885.6,0.00,2
col_100k_d128_l2,100000,128,l2,neg,2000,0.02000,R1q_racorn1_br25,10,400,0.40000,0.2711,1123.62,4141.42,2174.82,4842.92,1601.51,1079.8,184.2,0.00,2
col_100k_d128_l2,100000,128,l2,neg,2000,0.02000,R1p_racorn1plus,10,400,0.86667,0.1414,2386.79,5328.62,1577.85,7173.08,2534.30,2594.7,842.9,50.00,2
col_100k_d128_l2,100000,128,l2,neg,5000,0.05000,Ex_exact,10,0,1.00000,0.0000,455.67,502.58,7.01,526.83,459.40,5000.0,0.0,0.00,2
col_100k_d128_l2,100000,128,l2,neg,5000,0.05000,H_hnsw_infilt,10,50,1.00000,0.0354,7026.33,8857.71,5179.82,9057.58,7128.44,37365.6,0.0,0.00,2
col_100k_d128_l2,100000,128,l2,neg,5000,0.05000,Hl_hnsw_large,10,50,1.00000,0.0024,8414.96,9938.29,5782.51,10013.33,8500.95,39873.1,0.0,0.00,2
col_100k_d128_l2,100000,128,l2,neg,5000,0.05000,Fx_faiss_std,10,50,0.00000,0.0000,38151.62,39515.38,892.72,40309.67,38213.63,100088.4,0.0,0.00,2
col_100k_d128_l2,100000,128,l2,neg,5000,0.05000,A1_acorn1,10,50,0.00000,0.0000,36.33,888.33,594.06,912.21,96.07,176.5,0.0,0.00,2
col_100k_d128_l2,100000,128,l2,neg,5000,0.05000,Ag_acorn_gamma,10,50,0.42333,0.2993,46.25,64.71,6.19,80.62,48.62,857.6,0.0,0.00,2
col_100k_d128_l2,100000,128,l2,neg,5000,0.05000,R1_racorn1,10,50,0.68333,0.2828,1701.67,2832.58,769.86,3237.92,1801.29,1528.4,387.6,0.00,2
col_100k_d128_l2,100000,128,l2,neg,5000,0.05000,R1q_racorn1_br25,10,50,0.28167,0.0695,1110.67,1830.33,332.90,2510.08,1125.61,1054.0,91.5,0.00,2
col_100k_d128_l2,100000,128,l2,neg,5000,0.05000,R1p_racorn1plus,10,50,0.81667,0.0825,823.00,2201.12,889.66,3326.46,1094.66,4113.1,199.2,42.00,2
col_100k_d128_l2,100000,128,l2,neg,5000,0.05000,H_hnsw_infilt,10,100,1.00000,0.0035,7767.42,9337.25,5514.46,9714.33,7796.70,39428.1,0.0,0.00,2
col_100k_d128_l2,100000,128,l2,neg,5000,0.05000,Hl_hnsw_large,10,100,1.00000,0.0000,10034.17,11668.25,7080.56,12947.04,10099.59,41856.7,0.0,0.00,2
col_100k_d128_l2,100000,128,l2,neg,5000,0.05000,Fx_faiss_std,10,100,0.00000,0.0000,37974.42,39230.62,483.51,39503.46,38119.49,100088.4,0.0,0.00,2
col_100k_d128_l2,100000,128,l2,neg,5000,0.05000,A1_acorn1,10,100,0.00000,0.0000,38.71,1618.46,1109.30,1756.83,149.65,176.8,0.0,0.00,2
col_100k_d128_l2,100000,128,l2,neg,5000,0.05000,Ag_acorn_gamma,10,100,0.64667,0.4573,83.83,104.08,2.65,163.50,88.88,1160.6,0.0,0.00,2
col_100k_d128_l2,100000,128,l2,neg,5000,0.05000,R1_racorn1,10,100,0.68333,0.2828,1906.42,3049.25,800.65,3634.83,1986.43,1579.5,394.5,0.00,2
col_100k_d128_l2,100000,128,l2,neg,5000,0.05000,R1q_racorn1_br25,10,100,0.28333,0.0707,1286.96,2302.00,525.47,3408.58,1299.51,1121.8,91.7,0.00,2
col_100k_d128_l2,100000,128,l2,neg,5000,0.05000,R1p_racorn1plus,10,100,0.71667,0.0118,1096.54,2799.96,825.46,3701.29,1339.12,3726.0,252.6,35.00,2
col_100k_d128_l2,100000,128,l2,neg,5000,0.05000,H_hnsw_infilt,10,200,1.00000,0.0000,8202.21,9210.38,5382.14,9498.62,8125.51,41424.0,0.0,0.00,2
col_100k_d128_l2,100000,128,l2,neg,5000,0.05000,Hl_hnsw_large,10,200,1.00000,0.0000,9921.08,10767.71,6343.60,10893.04,9823.47,43260.6,0.0,0.00,2
col_100k_d128_l2,100000,128,l2,neg,5000,0.05000,Fx_faiss_std,10,200,0.00000,0.0000,38072.17,39751.12,725.05,39770.58,38178.46,100088.4,0.0,0.00,2
col_100k_d128_l2,100000,128,l2,neg,5000,0.05000,A1_acorn1,10,200,0.00000,0.0000,38.71,2817.54,1958.33,2987.50,233.93,177.7,0.0,0.00,2
col_100k_d128_l2,100000,128,l2,neg,5000,0.05000,Ag_acorn_gamma,10,200,0.90500,0.6399,161.00,183.54,0.85,200.12,164.11,1451.7,0.0,0.00,2
col_100k_d128_l2,100000,128,l2,neg,5000,0.05000,R1_racorn1,10,200,0.68333,0.2828,2124.46,3685.62,1074.39,4805.83,2240.77,1599.9,396.4,0.00,2
col_100k_d128_l2,100000,128,l2,neg,5000,0.05000,R1q_racorn1_br25,10,200,0.28333,0.0707,1451.42,3130.21,1013.46,3738.08,1491.97,1143.6,100.3,0.00,2
col_100k_d128_l2,100000,128,l2,neg,5000,0.05000,R1p_racorn1plus,10,200,0.68333,0.1179,1742.21,3141.08,709.17,3657.00,1915.14,2542.2,362.2,15.00,2
col_100k_d128_l2,100000,128,l2,neg,5000,0.05000,H_hnsw_infilt,10,400,1.00000,0.0000,8911.67,9858.00,5735.08,10111.96,8800.78,44093.9,0.0,0.00,2
col_100k_d128_l2,100000,128,l2,neg,5000,0.05000,Hl_hnsw_large,10,400,1.00000,0.0000,10675.46,11693.67,6910.29,12039.17,10652.15,45250.4,0.0,0.00,2
col_100k_d128_l2,100000,128,l2,neg,5000,0.05000,Fx_faiss_std,10,400,0.00000,0.0000,37998.88,39326.00,695.41,39978.25,38214.05,100088.4,0.0,0.00,2
col_100k_d128_l2,100000,128,l2,neg,5000,0.05000,A1_acorn1,10,400,0.00000,0.0000,38.92,5136.54,3597.61,5431.42,393.83,178.4,0.0,0.00,2
col_100k_d128_l2,100000,128,l2,neg,5000,0.05000,Ag_acorn_gamma,10,400,0.98833,0.6989,357.62,413.88,47.88,451.54,368.32,1675.4,0.0,0.00,2
col_100k_d128_l2,100000,128,l2,neg,5000,0.05000,R1_racorn1,10,400,0.68333,0.2828,2359.38,3561.54,808.75,3803.71,2423.65,1605.5,396.6,0.00,2
col_100k_d128_l2,100000,128,l2,neg,5000,0.05000,R1q_racorn1_br25,10,400,0.28333,0.0707,1680.96,3325.50,943.87,3958.00,1697.11,1147.9,100.3,0.00,2
col_100k_d128_l2,100000,128,l2,neg,5000,0.05000,R1p_racorn1plus,10,400,0.68333,0.2828,2395.67,3620.50,913.26,4113.62,2461.12,1605.5,396.6,0.00,2
col_100k_d128_l2,100000,128,l2,neg,10000,0.10000,Ex_exact,10,0,1.00000,0.0000,848.25,980.58,1.44,1018.17,864.72,10000.0,0.0,0.00,2
col_100k_d128_l2,100000,128,l2,neg,10000,0.10000,H_hnsw_infilt,10,50,1.00000,0.0483,1116.50,1462.08,705.43,1570.83,1145.03,8714.2,0.0,0.00,2
col_100k_d128_l2,100000,128,l2,neg,10000,0.10000,Hl_hnsw_large,10,50,1.00000,0.0024,1246.75,1653.50,806.60,1677.62,1280.53,8989.1,0.0,0.00,2
col_100k_d128_l2,100000,128,l2,neg,10000,0.10000,Fx_faiss_std,10,50,0.00000,0.0000,39132.25,41231.21,479.54,41247.00,39191.52,100088.4,0.0,0.00,2
col_100k_d128_l2,100000,128,l2,neg,10000,0.10000,A1_acorn1,10,50,0.01667,0.0118,39.83,863.75,577.29,1028.79,118.38,216.8,0.0,0.00,2
col_100k_d128_l2,100000,128,l2,neg,10000,0.10000,Ag_acorn_gamma,10,50,0.48500,0.3429,45.25,68.08,13.58,188.46,53.35,925.8,0.0,0.00,2
col_100k_d128_l2,100000,128,l2,neg,10000,0.10000,R1_racorn1,10,50,0.68667,0.2734,1318.12,1785.79,58.54,2322.42,1109.41,1436.4,200.4,0.00,2
col_100k_d128_l2,100000,128,l2,neg,10000,0.10000,R1q_racorn1_br25,10,50,0.30000,0.0271,709.08,1312.67,2.65,1575.83,762.95,785.7,51.7,0.00,2
col_100k_d128_l2,100000,128,l2,neg,10000,0.10000,R1p_racorn1plus,10,50,0.70000,0.1296,1207.67,1553.33,119.24,1622.17,947.91,6780.8,126.2,39.00,2
col_100k_d128_l2,100000,128,l2,neg,10000,0.10000,H_hnsw_infilt,10,100,1.00000,0.0035,1297.17,1581.58,678.68,1612.50,1303.92,9198.9,0.0,0.00,2
col_100k_d128_l2,100000,128,l2,neg,10000,0.10000,Hl_hnsw_large,10,100,1.00000,0.0000,1359.42,1812.38,769.16,2099.79,1421.42,9451.7,0.0,0.00,2
col_100k_d128_l2,100000,128,l2,neg,10000,0.10000,Fx_faiss_std,10,100,0.00000,0.0000,39490.17,41273.17,619.22,44179.00,39550.31,100088.4,0.0,0.00,2
col_100k_d128_l2,100000,128,l2,neg,10000,0.10000,A1_acorn1,10,100,0.01667,0.0118,40.58,985.00,655.10,1384.33,152.17,232.1,0.0,0.00,2
col_100k_d128_l2,100000,128,l2,neg,10000,0.10000,Ag_acorn_gamma,10,100,0.65667,0.4643,80.00,160.71,48.55,219.75,88.19,1272.4,0.0,0.00,2
col_100k_d128_l2,100000,128,l2,neg,10000,0.10000,R1_racorn1,10,100,0.70000,0.2828,1498.33,2156.62,112.75,2511.04,1226.50,1725.5,200.8,0.00,2
col_100k_d128_l2,100000,128,l2,neg,10000,0.10000,R1q_racorn1_br25,10,100,0.30000,0.0236,813.83,1633.88,107.80,1815.33,894.46,860.2,51.7,0.00,2
col_100k_d128_l2,100000,128,l2,neg,10000,0.10000,R1p_racorn1plus,10,100,0.70000,0.1768,1409.46,1822.54,63.67,1859.17,1147.56,5259.6,166.8,27.00,2
col_100k_d128_l2,100000,128,l2,neg,10000,0.10000,H_hnsw_infilt,10,200,1.00000,0.0000,2141.62,2771.58,720.07,2866.08,2148.73,14914.5,0.0,0.00,2
col_100k_d128_l2,100000,128,l2,neg,10000,0.10000,Hl_hnsw_large,10,200,1.00000,0.0000,2561.88,3314.38,1128.95,3538.42,2535.94,15395.4,0.0,0.00,2
col_100k_d128_l2,100000,128,l2,neg,10000,0.10000,Fx_faiss_std,10,200,0.00000,0.0000,39832.62,40881.75,187.65,41827.92,39768.54,100088.4,0.0,0.00,2
col_100k_d128_l2,100000,128,l2,neg,10000,0.10000,A1_acorn1,10,200,0.03333,0.0236,37.29,1314.83,897.17,4380.17,249.14,237.6,0.0,0.00,2
col_100k_d128_l2,100000,128,l2,neg,10000,0.10000,Ag_acorn_gamma,10,200,0.82333,0.5822,152.33,235.25,46.88,373.62,159.64,1660.3,0.0,0.00,2
col_100k_d128_l2,100000,128,l2,neg,10000,0.10000,R1_racorn1,10,200,0.70000,0.1414,1533.62,3039.33,744.38,3277.46,1560.35,1739.7,223.5,0.00,2
col_100k_d128_l2,100000,128,l2,neg,10000,0.10000,R1q_racorn1_br25,10,200,0.53333,0.1886,1397.92,2444.46,556.46,2588.54,1447.05,1312.2,72.3,0.00,2
col_100k_d128_l2,100000,128,l2,neg,10000,0.10000,R1p_racorn1plus,10,200,0.70000,0.1179,1587.83,3060.67,671.22,3416.38,1545.45,1871.1,221.8,3.00,2
col_100k_d128_l2,100000,128,l2,neg,10000,0.10000,H_hnsw_infilt,10,400,1.00000,0.0000,2604.92,3164.38,1016.91,3217.67,2660.32,17324.1,0.0,0.00,2
col_100k_d128_l2,100000,128,l2,neg,10000,0.10000,Hl_hnsw_large,10,400,1.00000,0.0000,2991.50,3790.46,1366.51,3961.12,3025.48,17827.9,0.0,0.00,2
col_100k_d128_l2,100000,128,l2,neg,10000,0.10000,Fx_faiss_std,10,400,0.00000,0.0000,38947.04,40153.29,24.72,40691.25,39010.11,100088.4,0.0,0.00,2
col_100k_d128_l2,100000,128,l2,neg,10000,0.10000,A1_acorn1,10,400,0.08333,0.0589,38.79,4516.12,3159.09,4970.75,563.00,268.9,0.0,0.00,2
col_100k_d128_l2,100000,128,l2,neg,10000,0.10000,Ag_acorn_gamma,10,400,0.97333,0.6883,313.00,364.71,18.89,708.50,315.52,2036.4,0.0,0.00,2
col_100k_d128_l2,100000,128,l2,neg,10000,0.10000,R1_racorn1,10,400,1.00000,0.2121,1899.21,3583.88,818.30,3747.21,1993.30,1740.0,230.7,0.00,2
col_100k_d128_l2,100000,128,l2,neg,10000,0.10000,R1q_racorn1_br25,10,400,0.88333,0.4360,1929.08,2681.04,531.89,2832.92,1824.12,1436.2,73.7,0.00,2
col_100k_d128_l2,100000,128,l2,neg,10000,0.10000,R1p_racorn1plus,10,400,1.00000,0.2121,1839.08,3656.17,952.94,3849.62,1999.83,1740.0,230.7,0.00,2
col_100k_d128_l2,100000,128,l2,neg,25000,0.25000,Ex_exact,10,0,1.00000,0.0000,2251.29,2422.04,39.01,2501.54,2264.52,25000.0,0.0,0.00,2
col_100k_d128_l2,100000,128,l2,neg,25000,0.25000,H_hnsw_infilt,10,50,0.93333,0.0012,1163.50,1487.17,816.94,1548.96,1162.93,8714.2,0.0,0.00,2
col_100k_d128_l2,100000,128,l2,neg,25000,0.25000,Hl_hnsw_large,10,50,0.99667,0.0130,1265.62,1632.50,882.50,1668.75,1278.58,8989.1,0.0,0.00,2
col_100k_d128_l2,100000,128,l2,neg,25000,0.25000,Fx_faiss_std,10,50,0.00000,0.0000,38882.71,40469.79,704.16,41687.92,39058.45,100088.4,0.0,0.00,2
col_100k_d128_l2,100000,128,l2,neg,25000,0.25000,A1_acorn1,10,50,0.10000,0.0707,38.04,914.21,611.68,1277.67,139.19,278.7,0.0,0.00,2
col_100k_d128_l2,100000,128,l2,neg,25000,0.25000,Ag_acorn_gamma,10,50,0.48500,0.2286,43.38,61.79,8.72,69.38,44.21,941.9,0.0,0.00,2
col_100k_d128_l2,100000,128,l2,neg,25000,0.25000,R1_racorn1,10,50,0.98000,0.2086,1273.92,1740.58,375.39,1787.25,1087.35,1733.3,203.0,0.00,2
col_100k_d128_l2,100000,128,l2,neg,25000,0.25000,R1q_racorn1_br25,10,50,0.91500,0.4160,976.42,1337.71,165.76,1449.75,981.57,1603.7,50.2,0.00,2
col_100k_d128_l2,100000,128,l2,neg,25000,0.25000,R1p_racorn1plus,10,50,0.99667,0.2110,2625.25,2965.12,1224.68,3069.38,1875.17,15371.8,128.1,36.00,2
col_100k_d128_l2,100000,128,l2,neg,25000,0.25000,H_hnsw_infilt,10,100,0.99500,0.0012,1201.21,1476.25,773.28,1617.38,1222.48,9198.9,0.0,0.00,2
col_100k_d128_l2,100000,128,l2,neg,25000,0.25000,Hl_hnsw_large,10,100,1.00000,0.0106,1321.83,1667.58,872.57,1681.67,1351.82,9451.7,0.0,0.00,2
col_100k_d128_l2,100000,128,l2,neg,25000,0.25000,Fx_faiss_std,10,100,0.00000,0.0000,39437.62,44807.71,652.16,49582.29,40117.14,100088.4,0.0,0.00,2
col_100k_d128_l2,100000,128,l2,neg,25000,0.25000,A1_acorn1,10,100,0.10000,0.0707,39.67,1308.29,890.45,1577.75,177.45,285.0,0.0,0.00,2
col_100k_d128_l2,100000,128,l2,neg,25000,0.25000,Ag_acorn_gamma,10,100,0.65667,0.3135,77.67,97.25,8.16,99.71,78.50,1301.3,0.0,0.00,2
col_100k_d128_l2,100000,128,l2,neg,25000,0.25000,R1_racorn1,10,100,1.00000,0.2121,1422.75,1843.75,374.32,1894.75,1245.82,1835.6,205.1,0.00,2
col_100k_d128_l2,100000,128,l2,neg,25000,0.25000,R1q_racorn1_br25,10,100,0.93333,0.4243,1179.54,1617.00,125.69,1759.88,1210.48,1764.5,52.2,0.00,2
col_100k_d128_l2,100000,128,l2,neg,25000,0.25000,R1p_racorn1plus,10,100,1.00000,0.2121,1671.88,3006.79,1175.06,3101.67,1681.68,9730.4,177.1,21.00,2
col_100k_d128_l2,100000,128,l2,neg,25000,0.25000,H_hnsw_infilt,10,200,1.00000,0.0000,1262.33,1549.88,785.98,1586.21,1299.93,9636.5,0.0,0.00,2
col_100k_d128_l2,100000,128,l2,neg,25000,0.25000,Hl_hnsw_large,10,200,1.00000,0.0082,1362.71,1776.54,942.31,1891.00,1426.05,9877.5,0.0,0.00,2
col_100k_d128_l2,100000,128,l2,neg,25000,0.25000,Fx_faiss_std,10,200,0.00000,0.0000,38737.62,40639.58,695.94,42269.25,38962.80,100088.4,0.0,0.00,2
col_100k_d128_l2,100000,128,l2,neg,25000,0.25000,A1_acorn1,10,200,0.10000,0.0707,39.04,1934.71,1333.72,2232.21,243.19,285.4,0.0,0.00,2
col_100k_d128_l2,100000,128,l2,neg,25000,0.25000,Ag_acorn_gamma,10,200,0.80167,0.4042,150.88,164.54,0.65,185.29,154.27,1700.7,0.0,0.00,2
col_100k_d128_l2,100000,128,l2,neg,25000,0.25000,R1_racorn1,10,200,1.00000,0.2121,1555.42,1967.62,354.26,1998.08,1396.68,1838.5,205.2,0.00,2
col_100k_d128_l2,100000,128,l2,neg,25000,0.25000,R1q_racorn1_br25,10,200,0.98333,0.4596,1304.92,2399.04,588.76,2786.79,1388.63,1847.8,52.2,0.00,2
col_100k_d128_l2,100000,128,l2,neg,25000,0.25000,R1p_racorn1plus,10,200,1.00000,0.2121,1508.62,2041.33,358.80,2210.04,1395.39,2132.2,204.4,1.00,2
col_100k_d128_l2,100000,128,l2,neg,25000,0.25000,H_hnsw_infilt,10,400,1.00000,0.0000,1391.83,1749.71,882.97,1813.17,1463.11,9904.1,0.0,0.00,2
col_100k_d128_l2,100000,128,l2,neg,25000,0.25000,Hl_hnsw_large,10,400,1.00000,0.0000,1484.83,1871.83,924.78,1912.42,1543.93,10122.0,0.0,0.00,2
col_100k_d128_l2,100000,128,l2,neg,25000,0.25000,Fx_faiss_std,10,400,0.00000,0.0000,37146.04,41490.00,3193.35,43016.25,37720.14,100088.4,0.0,0.00,2
col_100k_d128_l2,100000,128,l2,neg,25000,0.25000,A1_acorn1,10,400,0.10000,0.0707,38.96,3339.46,2326.59,3574.17,379.63,287.3,0.0,0.00,2
col_100k_d128_l2,100000,128,l2,neg,25000,0.25000,Ag_acorn_gamma,10,400,0.98167,0.5292,313.38,341.83,5.07,362.50,317.75,2080.8,0.0,0.00,2
col_100k_d128_l2,100000,128,l2,neg,25000,0.25000,R1_racorn1,10,400,1.00000,0.2121,1833.54,2515.88,527.50,2657.83,1681.81,1861.5,205.2,0.00,2
col_100k_d128_l2,100000,128,l2,neg,25000,0.25000,R1q_racorn1_br25,10,400,0.98333,0.4596,1570.29,2815.96,723.19,3229.12,1657.09,1870.6,52.2,0.00,2
col_100k_d128_l2,100000,128,l2,neg,25000,0.25000,R1p_racorn1plus,10,400,1.00000,0.2121,1806.21,2230.08,345.45,2342.92,1678.42,1861.5,205.2,0.00,2
col_100k_d128_l2,100000,128,l2,neg,50000,0.50000,Ex_exact,10,0,1.00000,0.0000,4318.17,4392.42,1.80,4405.96,4325.42,50000.0,0.0,0.00,2
col_100k_d128_l2,100000,128,l2,neg,50000,0.50000,H_hnsw_infilt,10,50,0.96500,0.1591,730.42,895.96,390.20,1016.21,732.88,6544.8,0.0,0.00,2
col_100k_d128_l2,100000,128,l2,neg,50000,0.50000,Hl_hnsw_large,10,50,0.99167,0.1025,807.29,1041.00,465.13,1128.96,814.39,6847.6,0.0,0.00,2
col_100k_d128_l2,100000,128,l2,neg,50000,0.50000,Fx_faiss_std,10,50,0.00000,0.0000,36880.96,38074.38,500.43,39879.58,36950.46,100088.4,0.0,0.00,2
col_100k_d128_l2,100000,128,l2,neg,50000,0.50000,A1_acorn1,10,50,0.07833,0.0436,39.88,1001.54,667.54,1595.75,172.20,328.0,0.0,0.00,2
col_100k_d128_l2,100000,128,l2,neg,50000,0.50000,Ag_acorn_gamma,10,50,0.02333,0.0165,43.12,48.54,1.56,51.67,43.79,950.7,0.0,0.00,2
col_100k_d128_l2,100000,128,l2,neg,50000,0.50000,R1_racorn1,10,50,0.96167,0.1850,1073.96,1511.04,288.74,1580.08,1094.50,1859.0,130.2,0.00,2
col_100k_d128_l2,100000,128,l2,neg,50000,0.50000,R1q_racorn1_br25,10,50,0.86500,0.3913,947.75,1588.46,346.54,1693.92,982.94,1793.6,41.1,0.00,2
col_100k_d128_l2,100000,128,l2,neg,50000,0.50000,R1p_racorn1plus,10,50,0.96167,0.1520,1233.75,4816.62,2599.21,5309.38,1805.25,11064.8,114.0,12.00,2
col_100k_d128_l2,100000,128,l2,neg,50000,0.50000,H_hnsw_infilt,10,100,0.99500,0.0106,788.79,1089.21,514.42,1140.75,809.57,7241.2,0.0,0.00,2
col_100k_d128_l2,100000,128,l2,neg,50000,0.50000,Hl_hnsw_large,10,100,0.99500,0.0141,856.88,1162.92,538.37,1286.75,880.04,7405.1,0.0,0.00,2
col_100k_d128_l2,100000,128,l2,neg,50000,0.50000,Fx_faiss_std,10,100,0.00000,0.0000,36915.75,37374.38,243.45,37531.17,36926.31,100088.4,0.0,0.00,2
col_100k_d128_l2,100000,128,l2,neg,50000,0.50000,A1_acorn1,10,100,0.08333,0.0471,40.50,1189.21,781.35,2776.50,232.17,430.2,0.0,0.00,2
col_100k_d128_l2,100000,128,l2,neg,50000,0.50000,Ag_acorn_gamma,10,100,0.03000,0.0212,78.00,90.83,1.56,92.08,79.82,1319.7,0.0,0.00,2
col_100k_d128_l2,100000,128,l2,neg,50000,0.50000,R1_racorn1,10,100,1.00000,0.2051,1183.00,1675.71,298.05,1758.88,1208.67,2293.2,138.5,0.00,2
col_100k_d128_l2,100000,128,l2,neg,50000,0.50000,R1q_racorn1_br25,10,100,0.91667,0.4278,1063.29,1886.50,83.50,2164.79,1149.37,2299.8,41.2,0.00,2
col_100k_d128_l2,100000,128,l2,neg,50000,0.50000,R1p_racorn1plus,10,100,1.00000,0.1933,1258.79,4883.17,2547.21,4916.67,1536.33,5493.8,135.8,5.00,2
col_100k_d128_l2,100000,128,l2,neg,50000,0.50000,H_hnsw_infilt,10,200,1.00000,0.0094,916.25,1258.67,598.21,1358.88,944.91,7774.1,0.0,0.00,2
col_100k_d128_l2,100000,128,l2,neg,50000,0.50000,Hl_hnsw_large,10,200,0.99667,0.0082,977.92,1202.00,519.37,1276.58,975.98,7889.0,0.0,0.00,2
col_100k_d128_l2,100000,128,l2,neg,50000,0.50000,Fx_faiss_std,10,200,0.00000,0.0000,37022.29,37967.71,413.80,39003.58,37096.69,100088.4,0.0,0.00,2
col_100k_d128_l2,100000,128,l2,neg,50000,0.50000,A1_acorn1,10,200,0.08333,0.0471,41.12,1363.88,921.68,3042.17,257.55,431.8,0.0,0.00,2
col_100k_d128_l2,100000,128,l2,neg,50000,0.50000,Ag_acorn_gamma,10,200,0.03500,0.0247,148.50,167.42,8.96,178.29,148.82,1732.4,0.0,0.00,2
col_100k_d128_l2,100000,128,l2,neg,50000,0.50000,R1_racorn1,10,200,1.00000,0.2039,1315.25,1969.25,422.11,2545.83,1374.07,2299.0,138.8,0.00,2
col_100k_d128_l2,100000,128,l2,neg,50000,0.50000,R1q_racorn1_br25,10,200,0.93333,0.4396,1211.04,2243.79,217.55,3159.29,1344.38,2353.3,41.2,0.00,2
col_100k_d128_l2,100000,128,l2,neg,50000,0.50000,R1p_racorn1plus,10,200,1.00000,0.2039,1329.04,1966.04,411.68,2617.42,1377.23,2299.0,138.8,0.00,2
col_100k_d128_l2,100000,128,l2,neg,50000,0.50000,H_hnsw_infilt,10,400,1.00000,0.0000,1031.50,1255.33,529.71,1343.00,1047.43,8174.5,0.0,0.00,2
col_100k_d128_l2,100000,128,l2,neg,50000,0.50000,Hl_hnsw_large,10,400,1.00000,0.0000,1122.17,1391.00,611.97,1412.00,1135.59,8319.8,0.0,0.00,2
col_100k_d128_l2,100000,128,l2,neg,50000,0.50000,Fx_faiss_std,10,400,0.00000,0.0000,36924.08,37416.79,326.68,37478.62,36961.67,100088.4,0.0,0.00,2
col_100k_d128_l2,100000,128,l2,neg,50000,0.50000,A1_acorn1,10,400,0.08333,0.0471,40.75,1599.08,1094.34,3305.42,290.73,436.3,0.0,0.00,2
col_100k_d128_l2,100000,128,l2,neg,50000,0.50000,Ag_acorn_gamma,10,400,0.03667,0.0259,309.46,344.12,8.37,362.58,312.71,2127.6,0.0,0.00,2
col_100k_d128_l2,100000,128,l2,neg,50000,0.50000,R1_racorn1,10,400,1.00000,0.1956,1655.88,2891.79,855.22,2984.08,1714.15,2335.1,138.9,0.00,2
col_100k_d128_l2,100000,128,l2,neg,50000,0.50000,R1q_racorn1_br25,10,400,0.93333,0.4384,1508.75,2436.71,167.47,3374.54,1581.74,2388.4,41.2,0.00,2
col_100k_d128_l2,100000,128,l2,neg,50000,0.50000,R1p_racorn1plus,10,400,1.00000,0.1956,1657.12,2703.12,756.90,2884.25,1691.47,2335.1,138.9,0.00,2
