dataset,dim,query_id,ranking_est,bound_est,correction,confidence,adaptive_depth,adaptive_factor,stopped_by_bound,hit_max_fallback,false_safe,pool_has_true_topk,recall_at_k,pool_recall_at_k,oracle_depth,boundary_margin,rel_margin,difficulty
sift_real,128,0,HAMMING,HAMMING,none,0.99,1000,100.00,true,false,false,true,1.000,1.000,234,1071,0.004867,medium
sift_real,128,1,HAMMING,HAMMING,none,0.99,1000,100.00,true,false,false,true,1.000,1.000,970,111.0,0.004809,hard
sift_real,128,2,HAMMING,HAMMING,none,0.99,1000,100.00,true,false,false,true,1.000,1.000,219,152.0,0.02987,hard
sift_real,128,3,HAMMING,HAMMING,none,0.99,1000,100.00,true,false,false,true,1.000,1.000,411,237.0,0.003342,hard
sift_real,128,4,HAMMING,HAMMING,none,0.99,1000,100.00,true,false,false,true,1.000,1.000,307,327.0,8.604e-05,medium
sift_real,128,5,HAMMING,HAMMING,none,0.99,1000,100.00,true,false,false,true,1.000,1.000,917,212.0,0.007974,hard
sift_real,128,6,HAMMING,HAMMING,none,0.99,1000,100.00,true,false,false,true,1.000,1.000,827,405.0,0.03419,medium
sift_real,128,7,HAMMING,HAMMING,none,0.99,1000,100.00,true,false,false,true,1.000,1.000,115,2434,0.005890,easy
sift_real,128,8,HAMMING,HAMMING,none,0.99,1000,100.00,true,false,false,true,1.000,1.000,741,591.0,0.004364,medium
sift_real,128,9,HAMMING,HAMMING,none,0.99,1000,100.00,true,false,false,true,1.000,1.000,948,986.0,0.002844,medium
sift_real,128,10,HAMMING,HAMMING,none,0.99,1000,100.00,true,false,false,true,1.000,1.000,672,150.0,0.009807,hard
sift_real,128,11,HAMMING,HAMMING,none,0.99,1000,100.00,true,false,false,true,1.000,1.000,534,1060,0.01385,medium
sift_real,128,12,HAMMING,HAMMING,none,0.99,1000,100.00,true,false,false,true,1.000,1.000,379,1170,0.0002927,easy
sift_real,128,13,HAMMING,HAMMING,none,0.99,1000,100.00,true,false,false,true,1.000,1.000,317,290.0,0.002565,medium
sift_real,128,14,HAMMING,HAMMING,none,0.99,1000,100.00,true,false,false,true,1.000,1.000,129,490.0,0.02819,medium
sift_real,128,15,HAMMING,HAMMING,none,0.99,1000,100.00,true,false,false,true,1.000,1.000,802,71.00,0.01462,hard
sift_real,128,16,HAMMING,HAMMING,none,0.99,1000,100.00,true,false,false,false,0.900,1.000,612,197.0,0.001353,hard
sift_real,128,17,HAMMING,HAMMING,none,0.99,1000,100.00,true,false,false,true,1.000,1.000,189,38.00,0.003033,hard
sift_real,128,18,HAMMING,HAMMING,none,0.99,1000,100.00,true,false,false,true,1.000,1.000,522,1096,0.001630,medium
sift_real,128,19,HAMMING,HAMMING,none,0.99,1000,100.00,true,false,false,true,1.000,1.000,181,429.0,0.0007144,medium
sift_real,128,20,HAMMING,HAMMING,none,0.99,1000,100.00,true,false,false,true,1.000,1.000,65,2068,0.003523,easy
sift_real,128,21,HAMMING,HAMMING,none,0.99,1000,100.00,true,false,false,true,1.000,1.000,664,790.0,0.03081,medium
sift_real,128,22,HAMMING,HAMMING,none,0.99,1000,100.00,true,false,false,true,1.000,1.000,47,246.0,0.006198,hard
sift_real,128,23,HAMMING,HAMMING,none,0.99,1000,100.00,true,false,false,true,1.000,1.000,244,104.0,0.0008301,hard
sift_real,128,24,HAMMING,HAMMING,none,0.99,1000,100.00,true,false,false,true,1.000,1.000,626,1903,9.517e-05,easy
sift_real,128,25,HAMMING,HAMMING,none,0.99,1000,100.00,true,false,false,true,1.000,1.000,586,274.0,0.009645,hard
sift_real,128,26,HAMMING,HAMMING,none,0.99,1000,100.00,true,false,false,true,1.000,1.000,259,2802,0.01138,easy
sift_real,128,27,HAMMING,HAMMING,none,0.99,1000,100.00,true,false,false,true,1.000,1.000,371,2090,0.002113,easy
sift_real,128,28,HAMMING,HAMMING,none,0.99,1000,100.00,true,false,false,true,1.000,1.000,565,98.00,0.01294,hard
sift_real,128,29,HAMMING,HAMMING,none,0.99,1000,100.00,true,false,false,true,1.000,1.000,32,1851,0.005966,easy
sift_real,128,30,HAMMING,HAMMING,none,0.99,1000,100.00,true,false,false,true,1.000,1.000,923,26.00,0.005250,hard
sift_real,128,31,HAMMING,HAMMING,none,0.99,1000,100.00,true,false,false,false,0.900,1.000,228,58.00,0.0003780,hard
sift_real,128,32,HAMMING,HAMMING,none,0.99,1000,100.00,true,false,false,true,1.000,1.000,514,244.0,0.02224,hard
sift_real,128,33,HAMMING,HAMMING,none,0.99,1000,100.00,true,false,false,true,1.000,1.000,274,1524,0.01830,easy
sift_real,128,34,HAMMING,HAMMING,none,0.99,1000,100.00,true,false,false,true,1.000,1.000,821,314.0,0.002833,medium
sift_real,128,35,HAMMING,HAMMING,none,0.99,1000,100.00,true,false,false,true,1.000,1.000,391,408.0,0.003131,medium
sift_real,128,36,HAMMING,HAMMING,none,0.99,1000,100.00,true,false,false,false,0.900,1.000,683,1401,0.0002533,easy
sift_real,128,37,HAMMING,HAMMING,none,0.99,1000,100.00,true,false,false,true,1.000,1.000,520,423.0,0.001959,medium
sift_real,128,38,HAMMING,HAMMING,none,0.99,1000,100.00,true,false,false,true,1.000,1.000,44,171.0,0.001576,hard
sift_real,128,39,HAMMING,HAMMING,none,0.99,1000,100.00,true,false,false,true,1.000,1.000,206,1240,0.005338,easy
sift_real,128,40,HAMMING,HAMMING,none,0.99,1000,100.00,true,false,false,true,1.000,1.000,12,3166,0.01468,easy
sift_real,128,41,HAMMING,HAMMING,none,0.99,1000,100.00,true,false,false,true,1.000,1.000,201,161.0,0.0009595,hard
sift_real,128,42,HAMMING,HAMMING,none,0.99,1000,100.00,true,false,false,true,1.000,1.000,614,1760,0.004336,easy
sift_real,128,43,HAMMING,HAMMING,none,0.99,1000,100.00,true,false,false,false,0.900,1.000,814,971.0,0.002098,medium
sift_real,128,44,HAMMING,HAMMING,none,0.99,1000,100.00,true,false,false,true,1.000,1.000,168,2277,0.02121,easy
sift_real,128,45,HAMMING,HAMMING,none,0.99,1000,100.00,true,false,false,true,1.000,1.000,320,307.0,0.002944,medium
sift_real,128,46,HAMMING,HAMMING,none,0.99,1000,100.00,true,false,false,true,1.000,1.000,470,1232,0.01488,easy
sift_real,128,47,HAMMING,HAMMING,none,0.99,1000,100.00,true,false,false,true,1.000,1.000,446,2130,0.003773,easy
sift_real,128,48,HAMMING,HAMMING,none,0.99,1000,100.00,true,false,false,true,1.000,1.000,140,1.126e+04,0.01673,easy
sift_real,128,49,HAMMING,HAMMING,none,0.99,1000,100.00,true,false,false,true,1.000,1.000,156,459.0,0.002390,medium
sift_real,128,50,HAMMING,HAMMING,none,0.99,1000,100.00,true,false,false,true,1.000,1.000,72,27.00,0.01401,hard
sift_real,128,51,HAMMING,HAMMING,none,0.99,1000,100.00,true,false,false,true,1.000,1.000,152,29.00,0.01989,hard
sift_real,128,52,HAMMING,HAMMING,none,0.99,1000,100.00,true,false,false,false,0.900,1.000,204,251.0,0.007963,hard
sift_real,128,53,HAMMING,HAMMING,none,0.99,1000,100.00,true,false,false,true,1.000,1.000,419,1043,0.005183,medium
sift_real,128,54,HAMMING,HAMMING,none,0.99,1000,100.00,true,false,false,true,1.000,1.000,92,25.00,0.01500,hard
sift_real,128,55,HAMMING,HAMMING,none,0.99,1000,100.00,true,false,false,true,1.000,1.000,149,2725,0.03013,easy
sift_real,128,56,HAMMING,HAMMING,none,0.99,1000,100.00,true,false,false,false,0.900,1.000,432,1171,0.001169,easy
sift_real,128,57,HAMMING,HAMMING,none,0.99,1000,100.00,true,false,false,true,1.000,1.000,131,738.0,0.01976,medium
sift_real,128,58,HAMMING,HAMMING,none,0.99,1000,100.00,true,false,false,false,0.800,1.000,681,2877,0.01678,easy
sift_real,128,59,HAMMING,HAMMING,none,0.99,1000,100.00,true,false,false,true,1.000,1.000,62,280.0,0.05972,hard
sift_real,128,60,HAMMING,HAMMING,none,0.99,1000,100.00,true,false,false,true,1.000,1.000,978,558.0,0.009853,medium
sift_real,128,61,HAMMING,HAMMING,none,0.99,1000,100.00,true,false,false,true,1.000,1.000,367,2863,0.005127,easy
sift_real,128,62,HAMMING,HAMMING,none,0.99,1000,100.00,true,false,false,true,1.000,1.000,45,4677,0.001993,easy
sift_real,128,63,HAMMING,HAMMING,none,0.99,1000,100.00,true,false,false,true,1.000,1.000,507,82.00,0.004872,hard
sift_real,128,64,HAMMING,HAMMING,none,0.99,1000,100.00,true,false,false,true,1.000,1.000,253,665.0,0.003820,medium
sift_real,128,65,HAMMING,HAMMING,none,0.99,1000,100.00,true,false,false,true,1.000,1.000,286,1455,0.02968,easy
sift_real,128,66,HAMMING,HAMMING,none,0.99,1000,100.00,true,false,false,true,1.000,1.000,51,283.0,0.05033,hard
sift_real,128,67,HAMMING,HAMMING,none,0.99,1000,100.00,true,false,false,true,1.000,1.000,256,4169,0.006612,easy
sift_real,128,68,HAMMING,HAMMING,none,0.99,1000,100.00,true,false,false,true,1.000,1.000,129,206.0,0.004031,hard
sift_real,128,69,HAMMING,HAMMING,none,0.99,1000,100.00,true,false,false,true,1.000,1.000,549,645.0,0.02174,medium
sift_real,128,70,HAMMING,HAMMING,none,0.99,1000,100.00,true,false,false,true,1.000,1.000,85,375.0,0.003545,medium
sift_real,128,71,HAMMING,HAMMING,none,0.99,1000,100.00,true,false,false,true,1.000,1.000,163,802.0,0.002852,medium
sift_real,128,72,HAMMING,HAMMING,none,0.99,1000,100.00,true,false,false,false,0.900,1.000,528,2688,0.01354,easy
sift_real,128,73,HAMMING,HAMMING,none,0.99,1000,100.00,true,false,false,true,1.000,1.000,130,51.00,0.01509,hard
sift_real,128,74,HAMMING,HAMMING,none,0.99,1000,100.00,true,false,false,true,1.000,1.000,216,151.0,0.002367,hard
sift_real,128,75,HAMMING,HAMMING,none,0.99,1000,100.00,true,false,false,true,1.000,1.000,211,1517,0.01014,easy
sift_real,128,76,HAMMING,HAMMING,none,0.99,1000,100.00,true,false,false,true,1.000,1.000,156,282.0,0.02092,hard
sift_real,128,77,HAMMING,HAMMING,none,0.99,1000,100.00,true,false,false,true,1.000,1.000,450,683.0,0.001541,medium
sift_real,128,78,HAMMING,HAMMING,none,0.99,1000,100.00,true,false,false,true,1.000,1.000,114,796.0,0.001374,medium
sift_real,128,79,HAMMING,HAMMING,none,0.99,1000,100.00,true,false,false,true,1.000,1.000,35,944.0,0.005717,medium
sift_real,128,80,HAMMING,HAMMING,none,0.99,1000,100.00,true,false,false,true,1.000,1.000,368,967.0,0.001041,medium
sift_real,128,81,HAMMING,HAMMING,none,0.99,1000,100.00,true,false,false,true,1.000,1.000,247,272.0,0.009820,hard
sift_real,128,82,HAMMING,HAMMING,none,0.99,1000,100.00,true,false,false,true,1.000,1.000,204,1482,0.001013,easy
sift_real,128,83,HAMMING,HAMMING,none,0.99,1000,100.00,true,false,false,true,1.000,1.000,168,5554,0.03823,easy
sift_real,128,84,HAMMING,HAMMING,none,0.99,1000,100.00,true,false,false,true,1.000,1.000,721,1377,0.01581,easy
sift_real,128,85,HAMMING,HAMMING,none,0.99,1000,100.00,true,false,false,true,1.000,1.000,70,1.575e+04,0.002374,easy
sift_real,128,86,HAMMING,HAMMING,none,0.99,1000,100.00,true,false,false,true,1.000,1.000,137,458.0,0.002796,medium
sift_real,128,87,HAMMING,HAMMING,none,0.99,1000,100.00,true,false,false,true,1.000,1.000,171,2505,0.02389,easy
sift_real,128,88,HAMMING,HAMMING,none,0.99,1000,100.00,true,false,false,true,1.000,1.000,22,40.00,0.3626,hard
sift_real,128,89,HAMMING,HAMMING,none,0.99,1000,100.00,true,false,false,true,1.000,1.000,102,1312,0.03010,easy
sift_real,128,90,HAMMING,HAMMING,none,0.99,1000,100.00,true,false,false,true,1.000,1.000,123,6.000,0.01536,hard
sift_real,128,91,HAMMING,HAMMING,none,0.99,1000,100.00,true,false,false,true,1.000,1.000,491,51.00,0.001735,hard
sift_real,128,92,HAMMING,HAMMING,none,0.99,1000,100.00,true,false,false,true,1.000,1.000,501,6810,0.08554,easy
sift_real,128,93,HAMMING,HAMMING,none,0.99,1000,100.00,true,false,false,true,1.000,1.000,90,498.0,0.006601,medium
sift_real,128,94,HAMMING,HAMMING,none,0.99,1000,100.00,true,false,false,true,1.000,1.000,23,2829,0.004427,easy
sift_real,128,95,HAMMING,HAMMING,none,0.99,1000,100.00,true,false,false,true,1.000,1.000,226,24.00,0.02097,hard
sift_real,128,96,HAMMING,HAMMING,none,0.99,1000,100.00,true,false,false,false,0.900,1.000,935,152.0,0.002127,hard
sift_real,128,97,HAMMING,HAMMING,none,0.99,1000,100.00,true,false,false,true,1.000,1.000,82,913.0,0.006167,medium
sift_real,128,98,HAMMING,HAMMING,none,0.99,1000,100.00,true,false,false,true,1.000,1.000,62,614.0,0.01701,medium
sift_real,128,99,HAMMING,HAMMING,none,0.99,1000,100.00,true,false,false,true,1.000,1.000,84,629.0,0.007432,medium
sift_real,128,0,HAMMING,HAMMING,bonferroni,0.99,1000,100.00,true,false,false,true,1.000,1.000,234,1071,0.004867,medium
sift_real,128,1,HAMMING,HAMMING,bonferroni,0.99,1000,100.00,true,false,false,true,1.000,1.000,970,111.0,0.004809,hard
sift_real,128,2,HAMMING,HAMMING,bonferroni,0.99,1000,100.00,true,false,false,true,1.000,1.000,219,152.0,0.02987,hard
sift_real,128,3,HAMMING,HAMMING,bonferroni,0.99,1000,100.00,true,false,false,true,1.000,1.000,411,237.0,0.003342,hard
sift_real,128,4,HAMMING,HAMMING,bonferroni,0.99,1000,100.00,true,false,false,true,1.000,1.000,307,327.0,8.604e-05,medium
sift_real,128,5,HAMMING,HAMMING,bonferroni,0.99,1000,100.00,true,false,false,true,1.000,1.000,917,212.0,0.007974,hard
sift_real,128,6,HAMMING,HAMMING,bonferroni,0.99,1000,100.00,true,false,false,true,1.000,1.000,827,405.0,0.03419,medium
sift_real,128,7,HAMMING,HAMMING,bonferroni,0.99,1000,100.00,true,false,false,true,1.000,1.000,115,2434,0.005890,easy
sift_real,128,8,HAMMING,HAMMING,bonferroni,0.99,1000,100.00,true,false,false,true,1.000,1.000,741,591.0,0.004364,medium
sift_real,128,9,HAMMING,HAMMING,bonferroni,0.99,1000,100.00,true,false,false,true,1.000,1.000,948,986.0,0.002844,medium
sift_real,128,10,HAMMING,HAMMING,bonferroni,0.99,1000,100.00,true,false,false,true,1.000,1.000,672,150.0,0.009807,hard
sift_real,128,11,HAMMING,HAMMING,bonferroni,0.99,1000,100.00,true,false,false,true,1.000,1.000,534,1060,0.01385,medium
sift_real,128,12,HAMMING,HAMMING,bonferroni,0.99,1000,100.00,true,false,false,true,1.000,1.000,379,1170,0.0002927,easy
sift_real,128,13,HAMMING,HAMMING,bonferroni,0.99,1000,100.00,true,false,false,true,1.000,1.000,317,290.0,0.002565,medium
sift_real,128,14,HAMMING,HAMMING,bonferroni,0.99,1000,100.00,true,false,false,true,1.000,1.000,129,490.0,0.02819,medium
sift_real,128,15,HAMMING,HAMMING,bonferroni,0.99,1000,100.00,true,false,false,true,1.000,1.000,802,71.00,0.01462,hard
sift_real,128,16,HAMMING,HAMMING,bonferroni,0.99,1000,100.00,true,false,false,false,0.900,1.000,612,197.0,0.001353,hard
sift_real,128,17,HAMMING,HAMMING,bonferroni,0.99,1000,100.00,true,false,false,true,1.000,1.000,189,38.00,0.003033,hard
sift_real,128,18,HAMMING,HAMMING,bonferroni,0.99,1000,100.00,true,false,false,true,1.000,1.000,522,1096,0.001630,medium
sift_real,128,19,HAMMING,HAMMING,bonferroni,0.99,1000,100.00,true,false,false,true,1.000,1.000,181,429.0,0.0007144,medium
sift_real,128,20,HAMMING,HAMMING,bonferroni,0.99,1000,100.00,true,false,false,true,1.000,1.000,65,2068,0.003523,easy
sift_real,128,21,HAMMING,HAMMING,bonferroni,0.99,1000,100.00,true,false,false,true,1.000,1.000,664,790.0,0.03081,medium
sift_real,128,22,HAMMING,HAMMING,bonferroni,0.99,1000,100.00,true,false,false,true,1.000,1.000,47,246.0,0.006198,hard
sift_real,128,23,HAMMING,HAMMING,bonferroni,0.99,1000,100.00,true,false,false,true,1.000,1.000,244,104.0,0.0008301,hard
sift_real,128,24,HAMMING,HAMMING,bonferroni,0.99,1000,100.00,true,false,false,true,1.000,1.000,626,1903,9.517e-05,easy
sift_real,128,25,HAMMING,HAMMING,bonferroni,0.99,1000,100.00,true,false,false,true,1.000,1.000,586,274.0,0.009645,hard
sift_real,128,26,HAMMING,HAMMING,bonferroni,0.99,1000,100.00,true,false,false,true,1.000,1.000,259,2802,0.01138,easy
sift_real,128,27,HAMMING,HAMMING,bonferroni,0.99,1000,100.00,true,false,false,true,1.000,1.000,371,2090,0.002113,easy
sift_real,128,28,HAMMING,HAMMING,bonferroni,0.99,1000,100.00,true,false,false,true,1.000,1.000,565,98.00,0.01294,hard
sift_real,128,29,HAMMING,HAMMING,bonferroni,0.99,1000,100.00,true,false,false,true,1.000,1.000,32,1851,0.005966,easy
sift_real,128,30,HAMMING,HAMMING,bonferroni,0.99,1000,100.00,true,false,false,true,1.000,1.000,923,26.00,0.005250,hard
sift_real,128,31,HAMMING,HAMMING,bonferroni,0.99,1000,100.00,true,false,false,false,0.900,1.000,228,58.00,0.0003780,hard
sift_real,128,32,HAMMING,HAMMING,bonferroni,0.99,1000,100.00,true,false,false,true,1.000,1.000,514,244.0,0.02224,hard
sift_real,128,33,HAMMING,HAMMING,bonferroni,0.99,1000,100.00,true,false,false,true,1.000,1.000,274,1524,0.01830,easy
sift_real,128,34,HAMMING,HAMMING,bonferroni,0.99,1000,100.00,true,false,false,true,1.000,1.000,821,314.0,0.002833,medium
sift_real,128,35,HAMMING,HAMMING,bonferroni,0.99,1000,100.00,true,false,false,true,1.000,1.000,391,408.0,0.003131,medium
sift_real,128,36,HAMMING,HAMMING,bonferroni,0.99,1000,100.00,true,false,false,false,0.900,1.000,683,1401,0.0002533,easy
sift_real,128,37,HAMMING,HAMMING,bonferroni,0.99,1000,100.00,true,false,false,true,1.000,1.000,520,423.0,0.001959,medium
sift_real,128,38,HAMMING,HAMMING,bonferroni,0.99,1000,100.00,true,false,false,true,1.000,1.000,44,171.0,0.001576,hard
sift_real,128,39,HAMMING,HAMMING,bonferroni,0.99,1000,100.00,true,false,false,true,1.000,1.000,206,1240,0.005338,easy
sift_real,128,40,HAMMING,HAMMING,bonferroni,0.99,1000,100.00,true,false,false,true,1.000,1.000,12,3166,0.01468,easy
sift_real,128,41,HAMMING,HAMMING,bonferroni,0.99,1000,100.00,true,false,false,true,1.000,1.000,201,161.0,0.0009595,hard
sift_real,128,42,HAMMING,HAMMING,bonferroni,0.99,1000,100.00,true,false,false,true,1.000,1.000,614,1760,0.004336,easy
sift_real,128,43,HAMMING,HAMMING,bonferroni,0.99,1000,100.00,true,false,false,false,0.900,1.000,814,971.0,0.002098,medium
sift_real,128,44,HAMMING,HAMMING,bonferroni,0.99,1000,100.00,true,false,false,true,1.000,1.000,168,2277,0.02121,easy
sift_real,128,45,HAMMING,HAMMING,bonferroni,0.99,1000,100.00,true,false,false,true,1.000,1.000,320,307.0,0.002944,medium
sift_real,128,46,HAMMING,HAMMING,bonferroni,0.99,1000,100.00,true,false,false,true,1.000,1.000,470,1232,0.01488,easy
sift_real,128,47,HAMMING,HAMMING,bonferroni,0.99,1000,100.00,true,false,false,true,1.000,1.000,446,2130,0.003773,easy
sift_real,128,48,HAMMING,HAMMING,bonferroni,0.99,1000,100.00,true,false,false,true,1.000,1.000,140,1.126e+04,0.01673,easy
sift_real,128,49,HAMMING,HAMMING,bonferroni,0.99,1000,100.00,true,false,false,true,1.000,1.000,156,459.0,0.002390,medium
sift_real,128,50,HAMMING,HAMMING,bonferroni,0.99,1000,100.00,true,false,false,true,1.000,1.000,72,27.00,0.01401,hard
sift_real,128,51,HAMMING,HAMMING,bonferroni,0.99,1000,100.00,true,false,false,true,1.000,1.000,152,29.00,0.01989,hard
sift_real,128,52,HAMMING,HAMMING,bonferroni,0.99,1000,100.00,true,false,false,false,0.900,1.000,204,251.0,0.007963,hard
sift_real,128,53,HAMMING,HAMMING,bonferroni,0.99,1000,100.00,true,false,false,true,1.000,1.000,419,1043,0.005183,medium
sift_real,128,54,HAMMING,HAMMING,bonferroni,0.99,1000,100.00,true,false,false,true,1.000,1.000,92,25.00,0.01500,hard
sift_real,128,55,HAMMING,HAMMING,bonferroni,0.99,1000,100.00,true,false,false,true,1.000,1.000,149,2725,0.03013,easy
sift_real,128,56,HAMMING,HAMMING,bonferroni,0.99,1000,100.00,true,false,false,false,0.900,1.000,432,1171,0.001169,easy
sift_real,128,57,HAMMING,HAMMING,bonferroni,0.99,1000,100.00,true,false,false,true,1.000,1.000,131,738.0,0.01976,medium
sift_real,128,58,HAMMING,HAMMING,bonferroni,0.99,1000,100.00,true,false,false,false,0.800,1.000,681,2877,0.01678,easy
sift_real,128,59,HAMMING,HAMMING,bonferroni,0.99,1000,100.00,true,false,false,true,1.000,1.000,62,280.0,0.05972,hard
sift_real,128,60,HAMMING,HAMMING,bonferroni,0.99,1000,100.00,true,false,false,true,1.000,1.000,978,558.0,0.009853,medium
sift_real,128,61,HAMMING,HAMMING,bonferroni,0.99,1000,100.00,true,false,false,true,1.000,1.000,367,2863,0.005127,easy
sift_real,128,62,HAMMING,HAMMING,bonferroni,0.99,1000,100.00,true,false,false,true,1.000,1.000,45,4677,0.001993,easy
sift_real,128,63,HAMMING,HAMMING,bonferroni,0.99,1000,100.00,true,false,false,true,1.000,1.000,507,82.00,0.004872,hard
sift_real,128,64,HAMMING,HAMMING,bonferroni,0.99,1000,100.00,true,false,false,true,1.000,1.000,253,665.0,0.003820,medium
sift_real,128,65,HAMMING,HAMMING,bonferroni,0.99,1000,100.00,true,false,false,true,1.000,1.000,286,1455,0.02968,easy
sift_real,128,66,HAMMING,HAMMING,bonferroni,0.99,1000,100.00,true,false,false,true,1.000,1.000,51,283.0,0.05033,hard
sift_real,128,67,HAMMING,HAMMING,bonferroni,0.99,1000,100.00,true,false,false,true,1.000,1.000,256,4169,0.006612,easy
sift_real,128,68,HAMMING,HAMMING,bonferroni,0.99,1000,100.00,true,false,false,true,1.000,1.000,129,206.0,0.004031,hard
sift_real,128,69,HAMMING,HAMMING,bonferroni,0.99,1000,100.00,true,false,false,true,1.000,1.000,549,645.0,0.02174,medium
sift_real,128,70,HAMMING,HAMMING,bonferroni,0.99,1000,100.00,true,false,false,true,1.000,1.000,85,375.0,0.003545,medium
sift_real,128,71,HAMMING,HAMMING,bonferroni,0.99,1000,100.00,true,false,false,true,1.000,1.000,163,802.0,0.002852,medium
sift_real,128,72,HAMMING,HAMMING,bonferroni,0.99,1000,100.00,true,false,false,false,0.900,1.000,528,2688,0.01354,easy
sift_real,128,73,HAMMING,HAMMING,bonferroni,0.99,1000,100.00,true,false,false,true,1.000,1.000,130,51.00,0.01509,hard
sift_real,128,74,HAMMING,HAMMING,bonferroni,0.99,1000,100.00,true,false,false,true,1.000,1.000,216,151.0,0.002367,hard
sift_real,128,75,HAMMING,HAMMING,bonferroni,0.99,1000,100.00,true,false,false,true,1.000,1.000,211,1517,0.01014,easy
sift_real,128,76,HAMMING,HAMMING,bonferroni,0.99,1000,100.00,true,false,false,true,1.000,1.000,156,282.0,0.02092,hard
sift_real,128,77,HAMMING,HAMMING,bonferroni,0.99,1000,100.00,true,false,false,true,1.000,1.000,450,683.0,0.001541,medium
sift_real,128,78,HAMMING,HAMMING,bonferroni,0.99,1000,100.00,true,false,false,true,1.000,1.000,114,796.0,0.001374,medium
sift_real,128,79,HAMMING,HAMMING,bonferroni,0.99,1000,100.00,true,false,false,true,1.000,1.000,35,944.0,0.005717,medium
sift_real,128,80,HAMMING,HAMMING,bonferroni,0.99,1000,100.00,true,false,false,true,1.000,1.000,368,967.0,0.001041,medium
sift_real,128,81,HAMMING,HAMMING,bonferroni,0.99,1000,100.00,true,false,false,true,1.000,1.000,247,272.0,0.009820,hard
sift_real,128,82,HAMMING,HAMMING,bonferroni,0.99,1000,100.00,true,false,false,true,1.000,1.000,204,1482,0.001013,easy
sift_real,128,83,HAMMING,HAMMING,bonferroni,0.99,1000,100.00,true,false,false,true,1.000,1.000,168,5554,0.03823,easy
sift_real,128,84,HAMMING,HAMMING,bonferroni,0.99,1000,100.00,true,false,false,true,1.000,1.000,721,1377,0.01581,easy
sift_real,128,85,HAMMING,HAMMING,bonferroni,0.99,1000,100.00,true,false,false,true,1.000,1.000,70,1.575e+04,0.002374,easy
sift_real,128,86,HAMMING,HAMMING,bonferroni,0.99,1000,100.00,true,false,false,true,1.000,1.000,137,458.0,0.002796,medium
sift_real,128,87,HAMMING,HAMMING,bonferroni,0.99,1000,100.00,true,false,false,true,1.000,1.000,171,2505,0.02389,easy
sift_real,128,88,HAMMING,HAMMING,bonferroni,0.99,1000,100.00,true,false,false,true,1.000,1.000,22,40.00,0.3626,hard
sift_real,128,89,HAMMING,HAMMING,bonferroni,0.99,1000,100.00,true,false,false,true,1.000,1.000,102,1312,0.03010,easy
sift_real,128,90,HAMMING,HAMMING,bonferroni,0.99,1000,100.00,true,false,false,true,1.000,1.000,123,6.000,0.01536,hard
sift_real,128,91,HAMMING,HAMMING,bonferroni,0.99,1000,100.00,true,false,false,true,1.000,1.000,491,51.00,0.001735,hard
sift_real,128,92,HAMMING,HAMMING,bonferroni,0.99,1000,100.00,true,false,false,true,1.000,1.000,501,6810,0.08554,easy
sift_real,128,93,HAMMING,HAMMING,bonferroni,0.99,1000,100.00,true,false,false,true,1.000,1.000,90,498.0,0.006601,medium
sift_real,128,94,HAMMING,HAMMING,bonferroni,0.99,1000,100.00,true,false,false,true,1.000,1.000,23,2829,0.004427,easy
sift_real,128,95,HAMMING,HAMMING,bonferroni,0.99,1000,100.00,true,false,false,true,1.000,1.000,226,24.00,0.02097,hard
sift_real,128,96,HAMMING,HAMMING,bonferroni,0.99,1000,100.00,true,false,false,false,0.900,1.000,935,152.0,0.002127,hard
sift_real,128,97,HAMMING,HAMMING,bonferroni,0.99,1000,100.00,true,false,false,true,1.000,1.000,82,913.0,0.006167,medium
sift_real,128,98,HAMMING,HAMMING,bonferroni,0.99,1000,100.00,true,false,false,true,1.000,1.000,62,614.0,0.01701,medium
sift_real,128,99,HAMMING,HAMMING,bonferroni,0.99,1000,100.00,true,false,false,true,1.000,1.000,84,629.0,0.007432,medium
sift_real,128,0,ADC,ADC,none,0.99,1000,100.00,true,false,false,true,1.000,1.000,98,1071,0.004867,medium
sift_real,128,1,ADC,ADC,none,0.99,1000,100.00,true,false,false,true,1.000,1.000,330,111.0,0.004809,hard
sift_real,128,2,ADC,ADC,none,0.99,1000,100.00,true,false,false,true,1.000,1.000,55,152.0,0.02987,hard
sift_real,128,3,ADC,ADC,none,0.99,1000,100.00,true,false,false,true,1.000,1.000,83,237.0,0.003342,hard
sift_real,128,4,ADC,ADC,none,0.99,1000,100.00,true,false,false,true,1.000,1.000,131,327.0,8.604e-05,medium
sift_real,128,5,ADC,ADC,none,0.99,1000,100.00,true,false,false,true,1.000,1.000,254,212.0,0.007974,hard
sift_real,128,6,ADC,ADC,none,0.99,1000,100.00,true,false,false,true,1.000,1.000,263,405.0,0.03419,medium
sift_real,128,7,ADC,ADC,none,0.99,1000,100.00,true,false,false,true,1.000,1.000,34,2434,0.005890,easy
sift_real,128,8,ADC,ADC,none,0.99,1000,100.00,true,false,false,true,1.000,1.000,819,591.0,0.004364,medium
sift_real,128,9,ADC,ADC,none,0.99,1000,100.00,true,false,false,true,1.000,1.000,402,986.0,0.002844,medium
sift_real,128,10,ADC,ADC,none,0.99,1000,100.00,true,false,false,true,1.000,1.000,135,150.0,0.009807,hard
sift_real,128,11,ADC,ADC,none,0.99,1000,100.00,true,false,false,true,1.000,1.000,156,1060,0.01385,medium
sift_real,128,12,ADC,ADC,none,0.99,1000,100.00,true,false,false,true,1.000,1.000,100,1170,0.0002927,easy
sift_real,128,13,ADC,ADC,none,0.99,1000,100.00,true,false,false,true,1.000,1.000,62,290.0,0.002565,medium
sift_real,128,14,ADC,ADC,none,0.99,1000,100.00,true,false,false,true,1.000,1.000,107,490.0,0.02819,medium
sift_real,128,15,ADC,ADC,none,0.99,1000,100.00,true,false,false,true,1.000,1.000,524,71.00,0.01462,hard
sift_real,128,16,ADC,ADC,none,0.99,1000,100.00,true,false,false,true,1.000,1.000,449,197.0,0.001353,hard
sift_real,128,17,ADC,ADC,none,0.99,1000,100.00,true,false,false,true,1.000,1.000,309,38.00,0.003033,hard
sift_real,128,18,ADC,ADC,none,0.99,1000,100.00,true,false,false,true,1.000,1.000,491,1096,0.001630,medium
sift_real,128,19,ADC,ADC,none,0.99,1000,100.00,true,false,false,true,1.000,1.000,75,429.0,0.0007144,medium
sift_real,128,20,ADC,ADC,none,0.99,1000,100.00,true,false,false,true,1.000,1.000,49,2068,0.003523,easy
sift_real,128,21,ADC,ADC,none,0.99,1000,100.00,true,false,false,true,1.000,1.000,113,790.0,0.03081,medium
sift_real,128,22,ADC,ADC,none,0.99,1000,100.00,true,false,false,true,1.000,1.000,83,246.0,0.006198,hard
sift_real,128,23,ADC,ADC,none,0.99,1000,100.00,true,false,false,true,1.000,1.000,153,104.0,0.0008301,hard
sift_real,128,24,ADC,ADC,none,0.99,1000,100.00,true,false,false,true,1.000,1.000,267,1903,9.517e-05,easy
sift_real,128,25,ADC,ADC,none,0.99,1000,100.00,true,false,false,true,1.000,1.000,224,274.0,0.009645,hard
sift_real,128,26,ADC,ADC,none,0.99,1000,100.00,true,false,false,true,1.000,1.000,93,2802,0.01138,easy
sift_real,128,27,ADC,ADC,none,0.99,1000,100.00,true,false,false,true,1.000,1.000,105,2090,0.002113,easy
sift_real,128,28,ADC,ADC,none,0.99,1000,100.00,true,false,false,true,1.000,1.000,120,98.00,0.01294,hard
sift_real,128,29,ADC,ADC,none,0.99,14,1.40,true,false,true,true,0.800,0.800,22,1851,0.005966,easy
sift_real,128,30,ADC,ADC,none,0.99,1000,100.00,true,false,false,true,1.000,1.000,358,26.00,0.005250,hard
sift_real,128,31,ADC,ADC,none,0.99,1000,100.00,true,false,false,true,1.000,1.000,334,58.00,0.0003780,hard
sift_real,128,32,ADC,ADC,none,0.99,1000,100.00,true,false,false,true,1.000,1.000,59,244.0,0.02224,hard
sift_real,128,33,ADC,ADC,none,0.99,1000,100.00,true,false,false,true,1.000,1.000,90,1524,0.01830,easy
sift_real,128,34,ADC,ADC,none,0.99,1000,100.00,true,false,false,true,1.000,1.000,409,314.0,0.002833,medium
sift_real,128,35,ADC,ADC,none,0.99,1000,100.00,true,false,false,true,1.000,1.000,300,408.0,0.003131,medium
sift_real,128,36,ADC,ADC,none,0.99,1000,100.00,true,false,false,false,0.900,1.000,421,1401,0.0002533,easy
sift_real,128,37,ADC,ADC,none,0.99,1000,100.00,true,false,false,true,1.000,1.000,405,423.0,0.001959,medium
sift_real,128,38,ADC,ADC,none,0.99,1000,100.00,true,false,false,true,1.000,1.000,32,171.0,0.001576,hard
sift_real,128,39,ADC,ADC,none,0.99,1000,100.00,true,false,false,true,1.000,1.000,113,1240,0.005338,easy
sift_real,128,40,ADC,ADC,none,0.99,1000,100.00,true,false,false,true,1.000,1.000,25,3166,0.01468,easy
sift_real,128,41,ADC,ADC,none,0.99,1000,100.00,true,false,false,true,1.000,1.000,198,161.0,0.0009595,hard
sift_real,128,42,ADC,ADC,none,0.99,1000,100.00,true,false,false,true,1.000,1.000,176,1760,0.004336,easy
sift_real,128,43,ADC,ADC,none,0.99,1000,100.00,true,false,false,true,1.000,1.000,173,971.0,0.002098,medium
sift_real,128,44,ADC,ADC,none,0.99,1000,100.00,true,false,false,true,1.000,1.000,69,2277,0.02121,easy
sift_real,128,45,ADC,ADC,none,0.99,1000,100.00,true,false,false,true,1.000,1.000,188,307.0,0.002944,medium
sift_real,128,46,ADC,ADC,none,0.99,1000,100.00,true,false,false,true,1.000,1.000,40,1232,0.01488,easy
sift_real,128,47,ADC,ADC,none,0.99,1000,100.00,true,false,false,true,1.000,1.000,75,2130,0.003773,easy
sift_real,128,48,ADC,ADC,none,0.99,1000,100.00,true,false,false,true,1.000,1.000,77,1.126e+04,0.01673,easy
sift_real,128,49,ADC,ADC,none,0.99,1000,100.00,true,false,false,true,1.000,1.000,67,459.0,0.002390,medium
sift_real,128,50,ADC,ADC,none,0.99,1000,100.00,true,false,false,true,1.000,1.000,45,27.00,0.01401,hard
sift_real,128,51,ADC,ADC,none,0.99,1000,100.00,true,false,false,true,1.000,1.000,221,29.00,0.01989,hard
sift_real,128,52,ADC,ADC,none,0.99,1000,100.00,true,false,false,true,1.000,1.000,213,251.0,0.007963,hard
sift_real,128,53,ADC,ADC,none,0.99,1000,100.00,true,false,false,true,1.000,1.000,163,1043,0.005183,medium
sift_real,128,54,ADC,ADC,none,0.99,10,1.00,true,false,true,true,0.500,0.500,43,25.00,0.01500,hard
sift_real,128,55,ADC,ADC,none,0.99,1000,100.00,true,false,false,true,1.000,1.000,45,2725,0.03013,easy
sift_real,128,56,ADC,ADC,none,0.99,1000,100.00,true,false,false,true,1.000,1.000,190,1171,0.001169,easy
sift_real,128,57,ADC,ADC,none,0.99,1000,100.00,true,false,false,true,1.000,1.000,64,738.0,0.01976,medium
sift_real,128,58,ADC,ADC,none,0.99,1000,100.00,true,false,false,true,1.000,1.000,73,2877,0.01678,easy
sift_real,128,59,ADC,ADC,none,0.99,10,1.00,true,false,true,true,0.900,0.900,21,280.0,0.05972,hard
sift_real,128,60,ADC,ADC,none,0.99,1000,100.00,true,false,false,true,1.000,1.000,279,558.0,0.009853,medium
sift_real,128,61,ADC,ADC,none,0.99,1000,100.00,true,false,false,true,1.000,1.000,126,2863,0.005127,easy
sift_real,128,62,ADC,ADC,none,0.99,1000,100.00,true,false,false,true,1.000,1.000,13,4677,0.001993,easy
sift_real,128,63,ADC,ADC,none,0.99,1000,100.00,true,false,false,true,1.000,1.000,313,82.00,0.004872,hard
sift_real,128,64,ADC,ADC,none,0.99,1000,100.00,true,false,false,true,1.000,1.000,132,665.0,0.003820,medium
sift_real,128,65,ADC,ADC,none,0.99,1000,100.00,true,false,false,true,1.000,1.000,242,1455,0.02968,easy
sift_real,128,66,ADC,ADC,none,0.99,1000,100.00,true,false,false,true,1.000,1.000,57,283.0,0.05033,hard
sift_real,128,67,ADC,ADC,none,0.99,1000,100.00,true,false,false,true,1.000,1.000,84,4169,0.006612,easy
sift_real,128,68,ADC,ADC,none,0.99,1000,100.00,true,false,false,true,1.000,1.000,85,206.0,0.004031,hard
sift_real,128,69,ADC,ADC,none,0.99,1000,100.00,true,false,false,true,1.000,1.000,99,645.0,0.02174,medium
sift_real,128,70,ADC,ADC,none,0.99,10,1.00,true,false,true,true,0.500,0.500,65,375.0,0.003545,medium
sift_real,128,71,ADC,ADC,none,0.99,1000,100.00,true,false,false,true,1.000,1.000,92,802.0,0.002852,medium
sift_real,128,72,ADC,ADC,none,0.99,1000,100.00,true,false,false,true,1.000,1.000,685,2688,0.01354,easy
sift_real,128,73,ADC,ADC,none,0.99,1000,100.00,true,false,false,true,1.000,1.000,40,51.00,0.01509,hard
sift_real,128,74,ADC,ADC,none,0.99,1000,100.00,true,false,false,true,1.000,1.000,71,151.0,0.002367,hard
sift_real,128,75,ADC,ADC,none,0.99,1000,100.00,true,false,false,true,1.000,1.000,34,1517,0.01014,easy
sift_real,128,76,ADC,ADC,none,0.99,1000,100.00,true,false,false,true,1.000,1.000,232,282.0,0.02092,hard
sift_real,128,77,ADC,ADC,none,0.99,1000,100.00,true,false,false,true,1.000,1.000,470,683.0,0.001541,medium
sift_real,128,78,ADC,ADC,none,0.99,1000,100.00,true,false,false,true,1.000,1.000,98,796.0,0.001374,medium
sift_real,128,79,ADC,ADC,none,0.99,15,1.50,true,false,true,true,0.900,0.900,18,944.0,0.005717,medium
sift_real,128,80,ADC,ADC,none,0.99,1000,100.00,true,false,false,true,1.000,1.000,389,967.0,0.001041,medium
sift_real,128,81,ADC,ADC,none,0.99,1000,100.00,true,false,false,true,1.000,1.000,927,272.0,0.009820,hard
sift_real,128,82,ADC,ADC,none,0.99,1000,100.00,true,false,false,true,1.000,1.000,57,1482,0.001013,easy
sift_real,128,83,ADC,ADC,none,0.99,1000,100.00,true,false,false,true,1.000,1.000,79,5554,0.03823,easy
sift_real,128,84,ADC,ADC,none,0.99,1000,100.00,true,false,false,true,1.000,1.000,71,1377,0.01581,easy
sift_real,128,85,ADC,ADC,none,0.99,1000,100.00,true,false,false,true,1.000,1.000,33,1.575e+04,0.002374,easy
sift_real,128,86,ADC,ADC,none,0.99,1000,100.00,true,false,false,true,1.000,1.000,53,458.0,0.002796,medium
sift_real,128,87,ADC,ADC,none,0.99,1000,100.00,true,false,false,true,1.000,1.000,38,2505,0.02389,easy
sift_real,128,88,ADC,ADC,none,0.99,1000,100.00,true,false,false,true,1.000,1.000,18,40.00,0.3626,hard
sift_real,128,89,ADC,ADC,none,0.99,1000,100.00,true,false,false,true,1.000,1.000,96,1312,0.03010,easy
sift_real,128,90,ADC,ADC,none,0.99,1000,100.00,true,false,false,true,1.000,1.000,86,6.000,0.01536,hard
sift_real,128,91,ADC,ADC,none,0.99,1000,100.00,true,false,false,true,1.000,1.000,51,51.00,0.001735,hard
sift_real,128,92,ADC,ADC,none,0.99,1000,100.00,true,false,false,true,1.000,1.000,48,6810,0.08554,easy
sift_real,128,93,ADC,ADC,none,0.99,1000,100.00,true,false,false,true,1.000,1.000,122,498.0,0.006601,medium
sift_real,128,94,ADC,ADC,none,0.99,1000,100.00,true,false,false,true,1.000,1.000,34,2829,0.004427,easy
sift_real,128,95,ADC,ADC,none,0.99,1000,100.00,true,false,false,true,1.000,1.000,69,24.00,0.02097,hard
sift_real,128,96,ADC,ADC,none,0.99,1000,100.00,true,false,false,true,1.000,1.000,245,152.0,0.002127,hard
sift_real,128,97,ADC,ADC,none,0.99,1000,100.00,true,false,false,true,1.000,1.000,143,913.0,0.006167,medium
sift_real,128,98,ADC,ADC,none,0.99,10,1.00,true,false,true,true,0.200,0.200,51,614.0,0.01701,medium
sift_real,128,99,ADC,ADC,none,0.99,1000,100.00,true,false,false,true,1.000,1.000,32,629.0,0.007432,medium
sift_real,128,0,ADC,ADC,bonferroni,0.99,1000,100.00,true,false,false,true,1.000,1.000,98,1071,0.004867,medium
sift_real,128,1,ADC,ADC,bonferroni,0.99,1000,100.00,true,false,false,true,1.000,1.000,330,111.0,0.004809,hard
sift_real,128,2,ADC,ADC,bonferroni,0.99,1000,100.00,true,false,false,true,1.000,1.000,55,152.0,0.02987,hard
sift_real,128,3,ADC,ADC,bonferroni,0.99,1000,100.00,true,false,false,true,1.000,1.000,83,237.0,0.003342,hard
sift_real,128,4,ADC,ADC,bonferroni,0.99,1000,100.00,true,false,false,true,1.000,1.000,131,327.0,8.604e-05,medium
sift_real,128,5,ADC,ADC,bonferroni,0.99,1000,100.00,true,false,false,true,1.000,1.000,254,212.0,0.007974,hard
sift_real,128,6,ADC,ADC,bonferroni,0.99,1000,100.00,true,false,false,true,1.000,1.000,263,405.0,0.03419,medium
sift_real,128,7,ADC,ADC,bonferroni,0.99,1000,100.00,true,false,false,true,1.000,1.000,34,2434,0.005890,easy
sift_real,128,8,ADC,ADC,bonferroni,0.99,1000,100.00,true,false,false,true,1.000,1.000,819,591.0,0.004364,medium
sift_real,128,9,ADC,ADC,bonferroni,0.99,1000,100.00,true,false,false,true,1.000,1.000,402,986.0,0.002844,medium
sift_real,128,10,ADC,ADC,bonferroni,0.99,1000,100.00,true,false,false,true,1.000,1.000,135,150.0,0.009807,hard
sift_real,128,11,ADC,ADC,bonferroni,0.99,1000,100.00,true,false,false,true,1.000,1.000,156,1060,0.01385,medium
sift_real,128,12,ADC,ADC,bonferroni,0.99,1000,100.00,true,false,false,true,1.000,1.000,100,1170,0.0002927,easy
sift_real,128,13,ADC,ADC,bonferroni,0.99,1000,100.00,true,false,false,true,1.000,1.000,62,290.0,0.002565,medium
sift_real,128,14,ADC,ADC,bonferroni,0.99,1000,100.00,true,false,false,true,1.000,1.000,107,490.0,0.02819,medium
sift_real,128,15,ADC,ADC,bonferroni,0.99,1000,100.00,true,false,false,true,1.000,1.000,524,71.00,0.01462,hard
sift_real,128,16,ADC,ADC,bonferroni,0.99,1000,100.00,true,false,false,true,1.000,1.000,449,197.0,0.001353,hard
sift_real,128,17,ADC,ADC,bonferroni,0.99,1000,100.00,true,false,false,true,1.000,1.000,309,38.00,0.003033,hard
sift_real,128,18,ADC,ADC,bonferroni,0.99,1000,100.00,true,false,false,true,1.000,1.000,491,1096,0.001630,medium
sift_real,128,19,ADC,ADC,bonferroni,0.99,1000,100.00,true,false,false,true,1.000,1.000,75,429.0,0.0007144,medium
sift_real,128,20,ADC,ADC,bonferroni,0.99,1000,100.00,true,false,false,true,1.000,1.000,49,2068,0.003523,easy
sift_real,128,21,ADC,ADC,bonferroni,0.99,1000,100.00,true,false,false,true,1.000,1.000,113,790.0,0.03081,medium
sift_real,128,22,ADC,ADC,bonferroni,0.99,1000,100.00,true,false,false,true,1.000,1.000,83,246.0,0.006198,hard
sift_real,128,23,ADC,ADC,bonferroni,0.99,1000,100.00,true,false,false,true,1.000,1.000,153,104.0,0.0008301,hard
sift_real,128,24,ADC,ADC,bonferroni,0.99,1000,100.00,true,false,false,true,1.000,1.000,267,1903,9.517e-05,easy
sift_real,128,25,ADC,ADC,bonferroni,0.99,1000,100.00,true,false,false,true,1.000,1.000,224,274.0,0.009645,hard
sift_real,128,26,ADC,ADC,bonferroni,0.99,1000,100.00,true,false,false,true,1.000,1.000,93,2802,0.01138,easy
sift_real,128,27,ADC,ADC,bonferroni,0.99,1000,100.00,true,false,false,true,1.000,1.000,105,2090,0.002113,easy
sift_real,128,28,ADC,ADC,bonferroni,0.99,1000,100.00,true,false,false,true,1.000,1.000,120,98.00,0.01294,hard
sift_real,128,29,ADC,ADC,bonferroni,0.99,999,99.90,true,false,false,true,1.000,1.000,22,1851,0.005966,easy
sift_real,128,30,ADC,ADC,bonferroni,0.99,1000,100.00,true,false,false,true,1.000,1.000,358,26.00,0.005250,hard
sift_real,128,31,ADC,ADC,bonferroni,0.99,1000,100.00,true,false,false,true,1.000,1.000,334,58.00,0.0003780,hard
sift_real,128,32,ADC,ADC,bonferroni,0.99,1000,100.00,true,false,false,true,1.000,1.000,59,244.0,0.02224,hard
sift_real,128,33,ADC,ADC,bonferroni,0.99,1000,100.00,true,false,false,true,1.000,1.000,90,1524,0.01830,easy
sift_real,128,34,ADC,ADC,bonferroni,0.99,1000,100.00,true,false,false,true,1.000,1.000,409,314.0,0.002833,medium
sift_real,128,35,ADC,ADC,bonferroni,0.99,1000,100.00,true,false,false,true,1.000,1.000,300,408.0,0.003131,medium
sift_real,128,36,ADC,ADC,bonferroni,0.99,1000,100.00,true,false,false,false,0.900,1.000,421,1401,0.0002533,easy
sift_real,128,37,ADC,ADC,bonferroni,0.99,1000,100.00,true,false,false,true,1.000,1.000,405,423.0,0.001959,medium
sift_real,128,38,ADC,ADC,bonferroni,0.99,1000,100.00,true,false,false,true,1.000,1.000,32,171.0,0.001576,hard
sift_real,128,39,ADC,ADC,bonferroni,0.99,1000,100.00,true,false,false,true,1.000,1.000,113,1240,0.005338,easy
sift_real,128,40,ADC,ADC,bonferroni,0.99,1000,100.00,true,false,false,true,1.000,1.000,25,3166,0.01468,easy
sift_real,128,41,ADC,ADC,bonferroni,0.99,1000,100.00,true,false,false,true,1.000,1.000,198,161.0,0.0009595,hard
sift_real,128,42,ADC,ADC,bonferroni,0.99,1000,100.00,true,false,false,true,1.000,1.000,176,1760,0.004336,easy
sift_real,128,43,ADC,ADC,bonferroni,0.99,1000,100.00,true,false,false,true,1.000,1.000,173,971.0,0.002098,medium
sift_real,128,44,ADC,ADC,bonferroni,0.99,1000,100.00,true,false,false,true,1.000,1.000,69,2277,0.02121,easy
sift_real,128,45,ADC,ADC,bonferroni,0.99,1000,100.00,true,false,false,true,1.000,1.000,188,307.0,0.002944,medium
sift_real,128,46,ADC,ADC,bonferroni,0.99,1000,100.00,true,false,false,true,1.000,1.000,40,1232,0.01488,easy
sift_real,128,47,ADC,ADC,bonferroni,0.99,1000,100.00,true,false,false,true,1.000,1.000,75,2130,0.003773,easy
sift_real,128,48,ADC,ADC,bonferroni,0.99,1000,100.00,true,false,false,true,1.000,1.000,77,1.126e+04,0.01673,easy
sift_real,128,49,ADC,ADC,bonferroni,0.99,1000,100.00,true,false,false,true,1.000,1.000,67,459.0,0.002390,medium
sift_real,128,50,ADC,ADC,bonferroni,0.99,1000,100.00,true,false,false,true,1.000,1.000,45,27.00,0.01401,hard
sift_real,128,51,ADC,ADC,bonferroni,0.99,1000,100.00,true,false,false,true,1.000,1.000,221,29.00,0.01989,hard
sift_real,128,52,ADC,ADC,bonferroni,0.99,1000,100.00,true,false,false,true,1.000,1.000,213,251.0,0.007963,hard
sift_real,128,53,ADC,ADC,bonferroni,0.99,1000,100.00,true,false,false,true,1.000,1.000,163,1043,0.005183,medium
sift_real,128,54,ADC,ADC,bonferroni,0.99,999,99.90,true,false,false,true,1.000,1.000,43,25.00,0.01500,hard
sift_real,128,55,ADC,ADC,bonferroni,0.99,1000,100.00,true,false,false,true,1.000,1.000,45,2725,0.03013,easy
sift_real,128,56,ADC,ADC,bonferroni,0.99,1000,100.00,true,false,false,true,1.000,1.000,190,1171,0.001169,easy
sift_real,128,57,ADC,ADC,bonferroni,0.99,1000,100.00,true,false,false,true,1.000,1.000,64,738.0,0.01976,medium
sift_real,128,58,ADC,ADC,bonferroni,0.99,1000,100.00,true,false,false,true,1.000,1.000,73,2877,0.01678,easy
sift_real,128,59,ADC,ADC,bonferroni,0.99,997,99.70,true,false,false,true,1.000,1.000,21,280.0,0.05972,hard
sift_real,128,60,ADC,ADC,bonferroni,0.99,1000,100.00,true,false,false,true,1.000,1.000,279,558.0,0.009853,medium
sift_real,128,61,ADC,ADC,bonferroni,0.99,1000,100.00,true,false,false,true,1.000,1.000,126,2863,0.005127,easy
sift_real,128,62,ADC,ADC,bonferroni,0.99,1000,100.00,true,false,false,true,1.000,1.000,13,4677,0.001993,easy
sift_real,128,63,ADC,ADC,bonferroni,0.99,1000,100.00,true,false,false,true,1.000,1.000,313,82.00,0.004872,hard
sift_real,128,64,ADC,ADC,bonferroni,0.99,1000,100.00,true,false,false,true,1.000,1.000,132,665.0,0.003820,medium
sift_real,128,65,ADC,ADC,bonferroni,0.99,1000,100.00,true,false,false,true,1.000,1.000,242,1455,0.02968,easy
sift_real,128,66,ADC,ADC,bonferroni,0.99,1000,100.00,true,false,false,true,1.000,1.000,57,283.0,0.05033,hard
sift_real,128,67,ADC,ADC,bonferroni,0.99,1000,100.00,true,false,false,true,1.000,1.000,84,4169,0.006612,easy
sift_real,128,68,ADC,ADC,bonferroni,0.99,1000,100.00,true,false,false,true,1.000,1.000,85,206.0,0.004031,hard
sift_real,128,69,ADC,ADC,bonferroni,0.99,1000,100.00,true,false,false,true,1.000,1.000,99,645.0,0.02174,medium
sift_real,128,70,ADC,ADC,bonferroni,0.99,998,99.80,true,false,false,true,1.000,1.000,65,375.0,0.003545,medium
sift_real,128,71,ADC,ADC,bonferroni,0.99,1000,100.00,true,false,false,true,1.000,1.000,92,802.0,0.002852,medium
sift_real,128,72,ADC,ADC,bonferroni,0.99,1000,100.00,true,false,false,true,1.000,1.000,685,2688,0.01354,easy
sift_real,128,73,ADC,ADC,bonferroni,0.99,1000,100.00,true,false,false,true,1.000,1.000,40,51.00,0.01509,hard
sift_real,128,74,ADC,ADC,bonferroni,0.99,1000,100.00,true,false,false,true,1.000,1.000,71,151.0,0.002367,hard
sift_real,128,75,ADC,ADC,bonferroni,0.99,1000,100.00,true,false,false,true,1.000,1.000,34,1517,0.01014,easy
sift_real,128,76,ADC,ADC,bonferroni,0.99,1000,100.00,true,false,false,true,1.000,1.000,232,282.0,0.02092,hard
sift_real,128,77,ADC,ADC,bonferroni,0.99,1000,100.00,true,false,false,true,1.000,1.000,470,683.0,0.001541,medium
sift_real,128,78,ADC,ADC,bonferroni,0.99,1000,100.00,true,false,false,true,1.000,1.000,98,796.0,0.001374,medium
sift_real,128,79,ADC,ADC,bonferroni,0.99,999,99.90,true,false,false,true,1.000,1.000,18,944.0,0.005717,medium
sift_real,128,80,ADC,ADC,bonferroni,0.99,1000,100.00,true,false,false,true,1.000,1.000,389,967.0,0.001041,medium
sift_real,128,81,ADC,ADC,bonferroni,0.99,1000,100.00,true,false,false,true,1.000,1.000,927,272.0,0.009820,hard
sift_real,128,82,ADC,ADC,bonferroni,0.99,1000,100.00,true,false,false,true,1.000,1.000,57,1482,0.001013,easy
sift_real,128,83,ADC,ADC,bonferroni,0.99,1000,100.00,true,false,false,true,1.000,1.000,79,5554,0.03823,easy
sift_real,128,84,ADC,ADC,bonferroni,0.99,1000,100.00,true,false,false,true,1.000,1.000,71,1377,0.01581,easy
sift_real,128,85,ADC,ADC,bonferroni,0.99,1000,100.00,true,false,false,true,1.000,1.000,33,1.575e+04,0.002374,easy
sift_real,128,86,ADC,ADC,bonferroni,0.99,1000,100.00,true,false,false,true,1.000,1.000,53,458.0,0.002796,medium
sift_real,128,87,ADC,ADC,bonferroni,0.99,1000,100.00,true,false,false,true,1.000,1.000,38,2505,0.02389,easy
sift_real,128,88,ADC,ADC,bonferroni,0.99,1000,100.00,true,false,false,true,1.000,1.000,18,40.00,0.3626,hard
sift_real,128,89,ADC,ADC,bonferroni,0.99,1000,100.00,true,false,false,true,1.000,1.000,96,1312,0.03010,easy
sift_real,128,90,ADC,ADC,bonferroni,0.99,1000,100.00,true,false,false,true,1.000,1.000,86,6.000,0.01536,hard
sift_real,128,91,ADC,ADC,bonferroni,0.99,1000,100.00,true,false,false,true,1.000,1.000,51,51.00,0.001735,hard
sift_real,128,92,ADC,ADC,bonferroni,0.99,1000,100.00,true,false,false,true,1.000,1.000,48,6810,0.08554,easy
sift_real,128,93,ADC,ADC,bonferroni,0.99,1000,100.00,true,false,false,true,1.000,1.000,122,498.0,0.006601,medium
sift_real,128,94,ADC,ADC,bonferroni,0.99,1000,100.00,true,false,false,true,1.000,1.000,34,2829,0.004427,easy
sift_real,128,95,ADC,ADC,bonferroni,0.99,1000,100.00,true,false,false,true,1.000,1.000,69,24.00,0.02097,hard
sift_real,128,96,ADC,ADC,bonferroni,0.99,1000,100.00,true,false,false,true,1.000,1.000,245,152.0,0.002127,hard
sift_real,128,97,ADC,ADC,bonferroni,0.99,1000,100.00,true,false,false,true,1.000,1.000,143,913.0,0.006167,medium
sift_real,128,98,ADC,ADC,bonferroni,0.99,998,99.80,true,false,false,true,1.000,1.000,51,614.0,0.01701,medium
sift_real,128,99,ADC,ADC,bonferroni,0.99,1000,100.00,true,false,false,true,1.000,1.000,32,629.0,0.007432,medium
sift_real,128,0,ADC,HAMMING,none,0.99,1000,100.00,true,false,false,true,1.000,1.000,98,1071,0.004867,medium
sift_real,128,1,ADC,HAMMING,none,0.99,996,99.60,true,false,false,true,1.000,1.000,330,111.0,0.004809,hard
sift_real,128,2,ADC,HAMMING,none,0.99,1000,100.00,true,false,false,true,1.000,1.000,55,152.0,0.02987,hard
sift_real,128,3,ADC,HAMMING,none,0.99,1000,100.00,true,false,false,true,1.000,1.000,83,237.0,0.003342,hard
sift_real,128,4,ADC,HAMMING,none,0.99,1000,100.00,true,false,false,true,1.000,1.000,131,327.0,8.604e-05,medium
sift_real,128,5,ADC,HAMMING,none,0.99,1000,100.00,true,false,false,true,1.000,1.000,254,212.0,0.007974,hard
sift_real,128,6,ADC,HAMMING,none,0.99,1000,100.00,true,false,false,true,1.000,1.000,263,405.0,0.03419,medium
sift_real,128,7,ADC,HAMMING,none,0.99,1000,100.00,true,false,false,true,1.000,1.000,34,2434,0.005890,easy
sift_real,128,8,ADC,HAMMING,none,0.99,1000,100.00,true,false,false,true,1.000,1.000,819,591.0,0.004364,medium
sift_real,128,9,ADC,HAMMING,none,0.99,1000,100.00,true,false,false,true,1.000,1.000,402,986.0,0.002844,medium
sift_real,128,10,ADC,HAMMING,none,0.99,1000,100.00,true,false,false,true,1.000,1.000,135,150.0,0.009807,hard
sift_real,128,11,ADC,HAMMING,none,0.99,1000,100.00,true,false,false,true,1.000,1.000,156,1060,0.01385,medium
sift_real,128,12,ADC,HAMMING,none,0.99,1000,100.00,true,false,false,true,1.000,1.000,100,1170,0.0002927,easy
sift_real,128,13,ADC,HAMMING,none,0.99,1000,100.00,true,false,false,true,1.000,1.000,62,290.0,0.002565,medium
sift_real,128,14,ADC,HAMMING,none,0.99,999,99.90,true,false,false,true,1.000,1.000,107,490.0,0.02819,medium
sift_real,128,15,ADC,HAMMING,none,0.99,1000,100.00,true,false,false,true,1.000,1.000,524,71.00,0.01462,hard
sift_real,128,16,ADC,HAMMING,none,0.99,1000,100.00,true,false,false,true,1.000,1.000,449,197.0,0.001353,hard
sift_real,128,17,ADC,HAMMING,none,0.99,1000,100.00,true,false,false,true,1.000,1.000,309,38.00,0.003033,hard
sift_real,128,18,ADC,HAMMING,none,0.99,1000,100.00,true,false,false,true,1.000,1.000,491,1096,0.001630,medium
sift_real,128,19,ADC,HAMMING,none,0.99,1000,100.00,true,false,false,true,1.000,1.000,75,429.0,0.0007144,medium
sift_real,128,20,ADC,HAMMING,none,0.99,1000,100.00,true,false,false,true,1.000,1.000,49,2068,0.003523,easy
sift_real,128,21,ADC,HAMMING,none,0.99,1000,100.00,true,false,false,true,1.000,1.000,113,790.0,0.03081,medium
sift_real,128,22,ADC,HAMMING,none,0.99,1000,100.00,true,false,false,true,1.000,1.000,83,246.0,0.006198,hard
sift_real,128,23,ADC,HAMMING,none,0.99,1000,100.00,true,false,false,true,1.000,1.000,153,104.0,0.0008301,hard
sift_real,128,24,ADC,HAMMING,none,0.99,1000,100.00,true,false,false,true,1.000,1.000,267,1903,9.517e-05,easy
sift_real,128,25,ADC,HAMMING,none,0.99,1000,100.00,true,false,false,true,1.000,1.000,224,274.0,0.009645,hard
sift_real,128,26,ADC,HAMMING,none,0.99,1000,100.00,true,false,false,true,1.000,1.000,93,2802,0.01138,easy
sift_real,128,27,ADC,HAMMING,none,0.99,1000,100.00,true,false,false,true,1.000,1.000,105,2090,0.002113,easy
sift_real,128,28,ADC,HAMMING,none,0.99,999,99.90,true,false,false,true,1.000,1.000,120,98.00,0.01294,hard
sift_real,128,29,ADC,HAMMING,none,0.99,1000,100.00,true,false,false,true,1.000,1.000,22,1851,0.005966,easy
sift_real,128,30,ADC,HAMMING,none,0.99,1000,100.00,true,false,false,true,1.000,1.000,358,26.00,0.005250,hard
sift_real,128,31,ADC,HAMMING,none,0.99,1000,100.00,true,false,false,true,1.000,1.000,334,58.00,0.0003780,hard
sift_real,128,32,ADC,HAMMING,none,0.99,1000,100.00,true,false,false,true,1.000,1.000,59,244.0,0.02224,hard
sift_real,128,33,ADC,HAMMING,none,0.99,1000,100.00,true,false,false,true,1.000,1.000,90,1524,0.01830,easy
sift_real,128,34,ADC,HAMMING,none,0.99,1000,100.00,true,false,false,true,1.000,1.000,409,314.0,0.002833,medium
sift_real,128,35,ADC,HAMMING,none,0.99,1000,100.00,true,false,false,true,1.000,1.000,300,408.0,0.003131,medium
sift_real,128,36,ADC,HAMMING,none,0.99,1000,100.00,true,false,false,false,0.900,1.000,421,1401,0.0002533,easy
sift_real,128,37,ADC,HAMMING,none,0.99,999,99.90,true,false,false,true,1.000,1.000,405,423.0,0.001959,medium
sift_real,128,38,ADC,HAMMING,none,0.99,1000,100.00,true,false,false,true,1.000,1.000,32,171.0,0.001576,hard
sift_real,128,39,ADC,HAMMING,none,0.99,1000,100.00,true,false,false,true,1.000,1.000,113,1240,0.005338,easy
sift_real,128,40,ADC,HAMMING,none,0.99,1000,100.00,true,false,false,true,1.000,1.000,25,3166,0.01468,easy
sift_real,128,41,ADC,HAMMING,none,0.99,999,99.90,true,false,false,true,1.000,1.000,198,161.0,0.0009595,hard
sift_real,128,42,ADC,HAMMING,none,0.99,1000,100.00,true,false,false,true,1.000,1.000,176,1760,0.004336,easy
sift_real,128,43,ADC,HAMMING,none,0.99,1000,100.00,true,false,false,true,1.000,1.000,173,971.0,0.002098,medium
sift_real,128,44,ADC,HAMMING,none,0.99,1000,100.00,true,false,false,true,1.000,1.000,69,2277,0.02121,easy
sift_real,128,45,ADC,HAMMING,none,0.99,1000,100.00,true,false,false,true,1.000,1.000,188,307.0,0.002944,medium
sift_real,128,46,ADC,HAMMING,none,0.99,1000,100.00,true,false,false,true,1.000,1.000,40,1232,0.01488,easy
sift_real,128,47,ADC,HAMMING,none,0.99,1000,100.00,true,false,false,true,1.000,1.000,75,2130,0.003773,easy
sift_real,128,48,ADC,HAMMING,none,0.99,1000,100.00,true,false,false,true,1.000,1.000,77,1.126e+04,0.01673,easy
sift_real,128,49,ADC,HAMMING,none,0.99,1000,100.00,true,false,false,true,1.000,1.000,67,459.0,0.002390,medium
sift_real,128,50,ADC,HAMMING,none,0.99,1000,100.00,true,false,false,true,1.000,1.000,45,27.00,0.01401,hard
sift_real,128,51,ADC,HAMMING,none,0.99,1000,100.00,true,false,false,true,1.000,1.000,221,29.00,0.01989,hard
sift_real,128,52,ADC,HAMMING,none,0.99,1000,100.00,true,false,false,true,1.000,1.000,213,251.0,0.007963,hard
sift_real,128,53,ADC,HAMMING,none,0.99,1000,100.00,true,false,false,true,1.000,1.000,163,1043,0.005183,medium
sift_real,128,54,ADC,HAMMING,none,0.99,1000,100.00,true,false,false,true,1.000,1.000,43,25.00,0.01500,hard
sift_real,128,55,ADC,HAMMING,none,0.99,1000,100.00,true,false,false,true,1.000,1.000,45,2725,0.03013,easy
sift_real,128,56,ADC,HAMMING,none,0.99,1000,100.00,true,false,false,true,1.000,1.000,190,1171,0.001169,easy
sift_real,128,57,ADC,HAMMING,none,0.99,1000,100.00,true,false,false,true,1.000,1.000,64,738.0,0.01976,medium
sift_real,128,58,ADC,HAMMING,none,0.99,1000,100.00,true,false,false,true,1.000,1.000,73,2877,0.01678,easy
sift_real,128,59,ADC,HAMMING,none,0.99,1000,100.00,true,false,false,true,1.000,1.000,21,280.0,0.05972,hard
sift_real,128,60,ADC,HAMMING,none,0.99,1000,100.00,true,false,false,true,1.000,1.000,279,558.0,0.009853,medium
sift_real,128,61,ADC,HAMMING,none,0.99,1000,100.00,true,false,false,true,1.000,1.000,126,2863,0.005127,easy
sift_real,128,62,ADC,HAMMING,none,0.99,1000,100.00,true,false,false,true,1.000,1.000,13,4677,0.001993,easy
sift_real,128,63,ADC,HAMMING,none,0.99,1000,100.00,true,false,false,true,1.000,1.000,313,82.00,0.004872,hard
sift_real,128,64,ADC,HAMMING,none,0.99,1000,100.00,true,false,false,true,1.000,1.000,132,665.0,0.003820,medium
sift_real,128,65,ADC,HAMMING,none,0.99,1000,100.00,true,false,false,true,1.000,1.000,242,1455,0.02968,easy
sift_real,128,66,ADC,HAMMING,none,0.99,1000,100.00,true,false,false,true,1.000,1.000,57,283.0,0.05033,hard
sift_real,128,67,ADC,HAMMING,none,0.99,1000,100.00,true,false,false,true,1.000,1.000,84,4169,0.006612,easy
sift_real,128,68,ADC,HAMMING,none,0.99,1000,100.00,true,false,false,true,1.000,1.000,85,206.0,0.004031,hard
sift_real,128,69,ADC,HAMMING,none,0.99,998,99.80,true,false,false,true,1.000,1.000,99,645.0,0.02174,medium
sift_real,128,70,ADC,HAMMING,none,0.99,1000,100.00,true,false,false,true,1.000,1.000,65,375.0,0.003545,medium
sift_real,128,71,ADC,HAMMING,none,0.99,1000,100.00,true,false,false,true,1.000,1.000,92,802.0,0.002852,medium
sift_real,128,72,ADC,HAMMING,none,0.99,1000,100.00,true,false,false,true,1.000,1.000,685,2688,0.01354,easy
sift_real,128,73,ADC,HAMMING,none,0.99,1000,100.00,true,false,false,true,1.000,1.000,40,51.00,0.01509,hard
sift_real,128,74,ADC,HAMMING,none,0.99,1000,100.00,true,false,false,true,1.000,1.000,71,151.0,0.002367,hard
sift_real,128,75,ADC,HAMMING,none,0.99,998,99.80,true,false,false,true,1.000,1.000,34,1517,0.01014,easy
sift_real,128,76,ADC,HAMMING,none,0.99,1000,100.00,true,false,false,true,1.000,1.000,232,282.0,0.02092,hard
sift_real,128,77,ADC,HAMMING,none,0.99,1000,100.00,true,false,false,true,1.000,1.000,470,683.0,0.001541,medium
sift_real,128,78,ADC,HAMMING,none,0.99,1000,100.00,true,false,false,true,1.000,1.000,98,796.0,0.001374,medium
sift_real,128,79,ADC,HAMMING,none,0.99,1000,100.00,true,false,false,true,1.000,1.000,18,944.0,0.005717,medium
sift_real,128,80,ADC,HAMMING,none,0.99,1000,100.00,true,false,false,true,1.000,1.000,389,967.0,0.001041,medium
sift_real,128,81,ADC,HAMMING,none,0.99,1000,100.00,true,false,false,true,1.000,1.000,927,272.0,0.009820,hard
sift_real,128,82,ADC,HAMMING,none,0.99,1000,100.00,true,false,false,true,1.000,1.000,57,1482,0.001013,easy
sift_real,128,83,ADC,HAMMING,none,0.99,1000,100.00,true,false,false,true,1.000,1.000,79,5554,0.03823,easy
sift_real,128,84,ADC,HAMMING,none,0.99,1000,100.00,true,false,false,true,1.000,1.000,71,1377,0.01581,easy
sift_real,128,85,ADC,HAMMING,none,0.99,1000,100.00,true,false,false,true,1.000,1.000,33,1.575e+04,0.002374,easy
sift_real,128,86,ADC,HAMMING,none,0.99,1000,100.00,true,false,false,true,1.000,1.000,53,458.0,0.002796,medium
sift_real,128,87,ADC,HAMMING,none,0.99,999,99.90,true,false,false,true,1.000,1.000,38,2505,0.02389,easy
sift_real,128,88,ADC,HAMMING,none,0.99,1000,100.00,true,false,false,true,1.000,1.000,18,40.00,0.3626,hard
sift_real,128,89,ADC,HAMMING,none,0.99,1000,100.00,true,false,false,true,1.000,1.000,96,1312,0.03010,easy
sift_real,128,90,ADC,HAMMING,none,0.99,1000,100.00,true,false,false,true,1.000,1.000,86,6.000,0.01536,hard
sift_real,128,91,ADC,HAMMING,none,0.99,1000,100.00,true,false,false,true,1.000,1.000,51,51.00,0.001735,hard
sift_real,128,92,ADC,HAMMING,none,0.99,1000,100.00,true,false,false,true,1.000,1.000,48,6810,0.08554,easy
sift_real,128,93,ADC,HAMMING,none,0.99,1000,100.00,true,false,false,true,1.000,1.000,122,498.0,0.006601,medium
sift_real,128,94,ADC,HAMMING,none,0.99,1000,100.00,true,false,false,true,1.000,1.000,34,2829,0.004427,easy
sift_real,128,95,ADC,HAMMING,none,0.99,1000,100.00,true,false,false,true,1.000,1.000,69,24.00,0.02097,hard
sift_real,128,96,ADC,HAMMING,none,0.99,1000,100.00,true,false,false,true,1.000,1.000,245,152.0,0.002127,hard
sift_real,128,97,ADC,HAMMING,none,0.99,1000,100.00,true,false,false,true,1.000,1.000,143,913.0,0.006167,medium
sift_real,128,98,ADC,HAMMING,none,0.99,1000,100.00,true,false,false,true,1.000,1.000,51,614.0,0.01701,medium
sift_real,128,99,ADC,HAMMING,none,0.99,1000,100.00,true,false,false,true,1.000,1.000,32,629.0,0.007432,medium
sift_real,128,0,ADC,HAMMING,bonferroni,0.99,1000,100.00,true,false,false,true,1.000,1.000,98,1071,0.004867,medium
sift_real,128,1,ADC,HAMMING,bonferroni,0.99,998,99.80,true,false,false,true,1.000,1.000,330,111.0,0.004809,hard
sift_real,128,2,ADC,HAMMING,bonferroni,0.99,1000,100.00,true,false,false,true,1.000,1.000,55,152.0,0.02987,hard
sift_real,128,3,ADC,HAMMING,bonferroni,0.99,1000,100.00,true,false,false,true,1.000,1.000,83,237.0,0.003342,hard
sift_real,128,4,ADC,HAMMING,bonferroni,0.99,1000,100.00,true,false,false,true,1.000,1.000,131,327.0,8.604e-05,medium
sift_real,128,5,ADC,HAMMING,bonferroni,0.99,1000,100.00,true,false,false,true,1.000,1.000,254,212.0,0.007974,hard
sift_real,128,6,ADC,HAMMING,bonferroni,0.99,1000,100.00,true,false,false,true,1.000,1.000,263,405.0,0.03419,medium
sift_real,128,7,ADC,HAMMING,bonferroni,0.99,1000,100.00,true,false,false,true,1.000,1.000,34,2434,0.005890,easy
sift_real,128,8,ADC,HAMMING,bonferroni,0.99,1000,100.00,true,false,false,true,1.000,1.000,819,591.0,0.004364,medium
sift_real,128,9,ADC,HAMMING,bonferroni,0.99,1000,100.00,true,false,false,true,1.000,1.000,402,986.0,0.002844,medium
sift_real,128,10,ADC,HAMMING,bonferroni,0.99,1000,100.00,true,false,false,true,1.000,1.000,135,150.0,0.009807,hard
sift_real,128,11,ADC,HAMMING,bonferroni,0.99,1000,100.00,true,false,false,true,1.000,1.000,156,1060,0.01385,medium
sift_real,128,12,ADC,HAMMING,bonferroni,0.99,1000,100.00,true,false,false,true,1.000,1.000,100,1170,0.0002927,easy
sift_real,128,13,ADC,HAMMING,bonferroni,0.99,1000,100.00,true,false,false,true,1.000,1.000,62,290.0,0.002565,medium
sift_real,128,14,ADC,HAMMING,bonferroni,0.99,999,99.90,true,false,false,true,1.000,1.000,107,490.0,0.02819,medium
sift_real,128,15,ADC,HAMMING,bonferroni,0.99,1000,100.00,true,false,false,true,1.000,1.000,524,71.00,0.01462,hard
sift_real,128,16,ADC,HAMMING,bonferroni,0.99,1000,100.00,true,false,false,true,1.000,1.000,449,197.0,0.001353,hard
sift_real,128,17,ADC,HAMMING,bonferroni,0.99,1000,100.00,true,false,false,true,1.000,1.000,309,38.00,0.003033,hard
sift_real,128,18,ADC,HAMMING,bonferroni,0.99,1000,100.00,true,false,false,true,1.000,1.000,491,1096,0.001630,medium
sift_real,128,19,ADC,HAMMING,bonferroni,0.99,1000,100.00,true,false,false,true,1.000,1.000,75,429.0,0.0007144,medium
sift_real,128,20,ADC,HAMMING,bonferroni,0.99,1000,100.00,true,false,false,true,1.000,1.000,49,2068,0.003523,easy
sift_real,128,21,ADC,HAMMING,bonferroni,0.99,1000,100.00,true,false,false,true,1.000,1.000,113,790.0,0.03081,medium
sift_real,128,22,ADC,HAMMING,bonferroni,0.99,1000,100.00,true,false,false,true,1.000,1.000,83,246.0,0.006198,hard
sift_real,128,23,ADC,HAMMING,bonferroni,0.99,1000,100.00,true,false,false,true,1.000,1.000,153,104.0,0.0008301,hard
sift_real,128,24,ADC,HAMMING,bonferroni,0.99,1000,100.00,true,false,false,true,1.000,1.000,267,1903,9.517e-05,easy
sift_real,128,25,ADC,HAMMING,bonferroni,0.99,1000,100.00,true,false,false,true,1.000,1.000,224,274.0,0.009645,hard
sift_real,128,26,ADC,HAMMING,bonferroni,0.99,1000,100.00,true,false,false,true,1.000,1.000,93,2802,0.01138,easy
sift_real,128,27,ADC,HAMMING,bonferroni,0.99,1000,100.00,true,false,false,true,1.000,1.000,105,2090,0.002113,easy
sift_real,128,28,ADC,HAMMING,bonferroni,0.99,999,99.90,true,false,false,true,1.000,1.000,120,98.00,0.01294,hard
sift_real,128,29,ADC,HAMMING,bonferroni,0.99,1000,100.00,true,false,false,true,1.000,1.000,22,1851,0.005966,easy
sift_real,128,30,ADC,HAMMING,bonferroni,0.99,1000,100.00,true,false,false,true,1.000,1.000,358,26.00,0.005250,hard
sift_real,128,31,ADC,HAMMING,bonferroni,0.99,1000,100.00,true,false,false,true,1.000,1.000,334,58.00,0.0003780,hard
sift_real,128,32,ADC,HAMMING,bonferroni,0.99,1000,100.00,true,false,false,true,1.000,1.000,59,244.0,0.02224,hard
sift_real,128,33,ADC,HAMMING,bonferroni,0.99,1000,100.00,true,false,false,true,1.000,1.000,90,1524,0.01830,easy
sift_real,128,34,ADC,HAMMING,bonferroni,0.99,1000,100.00,true,false,false,true,1.000,1.000,409,314.0,0.002833,medium
sift_real,128,35,ADC,HAMMING,bonferroni,0.99,1000,100.00,true,false,false,true,1.000,1.000,300,408.0,0.003131,medium
sift_real,128,36,ADC,HAMMING,bonferroni,0.99,1000,100.00,true,false,false,false,0.900,1.000,421,1401,0.0002533,easy
sift_real,128,37,ADC,HAMMING,bonferroni,0.99,999,99.90,true,false,false,true,1.000,1.000,405,423.0,0.001959,medium
sift_real,128,38,ADC,HAMMING,bonferroni,0.99,1000,100.00,true,false,false,true,1.000,1.000,32,171.0,0.001576,hard
sift_real,128,39,ADC,HAMMING,bonferroni,0.99,1000,100.00,true,false,false,true,1.000,1.000,113,1240,0.005338,easy
sift_real,128,40,ADC,HAMMING,bonferroni,0.99,1000,100.00,true,false,false,true,1.000,1.000,25,3166,0.01468,easy
sift_real,128,41,ADC,HAMMING,bonferroni,0.99,999,99.90,true,false,false,true,1.000,1.000,198,161.0,0.0009595,hard
sift_real,128,42,ADC,HAMMING,bonferroni,0.99,1000,100.00,true,false,false,true,1.000,1.000,176,1760,0.004336,easy
sift_real,128,43,ADC,HAMMING,bonferroni,0.99,1000,100.00,true,false,false,true,1.000,1.000,173,971.0,0.002098,medium
sift_real,128,44,ADC,HAMMING,bonferroni,0.99,1000,100.00,true,false,false,true,1.000,1.000,69,2277,0.02121,easy
sift_real,128,45,ADC,HAMMING,bonferroni,0.99,1000,100.00,true,false,false,true,1.000,1.000,188,307.0,0.002944,medium
sift_real,128,46,ADC,HAMMING,bonferroni,0.99,1000,100.00,true,false,false,true,1.000,1.000,40,1232,0.01488,easy
sift_real,128,47,ADC,HAMMING,bonferroni,0.99,1000,100.00,true,false,false,true,1.000,1.000,75,2130,0.003773,easy
sift_real,128,48,ADC,HAMMING,bonferroni,0.99,1000,100.00,true,false,false,true,1.000,1.000,77,1.126e+04,0.01673,easy
sift_real,128,49,ADC,HAMMING,bonferroni,0.99,1000,100.00,true,false,false,true,1.000,1.000,67,459.0,0.002390,medium
sift_real,128,50,ADC,HAMMING,bonferroni,0.99,1000,100.00,true,false,false,true,1.000,1.000,45,27.00,0.01401,hard
sift_real,128,51,ADC,HAMMING,bonferroni,0.99,1000,100.00,true,false,false,true,1.000,1.000,221,29.00,0.01989,hard
sift_real,128,52,ADC,HAMMING,bonferroni,0.99,1000,100.00,true,false,false,true,1.000,1.000,213,251.0,0.007963,hard
sift_real,128,53,ADC,HAMMING,bonferroni,0.99,1000,100.00,true,false,false,true,1.000,1.000,163,1043,0.005183,medium
sift_real,128,54,ADC,HAMMING,bonferroni,0.99,1000,100.00,true,false,false,true,1.000,1.000,43,25.00,0.01500,hard
sift_real,128,55,ADC,HAMMING,bonferroni,0.99,1000,100.00,true,false,false,true,1.000,1.000,45,2725,0.03013,easy
sift_real,128,56,ADC,HAMMING,bonferroni,0.99,1000,100.00,true,false,false,true,1.000,1.000,190,1171,0.001169,easy
sift_real,128,57,ADC,HAMMING,bonferroni,0.99,1000,100.00,true,false,false,true,1.000,1.000,64,738.0,0.01976,medium
sift_real,128,58,ADC,HAMMING,bonferroni,0.99,1000,100.00,true,false,false,true,1.000,1.000,73,2877,0.01678,easy
sift_real,128,59,ADC,HAMMING,bonferroni,0.99,1000,100.00,true,false,false,true,1.000,1.000,21,280.0,0.05972,hard
sift_real,128,60,ADC,HAMMING,bonferroni,0.99,1000,100.00,true,false,false,true,1.000,1.000,279,558.0,0.009853,medium
sift_real,128,61,ADC,HAMMING,bonferroni,0.99,1000,100.00,true,false,false,true,1.000,1.000,126,2863,0.005127,easy
sift_real,128,62,ADC,HAMMING,bonferroni,0.99,1000,100.00,true,false,false,true,1.000,1.000,13,4677,0.001993,easy
sift_real,128,63,ADC,HAMMING,bonferroni,0.99,1000,100.00,true,false,false,true,1.000,1.000,313,82.00,0.004872,hard
sift_real,128,64,ADC,HAMMING,bonferroni,0.99,1000,100.00,true,false,false,true,1.000,1.000,132,665.0,0.003820,medium
sift_real,128,65,ADC,HAMMING,bonferroni,0.99,1000,100.00,true,false,false,true,1.000,1.000,242,1455,0.02968,easy
sift_real,128,66,ADC,HAMMING,bonferroni,0.99,1000,100.00,true,false,false,true,1.000,1.000,57,283.0,0.05033,hard
sift_real,128,67,ADC,HAMMING,bonferroni,0.99,1000,100.00,true,false,false,true,1.000,1.000,84,4169,0.006612,easy
sift_real,128,68,ADC,HAMMING,bonferroni,0.99,1000,100.00,true,false,false,true,1.000,1.000,85,206.0,0.004031,hard
sift_real,128,69,ADC,HAMMING,bonferroni,0.99,999,99.90,true,false,false,true,1.000,1.000,99,645.0,0.02174,medium
sift_real,128,70,ADC,HAMMING,bonferroni,0.99,1000,100.00,true,false,false,true,1.000,1.000,65,375.0,0.003545,medium
sift_real,128,71,ADC,HAMMING,bonferroni,0.99,1000,100.00,true,false,false,true,1.000,1.000,92,802.0,0.002852,medium
sift_real,128,72,ADC,HAMMING,bonferroni,0.99,1000,100.00,true,false,false,true,1.000,1.000,685,2688,0.01354,easy
sift_real,128,73,ADC,HAMMING,bonferroni,0.99,1000,100.00,true,false,false,true,1.000,1.000,40,51.00,0.01509,hard
sift_real,128,74,ADC,HAMMING,bonferroni,0.99,1000,100.00,true,false,false,true,1.000,1.000,71,151.0,0.002367,hard
sift_real,128,75,ADC,HAMMING,bonferroni,0.99,999,99.90,true,false,false,true,1.000,1.000,34,1517,0.01014,easy
sift_real,128,76,ADC,HAMMING,bonferroni,0.99,1000,100.00,true,false,false,true,1.000,1.000,232,282.0,0.02092,hard
sift_real,128,77,ADC,HAMMING,bonferroni,0.99,1000,100.00,true,false,false,true,1.000,1.000,470,683.0,0.001541,medium
sift_real,128,78,ADC,HAMMING,bonferroni,0.99,1000,100.00,true,false,false,true,1.000,1.000,98,796.0,0.001374,medium
sift_real,128,79,ADC,HAMMING,bonferroni,0.99,1000,100.00,true,false,false,true,1.000,1.000,18,944.0,0.005717,medium
sift_real,128,80,ADC,HAMMING,bonferroni,0.99,1000,100.00,true,false,false,true,1.000,1.000,389,967.0,0.001041,medium
sift_real,128,81,ADC,HAMMING,bonferroni,0.99,1000,100.00,true,false,false,true,1.000,1.000,927,272.0,0.009820,hard
sift_real,128,82,ADC,HAMMING,bonferroni,0.99,1000,100.00,true,false,false,true,1.000,1.000,57,1482,0.001013,easy
sift_real,128,83,ADC,HAMMING,bonferroni,0.99,1000,100.00,true,false,false,true,1.000,1.000,79,5554,0.03823,easy
sift_real,128,84,ADC,HAMMING,bonferroni,0.99,1000,100.00,true,false,false,true,1.000,1.000,71,1377,0.01581,easy
sift_real,128,85,ADC,HAMMING,bonferroni,0.99,1000,100.00,true,false,false,true,1.000,1.000,33,1.575e+04,0.002374,easy
sift_real,128,86,ADC,HAMMING,bonferroni,0.99,1000,100.00,true,false,false,true,1.000,1.000,53,458.0,0.002796,medium
sift_real,128,87,ADC,HAMMING,bonferroni,0.99,999,99.90,true,false,false,true,1.000,1.000,38,2505,0.02389,easy
sift_real,128,88,ADC,HAMMING,bonferroni,0.99,1000,100.00,true,false,false,true,1.000,1.000,18,40.00,0.3626,hard
sift_real,128,89,ADC,HAMMING,bonferroni,0.99,1000,100.00,true,false,false,true,1.000,1.000,96,1312,0.03010,easy
sift_real,128,90,ADC,HAMMING,bonferroni,0.99,1000,100.00,true,false,false,true,1.000,1.000,86,6.000,0.01536,hard
sift_real,128,91,ADC,HAMMING,bonferroni,0.99,1000,100.00,true,false,false,true,1.000,1.000,51,51.00,0.001735,hard
sift_real,128,92,ADC,HAMMING,bonferroni,0.99,1000,100.00,true,false,false,true,1.000,1.000,48,6810,0.08554,easy
sift_real,128,93,ADC,HAMMING,bonferroni,0.99,1000,100.00,true,false,false,true,1.000,1.000,122,498.0,0.006601,medium
sift_real,128,94,ADC,HAMMING,bonferroni,0.99,1000,100.00,true,false,false,true,1.000,1.000,34,2829,0.004427,easy
sift_real,128,95,ADC,HAMMING,bonferroni,0.99,1000,100.00,true,false,false,true,1.000,1.000,69,24.00,0.02097,hard
sift_real,128,96,ADC,HAMMING,bonferroni,0.99,1000,100.00,true,false,false,true,1.000,1.000,245,152.0,0.002127,hard
sift_real,128,97,ADC,HAMMING,bonferroni,0.99,1000,100.00,true,false,false,true,1.000,1.000,143,913.0,0.006167,medium
sift_real,128,98,ADC,HAMMING,bonferroni,0.99,1000,100.00,true,false,false,true,1.000,1.000,51,614.0,0.01701,medium
sift_real,128,99,ADC,HAMMING,bonferroni,0.99,1000,100.00,true,false,false,true,1.000,1.000,32,629.0,0.007432,medium
isotropic,768,0,HAMMING,HAMMING,none,0.99,1000,100.00,true,false,false,false,0.900,1.000,941,0.1228,0.0006235,hard
isotropic,768,1,HAMMING,HAMMING,none,0.99,1000,100.00,true,false,false,false,0.700,1.000,926,0.9575,0.001996,medium
isotropic,768,2,HAMMING,HAMMING,none,0.99,1000,100.00,true,false,false,false,0.700,1.000,503,0.1494,0.002424,hard
isotropic,768,3,HAMMING,HAMMING,none,0.99,1000,100.00,true,false,false,false,0.700,1.000,562,1.471,0.003767,medium
isotropic,768,4,HAMMING,HAMMING,none,0.99,1000,100.00,true,false,false,false,0.600,1.000,704,3.467,0.004785,easy
isotropic,768,5,HAMMING,HAMMING,none,0.99,1000,100.00,true,false,false,false,0.700,1.000,751,0.3469,0.0005178,hard
isotropic,768,6,HAMMING,HAMMING,none,0.99,1000,100.00,true,false,false,false,0.300,1.000,993,1.368,0.0004615,medium
isotropic,768,7,HAMMING,HAMMING,none,0.99,1000,100.00,true,false,false,false,0.700,1.000,686,3.952,0.004238,easy
isotropic,768,8,HAMMING,HAMMING,none,0.99,1000,100.00,true,false,false,false,0.700,1.000,942,1.620,0.0004275,medium
isotropic,768,9,HAMMING,HAMMING,none,0.99,1000,100.00,true,false,false,false,0.800,1.000,802,5.742,0.0004601,easy
isotropic,768,10,HAMMING,HAMMING,none,0.99,335,33.50,true,false,true,false,0.600,0.800,915,0.2501,0.001232,hard
isotropic,768,11,HAMMING,HAMMING,none,0.99,1000,100.00,true,false,false,false,0.600,1.000,692,3.445,0.001895,easy
isotropic,768,12,HAMMING,HAMMING,none,0.99,1000,100.00,true,false,false,false,0.800,1.000,941,9.287,0.0001574,easy
isotropic,768,13,HAMMING,HAMMING,none,0.99,1000,100.00,true,false,false,false,0.700,1.000,908,0.7766,0.004179,hard
isotropic,768,14,HAMMING,HAMMING,none,0.99,1000,100.00,true,false,false,false,0.900,1.000,940,1.255,0.001821,medium
isotropic,768,15,HAMMING,HAMMING,none,0.99,1000,100.00,true,false,false,false,0.700,1.000,834,0.1681,0.0002761,hard
isotropic,768,16,HAMMING,HAMMING,none,0.99,1000,100.00,true,false,false,false,0.600,1.000,660,4.579,0.003062,easy
isotropic,768,17,HAMMING,HAMMING,none,0.99,1000,100.00,true,false,false,false,0.500,1.000,417,0.2405,0.0006140,hard
isotropic,768,18,HAMMING,HAMMING,none,0.99,1000,100.00,true,false,false,false,0.700,1.000,847,1.686,0.0006619,medium
isotropic,768,19,HAMMING,HAMMING,none,0.99,1000,100.00,true,false,false,false,0.800,1.000,624,10.06,0.005200,easy
isotropic,768,20,HAMMING,HAMMING,none,0.99,1000,100.00,true,false,false,false,0.700,1.000,672,1.550,0.0002851,medium
isotropic,768,21,HAMMING,HAMMING,none,0.99,1000,100.00,true,false,false,false,0.700,1.000,910,3.608,0.001296,easy
isotropic,768,22,HAMMING,HAMMING,none,0.99,958,95.80,true,false,false,false,0.800,1.000,958,0.7515,0.0009206,hard
isotropic,768,23,HAMMING,HAMMING,none,0.99,1000,100.00,true,false,false,false,0.800,1.000,845,2.927,0.003896,easy
isotropic,768,24,HAMMING,HAMMING,none,0.99,615,61.50,true,false,true,false,0.500,0.900,656,1.134,0.003112,medium
isotropic,768,25,HAMMING,HAMMING,none,0.99,179,17.90,true,false,true,true,0.400,0.400,450,0.06177,0.001199,hard
isotropic,768,26,HAMMING,HAMMING,none,0.99,1000,100.00,true,false,false,false,0.800,1.000,951,0.1177,0.001393,hard
isotropic,768,27,HAMMING,HAMMING,none,0.99,1000,100.00,true,false,false,false,0.800,1.000,640,0.06421,0.001675,hard
isotropic,768,28,HAMMING,HAMMING,none,0.99,1000,100.00,true,false,false,false,0.700,1.000,600,1.478,0.001790,medium
isotropic,768,29,HAMMING,HAMMING,none,0.99,1000,100.00,true,false,false,false,0.600,1.000,966,1.571,0.0003403,medium
isotropic,768,30,HAMMING,HAMMING,none,0.99,1000,100.00,true,false,false,false,0.800,1.000,879,3.217,0.0001938,easy
isotropic,768,31,HAMMING,HAMMING,none,0.99,1000,100.00,true,false,false,false,0.700,1.000,960,0.3033,0.001464,hard
isotropic,768,32,HAMMING,HAMMING,none,0.99,1000,100.00,true,false,false,false,0.800,1.000,986,2.481,0.0003053,medium
isotropic,768,33,HAMMING,HAMMING,none,0.99,1000,100.00,true,false,false,false,0.700,1.000,824,0.6855,0.0004106,hard
isotropic,768,34,HAMMING,HAMMING,none,0.99,1000,100.00,true,false,false,false,0.400,1.000,960,2.122,0.001117,medium
isotropic,768,35,HAMMING,HAMMING,none,0.99,907,90.70,true,false,false,false,0.600,1.000,759,1.432,0.001792,medium
isotropic,768,36,HAMMING,HAMMING,none,0.99,1000,100.00,true,false,false,false,0.900,1.000,934,3.688,0.003023,easy
isotropic,768,37,HAMMING,HAMMING,none,0.99,1000,100.00,true,false,false,true,1.000,1.000,955,2.816,0.0002542,easy
isotropic,768,38,HAMMING,HAMMING,none,0.99,1000,100.00,true,false,false,false,0.600,1.000,815,1.157,0.002466,medium
isotropic,768,39,HAMMING,HAMMING,none,0.99,1000,100.00,true,false,false,false,0.600,1.000,784,0.6821,0.002274,hard
isotropic,768,40,HAMMING,HAMMING,none,0.99,429,42.90,true,false,true,false,0.600,0.800,692,0.07971,0.0008615,hard
isotropic,768,41,HAMMING,HAMMING,none,0.99,1000,100.00,true,false,false,false,0.700,1.000,902,0.4369,0.0007250,hard
isotropic,768,42,HAMMING,HAMMING,none,0.99,1000,100.00,true,false,false,false,0.600,1.000,863,0.5065,0.001377,hard
isotropic,768,43,HAMMING,HAMMING,none,0.99,1000,100.00,true,false,false,false,0.700,1.000,973,0.01526,0.004385,hard
isotropic,768,44,HAMMING,HAMMING,none,0.99,1000,100.00,true,false,false,false,0.700,1.000,811,2.670,6.334e-05,easy
isotropic,768,45,HAMMING,HAMMING,none,0.99,109,10.90,true,false,true,false,0.200,0.300,750,0.2212,0.0004049,hard
isotropic,768,46,HAMMING,HAMMING,none,0.99,1000,100.00,true,false,false,false,0.600,1.000,868,1.364,0.003666,medium
isotropic,768,47,HAMMING,HAMMING,none,0.99,623,62.30,true,false,true,false,0.500,0.900,832,2.953,8.530e-05,easy
isotropic,768,48,HAMMING,HAMMING,none,0.99,1000,100.00,true,false,false,false,0.700,1.000,921,2.405,0.0001065,medium
isotropic,768,49,HAMMING,HAMMING,none,0.99,1000,100.00,true,false,false,false,0.600,1.000,714,1.386,0.001996,medium
isotropic,768,50,HAMMING,HAMMING,none,0.99,1000,100.00,true,false,false,true,1.000,1.000,790,2.966,0.002770,easy
isotropic,768,51,HAMMING,HAMMING,none,0.99,1000,100.00,true,false,false,false,0.700,1.000,817,3.417,0.001145,easy
isotropic,768,52,HAMMING,HAMMING,none,0.99,1000,100.00,true,false,false,false,0.700,1.000,788,6.129,0.0004225,easy
isotropic,768,53,HAMMING,HAMMING,none,0.99,1000,100.00,true,false,false,false,0.600,1.000,872,0.6379,0.002697,hard
isotropic,768,54,HAMMING,HAMMING,none,0.99,1000,100.00,true,false,false,true,1.000,1.000,883,2.113,0.0001622,medium
isotropic,768,55,HAMMING,HAMMING,none,0.99,1000,100.00,true,false,false,false,0.700,1.000,733,4.114,0.005554,easy
isotropic,768,56,HAMMING,HAMMING,none,0.99,1000,100.00,true,false,false,false,0.800,1.000,597,0.1639,0.001456,hard
isotropic,768,57,HAMMING,HAMMING,none,0.99,1000,100.00,true,false,false,false,0.700,1.000,639,1.244,0.0009655,medium
isotropic,768,58,HAMMING,HAMMING,none,0.99,452,45.20,true,false,true,true,0.900,0.900,643,4.212,0.005007,easy
isotropic,768,59,HAMMING,HAMMING,none,0.99,1000,100.00,true,false,false,false,0.800,1.000,677,1.451,0.003020,medium
isotropic,768,60,HAMMING,HAMMING,none,0.99,1000,100.00,true,false,false,false,0.600,1.000,966,8.890,0.002434,easy
isotropic,768,61,HAMMING,HAMMING,none,0.99,1000,100.00,true,false,false,false,0.900,1.000,678,0.3978,0.002529,hard
isotropic,768,62,HAMMING,HAMMING,none,0.99,786,78.60,true,false,true,false,0.600,0.900,973,0.08264,0.004194,hard
isotropic,768,63,HAMMING,HAMMING,none,0.99,1000,100.00,true,false,false,false,0.600,1.000,896,0.9456,0.001358,medium
isotropic,768,64,HAMMING,HAMMING,none,0.99,938,93.80,true,false,false,false,0.700,1.000,841,2.689,0.001195,easy
isotropic,768,65,HAMMING,HAMMING,none,0.99,1000,100.00,true,false,false,false,0.500,1.000,240,0.3702,0.0001549,hard
isotropic,768,66,HAMMING,HAMMING,none,0.99,624,62.40,true,false,true,false,0.500,0.800,877,4.117,0.002429,easy
isotropic,768,67,HAMMING,HAMMING,none,0.99,1000,100.00,true,false,false,false,0.800,1.000,778,0.6678,0.004474,hard
isotropic,768,68,HAMMING,HAMMING,none,0.99,1000,100.00,true,false,false,false,0.400,1.000,499,0.5225,0.005205,hard
isotropic,768,69,HAMMING,HAMMING,none,0.99,1000,100.00,true,false,false,false,0.600,1.000,650,4.911,0.0004759,easy
isotropic,768,70,HAMMING,HAMMING,none,0.99,209,20.90,true,false,true,false,0.500,0.700,858,4.492,0.0001441,easy
isotropic,768,71,HAMMING,HAMMING,none,0.99,1000,100.00,true,false,false,false,0.900,1.000,629,1.397,0.001600,medium
isotropic,768,72,HAMMING,HAMMING,none,0.99,1000,100.00,true,false,false,false,0.700,1.000,979,6.808,0.002090,easy
isotropic,768,73,HAMMING,HAMMING,none,0.99,1000,100.00,true,false,false,false,0.900,1.000,486,1.334,0.0004069,medium
isotropic,768,74,HAMMING,HAMMING,none,0.99,1000,100.00,true,false,false,false,0.600,1.000,934,0.2543,8.222e-05,hard
isotropic,768,75,HAMMING,HAMMING,none,0.99,1000,100.00,true,false,false,false,0.600,1.000,916,6.019,0.002193,easy
isotropic,768,76,HAMMING,HAMMING,none,0.99,716,71.60,true,false,true,false,0.700,0.900,937,0.8594,0.004520,medium
isotropic,768,77,HAMMING,HAMMING,none,0.99,1000,100.00,true,false,false,false,0.600,1.000,736,1.316,0.002928,medium
isotropic,768,78,HAMMING,HAMMING,none,0.99,1000,100.00,true,false,false,false,0.500,1.000,727,1.969,0.0006565,medium
isotropic,768,79,HAMMING,HAMMING,none,0.99,1000,100.00,true,false,false,true,1.000,1.000,604,1.456,0.001380,medium
isotropic,768,80,HAMMING,HAMMING,none,0.99,1000,100.00,true,false,false,false,0.900,1.000,679,1.235,0.001697,medium
isotropic,768,81,HAMMING,HAMMING,none,0.99,1000,100.00,true,false,false,false,0.400,1.000,1000,0.03101,0.0005523,hard
isotropic,768,82,HAMMING,HAMMING,none,0.99,1000,100.00,true,false,false,false,0.500,1.000,918,1.539,0.004199,medium
isotropic,768,83,HAMMING,HAMMING,none,0.99,1000,100.00,true,false,false,false,0.800,1.000,656,0.5880,0.003063,hard
isotropic,768,84,HAMMING,HAMMING,none,0.99,1000,100.00,true,false,false,false,0.600,1.000,901,2.921,0.01005,easy
isotropic,768,85,HAMMING,HAMMING,none,0.99,1000,100.00,true,false,false,false,0.800,1.000,990,0.1001,0.0001688,hard
isotropic,768,86,HAMMING,HAMMING,none,0.99,1000,100.00,true,false,false,false,0.700,1.000,996,0.8397,3.624e-05,hard
isotropic,768,87,HAMMING,HAMMING,none,0.99,1000,100.00,true,false,false,false,0.500,1.000,519,5.699,0.0002093,easy
isotropic,768,88,HAMMING,HAMMING,none,0.99,1000,100.00,true,false,false,false,0.700,1.000,861,0.1560,0.0006800,hard
isotropic,768,89,HAMMING,HAMMING,none,0.99,1000,100.00,true,false,false,false,0.800,1.000,860,2.034,5.112e-05,medium
isotropic,768,90,HAMMING,HAMMING,none,0.99,1000,100.00,true,false,false,false,0.800,1.000,724,2.935,0.0008629,easy
isotropic,768,91,HAMMING,HAMMING,none,0.99,1000,100.00,true,false,false,false,0.600,1.000,948,2.290,0.002256,medium
isotropic,768,92,HAMMING,HAMMING,none,0.99,1000,100.00,true,false,false,false,0.700,1.000,985,2.694,0.001801,easy
isotropic,768,93,HAMMING,HAMMING,none,0.99,1000,100.00,true,false,false,false,0.700,1.000,727,0.3497,0.001313,hard
isotropic,768,94,HAMMING,HAMMING,none,0.99,1000,100.00,true,false,false,false,0.900,1.000,809,3.304,0.001929,easy
isotropic,768,95,HAMMING,HAMMING,none,0.99,538,53.80,true,false,true,false,0.500,0.800,665,3.273,8.270e-05,easy
isotropic,768,96,HAMMING,HAMMING,none,0.99,1000,100.00,true,false,false,false,0.800,1.000,785,3.511,0.0002630,easy
isotropic,768,97,HAMMING,HAMMING,none,0.99,141,14.10,true,false,true,false,0.200,0.200,979,1.014,0.001395,medium
isotropic,768,98,HAMMING,HAMMING,none,0.99,1000,100.00,true,false,false,false,0.600,1.000,784,1.387,0.001967,medium
isotropic,768,99,HAMMING,HAMMING,none,0.99,1000,100.00,true,false,false,false,0.700,1.000,688,0.09302,0.002217,hard
isotropic,768,0,HAMMING,HAMMING,bonferroni,0.99,1000,100.00,true,false,false,false,0.900,1.000,941,0.1228,0.0006235,hard
isotropic,768,1,HAMMING,HAMMING,bonferroni,0.99,1000,100.00,true,false,false,false,0.700,1.000,926,0.9575,0.001996,medium
isotropic,768,2,HAMMING,HAMMING,bonferroni,0.99,1000,100.00,true,false,false,false,0.700,1.000,503,0.1494,0.002424,hard
isotropic,768,3,HAMMING,HAMMING,bonferroni,0.99,1000,100.00,true,false,false,false,0.700,1.000,562,1.471,0.003767,medium
isotropic,768,4,HAMMING,HAMMING,bonferroni,0.99,1000,100.00,true,false,false,false,0.600,1.000,704,3.467,0.004785,easy
isotropic,768,5,HAMMING,HAMMING,bonferroni,0.99,1000,100.00,true,false,false,false,0.700,1.000,751,0.3469,0.0005178,hard
isotropic,768,6,HAMMING,HAMMING,bonferroni,0.99,1000,100.00,true,false,false,false,0.300,1.000,993,1.368,0.0004615,medium
isotropic,768,7,HAMMING,HAMMING,bonferroni,0.99,1000,100.00,true,false,false,false,0.700,1.000,686,3.952,0.004238,easy
isotropic,768,8,HAMMING,HAMMING,bonferroni,0.99,1000,100.00,true,false,false,false,0.700,1.000,942,1.620,0.0004275,medium
isotropic,768,9,HAMMING,HAMMING,bonferroni,0.99,1000,100.00,true,false,false,false,0.800,1.000,802,5.742,0.0004601,easy
isotropic,768,10,HAMMING,HAMMING,bonferroni,0.99,998,99.80,true,false,false,false,0.600,1.000,915,0.2501,0.001232,hard
isotropic,768,11,HAMMING,HAMMING,bonferroni,0.99,1000,100.00,true,false,false,false,0.600,1.000,692,3.445,0.001895,easy
isotropic,768,12,HAMMING,HAMMING,bonferroni,0.99,1000,100.00,true,false,false,false,0.800,1.000,941,9.287,0.0001574,easy
isotropic,768,13,HAMMING,HAMMING,bonferroni,0.99,1000,100.00,true,false,false,false,0.700,1.000,908,0.7766,0.004179,hard
isotropic,768,14,HAMMING,HAMMING,bonferroni,0.99,1000,100.00,true,false,false,false,0.900,1.000,940,1.255,0.001821,medium
isotropic,768,15,HAMMING,HAMMING,bonferroni,0.99,1000,100.00,true,false,false,false,0.700,1.000,834,0.1681,0.0002761,hard
isotropic,768,16,HAMMING,HAMMING,bonferroni,0.99,1000,100.00,true,false,false,false,0.600,1.000,660,4.579,0.003062,easy
isotropic,768,17,HAMMING,HAMMING,bonferroni,0.99,1000,100.00,true,false,false,false,0.500,1.000,417,0.2405,0.0006140,hard
isotropic,768,18,HAMMING,HAMMING,bonferroni,0.99,1000,100.00,true,false,false,false,0.700,1.000,847,1.686,0.0006619,medium
isotropic,768,19,HAMMING,HAMMING,bonferroni,0.99,1000,100.00,true,false,false,false,0.800,1.000,624,10.06,0.005200,easy
isotropic,768,20,HAMMING,HAMMING,bonferroni,0.99,1000,100.00,true,false,false,false,0.700,1.000,672,1.550,0.0002851,medium
isotropic,768,21,HAMMING,HAMMING,bonferroni,0.99,1000,100.00,true,false,false,false,0.700,1.000,910,3.608,0.001296,easy
isotropic,768,22,HAMMING,HAMMING,bonferroni,0.99,999,99.90,true,false,false,false,0.800,1.000,958,0.7515,0.0009206,hard
isotropic,768,23,HAMMING,HAMMING,bonferroni,0.99,1000,100.00,true,false,false,false,0.800,1.000,845,2.927,0.003896,easy
isotropic,768,24,HAMMING,HAMMING,bonferroni,0.99,999,99.90,true,false,false,false,0.600,1.000,656,1.134,0.003112,medium
isotropic,768,25,HAMMING,HAMMING,bonferroni,0.99,992,99.20,true,false,false,true,1.000,1.000,450,0.06177,0.001199,hard
isotropic,768,26,HAMMING,HAMMING,bonferroni,0.99,1000,100.00,true,false,false,false,0.800,1.000,951,0.1177,0.001393,hard
isotropic,768,27,HAMMING,HAMMING,bonferroni,0.99,1000,100.00,true,false,false,false,0.800,1.000,640,0.06421,0.001675,hard
isotropic,768,28,HAMMING,HAMMING,bonferroni,0.99,1000,100.00,true,false,false,false,0.700,1.000,600,1.478,0.001790,medium
isotropic,768,29,HAMMING,HAMMING,bonferroni,0.99,1000,100.00,true,false,false,false,0.600,1.000,966,1.571,0.0003403,medium
isotropic,768,30,HAMMING,HAMMING,bonferroni,0.99,1000,100.00,true,false,false,false,0.800,1.000,879,3.217,0.0001938,easy
isotropic,768,31,HAMMING,HAMMING,bonferroni,0.99,1000,100.00,true,false,false,false,0.700,1.000,960,0.3033,0.001464,hard
isotropic,768,32,HAMMING,HAMMING,bonferroni,0.99,1000,100.00,true,false,false,false,0.800,1.000,986,2.481,0.0003053,medium
isotropic,768,33,HAMMING,HAMMING,bonferroni,0.99,1000,100.00,true,false,false,false,0.700,1.000,824,0.6855,0.0004106,hard
isotropic,768,34,HAMMING,HAMMING,bonferroni,0.99,1000,100.00,true,false,false,false,0.400,1.000,960,2.122,0.001117,medium
isotropic,768,35,HAMMING,HAMMING,bonferroni,0.99,999,99.90,true,false,false,false,0.600,1.000,759,1.432,0.001792,medium
isotropic,768,36,HAMMING,HAMMING,bonferroni,0.99,1000,100.00,true,false,false,false,0.900,1.000,934,3.688,0.003023,easy
isotropic,768,37,HAMMING,HAMMING,bonferroni,0.99,1000,100.00,true,false,false,true,1.000,1.000,955,2.816,0.0002542,easy
isotropic,768,38,HAMMING,HAMMING,bonferroni,0.99,1000,100.00,true,false,false,false,0.600,1.000,815,1.157,0.002466,medium
isotropic,768,39,HAMMING,HAMMING,bonferroni,0.99,1000,100.00,true,false,false,false,0.600,1.000,784,0.6821,0.002274,hard
isotropic,768,40,HAMMING,HAMMING,bonferroni,0.99,998,99.80,true,false,false,false,0.800,1.000,692,0.07971,0.0008615,hard
isotropic,768,41,HAMMING,HAMMING,bonferroni,0.99,1000,100.00,true,false,false,false,0.700,1.000,902,0.4369,0.0007250,hard
isotropic,768,42,HAMMING,HAMMING,bonferroni,0.99,1000,100.00,true,false,false,false,0.600,1.000,863,0.5065,0.001377,hard
isotropic,768,43,HAMMING,HAMMING,bonferroni,0.99,1000,100.00,true,false,false,false,0.700,1.000,973,0.01526,0.004385,hard
isotropic,768,44,HAMMING,HAMMING,bonferroni,0.99,1000,100.00,true,false,false,false,0.700,1.000,811,2.670,6.334e-05,easy
isotropic,768,45,HAMMING,HAMMING,bonferroni,0.99,987,98.70,true,false,false,false,0.800,1.000,750,0.2212,0.0004049,hard
isotropic,768,46,HAMMING,HAMMING,bonferroni,0.99,1000,100.00,true,false,false,false,0.600,1.000,868,1.364,0.003666,medium
isotropic,768,47,HAMMING,HAMMING,bonferroni,0.99,999,99.90,true,false,false,false,0.600,1.000,832,2.953,8.530e-05,easy
isotropic,768,48,HAMMING,HAMMING,bonferroni,0.99,1000,100.00,true,false,false,false,0.700,1.000,921,2.405,0.0001065,medium
isotropic,768,49,HAMMING,HAMMING,bonferroni,0.99,1000,100.00,true,false,false,false,0.600,1.000,714,1.386,0.001996,medium
isotropic,768,50,HAMMING,HAMMING,bonferroni,0.99,1000,100.00,true,false,false,true,1.000,1.000,790,2.966,0.002770,easy
isotropic,768,51,HAMMING,HAMMING,bonferroni,0.99,1000,100.00,true,false,false,false,0.700,1.000,817,3.417,0.001145,easy
isotropic,768,52,HAMMING,HAMMING,bonferroni,0.99,1000,100.00,true,false,false,false,0.700,1.000,788,6.129,0.0004225,easy
isotropic,768,53,HAMMING,HAMMING,bonferroni,0.99,1000,100.00,true,false,false,false,0.600,1.000,872,0.6379,0.002697,hard
isotropic,768,54,HAMMING,HAMMING,bonferroni,0.99,1000,100.00,true,false,false,true,1.000,1.000,883,2.113,0.0001622,medium
isotropic,768,55,HAMMING,HAMMING,bonferroni,0.99,1000,100.00,true,false,false,false,0.700,1.000,733,4.114,0.005554,easy
isotropic,768,56,HAMMING,HAMMING,bonferroni,0.99,1000,100.00,true,false,false,false,0.800,1.000,597,0.1639,0.001456,hard
isotropic,768,57,HAMMING,HAMMING,bonferroni,0.99,1000,100.00,true,false,false,false,0.700,1.000,639,1.244,0.0009655,medium
isotropic,768,58,HAMMING,HAMMING,bonferroni,0.99,997,99.70,true,false,false,true,1.000,1.000,643,4.212,0.005007,easy
isotropic,768,59,HAMMING,HAMMING,bonferroni,0.99,1000,100.00,true,false,false,false,0.800,1.000,677,1.451,0.003020,medium
isotropic,768,60,HAMMING,HAMMING,bonferroni,0.99,1000,100.00,true,false,false,false,0.600,1.000,966,8.890,0.002434,easy
isotropic,768,61,HAMMING,HAMMING,bonferroni,0.99,1000,100.00,true,false,false,false,0.900,1.000,678,0.3978,0.002529,hard
isotropic,768,62,HAMMING,HAMMING,bonferroni,0.99,999,99.90,true,false,false,false,0.700,1.000,973,0.08264,0.004194,hard
isotropic,768,63,HAMMING,HAMMING,bonferroni,0.99,1000,100.00,true,false,false,false,0.600,1.000,896,0.9456,0.001358,medium
isotropic,768,64,HAMMING,HAMMING,bonferroni,0.99,999,99.90,true,false,false,false,0.700,1.000,841,2.689,0.001195,easy
isotropic,768,65,HAMMING,HAMMING,bonferroni,0.99,1000,100.00,true,false,false,false,0.500,1.000,240,0.3702,0.0001549,hard
isotropic,768,66,HAMMING,HAMMING,bonferroni,0.99,998,99.80,true,false,false,false,0.700,1.000,877,4.117,0.002429,easy
isotropic,768,67,HAMMING,HAMMING,bonferroni,0.99,1000,100.00,true,false,false,false,0.800,1.000,778,0.6678,0.004474,hard
isotropic,768,68,HAMMING,HAMMING,bonferroni,0.99,1000,100.00,true,false,false,false,0.400,1.000,499,0.5225,0.005205,hard
isotropic,768,69,HAMMING,HAMMING,bonferroni,0.99,1000,100.00,true,false,false,false,0.600,1.000,650,4.911,0.0004759,easy
isotropic,768,70,HAMMING,HAMMING,bonferroni,0.99,995,99.50,true,false,false,false,0.600,1.000,858,4.492,0.0001441,easy
isotropic,768,71,HAMMING,HAMMING,bonferroni,0.99,1000,100.00,true,false,false,false,0.900,1.000,629,1.397,0.001600,medium
isotropic,768,72,HAMMING,HAMMING,bonferroni,0.99,1000,100.00,true,false,false,false,0.700,1.000,979,6.808,0.002090,easy
isotropic,768,73,HAMMING,HAMMING,bonferroni,0.99,1000,100.00,true,false,false,false,0.900,1.000,486,1.334,0.0004069,medium
isotropic,768,74,HAMMING,HAMMING,bonferroni,0.99,1000,100.00,true,false,false,false,0.600,1.000,934,0.2543,8.222e-05,hard
isotropic,768,75,HAMMING,HAMMING,bonferroni,0.99,1000,100.00,true,false,false,false,0.600,1.000,916,6.019,0.002193,easy
isotropic,768,76,HAMMING,HAMMING,bonferroni,0.99,999,99.90,true,false,false,false,0.800,1.000,937,0.8594,0.004520,medium
isotropic,768,77,HAMMING,HAMMING,bonferroni,0.99,1000,100.00,true,false,false,false,0.600,1.000,736,1.316,0.002928,medium
isotropic,768,78,HAMMING,HAMMING,bonferroni,0.99,1000,100.00,true,false,false,false,0.500,1.000,727,1.969,0.0006565,medium
isotropic,768,79,HAMMING,HAMMING,bonferroni,0.99,1000,100.00,true,false,false,true,1.000,1.000,604,1.456,0.001380,medium
isotropic,768,80,HAMMING,HAMMING,bonferroni,0.99,1000,100.00,true,false,false,false,0.900,1.000,679,1.235,0.001697,medium
isotropic,768,81,HAMMING,HAMMING,bonferroni,0.99,1000,100.00,true,false,false,false,0.400,1.000,1000,0.03101,0.0005523,hard
isotropic,768,82,HAMMING,HAMMING,bonferroni,0.99,1000,100.00,true,false,false,false,0.500,1.000,918,1.539,0.004199,medium
isotropic,768,83,HAMMING,HAMMING,bonferroni,0.99,1000,100.00,true,false,false,false,0.800,1.000,656,0.5880,0.003063,hard
isotropic,768,84,HAMMING,HAMMING,bonferroni,0.99,1000,100.00,true,false,false,false,0.600,1.000,901,2.921,0.01005,easy
isotropic,768,85,HAMMING,HAMMING,bonferroni,0.99,1000,100.00,true,false,false,false,0.800,1.000,990,0.1001,0.0001688,hard
isotropic,768,86,HAMMING,HAMMING,bonferroni,0.99,1000,100.00,true,false,false,false,0.700,1.000,996,0.8397,3.624e-05,hard
isotropic,768,87,HAMMING,HAMMING,bonferroni,0.99,1000,100.00,true,false,false,false,0.500,1.000,519,5.699,0.0002093,easy
isotropic,768,88,HAMMING,HAMMING,bonferroni,0.99,1000,100.00,true,false,false,false,0.700,1.000,861,0.1560,0.0006800,hard
isotropic,768,89,HAMMING,HAMMING,bonferroni,0.99,1000,100.00,true,false,false,false,0.800,1.000,860,2.034,5.112e-05,medium
isotropic,768,90,HAMMING,HAMMING,bonferroni,0.99,1000,100.00,true,false,false,false,0.800,1.000,724,2.935,0.0008629,easy
isotropic,768,91,HAMMING,HAMMING,bonferroni,0.99,1000,100.00,true,false,false,false,0.600,1.000,948,2.290,0.002256,medium
isotropic,768,92,HAMMING,HAMMING,bonferroni,0.99,1000,100.00,true,false,false,false,0.700,1.000,985,2.694,0.001801,easy
isotropic,768,93,HAMMING,HAMMING,bonferroni,0.99,1000,100.00,true,false,false,false,0.700,1.000,727,0.3497,0.001313,hard
isotropic,768,94,HAMMING,HAMMING,bonferroni,0.99,1000,100.00,true,false,false,false,0.900,1.000,809,3.304,0.001929,easy
isotropic,768,95,HAMMING,HAMMING,bonferroni,0.99,999,99.90,true,false,false,false,0.700,1.000,665,3.273,8.270e-05,easy
isotropic,768,96,HAMMING,HAMMING,bonferroni,0.99,1000,100.00,true,false,false,false,0.800,1.000,785,3.511,0.0002630,easy
isotropic,768,97,HAMMING,HAMMING,bonferroni,0.99,990,99.00,true,false,false,false,0.900,1.000,979,1.014,0.001395,medium
isotropic,768,98,HAMMING,HAMMING,bonferroni,0.99,1000,100.00,true,false,false,false,0.600,1.000,784,1.387,0.001967,medium
isotropic,768,99,HAMMING,HAMMING,bonferroni,0.99,1000,100.00,true,false,false,false,0.700,1.000,688,0.09302,0.002217,hard
isotropic,768,0,ADC,ADC,none,0.99,144,14.40,true,false,true,true,0.600,0.600,645,0.1228,0.0006235,hard
isotropic,768,1,ADC,ADC,none,0.99,277,27.70,true,false,true,false,0.600,0.800,553,0.9575,0.001996,medium
isotropic,768,2,ADC,ADC,none,0.99,418,41.80,true,false,true,false,0.600,0.700,989,0.1494,0.002424,hard
isotropic,768,3,ADC,ADC,none,0.99,241,24.10,true,false,true,true,0.600,0.600,503,1.471,0.003767,medium
isotropic,768,4,ADC,ADC,none,0.99,331,33.10,true,false,true,false,0.600,0.700,755,3.467,0.004785,easy
isotropic,768,5,ADC,ADC,none,0.99,206,20.60,true,false,true,true,0.700,0.700,709,0.3469,0.0005178,hard
isotropic,768,6,ADC,ADC,none,0.99,420,42.00,true,false,true,false,0.200,0.600,797,1.368,0.0004615,medium
isotropic,768,7,ADC,ADC,none,0.99,209,20.90,true,false,true,false,0.700,0.700,338,3.952,0.004238,easy
isotropic,768,8,ADC,ADC,none,0.99,253,25.30,true,false,true,false,0.400,0.500,732,1.620,0.0004275,medium
isotropic,768,9,ADC,ADC,none,0.99,137,13.70,true,false,true,true,0.600,0.600,660,5.742,0.0004601,easy
isotropic,768,10,ADC,ADC,none,0.99,843,84.30,true,false,true,false,0.700,0.900,947,0.2501,0.001232,hard
isotropic,768,11,ADC,ADC,none,0.99,1000,100.00,true,false,false,false,0.700,1.000,997,3.445,0.001895,easy
isotropic,768,12,ADC,ADC,none,0.99,50,5.00,true,false,true,false,0.400,0.500,275,9.287,0.0001574,easy
isotropic,768,13,ADC,ADC,none,0.99,632,63.20,true,false,true,false,0.800,0.900,807,0.7766,0.004179,hard
isotropic,768,14,ADC,ADC,none,0.99,185,18.50,true,false,true,true,0.500,0.500,807,1.255,0.001821,medium
isotropic,768,15,ADC,ADC,none,0.99,270,27.00,true,false,true,false,0.700,0.800,391,0.1681,0.0002761,hard
isotropic,768,16,ADC,ADC,none,0.99,102,10.20,true,false,true,false,0.500,0.600,708,4.579,0.003062,easy
isotropic,768,17,ADC,ADC,none,0.99,444,44.40,true,false,true,false,0.700,0.700,956,0.2405,0.0006140,hard
isotropic,768,18,ADC,ADC,none,0.99,170,17.00,true,false,true,false,0.600,0.700,973,1.686,0.0006619,medium
isotropic,768,19,ADC,ADC,none,0.99,324,32.40,true,false,true,true,0.900,0.900,692,10.06,0.005200,easy
isotropic,768,20,ADC,ADC,none,0.99,64,6.40,true,false,true,false,0.400,0.500,919,1.550,0.0002851,medium
isotropic,768,21,ADC,ADC,none,0.99,195,19.50,true,false,true,false,0.700,0.800,775,3.608,0.001296,easy
isotropic,768,22,ADC,ADC,none,0.99,452,45.20,true,false,true,false,0.800,0.900,683,0.7515,0.0009206,hard
isotropic,768,23,ADC,ADC,none,0.99,97,9.70,true,false,true,false,0.500,0.500,336,2.927,0.003896,easy
isotropic,768,24,ADC,ADC,none,0.99,551,55.10,true,false,true,true,0.900,0.900,585,1.134,0.003112,medium
isotropic,768,25,ADC,ADC,none,0.99,339,33.90,true,false,false,true,1.000,1.000,339,0.06177,0.001199,hard
isotropic,768,26,ADC,ADC,none,0.99,225,22.50,true,false,true,true,0.300,0.300,994,0.1177,0.001393,hard
isotropic,768,27,ADC,ADC,none,0.99,525,52.50,true,false,true,false,0.800,0.900,669,0.06421,0.001675,hard
isotropic,768,28,ADC,ADC,none,0.99,204,20.40,true,false,true,false,0.600,0.600,584,1.478,0.001790,medium
isotropic,768,29,ADC,ADC,none,0.99,383,38.30,true,false,true,true,0.800,0.800,494,1.571,0.0003403,medium
isotropic,768,30,ADC,ADC,none,0.99,124,12.40,true,false,true,false,0.600,0.600,497,3.217,0.0001938,easy
isotropic,768,31,ADC,ADC,none,0.99,125,12.50,true,false,true,false,0.400,0.600,329,0.3033,0.001464,hard
isotropic,768,32,ADC,ADC,none,0.99,269,26.90,true,false,true,false,0.600,0.700,537,2.481,0.0003053,medium
isotropic,768,33,ADC,ADC,none,0.99,228,22.80,true,false,true,false,0.800,0.900,286,0.6855,0.0004106,hard
isotropic,768,34,ADC,ADC,none,0.99,133,13.30,true,false,true,false,0.300,0.400,923,2.122,0.001117,medium
isotropic,768,35,ADC,ADC,none,0.99,766,76.60,true,false,true,true,0.800,0.800,899,1.432,0.001792,medium
isotropic,768,36,ADC,ADC,none,0.99,33,3.30,true,false,true,true,0.500,0.500,752,3.688,0.003023,easy
isotropic,768,37,ADC,ADC,none,0.99,259,25.90,true,false,true,true,0.700,0.700,536,2.816,0.0002542,easy
isotropic,768,38,ADC,ADC,none,0.99,362,36.20,true,false,true,false,0.600,0.700,641,1.157,0.002466,medium
isotropic,768,39,ADC,ADC,none,0.99,526,52.60,true,false,true,false,0.600,0.700,630,0.6821,0.002274,hard
isotropic,768,40,ADC,ADC,none,0.99,371,37.10,true,false,true,false,0.900,0.900,702,0.07971,0.0008615,hard
isotropic,768,41,ADC,ADC,none,0.99,273,27.30,true,false,false,false,0.900,1.000,256,0.4369,0.0007250,hard
isotropic,768,42,ADC,ADC,none,0.99,264,26.40,true,false,true,false,0.600,0.700,856,0.5065,0.001377,hard
isotropic,768,43,ADC,ADC,none,0.99,102,10.20,true,false,true,true,0.500,0.500,876,0.01526,0.004385,hard
isotropic,768,44,ADC,ADC,none,0.99,298,29.80,true,false,true,true,0.800,0.800,550,2.670,6.334e-05,easy
isotropic,768,45,ADC,ADC,none,0.99,1000,100.00,true,false,false,false,0.800,1.000,669,0.2212,0.0004049,hard
isotropic,768,46,ADC,ADC,none,0.99,568,56.80,true,false,true,true,0.700,0.700,936,1.364,0.003666,medium
isotropic,768,47,ADC,ADC,none,0.99,561,56.10,true,false,false,false,0.900,1.000,419,2.953,8.530e-05,easy
isotropic,768,48,ADC,ADC,none,0.99,292,29.20,true,false,true,false,0.700,0.900,779,2.405,0.0001065,medium
isotropic,768,49,ADC,ADC,none,0.99,151,15.10,true,false,true,true,0.500,0.500,971,1.386,0.001996,medium
isotropic,768,50,ADC,ADC,none,0.99,157,15.70,true,false,true,true,0.800,0.800,859,2.966,0.002770,easy
isotropic,768,51,ADC,ADC,none,0.99,172,17.20,true,false,true,false,0.600,0.600,857,3.417,0.001145,easy
isotropic,768,52,ADC,ADC,none,0.99,46,4.60,true,false,true,true,0.500,0.500,600,6.129,0.0004225,easy
isotropic,768,53,ADC,ADC,none,0.99,129,12.90,true,false,true,false,0.300,0.300,772,0.6379,0.002697,hard
isotropic,768,54,ADC,ADC,none,0.99,281,28.10,true,false,true,true,0.900,0.900,608,2.113,0.0001622,medium
isotropic,768,55,ADC,ADC,none,0.99,501,50.10,true,false,true,false,0.800,0.900,995,4.114,0.005554,easy
isotropic,768,56,ADC,ADC,none,0.99,766,76.60,true,false,true,true,0.900,0.900,792,0.1639,0.001456,hard
isotropic,768,57,ADC,ADC,none,0.99,271,27.10,true,false,true,true,0.800,0.800,531,1.244,0.0009655,medium
isotropic,768,58,ADC,ADC,none,0.99,321,32.10,true,false,false,true,1.000,1.000,321,4.212,0.005007,easy
isotropic,768,59,ADC,ADC,none,0.99,417,41.70,true,false,true,true,0.800,0.800,714,1.451,0.003020,medium
isotropic,768,60,ADC,ADC,none,0.99,144,14.40,true,false,true,false,0.400,0.500,817,8.890,0.002434,easy
isotropic,768,61,ADC,ADC,none,0.99,254,25.40,true,false,true,true,0.800,0.800,430,0.3978,0.002529,hard
isotropic,768,62,ADC,ADC,none,0.99,717,71.70,true,false,true,false,0.800,0.900,775,0.08264,0.004194,hard
isotropic,768,63,ADC,ADC,none,0.99,189,18.90,true,false,true,false,0.600,0.700,460,0.9456,0.001358,medium
isotropic,768,64,ADC,ADC,none,0.99,489,48.90,true,false,true,false,0.800,0.900,1000,2.689,0.001195,easy
isotropic,768,65,ADC,ADC,none,0.99,288,28.80,true,false,true,false,0.400,0.700,801,0.3702,0.0001549,hard
isotropic,768,66,ADC,ADC,none,0.99,819,81.90,true,false,false,false,0.900,1.000,819,4.117,0.002429,easy
isotropic,768,67,ADC,ADC,none,0.99,121,12.10,true,false,true,false,0.400,0.400,982,0.6678,0.004474,hard
isotropic,768,68,ADC,ADC,none,0.99,53,5.30,true,false,true,false,0.300,0.400,452,0.5225,0.005205,hard
isotropic,768,69,ADC,ADC,none,0.99,272,27.20,true,false,true,false,0.500,0.500,843,4.911,0.0004759,easy
isotropic,768,70,ADC,ADC,none,0.99,1000,100.00,true,false,false,true,1.000,1.000,949,4.492,0.0001441,easy
isotropic,768,71,ADC,ADC,none,0.99,273,27.30,true,false,true,false,0.700,0.900,812,1.397,0.001600,medium
isotropic,768,72,ADC,ADC,none,0.99,76,7.60,true,false,true,false,0.500,0.500,684,6.808,0.002090,easy
isotropic,768,73,ADC,ADC,none,0.99,57,5.70,true,false,true,true,0.400,0.400,925,1.334,0.0004069,medium
isotropic,768,74,ADC,ADC,none,0.99,328,32.80,true,false,true,false,0.800,0.800,530,0.2543,8.222e-05,hard
isotropic,768,75,ADC,ADC,none,0.99,266,26.60,true,false,true,false,0.700,0.800,394,6.019,0.002193,easy
isotropic,768,76,ADC,ADC,none,0.99,1000,100.00,true,false,false,false,0.800,1.000,625,0.8594,0.004520,medium
isotropic,768,77,ADC,ADC,none,0.99,187,18.70,true,false,true,false,0.700,0.700,380,1.316,0.002928,medium
isotropic,768,78,ADC,ADC,none,0.99,347,34.70,true,false,true,true,0.700,0.700,903,1.969,0.0006565,medium
isotropic,768,79,ADC,ADC,none,0.99,288,28.80,true,false,true,true,0.600,0.600,590,1.456,0.001380,medium
isotropic,768,80,ADC,ADC,none,0.99,119,11.90,true,false,true,false,0.400,0.500,846,1.235,0.001697,medium
isotropic,768,81,ADC,ADC,none,0.99,328,32.80,true,false,true,true,0.700,0.700,989,0.03101,0.0005523,hard
isotropic,768,82,ADC,ADC,none,0.99,212,21.20,true,false,true,true,0.500,0.500,969,1.539,0.004199,medium
isotropic,768,83,ADC,ADC,none,0.99,43,4.30,true,false,true,false,0.600,0.600,555,0.5880,0.003063,hard
isotropic,768,84,ADC,ADC,none,0.99,361,36.10,true,false,true,false,0.900,0.900,845,2.921,0.01005,easy
isotropic,768,85,ADC,ADC,none,0.99,182,18.20,true,false,true,true,0.800,0.800,708,0.1001,0.0001688,hard
isotropic,768,86,ADC,ADC,none,0.99,290,29.00,true,false,true,true,0.600,0.600,650,0.8397,3.624e-05,hard
isotropic,768,87,ADC,ADC,none,0.99,99,9.90,true,false,true,false,0.300,0.300,769,5.699,0.0002093,easy
isotropic,768,88,ADC,ADC,none,0.99,194,19.40,true,false,true,false,0.300,0.400,556,0.1560,0.0006800,hard
isotropic,768,89,ADC,ADC,none,0.99,164,16.40,true,false,true,true,0.600,0.600,933,2.034,5.112e-05,medium
isotropic,768,90,ADC,ADC,none,0.99,133,13.30,true,false,true,true,0.800,0.800,991,2.935,0.0008629,easy
isotropic,768,91,ADC,ADC,none,0.99,184,18.40,true,false,true,false,0.700,0.900,867,2.290,0.002256,medium
isotropic,768,92,ADC,ADC,none,0.99,314,31.40,true,false,true,false,0.700,0.700,413,2.694,0.001801,easy
isotropic,768,93,ADC,ADC,none,0.99,474,47.40,true,false,true,true,0.700,0.700,895,0.3497,0.001313,hard
isotropic,768,94,ADC,ADC,none,0.99,113,11.30,true,false,true,true,0.600,0.600,649,3.304,0.001929,easy
isotropic,768,95,ADC,ADC,none,0.99,689,68.90,true,false,false,false,0.900,1.000,449,3.273,8.270e-05,easy
isotropic,768,96,ADC,ADC,none,0.99,414,41.40,true,false,true,false,0.800,0.900,607,3.511,0.0002630,easy
isotropic,768,97,ADC,ADC,none,0.99,1000,100.00,true,false,false,false,0.900,1.000,828,1.014,0.001395,medium
isotropic,768,98,ADC,ADC,none,0.99,91,9.10,true,false,true,true,0.600,0.600,634,1.387,0.001967,medium
isotropic,768,99,ADC,ADC,none,0.99,278,27.80,true,false,true,false,0.700,0.800,675,0.09302,0.002217,hard
isotropic,768,0,ADC,ADC,bonferroni,0.99,994,99.40,true,false,false,true,1.000,1.000,645,0.1228,0.0006235,hard
isotropic,768,1,ADC,ADC,bonferroni,0.99,998,99.80,true,false,false,false,0.800,1.000,553,0.9575,0.001996,medium
isotropic,768,2,ADC,ADC,bonferroni,0.99,998,99.80,true,false,false,false,0.900,1.000,989,0.1494,0.002424,hard
isotropic,768,3,ADC,ADC,bonferroni,0.99,997,99.70,true,false,false,true,1.000,1.000,503,1.471,0.003767,medium
isotropic,768,4,ADC,ADC,bonferroni,0.99,998,99.80,true,false,false,false,0.800,1.000,755,3.467,0.004785,easy
isotropic,768,5,ADC,ADC,bonferroni,0.99,996,99.60,true,false,false,true,1.000,1.000,709,0.3469,0.0005178,hard
isotropic,768,6,ADC,ADC,bonferroni,0.99,999,99.90,true,false,false,false,0.500,1.000,797,1.368,0.0004615,medium
isotropic,768,7,ADC,ADC,bonferroni,0.99,996,99.60,true,false,false,false,0.900,1.000,338,3.952,0.004238,easy
isotropic,768,8,ADC,ADC,bonferroni,0.99,997,99.70,true,false,false,false,0.900,1.000,732,1.620,0.0004275,medium
isotropic,768,9,ADC,ADC,bonferroni,0.99,994,99.40,true,false,false,true,1.000,1.000,660,5.742,0.0004601,easy
isotropic,768,10,ADC,ADC,bonferroni,0.99,999,99.90,true,false,false,false,0.800,1.000,947,0.2501,0.001232,hard
isotropic,768,11,ADC,ADC,bonferroni,0.99,1000,100.00,true,false,false,false,0.700,1.000,997,3.445,0.001895,easy
isotropic,768,12,ADC,ADC,bonferroni,0.99,993,99.30,true,false,false,false,0.900,1.000,275,9.287,0.0001574,easy
isotropic,768,13,ADC,ADC,bonferroni,0.99,999,99.90,true,false,false,false,0.900,1.000,807,0.7766,0.004179,hard
isotropic,768,14,ADC,ADC,bonferroni,0.99,992,99.20,true,false,false,true,1.000,1.000,807,1.255,0.001821,medium
isotropic,768,15,ADC,ADC,bonferroni,0.99,997,99.70,true,false,false,false,0.800,1.000,391,0.1681,0.0002761,hard
isotropic,768,16,ADC,ADC,bonferroni,0.99,994,99.40,true,false,false,false,0.900,1.000,708,4.579,0.003062,easy
isotropic,768,17,ADC,ADC,bonferroni,0.99,998,99.80,true,false,false,false,0.900,1.000,956,0.2405,0.0006140,hard
isotropic,768,18,ADC,ADC,bonferroni,0.99,997,99.70,true,false,false,false,0.900,1.000,973,1.686,0.0006619,medium
isotropic,768,19,ADC,ADC,bonferroni,0.99,998,99.80,true,false,false,true,1.000,1.000,692,10.06,0.005200,easy
isotropic,768,20,ADC,ADC,bonferroni,0.99,994,99.40,true,false,false,false,0.800,1.000,919,1.550,0.0002851,medium
isotropic,768,21,ADC,ADC,bonferroni,0.99,996,99.60,true,false,false,false,0.900,1.000,775,3.608,0.001296,easy
isotropic,768,22,ADC,ADC,bonferroni,0.99,999,99.90,true,false,false,false,0.900,1.000,683,0.7515,0.0009206,hard
isotropic,768,23,ADC,ADC,bonferroni,0.99,989,98.90,true,false,false,false,0.900,1.000,336,2.927,0.003896,easy
isotropic,768,24,ADC,ADC,bonferroni,0.99,999,99.90,true,false,false,true,1.000,1.000,585,1.134,0.003112,medium
isotropic,768,25,ADC,ADC,bonferroni,0.99,998,99.80,true,false,false,true,1.000,1.000,339,0.06177,0.001199,hard
isotropic,768,26,ADC,ADC,bonferroni,0.99,992,99.20,true,false,true,true,0.900,0.900,994,0.1177,0.001393,hard
isotropic,768,27,ADC,ADC,bonferroni,0.99,999,99.90,true,false,false,false,0.900,1.000,669,0.06421,0.001675,hard
isotropic,768,28,ADC,ADC,bonferroni,0.99,995,99.50,true,false,false,false,0.900,1.000,584,1.478,0.001790,medium
isotropic,768,29,ADC,ADC,bonferroni,0.99,998,99.80,true,false,false,true,1.000,1.000,494,1.571,0.0003403,medium
isotropic,768,30,ADC,ADC,bonferroni,0.99,995,99.50,true,false,false,false,0.900,1.000,497,3.217,0.0001938,easy
isotropic,768,31,ADC,ADC,bonferroni,0.99,996,99.60,true,false,false,false,0.700,1.000,329,0.3033,0.001464,hard
isotropic,768,32,ADC,ADC,bonferroni,0.99,997,99.70,true,false,false,false,0.900,1.000,537,2.481,0.0003053,medium
isotropic,768,33,ADC,ADC,bonferroni,0.99,998,99.80,true,false,false,false,0.900,1.000,286,0.6855,0.0004106,hard
isotropic,768,34,ADC,ADC,bonferroni,0.99,996,99.60,true,false,false,false,0.700,1.000,923,2.122,0.001117,medium
isotropic,768,35,ADC,ADC,bonferroni,0.99,999,99.90,true,false,false,true,1.000,1.000,899,1.432,0.001792,medium
isotropic,768,36,ADC,ADC,bonferroni,0.99,966,96.60,true,false,false,true,1.000,1.000,752,3.688,0.003023,easy
isotropic,768,37,ADC,ADC,bonferroni,0.99,997,99.70,true,false,false,true,1.000,1.000,536,2.816,0.0002542,easy
isotropic,768,38,ADC,ADC,bonferroni,0.99,997,99.70,true,false,false,false,0.900,1.000,641,1.157,0.002466,medium
isotropic,768,39,ADC,ADC,bonferroni,0.99,998,99.80,true,false,false,false,0.800,1.000,630,0.6821,0.002274,hard
isotropic,768,40,ADC,ADC,bonferroni,0.99,999,99.90,true,false,false,false,0.900,1.000,702,0.07971,0.0008615,hard
isotropic,768,41,ADC,ADC,bonferroni,0.99,999,99.90,true,false,false,false,0.900,1.000,256,0.4369,0.0007250,hard
isotropic,768,42,ADC,ADC,bonferroni,0.99,998,99.80,true,false,false,false,0.800,1.000,856,0.5065,0.001377,hard
isotropic,768,43,ADC,ADC,bonferroni,0.99,987,98.70,true,false,false,true,1.000,1.000,876,0.01526,0.004385,hard
isotropic,768,44,ADC,ADC,bonferroni,0.99,998,99.80,true,false,false,true,1.000,1.000,550,2.670,6.334e-05,easy
isotropic,768,45,ADC,ADC,bonferroni,0.99,1000,100.00,true,false,false,false,0.800,1.000,669,0.2212,0.0004049,hard
isotropic,768,46,ADC,ADC,bonferroni,0.99,999,99.90,true,false,false,true,1.000,1.000,936,1.364,0.003666,medium
isotropic,768,47,ADC,ADC,bonferroni,0.99,999,99.90,true,false,false,false,0.900,1.000,419,2.953,8.530e-05,easy
isotropic,768,48,ADC,ADC,bonferroni,0.99,998,99.80,true,false,false,false,0.800,1.000,779,2.405,0.0001065,medium
isotropic,768,49,ADC,ADC,bonferroni,0.99,994,99.40,true,false,false,true,1.000,1.000,971,1.386,0.001996,medium
isotropic,768,50,ADC,ADC,bonferroni,0.99,997,99.70,true,false,false,true,1.000,1.000,859,2.966,0.002770,easy
isotropic,768,51,ADC,ADC,bonferroni,0.99,996,99.60,true,false,false,false,0.800,1.000,857,3.417,0.001145,easy
isotropic,768,52,ADC,ADC,bonferroni,0.99,983,98.30,true,false,false,true,1.000,1.000,600,6.129,0.0004225,easy
isotropic,768,53,ADC,ADC,bonferroni,0.99,993,99.30,true,false,false,false,0.900,1.000,772,0.6379,0.002697,hard
isotropic,768,54,ADC,ADC,bonferroni,0.99,998,99.80,true,false,false,true,1.000,1.000,608,2.113,0.0001622,medium
isotropic,768,55,ADC,ADC,bonferroni,0.99,999,99.90,true,false,false,false,0.900,1.000,995,4.114,0.005554,easy
isotropic,768,56,ADC,ADC,bonferroni,0.99,999,99.90,true,false,false,true,1.000,1.000,792,0.1639,0.001456,hard
isotropic,768,57,ADC,ADC,bonferroni,0.99,997,99.70,true,false,false,true,1.000,1.000,531,1.244,0.0009655,medium
isotropic,768,58,ADC,ADC,bonferroni,0.99,998,99.80,true,false,false,true,1.000,1.000,321,4.212,0.005007,easy
isotropic,768,59,ADC,ADC,bonferroni,0.99,998,99.80,true,false,false,true,1.000,1.000,714,1.451,0.003020,medium
isotropic,768,60,ADC,ADC,bonferroni,0.99,992,99.20,true,false,false,false,0.700,1.000,817,8.890,0.002434,easy
isotropic,768,61,ADC,ADC,bonferroni,0.99,997,99.70,true,false,false,true,1.000,1.000,430,0.3978,0.002529,hard
isotropic,768,62,ADC,ADC,bonferroni,0.99,999,99.90,true,false,false,false,0.900,1.000,775,0.08264,0.004194,hard
isotropic,768,63,ADC,ADC,bonferroni,0.99,995,99.50,true,false,false,false,0.800,1.000,460,0.9456,0.001358,medium
isotropic,768,64,ADC,ADC,bonferroni,0.99,999,99.90,true,false,true,false,0.800,0.900,1000,2.689,0.001195,easy
isotropic,768,65,ADC,ADC,bonferroni,0.99,998,99.80,true,false,false,false,0.600,1.000,801,0.3702,0.0001549,hard
isotropic,768,66,ADC,ADC,bonferroni,0.99,999,99.90,true,false,false,false,0.900,1.000,819,4.117,0.002429,easy
isotropic,768,67,ADC,ADC,bonferroni,0.99,990,99.00,true,false,false,false,0.900,1.000,982,0.6678,0.004474,hard
isotropic,768,68,ADC,ADC,bonferroni,0.99,991,99.10,true,false,false,false,0.900,1.000,452,0.5225,0.005205,hard
isotropic,768,69,ADC,ADC,bonferroni,0.99,998,99.80,true,false,false,false,0.900,1.000,843,4.911,0.0004759,easy
isotropic,768,70,ADC,ADC,bonferroni,0.99,1000,100.00,true,false,false,true,1.000,1.000,949,4.492,0.0001441,easy
isotropic,768,71,ADC,ADC,bonferroni,0.99,998,99.80,true,false,false,false,0.800,1.000,812,1.397,0.001600,medium
isotropic,768,72,ADC,ADC,bonferroni,0.99,970,97.00,true,false,false,false,0.800,1.000,684,6.808,0.002090,easy
isotropic,768,73,ADC,ADC,bonferroni,0.99,944,94.40,true,false,false,true,1.000,1.000,925,1.334,0.0004069,medium
isotropic,768,74,ADC,ADC,bonferroni,0.99,998,99.80,true,false,false,false,0.900,1.000,530,0.2543,8.222e-05,hard
isotropic,768,75,ADC,ADC,bonferroni,0.99,998,99.80,true,false,false,false,0.900,1.000,394,6.019,0.002193,easy
isotropic,768,76,ADC,ADC,bonferroni,0.99,1000,100.00,true,false,false,false,0.800,1.000,625,0.8594,0.004520,medium
isotropic,768,77,ADC,ADC,bonferroni,0.99,998,99.80,true,false,false,false,0.900,1.000,380,1.316,0.002928,medium
isotropic,768,78,ADC,ADC,bonferroni,0.99,998,99.80,true,false,false,true,1.000,1.000,903,1.969,0.0006565,medium
isotropic,768,79,ADC,ADC,bonferroni,0.99,994,99.40,true,false,false,true,1.000,1.000,590,1.456,0.001380,medium
isotropic,768,80,ADC,ADC,bonferroni,0.99,990,99.00,true,false,false,false,0.800,1.000,846,1.235,0.001697,medium
isotropic,768,81,ADC,ADC,bonferroni,0.99,996,99.60,true,false,false,true,1.000,1.000,989,0.03101,0.0005523,hard
isotropic,768,82,ADC,ADC,bonferroni,0.99,994,99.40,true,false,false,true,1.000,1.000,969,1.539,0.004199,medium
isotropic,768,83,ADC,ADC,bonferroni,0.99,993,99.30,true,false,false,false,0.800,1.000,555,0.5880,0.003063,hard
isotropic,768,84,ADC,ADC,bonferroni,0.99,997,99.70,true,false,false,false,0.900,1.000,845,2.921,0.01005,easy
isotropic,768,85,ADC,ADC,bonferroni,0.99,997,99.70,true,false,false,true,1.000,1.000,708,0.1001,0.0001688,hard
isotropic,768,86,ADC,ADC,bonferroni,0.99,995,99.50,true,false,false,true,1.000,1.000,650,0.8397,3.624e-05,hard
isotropic,768,87,ADC,ADC,bonferroni,0.99,988,98.80,true,false,false,false,0.900,1.000,769,5.699,0.0002093,easy
isotropic,768,88,ADC,ADC,bonferroni,0.99,996,99.60,true,false,false,false,0.800,1.000,556,0.1560,0.0006800,hard
isotropic,768,89,ADC,ADC,bonferroni,0.99,997,99.70,true,false,false,true,1.000,1.000,933,2.034,5.112e-05,medium
isotropic,768,90,ADC,ADC,bonferroni,0.99,996,99.60,true,false,false,true,1.000,1.000,991,2.935,0.0008629,easy
isotropic,768,91,ADC,ADC,bonferroni,0.99,996,99.60,true,false,false,false,0.800,1.000,867,2.290,0.002256,medium
isotropic,768,92,ADC,ADC,bonferroni,0.99,997,99.70,true,false,false,false,0.900,1.000,413,2.694,0.001801,easy
isotropic,768,93,ADC,ADC,bonferroni,0.99,998,99.80,true,false,false,true,1.000,1.000,895,0.3497,0.001313,hard
isotropic,768,94,ADC,ADC,bonferroni,0.99,995,99.50,true,false,false,true,1.000,1.000,649,3.304,0.001929,easy
isotropic,768,95,ADC,ADC,bonferroni,0.99,999,99.90,true,false,false,false,0.900,1.000,449,3.273,8.270e-05,easy
isotropic,768,96,ADC,ADC,bonferroni,0.99,999,99.90,true,false,false,false,0.900,1.000,607,3.511,0.0002630,easy
isotropic,768,97,ADC,ADC,bonferroni,0.99,1000,100.00,true,false,false,false,0.900,1.000,828,1.014,0.001395,medium
isotropic,768,98,ADC,ADC,bonferroni,0.99,990,99.00,true,false,false,true,1.000,1.000,634,1.387,0.001967,medium
isotropic,768,99,ADC,ADC,bonferroni,0.99,997,99.70,true,false,false,false,0.900,1.000,675,0.09302,0.002217,hard
isotropic,768,0,ADC,HAMMING,none,0.99,1000,100.00,true,false,false,true,1.000,1.000,645,0.1228,0.0006235,hard
isotropic,768,1,ADC,HAMMING,none,0.99,1000,100.00,true,false,false,false,0.800,1.000,553,0.9575,0.001996,medium
isotropic,768,2,ADC,HAMMING,none,0.99,1000,100.00,true,false,false,false,0.900,1.000,989,0.1494,0.002424,hard
isotropic,768,3,ADC,HAMMING,none,0.99,1000,100.00,true,false,false,true,1.000,1.000,503,1.471,0.003767,medium
isotropic,768,4,ADC,HAMMING,none,0.99,1000,100.00,true,false,false,false,0.800,1.000,755,3.467,0.004785,easy
isotropic,768,5,ADC,HAMMING,none,0.99,1000,100.00,true,false,false,true,1.000,1.000,709,0.3469,0.0005178,hard
isotropic,768,6,ADC,HAMMING,none,0.99,1000,100.00,true,false,false,false,0.500,1.000,797,1.368,0.0004615,medium
isotropic,768,7,ADC,HAMMING,none,0.99,1000,100.00,true,false,false,false,0.900,1.000,338,3.952,0.004238,easy
isotropic,768,8,ADC,HAMMING,none,0.99,1000,100.00,true,false,false,false,0.900,1.000,732,1.620,0.0004275,medium
isotropic,768,9,ADC,HAMMING,none,0.99,1000,100.00,true,false,false,true,1.000,1.000,660,5.742,0.0004601,easy
isotropic,768,10,ADC,HAMMING,none,0.99,978,97.80,true,false,false,false,0.800,1.000,947,0.2501,0.001232,hard
isotropic,768,11,ADC,HAMMING,none,0.99,998,99.80,true,false,false,false,0.700,1.000,997,3.445,0.001895,easy
isotropic,768,12,ADC,HAMMING,none,0.99,1000,100.00,true,false,false,false,0.900,1.000,275,9.287,0.0001574,easy
isotropic,768,13,ADC,HAMMING,none,0.99,1000,100.00,true,false,false,false,0.900,1.000,807,0.7766,0.004179,hard
isotropic,768,14,ADC,HAMMING,none,0.99,1000,100.00,true,false,false,true,1.000,1.000,807,1.255,0.001821,medium
isotropic,768,15,ADC,HAMMING,none,0.99,1000,100.00,true,false,false,false,0.800,1.000,391,0.1681,0.0002761,hard
isotropic,768,16,ADC,HAMMING,none,0.99,999,99.90,true,false,false,false,0.900,1.000,708,4.579,0.003062,easy
isotropic,768,17,ADC,HAMMING,none,0.99,1000,100.00,true,false,false,false,0.900,1.000,956,0.2405,0.0006140,hard
isotropic,768,18,ADC,HAMMING,none,0.99,1000,100.00,true,false,false,false,0.900,1.000,973,1.686,0.0006619,medium
isotropic,768,19,ADC,HAMMING,none,0.99,1000,100.00,true,false,false,true,1.000,1.000,692,10.06,0.005200,easy
isotropic,768,20,ADC,HAMMING,none,0.99,1000,100.00,true,false,false,false,0.800,1.000,919,1.550,0.0002851,medium
isotropic,768,21,ADC,HAMMING,none,0.99,998,99.80,true,false,false,false,0.900,1.000,775,3.608,0.001296,easy
isotropic,768,22,ADC,HAMMING,none,0.99,999,99.90,true,false,false,false,0.900,1.000,683,0.7515,0.0009206,hard
isotropic,768,23,ADC,HAMMING,none,0.99,1000,100.00,true,false,false,false,0.900,1.000,336,2.927,0.003896,easy
isotropic,768,24,ADC,HAMMING,none,0.99,984,98.40,true,false,false,true,1.000,1.000,585,1.134,0.003112,medium
isotropic,768,25,ADC,HAMMING,none,0.99,764,76.40,true,false,false,true,1.000,1.000,339,0.06177,0.001199,hard
isotropic,768,26,ADC,HAMMING,none,0.99,1000,100.00,true,false,false,true,1.000,1.000,994,0.1177,0.001393,hard
isotropic,768,27,ADC,HAMMING,none,0.99,1000,100.00,true,false,false,false,0.900,1.000,669,0.06421,0.001675,hard
isotropic,768,28,ADC,HAMMING,none,0.99,1000,100.00,true,false,false,false,0.900,1.000,584,1.478,0.001790,medium
isotropic,768,29,ADC,HAMMING,none,0.99,1000,100.00,true,false,false,true,1.000,1.000,494,1.571,0.0003403,medium
isotropic,768,30,ADC,HAMMING,none,0.99,1000,100.00,true,false,false,false,0.900,1.000,497,3.217,0.0001938,easy
isotropic,768,31,ADC,HAMMING,none,0.99,1000,100.00,true,false,false,false,0.700,1.000,329,0.3033,0.001464,hard
isotropic,768,32,ADC,HAMMING,none,0.99,1000,100.00,true,false,false,false,0.900,1.000,537,2.481,0.0003053,medium
isotropic,768,33,ADC,HAMMING,none,0.99,1000,100.00,true,false,false,false,0.900,1.000,286,0.6855,0.0004106,hard
isotropic,768,34,ADC,HAMMING,none,0.99,1000,100.00,true,false,false,false,0.700,1.000,923,2.122,0.001117,medium
isotropic,768,35,ADC,HAMMING,none,0.99,999,99.90,true,false,false,true,1.000,1.000,899,1.432,0.001792,medium
isotropic,768,36,ADC,HAMMING,none,0.99,1000,100.00,true,false,false,true,1.000,1.000,752,3.688,0.003023,easy
isotropic,768,37,ADC,HAMMING,none,0.99,1000,100.00,true,false,false,true,1.000,1.000,536,2.816,0.0002542,easy
isotropic,768,38,ADC,HAMMING,none,0.99,1000,100.00,true,false,false,false,0.900,1.000,641,1.157,0.002466,medium
isotropic,768,39,ADC,HAMMING,none,0.99,1000,100.00,true,false,false,false,0.800,1.000,630,0.6821,0.002274,hard
isotropic,768,40,ADC,HAMMING,none,0.99,976,97.60,true,false,false,false,0.900,1.000,702,0.07971,0.0008615,hard
isotropic,768,41,ADC,HAMMING,none,0.99,1000,100.00,true,false,false,false,0.900,1.000,256,0.4369,0.0007250,hard
isotropic,768,42,ADC,HAMMING,none,0.99,999,99.90,true,false,false,false,0.800,1.000,856,0.5065,0.001377,hard
isotropic,768,43,ADC,HAMMING,none,0.99,1000,100.00,true,false,false,true,1.000,1.000,876,0.01526,0.004385,hard
isotropic,768,44,ADC,HAMMING,none,0.99,1000,100.00,true,false,false,true,1.000,1.000,550,2.670,6.334e-05,easy
isotropic,768,45,ADC,HAMMING,none,0.99,836,83.60,true,false,false,false,0.800,1.000,669,0.2212,0.0004049,hard
isotropic,768,46,ADC,HAMMING,none,0.99,999,99.90,true,false,false,true,1.000,1.000,936,1.364,0.003666,medium
isotropic,768,47,ADC,HAMMING,none,0.99,999,99.90,true,false,false,false,0.900,1.000,419,2.953,8.530e-05,easy
isotropic,768,48,ADC,HAMMING,none,0.99,999,99.90,true,false,false,false,0.800,1.000,779,2.405,0.0001065,medium
isotropic,768,49,ADC,HAMMING,none,0.99,1000,100.00,true,false,false,true,1.000,1.000,971,1.386,0.001996,medium
isotropic,768,50,ADC,HAMMING,none,0.99,1000,100.00,true,false,false,true,1.000,1.000,859,2.966,0.002770,easy
isotropic,768,51,ADC,HAMMING,none,0.99,1000,100.00,true,false,false,false,0.800,1.000,857,3.417,0.001145,easy
isotropic,768,52,ADC,HAMMING,none,0.99,1000,100.00,true,false,false,true,1.000,1.000,600,6.129,0.0004225,easy
isotropic,768,53,ADC,HAMMING,none,0.99,1000,100.00,true,false,false,false,0.900,1.000,772,0.6379,0.002697,hard
isotropic,768,54,ADC,HAMMING,none,0.99,998,99.80,true,false,false,true,1.000,1.000,608,2.113,0.0001622,medium
isotropic,768,55,ADC,HAMMING,none,0.99,1000,100.00,true,false,false,false,0.900,1.000,995,4.114,0.005554,easy
isotropic,768,56,ADC,HAMMING,none,0.99,995,99.50,true,false,false,true,1.000,1.000,792,0.1639,0.001456,hard
isotropic,768,57,ADC,HAMMING,none,0.99,1000,100.00,true,false,false,true,1.000,1.000,531,1.244,0.0009655,medium
isotropic,768,58,ADC,HAMMING,none,0.99,986,98.60,true,false,false,true,1.000,1.000,321,4.212,0.005007,easy
isotropic,768,59,ADC,HAMMING,none,0.99,1000,100.00,true,false,false,true,1.000,1.000,714,1.451,0.003020,medium
isotropic,768,60,ADC,HAMMING,none,0.99,1000,100.00,true,false,false,false,0.700,1.000,817,8.890,0.002434,easy
isotropic,768,61,ADC,HAMMING,none,0.99,998,99.80,true,false,false,true,1.000,1.000,430,0.3978,0.002529,hard
isotropic,768,62,ADC,HAMMING,none,0.99,983,98.30,true,false,false,false,0.900,1.000,775,0.08264,0.004194,hard
isotropic,768,63,ADC,HAMMING,none,0.99,1000,100.00,true,false,false,false,0.800,1.000,460,0.9456,0.001358,medium
isotropic,768,64,ADC,HAMMING,none,0.99,998,99.80,true,false,true,false,0.800,0.900,1000,2.689,0.001195,easy
isotropic,768,65,ADC,HAMMING,none,0.99,999,99.90,true,false,false,false,0.600,1.000,801,0.3702,0.0001549,hard
isotropic,768,66,ADC,HAMMING,none,0.99,989,98.90,true,false,false,false,0.900,1.000,819,4.117,0.002429,easy
isotropic,768,67,ADC,HAMMING,none,0.99,1000,100.00,true,false,false,false,0.900,1.000,982,0.6678,0.004474,hard
isotropic,768,68,ADC,HAMMING,none,0.99,1000,100.00,true,false,false,false,0.900,1.000,452,0.5225,0.005205,hard
isotropic,768,69,ADC,HAMMING,none,0.99,999,99.90,true,false,false,false,0.900,1.000,843,4.911,0.0004759,easy
isotropic,768,70,ADC,HAMMING,none,0.99,963,96.30,true,false,false,true,1.000,1.000,949,4.492,0.0001441,easy
isotropic,768,71,ADC,HAMMING,none,0.99,1000,100.00,true,false,false,false,0.800,1.000,812,1.397,0.001600,medium
isotropic,768,72,ADC,HAMMING,none,0.99,1000,100.00,true,false,false,false,0.800,1.000,684,6.808,0.002090,easy
isotropic,768,73,ADC,HAMMING,none,0.99,1000,100.00,true,false,false,true,1.000,1.000,925,1.334,0.0004069,medium
isotropic,768,74,ADC,HAMMING,none,0.99,999,99.90,true,false,false,false,0.900,1.000,530,0.2543,8.222e-05,hard
isotropic,768,75,ADC,HAMMING,none,0.99,992,99.20,true,false,false,false,0.900,1.000,394,6.019,0.002193,easy
isotropic,768,76,ADC,HAMMING,none,0.99,998,99.80,true,false,false,false,0.800,1.000,625,0.8594,0.004520,medium
isotropic,768,77,ADC,HAMMING,none,0.99,1000,100.00,true,false,false,false,0.900,1.000,380,1.316,0.002928,medium
isotropic,768,78,ADC,HAMMING,none,0.99,1000,100.00,true,false,false,true,1.000,1.000,903,1.969,0.0006565,medium
isotropic,768,79,ADC,HAMMING,none,0.99,1000,100.00,true,false,false,true,1.000,1.000,590,1.456,0.001380,medium
isotropic,768,80,ADC,HAMMING,none,0.99,1000,100.00,true,false,false,false,0.800,1.000,846,1.235,0.001697,medium
isotropic,768,81,ADC,HAMMING,none,0.99,994,99.40,true,false,false,true,1.000,1.000,989,0.03101,0.0005523,hard
isotropic,768,82,ADC,HAMMING,none,0.99,1000,100.00,true,false,false,true,1.000,1.000,969,1.539,0.004199,medium
isotropic,768,83,ADC,HAMMING,none,0.99,1000,100.00,true,false,false,false,0.800,1.000,555,0.5880,0.003063,hard
isotropic,768,84,ADC,HAMMING,none,0.99,999,99.90,true,false,false,false,0.900,1.000,845,2.921,0.01005,easy
isotropic,768,85,ADC,HAMMING,none,0.99,1000,100.00,true,false,false,true,1.000,1.000,708,0.1001,0.0001688,hard
isotropic,768,86,ADC,HAMMING,none,0.99,1000,100.00,true,false,false,true,1.000,1.000,650,0.8397,3.624e-05,hard
isotropic,768,87,ADC,HAMMING,none,0.99,1000,100.00,true,false,false,false,0.900,1.000,769,5.699,0.0002093,easy
isotropic,768,88,ADC,HAMMING,none,0.99,1000,100.00,true,false,false,false,0.800,1.000,556,0.1560,0.0006800,hard
isotropic,768,89,ADC,HAMMING,none,0.99,1000,100.00,true,false,false,true,1.000,1.000,933,2.034,5.112e-05,medium
isotropic,768,90,ADC,HAMMING,none,0.99,1000,100.00,true,false,false,true,1.000,1.000,991,2.935,0.0008629,easy
isotropic,768,91,ADC,HAMMING,none,0.99,1000,100.00,true,false,false,false,0.800,1.000,867,2.290,0.002256,medium
isotropic,768,92,ADC,HAMMING,none,0.99,1000,100.00,true,false,false,false,0.900,1.000,413,2.694,0.001801,easy
isotropic,768,93,ADC,HAMMING,none,0.99,998,99.80,true,false,false,true,1.000,1.000,895,0.3497,0.001313,hard
isotropic,768,94,ADC,HAMMING,none,0.99,1000,100.00,true,false,false,true,1.000,1.000,649,3.304,0.001929,easy
isotropic,768,95,ADC,HAMMING,none,0.99,993,99.30,true,false,false,false,0.900,1.000,449,3.273,8.270e-05,easy
isotropic,768,96,ADC,HAMMING,none,0.99,1000,100.00,true,false,false,false,0.900,1.000,607,3.511,0.0002630,easy
isotropic,768,97,ADC,HAMMING,none,0.99,574,57.40,true,false,true,false,0.900,0.900,828,1.014,0.001395,medium
isotropic,768,98,ADC,HAMMING,none,0.99,1000,100.00,true,false,false,true,1.000,1.000,634,1.387,0.001967,medium
isotropic,768,99,ADC,HAMMING,none,0.99,997,99.70,true,false,false,false,0.900,1.000,675,0.09302,0.002217,hard
isotropic,768,0,ADC,HAMMING,bonferroni,0.99,1000,100.00,true,false,false,true,1.000,1.000,645,0.1228,0.0006235,hard
isotropic,768,1,ADC,HAMMING,bonferroni,0.99,1000,100.00,true,false,false,false,0.800,1.000,553,0.9575,0.001996,medium
isotropic,768,2,ADC,HAMMING,bonferroni,0.99,1000,100.00,true,false,false,false,0.900,1.000,989,0.1494,0.002424,hard
isotropic,768,3,ADC,HAMMING,bonferroni,0.99,1000,100.00,true,false,false,true,1.000,1.000,503,1.471,0.003767,medium
isotropic,768,4,ADC,HAMMING,bonferroni,0.99,1000,100.00,true,false,false,false,0.800,1.000,755,3.467,0.004785,easy
isotropic,768,5,ADC,HAMMING,bonferroni,0.99,1000,100.00,true,false,false,true,1.000,1.000,709,0.3469,0.0005178,hard
isotropic,768,6,ADC,HAMMING,bonferroni,0.99,1000,100.00,true,false,false,false,0.500,1.000,797,1.368,0.0004615,medium
isotropic,768,7,ADC,HAMMING,bonferroni,0.99,1000,100.00,true,false,false,false,0.900,1.000,338,3.952,0.004238,easy
isotropic,768,8,ADC,HAMMING,bonferroni,0.99,1000,100.00,true,false,false,false,0.900,1.000,732,1.620,0.0004275,medium
isotropic,768,9,ADC,HAMMING,bonferroni,0.99,1000,100.00,true,false,false,true,1.000,1.000,660,5.742,0.0004601,easy
isotropic,768,10,ADC,HAMMING,bonferroni,0.99,998,99.80,true,false,false,false,0.800,1.000,947,0.2501,0.001232,hard
isotropic,768,11,ADC,HAMMING,bonferroni,0.99,998,99.80,true,false,false,false,0.700,1.000,997,3.445,0.001895,easy
isotropic,768,12,ADC,HAMMING,bonferroni,0.99,1000,100.00,true,false,false,false,0.900,1.000,275,9.287,0.0001574,easy
isotropic,768,13,ADC,HAMMING,bonferroni,0.99,1000,100.00,true,false,false,false,0.900,1.000,807,0.7766,0.004179,hard
isotropic,768,14,ADC,HAMMING,bonferroni,0.99,1000,100.00,true,false,false,true,1.000,1.000,807,1.255,0.001821,medium
isotropic,768,15,ADC,HAMMING,bonferroni,0.99,1000,100.00,true,false,false,false,0.800,1.000,391,0.1681,0.0002761,hard
isotropic,768,16,ADC,HAMMING,bonferroni,0.99,999,99.90,true,false,false,false,0.900,1.000,708,4.579,0.003062,easy
isotropic,768,17,ADC,HAMMING,bonferroni,0.99,1000,100.00,true,false,false,false,0.900,1.000,956,0.2405,0.0006140,hard
isotropic,768,18,ADC,HAMMING,bonferroni,0.99,1000,100.00,true,false,false,false,0.900,1.000,973,1.686,0.0006619,medium
isotropic,768,19,ADC,HAMMING,bonferroni,0.99,1000,100.00,true,false,false,true,1.000,1.000,692,10.06,0.005200,easy
isotropic,768,20,ADC,HAMMING,bonferroni,0.99,1000,100.00,true,false,false,false,0.800,1.000,919,1.550,0.0002851,medium
isotropic,768,21,ADC,HAMMING,bonferroni,0.99,999,99.90,true,false,false,false,0.900,1.000,775,3.608,0.001296,easy
isotropic,768,22,ADC,HAMMING,bonferroni,0.99,999,99.90,true,false,false,false,0.900,1.000,683,0.7515,0.0009206,hard
isotropic,768,23,ADC,HAMMING,bonferroni,0.99,1000,100.00,true,false,false,false,0.900,1.000,336,2.927,0.003896,easy
isotropic,768,24,ADC,HAMMING,bonferroni,0.99,998,99.80,true,false,false,true,1.000,1.000,585,1.134,0.003112,medium
isotropic,768,25,ADC,HAMMING,bonferroni,0.99,994,99.40,true,false,false,true,1.000,1.000,339,0.06177,0.001199,hard
isotropic,768,26,ADC,HAMMING,bonferroni,0.99,1000,100.00,true,false,false,true,1.000,1.000,994,0.1177,0.001393,hard
isotropic,768,27,ADC,HAMMING,bonferroni,0.99,1000,100.00,true,false,false,false,0.900,1.000,669,0.06421,0.001675,hard
isotropic,768,28,ADC,HAMMING,bonferroni,0.99,1000,100.00,true,false,false,false,0.900,1.000,584,1.478,0.001790,medium
isotropic,768,29,ADC,HAMMING,bonferroni,0.99,1000,100.00,true,false,false,true,1.000,1.000,494,1.571,0.0003403,medium
isotropic,768,30,ADC,HAMMING,bonferroni,0.99,1000,100.00,true,false,false,false,0.900,1.000,497,3.217,0.0001938,easy
isotropic,768,31,ADC,HAMMING,bonferroni,0.99,1000,100.00,true,false,false,false,0.700,1.000,329,0.3033,0.001464,hard
isotropic,768,32,ADC,HAMMING,bonferroni,0.99,1000,100.00,true,false,false,false,0.900,1.000,537,2.481,0.0003053,medium
isotropic,768,33,ADC,HAMMING,bonferroni,0.99,1000,100.00,true,false,false,false,0.900,1.000,286,0.6855,0.0004106,hard
isotropic,768,34,ADC,HAMMING,bonferroni,0.99,1000,100.00,true,false,false,false,0.700,1.000,923,2.122,0.001117,medium
isotropic,768,35,ADC,HAMMING,bonferroni,0.99,999,99.90,true,false,false,true,1.000,1.000,899,1.432,0.001792,medium
isotropic,768,36,ADC,HAMMING,bonferroni,0.99,1000,100.00,true,false,false,true,1.000,1.000,752,3.688,0.003023,easy
isotropic,768,37,ADC,HAMMING,bonferroni,0.99,1000,100.00,true,false,false,true,1.000,1.000,536,2.816,0.0002542,easy
isotropic,768,38,ADC,HAMMING,bonferroni,0.99,1000,100.00,true,false,false,false,0.900,1.000,641,1.157,0.002466,medium
isotropic,768,39,ADC,HAMMING,bonferroni,0.99,1000,100.00,true,false,false,false,0.800,1.000,630,0.6821,0.002274,hard
isotropic,768,40,ADC,HAMMING,bonferroni,0.99,998,99.80,true,false,false,false,0.900,1.000,702,0.07971,0.0008615,hard
isotropic,768,41,ADC,HAMMING,bonferroni,0.99,1000,100.00,true,false,false,false,0.900,1.000,256,0.4369,0.0007250,hard
isotropic,768,42,ADC,HAMMING,bonferroni,0.99,999,99.90,true,false,false,false,0.800,1.000,856,0.5065,0.001377,hard
isotropic,768,43,ADC,HAMMING,bonferroni,0.99,1000,100.00,true,false,false,true,1.000,1.000,876,0.01526,0.004385,hard
isotropic,768,44,ADC,HAMMING,bonferroni,0.99,1000,100.00,true,false,false,true,1.000,1.000,550,2.670,6.334e-05,easy
isotropic,768,45,ADC,HAMMING,bonferroni,0.99,993,99.30,true,false,false,false,0.800,1.000,669,0.2212,0.0004049,hard
isotropic,768,46,ADC,HAMMING,bonferroni,0.99,999,99.90,true,false,false,true,1.000,1.000,936,1.364,0.003666,medium
isotropic,768,47,ADC,HAMMING,bonferroni,0.99,999,99.90,true,false,false,false,0.900,1.000,419,2.953,8.530e-05,easy
isotropic,768,48,ADC,HAMMING,bonferroni,0.99,999,99.90,true,false,false,false,0.800,1.000,779,2.405,0.0001065,medium
isotropic,768,49,ADC,HAMMING,bonferroni,0.99,1000,100.00,true,false,false,true,1.000,1.000,971,1.386,0.001996,medium
isotropic,768,50,ADC,HAMMING,bonferroni,0.99,1000,100.00,true,false,false,true,1.000,1.000,859,2.966,0.002770,easy
isotropic,768,51,ADC,HAMMING,bonferroni,0.99,1000,100.00,true,false,false,false,0.800,1.000,857,3.417,0.001145,easy
isotropic,768,52,ADC,HAMMING,bonferroni,0.99,1000,100.00,true,false,false,true,1.000,1.000,600,6.129,0.0004225,easy
isotropic,768,53,ADC,HAMMING,bonferroni,0.99,1000,100.00,true,false,false,false,0.900,1.000,772,0.6379,0.002697,hard
isotropic,768,54,ADC,HAMMING,bonferroni,0.99,999,99.90,true,false,false,true,1.000,1.000,608,2.113,0.0001622,medium
isotropic,768,55,ADC,HAMMING,bonferroni,0.99,1000,100.00,true,false,false,false,0.900,1.000,995,4.114,0.005554,easy
isotropic,768,56,ADC,HAMMING,bonferroni,0.99,998,99.80,true,false,false,true,1.000,1.000,792,0.1639,0.001456,hard
isotropic,768,57,ADC,HAMMING,bonferroni,0.99,1000,100.00,true,false,false,true,1.000,1.000,531,1.244,0.0009655,medium
isotropic,768,58,ADC,HAMMING,bonferroni,0.99,998,99.80,true,false,false,true,1.000,1.000,321,4.212,0.005007,easy
isotropic,768,59,ADC,HAMMING,bonferroni,0.99,1000,100.00,true,false,false,true,1.000,1.000,714,1.451,0.003020,medium
isotropic,768,60,ADC,HAMMING,bonferroni,0.99,1000,100.00,true,false,false,false,0.700,1.000,817,8.890,0.002434,easy
isotropic,768,61,ADC,HAMMING,bonferroni,0.99,999,99.90,true,false,false,true,1.000,1.000,430,0.3978,0.002529,hard
isotropic,768,62,ADC,HAMMING,bonferroni,0.99,999,99.90,true,false,false,false,0.900,1.000,775,0.08264,0.004194,hard
isotropic,768,63,ADC,HAMMING,bonferroni,0.99,1000,100.00,true,false,false,false,0.800,1.000,460,0.9456,0.001358,medium
isotropic,768,64,ADC,HAMMING,bonferroni,0.99,999,99.90,true,false,true,false,0.800,0.900,1000,2.689,0.001195,easy
isotropic,768,65,ADC,HAMMING,bonferroni,0.99,999,99.90,true,false,false,false,0.600,1.000,801,0.3702,0.0001549,hard
isotropic,768,66,ADC,HAMMING,bonferroni,0.99,998,99.80,true,false,false,false,0.900,1.000,819,4.117,0.002429,easy
isotropic,768,67,ADC,HAMMING,bonferroni,0.99,1000,100.00,true,false,false,false,0.900,1.000,982,0.6678,0.004474,hard
isotropic,768,68,ADC,HAMMING,bonferroni,0.99,1000,100.00,true,false,false,false,0.900,1.000,452,0.5225,0.005205,hard
isotropic,768,69,ADC,HAMMING,bonferroni,0.99,999,99.90,true,false,false,false,0.900,1.000,843,4.911,0.0004759,easy
isotropic,768,70,ADC,HAMMING,bonferroni,0.99,995,99.50,true,false,false,true,1.000,1.000,949,4.492,0.0001441,easy
isotropic,768,71,ADC,HAMMING,bonferroni,0.99,1000,100.00,true,false,false,false,0.800,1.000,812,1.397,0.001600,medium
isotropic,768,72,ADC,HAMMING,bonferroni,0.99,1000,100.00,true,false,false,false,0.800,1.000,684,6.808,0.002090,easy
isotropic,768,73,ADC,HAMMING,bonferroni,0.99,1000,100.00,true,false,false,true,1.000,1.000,925,1.334,0.0004069,medium
isotropic,768,74,ADC,HAMMING,bonferroni,0.99,999,99.90,true,false,false,false,0.900,1.000,530,0.2543,8.222e-05,hard
isotropic,768,75,ADC,HAMMING,bonferroni,0.99,999,99.90,true,false,false,false,0.900,1.000,394,6.019,0.002193,easy
isotropic,768,76,ADC,HAMMING,bonferroni,0.99,999,99.90,true,false,false,false,0.800,1.000,625,0.8594,0.004520,medium
isotropic,768,77,ADC,HAMMING,bonferroni,0.99,1000,100.00,true,false,false,false,0.900,1.000,380,1.316,0.002928,medium
isotropic,768,78,ADC,HAMMING,bonferroni,0.99,1000,100.00,true,false,false,true,1.000,1.000,903,1.969,0.0006565,medium
isotropic,768,79,ADC,HAMMING,bonferroni,0.99,1000,100.00,true,false,false,true,1.000,1.000,590,1.456,0.001380,medium
isotropic,768,80,ADC,HAMMING,bonferroni,0.99,1000,100.00,true,false,false,false,0.800,1.000,846,1.235,0.001697,medium
isotropic,768,81,ADC,HAMMING,bonferroni,0.99,998,99.80,true,false,false,true,1.000,1.000,989,0.03101,0.0005523,hard
isotropic,768,82,ADC,HAMMING,bonferroni,0.99,1000,100.00,true,false,false,true,1.000,1.000,969,1.539,0.004199,medium
isotropic,768,83,ADC,HAMMING,bonferroni,0.99,1000,100.00,true,false,false,false,0.800,1.000,555,0.5880,0.003063,hard
isotropic,768,84,ADC,HAMMING,bonferroni,0.99,999,99.90,true,false,false,false,0.900,1.000,845,2.921,0.01005,easy
isotropic,768,85,ADC,HAMMING,bonferroni,0.99,1000,100.00,true,false,false,true,1.000,1.000,708,0.1001,0.0001688,hard
isotropic,768,86,ADC,HAMMING,bonferroni,0.99,1000,100.00,true,false,false,true,1.000,1.000,650,0.8397,3.624e-05,hard
isotropic,768,87,ADC,HAMMING,bonferroni,0.99,1000,100.00,true,false,false,false,0.900,1.000,769,5.699,0.0002093,easy
isotropic,768,88,ADC,HAMMING,bonferroni,0.99,1000,100.00,true,false,false,false,0.800,1.000,556,0.1560,0.0006800,hard
isotropic,768,89,ADC,HAMMING,bonferroni,0.99,1000,100.00,true,false,false,true,1.000,1.000,933,2.034,5.112e-05,medium
isotropic,768,90,ADC,HAMMING,bonferroni,0.99,1000,100.00,true,false,false,true,1.000,1.000,991,2.935,0.0008629,easy
isotropic,768,91,ADC,HAMMING,bonferroni,0.99,1000,100.00,true,false,false,false,0.800,1.000,867,2.290,0.002256,medium
isotropic,768,92,ADC,HAMMING,bonferroni,0.99,1000,100.00,true,false,false,false,0.900,1.000,413,2.694,0.001801,easy
isotropic,768,93,ADC,HAMMING,bonferroni,0.99,999,99.90,true,false,false,true,1.000,1.000,895,0.3497,0.001313,hard
isotropic,768,94,ADC,HAMMING,bonferroni,0.99,1000,100.00,true,false,false,true,1.000,1.000,649,3.304,0.001929,easy
isotropic,768,95,ADC,HAMMING,bonferroni,0.99,998,99.80,true,false,false,false,0.900,1.000,449,3.273,8.270e-05,easy
isotropic,768,96,ADC,HAMMING,bonferroni,0.99,1000,100.00,true,false,false,false,0.900,1.000,607,3.511,0.0002630,easy
isotropic,768,97,ADC,HAMMING,bonferroni,0.99,996,99.60,true,false,false,false,0.900,1.000,828,1.014,0.001395,medium
isotropic,768,98,ADC,HAMMING,bonferroni,0.99,1000,100.00,true,false,false,true,1.000,1.000,634,1.387,0.001967,medium
isotropic,768,99,ADC,HAMMING,bonferroni,0.99,999,99.90,true,false,false,false,0.900,1.000,675,0.09302,0.002217,hard
clustered,128,0,HAMMING,HAMMING,none,0.99,1000,100.00,true,false,false,false,0.200,1.000,876,5.166,0.0002801,medium
clustered,128,1,HAMMING,HAMMING,none,0.99,1000,100.00,true,false,false,false,0.900,1.000,914,9.701,0.0004199,easy
clustered,128,2,HAMMING,HAMMING,none,0.99,1000,100.00,true,false,false,false,0.900,1.000,727,25.29,0.0002110,easy
clustered,128,3,HAMMING,HAMMING,none,0.99,210,21.00,true,false,true,false,0.300,0.500,700,1.624,0.0007701,hard
clustered,128,4,HAMMING,HAMMING,none,0.99,1000,100.00,true,false,false,false,0.000,1.000,905,1.866,0.0008430,hard
clustered,128,5,HAMMING,HAMMING,none,0.99,1000,100.00,true,false,false,false,0.300,1.000,964,0.6436,0.0008278,hard
clustered,128,6,HAMMING,HAMMING,none,0.99,1000,100.00,true,false,false,false,0.000,1.000,907,0.6338,0.0005863,hard
clustered,128,7,HAMMING,HAMMING,none,0.99,1000,100.00,true,false,false,true,1.000,1.000,451,1.181,0.002262,hard
clustered,128,8,HAMMING,HAMMING,none,0.99,1000,100.00,true,false,false,false,0.400,1.000,470,1.639,0.0006131,hard
clustered,128,9,HAMMING,HAMMING,none,0.99,1000,100.00,true,false,false,false,0.300,1.000,999,5.077,0.0001260,medium
clustered,128,10,HAMMING,HAMMING,none,0.99,1000,100.00,true,false,false,false,0.900,1.000,809,35.89,0.002173,easy
clustered,128,11,HAMMING,HAMMING,none,0.99,1000,100.00,true,false,false,true,1.000,1.000,478,0.7910,0.0001729,hard
clustered,128,12,HAMMING,HAMMING,none,0.99,1000,100.00,true,false,false,false,0.200,1.000,954,1.471,0.0007056,hard
clustered,128,13,HAMMING,HAMMING,none,0.99,1000,100.00,true,false,false,false,0.800,1.000,992,3.321,0.0003514,hard
clustered,128,14,HAMMING,HAMMING,none,0.99,326,32.60,true,false,false,true,1.000,1.000,257,1.583,0.0004046,hard
clustered,128,15,HAMMING,HAMMING,none,0.99,1000,100.00,true,false,false,false,0.600,1.000,997,3.936,0.0001627,medium
clustered,128,16,HAMMING,HAMMING,none,0.99,1000,100.00,true,false,false,false,0.300,1.000,961,17.35,0.0001737,easy
clustered,128,17,HAMMING,HAMMING,none,0.99,1000,100.00,true,false,false,false,0.600,1.000,493,5.369,0.0001248,medium
clustered,128,18,HAMMING,HAMMING,none,0.99,1000,100.00,true,false,false,false,0.400,1.000,884,36.73,0.0001757,easy
clustered,128,19,HAMMING,HAMMING,none,0.99,1000,100.00,true,false,false,true,1.000,1.000,570,54.11,5.041e-05,easy
clustered,128,20,HAMMING,HAMMING,none,0.99,1000,100.00,true,false,false,false,0.700,1.000,919,10.29,0.0001237,easy
clustered,128,21,HAMMING,HAMMING,none,0.99,546,54.60,true,false,true,false,0.300,0.300,977,4.104,0.0001565,medium
clustered,128,22,HAMMING,HAMMING,none,0.99,1000,100.00,true,false,false,false,0.700,1.000,645,3.151,0.002783,hard
clustered,128,23,HAMMING,HAMMING,none,0.99,1000,100.00,true,false,false,false,0.900,1.000,841,9.115,0.0008514,medium
clustered,128,24,HAMMING,HAMMING,none,0.99,1000,100.00,true,false,false,false,0.300,1.000,945,2.260,0.0001435,hard
clustered,128,25,HAMMING,HAMMING,none,0.99,1000,100.00,true,false,false,false,0.600,1.000,954,4.468,0.0006214,medium
clustered,128,26,HAMMING,HAMMING,none,0.99,1000,100.00,true,false,false,false,0.400,1.000,882,3.474,0.002618,medium
clustered,128,27,HAMMING,HAMMING,none,0.99,1000,100.00,true,false,false,true,1.000,1.000,469,0.7695,0.0001803,hard
clustered,128,28,HAMMING,HAMMING,none,0.99,1000,100.00,true,false,false,true,1.000,1.000,206,10.51,0.0003791,easy
clustered,128,29,HAMMING,HAMMING,none,0.99,1000,100.00,true,false,false,false,0.000,1.000,850,1.074,0.0001191,hard
clustered,128,30,HAMMING,HAMMING,none,0.99,1000,100.00,true,false,false,false,0.600,1.000,936,10.30,0.003513,easy
clustered,128,31,HAMMING,HAMMING,none,0.99,1000,100.00,true,false,false,false,0.000,1.000,935,2.517,0.0007713,hard
clustered,128,32,HAMMING,HAMMING,none,0.99,1000,100.00,true,false,false,false,0.100,1.000,880,13.79,1.044e-05,easy
clustered,128,33,HAMMING,HAMMING,none,0.99,1000,100.00,true,false,false,false,0.300,1.000,998,38.58,0.001588,easy
clustered,128,34,HAMMING,HAMMING,none,0.99,1000,100.00,true,false,false,true,1.000,1.000,722,38.93,0.0003440,easy
clustered,128,35,HAMMING,HAMMING,none,0.99,1000,100.00,true,false,false,false,0.000,1.000,973,26.32,0.0005383,easy
clustered,128,36,HAMMING,HAMMING,none,0.99,1000,100.00,true,false,false,false,0.000,1.000,838,6.434,0.0004834,medium
clustered,128,37,HAMMING,HAMMING,none,0.99,1000,100.00,true,false,false,false,0.200,1.000,922,3.513,0.0009618,medium
clustered,128,38,HAMMING,HAMMING,none,0.99,1000,100.00,true,false,false,false,0.700,1.000,1000,32.85,0.001742,easy
clustered,128,39,HAMMING,HAMMING,none,0.99,1000,100.00,true,false,false,false,0.200,1.000,991,6.378,0.0005915,medium
clustered,128,40,HAMMING,HAMMING,none,0.99,1000,100.00,true,false,false,false,0.000,1.000,951,7.404,3.676e-05,medium
clustered,128,41,HAMMING,HAMMING,none,0.99,1000,100.00,true,false,false,false,0.400,1.000,951,3.583,0.0009957,medium
clustered,128,42,HAMMING,HAMMING,none,0.99,1000,100.00,true,false,false,false,0.300,1.000,923,1.789,0.0002764,hard
clustered,128,43,HAMMING,HAMMING,none,0.99,293,29.30,true,false,false,true,1.000,1.000,186,8.510,0.0006908,medium
clustered,128,44,HAMMING,HAMMING,none,0.99,1000,100.00,true,false,false,false,0.200,1.000,966,3.496,0.002356,medium
clustered,128,45,HAMMING,HAMMING,none,0.99,1000,100.00,true,false,false,false,0.000,1.000,896,2.157,0.0002345,hard
clustered,128,46,HAMMING,HAMMING,none,0.99,1000,100.00,true,false,false,false,0.300,1.000,918,2.393,0.0006714,hard
clustered,128,47,HAMMING,HAMMING,none,0.99,1000,100.00,true,false,false,false,0.500,1.000,996,9.746,0.0001729,easy
clustered,128,48,HAMMING,HAMMING,none,0.99,1000,100.00,true,false,false,false,0.200,1.000,903,9.627,0.003052,easy
clustered,128,49,HAMMING,HAMMING,none,0.99,1000,100.00,true,false,false,false,0.400,1.000,957,9.531,0.002159,medium
clustered,128,50,HAMMING,HAMMING,none,0.99,1000,100.00,true,false,false,false,0.100,1.000,962,0.9238,0.002892,hard
clustered,128,51,HAMMING,HAMMING,none,0.99,1000,100.00,true,false,false,false,0.000,1.000,819,38.50,0.0004426,easy
clustered,128,52,HAMMING,HAMMING,none,0.99,1000,100.00,true,false,false,false,0.700,1.000,834,1.411,0.0005069,hard
clustered,128,53,HAMMING,HAMMING,none,0.99,1000,100.00,true,false,false,false,0.900,1.000,980,4.400,0.0002405,medium
clustered,128,54,HAMMING,HAMMING,none,0.99,1000,100.00,true,false,false,false,0.800,1.000,754,11.80,0.0004776,easy
clustered,128,55,HAMMING,HAMMING,none,0.99,1000,100.00,true,false,false,false,0.900,1.000,571,3.678,0.0004232,medium
clustered,128,56,HAMMING,HAMMING,none,0.99,1000,100.00,true,false,false,false,0.700,1.000,896,6.969,2.915e-05,medium
clustered,128,57,HAMMING,HAMMING,none,0.99,1000,100.00,true,false,false,false,0.900,1.000,567,2.259,0.0003721,hard
clustered,128,58,HAMMING,HAMMING,none,0.99,1000,100.00,true,false,false,false,0.000,1.000,953,2.325,0.001249,hard
clustered,128,59,HAMMING,HAMMING,none,0.99,1000,100.00,true,false,false,false,0.000,1.000,991,10.94,0.0001288,easy
clustered,128,60,HAMMING,HAMMING,none,0.99,1000,100.00,true,false,false,false,0.000,1.000,802,0.5767,0.0009144,hard
clustered,128,61,HAMMING,HAMMING,none,0.99,626,62.60,true,false,true,false,0.400,0.700,976,5.196,0.0004339,medium
clustered,128,62,HAMMING,HAMMING,none,0.99,1000,100.00,true,false,false,false,0.000,1.000,962,5.330,0.0002009,medium
clustered,128,63,HAMMING,HAMMING,none,0.99,1000,100.00,true,false,false,false,0.200,1.000,992,30.84,0.002965,easy
clustered,128,64,HAMMING,HAMMING,none,0.99,1000,100.00,true,false,false,false,0.100,1.000,933,5.210,0.001610,medium
clustered,128,65,HAMMING,HAMMING,none,0.99,1000,100.00,true,false,false,false,0.400,1.000,912,14.96,0.0001860,easy
clustered,128,66,HAMMING,HAMMING,none,0.99,1000,100.00,true,false,false,true,1.000,1.000,390,26.43,0.0001201,easy
clustered,128,67,HAMMING,HAMMING,none,0.99,1000,100.00,true,false,false,false,0.000,1.000,929,0.9644,0.0003003,hard
clustered,128,68,HAMMING,HAMMING,none,0.99,1000,100.00,true,false,false,false,0.100,1.000,902,5.356,4.571e-05,medium
clustered,128,69,HAMMING,HAMMING,none,0.99,1000,100.00,true,false,false,false,0.100,1.000,924,2.688,0.0002099,hard
clustered,128,70,HAMMING,HAMMING,none,0.99,1000,100.00,true,false,false,false,0.900,1.000,983,19.77,0.0003814,easy
clustered,128,71,HAMMING,HAMMING,none,0.99,1000,100.00,true,false,false,false,0.400,1.000,979,21.70,0.0006622,easy
clustered,128,72,HAMMING,HAMMING,none,0.99,1000,100.00,true,false,false,false,0.200,1.000,682,0.2974,0.005114,hard
clustered,128,73,HAMMING,HAMMING,none,0.99,1000,100.00,true,false,false,false,0.300,1.000,692,7.604,0.0006512,medium
clustered,128,74,HAMMING,HAMMING,none,0.99,1000,100.00,true,false,false,true,1.000,1.000,854,10.37,0.0003254,easy
clustered,128,75,HAMMING,HAMMING,none,0.99,1000,100.00,true,false,false,false,0.400,1.000,816,9.086,0.001008,medium
clustered,128,76,HAMMING,HAMMING,none,0.99,1000,100.00,true,false,false,false,0.200,1.000,896,22.05,0.001202,easy
clustered,128,77,HAMMING,HAMMING,none,0.99,1000,100.00,true,false,false,false,0.400,1.000,909,4.364,0.0001793,medium
clustered,128,78,HAMMING,HAMMING,none,0.99,1000,100.00,true,false,false,false,0.000,1.000,860,17.17,0.003779,easy
clustered,128,79,HAMMING,HAMMING,none,0.99,1000,100.00,true,false,false,false,0.300,1.000,950,8.284,0.0003192,medium
clustered,128,80,HAMMING,HAMMING,none,0.99,1000,100.00,true,false,false,true,1.000,1.000,848,15.64,0.0003747,easy
clustered,128,81,HAMMING,HAMMING,none,0.99,1000,100.00,true,false,false,false,0.000,1.000,927,15.88,0.002902,easy
clustered,128,82,HAMMING,HAMMING,none,0.99,1000,100.00,true,false,false,true,1.000,1.000,980,1.674,0.0003705,hard
clustered,128,83,HAMMING,HAMMING,none,0.99,1000,100.00,true,false,false,false,0.900,1.000,520,0.2534,6.967e-05,hard
clustered,128,84,HAMMING,HAMMING,none,0.99,1000,100.00,true,false,false,false,0.800,1.000,949,3.400,0.0002792,hard
clustered,128,85,HAMMING,HAMMING,none,0.99,1000,100.00,true,false,false,false,0.200,1.000,955,3.252,0.0004614,hard
clustered,128,86,HAMMING,HAMMING,none,0.99,1000,100.00,true,false,false,false,0.000,1.000,787,12.75,0.001917,easy
clustered,128,87,HAMMING,HAMMING,none,0.99,1000,100.00,true,false,false,false,0.500,1.000,939,9.448,0.0005531,medium
clustered,128,88,HAMMING,HAMMING,none,0.99,1000,100.00,true,false,false,false,0.300,1.000,812,7.127,0.002970,medium
clustered,128,89,HAMMING,HAMMING,none,0.99,1000,100.00,true,false,false,false,0.400,1.000,958,8.797,0.0001674,medium
clustered,128,90,HAMMING,HAMMING,none,0.99,1000,100.00,true,false,false,false,0.700,1.000,474,4.541,0.0003576,medium
clustered,128,91,HAMMING,HAMMING,none,0.99,1000,100.00,true,false,false,false,0.500,1.000,909,16.44,0.0008026,easy
clustered,128,92,HAMMING,HAMMING,none,0.99,1000,100.00,true,false,false,false,0.400,1.000,851,6.567,0.0003508,medium
clustered,128,93,HAMMING,HAMMING,none,0.99,1000,100.00,true,false,false,true,1.000,1.000,391,0.6523,0.0001383,hard
clustered,128,94,HAMMING,HAMMING,none,0.99,1000,100.00,true,false,false,false,0.100,1.000,972,0.9780,0.0007765,hard
clustered,128,95,HAMMING,HAMMING,none,0.99,1000,100.00,true,false,false,false,0.000,1.000,942,1.176,0.0007928,hard
clustered,128,96,HAMMING,HAMMING,none,0.99,1000,100.00,true,false,false,false,0.100,1.000,983,27.17,0.0003881,easy
clustered,128,97,HAMMING,HAMMING,none,0.99,1000,100.00,true,false,false,false,0.300,1.000,976,5.873,2.494e-05,medium
clustered,128,98,HAMMING,HAMMING,none,0.99,1000,100.00,true,false,false,false,0.200,1.000,988,9.717,0.001632,easy
clustered,128,99,HAMMING,HAMMING,none,0.99,1000,100.00,true,false,false,false,0.400,1.000,926,2.096,0.0008216,hard
clustered,128,0,HAMMING,HAMMING,bonferroni,0.99,1000,100.00,true,false,false,false,0.200,1.000,876,5.166,0.0002801,medium
clustered,128,1,HAMMING,HAMMING,bonferroni,0.99,1000,100.00,true,false,false,false,0.900,1.000,914,9.701,0.0004199,easy
clustered,128,2,HAMMING,HAMMING,bonferroni,0.99,1000,100.00,true,false,false,false,0.900,1.000,727,25.29,0.0002110,easy
clustered,128,3,HAMMING,HAMMING,bonferroni,0.99,998,99.80,true,false,false,false,0.800,1.000,700,1.624,0.0007701,hard
clustered,128,4,HAMMING,HAMMING,bonferroni,0.99,1000,100.00,true,false,false,false,0.000,1.000,905,1.866,0.0008430,hard
clustered,128,5,HAMMING,HAMMING,bonferroni,0.99,1000,100.00,true,false,false,false,0.300,1.000,964,0.6436,0.0008278,hard
clustered,128,6,HAMMING,HAMMING,bonferroni,0.99,1000,100.00,true,false,false,false,0.000,1.000,907,0.6338,0.0005863,hard
clustered,128,7,HAMMING,HAMMING,bonferroni,0.99,1000,100.00,true,false,false,true,1.000,1.000,451,1.181,0.002262,hard
clustered,128,8,HAMMING,HAMMING,bonferroni,0.99,1000,100.00,true,false,false,false,0.400,1.000,470,1.639,0.0006131,hard
clustered,128,9,HAMMING,HAMMING,bonferroni,0.99,1000,100.00,true,false,false,false,0.300,1.000,999,5.077,0.0001260,medium
clustered,128,10,HAMMING,HAMMING,bonferroni,0.99,1000,100.00,true,false,false,false,0.900,1.000,809,35.89,0.002173,easy
clustered,128,11,HAMMING,HAMMING,bonferroni,0.99,1000,100.00,true,false,false,true,1.000,1.000,478,0.7910,0.0001729,hard
clustered,128,12,HAMMING,HAMMING,bonferroni,0.99,1000,100.00,true,false,false,false,0.200,1.000,954,1.471,0.0007056,hard
clustered,128,13,HAMMING,HAMMING,bonferroni,0.99,1000,100.00,true,false,false,false,0.800,1.000,992,3.321,0.0003514,hard
clustered,128,14,HAMMING,HAMMING,bonferroni,0.99,998,99.80,true,false,false,true,1.000,1.000,257,1.583,0.0004046,hard
clustered,128,15,HAMMING,HAMMING,bonferroni,0.99,1000,100.00,true,false,false,false,0.600,1.000,997,3.936,0.0001627,medium
clustered,128,16,HAMMING,HAMMING,bonferroni,0.99,1000,100.00,true,false,false,false,0.300,1.000,961,17.35,0.0001737,easy
clustered,128,17,HAMMING,HAMMING,bonferroni,0.99,1000,100.00,true,false,false,false,0.600,1.000,493,5.369,0.0001248,medium
clustered,128,18,HAMMING,HAMMING,bonferroni,0.99,1000,100.00,true,false,false,false,0.400,1.000,884,36.73,0.0001757,easy
clustered,128,19,HAMMING,HAMMING,bonferroni,0.99,1000,100.00,true,false,false,true,1.000,1.000,570,54.11,5.041e-05,easy
clustered,128,20,HAMMING,HAMMING,bonferroni,0.99,1000,100.00,true,false,false,false,0.700,1.000,919,10.29,0.0001237,easy
clustered,128,21,HAMMING,HAMMING,bonferroni,0.99,999,99.90,true,false,false,false,0.700,1.000,977,4.104,0.0001565,medium
clustered,128,22,HAMMING,HAMMING,bonferroni,0.99,1000,100.00,true,false,false,false,0.700,1.000,645,3.151,0.002783,hard
clustered,128,23,HAMMING,HAMMING,bonferroni,0.99,1000,100.00,true,false,false,false,0.900,1.000,841,9.115,0.0008514,medium
clustered,128,24,HAMMING,HAMMING,bonferroni,0.99,1000,100.00,true,false,false,false,0.300,1.000,945,2.260,0.0001435,hard
clustered,128,25,HAMMING,HAMMING,bonferroni,0.99,1000,100.00,true,false,false,false,0.600,1.000,954,4.468,0.0006214,medium
clustered,128,26,HAMMING,HAMMING,bonferroni,0.99,1000,100.00,true,false,false,false,0.400,1.000,882,3.474,0.002618,medium
clustered,128,27,HAMMING,HAMMING,bonferroni,0.99,1000,100.00,true,false,false,true,1.000,1.000,469,0.7695,0.0001803,hard
clustered,128,28,HAMMING,HAMMING,bonferroni,0.99,1000,100.00,true,false,false,true,1.000,1.000,206,10.51,0.0003791,easy
clustered,128,29,HAMMING,HAMMING,bonferroni,0.99,1000,100.00,true,false,false,false,0.000,1.000,850,1.074,0.0001191,hard
clustered,128,30,HAMMING,HAMMING,bonferroni,0.99,1000,100.00,true,false,false,false,0.600,1.000,936,10.30,0.003513,easy
clustered,128,31,HAMMING,HAMMING,bonferroni,0.99,1000,100.00,true,false,false,false,0.000,1.000,935,2.517,0.0007713,hard
clustered,128,32,HAMMING,HAMMING,bonferroni,0.99,1000,100.00,true,false,false,false,0.100,1.000,880,13.79,1.044e-05,easy
clustered,128,33,HAMMING,HAMMING,bonferroni,0.99,1000,100.00,true,false,false,false,0.300,1.000,998,38.58,0.001588,easy
clustered,128,34,HAMMING,HAMMING,bonferroni,0.99,1000,100.00,true,false,false,true,1.000,1.000,722,38.93,0.0003440,easy
clustered,128,35,HAMMING,HAMMING,bonferroni,0.99,1000,100.00,true,false,false,false,0.000,1.000,973,26.32,0.0005383,easy
clustered,128,36,HAMMING,HAMMING,bonferroni,0.99,1000,100.00,true,false,false,false,0.000,1.000,838,6.434,0.0004834,medium
clustered,128,37,HAMMING,HAMMING,bonferroni,0.99,1000,100.00,true,false,false,false,0.200,1.000,922,3.513,0.0009618,medium
clustered,128,38,HAMMING,HAMMING,bonferroni,0.99,1000,100.00,true,false,false,false,0.700,1.000,1000,32.85,0.001742,easy
clustered,128,39,HAMMING,HAMMING,bonferroni,0.99,1000,100.00,true,false,false,false,0.200,1.000,991,6.378,0.0005915,medium
clustered,128,40,HAMMING,HAMMING,bonferroni,0.99,1000,100.00,true,false,false,false,0.000,1.000,951,7.404,3.676e-05,medium
clustered,128,41,HAMMING,HAMMING,bonferroni,0.99,1000,100.00,true,false,false,false,0.400,1.000,951,3.583,0.0009957,medium
clustered,128,42,HAMMING,HAMMING,bonferroni,0.99,1000,100.00,true,false,false,false,0.300,1.000,923,1.789,0.0002764,hard
clustered,128,43,HAMMING,HAMMING,bonferroni,0.99,997,99.70,true,false,false,true,1.000,1.000,186,8.510,0.0006908,medium
clustered,128,44,HAMMING,HAMMING,bonferroni,0.99,1000,100.00,true,false,false,false,0.200,1.000,966,3.496,0.002356,medium
clustered,128,45,HAMMING,HAMMING,bonferroni,0.99,1000,100.00,true,false,false,false,0.000,1.000,896,2.157,0.0002345,hard
clustered,128,46,HAMMING,HAMMING,bonferroni,0.99,1000,100.00,true,false,false,false,0.300,1.000,918,2.393,0.0006714,hard
clustered,128,47,HAMMING,HAMMING,bonferroni,0.99,1000,100.00,true,false,false,false,0.500,1.000,996,9.746,0.0001729,easy
clustered,128,48,HAMMING,HAMMING,bonferroni,0.99,1000,100.00,true,false,false,false,0.200,1.000,903,9.627,0.003052,easy
clustered,128,49,HAMMING,HAMMING,bonferroni,0.99,1000,100.00,true,false,false,false,0.400,1.000,957,9.531,0.002159,medium
clustered,128,50,HAMMING,HAMMING,bonferroni,0.99,1000,100.00,true,false,false,false,0.100,1.000,962,0.9238,0.002892,hard
clustered,128,51,HAMMING,HAMMING,bonferroni,0.99,1000,100.00,true,false,false,false,0.000,1.000,819,38.50,0.0004426,easy
clustered,128,52,HAMMING,HAMMING,bonferroni,0.99,1000,100.00,true,false,false,false,0.700,1.000,834,1.411,0.0005069,hard
clustered,128,53,HAMMING,HAMMING,bonferroni,0.99,1000,100.00,true,false,false,false,0.900,1.000,980,4.400,0.0002405,medium
clustered,128,54,HAMMING,HAMMING,bonferroni,0.99,1000,100.00,true,false,false,false,0.800,1.000,754,11.80,0.0004776,easy
clustered,128,55,HAMMING,HAMMING,bonferroni,0.99,1000,100.00,true,false,false,false,0.900,1.000,571,3.678,0.0004232,medium
clustered,128,56,HAMMING,HAMMING,bonferroni,0.99,1000,100.00,true,false,false,false,0.700,1.000,896,6.969,2.915e-05,medium
clustered,128,57,HAMMING,HAMMING,bonferroni,0.99,1000,100.00,true,false,false,false,0.900,1.000,567,2.259,0.0003721,hard
clustered,128,58,HAMMING,HAMMING,bonferroni,0.99,1000,100.00,true,false,false,false,0.000,1.000,953,2.325,0.001249,hard
clustered,128,59,HAMMING,HAMMING,bonferroni,0.99,1000,100.00,true,false,false,false,0.000,1.000,991,10.94,0.0001288,easy
clustered,128,60,HAMMING,HAMMING,bonferroni,0.99,1000,100.00,true,false,false,false,0.000,1.000,802,0.5767,0.0009144,hard
clustered,128,61,HAMMING,HAMMING,bonferroni,0.99,999,99.90,true,false,false,false,0.500,1.000,976,5.196,0.0004339,medium
clustered,128,62,HAMMING,HAMMING,bonferroni,0.99,1000,100.00,true,false,false,false,0.000,1.000,962,5.330,0.0002009,medium
clustered,128,63,HAMMING,HAMMING,bonferroni,0.99,1000,100.00,true,false,false,false,0.200,1.000,992,30.84,0.002965,easy
clustered,128,64,HAMMING,HAMMING,bonferroni,0.99,1000,100.00,true,false,false,false,0.100,1.000,933,5.210,0.001610,medium
clustered,128,65,HAMMING,HAMMING,bonferroni,0.99,1000,100.00,true,false,false,false,0.400,1.000,912,14.96,0.0001860,easy
clustered,128,66,HAMMING,HAMMING,bonferroni,0.99,1000,100.00,true,false,false,true,1.000,1.000,390,26.43,0.0001201,easy
clustered,128,67,HAMMING,HAMMING,bonferroni,0.99,1000,100.00,true,false,false,false,0.000,1.000,929,0.9644,0.0003003,hard
clustered,128,68,HAMMING,HAMMING,bonferroni,0.99,1000,100.00,true,false,false,false,0.100,1.000,902,5.356,4.571e-05,medium
clustered,128,69,HAMMING,HAMMING,bonferroni,0.99,1000,100.00,true,false,false,false,0.100,1.000,924,2.688,0.0002099,hard
clustered,128,70,HAMMING,HAMMING,bonferroni,0.99,1000,100.00,true,false,false,false,0.900,1.000,983,19.77,0.0003814,easy
clustered,128,71,HAMMING,HAMMING,bonferroni,0.99,1000,100.00,true,false,false,false,0.400,1.000,979,21.70,0.0006622,easy
clustered,128,72,HAMMING,HAMMING,bonferroni,0.99,1000,100.00,true,false,false,false,0.200,1.000,682,0.2974,0.005114,hard
clustered,128,73,HAMMING,HAMMING,bonferroni,0.99,1000,100.00,true,false,false,false,0.300,1.000,692,7.604,0.0006512,medium
clustered,128,74,HAMMING,HAMMING,bonferroni,0.99,1000,100.00,true,false,false,true,1.000,1.000,854,10.37,0.0003254,easy
clustered,128,75,HAMMING,HAMMING,bonferroni,0.99,1000,100.00,true,false,false,false,0.400,1.000,816,9.086,0.001008,medium
clustered,128,76,HAMMING,HAMMING,bonferroni,0.99,1000,100.00,true,false,false,false,0.200,1.000,896,22.05,0.001202,easy
clustered,128,77,HAMMING,HAMMING,bonferroni,0.99,1000,100.00,true,false,false,false,0.400,1.000,909,4.364,0.0001793,medium
clustered,128,78,HAMMING,HAMMING,bonferroni,0.99,1000,100.00,true,false,false,false,0.000,1.000,860,17.17,0.003779,easy
clustered,128,79,HAMMING,HAMMING,bonferroni,0.99,1000,100.00,true,false,false,false,0.300,1.000,950,8.284,0.0003192,medium
clustered,128,80,HAMMING,HAMMING,bonferroni,0.99,1000,100.00,true,false,false,true,1.000,1.000,848,15.64,0.0003747,easy
clustered,128,81,HAMMING,HAMMING,bonferroni,0.99,1000,100.00,true,false,false,false,0.000,1.000,927,15.88,0.002902,easy
clustered,128,82,HAMMING,HAMMING,bonferroni,0.99,1000,100.00,true,false,false,true,1.000,1.000,980,1.674,0.0003705,hard
clustered,128,83,HAMMING,HAMMING,bonferroni,0.99,1000,100.00,true,false,false,false,0.900,1.000,520,0.2534,6.967e-05,hard
clustered,128,84,HAMMING,HAMMING,bonferroni,0.99,1000,100.00,true,false,false,false,0.800,1.000,949,3.400,0.0002792,hard
clustered,128,85,HAMMING,HAMMING,bonferroni,0.99,1000,100.00,true,false,false,false,0.200,1.000,955,3.252,0.0004614,hard
clustered,128,86,HAMMING,HAMMING,bonferroni,0.99,1000,100.00,true,false,false,false,0.000,1.000,787,12.75,0.001917,easy
clustered,128,87,HAMMING,HAMMING,bonferroni,0.99,1000,100.00,true,false,false,false,0.500,1.000,939,9.448,0.0005531,medium
clustered,128,88,HAMMING,HAMMING,bonferroni,0.99,1000,100.00,true,false,false,false,0.300,1.000,812,7.127,0.002970,medium
clustered,128,89,HAMMING,HAMMING,bonferroni,0.99,1000,100.00,true,false,false,false,0.400,1.000,958,8.797,0.0001674,medium
clustered,128,90,HAMMING,HAMMING,bonferroni,0.99,1000,100.00,true,false,false,false,0.700,1.000,474,4.541,0.0003576,medium
clustered,128,91,HAMMING,HAMMING,bonferroni,0.99,1000,100.00,true,false,false,false,0.500,1.000,909,16.44,0.0008026,easy
clustered,128,92,HAMMING,HAMMING,bonferroni,0.99,1000,100.00,true,false,false,false,0.400,1.000,851,6.567,0.0003508,medium
clustered,128,93,HAMMING,HAMMING,bonferroni,0.99,1000,100.00,true,false,false,true,1.000,1.000,391,0.6523,0.0001383,hard
clustered,128,94,HAMMING,HAMMING,bonferroni,0.99,1000,100.00,true,false,false,false,0.100,1.000,972,0.9780,0.0007765,hard
clustered,128,95,HAMMING,HAMMING,bonferroni,0.99,1000,100.00,true,false,false,false,0.000,1.000,942,1.176,0.0007928,hard
clustered,128,96,HAMMING,HAMMING,bonferroni,0.99,1000,100.00,true,false,false,false,0.100,1.000,983,27.17,0.0003881,easy
clustered,128,97,HAMMING,HAMMING,bonferroni,0.99,1000,100.00,true,false,false,false,0.300,1.000,976,5.873,2.494e-05,medium
clustered,128,98,HAMMING,HAMMING,bonferroni,0.99,1000,100.00,true,false,false,false,0.200,1.000,988,9.717,0.001632,easy
clustered,128,99,HAMMING,HAMMING,bonferroni,0.99,1000,100.00,true,false,false,false,0.400,1.000,926,2.096,0.0008216,hard
clustered,128,0,ADC,ADC,none,0.99,1000,100.00,true,false,false,false,0.300,1.000,963,5.166,0.0002801,medium
clustered,128,1,ADC,ADC,none,0.99,1000,100.00,true,false,false,false,0.800,1.000,875,9.701,0.0004199,easy
clustered,128,2,ADC,ADC,none,0.99,17,1.70,true,false,true,true,0.300,0.300,222,25.29,0.0002110,easy
clustered,128,3,ADC,ADC,none,0.99,13,1.30,true,false,true,false,0.100,0.100,508,1.624,0.0007701,hard
clustered,128,4,ADC,ADC,none,0.99,1000,100.00,true,false,false,false,0.900,1.000,721,1.866,0.0008430,hard
clustered,128,5,ADC,ADC,none,0.99,1000,100.00,true,false,false,false,0.800,1.000,315,0.6436,0.0008278,hard
clustered,128,6,ADC,ADC,none,0.99,1000,100.00,true,false,false,false,0.300,1.000,833,0.6338,0.0005863,hard
clustered,128,7,ADC,ADC,none,0.99,1000,100.00,true,false,false,false,0.600,1.000,920,1.181,0.002262,hard
clustered,128,8,ADC,ADC,none,0.99,18,1.80,true,false,true,false,0.200,0.200,887,1.639,0.0006131,hard
clustered,128,9,ADC,ADC,none,0.99,1000,100.00,true,false,false,false,0.700,1.000,994,5.077,0.0001260,medium
clustered,128,10,ADC,ADC,none,0.99,12,1.20,true,false,true,true,0.200,0.200,366,35.89,0.002173,easy
clustered,128,11,ADC,ADC,none,0.99,1000,100.00,true,false,false,true,1.000,1.000,837,0.7910,0.0001729,hard
clustered,128,12,ADC,ADC,none,0.99,1000,100.00,true,false,false,false,0.300,1.000,841,1.471,0.0007056,hard
clustered,128,13,ADC,ADC,none,0.99,1000,100.00,true,false,false,true,1.000,1.000,974,3.321,0.0003514,hard
clustered,128,14,ADC,ADC,none,0.99,10,1.00,true,false,true,true,0.100,0.100,245,1.583,0.0004046,hard
clustered,128,15,ADC,ADC,none,0.99,1000,100.00,true,false,false,false,0.600,1.000,901,3.936,0.0001627,medium
clustered,128,16,ADC,ADC,none,0.99,256,25.60,true,false,true,false,0.600,0.600,470,17.35,0.0001737,easy
clustered,128,17,ADC,ADC,none,0.99,1000,100.00,true,false,false,false,0.300,1.000,900,5.369,0.0001248,medium
clustered,128,18,ADC,ADC,none,0.99,93,9.30,true,false,true,true,0.100,0.100,799,36.73,0.0001757,easy
clustered,128,19,ADC,ADC,none,0.99,1000,100.00,true,false,false,true,1.000,1.000,760,54.11,5.041e-05,easy
clustered,128,20,ADC,ADC,none,0.99,1000,100.00,true,false,false,false,0.200,1.000,830,10.29,0.0001237,easy
clustered,128,21,ADC,ADC,none,0.99,11,1.10,true,false,true,false,0.000,0.000,452,4.104,0.0001565,medium
clustered,128,22,ADC,ADC,none,0.99,167,16.70,true,false,true,false,0.300,0.300,917,3.151,0.002783,hard
clustered,128,23,ADC,ADC,none,0.99,17,1.70,true,false,true,true,0.300,0.300,205,9.115,0.0008514,medium
clustered,128,24,ADC,ADC,none,0.99,1000,100.00,true,false,false,false,0.400,1.000,925,2.260,0.0001435,hard
clustered,128,25,ADC,ADC,none,0.99,789,78.90,true,false,true,false,0.700,0.900,891,4.468,0.0006214,medium
clustered,128,26,ADC,ADC,none,0.99,1000,100.00,true,false,false,false,0.500,1.000,964,3.474,0.002618,medium
clustered,128,27,ADC,ADC,none,0.99,1000,100.00,true,false,false,true,1.000,1.000,925,0.7695,0.0001803,hard
clustered,128,28,ADC,ADC,none,0.99,1000,100.00,true,false,false,true,1.000,1.000,645,10.51,0.0003791,easy
clustered,128,29,ADC,ADC,none,0.99,966,96.60,true,false,false,false,0.100,1.000,966,1.074,0.0001191,hard
clustered,128,30,ADC,ADC,none,0.99,109,10.90,true,false,true,false,0.000,0.100,775,10.30,0.003513,easy
clustered,128,31,ADC,ADC,none,0.99,1000,100.00,true,false,false,false,0.600,1.000,763,2.517,0.0007713,hard
clustered,128,32,ADC,ADC,none,0.99,1000,100.00,true,false,false,false,0.200,1.000,869,13.79,1.044e-05,easy
clustered,128,33,ADC,ADC,none,0.99,1000,100.00,true,false,false,true,1.000,1.000,681,38.58,0.001588,easy
clustered,128,34,ADC,ADC,none,0.99,1000,100.00,true,false,false,true,1.000,1.000,646,38.93,0.0003440,easy
clustered,128,35,ADC,ADC,none,0.99,849,84.90,true,false,false,false,0.900,1.000,849,26.32,0.0005383,easy
clustered,128,36,ADC,ADC,none,0.99,269,26.90,true,false,true,false,0.300,0.400,823,6.434,0.0004834,medium
clustered,128,37,ADC,ADC,none,0.99,48,4.80,true,false,true,true,0.000,0.000,974,3.513,0.0009618,medium
clustered,128,38,ADC,ADC,none,0.99,1000,100.00,true,false,false,false,0.900,1.000,984,32.85,0.001742,easy
clustered,128,39,ADC,ADC,none,0.99,1000,100.00,true,false,false,false,0.800,1.000,995,6.378,0.0005915,medium
clustered,128,40,ADC,ADC,none,0.99,1000,100.00,true,false,false,false,0.700,1.000,783,7.404,3.676e-05,medium
clustered,128,41,ADC,ADC,none,0.99,1000,100.00,true,false,false,false,0.500,1.000,856,3.583,0.0009957,medium
clustered,128,42,ADC,ADC,none,0.99,131,13.10,true,false,true,true,0.500,0.500,612,1.789,0.0002764,hard
clustered,128,43,ADC,ADC,none,0.99,10,1.00,true,false,true,true,0.200,0.200,253,8.510,0.0006908,medium
clustered,128,44,ADC,ADC,none,0.99,65,6.50,true,false,true,true,0.100,0.100,949,3.496,0.002356,medium
clustered,128,45,ADC,ADC,none,0.99,1000,100.00,true,false,false,false,0.300,1.000,944,2.157,0.0002345,hard
clustered,128,46,ADC,ADC,none,0.99,1000,100.00,true,false,false,false,0.800,1.000,930,2.393,0.0006714,hard
clustered,128,47,ADC,ADC,none,0.99,1000,100.00,true,false,false,true,1.000,1.000,633,9.746,0.0001729,easy
clustered,128,48,ADC,ADC,none,0.99,59,5.90,true,false,true,false,0.100,0.200,779,9.627,0.003052,easy
clustered,128,49,ADC,ADC,none,0.99,1000,100.00,true,false,false,false,0.600,1.000,950,9.531,0.002159,medium
clustered,128,50,ADC,ADC,none,0.99,1000,100.00,true,false,false,true,1.000,1.000,765,0.9238,0.002892,hard
clustered,128,51,ADC,ADC,none,0.99,1000,100.00,true,false,false,false,0.300,1.000,963,38.50,0.0004426,easy
clustered,128,52,ADC,ADC,none,0.99,1000,100.00,true,false,false,false,0.200,1.000,934,1.411,0.0005069,hard
clustered,128,53,ADC,ADC,none,0.99,1000,100.00,true,false,false,false,0.700,1.000,906,4.400,0.0002405,medium
clustered,128,54,ADC,ADC,none,0.99,1000,100.00,true,false,false,false,0.800,1.000,842,11.80,0.0004776,easy
clustered,128,55,ADC,ADC,none,0.99,173,17.30,true,false,true,true,0.500,0.500,697,3.678,0.0004232,medium
clustered,128,56,ADC,ADC,none,0.99,1000,100.00,true,false,false,false,0.900,1.000,991,6.969,2.915e-05,medium
clustered,128,57,ADC,ADC,none,0.99,1000,100.00,true,false,false,true,1.000,1.000,626,2.259,0.0003721,hard
clustered,128,58,ADC,ADC,none,0.99,590,59.00,true,false,true,false,0.600,0.800,831,2.325,0.001249,hard
clustered,128,59,ADC,ADC,none,0.99,1000,100.00,true,false,false,false,0.100,1.000,921,10.94,0.0001288,easy
clustered,128,60,ADC,ADC,none,0.99,1000,100.00,true,false,false,false,0.000,1.000,508,0.5767,0.0009144,hard
clustered,128,61,ADC,ADC,none,0.99,18,1.80,true,false,true,false,0.100,0.100,943,5.196,0.0004339,medium
clustered,128,62,ADC,ADC,none,0.99,352,35.20,true,false,true,false,0.200,0.200,848,5.330,0.0002009,medium
clustered,128,63,ADC,ADC,none,0.99,1000,100.00,true,false,false,false,0.800,1.000,191,30.84,0.002965,easy
clustered,128,64,ADC,ADC,none,0.99,73,7.30,true,false,true,false,0.000,0.100,784,5.210,0.001610,medium
clustered,128,65,ADC,ADC,none,0.99,1000,100.00,true,false,false,true,1.000,1.000,905,14.96,0.0001860,easy
clustered,128,66,ADC,ADC,none,0.99,1000,100.00,true,false,false,true,1.000,1.000,899,26.43,0.0001201,easy
clustered,128,67,ADC,ADC,none,0.99,1000,100.00,true,false,false,false,0.300,1.000,998,0.9644,0.0003003,hard
clustered,128,68,ADC,ADC,none,0.99,278,27.80,true,false,true,false,0.100,0.200,953,5.356,4.571e-05,medium
clustered,128,69,ADC,ADC,none,0.99,1000,100.00,true,false,false,false,0.600,1.000,749,2.688,0.0002099,hard
clustered,128,70,ADC,ADC,none,0.99,1000,100.00,true,false,false,false,0.600,1.000,960,19.77,0.0003814,easy
clustered,128,71,ADC,ADC,none,0.99,1000,100.00,true,false,false,false,0.800,1.000,934,21.70,0.0006622,easy
clustered,128,72,ADC,ADC,none,0.99,1000,100.00,true,false,false,false,0.500,1.000,921,0.2974,0.005114,hard
clustered,128,73,ADC,ADC,none,0.99,1000,100.00,true,false,false,false,0.500,1.000,916,7.604,0.0006512,medium
clustered,128,74,ADC,ADC,none,0.99,1000,100.00,true,false,false,false,0.200,1.000,990,10.37,0.0003254,easy
clustered,128,75,ADC,ADC,none,0.99,143,14.30,true,false,true,false,0.000,0.100,877,9.086,0.001008,medium
clustered,128,76,ADC,ADC,none,0.99,1000,100.00,true,false,false,false,0.700,1.000,920,22.05,0.001202,easy
clustered,128,77,ADC,ADC,none,0.99,1000,100.00,true,false,false,false,0.500,1.000,738,4.364,0.0001793,medium
clustered,128,78,ADC,ADC,none,0.99,1000,100.00,true,false,false,false,0.800,1.000,899,17.17,0.003779,easy
clustered,128,79,ADC,ADC,none,0.99,1000,100.00,true,false,false,false,0.800,1.000,828,8.284,0.0003192,medium
clustered,128,80,ADC,ADC,none,0.99,1000,100.00,true,false,false,true,1.000,1.000,655,15.64,0.0003747,easy
clustered,128,81,ADC,ADC,none,0.99,1000,100.00,true,false,false,false,0.000,1.000,913,15.88,0.002902,easy
clustered,128,82,ADC,ADC,none,0.99,1000,100.00,true,false,false,false,0.500,1.000,940,1.674,0.0003705,hard
clustered,128,83,ADC,ADC,none,0.99,1000,100.00,true,false,false,false,0.700,1.000,956,0.2534,6.967e-05,hard
clustered,128,84,ADC,ADC,none,0.99,1000,100.00,true,false,false,false,0.800,1.000,824,3.400,0.0002792,hard
clustered,128,85,ADC,ADC,none,0.99,1000,100.00,true,false,false,false,0.400,1.000,804,3.252,0.0004614,hard
clustered,128,86,ADC,ADC,none,0.99,1000,100.00,true,false,false,false,0.400,1.000,994,12.75,0.001917,easy
clustered,128,87,ADC,ADC,none,0.99,1000,100.00,true,false,false,false,0.700,1.000,865,9.448,0.0005531,medium
clustered,128,88,ADC,ADC,none,0.99,1000,100.00,true,false,false,false,0.600,1.000,865,7.127,0.002970,medium
clustered,128,89,ADC,ADC,none,0.99,432,43.20,true,false,true,false,0.500,0.600,872,8.797,0.0001674,medium
clustered,128,90,ADC,ADC,none,0.99,1000,100.00,true,false,false,false,0.500,1.000,840,4.541,0.0003576,medium
clustered,128,91,ADC,ADC,none,0.99,1000,100.00,true,false,false,false,0.200,1.000,905,16.44,0.0008026,easy
clustered,128,92,ADC,ADC,none,0.99,1000,100.00,true,false,false,false,0.400,1.000,606,6.567,0.0003508,medium
clustered,128,93,ADC,ADC,none,0.99,1000,100.00,true,false,false,false,0.100,1.000,945,0.6523,0.0001383,hard
clustered,128,94,ADC,ADC,none,0.99,1000,100.00,true,false,false,false,0.300,1.000,976,0.9780,0.0007765,hard
clustered,128,95,ADC,ADC,none,0.99,1000,100.00,true,false,false,false,0.300,1.000,902,1.176,0.0007928,hard
clustered,128,96,ADC,ADC,none,0.99,1000,100.00,true,false,false,true,1.000,1.000,657,27.17,0.0003881,easy
clustered,128,97,ADC,ADC,none,0.99,20,2.00,true,false,true,false,0.100,0.100,887,5.873,2.494e-05,medium
clustered,128,98,ADC,ADC,none,0.99,1000,100.00,true,false,false,false,0.800,1.000,603,9.717,0.001632,easy
clustered,128,99,ADC,ADC,none,0.99,780,78.00,true,false,true,false,0.200,0.900,993,2.096,0.0008216,hard
clustered,128,0,ADC,ADC,bonferroni,0.99,1000,100.00,true,false,false,false,0.300,1.000,963,5.166,0.0002801,medium
clustered,128,1,ADC,ADC,bonferroni,0.99,1000,100.00,true,false,false,false,0.800,1.000,875,9.701,0.0004199,easy
clustered,128,2,ADC,ADC,bonferroni,0.99,998,99.80,true,false,false,true,1.000,1.000,222,25.29,0.0002110,easy
clustered,128,3,ADC,ADC,bonferroni,0.99,996,99.60,true,false,false,false,0.800,1.000,508,1.624,0.0007701,hard
clustered,128,4,ADC,ADC,bonferroni,0.99,1000,100.00,true,false,false,false,0.900,1.000,721,1.866,0.0008430,hard
clustered,128,5,ADC,ADC,bonferroni,0.99,1000,100.00,true,false,false,false,0.800,1.000,315,0.6436,0.0008278,hard
clustered,128,6,ADC,ADC,bonferroni,0.99,1000,100.00,true,false,false,false,0.300,1.000,833,0.6338,0.0005863,hard
clustered,128,7,ADC,ADC,bonferroni,0.99,1000,100.00,true,false,false,false,0.600,1.000,920,1.181,0.002262,hard
clustered,128,8,ADC,ADC,bonferroni,0.99,998,99.80,true,false,false,false,0.900,1.000,887,1.639,0.0006131,hard
clustered,128,9,ADC,ADC,bonferroni,0.99,1000,100.00,true,false,false,false,0.700,1.000,994,5.077,0.0001260,medium
clustered,128,10,ADC,ADC,bonferroni,0.99,998,99.80,true,false,false,true,1.000,1.000,366,35.89,0.002173,easy
clustered,128,11,ADC,ADC,bonferroni,0.99,1000,100.00,true,false,false,true,1.000,1.000,837,0.7910,0.0001729,hard
clustered,128,12,ADC,ADC,bonferroni,0.99,1000,100.00,true,false,false,false,0.300,1.000,841,1.471,0.0007056,hard
clustered,128,13,ADC,ADC,bonferroni,0.99,1000,100.00,true,false,false,true,1.000,1.000,974,3.321,0.0003514,hard
clustered,128,14,ADC,ADC,bonferroni,0.99,936,93.60,true,false,false,true,1.000,1.000,245,1.583,0.0004046,hard
clustered,128,15,ADC,ADC,bonferroni,0.99,1000,100.00,true,false,false,false,0.600,1.000,901,3.936,0.0001627,medium
clustered,128,16,ADC,ADC,bonferroni,0.99,999,99.90,true,false,false,false,0.900,1.000,470,17.35,0.0001737,easy
clustered,128,17,ADC,ADC,bonferroni,0.99,1000,100.00,true,false,false,false,0.300,1.000,900,5.369,0.0001248,medium
clustered,128,18,ADC,ADC,bonferroni,0.99,998,99.80,true,false,false,true,1.000,1.000,799,36.73,0.0001757,easy
clustered,128,19,ADC,ADC,bonferroni,0.99,1000,100.00,true,false,false,true,1.000,1.000,760,54.11,5.041e-05,easy
clustered,128,20,ADC,ADC,bonferroni,0.99,1000,100.00,true,false,false,false,0.200,1.000,830,10.29,0.0001237,easy
clustered,128,21,ADC,ADC,bonferroni,0.99,997,99.70,true,false,false,false,0.900,1.000,452,4.104,0.0001565,medium
clustered,128,22,ADC,ADC,bonferroni,0.99,999,99.90,true,false,false,false,0.800,1.000,917,3.151,0.002783,hard
clustered,128,23,ADC,ADC,bonferroni,0.99,998,99.80,true,false,false,true,1.000,1.000,205,9.115,0.0008514,medium
clustered,128,24,ADC,ADC,bonferroni,0.99,1000,100.00,true,false,false,false,0.400,1.000,925,2.260,0.0001435,hard
clustered,128,25,ADC,ADC,bonferroni,0.99,999,99.90,true,false,false,false,0.800,1.000,891,4.468,0.0006214,medium
clustered,128,26,ADC,ADC,bonferroni,0.99,1000,100.00,true,false,false,false,0.500,1.000,964,3.474,0.002618,medium
clustered,128,27,ADC,ADC,bonferroni,0.99,1000,100.00,true,false,false,true,1.000,1.000,925,0.7695,0.0001803,hard
clustered,128,28,ADC,ADC,bonferroni,0.99,1000,100.00,true,false,false,true,1.000,1.000,645,10.51,0.0003791,easy
clustered,128,29,ADC,ADC,bonferroni,0.99,999,99.90,true,false,false,false,0.100,1.000,966,1.074,0.0001191,hard
clustered,128,30,ADC,ADC,bonferroni,0.99,998,99.80,true,false,false,false,0.800,1.000,775,10.30,0.003513,easy
clustered,128,31,ADC,ADC,bonferroni,0.99,1000,100.00,true,false,false,false,0.600,1.000,763,2.517,0.0007713,hard
clustered,128,32,ADC,ADC,bonferroni,0.99,1000,100.00,true,false,false,false,0.200,1.000,869,13.79,1.044e-05,easy
clustered,128,33,ADC,ADC,bonferroni,0.99,1000,100.00,true,false,false,true,1.000,1.000,681,38.58,0.001588,easy
clustered,128,34,ADC,ADC,bonferroni,0.99,1000,100.00,true,false,false,true,1.000,1.000,646,38.93,0.0003440,easy
clustered,128,35,ADC,ADC,bonferroni,0.99,999,99.90,true,false,false,false,0.900,1.000,849,26.32,0.0005383,easy
clustered,128,36,ADC,ADC,bonferroni,0.99,999,99.90,true,false,false,false,0.700,1.000,823,6.434,0.0004834,medium
clustered,128,37,ADC,ADC,bonferroni,0.99,997,99.70,true,false,false,true,1.000,1.000,974,3.513,0.0009618,medium
clustered,128,38,ADC,ADC,bonferroni,0.99,1000,100.00,true,false,false,false,0.900,1.000,984,32.85,0.001742,easy
clustered,128,39,ADC,ADC,bonferroni,0.99,1000,100.00,true,false,false,false,0.800,1.000,995,6.378,0.0005915,medium
clustered,128,40,ADC,ADC,bonferroni,0.99,1000,100.00,true,false,false,false,0.700,1.000,783,7.404,3.676e-05,medium
clustered,128,41,ADC,ADC,bonferroni,0.99,1000,100.00,true,false,false,false,0.500,1.000,856,3.583,0.0009957,medium
clustered,128,42,ADC,ADC,bonferroni,0.99,999,99.90,true,false,false,true,1.000,1.000,612,1.789,0.0002764,hard
clustered,128,43,ADC,ADC,bonferroni,0.99,824,82.40,true,false,false,true,1.000,1.000,253,8.510,0.0006908,medium
clustered,128,44,ADC,ADC,bonferroni,0.99,991,99.10,true,false,false,true,1.000,1.000,949,3.496,0.002356,medium
clustered,128,45,ADC,ADC,bonferroni,0.99,1000,100.00,true,false,false,false,0.300,1.000,944,2.157,0.0002345,hard
clustered,128,46,ADC,ADC,bonferroni,0.99,1000,100.00,true,false,false,false,0.800,1.000,930,2.393,0.0006714,hard
clustered,128,47,ADC,ADC,bonferroni,0.99,1000,100.00,true,false,false,true,1.000,1.000,633,9.746,0.0001729,easy
clustered,128,48,ADC,ADC,bonferroni,0.99,997,99.70,true,false,false,false,0.900,1.000,779,9.627,0.003052,easy
clustered,128,49,ADC,ADC,bonferroni,0.99,1000,100.00,true,false,false,false,0.600,1.000,950,9.531,0.002159,medium
clustered,128,50,ADC,ADC,bonferroni,0.99,1000,100.00,true,false,false,true,1.000,1.000,765,0.9238,0.002892,hard
clustered,128,51,ADC,ADC,bonferroni,0.99,1000,100.00,true,false,false,false,0.300,1.000,963,38.50,0.0004426,easy
clustered,128,52,ADC,ADC,bonferroni,0.99,1000,100.00,true,false,false,false,0.200,1.000,934,1.411,0.0005069,hard
clustered,128,53,ADC,ADC,bonferroni,0.99,1000,100.00,true,false,false,false,0.700,1.000,906,4.400,0.0002405,medium
clustered,128,54,ADC,ADC,bonferroni,0.99,1000,100.00,true,false,false,false,0.800,1.000,842,11.80,0.0004776,easy
clustered,128,55,ADC,ADC,bonferroni,0.99,999,99.90,true,false,false,true,1.000,1.000,697,3.678,0.0004232,medium
clustered,128,56,ADC,ADC,bonferroni,0.99,1000,100.00,true,false,false,false,0.900,1.000,991,6.969,2.915e-05,medium
clustered,128,57,ADC,ADC,bonferroni,0.99,1000,100.00,true,false,false,true,1.000,1.000,626,2.259,0.0003721,hard
clustered,128,58,ADC,ADC,bonferroni,0.99,999,99.90,true,false,false,false,0.700,1.000,831,2.325,0.001249,hard
clustered,128,59,ADC,ADC,bonferroni,0.99,1000,100.00,true,false,false,false,0.100,1.000,921,10.94,0.0001288,easy
clustered,128,60,ADC,ADC,bonferroni,0.99,1000,100.00,true,false,false,false,0.000,1.000,508,0.5767,0.0009144,hard
clustered,128,61,ADC,ADC,bonferroni,0.99,999,99.90,true,false,false,false,0.600,1.000,943,5.196,0.0004339,medium
clustered,128,62,ADC,ADC,bonferroni,0.99,998,99.80,true,false,false,false,0.600,1.000,848,5.330,0.0002009,medium
clustered,128,63,ADC,ADC,bonferroni,0.99,1000,100.00,true,false,false,false,0.800,1.000,191,30.84,0.002965,easy
clustered,128,64,ADC,ADC,bonferroni,0.99,995,99.50,true,false,false,false,0.900,1.000,784,5.210,0.001610,medium
clustered,128,65,ADC,ADC,bonferroni,0.99,1000,100.00,true,false,false,true,1.000,1.000,905,14.96,0.0001860,easy
clustered,128,66,ADC,ADC,bonferroni,0.99,1000,100.00,true,false,false,true,1.000,1.000,899,26.43,0.0001201,easy
clustered,128,67,ADC,ADC,bonferroni,0.99,1000,100.00,true,false,false,false,0.300,1.000,998,0.9644,0.0003003,hard
clustered,128,68,ADC,ADC,bonferroni,0.99,997,99.70,true,false,false,false,0.500,1.000,953,5.356,4.571e-05,medium
clustered,128,69,ADC,ADC,bonferroni,0.99,1000,100.00,true,false,false,false,0.600,1.000,749,2.688,0.0002099,hard
clustered,128,70,ADC,ADC,bonferroni,0.99,1000,100.00,true,false,false,false,0.600,1.000,960,19.77,0.0003814,easy
clustered,128,71,ADC,ADC,bonferroni,0.99,1000,100.00,true,false,false,false,0.800,1.000,934,21.70,0.0006622,easy
clustered,128,72,ADC,ADC,bonferroni,0.99,1000,100.00,true,false,false,false,0.500,1.000,921,0.2974,0.005114,hard
clustered,128,73,ADC,ADC,bonferroni,0.99,1000,100.00,true,false,false,false,0.500,1.000,916,7.604,0.0006512,medium
clustered,128,74,ADC,ADC,bonferroni,0.99,1000,100.00,true,false,false,false,0.200,1.000,990,10.37,0.0003254,easy
clustered,128,75,ADC,ADC,bonferroni,0.99,995,99.50,true,false,false,false,0.600,1.000,877,9.086,0.001008,medium
clustered,128,76,ADC,ADC,bonferroni,0.99,1000,100.00,true,false,false,false,0.700,1.000,920,22.05,0.001202,easy
clustered,128,77,ADC,ADC,bonferroni,0.99,1000,100.00,true,false,false,false,0.500,1.000,738,4.364,0.0001793,medium
clustered,128,78,ADC,ADC,bonferroni,0.99,1000,100.00,true,false,false,false,0.800,1.000,899,17.17,0.003779,easy
clustered,128,79,ADC,ADC,bonferroni,0.99,1000,100.00,true,false,false,false,0.800,1.000,828,8.284,0.0003192,medium
clustered,128,80,ADC,ADC,bonferroni,0.99,1000,100.00,true,false,false,true,1.000,1.000,655,15.64,0.0003747,easy
clustered,128,81,ADC,ADC,bonferroni,0.99,1000,100.00,true,false,false,false,0.000,1.000,913,15.88,0.002902,easy
clustered,128,82,ADC,ADC,bonferroni,0.99,1000,100.00,true,false,false,false,0.500,1.000,940,1.674,0.0003705,hard
clustered,128,83,ADC,ADC,bonferroni,0.99,1000,100.00,true,false,false,false,0.700,1.000,956,0.2534,6.967e-05,hard
clustered,128,84,ADC,ADC,bonferroni,0.99,1000,100.00,true,false,false,false,0.800,1.000,824,3.400,0.0002792,hard
clustered,128,85,ADC,ADC,bonferroni,0.99,1000,100.00,true,false,false,false,0.400,1.000,804,3.252,0.0004614,hard
clustered,128,86,ADC,ADC,bonferroni,0.99,1000,100.00,true,false,false,false,0.400,1.000,994,12.75,0.001917,easy
clustered,128,87,ADC,ADC,bonferroni,0.99,1000,100.00,true,false,false,false,0.700,1.000,865,9.448,0.0005531,medium
clustered,128,88,ADC,ADC,bonferroni,0.99,1000,100.00,true,false,false,false,0.600,1.000,865,7.127,0.002970,medium
clustered,128,89,ADC,ADC,bonferroni,0.99,999,99.90,true,false,false,false,0.900,1.000,872,8.797,0.0001674,medium
clustered,128,90,ADC,ADC,bonferroni,0.99,1000,100.00,true,false,false,false,0.500,1.000,840,4.541,0.0003576,medium
clustered,128,91,ADC,ADC,bonferroni,0.99,1000,100.00,true,false,false,false,0.200,1.000,905,16.44,0.0008026,easy
clustered,128,92,ADC,ADC,bonferroni,0.99,1000,100.00,true,false,false,false,0.400,1.000,606,6.567,0.0003508,medium
clustered,128,93,ADC,ADC,bonferroni,0.99,1000,100.00,true,false,false,false,0.100,1.000,945,0.6523,0.0001383,hard
clustered,128,94,ADC,ADC,bonferroni,0.99,1000,100.00,true,false,false,false,0.300,1.000,976,0.9780,0.0007765,hard
clustered,128,95,ADC,ADC,bonferroni,0.99,1000,100.00,true,false,false,false,0.300,1.000,902,1.176,0.0007928,hard
clustered,128,96,ADC,ADC,bonferroni,0.99,1000,100.00,true,false,false,true,1.000,1.000,657,27.17,0.0003881,easy
clustered,128,97,ADC,ADC,bonferroni,0.99,996,99.60,true,false,false,false,0.900,1.000,887,5.873,2.494e-05,medium
clustered,128,98,ADC,ADC,bonferroni,0.99,1000,100.00,true,false,false,false,0.800,1.000,603,9.717,0.001632,easy
clustered,128,99,ADC,ADC,bonferroni,0.99,999,99.90,true,false,false,false,0.300,1.000,993,2.096,0.0008216,hard
clustered,128,0,ADC,HAMMING,none,0.99,1000,100.00,true,false,false,false,0.300,1.000,963,5.166,0.0002801,medium
clustered,128,1,ADC,HAMMING,none,0.99,1000,100.00,true,false,false,false,0.800,1.000,875,9.701,0.0004199,easy
clustered,128,2,ADC,HAMMING,none,0.99,1000,100.00,true,false,false,true,1.000,1.000,222,25.29,0.0002110,easy
clustered,128,3,ADC,HAMMING,none,0.99,804,80.40,true,false,false,false,0.800,1.000,508,1.624,0.0007701,hard
clustered,128,4,ADC,HAMMING,none,0.99,1000,100.00,true,false,false,false,0.900,1.000,721,1.866,0.0008430,hard
clustered,128,5,ADC,HAMMING,none,0.99,1000,100.00,true,false,false,false,0.800,1.000,315,0.6436,0.0008278,hard
clustered,128,6,ADC,HAMMING,none,0.99,1000,100.00,true,false,false,false,0.300,1.000,833,0.6338,0.0005863,hard
clustered,128,7,ADC,HAMMING,none,0.99,999,99.90,true,false,false,false,0.600,1.000,920,1.181,0.002262,hard
clustered,128,8,ADC,HAMMING,none,0.99,998,99.80,true,false,false,false,0.900,1.000,887,1.639,0.0006131,hard
clustered,128,9,ADC,HAMMING,none,0.99,1000,100.00,true,false,false,false,0.700,1.000,994,5.077,0.0001260,medium
clustered,128,10,ADC,HAMMING,none,0.99,1000,100.00,true,false,false,true,1.000,1.000,366,35.89,0.002173,easy
clustered,128,11,ADC,HAMMING,none,0.99,1000,100.00,true,false,false,true,1.000,1.000,837,0.7910,0.0001729,hard
clustered,128,12,ADC,HAMMING,none,0.99,1000,100.00,true,false,false,false,0.300,1.000,841,1.471,0.0007056,hard
clustered,128,13,ADC,HAMMING,none,0.99,1000,100.00,true,false,false,true,1.000,1.000,974,3.321,0.0003514,hard
clustered,128,14,ADC,HAMMING,none,0.99,867,86.70,true,false,false,true,1.000,1.000,245,1.583,0.0004046,hard
clustered,128,15,ADC,HAMMING,none,0.99,1000,100.00,true,false,false,false,0.600,1.000,901,3.936,0.0001627,medium
clustered,128,16,ADC,HAMMING,none,0.99,1000,100.00,true,false,false,false,0.900,1.000,470,17.35,0.0001737,easy
clustered,128,17,ADC,HAMMING,none,0.99,1000,100.00,true,false,false,false,0.300,1.000,900,5.369,0.0001248,medium
clustered,128,18,ADC,HAMMING,none,0.99,1000,100.00,true,false,false,true,1.000,1.000,799,36.73,0.0001757,easy
clustered,128,19,ADC,HAMMING,none,0.99,1000,100.00,true,false,false,true,1.000,1.000,760,54.11,5.041e-05,easy
clustered,128,20,ADC,HAMMING,none,0.99,1000,100.00,true,false,false,false,0.200,1.000,830,10.29,0.0001237,easy
clustered,128,21,ADC,HAMMING,none,0.99,996,99.60,true,false,false,false,0.900,1.000,452,4.104,0.0001565,medium
clustered,128,22,ADC,HAMMING,none,0.99,1000,100.00,true,false,false,false,0.800,1.000,917,3.151,0.002783,hard
clustered,128,23,ADC,HAMMING,none,0.99,1000,100.00,true,false,false,true,1.000,1.000,205,9.115,0.0008514,medium
clustered,128,24,ADC,HAMMING,none,0.99,1000,100.00,true,false,false,false,0.400,1.000,925,2.260,0.0001435,hard
clustered,128,25,ADC,HAMMING,none,0.99,1000,100.00,true,false,false,false,0.800,1.000,891,4.468,0.0006214,medium
clustered,128,26,ADC,HAMMING,none,0.99,1000,100.00,true,false,false,false,0.500,1.000,964,3.474,0.002618,medium
clustered,128,27,ADC,HAMMING,none,0.99,1000,100.00,true,false,false,true,1.000,1.000,925,0.7695,0.0001803,hard
clustered,128,28,ADC,HAMMING,none,0.99,1000,100.00,true,false,false,true,1.000,1.000,645,10.51,0.0003791,easy
clustered,128,29,ADC,HAMMING,none,0.99,997,99.70,true,false,false,false,0.100,1.000,966,1.074,0.0001191,hard
clustered,128,30,ADC,HAMMING,none,0.99,1000,100.00,true,false,false,false,0.800,1.000,775,10.30,0.003513,easy
clustered,128,31,ADC,HAMMING,none,0.99,1000,100.00,true,false,false,false,0.600,1.000,763,2.517,0.0007713,hard
clustered,128,32,ADC,HAMMING,none,0.99,1000,100.00,true,false,false,false,0.200,1.000,869,13.79,1.044e-05,easy
clustered,128,33,ADC,HAMMING,none,0.99,1000,100.00,true,false,false,true,1.000,1.000,681,38.58,0.001588,easy
clustered,128,34,ADC,HAMMING,none,0.99,1000,100.00,true,false,false,true,1.000,1.000,646,38.93,0.0003440,easy
clustered,128,35,ADC,HAMMING,none,0.99,1000,100.00,true,false,false,false,0.900,1.000,849,26.32,0.0005383,easy
clustered,128,36,ADC,HAMMING,none,0.99,1000,100.00,true,false,false,false,0.700,1.000,823,6.434,0.0004834,medium
clustered,128,37,ADC,HAMMING,none,0.99,1000,100.00,true,false,false,true,1.000,1.000,974,3.513,0.0009618,medium
clustered,128,38,ADC,HAMMING,none,0.99,1000,100.00,true,false,false,false,0.900,1.000,984,32.85,0.001742,easy
clustered,128,39,ADC,HAMMING,none,0.99,1000,100.00,true,false,false,false,0.800,1.000,995,6.378,0.0005915,medium
clustered,128,40,ADC,HAMMING,none,0.99,1000,100.00,true,false,false,false,0.700,1.000,783,7.404,3.676e-05,medium
clustered,128,41,ADC,HAMMING,none,0.99,1000,100.00,true,false,false,false,0.500,1.000,856,3.583,0.0009957,medium
clustered,128,42,ADC,HAMMING,none,0.99,1000,100.00,true,false,false,true,1.000,1.000,612,1.789,0.0002764,hard
clustered,128,43,ADC,HAMMING,none,0.99,943,94.30,true,false,false,true,1.000,1.000,253,8.510,0.0006908,medium
clustered,128,44,ADC,HAMMING,none,0.99,1000,100.00,true,false,false,true,1.000,1.000,949,3.496,0.002356,medium
clustered,128,45,ADC,HAMMING,none,0.99,1000,100.00,true,false,false,false,0.300,1.000,944,2.157,0.0002345,hard
clustered,128,46,ADC,HAMMING,none,0.99,1000,100.00,true,false,false,false,0.800,1.000,930,2.393,0.0006714,hard
clustered,128,47,ADC,HAMMING,none,0.99,1000,100.00,true,false,false,true,1.000,1.000,633,9.746,0.0001729,easy
clustered,128,48,ADC,HAMMING,none,0.99,998,99.80,true,false,false,false,0.900,1.000,779,9.627,0.003052,easy
clustered,128,49,ADC,HAMMING,none,0.99,1000,100.00,true,false,false,false,0.600,1.000,950,9.531,0.002159,medium
clustered,128,50,ADC,HAMMING,none,0.99,1000,100.00,true,false,false,true,1.000,1.000,765,0.9238,0.002892,hard
clustered,128,51,ADC,HAMMING,none,0.99,1000,100.00,true,false,false,false,0.300,1.000,963,38.50,0.0004426,easy
clustered,128,52,ADC,HAMMING,none,0.99,1000,100.00,true,false,false,false,0.200,1.000,934,1.411,0.0005069,hard
clustered,128,53,ADC,HAMMING,none,0.99,1000,100.00,true,false,false,false,0.700,1.000,906,4.400,0.0002405,medium
clustered,128,54,ADC,HAMMING,none,0.99,1000,100.00,true,false,false,false,0.800,1.000,842,11.80,0.0004776,easy
clustered,128,55,ADC,HAMMING,none,0.99,1000,100.00,true,false,false,true,1.000,1.000,697,3.678,0.0004232,medium
clustered,128,56,ADC,HAMMING,none,0.99,1000,100.00,true,false,false,false,0.900,1.000,991,6.969,2.915e-05,medium
clustered,128,57,ADC,HAMMING,none,0.99,1000,100.00,true,false,false,true,1.000,1.000,626,2.259,0.0003721,hard
clustered,128,58,ADC,HAMMING,none,0.99,1000,100.00,true,false,false,false,0.700,1.000,831,2.325,0.001249,hard
clustered,128,59,ADC,HAMMING,none,0.99,1000,100.00,true,false,false,false,0.100,1.000,921,10.94,0.0001288,easy
clustered,128,60,ADC,HAMMING,none,0.99,998,99.80,true,false,false,false,0.000,1.000,508,0.5767,0.0009144,hard
clustered,128,61,ADC,HAMMING,none,0.99,994,99.40,true,false,false,false,0.600,1.000,943,5.196,0.0004339,medium
clustered,128,62,ADC,HAMMING,none,0.99,1000,100.00,true,false,false,false,0.600,1.000,848,5.330,0.0002009,medium
clustered,128,63,ADC,HAMMING,none,0.99,1000,100.00,true,false,false,false,0.800,1.000,191,30.84,0.002965,easy
clustered,128,64,ADC,HAMMING,none,0.99,1000,100.00,true,false,false,false,0.900,1.000,784,5.210,0.001610,medium
clustered,128,65,ADC,HAMMING,none,0.99,1000,100.00,true,false,false,true,1.000,1.000,905,14.96,0.0001860,easy
clustered,128,66,ADC,HAMMING,none,0.99,1000,100.00,true,false,false,true,1.000,1.000,899,26.43,0.0001201,easy
clustered,128,67,ADC,HAMMING,none,0.99,1000,100.00,true,false,false,false,0.300,1.000,998,0.9644,0.0003003,hard
clustered,128,68,ADC,HAMMING,none,0.99,1000,100.00,true,false,false,false,0.500,1.000,953,5.356,4.571e-05,medium
clustered,128,69,ADC,HAMMING,none,0.99,1000,100.00,true,false,false,false,0.600,1.000,749,2.688,0.0002099,hard
clustered,128,70,ADC,HAMMING,none,0.99,1000,100.00,true,false,false,false,0.600,1.000,960,19.77,0.0003814,easy
clustered,128,71,ADC,HAMMING,none,0.99,1000,100.00,true,false,false,false,0.800,1.000,934,21.70,0.0006622,easy
clustered,128,72,ADC,HAMMING,none,0.99,1000,100.00,true,false,false,false,0.500,1.000,921,0.2974,0.005114,hard
clustered,128,73,ADC,HAMMING,none,0.99,1000,100.00,true,false,false,false,0.500,1.000,916,7.604,0.0006512,medium
clustered,128,74,ADC,HAMMING,none,0.99,1000,100.00,true,false,false,false,0.200,1.000,990,10.37,0.0003254,easy
clustered,128,75,ADC,HAMMING,none,0.99,1000,100.00,true,false,false,false,0.600,1.000,877,9.086,0.001008,medium
clustered,128,76,ADC,HAMMING,none,0.99,1000,100.00,true,false,false,false,0.700,1.000,920,22.05,0.001202,easy
clustered,128,77,ADC,HAMMING,none,0.99,1000,100.00,true,false,false,false,0.500,1.000,738,4.364,0.0001793,medium
clustered,128,78,ADC,HAMMING,none,0.99,1000,100.00,true,false,false,false,0.800,1.000,899,17.17,0.003779,easy
clustered,128,79,ADC,HAMMING,none,0.99,1000,100.00,true,false,false,false,0.800,1.000,828,8.284,0.0003192,medium
clustered,128,80,ADC,HAMMING,none,0.99,1000,100.00,true,false,false,true,1.000,1.000,655,15.64,0.0003747,easy
clustered,128,81,ADC,HAMMING,none,0.99,999,99.90,true,false,false,false,0.000,1.000,913,15.88,0.002902,easy
clustered,128,82,ADC,HAMMING,none,0.99,1000,100.00,true,false,false,false,0.500,1.000,940,1.674,0.0003705,hard
clustered,128,83,ADC,HAMMING,none,0.99,1000,100.00,true,false,false,false,0.700,1.000,956,0.2534,6.967e-05,hard
clustered,128,84,ADC,HAMMING,none,0.99,1000,100.00,true,false,false,false,0.800,1.000,824,3.400,0.0002792,hard
clustered,128,85,ADC,HAMMING,none,0.99,1000,100.00,true,false,false,false,0.400,1.000,804,3.252,0.0004614,hard
clustered,128,86,ADC,HAMMING,none,0.99,1000,100.00,true,false,false,false,0.400,1.000,994,12.75,0.001917,easy
clustered,128,87,ADC,HAMMING,none,0.99,1000,100.00,true,false,false,false,0.700,1.000,865,9.448,0.0005531,medium
clustered,128,88,ADC,HAMMING,none,0.99,1000,100.00,true,false,false,false,0.600,1.000,865,7.127,0.002970,medium
clustered,128,89,ADC,HAMMING,none,0.99,1000,100.00,true,false,false,false,0.900,1.000,872,8.797,0.0001674,medium
clustered,128,90,ADC,HAMMING,none,0.99,1000,100.00,true,false,false,false,0.500,1.000,840,4.541,0.0003576,medium
clustered,128,91,ADC,HAMMING,none,0.99,1000,100.00,true,false,false,false,0.200,1.000,905,16.44,0.0008026,easy
clustered,128,92,ADC,HAMMING,none,0.99,1000,100.00,true,false,false,false,0.400,1.000,606,6.567,0.0003508,medium
clustered,128,93,ADC,HAMMING,none,0.99,999,99.90,true,false,false,false,0.100,1.000,945,0.6523,0.0001383,hard
clustered,128,94,ADC,HAMMING,none,0.99,1000,100.00,true,false,false,false,0.300,1.000,976,0.9780,0.0007765,hard
clustered,128,95,ADC,HAMMING,none,0.99,1000,100.00,true,false,false,false,0.300,1.000,902,1.176,0.0007928,hard
clustered,128,96,ADC,HAMMING,none,0.99,1000,100.00,true,false,false,true,1.000,1.000,657,27.17,0.0003881,easy
clustered,128,97,ADC,HAMMING,none,0.99,999,99.90,true,false,false,false,0.900,1.000,887,5.873,2.494e-05,medium
clustered,128,98,ADC,HAMMING,none,0.99,1000,100.00,true,false,false,false,0.800,1.000,603,9.717,0.001632,easy
clustered,128,99,ADC,HAMMING,none,0.99,1000,100.00,true,false,false,false,0.300,1.000,993,2.096,0.0008216,hard
clustered,128,0,ADC,HAMMING,bonferroni,0.99,1000,100.00,true,false,false,false,0.300,1.000,963,5.166,0.0002801,medium
clustered,128,1,ADC,HAMMING,bonferroni,0.99,1000,100.00,true,false,false,false,0.800,1.000,875,9.701,0.0004199,easy
clustered,128,2,ADC,HAMMING,bonferroni,0.99,1000,100.00,true,false,false,true,1.000,1.000,222,25.29,0.0002110,easy
clustered,128,3,ADC,HAMMING,bonferroni,0.99,999,99.90,true,false,false,false,0.800,1.000,508,1.624,0.0007701,hard
clustered,128,4,ADC,HAMMING,bonferroni,0.99,1000,100.00,true,false,false,false,0.900,1.000,721,1.866,0.0008430,hard
clustered,128,5,ADC,HAMMING,bonferroni,0.99,1000,100.00,true,false,false,false,0.800,1.000,315,0.6436,0.0008278,hard
clustered,128,6,ADC,HAMMING,bonferroni,0.99,1000,100.00,true,false,false,false,0.300,1.000,833,0.6338,0.0005863,hard
clustered,128,7,ADC,HAMMING,bonferroni,0.99,999,99.90,true,false,false,false,0.600,1.000,920,1.181,0.002262,hard
clustered,128,8,ADC,HAMMING,bonferroni,0.99,998,99.80,true,false,false,false,0.900,1.000,887,1.639,0.0006131,hard
clustered,128,9,ADC,HAMMING,bonferroni,0.99,1000,100.00,true,false,false,false,0.700,1.000,994,5.077,0.0001260,medium
clustered,128,10,ADC,HAMMING,bonferroni,0.99,1000,100.00,true,false,false,true,1.000,1.000,366,35.89,0.002173,easy
clustered,128,11,ADC,HAMMING,bonferroni,0.99,1000,100.00,true,false,false,true,1.000,1.000,837,0.7910,0.0001729,hard
clustered,128,12,ADC,HAMMING,bonferroni,0.99,1000,100.00,true,false,false,false,0.300,1.000,841,1.471,0.0007056,hard
clustered,128,13,ADC,HAMMING,bonferroni,0.99,1000,100.00,true,false,false,true,1.000,1.000,974,3.321,0.0003514,hard
clustered,128,14,ADC,HAMMING,bonferroni,0.99,998,99.80,true,false,false,true,1.000,1.000,245,1.583,0.0004046,hard
clustered,128,15,ADC,HAMMING,bonferroni,0.99,1000,100.00,true,false,false,false,0.600,1.000,901,3.936,0.0001627,medium
clustered,128,16,ADC,HAMMING,bonferroni,0.99,1000,100.00,true,false,false,false,0.900,1.000,470,17.35,0.0001737,easy
clustered,128,17,ADC,HAMMING,bonferroni,0.99,1000,100.00,true,false,false,false,0.300,1.000,900,5.369,0.0001248,medium
clustered,128,18,ADC,HAMMING,bonferroni,0.99,1000,100.00,true,false,false,true,1.000,1.000,799,36.73,0.0001757,easy
clustered,128,19,ADC,HAMMING,bonferroni,0.99,1000,100.00,true,false,false,true,1.000,1.000,760,54.11,5.041e-05,easy
clustered,128,20,ADC,HAMMING,bonferroni,0.99,1000,100.00,true,false,false,false,0.200,1.000,830,10.29,0.0001237,easy
clustered,128,21,ADC,HAMMING,bonferroni,0.99,999,99.90,true,false,false,false,0.900,1.000,452,4.104,0.0001565,medium
clustered,128,22,ADC,HAMMING,bonferroni,0.99,1000,100.00,true,false,false,false,0.800,1.000,917,3.151,0.002783,hard
clustered,128,23,ADC,HAMMING,bonferroni,0.99,1000,100.00,true,false,false,true,1.000,1.000,205,9.115,0.0008514,medium
clustered,128,24,ADC,HAMMING,bonferroni,0.99,1000,100.00,true,false,false,false,0.400,1.000,925,2.260,0.0001435,hard
clustered,128,25,ADC,HAMMING,bonferroni,0.99,1000,100.00,true,false,false,false,0.800,1.000,891,4.468,0.0006214,medium
clustered,128,26,ADC,HAMMING,bonferroni,0.99,1000,100.00,true,false,false,false,0.500,1.000,964,3.474,0.002618,medium
clustered,128,27,ADC,HAMMING,bonferroni,0.99,1000,100.00,true,false,false,true,1.000,1.000,925,0.7695,0.0001803,hard
clustered,128,28,ADC,HAMMING,bonferroni,0.99,1000,100.00,true,false,false,true,1.000,1.000,645,10.51,0.0003791,easy
clustered,128,29,ADC,HAMMING,bonferroni,0.99,999,99.90,true,false,false,false,0.100,1.000,966,1.074,0.0001191,hard
clustered,128,30,ADC,HAMMING,bonferroni,0.99,1000,100.00,true,false,false,false,0.800,1.000,775,10.30,0.003513,easy
clustered,128,31,ADC,HAMMING,bonferroni,0.99,1000,100.00,true,false,false,false,0.600,1.000,763,2.517,0.0007713,hard
clustered,128,32,ADC,HAMMING,bonferroni,0.99,1000,100.00,true,false,false,false,0.200,1.000,869,13.79,1.044e-05,easy
clustered,128,33,ADC,HAMMING,bonferroni,0.99,1000,100.00,true,false,false,true,1.000,1.000,681,38.58,0.001588,easy
clustered,128,34,ADC,HAMMING,bonferroni,0.99,1000,100.00,true,false,false,true,1.000,1.000,646,38.93,0.0003440,easy
clustered,128,35,ADC,HAMMING,bonferroni,0.99,1000,100.00,true,false,false,false,0.900,1.000,849,26.32,0.0005383,easy
clustered,128,36,ADC,HAMMING,bonferroni,0.99,1000,100.00,true,false,false,false,0.700,1.000,823,6.434,0.0004834,medium
clustered,128,37,ADC,HAMMING,bonferroni,0.99,1000,100.00,true,false,false,true,1.000,1.000,974,3.513,0.0009618,medium
clustered,128,38,ADC,HAMMING,bonferroni,0.99,1000,100.00,true,false,false,false,0.900,1.000,984,32.85,0.001742,easy
clustered,128,39,ADC,HAMMING,bonferroni,0.99,1000,100.00,true,false,false,false,0.800,1.000,995,6.378,0.0005915,medium
clustered,128,40,ADC,HAMMING,bonferroni,0.99,1000,100.00,true,false,false,false,0.700,1.000,783,7.404,3.676e-05,medium
clustered,128,41,ADC,HAMMING,bonferroni,0.99,1000,100.00,true,false,false,false,0.500,1.000,856,3.583,0.0009957,medium
clustered,128,42,ADC,HAMMING,bonferroni,0.99,1000,100.00,true,false,false,true,1.000,1.000,612,1.789,0.0002764,hard
clustered,128,43,ADC,HAMMING,bonferroni,0.99,998,99.80,true,false,false,true,1.000,1.000,253,8.510,0.0006908,medium
clustered,128,44,ADC,HAMMING,bonferroni,0.99,1000,100.00,true,false,false,true,1.000,1.000,949,3.496,0.002356,medium
clustered,128,45,ADC,HAMMING,bonferroni,0.99,1000,100.00,true,false,false,false,0.300,1.000,944,2.157,0.0002345,hard
clustered,128,46,ADC,HAMMING,bonferroni,0.99,1000,100.00,true,false,false,false,0.800,1.000,930,2.393,0.0006714,hard
clustered,128,47,ADC,HAMMING,bonferroni,0.99,1000,100.00,true,false,false,true,1.000,1.000,633,9.746,0.0001729,easy
clustered,128,48,ADC,HAMMING,bonferroni,0.99,999,99.90,true,false,false,false,0.900,1.000,779,9.627,0.003052,easy
clustered,128,49,ADC,HAMMING,bonferroni,0.99,1000,100.00,true,false,false,false,0.600,1.000,950,9.531,0.002159,medium
clustered,128,50,ADC,HAMMING,bonferroni,0.99,1000,100.00,true,false,false,true,1.000,1.000,765,0.9238,0.002892,hard
clustered,128,51,ADC,HAMMING,bonferroni,0.99,1000,100.00,true,false,false,false,0.300,1.000,963,38.50,0.0004426,easy
clustered,128,52,ADC,HAMMING,bonferroni,0.99,1000,100.00,true,false,false,false,0.200,1.000,934,1.411,0.0005069,hard
clustered,128,53,ADC,HAMMING,bonferroni,0.99,1000,100.00,true,false,false,false,0.700,1.000,906,4.400,0.0002405,medium
clustered,128,54,ADC,HAMMING,bonferroni,0.99,1000,100.00,true,false,false,false,0.800,1.000,842,11.80,0.0004776,easy
clustered,128,55,ADC,HAMMING,bonferroni,0.99,1000,100.00,true,false,false,true,1.000,1.000,697,3.678,0.0004232,medium
clustered,128,56,ADC,HAMMING,bonferroni,0.99,1000,100.00,true,false,false,false,0.900,1.000,991,6.969,2.915e-05,medium
clustered,128,57,ADC,HAMMING,bonferroni,0.99,1000,100.00,true,false,false,true,1.000,1.000,626,2.259,0.0003721,hard
clustered,128,58,ADC,HAMMING,bonferroni,0.99,1000,100.00,true,false,false,false,0.700,1.000,831,2.325,0.001249,hard
clustered,128,59,ADC,HAMMING,bonferroni,0.99,1000,100.00,true,false,false,false,0.100,1.000,921,10.94,0.0001288,easy
clustered,128,60,ADC,HAMMING,bonferroni,0.99,999,99.90,true,false,false,false,0.000,1.000,508,0.5767,0.0009144,hard
clustered,128,61,ADC,HAMMING,bonferroni,0.99,997,99.70,true,false,false,false,0.600,1.000,943,5.196,0.0004339,medium
clustered,128,62,ADC,HAMMING,bonferroni,0.99,1000,100.00,true,false,false,false,0.600,1.000,848,5.330,0.0002009,medium
clustered,128,63,ADC,HAMMING,bonferroni,0.99,1000,100.00,true,false,false,false,0.800,1.000,191,30.84,0.002965,easy
clustered,128,64,ADC,HAMMING,bonferroni,0.99,1000,100.00,true,false,false,false,0.900,1.000,784,5.210,0.001610,medium
clustered,128,65,ADC,HAMMING,bonferroni,0.99,1000,100.00,true,false,false,true,1.000,1.000,905,14.96,0.0001860,easy
clustered,128,66,ADC,HAMMING,bonferroni,0.99,1000,100.00,true,false,false,true,1.000,1.000,899,26.43,0.0001201,easy
clustered,128,67,ADC,HAMMING,bonferroni,0.99,1000,100.00,true,false,false,false,0.300,1.000,998,0.9644,0.0003003,hard
clustered,128,68,ADC,HAMMING,bonferroni,0.99,1000,100.00,true,false,false,false,0.500,1.000,953,5.356,4.571e-05,medium
clustered,128,69,ADC,HAMMING,bonferroni,0.99,1000,100.00,true,false,false,false,0.600,1.000,749,2.688,0.0002099,hard
clustered,128,70,ADC,HAMMING,bonferroni,0.99,1000,100.00,true,false,false,false,0.600,1.000,960,19.77,0.0003814,easy
clustered,128,71,ADC,HAMMING,bonferroni,0.99,1000,100.00,true,false,false,false,0.800,1.000,934,21.70,0.0006622,easy
clustered,128,72,ADC,HAMMING,bonferroni,0.99,1000,100.00,true,false,false,false,0.500,1.000,921,0.2974,0.005114,hard
clustered,128,73,ADC,HAMMING,bonferroni,0.99,1000,100.00,true,false,false,false,0.500,1.000,916,7.604,0.0006512,medium
clustered,128,74,ADC,HAMMING,bonferroni,0.99,1000,100.00,true,false,false,false,0.200,1.000,990,10.37,0.0003254,easy
clustered,128,75,ADC,HAMMING,bonferroni,0.99,1000,100.00,true,false,false,false,0.600,1.000,877,9.086,0.001008,medium
clustered,128,76,ADC,HAMMING,bonferroni,0.99,1000,100.00,true,false,false,false,0.700,1.000,920,22.05,0.001202,easy
clustered,128,77,ADC,HAMMING,bonferroni,0.99,1000,100.00,true,false,false,false,0.500,1.000,738,4.364,0.0001793,medium
clustered,128,78,ADC,HAMMING,bonferroni,0.99,1000,100.00,true,false,false,false,0.800,1.000,899,17.17,0.003779,easy
clustered,128,79,ADC,HAMMING,bonferroni,0.99,1000,100.00,true,false,false,false,0.800,1.000,828,8.284,0.0003192,medium
clustered,128,80,ADC,HAMMING,bonferroni,0.99,1000,100.00,true,false,false,true,1.000,1.000,655,15.64,0.0003747,easy
clustered,128,81,ADC,HAMMING,bonferroni,0.99,999,99.90,true,false,false,false,0.000,1.000,913,15.88,0.002902,easy
clustered,128,82,ADC,HAMMING,bonferroni,0.99,1000,100.00,true,false,false,false,0.500,1.000,940,1.674,0.0003705,hard
clustered,128,83,ADC,HAMMING,bonferroni,0.99,1000,100.00,true,false,false,false,0.700,1.000,956,0.2534,6.967e-05,hard
clustered,128,84,ADC,HAMMING,bonferroni,0.99,1000,100.00,true,false,false,false,0.800,1.000,824,3.400,0.0002792,hard
clustered,128,85,ADC,HAMMING,bonferroni,0.99,1000,100.00,true,false,false,false,0.400,1.000,804,3.252,0.0004614,hard
clustered,128,86,ADC,HAMMING,bonferroni,0.99,1000,100.00,true,false,false,false,0.400,1.000,994,12.75,0.001917,easy
clustered,128,87,ADC,HAMMING,bonferroni,0.99,1000,100.00,true,false,false,false,0.700,1.000,865,9.448,0.0005531,medium
clustered,128,88,ADC,HAMMING,bonferroni,0.99,1000,100.00,true,false,false,false,0.600,1.000,865,7.127,0.002970,medium
clustered,128,89,ADC,HAMMING,bonferroni,0.99,1000,100.00,true,false,false,false,0.900,1.000,872,8.797,0.0001674,medium
clustered,128,90,ADC,HAMMING,bonferroni,0.99,1000,100.00,true,false,false,false,0.500,1.000,840,4.541,0.0003576,medium
clustered,128,91,ADC,HAMMING,bonferroni,0.99,1000,100.00,true,false,false,false,0.200,1.000,905,16.44,0.0008026,easy
clustered,128,92,ADC,HAMMING,bonferroni,0.99,1000,100.00,true,false,false,false,0.400,1.000,606,6.567,0.0003508,medium
clustered,128,93,ADC,HAMMING,bonferroni,0.99,999,99.90,true,false,false,false,0.100,1.000,945,0.6523,0.0001383,hard
clustered,128,94,ADC,HAMMING,bonferroni,0.99,1000,100.00,true,false,false,false,0.300,1.000,976,0.9780,0.0007765,hard
clustered,128,95,ADC,HAMMING,bonferroni,0.99,1000,100.00,true,false,false,false,0.300,1.000,902,1.176,0.0007928,hard
clustered,128,96,ADC,HAMMING,bonferroni,0.99,1000,100.00,true,false,false,true,1.000,1.000,657,27.17,0.0003881,easy
clustered,128,97,ADC,HAMMING,bonferroni,0.99,999,99.90,true,false,false,false,0.900,1.000,887,5.873,2.494e-05,medium
clustered,128,98,ADC,HAMMING,bonferroni,0.99,1000,100.00,true,false,false,false,0.800,1.000,603,9.717,0.001632,easy
clustered,128,99,ADC,HAMMING,bonferroni,0.99,1000,100.00,true,false,false,false,0.300,1.000,993,2.096,0.0008216,hard
