dataset,dim,bound_estimator,correction,query_id,corrected_pred,sigma_j_mean,residual_rmse,std_resid_std,adaptive_depth,oracle_depth,best_fixed_depth,stopped_by_bound,false_safe,recall,difficulty
sift_real,128,ADC,none,0,2.872e+05,1.096e+05,1.364e+05,0.000,1000,98,100,true,false,1.000,medium
sift_real,128,ADC,none,1,2.806e+05,1.096e+05,1.556e+05,0.000,1000,330,100,true,false,1.000,hard
sift_real,128,ADC,none,2,3.017e+05,1.096e+05,1.901e+05,0.000,1000,55,100,true,false,1.000,hard
sift_real,128,ADC,none,3,2.984e+05,1.096e+05,1.702e+05,0.000,1000,83,100,true,false,1.000,hard
sift_real,128,ADC,none,4,3.001e+05,1.096e+05,1.647e+05,0.000,1000,131,100,true,false,1.000,medium
sift_real,128,ADC,none,5,2.766e+05,1.096e+05,1.199e+05,0.000,1000,254,100,true,false,1.000,hard
sift_real,128,ADC,none,6,2.830e+05,1.096e+05,1.617e+05,0.000,1000,263,100,true,false,1.000,medium
sift_real,128,ADC,none,7,3.124e+05,1.096e+05,1.910e+05,0.000,1000,34,50,true,false,1.000,easy
sift_real,128,ADC,none,8,2.837e+05,1.096e+05,1.685e+05,0.000,1000,819,100,true,false,1.000,medium
sift_real,128,ADC,none,9,2.968e+05,1.096e+05,1.735e+05,0.000,1000,402,100,true,false,1.000,medium
sift_real,128,ADC,none,10,2.883e+05,1.096e+05,1.394e+05,0.000,1000,135,100,true,false,1.000,hard
sift_real,128,ADC,none,11,2.854e+05,1.096e+05,1.916e+05,0.000,1000,156,100,true,false,1.000,medium
sift_real,128,ADC,none,12,2.910e+05,1.096e+05,1.732e+05,0.000,1000,100,100,true,false,1.000,easy
sift_real,128,ADC,none,13,2.939e+05,1.096e+05,1.673e+05,0.000,1000,62,100,true,false,1.000,medium
sift_real,128,ADC,none,14,2.778e+05,1.096e+05,1.381e+05,0.000,1000,107,100,true,false,1.000,medium
sift_real,128,ADC,none,15,2.834e+05,1.096e+05,1.605e+05,0.000,1000,524,100,true,false,1.000,hard
sift_real,128,ADC,none,16,2.826e+05,1.096e+05,1.680e+05,0.000,1000,449,100,true,false,1.000,hard
sift_real,128,ADC,none,17,2.893e+05,1.096e+05,1.730e+05,0.000,1000,309,100,true,false,1.000,hard
sift_real,128,ADC,none,18,2.796e+05,1.096e+05,1.550e+05,0.000,1000,491,100,true,false,1.000,easy
sift_real,128,ADC,none,19,2.870e+05,1.096e+05,1.830e+05,0.000,1000,75,100,true,false,1.000,medium
sift_real,128,ADC,none,20,3.061e+05,1.096e+05,1.929e+05,0.000,1000,49,50,true,false,1.000,easy
sift_real,128,ADC,none,21,3.003e+05,1.096e+05,2.008e+05,0.000,1000,113,100,true,false,1.000,medium
sift_real,128,ADC,none,22,3.006e+05,1.096e+05,2.056e+05,0.000,1000,83,100,true,false,1.000,hard
sift_real,128,ADC,none,23,3.086e+05,1.096e+05,1.823e+05,0.000,1000,153,100,true,false,1.000,hard
sift_real,128,ADC,none,24,2.971e+05,1.096e+05,1.892e+05,0.000,1000,267,100,true,false,1.000,easy
sift_real,128,ADC,none,25,2.988e+05,1.096e+05,1.453e+05,0.000,1000,224,100,true,false,1.000,hard
sift_real,128,ADC,none,26,3.018e+05,1.096e+05,2.000e+05,0.000,1000,93,100,true,false,1.000,easy
sift_real,128,ADC,none,27,3.002e+05,1.096e+05,1.895e+05,0.000,1000,105,100,true,false,1.000,easy
sift_real,128,ADC,none,28,3.030e+05,1.096e+05,1.931e+05,0.000,1000,120,100,true,false,1.000,hard
sift_real,128,ADC,none,29,3.183e+05,1.096e+05,1.909e+05,0.000,1000,22,30,true,false,1.000,easy
sift_real,128,ADC,none,30,2.854e+05,1.096e+05,1.571e+05,0.000,1000,358,100,true,false,1.000,hard
sift_real,128,ADC,none,31,2.963e+05,1.096e+05,1.486e+05,0.000,1000,334,100,true,false,1.000,hard
sift_real,128,ADC,none,32,2.872e+05,1.096e+05,1.538e+05,0.000,1000,59,100,true,false,1.000,hard
sift_real,128,ADC,none,33,2.973e+05,1.096e+05,9.273e+04,0.000,1000,90,100,true,false,1.000,easy
sift_real,128,ADC,none,34,2.898e+05,1.096e+05,1.583e+05,0.000,1000,409,100,true,false,1.000,medium
sift_real,128,ADC,none,35,2.732e+05,1.096e+05,1.232e+05,0.000,1000,300,100,true,false,1.000,medium
sift_real,128,ADC,none,36,2.770e+05,1.096e+05,1.395e+05,0.000,1000,421,100,true,false,0.900,easy
sift_real,128,ADC,none,37,2.908e+05,1.096e+05,1.074e+05,0.000,1000,405,100,true,false,1.000,medium
sift_real,128,ADC,none,38,2.888e+05,1.096e+05,1.315e+05,0.000,1000,32,50,true,false,1.000,hard
sift_real,128,ADC,none,39,3.131e+05,1.096e+05,2.011e+05,0.000,1000,113,100,true,false,1.000,easy
sift_real,128,ADC,none,40,2.815e+05,1.096e+05,1.416e+05,0.000,1000,25,30,true,false,1.000,easy
sift_real,128,ADC,none,41,3.045e+05,1.096e+05,1.973e+05,0.000,1000,198,100,true,false,1.000,hard
sift_real,128,ADC,none,42,2.950e+05,1.096e+05,1.587e+05,0.000,1000,176,100,true,false,1.000,easy
sift_real,128,ADC,none,43,2.818e+05,1.096e+05,1.545e+05,0.000,1000,173,100,true,false,1.000,medium
sift_real,128,ADC,none,44,3.064e+05,1.096e+05,1.698e+05,0.000,1000,69,100,true,false,1.000,easy
sift_real,128,ADC,none,45,3.087e+05,1.096e+05,1.778e+05,0.000,1000,188,100,true,false,1.000,medium
sift_real,128,ADC,none,46,3.075e+05,1.096e+05,1.765e+05,0.000,1000,40,50,true,false,1.000,easy
sift_real,128,ADC,none,47,2.612e+05,1.096e+05,9.144e+04,0.000,1000,75,100,true,false,1.000,easy
sift_real,128,ADC,none,48,2.984e+05,1.096e+05,1.256e+05,0.000,1000,77,100,true,false,1.000,easy
sift_real,128,ADC,none,49,3.059e+05,1.096e+05,1.940e+05,0.000,1000,67,100,true,false,1.000,medium
sift_real,128,ADC,none,50,3.011e+05,1.096e+05,1.350e+05,0.000,1000,45,50,true,false,1.000,hard
sift_real,128,ADC,none,51,2.995e+05,1.096e+05,1.684e+05,0.000,1000,221,100,true,false,1.000,hard
sift_real,128,ADC,none,52,2.979e+05,1.096e+05,1.968e+05,0.000,1000,213,100,true,false,1.000,hard
sift_real,128,ADC,none,53,3.040e+05,1.096e+05,1.875e+05,0.000,1000,163,100,true,false,1.000,medium
sift_real,128,ADC,none,54,3.222e+05,1.096e+05,2.058e+05,0.000,14,43,20,true,true,0.600,hard
sift_real,128,ADC,none,55,3.184e+05,1.096e+05,1.773e+05,0.000,1000,45,50,true,false,1.000,easy
sift_real,128,ADC,none,56,2.890e+05,1.096e+05,2.027e+05,0.000,1000,190,100,true,false,1.000,easy
sift_real,128,ADC,none,57,2.949e+05,1.096e+05,1.803e+05,0.000,1000,64,100,true,false,1.000,medium
sift_real,128,ADC,none,58,2.729e+05,1.096e+05,1.013e+05,0.000,1000,73,100,true,false,1.000,easy
sift_real,128,ADC,none,59,3.366e+05,1.096e+05,2.095e+05,0.000,10,21,10,true,true,0.900,hard
sift_real,128,ADC,none,60,2.898e+05,1.096e+05,1.637e+05,0.000,1000,279,100,true,false,1.000,medium
sift_real,128,ADC,none,61,3.153e+05,1.096e+05,1.731e+05,0.000,1000,126,100,true,false,1.000,easy
sift_real,128,ADC,none,62,3.167e+05,1.096e+05,1.653e+05,0.000,1000,13,20,true,false,1.000,easy
sift_real,128,ADC,none,63,3.039e+05,1.096e+05,1.762e+05,0.000,1000,313,100,true,false,1.000,hard
sift_real,128,ADC,none,64,3.100e+05,1.096e+05,1.443e+05,0.000,1000,132,100,true,false,1.000,medium
sift_real,128,ADC,none,65,3.127e+05,1.096e+05,1.857e+05,0.000,1000,242,100,true,false,1.000,easy
sift_real,128,ADC,none,66,3.102e+05,1.096e+05,1.360e+05,0.000,1000,57,100,true,false,1.000,medium
sift_real,128,ADC,none,67,3.016e+05,1.096e+05,1.492e+05,0.000,1000,84,100,true,false,1.000,easy
sift_real,128,ADC,none,68,3.055e+05,1.096e+05,1.908e+05,0.000,1000,85,100,true,false,1.000,hard
sift_real,128,ADC,none,69,2.831e+05,1.096e+05,1.380e+05,0.000,1000,99,100,true,false,1.000,medium
sift_real,128,ADC,none,70,3.234e+05,1.096e+05,2.039e+05,0.000,12,65,20,true,true,0.600,medium
sift_real,128,ADC,none,71,3.024e+05,1.096e+05,1.426e+05,0.000,1000,92,100,true,false,1.000,medium
sift_real,128,ADC,none,72,2.838e+05,1.096e+05,1.209e+05,0.000,1000,685,100,true,false,1.000,easy
sift_real,128,ADC,none,73,2.901e+05,1.096e+05,1.195e+05,0.000,1000,40,50,true,false,1.000,hard
sift_real,128,ADC,none,74,2.873e+05,1.096e+05,1.945e+05,0.000,1000,71,100,true,false,1.000,hard
sift_real,128,ADC,none,75,2.733e+05,1.096e+05,1.040e+05,0.000,1000,34,50,true,false,1.000,easy
sift_real,128,ADC,none,76,3.107e+05,1.096e+05,1.538e+05,0.000,1000,232,100,true,false,1.000,hard
sift_real,128,ADC,none,77,2.835e+05,1.096e+05,1.030e+05,0.000,1000,470,100,true,false,1.000,medium
sift_real,128,ADC,none,78,2.998e+05,1.096e+05,1.732e+05,0.000,1000,98,100,true,false,1.000,medium
sift_real,128,ADC,none,79,3.274e+05,1.096e+05,1.904e+05,0.000,1000,18,20,true,false,1.000,medium
sift_real,128,ADC,bonferroni,0,2.872e+05,1.096e+05,1.364e+05,0.000,1000,98,100,true,false,1.000,medium
sift_real,128,ADC,bonferroni,1,2.806e+05,1.096e+05,1.556e+05,0.000,1000,330,100,true,false,1.000,hard
sift_real,128,ADC,bonferroni,2,3.017e+05,1.096e+05,1.901e+05,0.000,1000,55,100,true,false,1.000,hard
sift_real,128,ADC,bonferroni,3,2.984e+05,1.096e+05,1.702e+05,0.000,1000,83,100,true,false,1.000,hard
sift_real,128,ADC,bonferroni,4,3.001e+05,1.096e+05,1.647e+05,0.000,1000,131,100,true,false,1.000,medium
sift_real,128,ADC,bonferroni,5,2.766e+05,1.096e+05,1.199e+05,0.000,1000,254,100,true,false,1.000,hard
sift_real,128,ADC,bonferroni,6,2.830e+05,1.096e+05,1.617e+05,0.000,1000,263,100,true,false,1.000,medium
sift_real,128,ADC,bonferroni,7,3.124e+05,1.096e+05,1.910e+05,0.000,1000,34,50,true,false,1.000,easy
sift_real,128,ADC,bonferroni,8,2.837e+05,1.096e+05,1.685e+05,0.000,1000,819,100,true,false,1.000,medium
sift_real,128,ADC,bonferroni,9,2.968e+05,1.096e+05,1.735e+05,0.000,1000,402,100,true,false,1.000,medium
sift_real,128,ADC,bonferroni,10,2.883e+05,1.096e+05,1.394e+05,0.000,1000,135,100,true,false,1.000,hard
sift_real,128,ADC,bonferroni,11,2.854e+05,1.096e+05,1.916e+05,0.000,1000,156,100,true,false,1.000,medium
sift_real,128,ADC,bonferroni,12,2.910e+05,1.096e+05,1.732e+05,0.000,1000,100,100,true,false,1.000,easy
sift_real,128,ADC,bonferroni,13,2.939e+05,1.096e+05,1.673e+05,0.000,1000,62,100,true,false,1.000,medium
sift_real,128,ADC,bonferroni,14,2.778e+05,1.096e+05,1.381e+05,0.000,1000,107,100,true,false,1.000,medium
sift_real,128,ADC,bonferroni,15,2.834e+05,1.096e+05,1.605e+05,0.000,1000,524,100,true,false,1.000,hard
sift_real,128,ADC,bonferroni,16,2.826e+05,1.096e+05,1.680e+05,0.000,1000,449,100,true,false,1.000,hard
sift_real,128,ADC,bonferroni,17,2.893e+05,1.096e+05,1.730e+05,0.000,1000,309,100,true,false,1.000,hard
sift_real,128,ADC,bonferroni,18,2.796e+05,1.096e+05,1.550e+05,0.000,1000,491,100,true,false,1.000,easy
sift_real,128,ADC,bonferroni,19,2.870e+05,1.096e+05,1.830e+05,0.000,1000,75,100,true,false,1.000,medium
sift_real,128,ADC,bonferroni,20,3.061e+05,1.096e+05,1.929e+05,0.000,1000,49,50,true,false,1.000,easy
sift_real,128,ADC,bonferroni,21,3.003e+05,1.096e+05,2.008e+05,0.000,1000,113,100,true,false,1.000,medium
sift_real,128,ADC,bonferroni,22,3.006e+05,1.096e+05,2.056e+05,0.000,1000,83,100,true,false,1.000,hard
sift_real,128,ADC,bonferroni,23,3.086e+05,1.096e+05,1.823e+05,0.000,1000,153,100,true,false,1.000,hard
sift_real,128,ADC,bonferroni,24,2.971e+05,1.096e+05,1.892e+05,0.000,1000,267,100,true,false,1.000,easy
sift_real,128,ADC,bonferroni,25,2.988e+05,1.096e+05,1.453e+05,0.000,1000,224,100,true,false,1.000,hard
sift_real,128,ADC,bonferroni,26,3.018e+05,1.096e+05,2.000e+05,0.000,1000,93,100,true,false,1.000,easy
sift_real,128,ADC,bonferroni,27,3.002e+05,1.096e+05,1.895e+05,0.000,1000,105,100,true,false,1.000,easy
sift_real,128,ADC,bonferroni,28,3.030e+05,1.096e+05,1.931e+05,0.000,1000,120,100,true,false,1.000,hard
sift_real,128,ADC,bonferroni,29,3.183e+05,1.096e+05,1.909e+05,0.000,1000,22,30,true,false,1.000,easy
sift_real,128,ADC,bonferroni,30,2.854e+05,1.096e+05,1.571e+05,0.000,1000,358,100,true,false,1.000,hard
sift_real,128,ADC,bonferroni,31,2.963e+05,1.096e+05,1.486e+05,0.000,1000,334,100,true,false,1.000,hard
sift_real,128,ADC,bonferroni,32,2.872e+05,1.096e+05,1.538e+05,0.000,1000,59,100,true,false,1.000,hard
sift_real,128,ADC,bonferroni,33,2.973e+05,1.096e+05,9.273e+04,0.000,1000,90,100,true,false,1.000,easy
sift_real,128,ADC,bonferroni,34,2.898e+05,1.096e+05,1.583e+05,0.000,1000,409,100,true,false,1.000,medium
sift_real,128,ADC,bonferroni,35,2.732e+05,1.096e+05,1.232e+05,0.000,1000,300,100,true,false,1.000,medium
sift_real,128,ADC,bonferroni,36,2.770e+05,1.096e+05,1.395e+05,0.000,1000,421,100,true,false,0.900,easy
sift_real,128,ADC,bonferroni,37,2.908e+05,1.096e+05,1.074e+05,0.000,1000,405,100,true,false,1.000,medium
sift_real,128,ADC,bonferroni,38,2.888e+05,1.096e+05,1.315e+05,0.000,1000,32,50,true,false,1.000,hard
sift_real,128,ADC,bonferroni,39,3.131e+05,1.096e+05,2.011e+05,0.000,1000,113,100,true,false,1.000,easy
sift_real,128,ADC,bonferroni,40,2.815e+05,1.096e+05,1.416e+05,0.000,1000,25,30,true,false,1.000,easy
sift_real,128,ADC,bonferroni,41,3.045e+05,1.096e+05,1.973e+05,0.000,1000,198,100,true,false,1.000,hard
sift_real,128,ADC,bonferroni,42,2.950e+05,1.096e+05,1.587e+05,0.000,1000,176,100,true,false,1.000,easy
sift_real,128,ADC,bonferroni,43,2.818e+05,1.096e+05,1.545e+05,0.000,1000,173,100,true,false,1.000,medium
sift_real,128,ADC,bonferroni,44,3.064e+05,1.096e+05,1.698e+05,0.000,1000,69,100,true,false,1.000,easy
sift_real,128,ADC,bonferroni,45,3.087e+05,1.096e+05,1.778e+05,0.000,1000,188,100,true,false,1.000,medium
sift_real,128,ADC,bonferroni,46,3.075e+05,1.096e+05,1.765e+05,0.000,1000,40,50,true,false,1.000,easy
sift_real,128,ADC,bonferroni,47,2.612e+05,1.096e+05,9.144e+04,0.000,1000,75,100,true,false,1.000,easy
sift_real,128,ADC,bonferroni,48,2.984e+05,1.096e+05,1.256e+05,0.000,1000,77,100,true,false,1.000,easy
sift_real,128,ADC,bonferroni,49,3.059e+05,1.096e+05,1.940e+05,0.000,1000,67,100,true,false,1.000,medium
sift_real,128,ADC,bonferroni,50,3.011e+05,1.096e+05,1.350e+05,0.000,1000,45,50,true,false,1.000,hard
sift_real,128,ADC,bonferroni,51,2.995e+05,1.096e+05,1.684e+05,0.000,1000,221,100,true,false,1.000,hard
sift_real,128,ADC,bonferroni,52,2.979e+05,1.096e+05,1.968e+05,0.000,1000,213,100,true,false,1.000,hard
sift_real,128,ADC,bonferroni,53,3.040e+05,1.096e+05,1.875e+05,0.000,1000,163,100,true,false,1.000,medium
sift_real,128,ADC,bonferroni,54,3.222e+05,1.096e+05,2.058e+05,0.000,1000,43,50,true,false,1.000,hard
sift_real,128,ADC,bonferroni,55,3.184e+05,1.096e+05,1.773e+05,0.000,1000,45,50,true,false,1.000,easy
sift_real,128,ADC,bonferroni,56,2.890e+05,1.096e+05,2.027e+05,0.000,1000,190,100,true,false,1.000,easy
sift_real,128,ADC,bonferroni,57,2.949e+05,1.096e+05,1.803e+05,0.000,1000,64,100,true,false,1.000,medium
sift_real,128,ADC,bonferroni,58,2.729e+05,1.096e+05,1.013e+05,0.000,1000,73,100,true,false,1.000,easy
sift_real,128,ADC,bonferroni,59,3.366e+05,1.096e+05,2.095e+05,0.000,1000,21,30,true,false,1.000,hard
sift_real,128,ADC,bonferroni,60,2.898e+05,1.096e+05,1.637e+05,0.000,1000,279,100,true,false,1.000,medium
sift_real,128,ADC,bonferroni,61,3.153e+05,1.096e+05,1.731e+05,0.000,1000,126,100,true,false,1.000,easy
sift_real,128,ADC,bonferroni,62,3.167e+05,1.096e+05,1.653e+05,0.000,1000,13,20,true,false,1.000,easy
sift_real,128,ADC,bonferroni,63,3.039e+05,1.096e+05,1.762e+05,0.000,1000,313,100,true,false,1.000,hard
sift_real,128,ADC,bonferroni,64,3.100e+05,1.096e+05,1.443e+05,0.000,1000,132,100,true,false,1.000,medium
sift_real,128,ADC,bonferroni,65,3.127e+05,1.096e+05,1.857e+05,0.000,1000,242,100,true,false,1.000,easy
sift_real,128,ADC,bonferroni,66,3.102e+05,1.096e+05,1.360e+05,0.000,1000,57,100,true,false,1.000,medium
sift_real,128,ADC,bonferroni,67,3.016e+05,1.096e+05,1.492e+05,0.000,1000,84,100,true,false,1.000,easy
sift_real,128,ADC,bonferroni,68,3.055e+05,1.096e+05,1.908e+05,0.000,1000,85,100,true,false,1.000,hard
sift_real,128,ADC,bonferroni,69,2.831e+05,1.096e+05,1.380e+05,0.000,1000,99,100,true,false,1.000,medium
sift_real,128,ADC,bonferroni,70,3.234e+05,1.096e+05,2.039e+05,0.000,1000,65,100,true,false,1.000,medium
sift_real,128,ADC,bonferroni,71,3.024e+05,1.096e+05,1.426e+05,0.000,1000,92,100,true,false,1.000,medium
sift_real,128,ADC,bonferroni,72,2.838e+05,1.096e+05,1.209e+05,0.000,1000,685,100,true,false,1.000,easy
sift_real,128,ADC,bonferroni,73,2.901e+05,1.096e+05,1.195e+05,0.000,1000,40,50,true,false,1.000,hard
sift_real,128,ADC,bonferroni,74,2.873e+05,1.096e+05,1.945e+05,0.000,1000,71,100,true,false,1.000,hard
sift_real,128,ADC,bonferroni,75,2.733e+05,1.096e+05,1.040e+05,0.000,1000,34,50,true,false,1.000,easy
sift_real,128,ADC,bonferroni,76,3.107e+05,1.096e+05,1.538e+05,0.000,1000,232,100,true,false,1.000,hard
sift_real,128,ADC,bonferroni,77,2.835e+05,1.096e+05,1.030e+05,0.000,1000,470,100,true,false,1.000,medium
sift_real,128,ADC,bonferroni,78,2.998e+05,1.096e+05,1.732e+05,0.000,1000,98,100,true,false,1.000,medium
sift_real,128,ADC,bonferroni,79,3.274e+05,1.096e+05,1.904e+05,0.000,1000,18,20,true,false,1.000,medium
sift_real,128,HAMMING,none,0,1.514e+05,5.158e+04,4.309e+04,0.000,1000,98,100,true,false,1.000,medium
sift_real,128,HAMMING,none,1,1.771e+05,5.158e+04,7.727e+04,0.000,996,330,100,true,false,1.000,hard
sift_real,128,HAMMING,none,2,3.602e+04,5.158e+04,2.691e+04,0.000,1000,55,100,true,false,1.000,hard
sift_real,128,HAMMING,none,3,4.885e+04,5.158e+04,3.478e+04,0.000,1000,83,100,true,false,1.000,hard
sift_real,128,HAMMING,none,4,1.386e+05,5.158e+04,4.335e+04,0.000,1000,131,100,true,false,1.000,medium
sift_real,128,HAMMING,none,5,1.578e+05,5.158e+04,3.390e+04,0.000,1000,254,100,true,false,1.000,hard
sift_real,128,HAMMING,none,6,9.373e+04,5.158e+04,5.633e+04,0.000,1000,263,100,true,false,1.000,medium
sift_real,128,HAMMING,none,7,3.602e+04,5.158e+04,3.311e+04,0.000,1000,34,50,true,false,1.000,easy
sift_real,128,HAMMING,none,8,1.001e+05,5.158e+04,5.297e+04,0.000,1000,819,100,true,false,1.000,medium
sift_real,128,HAMMING,none,9,8.091e+04,5.158e+04,3.447e+04,0.000,1000,402,100,true,false,1.000,medium
sift_real,128,HAMMING,none,10,1.130e+05,5.158e+04,3.816e+04,0.000,1000,135,100,true,false,1.000,hard
sift_real,128,HAMMING,none,11,5.526e+04,5.158e+04,3.234e+04,0.000,1000,156,100,true,false,1.000,medium
sift_real,128,HAMMING,none,12,9.373e+04,5.158e+04,3.356e+04,0.000,1000,100,100,true,false,1.000,easy
sift_real,128,HAMMING,none,13,8.732e+04,5.158e+04,3.487e+04,0.000,1000,62,100,true,false,1.000,medium
sift_real,128,HAMMING,none,14,1.707e+05,5.158e+04,7.750e+04,0.000,1000,107,100,true,false,1.000,medium
sift_real,128,HAMMING,none,15,8.732e+04,5.158e+04,3.145e+04,0.000,1000,524,100,true,false,1.000,hard
sift_real,128,HAMMING,none,16,1.066e+05,5.158e+04,4.662e+04,0.000,1000,449,100,true,false,1.000,hard
sift_real,128,HAMMING,none,17,1.258e+05,5.158e+04,4.481e+04,0.000,1000,309,100,true,false,1.000,hard
sift_real,128,HAMMING,none,18,9.373e+04,5.158e+04,3.680e+04,0.000,1000,491,100,true,false,1.000,easy
sift_real,128,HAMMING,none,19,6.167e+04,5.158e+04,4.051e+04,0.000,1000,75,100,true,false,1.000,medium
sift_real,128,HAMMING,none,20,1.679e+04,5.158e+04,2.596e+04,0.000,1000,49,50,true,false,1.000,easy
sift_real,128,HAMMING,none,21,4.244e+04,5.158e+04,3.117e+04,0.000,1000,113,100,true,false,1.000,medium
sift_real,128,HAMMING,none,22,2.961e+04,5.158e+04,2.757e+04,0.000,1000,83,100,true,false,1.000,hard
sift_real,128,HAMMING,none,23,2.961e+04,5.158e+04,4.661e+04,0.000,1000,153,100,true,false,1.000,hard
sift_real,128,HAMMING,none,24,8.091e+04,5.158e+04,3.669e+04,0.000,1000,267,100,true,false,1.000,easy
sift_real,128,HAMMING,none,25,1.258e+05,5.158e+04,3.225e+04,0.000,1000,224,100,true,false,1.000,hard
sift_real,128,HAMMING,none,26,5.526e+04,5.158e+04,2.953e+04,0.000,1000,93,100,true,false,1.000,easy
sift_real,128,HAMMING,none,27,8.091e+04,5.158e+04,3.257e+04,0.000,1000,105,100,true,false,1.000,easy
sift_real,128,HAMMING,none,28,4.885e+04,5.158e+04,3.089e+04,0.000,1000,120,100,true,false,1.000,hard
sift_real,128,HAMMING,none,29,2.961e+04,5.158e+04,3.612e+04,0.000,1000,22,30,true,false,1.000,easy
sift_real,128,HAMMING,none,30,4.885e+04,5.158e+04,2.875e+04,0.000,1000,358,100,true,false,1.000,hard
sift_real,128,HAMMING,none,31,8.732e+04,5.158e+04,3.454e+04,0.000,1000,334,100,true,false,1.000,hard
sift_real,128,HAMMING,none,32,7.449e+04,5.158e+04,3.829e+04,0.000,1000,59,100,true,false,1.000,hard
sift_real,128,HAMMING,none,33,1.322e+05,5.158e+04,3.833e+04,0.000,1000,90,100,true,false,1.000,easy
sift_real,128,HAMMING,none,34,1.322e+05,5.158e+04,3.235e+04,0.000,1000,409,100,true,false,1.000,medium
sift_real,128,HAMMING,none,35,1.001e+05,5.158e+04,3.180e+04,0.000,1000,300,100,true,false,1.000,medium
sift_real,128,HAMMING,none,36,1.130e+05,5.158e+04,3.278e+04,0.000,1000,421,100,true,false,0.900,easy
sift_real,128,HAMMING,none,37,1.514e+05,5.158e+04,3.671e+04,0.000,1000,405,100,true,false,1.000,medium
sift_real,128,HAMMING,none,38,1.450e+05,5.158e+04,3.265e+04,0.000,1000,32,50,true,false,1.000,hard
sift_real,128,HAMMING,none,39,-2448,5.158e+04,3.878e+04,0.000,1000,113,100,true,false,1.000,easy
sift_real,128,HAMMING,none,40,6.808e+04,5.158e+04,3.159e+04,0.000,1000,25,30,true,false,1.000,easy
sift_real,128,HAMMING,none,41,4.244e+04,5.158e+04,2.814e+04,0.000,1000,198,100,true,false,1.000,hard
sift_real,128,HAMMING,none,42,7.449e+04,5.158e+04,3.088e+04,0.000,1000,176,100,true,false,1.000,easy
sift_real,128,HAMMING,none,43,1.322e+05,5.158e+04,6.266e+04,0.000,1000,173,100,true,false,1.000,medium
sift_real,128,HAMMING,none,44,2.320e+04,5.158e+04,4.793e+04,0.000,1000,69,100,true,false,1.000,easy
sift_real,128,HAMMING,none,45,4.885e+04,5.158e+04,4.123e+04,0.000,1000,188,100,true,false,1.000,medium
sift_real,128,HAMMING,none,46,2.961e+04,5.158e+04,4.537e+04,0.000,1000,40,50,true,false,1.000,easy
sift_real,128,HAMMING,none,47,1.322e+05,5.158e+04,3.162e+04,0.000,1000,75,100,true,false,1.000,easy
sift_real,128,HAMMING,none,48,5.526e+04,5.158e+04,4.458e+04,0.000,1000,77,100,true,false,1.000,easy
sift_real,128,HAMMING,none,49,6.167e+04,5.158e+04,2.862e+04,0.000,1000,67,100,true,false,1.000,medium
sift_real,128,HAMMING,none,50,6.808e+04,5.158e+04,4.701e+04,0.000,1000,45,50,true,false,1.000,hard
sift_real,128,HAMMING,none,51,6.167e+04,5.158e+04,2.941e+04,0.000,1000,221,100,true,false,1.000,hard
sift_real,128,HAMMING,none,52,1.038e+04,5.158e+04,3.103e+04,0.000,1000,213,100,true,false,1.000,hard
sift_real,128,HAMMING,none,53,3.602e+04,5.158e+04,2.911e+04,0.000,1000,163,100,true,false,1.000,medium
sift_real,128,HAMMING,none,54,-8860,5.158e+04,3.868e+04,0.000,1000,43,50,true,false,1.000,hard
sift_real,128,HAMMING,none,55,3964,5.158e+04,6.497e+04,0.000,1000,45,50,true,false,1.000,easy
sift_real,128,HAMMING,none,56,8.091e+04,5.158e+04,3.925e+04,0.000,1000,190,100,true,false,1.000,easy
sift_real,128,HAMMING,none,57,8.091e+04,5.158e+04,3.680e+04,0.000,1000,64,100,true,false,1.000,medium
sift_real,128,HAMMING,none,58,1.322e+05,5.158e+04,4.213e+04,0.000,1000,73,100,true,false,1.000,easy
sift_real,128,HAMMING,none,59,-3.451e+04,5.158e+04,5.065e+04,0.000,1000,21,30,true,false,1.000,hard
sift_real,128,HAMMING,none,60,9.373e+04,5.158e+04,3.643e+04,0.000,1000,279,100,true,false,1.000,medium
sift_real,128,HAMMING,none,61,2.320e+04,5.158e+04,5.709e+04,0.000,1000,126,100,true,false,1.000,easy
sift_real,128,HAMMING,none,62,2.961e+04,5.158e+04,4.717e+04,0.000,1000,13,20,true,false,1.000,easy
sift_real,128,HAMMING,none,63,2.961e+04,5.158e+04,3.632e+04,0.000,1000,313,100,true,false,1.000,hard
sift_real,128,HAMMING,none,64,8.091e+04,5.158e+04,3.677e+04,0.000,1000,132,100,true,false,1.000,medium
sift_real,128,HAMMING,none,65,3.602e+04,5.158e+04,3.939e+04,0.000,1000,242,100,true,false,1.000,easy
sift_real,128,HAMMING,none,66,4.244e+04,5.158e+04,5.272e+04,0.000,1000,57,100,true,false,1.000,medium
sift_real,128,HAMMING,none,67,3.602e+04,5.158e+04,5.625e+04,0.000,1000,84,100,true,false,1.000,easy
sift_real,128,HAMMING,none,68,-2.810e+04,5.158e+04,3.801e+04,0.000,1000,85,100,true,false,1.000,hard
sift_real,128,HAMMING,none,69,9.373e+04,5.158e+04,4.598e+04,0.000,998,99,100,true,false,1.000,medium
sift_real,128,HAMMING,none,70,-2.168e+04,5.158e+04,5.239e+04,0.000,1000,65,100,true,false,1.000,medium
sift_real,128,HAMMING,none,71,6.808e+04,5.158e+04,2.953e+04,0.000,1000,92,100,true,false,1.000,medium
sift_real,128,HAMMING,none,72,8.732e+04,5.158e+04,2.833e+04,0.000,1000,685,100,true,false,1.000,easy
sift_real,128,HAMMING,none,73,1.066e+05,5.158e+04,2.872e+04,0.000,1000,40,50,true,false,1.000,hard
sift_real,128,HAMMING,none,74,8.091e+04,5.158e+04,6.018e+04,0.000,1000,71,100,true,false,1.000,hard
sift_real,128,HAMMING,none,75,1.001e+05,5.158e+04,3.503e+04,0.000,998,34,50,true,false,1.000,easy
sift_real,128,HAMMING,none,76,4.885e+04,5.158e+04,4.823e+04,0.000,1000,232,100,true,false,1.000,hard
sift_real,128,HAMMING,none,77,1.194e+05,5.158e+04,2.944e+04,0.000,1000,470,100,true,false,1.000,medium
sift_real,128,HAMMING,none,78,6.167e+04,5.158e+04,2.975e+04,0.000,1000,98,100,true,false,1.000,medium
sift_real,128,HAMMING,none,79,3964,5.158e+04,5.016e+04,0.000,1000,18,20,true,false,1.000,medium
sift_real,128,HAMMING,bonferroni,0,1.514e+05,5.158e+04,4.309e+04,0.000,1000,98,100,true,false,1.000,medium
sift_real,128,HAMMING,bonferroni,1,1.771e+05,5.158e+04,7.727e+04,0.000,998,330,100,true,false,1.000,hard
sift_real,128,HAMMING,bonferroni,2,3.602e+04,5.158e+04,2.691e+04,0.000,1000,55,100,true,false,1.000,hard
sift_real,128,HAMMING,bonferroni,3,4.885e+04,5.158e+04,3.478e+04,0.000,1000,83,100,true,false,1.000,hard
sift_real,128,HAMMING,bonferroni,4,1.386e+05,5.158e+04,4.335e+04,0.000,1000,131,100,true,false,1.000,medium
sift_real,128,HAMMING,bonferroni,5,1.578e+05,5.158e+04,3.390e+04,0.000,1000,254,100,true,false,1.000,hard
sift_real,128,HAMMING,bonferroni,6,9.373e+04,5.158e+04,5.633e+04,0.000,1000,263,100,true,false,1.000,medium
sift_real,128,HAMMING,bonferroni,7,3.602e+04,5.158e+04,3.311e+04,0.000,1000,34,50,true,false,1.000,easy
sift_real,128,HAMMING,bonferroni,8,1.001e+05,5.158e+04,5.297e+04,0.000,1000,819,100,true,false,1.000,medium
sift_real,128,HAMMING,bonferroni,9,8.091e+04,5.158e+04,3.447e+04,0.000,1000,402,100,true,false,1.000,medium
sift_real,128,HAMMING,bonferroni,10,1.130e+05,5.158e+04,3.816e+04,0.000,1000,135,100,true,false,1.000,hard
sift_real,128,HAMMING,bonferroni,11,5.526e+04,5.158e+04,3.234e+04,0.000,1000,156,100,true,false,1.000,medium
sift_real,128,HAMMING,bonferroni,12,9.373e+04,5.158e+04,3.356e+04,0.000,1000,100,100,true,false,1.000,easy
sift_real,128,HAMMING,bonferroni,13,8.732e+04,5.158e+04,3.487e+04,0.000,1000,62,100,true,false,1.000,medium
sift_real,128,HAMMING,bonferroni,14,1.707e+05,5.158e+04,7.750e+04,0.000,1000,107,100,true,false,1.000,medium
sift_real,128,HAMMING,bonferroni,15,8.732e+04,5.158e+04,3.145e+04,0.000,1000,524,100,true,false,1.000,hard
sift_real,128,HAMMING,bonferroni,16,1.066e+05,5.158e+04,4.662e+04,0.000,1000,449,100,true,false,1.000,hard
sift_real,128,HAMMING,bonferroni,17,1.258e+05,5.158e+04,4.481e+04,0.000,1000,309,100,true,false,1.000,hard
sift_real,128,HAMMING,bonferroni,18,9.373e+04,5.158e+04,3.680e+04,0.000,1000,491,100,true,false,1.000,easy
sift_real,128,HAMMING,bonferroni,19,6.167e+04,5.158e+04,4.051e+04,0.000,1000,75,100,true,false,1.000,medium
sift_real,128,HAMMING,bonferroni,20,1.679e+04,5.158e+04,2.596e+04,0.000,1000,49,50,true,false,1.000,easy
sift_real,128,HAMMING,bonferroni,21,4.244e+04,5.158e+04,3.117e+04,0.000,1000,113,100,true,false,1.000,medium
sift_real,128,HAMMING,bonferroni,22,2.961e+04,5.158e+04,2.757e+04,0.000,1000,83,100,true,false,1.000,hard
sift_real,128,HAMMING,bonferroni,23,2.961e+04,5.158e+04,4.661e+04,0.000,1000,153,100,true,false,1.000,hard
sift_real,128,HAMMING,bonferroni,24,8.091e+04,5.158e+04,3.669e+04,0.000,1000,267,100,true,false,1.000,easy
sift_real,128,HAMMING,bonferroni,25,1.258e+05,5.158e+04,3.225e+04,0.000,1000,224,100,true,false,1.000,hard
sift_real,128,HAMMING,bonferroni,26,5.526e+04,5.158e+04,2.953e+04,0.000,1000,93,100,true,false,1.000,easy
sift_real,128,HAMMING,bonferroni,27,8.091e+04,5.158e+04,3.257e+04,0.000,1000,105,100,true,false,1.000,easy
sift_real,128,HAMMING,bonferroni,28,4.885e+04,5.158e+04,3.089e+04,0.000,1000,120,100,true,false,1.000,hard
sift_real,128,HAMMING,bonferroni,29,2.961e+04,5.158e+04,3.612e+04,0.000,1000,22,30,true,false,1.000,easy
sift_real,128,HAMMING,bonferroni,30,4.885e+04,5.158e+04,2.875e+04,0.000,1000,358,100,true,false,1.000,hard
sift_real,128,HAMMING,bonferroni,31,8.732e+04,5.158e+04,3.454e+04,0.000,1000,334,100,true,false,1.000,hard
sift_real,128,HAMMING,bonferroni,32,7.449e+04,5.158e+04,3.829e+04,0.000,1000,59,100,true,false,1.000,hard
sift_real,128,HAMMING,bonferroni,33,1.322e+05,5.158e+04,3.833e+04,0.000,1000,90,100,true,false,1.000,easy
sift_real,128,HAMMING,bonferroni,34,1.322e+05,5.158e+04,3.235e+04,0.000,1000,409,100,true,false,1.000,medium
sift_real,128,HAMMING,bonferroni,35,1.001e+05,5.158e+04,3.180e+04,0.000,1000,300,100,true,false,1.000,medium
sift_real,128,HAMMING,bonferroni,36,1.130e+05,5.158e+04,3.278e+04,0.000,1000,421,100,true,false,0.900,easy
sift_real,128,HAMMING,bonferroni,37,1.514e+05,5.158e+04,3.671e+04,0.000,1000,405,100,true,false,1.000,medium
sift_real,128,HAMMING,bonferroni,38,1.450e+05,5.158e+04,3.265e+04,0.000,1000,32,50,true,false,1.000,hard
sift_real,128,HAMMING,bonferroni,39,-2448,5.158e+04,3.878e+04,0.000,1000,113,100,true,false,1.000,easy
sift_real,128,HAMMING,bonferroni,40,6.808e+04,5.158e+04,3.159e+04,0.000,1000,25,30,true,false,1.000,easy
sift_real,128,HAMMING,bonferroni,41,4.244e+04,5.158e+04,2.814e+04,0.000,1000,198,100,true,false,1.000,hard
sift_real,128,HAMMING,bonferroni,42,7.449e+04,5.158e+04,3.088e+04,0.000,1000,176,100,true,false,1.000,easy
sift_real,128,HAMMING,bonferroni,43,1.322e+05,5.158e+04,6.266e+04,0.000,1000,173,100,true,false,1.000,medium
sift_real,128,HAMMING,bonferroni,44,2.320e+04,5.158e+04,4.793e+04,0.000,1000,69,100,true,false,1.000,easy
sift_real,128,HAMMING,bonferroni,45,4.885e+04,5.158e+04,4.123e+04,0.000,1000,188,100,true,false,1.000,medium
sift_real,128,HAMMING,bonferroni,46,2.961e+04,5.158e+04,4.537e+04,0.000,1000,40,50,true,false,1.000,easy
sift_real,128,HAMMING,bonferroni,47,1.322e+05,5.158e+04,3.162e+04,0.000,1000,75,100,true,false,1.000,easy
sift_real,128,HAMMING,bonferroni,48,5.526e+04,5.158e+04,4.458e+04,0.000,1000,77,100,true,false,1.000,easy
sift_real,128,HAMMING,bonferroni,49,6.167e+04,5.158e+04,2.862e+04,0.000,1000,67,100,true,false,1.000,medium
sift_real,128,HAMMING,bonferroni,50,6.808e+04,5.158e+04,4.701e+04,0.000,1000,45,50,true,false,1.000,hard
sift_real,128,HAMMING,bonferroni,51,6.167e+04,5.158e+04,2.941e+04,0.000,1000,221,100,true,false,1.000,hard
sift_real,128,HAMMING,bonferroni,52,1.038e+04,5.158e+04,3.103e+04,0.000,1000,213,100,true,false,1.000,hard
sift_real,128,HAMMING,bonferroni,53,3.602e+04,5.158e+04,2.911e+04,0.000,1000,163,100,true,false,1.000,medium
sift_real,128,HAMMING,bonferroni,54,-8860,5.158e+04,3.868e+04,0.000,1000,43,50,true,false,1.000,hard
sift_real,128,HAMMING,bonferroni,55,3964,5.158e+04,6.497e+04,0.000,1000,45,50,true,false,1.000,easy
sift_real,128,HAMMING,bonferroni,56,8.091e+04,5.158e+04,3.925e+04,0.000,1000,190,100,true,false,1.000,easy
sift_real,128,HAMMING,bonferroni,57,8.091e+04,5.158e+04,3.680e+04,0.000,1000,64,100,true,false,1.000,medium
sift_real,128,HAMMING,bonferroni,58,1.322e+05,5.158e+04,4.213e+04,0.000,1000,73,100,true,false,1.000,easy
sift_real,128,HAMMING,bonferroni,59,-3.451e+04,5.158e+04,5.065e+04,0.000,1000,21,30,true,false,1.000,hard
sift_real,128,HAMMING,bonferroni,60,9.373e+04,5.158e+04,3.643e+04,0.000,1000,279,100,true,false,1.000,medium
sift_real,128,HAMMING,bonferroni,61,2.320e+04,5.158e+04,5.709e+04,0.000,1000,126,100,true,false,1.000,easy
sift_real,128,HAMMING,bonferroni,62,2.961e+04,5.158e+04,4.717e+04,0.000,1000,13,20,true,false,1.000,easy
sift_real,128,HAMMING,bonferroni,63,2.961e+04,5.158e+04,3.632e+04,0.000,1000,313,100,true,false,1.000,hard
sift_real,128,HAMMING,bonferroni,64,8.091e+04,5.158e+04,3.677e+04,0.000,1000,132,100,true,false,1.000,medium
sift_real,128,HAMMING,bonferroni,65,3.602e+04,5.158e+04,3.939e+04,0.000,1000,242,100,true,false,1.000,easy
sift_real,128,HAMMING,bonferroni,66,4.244e+04,5.158e+04,5.272e+04,0.000,1000,57,100,true,false,1.000,medium
sift_real,128,HAMMING,bonferroni,67,3.602e+04,5.158e+04,5.625e+04,0.000,1000,84,100,true,false,1.000,easy
sift_real,128,HAMMING,bonferroni,68,-2.810e+04,5.158e+04,3.801e+04,0.000,1000,85,100,true,false,1.000,hard
sift_real,128,HAMMING,bonferroni,69,9.373e+04,5.158e+04,4.598e+04,0.000,1000,99,100,true,false,1.000,medium
sift_real,128,HAMMING,bonferroni,70,-2.168e+04,5.158e+04,5.239e+04,0.000,1000,65,100,true,false,1.000,medium
sift_real,128,HAMMING,bonferroni,71,6.808e+04,5.158e+04,2.953e+04,0.000,1000,92,100,true,false,1.000,medium
sift_real,128,HAMMING,bonferroni,72,8.732e+04,5.158e+04,2.833e+04,0.000,1000,685,100,true,false,1.000,easy
sift_real,128,HAMMING,bonferroni,73,1.066e+05,5.158e+04,2.872e+04,0.000,1000,40,50,true,false,1.000,hard
sift_real,128,HAMMING,bonferroni,74,8.091e+04,5.158e+04,6.018e+04,0.000,1000,71,100,true,false,1.000,hard
sift_real,128,HAMMING,bonferroni,75,1.001e+05,5.158e+04,3.503e+04,0.000,1000,34,50,true,false,1.000,easy
sift_real,128,HAMMING,bonferroni,76,4.885e+04,5.158e+04,4.823e+04,0.000,1000,232,100,true,false,1.000,hard
sift_real,128,HAMMING,bonferroni,77,1.194e+05,5.158e+04,2.944e+04,0.000,1000,470,100,true,false,1.000,medium
sift_real,128,HAMMING,bonferroni,78,6.167e+04,5.158e+04,2.975e+04,0.000,1000,98,100,true,false,1.000,medium
sift_real,128,HAMMING,bonferroni,79,3964,5.158e+04,5.016e+04,0.000,1000,18,20,true,false,1.000,medium
sift_real,128,CORRECTED,none,0,1.602e+05,2.197e+04,3.058e+04,0.000,996,98,100,true,false,1.000,medium
sift_real,128,CORRECTED,none,1,9.325e+04,2.208e+04,2.785e+04,0.000,1000,330,100,true,false,1.000,hard
sift_real,128,CORRECTED,none,2,9.106e+04,2.089e+04,4.189e+04,0.000,998,55,100,true,false,1.000,hard
sift_real,128,CORRECTED,none,3,6.866e+04,2.183e+04,2.776e+04,0.000,996,83,100,true,false,1.000,hard
sift_real,128,CORRECTED,none,4,1.566e+05,2.088e+04,3.063e+04,0.000,996,131,100,true,false,1.000,medium
sift_real,128,CORRECTED,none,5,1.904e+05,2.195e+04,2.746e+04,0.000,1000,254,100,true,false,1.000,hard
sift_real,128,CORRECTED,none,6,7.540e+04,2.191e+04,2.591e+04,0.000,998,263,100,true,false,1.000,medium
sift_real,128,CORRECTED,none,7,1.389e+05,2.223e+04,4.775e+04,0.000,922,34,50,true,false,1.000,easy
sift_real,128,CORRECTED,none,8,6.514e+04,1.983e+04,2.451e+04,0.000,1000,819,100,true,false,1.000,medium
sift_real,128,CORRECTED,none,9,9.314e+04,2.038e+04,2.698e+04,0.000,998,402,100,true,false,1.000,medium
sift_real,128,CORRECTED,none,10,1.183e+05,2.185e+04,2.627e+04,0.000,1000,135,100,true,false,1.000,hard
sift_real,128,CORRECTED,none,11,6.705e+04,1.975e+04,2.555e+04,0.000,1000,156,100,true,false,1.000,medium
sift_real,128,CORRECTED,none,12,6.305e+04,2.168e+04,3.026e+04,0.000,1000,100,100,true,false,1.000,easy
sift_real,128,CORRECTED,none,13,8.723e+04,2.207e+04,2.516e+04,0.000,1000,62,100,true,false,1.000,medium
sift_real,128,CORRECTED,none,14,1.184e+05,2.156e+04,3.182e+04,0.000,1000,107,100,true,false,1.000,medium
sift_real,128,CORRECTED,none,15,1.410e+05,2.061e+04,3.029e+04,0.000,1000,524,100,true,false,1.000,hard
sift_real,128,CORRECTED,none,16,7.074e+04,2.160e+04,2.887e+04,0.000,998,449,100,true,false,1.000,hard
sift_real,128,CORRECTED,none,17,8.945e+04,2.159e+04,2.776e+04,0.000,1000,309,100,true,false,1.000,hard
sift_real,128,CORRECTED,none,18,1.408e+05,2.055e+04,2.615e+04,0.000,1000,491,100,true,false,1.000,easy
sift_real,128,CORRECTED,none,19,6.110e+04,2.179e+04,2.556e+04,0.000,1000,75,100,true,false,1.000,medium
sift_real,128,CORRECTED,none,20,1.308e+05,2.162e+04,4.401e+04,0.000,968,49,50,true,false,1.000,easy
sift_real,128,CORRECTED,none,21,8.352e+04,1.994e+04,2.497e+04,0.000,1000,113,100,true,false,1.000,medium
sift_real,128,CORRECTED,none,22,6.405e+04,1.985e+04,2.554e+04,0.000,998,83,100,true,false,1.000,hard
sift_real,128,CORRECTED,none,23,1.374e+05,2.061e+04,4.000e+04,0.000,998,153,100,true,false,1.000,hard
sift_real,128,CORRECTED,none,24,1.045e+05,1.995e+04,2.523e+04,0.000,1000,267,100,true,false,1.000,easy
sift_real,128,CORRECTED,none,25,1.077e+05,2.082e+04,2.640e+04,0.000,994,224,100,true,false,1.000,hard
sift_real,128,CORRECTED,none,26,8.801e+04,1.989e+04,2.956e+04,0.000,1000,93,100,true,false,1.000,easy
sift_real,128,CORRECTED,none,27,7.745e+04,2.055e+04,3.524e+04,0.000,1000,105,100,true,false,1.000,easy
sift_real,128,CORRECTED,none,28,7.810e+04,1.992e+04,2.420e+04,0.000,1000,120,100,true,false,1.000,hard
sift_real,128,CORRECTED,none,29,1.583e+05,2.156e+04,5.201e+04,0.000,14,22,20,true,true,0.800,easy
sift_real,128,CORRECTED,none,30,1.088e+05,2.033e+04,2.614e+04,0.000,998,358,100,true,false,1.000,hard
sift_real,128,CORRECTED,none,31,1.131e+05,2.068e+04,2.844e+04,0.000,998,334,100,true,false,1.000,hard
sift_real,128,CORRECTED,none,32,1.159e+05,2.035e+04,2.523e+04,0.000,974,59,100,true,false,1.000,hard
sift_real,128,CORRECTED,none,33,2.273e+05,2.275e+04,3.582e+04,0.000,970,90,100,true,false,1.000,easy
sift_real,128,CORRECTED,none,34,8.798e+04,2.061e+04,2.995e+04,0.000,1000,409,100,true,false,1.000,medium
sift_real,128,CORRECTED,none,35,1.850e+05,2.257e+04,2.495e+04,0.000,980,300,100,true,false,1.000,medium
sift_real,128,CORRECTED,none,36,6.548e+04,2.227e+04,2.552e+04,0.000,1000,421,100,true,false,0.900,easy
sift_real,128,CORRECTED,none,37,1.304e+05,2.283e+04,3.041e+04,0.000,942,405,100,true,false,1.000,medium
sift_real,128,CORRECTED,none,38,1.537e+05,2.108e+04,2.955e+04,0.000,994,32,50,true,false,1.000,hard
sift_real,128,CORRECTED,none,39,1.320e+05,2.140e+04,4.538e+04,0.000,820,113,100,true,false,1.000,easy
sift_real,128,CORRECTED,none,40,7.098e+04,2.110e+04,2.540e+04,0.000,998,25,30,true,false,1.000,easy
sift_real,128,CORRECTED,none,41,1.426e+05,2.208e+04,5.266e+04,0.000,986,198,100,true,false,1.000,hard
sift_real,128,CORRECTED,none,42,1.042e+05,2.059e+04,2.608e+04,0.000,998,176,100,true,false,1.000,easy
sift_real,128,CORRECTED,none,43,5.465e+04,2.038e+04,2.611e+04,0.000,1000,173,100,true,false,1.000,medium
sift_real,128,CORRECTED,none,44,1.676e+05,2.210e+04,4.424e+04,0.000,970,69,100,true,false,1.000,easy
sift_real,128,CORRECTED,none,45,1.337e+05,2.102e+04,3.998e+04,0.000,998,188,100,true,false,1.000,medium
sift_real,128,CORRECTED,none,46,1.588e+05,2.237e+04,4.552e+04,0.000,994,40,50,true,false,1.000,easy
sift_real,128,CORRECTED,none,47,1.430e+05,2.255e+04,2.529e+04,0.000,1000,75,100,true,false,1.000,easy
sift_real,128,CORRECTED,none,48,1.447e+05,2.148e+04,3.027e+04,0.000,1000,77,100,true,false,1.000,easy
sift_real,128,CORRECTED,none,49,9.481e+04,2.007e+04,2.642e+04,0.000,1000,67,100,true,false,1.000,medium
sift_real,128,CORRECTED,none,50,1.440e+05,2.134e+04,3.525e+04,0.000,960,45,50,true,false,1.000,hard
sift_real,128,CORRECTED,none,51,1.398e+05,2.171e+04,3.907e+04,0.000,996,221,100,true,false,1.000,hard
sift_real,128,CORRECTED,none,52,7.055e+04,2.033e+04,3.372e+04,0.000,996,213,100,true,false,1.000,hard
sift_real,128,CORRECTED,none,53,1.574e+05,2.059e+04,3.658e+04,0.000,998,163,100,true,false,1.000,medium
sift_real,128,CORRECTED,none,54,1.512e+05,2.221e+04,5.995e+04,0.000,10,43,10,true,true,0.500,hard
sift_real,128,CORRECTED,none,55,1.348e+05,2.232e+04,5.230e+04,0.000,46,45,50,true,false,1.000,easy
sift_real,128,CORRECTED,none,56,6.258e+04,1.968e+04,2.527e+04,0.000,1000,190,100,true,false,1.000,easy
sift_real,128,CORRECTED,none,57,7.064e+04,2.148e+04,3.049e+04,0.000,998,64,100,true,false,1.000,medium
sift_real,128,CORRECTED,none,58,1.066e+05,2.102e+04,2.358e+04,0.000,1000,73,100,true,false,1.000,easy
sift_real,128,CORRECTED,none,59,1.788e+05,2.220e+04,6.489e+04,0.000,10,21,10,true,true,0.900,hard
sift_real,128,CORRECTED,none,60,1.069e+05,2.026e+04,2.863e+04,0.000,998,279,100,true,false,1.000,medium
sift_real,128,CORRECTED,none,61,9.883e+04,2.126e+04,3.946e+04,0.000,980,126,100,true,false,1.000,easy
sift_real,128,CORRECTED,none,62,1.242e+05,2.144e+04,4.996e+04,0.000,14,13,20,true,false,1.000,easy
sift_real,128,CORRECTED,none,63,1.267e+05,2.133e+04,4.421e+04,0.000,998,313,100,true,false,1.000,hard
sift_real,128,CORRECTED,none,64,1.435e+05,2.190e+04,3.791e+04,0.000,818,132,100,true,false,1.000,medium
sift_real,128,CORRECTED,none,65,1.311e+05,2.234e+04,5.094e+04,0.000,966,242,100,true,false,1.000,easy
sift_real,128,CORRECTED,none,66,1.763e+05,2.179e+04,3.939e+04,0.000,412,57,100,true,false,1.000,medium
sift_real,128,CORRECTED,none,67,1.308e+05,2.250e+04,3.686e+04,0.000,986,84,100,true,false,1.000,easy
sift_real,128,CORRECTED,none,68,1.254e+05,2.127e+04,4.549e+04,0.000,900,85,100,true,false,1.000,hard
sift_real,128,CORRECTED,none,69,1.140e+05,2.058e+04,2.501e+04,0.000,1000,99,100,true,false,1.000,medium
sift_real,128,CORRECTED,none,70,1.209e+05,2.150e+04,5.330e+04,0.000,10,65,10,true,true,0.500,medium
sift_real,128,CORRECTED,none,71,1.367e+05,2.182e+04,3.759e+04,0.000,422,92,100,true,false,1.000,medium
sift_real,128,CORRECTED,none,72,1.524e+05,2.044e+04,2.394e+04,0.000,992,685,100,true,false,1.000,easy
sift_real,128,CORRECTED,none,73,1.732e+05,2.203e+04,3.657e+04,0.000,998,40,50,true,false,1.000,hard
sift_real,128,CORRECTED,none,74,5.805e+04,1.984e+04,2.379e+04,0.000,1000,71,100,true,false,1.000,hard
sift_real,128,CORRECTED,none,75,1.388e+05,2.135e+04,2.557e+04,0.000,990,34,50,true,false,1.000,easy
sift_real,128,CORRECTED,none,76,1.542e+05,2.249e+04,4.058e+04,0.000,978,232,100,true,false,1.000,hard
sift_real,128,CORRECTED,none,77,1.674e+05,2.204e+04,2.675e+04,0.000,1000,470,100,true,false,1.000,medium
sift_real,128,CORRECTED,none,78,9.347e+04,1.992e+04,2.344e+04,0.000,1000,98,100,true,false,1.000,medium
sift_real,128,CORRECTED,none,79,1.958e+05,2.228e+04,6.149e+04,0.000,10,18,10,true,true,0.800,medium
sift_real,128,CORRECTED,bonferroni,0,1.602e+05,2.197e+04,3.058e+04,0.000,996,98,100,true,false,1.000,medium
sift_real,128,CORRECTED,bonferroni,1,9.325e+04,2.208e+04,2.785e+04,0.000,1000,330,100,true,false,1.000,hard
sift_real,128,CORRECTED,bonferroni,2,9.106e+04,2.089e+04,4.189e+04,0.000,1000,55,100,true,false,1.000,hard
sift_real,128,CORRECTED,bonferroni,3,6.866e+04,2.183e+04,2.776e+04,0.000,998,83,100,true,false,1.000,hard
sift_real,128,CORRECTED,bonferroni,4,1.566e+05,2.088e+04,3.063e+04,0.000,998,131,100,true,false,1.000,medium
sift_real,128,CORRECTED,bonferroni,5,1.904e+05,2.195e+04,2.746e+04,0.000,1000,254,100,true,false,1.000,hard
sift_real,128,CORRECTED,bonferroni,6,7.540e+04,2.191e+04,2.591e+04,0.000,998,263,100,true,false,1.000,medium
sift_real,128,CORRECTED,bonferroni,7,1.389e+05,2.223e+04,4.775e+04,0.000,990,34,50,true,false,1.000,easy
sift_real,128,CORRECTED,bonferroni,8,6.514e+04,1.983e+04,2.451e+04,0.000,1000,819,100,true,false,1.000,medium
sift_real,128,CORRECTED,bonferroni,9,9.314e+04,2.038e+04,2.698e+04,0.000,1000,402,100,true,false,1.000,medium
sift_real,128,CORRECTED,bonferroni,10,1.183e+05,2.185e+04,2.627e+04,0.000,1000,135,100,true,false,1.000,hard
sift_real,128,CORRECTED,bonferroni,11,6.705e+04,1.975e+04,2.555e+04,0.000,1000,156,100,true,false,1.000,medium
sift_real,128,CORRECTED,bonferroni,12,6.305e+04,2.168e+04,3.026e+04,0.000,1000,100,100,true,false,1.000,easy
sift_real,128,CORRECTED,bonferroni,13,8.723e+04,2.207e+04,2.516e+04,0.000,1000,62,100,true,false,1.000,medium
sift_real,128,CORRECTED,bonferroni,14,1.184e+05,2.156e+04,3.182e+04,0.000,1000,107,100,true,false,1.000,medium
sift_real,128,CORRECTED,bonferroni,15,1.410e+05,2.061e+04,3.029e+04,0.000,1000,524,100,true,false,1.000,hard
sift_real,128,CORRECTED,bonferroni,16,7.074e+04,2.160e+04,2.887e+04,0.000,998,449,100,true,false,1.000,hard
sift_real,128,CORRECTED,bonferroni,17,8.945e+04,2.159e+04,2.776e+04,0.000,1000,309,100,true,false,1.000,hard
sift_real,128,CORRECTED,bonferroni,18,1.408e+05,2.055e+04,2.615e+04,0.000,1000,491,100,true,false,1.000,easy
sift_real,128,CORRECTED,bonferroni,19,6.110e+04,2.179e+04,2.556e+04,0.000,1000,75,100,true,false,1.000,medium
sift_real,128,CORRECTED,bonferroni,20,1.308e+05,2.162e+04,4.401e+04,0.000,968,49,50,true,false,1.000,easy
sift_real,128,CORRECTED,bonferroni,21,8.352e+04,1.994e+04,2.497e+04,0.000,1000,113,100,true,false,1.000,medium
sift_real,128,CORRECTED,bonferroni,22,6.405e+04,1.985e+04,2.554e+04,0.000,998,83,100,true,false,1.000,hard
sift_real,128,CORRECTED,bonferroni,23,1.374e+05,2.061e+04,4.000e+04,0.000,998,153,100,true,false,1.000,hard
sift_real,128,CORRECTED,bonferroni,24,1.045e+05,1.995e+04,2.523e+04,0.000,1000,267,100,true,false,1.000,easy
sift_real,128,CORRECTED,bonferroni,25,1.077e+05,2.082e+04,2.640e+04,0.000,998,224,100,true,false,1.000,hard
sift_real,128,CORRECTED,bonferroni,26,8.801e+04,1.989e+04,2.956e+04,0.000,1000,93,100,true,false,1.000,easy
sift_real,128,CORRECTED,bonferroni,27,7.745e+04,2.055e+04,3.524e+04,0.000,1000,105,100,true,false,1.000,easy
sift_real,128,CORRECTED,bonferroni,28,7.810e+04,1.992e+04,2.420e+04,0.000,1000,120,100,true,false,1.000,hard
sift_real,128,CORRECTED,bonferroni,29,1.583e+05,2.156e+04,5.201e+04,0.000,880,22,30,true,false,1.000,easy
sift_real,128,CORRECTED,bonferroni,30,1.088e+05,2.033e+04,2.614e+04,0.000,998,358,100,true,false,1.000,hard
sift_real,128,CORRECTED,bonferroni,31,1.131e+05,2.068e+04,2.844e+04,0.000,998,334,100,true,false,1.000,hard
sift_real,128,CORRECTED,bonferroni,32,1.159e+05,2.035e+04,2.523e+04,0.000,998,59,100,true,false,1.000,hard
sift_real,128,CORRECTED,bonferroni,33,2.273e+05,2.275e+04,3.582e+04,0.000,996,90,100,true,false,1.000,easy
sift_real,128,CORRECTED,bonferroni,34,8.798e+04,2.061e+04,2.995e+04,0.000,1000,409,100,true,false,1.000,medium
sift_real,128,CORRECTED,bonferroni,35,1.850e+05,2.257e+04,2.495e+04,0.000,996,300,100,true,false,1.000,medium
sift_real,128,CORRECTED,bonferroni,36,6.548e+04,2.227e+04,2.552e+04,0.000,1000,421,100,true,false,0.900,easy
sift_real,128,CORRECTED,bonferroni,37,1.304e+05,2.283e+04,3.041e+04,0.000,992,405,100,true,false,1.000,medium
sift_real,128,CORRECTED,bonferroni,38,1.537e+05,2.108e+04,2.955e+04,0.000,998,32,50,true,false,1.000,hard
sift_real,128,CORRECTED,bonferroni,39,1.320e+05,2.140e+04,4.538e+04,0.000,994,113,100,true,false,1.000,easy
sift_real,128,CORRECTED,bonferroni,40,7.098e+04,2.110e+04,2.540e+04,0.000,998,25,30,true,false,1.000,easy
sift_real,128,CORRECTED,bonferroni,41,1.426e+05,2.208e+04,5.266e+04,0.000,992,198,100,true,false,1.000,hard
sift_real,128,CORRECTED,bonferroni,42,1.042e+05,2.059e+04,2.608e+04,0.000,998,176,100,true,false,1.000,easy
sift_real,128,CORRECTED,bonferroni,43,5.465e+04,2.038e+04,2.611e+04,0.000,1000,173,100,true,false,1.000,medium
sift_real,128,CORRECTED,bonferroni,44,1.676e+05,2.210e+04,4.424e+04,0.000,996,69,100,true,false,1.000,easy
sift_real,128,CORRECTED,bonferroni,45,1.337e+05,2.102e+04,3.998e+04,0.000,998,188,100,true,false,1.000,medium
sift_real,128,CORRECTED,bonferroni,46,1.588e+05,2.237e+04,4.552e+04,0.000,994,40,50,true,false,1.000,easy
sift_real,128,CORRECTED,bonferroni,47,1.430e+05,2.255e+04,2.529e+04,0.000,1000,75,100,true,false,1.000,easy
sift_real,128,CORRECTED,bonferroni,48,1.447e+05,2.148e+04,3.027e+04,0.000,1000,77,100,true,false,1.000,easy
sift_real,128,CORRECTED,bonferroni,49,9.481e+04,2.007e+04,2.642e+04,0.000,1000,67,100,true,false,1.000,medium
sift_real,128,CORRECTED,bonferroni,50,1.440e+05,2.134e+04,3.525e+04,0.000,998,45,50,true,false,1.000,hard
sift_real,128,CORRECTED,bonferroni,51,1.398e+05,2.171e+04,3.907e+04,0.000,1000,221,100,true,false,1.000,hard
sift_real,128,CORRECTED,bonferroni,52,7.055e+04,2.033e+04,3.372e+04,0.000,1000,213,100,true,false,1.000,hard
sift_real,128,CORRECTED,bonferroni,53,1.574e+05,2.059e+04,3.658e+04,0.000,998,163,100,true,false,1.000,medium
sift_real,128,CORRECTED,bonferroni,54,1.512e+05,2.221e+04,5.995e+04,0.000,616,43,50,true,false,1.000,hard
sift_real,128,CORRECTED,bonferroni,55,1.348e+05,2.232e+04,5.230e+04,0.000,906,45,50,true,false,1.000,easy
sift_real,128,CORRECTED,bonferroni,56,6.258e+04,1.968e+04,2.527e+04,0.000,1000,190,100,true,false,1.000,easy
sift_real,128,CORRECTED,bonferroni,57,7.064e+04,2.148e+04,3.049e+04,0.000,1000,64,100,true,false,1.000,medium
sift_real,128,CORRECTED,bonferroni,58,1.066e+05,2.102e+04,2.358e+04,0.000,1000,73,100,true,false,1.000,easy
sift_real,128,CORRECTED,bonferroni,59,1.788e+05,2.220e+04,6.489e+04,0.000,334,21,30,true,false,1.000,hard
sift_real,128,CORRECTED,bonferroni,60,1.069e+05,2.026e+04,2.863e+04,0.000,1000,279,100,true,false,1.000,medium
sift_real,128,CORRECTED,bonferroni,61,9.883e+04,2.126e+04,3.946e+04,0.000,994,126,100,true,false,1.000,easy
sift_real,128,CORRECTED,bonferroni,62,1.242e+05,2.144e+04,4.996e+04,0.000,872,13,20,true,false,1.000,easy
sift_real,128,CORRECTED,bonferroni,63,1.267e+05,2.133e+04,4.421e+04,0.000,998,313,100,true,false,1.000,hard
sift_real,128,CORRECTED,bonferroni,64,1.435e+05,2.190e+04,3.791e+04,0.000,962,132,100,true,false,1.000,medium
sift_real,128,CORRECTED,bonferroni,65,1.311e+05,2.234e+04,5.094e+04,0.000,990,242,100,true,false,1.000,easy
sift_real,128,CORRECTED,bonferroni,66,1.763e+05,2.179e+04,3.939e+04,0.000,984,57,100,true,false,1.000,medium
sift_real,128,CORRECTED,bonferroni,67,1.308e+05,2.250e+04,3.686e+04,0.000,998,84,100,true,false,1.000,easy
sift_real,128,CORRECTED,bonferroni,68,1.254e+05,2.127e+04,4.549e+04,0.000,980,85,100,true,false,1.000,hard
sift_real,128,CORRECTED,bonferroni,69,1.140e+05,2.058e+04,2.501e+04,0.000,1000,99,100,true,false,1.000,medium
sift_real,128,CORRECTED,bonferroni,70,1.209e+05,2.150e+04,5.330e+04,0.000,742,65,100,true,false,1.000,medium
sift_real,128,CORRECTED,bonferroni,71,1.367e+05,2.182e+04,3.759e+04,0.000,918,92,100,true,false,1.000,medium
sift_real,128,CORRECTED,bonferroni,72,1.524e+05,2.044e+04,2.394e+04,0.000,1000,685,100,true,false,1.000,easy
sift_real,128,CORRECTED,bonferroni,73,1.732e+05,2.203e+04,3.657e+04,0.000,998,40,50,true,false,1.000,hard
sift_real,128,CORRECTED,bonferroni,74,5.805e+04,1.984e+04,2.379e+04,0.000,1000,71,100,true,false,1.000,hard
sift_real,128,CORRECTED,bonferroni,75,1.388e+05,2.135e+04,2.557e+04,0.000,994,34,50,true,false,1.000,easy
sift_real,128,CORRECTED,bonferroni,76,1.542e+05,2.249e+04,4.058e+04,0.000,986,232,100,true,false,1.000,hard
sift_real,128,CORRECTED,bonferroni,77,1.674e+05,2.204e+04,2.675e+04,0.000,1000,470,100,true,false,1.000,medium
sift_real,128,CORRECTED,bonferroni,78,9.347e+04,1.992e+04,2.344e+04,0.000,1000,98,100,true,false,1.000,medium
sift_real,128,CORRECTED,bonferroni,79,1.958e+05,2.228e+04,6.149e+04,0.000,708,18,20,true,false,1.000,medium
isotropic,768,ADC,none,0,1498,57.00,70.48,0.000,72,156,100,true,true,0.700,easy
isotropic,768,ADC,none,1,1410,57.00,54.29,0.000,610,760,100,true,true,0.800,easy
isotropic,768,ADC,none,2,1546,57.00,78.38,0.000,44,242,50,true,true,0.400,easy
isotropic,768,ADC,none,3,1512,57.00,70.43,0.000,44,529,30,true,true,0.500,easy
isotropic,768,ADC,none,4,1422,57.00,56.40,0.000,244,393,100,true,true,0.800,medium
isotropic,768,ADC,none,5,1449,57.00,63.07,0.000,372,628,100,true,true,0.700,easy
isotropic,768,ADC,none,6,1486,57.00,66.67,0.000,148,765,100,true,true,0.600,medium
isotropic,768,ADC,none,7,1509,57.00,71.73,0.000,150,303,100,true,true,0.700,medium
isotropic,768,ADC,none,8,1538,57.00,77.69,0.000,98,442,50,true,true,0.400,medium
isotropic,768,ADC,none,9,1462,57.00,63.40,0.000,276,616,100,true,true,0.600,hard
isotropic,768,ADC,none,10,1490,57.00,68.22,0.000,172,480,100,true,true,0.400,hard
isotropic,768,ADC,none,11,1473,57.00,66.49,0.000,152,979,100,true,true,0.600,easy
isotropic,768,ADC,none,12,1376,57.00,50.42,0.000,1000,699,100,true,false,1.000,medium
isotropic,768,ADC,none,13,1461,57.00,62.28,0.000,298,895,100,true,true,0.600,hard
isotropic,768,ADC,none,14,1454,57.00,60.98,0.000,164,341,100,true,true,0.800,easy
isotropic,768,ADC,none,15,1445,57.00,60.07,0.000,448,526,100,true,true,0.900,easy
isotropic,768,ADC,none,16,1538,57.00,78.42,0.000,68,636,100,true,true,0.500,easy
isotropic,768,ADC,none,17,1496,57.00,69.09,0.000,106,459,100,true,true,0.700,medium
isotropic,768,ADC,none,18,1467,57.00,64.13,0.000,178,314,100,true,true,0.600,hard
isotropic,768,ADC,none,19,1498,57.00,69.96,0.000,112,397,100,true,true,0.700,hard
isotropic,768,ADC,none,20,1448,57.00,60.23,0.000,184,507,100,true,true,0.800,easy
isotropic,768,ADC,none,21,1574,57.00,87.76,0.000,38,363,50,true,true,0.500,medium
isotropic,768,ADC,none,22,1508,57.00,72.76,0.000,74,911,100,true,true,0.300,medium
isotropic,768,ADC,none,23,1468,57.00,64.35,0.000,238,486,100,true,true,0.800,medium
isotropic,768,ADC,none,24,1445,57.00,60.93,0.000,108,942,100,true,true,0.700,hard
isotropic,768,ADC,none,25,1425,57.00,56.87,0.000,354,439,100,true,true,0.900,medium
isotropic,768,ADC,none,26,1352,57.00,50.76,0.000,1000,506,100,true,false,1.000,hard
isotropic,768,ADC,none,27,1554,57.00,83.37,0.000,70,999,100,true,true,0.400,easy
isotropic,768,ADC,none,28,1387,57.00,51.13,0.000,1000,661,100,true,false,1.000,medium
isotropic,768,ADC,none,29,1504,57.00,69.71,0.000,166,620,100,true,true,0.200,easy
isotropic,768,ADC,none,30,1475,57.00,63.68,0.000,400,545,100,true,true,0.600,easy
isotropic,768,ADC,none,31,1507,57.00,70.68,0.000,132,807,100,true,true,0.400,hard
isotropic,768,ADC,none,32,1489,57.00,65.78,0.000,264,893,100,true,true,0.500,hard
isotropic,768,ADC,none,33,1660,57.00,105.4,0.000,24,996,20,true,true,0.300,hard
isotropic,768,ADC,none,34,1508,57.00,69.37,0.000,222,709,100,true,true,0.600,hard
isotropic,768,ADC,none,35,1389,57.00,51.52,0.000,950,544,100,true,false,0.800,easy
isotropic,768,ADC,none,36,1408,57.00,52.45,0.000,906,824,100,true,false,0.900,hard
isotropic,768,ADC,none,37,1454,57.00,61.46,0.000,278,620,100,true,true,0.700,hard
isotropic,768,ADC,none,38,1437,57.00,58.48,0.000,418,521,100,true,true,0.800,medium
isotropic,768,ADC,none,39,1430,57.00,58.09,0.000,390,538,100,true,true,0.700,easy
isotropic,768,ADC,none,40,1443,57.00,60.58,0.000,222,228,100,true,true,0.900,medium
isotropic,768,ADC,none,41,1507,57.00,73.27,0.000,98,964,100,true,true,0.600,hard
isotropic,768,ADC,none,42,1468,57.00,65.30,0.000,140,707,100,true,true,0.500,hard
isotropic,768,ADC,none,43,1495,57.00,71.51,0.000,68,714,100,true,true,0.600,hard
isotropic,768,ADC,none,44,1455,57.00,59.51,0.000,258,551,100,true,true,0.700,medium
isotropic,768,ADC,none,45,1394,57.00,52.14,0.000,1000,799,100,true,false,0.800,medium
isotropic,768,ADC,none,46,1405,57.00,56.68,0.000,520,879,100,true,true,0.800,medium
isotropic,768,ADC,none,47,1461,57.00,63.18,0.000,368,582,100,true,true,0.500,medium
isotropic,768,ADC,none,48,1505,57.00,71.83,0.000,206,510,100,true,true,0.600,easy
isotropic,768,ADC,none,49,1552,57.00,80.78,0.000,46,705,50,true,true,0.500,hard
isotropic,768,ADC,none,50,1500,57.00,69.22,0.000,200,799,50,true,true,0.500,easy
isotropic,768,ADC,none,51,1434,57.00,58.41,0.000,368,349,100,true,false,0.900,easy
isotropic,768,ADC,none,52,1471,57.00,68.43,0.000,84,737,100,true,true,0.500,hard
isotropic,768,ADC,none,53,1416,57.00,59.03,0.000,394,799,100,true,true,0.800,hard
isotropic,768,ADC,none,54,1474,57.00,66.85,0.000,130,423,100,true,true,0.800,medium
isotropic,768,ADC,none,55,1460,57.00,64.51,0.000,190,588,100,true,true,0.600,hard
isotropic,768,ADC,none,56,1539,57.00,79.71,0.000,66,980,50,true,true,0.400,medium
isotropic,768,ADC,none,57,1540,57.00,78.19,0.000,66,949,100,true,true,0.300,medium
isotropic,768,ADC,none,58,1521,57.00,73.03,0.000,122,331,50,true,true,0.700,hard
isotropic,768,ADC,none,59,1493,57.00,66.95,0.000,340,535,100,true,true,0.500,easy
isotropic,768,ADC,none,60,1489,57.00,66.62,0.000,156,589,100,true,true,0.700,easy
isotropic,768,ADC,none,61,1453,57.00,60.11,0.000,420,928,100,true,true,0.700,hard
isotropic,768,ADC,none,62,1476,57.00,66.04,0.000,92,646,100,true,true,0.600,easy
isotropic,768,ADC,none,63,1475,57.00,65.77,0.000,94,658,100,true,true,0.700,medium
isotropic,768,ADC,none,64,1494,57.00,70.46,0.000,64,484,100,true,true,0.600,medium
isotropic,768,ADC,none,65,1432,57.00,58.56,0.000,596,779,100,true,true,0.800,hard
isotropic,768,ADC,none,66,1401,57.00,55.02,0.000,186,185,100,true,false,1.000,medium
isotropic,768,ADC,none,67,1439,57.00,59.80,0.000,324,830,100,true,true,0.600,medium
isotropic,768,ADC,none,68,1462,57.00,60.29,0.000,236,999,100,true,true,0.900,easy
isotropic,768,ADC,none,69,1501,57.00,69.66,0.000,86,669,100,true,true,0.600,hard
isotropic,768,ADC,none,70,1538,57.00,76.13,0.000,54,414,100,true,true,0.500,hard
isotropic,768,ADC,none,71,1501,57.00,72.64,0.000,80,253,100,true,true,0.400,easy
isotropic,768,ADC,none,72,1470,57.00,65.76,0.000,98,746,100,true,true,0.800,medium
isotropic,768,ADC,none,73,1406,57.00,53.49,0.000,556,556,100,true,false,0.900,easy
isotropic,768,ADC,none,74,1490,57.00,67.94,0.000,288,838,100,true,true,0.500,medium
isotropic,768,ADC,none,75,1438,57.00,58.99,0.000,184,989,50,true,true,0.500,hard
isotropic,768,ADC,none,76,1493,57.00,70.08,0.000,108,938,100,true,true,0.400,hard
isotropic,768,ADC,none,77,1474,57.00,64.95,0.000,226,288,100,true,true,0.500,easy
isotropic,768,ADC,none,78,1406,57.00,55.24,0.000,512,443,100,true,false,1.000,medium
isotropic,768,ADC,none,79,1584,57.00,87.49,0.000,62,694,20,true,true,0.200,easy
isotropic,768,ADC,bonferroni,0,1498,57.00,70.48,0.000,988,156,100,true,false,1.000,easy
isotropic,768,ADC,bonferroni,1,1410,57.00,54.29,0.000,1000,760,100,true,false,1.000,easy
isotropic,768,ADC,bonferroni,2,1546,57.00,78.38,0.000,986,242,100,true,false,0.800,easy
isotropic,768,ADC,bonferroni,3,1512,57.00,70.43,0.000,990,529,100,true,false,0.900,easy
isotropic,768,ADC,bonferroni,4,1422,57.00,56.40,0.000,998,393,100,true,false,0.900,medium
isotropic,768,ADC,bonferroni,5,1449,57.00,63.07,0.000,996,628,100,true,false,1.000,easy
isotropic,768,ADC,bonferroni,6,1486,57.00,66.67,0.000,996,765,100,true,false,0.900,medium
isotropic,768,ADC,bonferroni,7,1509,57.00,71.73,0.000,992,303,100,true,false,0.900,medium
isotropic,768,ADC,bonferroni,8,1538,57.00,77.69,0.000,986,442,100,true,false,0.800,medium
isotropic,768,ADC,bonferroni,9,1462,57.00,63.40,0.000,998,616,100,true,false,0.800,hard
isotropic,768,ADC,bonferroni,10,1490,57.00,68.22,0.000,996,480,100,true,false,0.900,hard
isotropic,768,ADC,bonferroni,11,1473,57.00,66.49,0.000,996,979,100,true,false,0.900,easy
isotropic,768,ADC,bonferroni,12,1376,57.00,50.42,0.000,1000,699,100,true,false,1.000,medium
isotropic,768,ADC,bonferroni,13,1461,57.00,62.28,0.000,998,895,100,true,false,0.900,hard
isotropic,768,ADC,bonferroni,14,1454,57.00,60.98,0.000,998,341,100,true,false,1.000,easy
isotropic,768,ADC,bonferroni,15,1445,57.00,60.07,0.000,998,526,100,true,false,1.000,easy
isotropic,768,ADC,bonferroni,16,1538,57.00,78.42,0.000,978,636,100,true,false,0.900,easy
isotropic,768,ADC,bonferroni,17,1496,57.00,69.09,0.000,992,459,100,true,false,1.000,medium
isotropic,768,ADC,bonferroni,18,1467,57.00,64.13,0.000,998,314,100,true,false,0.700,hard
isotropic,768,ADC,bonferroni,19,1498,57.00,69.96,0.000,992,397,100,true,false,1.000,hard
isotropic,768,ADC,bonferroni,20,1448,57.00,60.23,0.000,998,507,100,true,false,1.000,easy
isotropic,768,ADC,bonferroni,21,1574,57.00,87.76,0.000,948,363,100,true,false,1.000,medium
isotropic,768,ADC,bonferroni,22,1508,57.00,72.76,0.000,980,911,100,true,false,1.000,medium
isotropic,768,ADC,bonferroni,23,1468,57.00,64.35,0.000,998,486,100,true,false,0.800,medium
isotropic,768,ADC,bonferroni,24,1445,57.00,60.93,0.000,992,942,100,true,false,1.000,hard
isotropic,768,ADC,bonferroni,25,1425,57.00,56.87,0.000,998,439,100,true,false,1.000,medium
isotropic,768,ADC,bonferroni,26,1352,57.00,50.76,0.000,1000,506,100,true,false,1.000,hard
isotropic,768,ADC,bonferroni,27,1554,57.00,83.37,0.000,968,999,100,true,true,0.800,easy
isotropic,768,ADC,bonferroni,28,1387,57.00,51.13,0.000,1000,661,100,true,false,1.000,medium
isotropic,768,ADC,bonferroni,29,1504,57.00,69.71,0.000,996,620,100,true,false,0.900,easy
isotropic,768,ADC,bonferroni,30,1475,57.00,63.68,0.000,998,545,100,true,false,0.800,easy
isotropic,768,ADC,bonferroni,31,1507,57.00,70.68,0.000,986,807,100,true,false,1.000,hard
isotropic,768,ADC,bonferroni,32,1489,57.00,65.78,0.000,996,893,100,true,false,0.800,hard
isotropic,768,ADC,bonferroni,33,1660,57.00,105.4,0.000,776,996,100,true,true,0.900,hard
isotropic,768,ADC,bonferroni,34,1508,57.00,69.37,0.000,982,709,100,true,false,1.000,hard
isotropic,768,ADC,bonferroni,35,1389,57.00,51.52,0.000,1000,544,100,true,false,0.800,easy
isotropic,768,ADC,bonferroni,36,1408,57.00,52.45,0.000,1000,824,100,true,false,0.900,hard
isotropic,768,ADC,bonferroni,37,1454,57.00,61.46,0.000,998,620,100,true,false,0.800,hard
isotropic,768,ADC,bonferroni,38,1437,57.00,58.48,0.000,1000,521,100,true,false,1.000,medium
isotropic,768,ADC,bonferroni,39,1430,57.00,58.09,0.000,998,538,100,true,false,0.900,easy
isotropic,768,ADC,bonferroni,40,1443,57.00,60.58,0.000,998,228,100,true,false,1.000,medium
isotropic,768,ADC,bonferroni,41,1507,57.00,73.27,0.000,992,964,100,true,false,0.900,hard
isotropic,768,ADC,bonferroni,42,1468,57.00,65.30,0.000,994,707,100,true,false,1.000,hard
isotropic,768,ADC,bonferroni,43,1495,57.00,71.51,0.000,992,714,100,true,false,0.900,hard
isotropic,768,ADC,bonferroni,44,1455,57.00,59.51,0.000,998,551,100,true,false,0.900,medium
isotropic,768,ADC,bonferroni,45,1394,57.00,52.14,0.000,1000,799,100,true,false,0.800,medium
isotropic,768,ADC,bonferroni,46,1405,57.00,56.68,0.000,998,879,100,true,false,1.000,medium
isotropic,768,ADC,bonferroni,47,1461,57.00,63.18,0.000,998,582,100,true,false,0.500,medium
isotropic,768,ADC,bonferroni,48,1505,57.00,71.83,0.000,996,510,100,true,false,0.900,easy
isotropic,768,ADC,bonferroni,49,1552,57.00,80.78,0.000,974,705,100,true,false,0.800,hard
isotropic,768,ADC,bonferroni,50,1500,57.00,69.22,0.000,998,799,100,true,false,0.600,easy
isotropic,768,ADC,bonferroni,51,1434,57.00,58.41,0.000,1000,349,100,true,false,0.900,easy
isotropic,768,ADC,bonferroni,52,1471,57.00,68.43,0.000,992,737,100,true,false,1.000,hard
isotropic,768,ADC,bonferroni,53,1416,57.00,59.03,0.000,998,799,100,true,false,1.000,hard
isotropic,768,ADC,bonferroni,54,1474,57.00,66.85,0.000,994,423,100,true,false,1.000,medium
isotropic,768,ADC,bonferroni,55,1460,57.00,64.51,0.000,994,588,100,true,false,0.900,hard
isotropic,768,ADC,bonferroni,56,1539,57.00,79.71,0.000,984,980,100,true,false,1.000,medium
isotropic,768,ADC,bonferroni,57,1540,57.00,78.19,0.000,986,949,100,true,false,1.000,medium
isotropic,768,ADC,bonferroni,58,1521,57.00,73.03,0.000,994,331,100,true,false,1.000,hard
isotropic,768,ADC,bonferroni,59,1493,57.00,66.95,0.000,998,535,100,true,false,0.600,easy
isotropic,768,ADC,bonferroni,60,1489,57.00,66.62,0.000,994,589,100,true,false,1.000,easy
isotropic,768,ADC,bonferroni,61,1453,57.00,60.11,0.000,1000,928,100,true,false,0.700,hard
isotropic,768,ADC,bonferroni,62,1476,57.00,66.04,0.000,988,646,100,true,false,1.000,easy
isotropic,768,ADC,bonferroni,63,1475,57.00,65.77,0.000,992,658,100,true,false,1.000,medium
isotropic,768,ADC,bonferroni,64,1494,57.00,70.46,0.000,994,484,100,true,false,1.000,medium
isotropic,768,ADC,bonferroni,65,1432,57.00,58.56,0.000,1000,779,100,true,false,1.000,hard
isotropic,768,ADC,bonferroni,66,1401,57.00,55.02,0.000,998,185,100,true,false,1.000,medium
isotropic,768,ADC,bonferroni,67,1439,57.00,59.80,0.000,998,830,100,true,false,0.800,medium
isotropic,768,ADC,bonferroni,68,1462,57.00,60.29,0.000,998,999,100,true,true,0.900,easy
isotropic,768,ADC,bonferroni,69,1501,57.00,69.66,0.000,990,669,100,true,false,1.000,hard
isotropic,768,ADC,bonferroni,70,1538,57.00,76.13,0.000,986,414,100,true,false,0.900,hard
isotropic,768,ADC,bonferroni,71,1501,57.00,72.64,0.000,990,253,100,true,false,1.000,easy
isotropic,768,ADC,bonferroni,72,1470,57.00,65.76,0.000,996,746,100,true,false,0.900,medium
isotropic,768,ADC,bonferroni,73,1406,57.00,53.49,0.000,1000,556,100,true,false,0.900,easy
isotropic,768,ADC,bonferroni,74,1490,57.00,67.94,0.000,996,838,100,true,false,0.900,medium
isotropic,768,ADC,bonferroni,75,1438,57.00,58.99,0.000,998,989,100,true,false,1.000,hard
isotropic,768,ADC,bonferroni,76,1493,57.00,70.08,0.000,994,938,100,true,false,0.800,hard
isotropic,768,ADC,bonferroni,77,1474,57.00,64.95,0.000,998,288,100,true,false,0.800,easy
isotropic,768,ADC,bonferroni,78,1406,57.00,55.24,0.000,1000,443,100,true,false,1.000,medium
isotropic,768,ADC,bonferroni,79,1584,57.00,87.49,0.000,946,694,100,true,false,1.000,easy
isotropic,768,HAMMING,none,0,1497,67.67,55.03,0.000,1000,156,100,true,false,1.000,easy
isotropic,768,HAMMING,none,1,1449,67.67,90.60,0.000,1000,760,100,true,false,1.000,easy
isotropic,768,HAMMING,none,2,1479,67.67,64.37,0.000,1000,242,100,true,false,0.800,easy
isotropic,768,HAMMING,none,3,1459,67.67,56.59,0.000,1000,529,100,true,false,0.900,easy
isotropic,768,HAMMING,none,4,1441,67.67,81.58,0.000,998,393,100,true,false,0.900,medium
isotropic,768,HAMMING,none,5,1444,67.67,71.52,0.000,996,628,100,true,false,1.000,easy
isotropic,768,HAMMING,none,6,1439,67.67,56.38,0.000,1000,765,100,true,false,0.900,medium
isotropic,768,HAMMING,none,7,1485,67.67,54.29,0.000,1000,303,100,true,false,0.900,medium
isotropic,768,HAMMING,none,8,1444,67.67,62.65,0.000,1000,442,100,true,false,0.800,medium
isotropic,768,HAMMING,none,9,1434,67.67,66.13,0.000,1000,616,100,true,false,0.800,hard
isotropic,768,HAMMING,none,10,1459,67.67,56.99,0.000,1000,480,100,true,false,0.900,hard
isotropic,768,HAMMING,none,11,1459,67.67,62.15,0.000,1000,979,100,true,false,0.900,easy
isotropic,768,HAMMING,none,12,1436,67.67,109.1,0.000,1000,699,100,true,false,1.000,medium
isotropic,768,HAMMING,none,13,1423,67.67,64.22,0.000,1000,895,100,true,false,0.900,hard
isotropic,768,HAMMING,none,14,1477,67.67,66.85,0.000,998,341,100,true,false,1.000,easy
isotropic,768,HAMMING,none,15,1436,67.67,72.34,0.000,998,526,100,true,false,1.000,easy
isotropic,768,HAMMING,none,16,1451,67.67,60.29,0.000,1000,636,100,true,false,0.900,easy
isotropic,768,HAMMING,none,17,1421,67.67,54.94,0.000,1000,459,100,true,false,1.000,medium
isotropic,768,HAMMING,none,18,1441,67.67,61.85,0.000,998,314,100,true,false,0.700,hard
isotropic,768,HAMMING,none,19,1485,67.67,54.20,0.000,1000,397,100,true,false,1.000,hard
isotropic,768,HAMMING,none,20,1436,67.67,70.21,0.000,996,507,100,true,false,1.000,easy
isotropic,768,HAMMING,none,21,1469,67.67,74.57,0.000,1000,363,100,true,false,1.000,medium
isotropic,768,HAMMING,none,22,1408,67.67,57.82,0.000,1000,911,100,true,false,1.000,medium
isotropic,768,HAMMING,none,23,1477,67.67,63.10,0.000,1000,486,100,true,false,0.800,medium
isotropic,768,HAMMING,none,24,1487,67.67,69.52,0.000,1000,942,100,true,false,1.000,hard
isotropic,768,HAMMING,none,25,1472,67.67,80.00,0.000,996,439,100,true,false,1.000,medium
isotropic,768,HAMMING,none,26,1459,67.67,128.1,0.000,242,506,100,true,true,0.700,hard
isotropic,768,HAMMING,none,27,1469,67.67,66.39,0.000,1000,999,100,true,false,0.900,easy
isotropic,768,HAMMING,none,28,1464,67.67,101.0,0.000,972,661,100,true,false,1.000,medium
isotropic,768,HAMMING,none,29,1449,67.67,56.39,0.000,1000,620,100,true,false,0.900,easy
isotropic,768,HAMMING,none,30,1469,67.67,59.22,0.000,1000,545,100,true,false,0.800,easy
isotropic,768,HAMMING,none,31,1444,67.67,55.01,0.000,1000,807,100,true,false,1.000,hard
isotropic,768,HAMMING,none,32,1439,67.67,56.70,0.000,1000,893,100,true,false,0.800,hard
isotropic,768,HAMMING,none,33,1472,67.67,126.0,0.000,1000,996,100,true,false,0.900,hard
isotropic,768,HAMMING,none,34,1454,67.67,54.14,0.000,1000,709,100,true,false,1.000,hard
isotropic,768,HAMMING,none,35,1482,67.67,102.9,0.000,974,544,100,true,false,0.800,easy
isotropic,768,HAMMING,none,36,1441,67.67,87.23,0.000,980,824,100,true,false,0.900,hard
isotropic,768,HAMMING,none,37,1469,67.67,64.47,0.000,1000,620,100,true,false,0.800,hard
isotropic,768,HAMMING,none,38,1462,67.67,74.47,0.000,998,521,100,true,false,1.000,medium
isotropic,768,HAMMING,none,39,1456,67.67,80.81,0.000,996,538,100,true,false,0.900,easy
isotropic,768,HAMMING,none,40,1428,67.67,70.97,0.000,1000,228,100,true,false,1.000,medium
isotropic,768,HAMMING,none,41,1436,67.67,55.07,0.000,1000,964,100,true,false,0.900,hard
isotropic,768,HAMMING,none,42,1395,67.67,61.46,0.000,1000,707,100,true,false,1.000,hard
isotropic,768,HAMMING,none,43,1467,67.67,56.27,0.000,1000,714,100,true,false,0.900,hard
isotropic,768,HAMMING,none,44,1456,67.67,63.53,0.000,1000,551,100,true,false,0.900,medium
isotropic,768,HAMMING,none,45,1454,67.67,103.0,0.000,988,799,100,true,false,0.800,medium
isotropic,768,HAMMING,none,46,1459,67.67,93.55,0.000,912,879,100,true,false,1.000,medium
isotropic,768,HAMMING,none,47,1416,67.67,66.01,0.000,1000,582,100,true,false,0.500,medium
isotropic,768,HAMMING,none,48,1474,67.67,55.18,0.000,1000,510,100,true,false,0.900,easy
isotropic,768,HAMMING,none,49,1439,67.67,63.92,0.000,1000,705,100,true,false,0.800,hard
isotropic,768,HAMMING,none,50,1449,67.67,54.24,0.000,1000,799,100,true,false,0.600,easy
isotropic,768,HAMMING,none,51,1446,67.67,75.51,0.000,998,349,100,true,false,0.900,easy
isotropic,768,HAMMING,none,52,1469,67.67,62.35,0.000,1000,737,100,true,false,1.000,hard
isotropic,768,HAMMING,none,53,1441,67.67,89.36,0.000,982,799,100,true,false,1.000,hard
isotropic,768,HAMMING,none,54,1423,67.67,60.45,0.000,1000,423,100,true,false,1.000,medium
isotropic,768,HAMMING,none,55,1446,67.67,68.26,0.000,1000,588,100,true,false,0.900,hard
isotropic,768,HAMMING,none,56,1454,67.67,57.84,0.000,1000,980,100,true,false,1.000,medium
isotropic,768,HAMMING,none,57,1462,67.67,60.66,0.000,1000,949,100,true,false,1.000,medium
isotropic,768,HAMMING,none,58,1439,67.67,56.00,0.000,1000,331,100,true,false,1.000,hard
isotropic,768,HAMMING,none,59,1451,67.67,55.56,0.000,1000,535,100,true,false,0.600,easy
isotropic,768,HAMMING,none,60,1434,67.67,56.93,0.000,1000,589,100,true,false,1.000,easy
isotropic,768,HAMMING,none,61,1462,67.67,66.97,0.000,1000,928,100,true,false,0.700,hard
isotropic,768,HAMMING,none,62,1428,67.67,59.59,0.000,1000,646,100,true,false,1.000,easy
isotropic,768,HAMMING,none,63,1477,67.67,59.45,0.000,1000,658,100,true,false,1.000,medium
isotropic,768,HAMMING,none,64,1431,67.67,56.18,0.000,1000,484,100,true,false,1.000,medium
isotropic,768,HAMMING,none,65,1434,67.67,73.87,0.000,1000,779,100,true,false,1.000,hard
isotropic,768,HAMMING,none,66,1436,67.67,95.51,0.000,822,185,100,true,false,1.000,medium
isotropic,768,HAMMING,none,67,1479,67.67,72.72,0.000,998,830,100,true,false,0.800,medium
isotropic,768,HAMMING,none,68,1428,67.67,62.14,0.000,1000,999,100,true,false,1.000,easy
isotropic,768,HAMMING,none,69,1439,67.67,55.52,0.000,1000,669,100,true,false,1.000,hard
isotropic,768,HAMMING,none,70,1436,67.67,58.46,0.000,1000,414,100,true,false,0.900,hard
isotropic,768,HAMMING,none,71,1464,67.67,57.36,0.000,1000,253,100,true,false,1.000,easy
isotropic,768,HAMMING,none,72,1446,67.67,63.93,0.000,1000,746,100,true,false,0.900,medium
isotropic,768,HAMMING,none,73,1434,67.67,91.11,0.000,998,556,100,true,false,0.900,easy
isotropic,768,HAMMING,none,74,1454,67.67,54.90,0.000,1000,838,100,true,false,0.900,medium
isotropic,768,HAMMING,none,75,1446,67.67,75.10,0.000,1000,989,100,true,false,1.000,hard
isotropic,768,HAMMING,none,76,1472,67.67,57.78,0.000,1000,938,100,true,false,0.800,hard
isotropic,768,HAMMING,none,77,1485,67.67,60.31,0.000,1000,288,100,true,false,0.800,easy
isotropic,768,HAMMING,none,78,1431,67.67,92.97,0.000,1000,443,100,true,false,1.000,medium
isotropic,768,HAMMING,none,79,1456,67.67,82.82,0.000,1000,694,100,true,false,1.000,easy
isotropic,768,HAMMING,bonferroni,0,1497,67.67,55.03,0.000,1000,156,100,true,false,1.000,easy
isotropic,768,HAMMING,bonferroni,1,1449,67.67,90.60,0.000,1000,760,100,true,false,1.000,easy
isotropic,768,HAMMING,bonferroni,2,1479,67.67,64.37,0.000,1000,242,100,true,false,0.800,easy
isotropic,768,HAMMING,bonferroni,3,1459,67.67,56.59,0.000,1000,529,100,true,false,0.900,easy
isotropic,768,HAMMING,bonferroni,4,1441,67.67,81.58,0.000,998,393,100,true,false,0.900,medium
isotropic,768,HAMMING,bonferroni,5,1444,67.67,71.52,0.000,1000,628,100,true,false,1.000,easy
isotropic,768,HAMMING,bonferroni,6,1439,67.67,56.38,0.000,1000,765,100,true,false,0.900,medium
isotropic,768,HAMMING,bonferroni,7,1485,67.67,54.29,0.000,1000,303,100,true,false,0.900,medium
isotropic,768,HAMMING,bonferroni,8,1444,67.67,62.65,0.000,1000,442,100,true,false,0.800,medium
isotropic,768,HAMMING,bonferroni,9,1434,67.67,66.13,0.000,1000,616,100,true,false,0.800,hard
isotropic,768,HAMMING,bonferroni,10,1459,67.67,56.99,0.000,1000,480,100,true,false,0.900,hard
isotropic,768,HAMMING,bonferroni,11,1459,67.67,62.15,0.000,1000,979,100,true,false,0.900,easy
isotropic,768,HAMMING,bonferroni,12,1436,67.67,109.1,0.000,1000,699,100,true,false,1.000,medium
isotropic,768,HAMMING,bonferroni,13,1423,67.67,64.22,0.000,1000,895,100,true,false,0.900,hard
isotropic,768,HAMMING,bonferroni,14,1477,67.67,66.85,0.000,1000,341,100,true,false,1.000,easy
isotropic,768,HAMMING,bonferroni,15,1436,67.67,72.34,0.000,1000,526,100,true,false,1.000,easy
isotropic,768,HAMMING,bonferroni,16,1451,67.67,60.29,0.000,1000,636,100,true,false,0.900,easy
isotropic,768,HAMMING,bonferroni,17,1421,67.67,54.94,0.000,1000,459,100,true,false,1.000,medium
isotropic,768,HAMMING,bonferroni,18,1441,67.67,61.85,0.000,1000,314,100,true,false,0.700,hard
isotropic,768,HAMMING,bonferroni,19,1485,67.67,54.20,0.000,1000,397,100,true,false,1.000,hard
isotropic,768,HAMMING,bonferroni,20,1436,67.67,70.21,0.000,1000,507,100,true,false,1.000,easy
isotropic,768,HAMMING,bonferroni,21,1469,67.67,74.57,0.000,1000,363,100,true,false,1.000,medium
isotropic,768,HAMMING,bonferroni,22,1408,67.67,57.82,0.000,1000,911,100,true,false,1.000,medium
isotropic,768,HAMMING,bonferroni,23,1477,67.67,63.10,0.000,1000,486,100,true,false,0.800,medium
isotropic,768,HAMMING,bonferroni,24,1487,67.67,69.52,0.000,1000,942,100,true,false,1.000,hard
isotropic,768,HAMMING,bonferroni,25,1472,67.67,80.00,0.000,1000,439,100,true,false,1.000,medium
isotropic,768,HAMMING,bonferroni,26,1459,67.67,128.1,0.000,992,506,100,true,false,1.000,hard
isotropic,768,HAMMING,bonferroni,27,1469,67.67,66.39,0.000,1000,999,100,true,false,0.900,easy
isotropic,768,HAMMING,bonferroni,28,1464,67.67,101.0,0.000,998,661,100,true,false,1.000,medium
isotropic,768,HAMMING,bonferroni,29,1449,67.67,56.39,0.000,1000,620,100,true,false,0.900,easy
isotropic,768,HAMMING,bonferroni,30,1469,67.67,59.22,0.000,1000,545,100,true,false,0.800,easy
isotropic,768,HAMMING,bonferroni,31,1444,67.67,55.01,0.000,1000,807,100,true,false,1.000,hard
isotropic,768,HAMMING,bonferroni,32,1439,67.67,56.70,0.000,1000,893,100,true,false,0.800,hard
isotropic,768,HAMMING,bonferroni,33,1472,67.67,126.0,0.000,1000,996,100,true,false,0.900,hard
isotropic,768,HAMMING,bonferroni,34,1454,67.67,54.14,0.000,1000,709,100,true,false,1.000,hard
isotropic,768,HAMMING,bonferroni,35,1482,67.67,102.9,0.000,998,544,100,true,false,0.800,easy
isotropic,768,HAMMING,bonferroni,36,1441,67.67,87.23,0.000,1000,824,100,true,false,0.900,hard
isotropic,768,HAMMING,bonferroni,37,1469,67.67,64.47,0.000,1000,620,100,true,false,0.800,hard
isotropic,768,HAMMING,bonferroni,38,1462,67.67,74.47,0.000,1000,521,100,true,false,1.000,medium
isotropic,768,HAMMING,bonferroni,39,1456,67.67,80.81,0.000,1000,538,100,true,false,0.900,easy
isotropic,768,HAMMING,bonferroni,40,1428,67.67,70.97,0.000,1000,228,100,true,false,1.000,medium
isotropic,768,HAMMING,bonferroni,41,1436,67.67,55.07,0.000,1000,964,100,true,false,0.900,hard
isotropic,768,HAMMING,bonferroni,42,1395,67.67,61.46,0.000,1000,707,100,true,false,1.000,hard
isotropic,768,HAMMING,bonferroni,43,1467,67.67,56.27,0.000,1000,714,100,true,false,0.900,hard
isotropic,768,HAMMING,bonferroni,44,1456,67.67,63.53,0.000,1000,551,100,true,false,0.900,medium
isotropic,768,HAMMING,bonferroni,45,1454,67.67,103.0,0.000,1000,799,100,true,false,0.800,medium
isotropic,768,HAMMING,bonferroni,46,1459,67.67,93.55,0.000,998,879,100,true,false,1.000,medium
isotropic,768,HAMMING,bonferroni,47,1416,67.67,66.01,0.000,1000,582,100,true,false,0.500,medium
isotropic,768,HAMMING,bonferroni,48,1474,67.67,55.18,0.000,1000,510,100,true,false,0.900,easy
isotropic,768,HAMMING,bonferroni,49,1439,67.67,63.92,0.000,1000,705,100,true,false,0.800,hard
isotropic,768,HAMMING,bonferroni,50,1449,67.67,54.24,0.000,1000,799,100,true,false,0.600,easy
isotropic,768,HAMMING,bonferroni,51,1446,67.67,75.51,0.000,1000,349,100,true,false,0.900,easy
isotropic,768,HAMMING,bonferroni,52,1469,67.67,62.35,0.000,1000,737,100,true,false,1.000,hard
isotropic,768,HAMMING,bonferroni,53,1441,67.67,89.36,0.000,1000,799,100,true,false,1.000,hard
isotropic,768,HAMMING,bonferroni,54,1423,67.67,60.45,0.000,1000,423,100,true,false,1.000,medium
isotropic,768,HAMMING,bonferroni,55,1446,67.67,68.26,0.000,1000,588,100,true,false,0.900,hard
isotropic,768,HAMMING,bonferroni,56,1454,67.67,57.84,0.000,1000,980,100,true,false,1.000,medium
isotropic,768,HAMMING,bonferroni,57,1462,67.67,60.66,0.000,1000,949,100,true,false,1.000,medium
isotropic,768,HAMMING,bonferroni,58,1439,67.67,56.00,0.000,1000,331,100,true,false,1.000,hard
isotropic,768,HAMMING,bonferroni,59,1451,67.67,55.56,0.000,1000,535,100,true,false,0.600,easy
isotropic,768,HAMMING,bonferroni,60,1434,67.67,56.93,0.000,1000,589,100,true,false,1.000,easy
isotropic,768,HAMMING,bonferroni,61,1462,67.67,66.97,0.000,1000,928,100,true,false,0.700,hard
isotropic,768,HAMMING,bonferroni,62,1428,67.67,59.59,0.000,1000,646,100,true,false,1.000,easy
isotropic,768,HAMMING,bonferroni,63,1477,67.67,59.45,0.000,1000,658,100,true,false,1.000,medium
isotropic,768,HAMMING,bonferroni,64,1431,67.67,56.18,0.000,1000,484,100,true,false,1.000,medium
isotropic,768,HAMMING,bonferroni,65,1434,67.67,73.87,0.000,1000,779,100,true,false,1.000,hard
isotropic,768,HAMMING,bonferroni,66,1436,67.67,95.51,0.000,996,185,100,true,false,1.000,medium
isotropic,768,HAMMING,bonferroni,67,1479,67.67,72.72,0.000,1000,830,100,true,false,0.800,medium
isotropic,768,HAMMING,bonferroni,68,1428,67.67,62.14,0.000,1000,999,100,true,false,1.000,easy
isotropic,768,HAMMING,bonferroni,69,1439,67.67,55.52,0.000,1000,669,100,true,false,1.000,hard
isotropic,768,HAMMING,bonferroni,70,1436,67.67,58.46,0.000,1000,414,100,true,false,0.900,hard
isotropic,768,HAMMING,bonferroni,71,1464,67.67,57.36,0.000,1000,253,100,true,false,1.000,easy
isotropic,768,HAMMING,bonferroni,72,1446,67.67,63.93,0.000,1000,746,100,true,false,0.900,medium
isotropic,768,HAMMING,bonferroni,73,1434,67.67,91.11,0.000,1000,556,100,true,false,0.900,easy
isotropic,768,HAMMING,bonferroni,74,1454,67.67,54.90,0.000,1000,838,100,true,false,0.900,medium
isotropic,768,HAMMING,bonferroni,75,1446,67.67,75.10,0.000,1000,989,100,true,false,1.000,hard
isotropic,768,HAMMING,bonferroni,76,1472,67.67,57.78,0.000,1000,938,100,true,false,0.800,hard
isotropic,768,HAMMING,bonferroni,77,1485,67.67,60.31,0.000,1000,288,100,true,false,0.800,easy
isotropic,768,HAMMING,bonferroni,78,1431,67.67,92.97,0.000,1000,443,100,true,false,1.000,medium
isotropic,768,HAMMING,bonferroni,79,1456,67.67,82.82,0.000,1000,694,100,true,false,1.000,easy
isotropic,768,CORRECTED,none,0,1467,33.83,35.31,0.000,992,156,100,true,false,1.000,easy
isotropic,768,CORRECTED,none,1,1374,32.38,31.14,0.000,962,760,100,true,false,1.000,easy
isotropic,768,CORRECTED,none,2,1458,34.69,34.76,0.000,998,242,100,true,false,0.800,easy
isotropic,768,CORRECTED,none,3,1421,34.14,35.14,0.000,978,529,100,true,false,0.900,easy
isotropic,768,CORRECTED,none,4,1427,32.64,32.62,0.000,984,393,100,true,false,0.900,medium
isotropic,768,CORRECTED,none,5,1422,33.05,34.84,0.000,934,628,100,true,false,1.000,easy
isotropic,768,CORRECTED,none,6,1412,33.66,33.89,0.000,980,765,100,true,false,0.900,medium
isotropic,768,CORRECTED,none,7,1434,34.10,34.59,0.000,974,303,100,true,false,0.900,medium
isotropic,768,CORRECTED,none,8,1430,34.63,35.16,0.000,982,442,100,true,false,0.800,medium
isotropic,768,CORRECTED,none,9,1346,33.25,34.38,0.000,990,616,100,true,false,0.800,hard
isotropic,768,CORRECTED,none,10,1420,33.69,33.15,0.000,982,480,100,true,false,0.900,hard
isotropic,768,CORRECTED,none,11,1414,33.47,33.28,0.000,984,979,100,true,false,0.900,easy
isotropic,768,CORRECTED,none,12,1341,31.84,32.19,0.000,982,699,100,true,false,1.000,medium
isotropic,768,CORRECTED,none,13,1491,33.26,32.14,0.000,994,895,100,true,false,0.900,hard
isotropic,768,CORRECTED,none,14,1452,33.19,32.78,0.000,980,341,100,true,false,1.000,easy
isotropic,768,CORRECTED,none,15,1388,32.92,33.07,0.000,994,526,100,true,false,1.000,easy
isotropic,768,CORRECTED,none,16,1479,34.60,33.89,0.000,992,636,100,true,false,0.900,easy
isotropic,768,CORRECTED,none,17,1314,33.90,34.56,0.000,986,459,100,true,false,1.000,medium
isotropic,768,CORRECTED,none,18,1399,33.35,32.77,0.000,982,314,100,true,false,0.700,hard
isotropic,768,CORRECTED,none,19,1386,33.88,34.10,0.000,986,397,100,true,false,1.000,hard
isotropic,768,CORRECTED,none,20,1445,33.04,32.53,0.000,982,507,100,true,false,1.000,easy
isotropic,768,CORRECTED,none,21,1485,35.11,34.60,0.000,960,363,100,true,false,1.000,medium
isotropic,768,CORRECTED,none,22,1421,34.00,34.71,0.000,978,911,100,true,false,1.000,medium
isotropic,768,CORRECTED,none,23,1403,33.35,34.62,0.000,974,486,100,true,false,0.800,medium
isotropic,768,CORRECTED,none,24,1374,33.03,33.29,0.000,990,942,100,true,false,1.000,hard
isotropic,768,CORRECTED,none,25,1360,32.62,32.65,0.000,980,439,100,true,false,1.000,medium
isotropic,768,CORRECTED,none,26,1306,31.35,31.01,0.000,958,506,100,true,false,1.000,hard
isotropic,768,CORRECTED,none,27,1467,34.86,35.79,0.000,1000,999,100,true,false,0.900,easy
isotropic,768,CORRECTED,none,28,1416,32.07,32.29,0.000,956,661,100,true,false,1.000,medium
isotropic,768,CORRECTED,none,29,1432,34.00,34.40,0.000,988,620,100,true,false,0.900,easy
isotropic,768,CORRECTED,none,30,1390,33.47,33.72,0.000,1000,545,100,true,false,0.800,easy
isotropic,768,CORRECTED,none,31,1433,34.05,35.00,0.000,980,807,100,true,false,1.000,hard
isotropic,768,CORRECTED,none,32,1442,33.74,32.71,0.000,1000,893,100,true,false,0.800,hard
isotropic,768,CORRECTED,none,33,1582,36.52,36.13,0.000,996,996,100,true,false,0.900,hard
isotropic,768,CORRECTED,none,34,1455,34.10,34.34,0.000,942,709,100,true,false,1.000,hard
isotropic,768,CORRECTED,none,35,1400,31.98,32.93,0.000,994,544,100,true,false,0.800,easy
isotropic,768,CORRECTED,none,36,1324,32.42,31.27,0.000,952,824,100,true,false,0.900,hard
isotropic,768,CORRECTED,none,37,1428,33.16,34.00,0.000,988,620,100,true,false,0.800,hard
isotropic,768,CORRECTED,none,38,1425,32.79,32.34,0.000,990,521,100,true,false,1.000,medium
isotropic,768,CORRECTED,none,39,1389,32.65,32.47,0.000,982,538,100,true,false,0.900,easy
isotropic,768,CORRECTED,none,40,1351,32.99,32.49,0.000,996,228,100,true,false,1.000,medium
isotropic,768,CORRECTED,none,41,1451,34.00,34.00,0.000,980,964,100,true,false,0.900,hard
isotropic,768,CORRECTED,none,42,1419,33.37,33.77,0.000,970,707,100,true,false,1.000,hard
isotropic,768,CORRECTED,none,43,1437,33.85,34.69,0.000,998,714,100,true,false,0.900,hard
isotropic,768,CORRECTED,none,44,1399,33.14,32.81,0.000,978,551,100,true,false,0.900,medium
isotropic,768,CORRECTED,none,45,1335,32.01,31.30,0.000,982,799,100,true,false,0.800,medium
isotropic,768,CORRECTED,none,46,1312,32.37,34.19,0.000,994,879,100,true,false,1.000,medium
isotropic,768,CORRECTED,none,47,1351,33.23,33.42,0.000,984,582,100,true,false,0.500,medium
isotropic,768,CORRECTED,none,48,1431,34.05,33.88,0.000,992,510,100,true,false,0.900,easy
isotropic,768,CORRECTED,none,49,1422,34.73,34.22,0.000,994,705,100,true,false,0.800,hard
isotropic,768,CORRECTED,none,50,1343,33.91,33.87,0.000,1000,799,100,true,false,0.600,easy
isotropic,768,CORRECTED,none,51,1424,32.77,33.08,0.000,1000,349,100,true,false,0.900,easy
isotropic,768,CORRECTED,none,52,1438,33.45,35.22,0.000,994,737,100,true,false,1.000,hard
isotropic,768,CORRECTED,none,53,1339,32.46,32.39,0.000,1000,799,100,true,false,1.000,hard
isotropic,768,CORRECTED,none,54,1401,33.47,35.10,0.000,1000,423,100,true,false,1.000,medium
isotropic,768,CORRECTED,none,55,1400,33.25,34.01,0.000,966,588,100,true,false,0.900,hard
isotropic,768,CORRECTED,none,56,1408,34.48,35.04,0.000,994,980,100,true,false,1.000,medium
isotropic,768,CORRECTED,none,57,1428,34.63,35.29,0.000,998,949,100,true,false,1.000,medium
isotropic,768,CORRECTED,none,58,1400,34.20,33.75,0.000,998,331,100,true,false,1.000,hard
isotropic,768,CORRECTED,none,59,1458,33.86,34.95,0.000,990,535,100,true,false,0.600,easy
isotropic,768,CORRECTED,none,60,1462,33.65,33.94,0.000,980,589,100,true,false,1.000,easy
isotropic,768,CORRECTED,none,61,1403,33.15,32.55,0.000,1000,928,100,true,false,0.700,hard
isotropic,768,CORRECTED,none,62,1350,33.53,32.98,0.000,998,646,100,true,false,1.000,easy
isotropic,768,CORRECTED,none,63,1426,33.47,33.00,0.000,884,658,100,true,false,1.000,medium
isotropic,768,CORRECTED,none,64,1348,33.88,34.07,0.000,974,484,100,true,false,1.000,medium
isotropic,768,CORRECTED,none,65,1349,32.88,33.95,0.000,940,779,100,true,false,1.000,hard
isotropic,768,CORRECTED,none,66,1337,32.21,31.79,0.000,986,185,100,true,false,1.000,medium
isotropic,768,CORRECTED,none,67,1324,32.88,32.10,0.000,964,830,100,true,false,0.800,medium
isotropic,768,CORRECTED,none,68,1443,33.25,33.61,0.000,996,999,100,true,true,0.900,easy
isotropic,768,CORRECTED,none,69,1408,33.99,33.67,0.000,908,669,100,true,false,1.000,hard
isotropic,768,CORRECTED,none,70,1413,34.55,33.98,0.000,986,414,100,true,false,0.900,hard
isotropic,768,CORRECTED,none,71,1387,33.97,35.43,0.000,1000,253,100,true,false,1.000,easy
isotropic,768,CORRECTED,none,72,1409,33.36,33.98,0.000,992,746,100,true,false,0.900,medium
isotropic,768,CORRECTED,none,73,1409,32.34,31.65,0.000,976,556,100,true,false,0.900,easy
isotropic,768,CORRECTED,none,74,1403,33.74,34.94,0.000,994,838,100,true,false,0.900,medium
isotropic,768,CORRECTED,none,75,1341,32.85,32.76,0.000,998,989,100,true,false,1.000,hard
isotropic,768,CORRECTED,none,76,1396,33.80,33.09,0.000,980,938,100,true,false,0.800,hard
isotropic,768,CORRECTED,none,77,1442,33.44,35.23,0.000,998,288,100,true,false,0.800,easy
isotropic,768,CORRECTED,none,78,1431,32.29,31.96,0.000,982,443,100,true,false,1.000,medium
isotropic,768,CORRECTED,none,79,1549,35.35,34.89,0.000,990,694,100,true,false,1.000,easy
isotropic,768,CORRECTED,bonferroni,0,1467,33.83,35.31,0.000,998,156,100,true,false,1.000,easy
isotropic,768,CORRECTED,bonferroni,1,1374,32.38,31.14,0.000,992,760,100,true,false,1.000,easy
isotropic,768,CORRECTED,bonferroni,2,1458,34.69,34.76,0.000,998,242,100,true,false,0.800,easy
isotropic,768,CORRECTED,bonferroni,3,1421,34.14,35.14,0.000,992,529,100,true,false,0.900,easy
isotropic,768,CORRECTED,bonferroni,4,1427,32.64,32.62,0.000,984,393,100,true,false,0.900,medium
isotropic,768,CORRECTED,bonferroni,5,1422,33.05,34.84,0.000,994,628,100,true,false,1.000,easy
isotropic,768,CORRECTED,bonferroni,6,1412,33.66,33.89,0.000,996,765,100,true,false,0.900,medium
isotropic,768,CORRECTED,bonferroni,7,1434,34.10,34.59,0.000,998,303,100,true,false,0.900,medium
isotropic,768,CORRECTED,bonferroni,8,1430,34.63,35.16,0.000,986,442,100,true,false,0.800,medium
isotropic,768,CORRECTED,bonferroni,9,1346,33.25,34.38,0.000,996,616,100,true,false,0.800,hard
isotropic,768,CORRECTED,bonferroni,10,1420,33.69,33.15,0.000,998,480,100,true,false,0.900,hard
isotropic,768,CORRECTED,bonferroni,11,1414,33.47,33.28,0.000,998,979,100,true,false,0.900,easy
isotropic,768,CORRECTED,bonferroni,12,1341,31.84,32.19,0.000,996,699,100,true,false,1.000,medium
isotropic,768,CORRECTED,bonferroni,13,1491,33.26,32.14,0.000,994,895,100,true,false,0.900,hard
isotropic,768,CORRECTED,bonferroni,14,1452,33.19,32.78,0.000,996,341,100,true,false,1.000,easy
isotropic,768,CORRECTED,bonferroni,15,1388,32.92,33.07,0.000,994,526,100,true,false,1.000,easy
isotropic,768,CORRECTED,bonferroni,16,1479,34.60,33.89,0.000,998,636,100,true,false,0.900,easy
isotropic,768,CORRECTED,bonferroni,17,1314,33.90,34.56,0.000,992,459,100,true,false,1.000,medium
isotropic,768,CORRECTED,bonferroni,18,1399,33.35,32.77,0.000,1000,314,100,true,false,0.700,hard
isotropic,768,CORRECTED,bonferroni,19,1386,33.88,34.10,0.000,996,397,100,true,false,1.000,hard
isotropic,768,CORRECTED,bonferroni,20,1445,33.04,32.53,0.000,998,507,100,true,false,1.000,easy
isotropic,768,CORRECTED,bonferroni,21,1485,35.11,34.60,0.000,998,363,100,true,false,1.000,medium
isotropic,768,CORRECTED,bonferroni,22,1421,34.00,34.71,0.000,998,911,100,true,false,1.000,medium
isotropic,768,CORRECTED,bonferroni,23,1403,33.35,34.62,0.000,984,486,100,true,false,0.800,medium
isotropic,768,CORRECTED,bonferroni,24,1374,33.03,33.29,0.000,990,942,100,true,false,1.000,hard
isotropic,768,CORRECTED,bonferroni,25,1360,32.62,32.65,0.000,996,439,100,true,false,1.000,medium
isotropic,768,CORRECTED,bonferroni,26,1306,31.35,31.01,0.000,986,506,100,true,false,1.000,hard
isotropic,768,CORRECTED,bonferroni,27,1467,34.86,35.79,0.000,1000,999,100,true,false,0.900,easy
isotropic,768,CORRECTED,bonferroni,28,1416,32.07,32.29,0.000,994,661,100,true,false,1.000,medium
isotropic,768,CORRECTED,bonferroni,29,1432,34.00,34.40,0.000,996,620,100,true,false,0.900,easy
isotropic,768,CORRECTED,bonferroni,30,1390,33.47,33.72,0.000,1000,545,100,true,false,0.800,easy
isotropic,768,CORRECTED,bonferroni,31,1433,34.05,35.00,0.000,980,807,100,true,false,1.000,hard
isotropic,768,CORRECTED,bonferroni,32,1442,33.74,32.71,0.000,1000,893,100,true,false,0.800,hard
isotropic,768,CORRECTED,bonferroni,33,1582,36.52,36.13,0.000,996,996,100,true,false,0.900,hard
isotropic,768,CORRECTED,bonferroni,34,1455,34.10,34.34,0.000,994,709,100,true,false,1.000,hard
isotropic,768,CORRECTED,bonferroni,35,1400,31.98,32.93,0.000,996,544,100,true,false,0.800,easy
isotropic,768,CORRECTED,bonferroni,36,1324,32.42,31.27,0.000,994,824,100,true,false,0.900,hard
isotropic,768,CORRECTED,bonferroni,37,1428,33.16,34.00,0.000,992,620,100,true,false,0.800,hard
isotropic,768,CORRECTED,bonferroni,38,1425,32.79,32.34,0.000,994,521,100,true,false,1.000,medium
isotropic,768,CORRECTED,bonferroni,39,1389,32.65,32.47,0.000,994,538,100,true,false,0.900,easy
isotropic,768,CORRECTED,bonferroni,40,1351,32.99,32.49,0.000,996,228,100,true,false,1.000,medium
isotropic,768,CORRECTED,bonferroni,41,1451,34.00,34.00,0.000,992,964,100,true,false,0.900,hard
isotropic,768,CORRECTED,bonferroni,42,1419,33.37,33.77,0.000,986,707,100,true,false,1.000,hard
isotropic,768,CORRECTED,bonferroni,43,1437,33.85,34.69,0.000,998,714,100,true,false,0.900,hard
isotropic,768,CORRECTED,bonferroni,44,1399,33.14,32.81,0.000,996,551,100,true,false,0.900,medium
isotropic,768,CORRECTED,bonferroni,45,1335,32.01,31.30,0.000,996,799,100,true,false,0.800,medium
isotropic,768,CORRECTED,bonferroni,46,1312,32.37,34.19,0.000,996,879,100,true,false,1.000,medium
isotropic,768,CORRECTED,bonferroni,47,1351,33.23,33.42,0.000,996,582,100,true,false,0.500,medium
isotropic,768,CORRECTED,bonferroni,48,1431,34.05,33.88,0.000,998,510,100,true,false,0.900,easy
isotropic,768,CORRECTED,bonferroni,49,1422,34.73,34.22,0.000,996,705,100,true,false,0.800,hard
isotropic,768,CORRECTED,bonferroni,50,1343,33.91,33.87,0.000,1000,799,100,true,false,0.600,easy
isotropic,768,CORRECTED,bonferroni,51,1424,32.77,33.08,0.000,1000,349,100,true,false,0.900,easy
isotropic,768,CORRECTED,bonferroni,52,1438,33.45,35.22,0.000,994,737,100,true,false,1.000,hard
isotropic,768,CORRECTED,bonferroni,53,1339,32.46,32.39,0.000,1000,799,100,true,false,1.000,hard
isotropic,768,CORRECTED,bonferroni,54,1401,33.47,35.10,0.000,1000,423,100,true,false,1.000,medium
isotropic,768,CORRECTED,bonferroni,55,1400,33.25,34.01,0.000,990,588,100,true,false,0.900,hard
isotropic,768,CORRECTED,bonferroni,56,1408,34.48,35.04,0.000,998,980,100,true,false,1.000,medium
isotropic,768,CORRECTED,bonferroni,57,1428,34.63,35.29,0.000,998,949,100,true,false,1.000,medium
isotropic,768,CORRECTED,bonferroni,58,1400,34.20,33.75,0.000,998,331,100,true,false,1.000,hard
isotropic,768,CORRECTED,bonferroni,59,1458,33.86,34.95,0.000,998,535,100,true,false,0.600,easy
isotropic,768,CORRECTED,bonferroni,60,1462,33.65,33.94,0.000,990,589,100,true,false,1.000,easy
isotropic,768,CORRECTED,bonferroni,61,1403,33.15,32.55,0.000,1000,928,100,true,false,0.700,hard
isotropic,768,CORRECTED,bonferroni,62,1350,33.53,32.98,0.000,998,646,100,true,false,1.000,easy
isotropic,768,CORRECTED,bonferroni,63,1426,33.47,33.00,0.000,996,658,100,true,false,1.000,medium
isotropic,768,CORRECTED,bonferroni,64,1348,33.88,34.07,0.000,994,484,100,true,false,1.000,medium
isotropic,768,CORRECTED,bonferroni,65,1349,32.88,33.95,0.000,994,779,100,true,false,1.000,hard
isotropic,768,CORRECTED,bonferroni,66,1337,32.21,31.79,0.000,994,185,100,true,false,1.000,medium
isotropic,768,CORRECTED,bonferroni,67,1324,32.88,32.10,0.000,998,830,100,true,false,0.800,medium
isotropic,768,CORRECTED,bonferroni,68,1443,33.25,33.61,0.000,1000,999,100,true,false,1.000,easy
isotropic,768,CORRECTED,bonferroni,69,1408,33.99,33.67,0.000,988,669,100,true,false,1.000,hard
isotropic,768,CORRECTED,bonferroni,70,1413,34.55,33.98,0.000,994,414,100,true,false,0.900,hard
isotropic,768,CORRECTED,bonferroni,71,1387,33.97,35.43,0.000,1000,253,100,true,false,1.000,easy
isotropic,768,CORRECTED,bonferroni,72,1409,33.36,33.98,0.000,994,746,100,true,false,0.900,medium
isotropic,768,CORRECTED,bonferroni,73,1409,32.34,31.65,0.000,996,556,100,true,false,0.900,easy
isotropic,768,CORRECTED,bonferroni,74,1403,33.74,34.94,0.000,994,838,100,true,false,0.900,medium
isotropic,768,CORRECTED,bonferroni,75,1341,32.85,32.76,0.000,998,989,100,true,false,1.000,hard
isotropic,768,CORRECTED,bonferroni,76,1396,33.80,33.09,0.000,994,938,100,true,false,0.800,hard
isotropic,768,CORRECTED,bonferroni,77,1442,33.44,35.23,0.000,998,288,100,true,false,0.800,easy
isotropic,768,CORRECTED,bonferroni,78,1431,32.29,31.96,0.000,996,443,100,true,false,1.000,medium
isotropic,768,CORRECTED,bonferroni,79,1549,35.35,34.89,0.000,996,694,100,true,false,1.000,easy
clustered,128,ADC,none,0,8169,1021,719.9,0.000,1000,802,10,true,false,0.000,easy
clustered,128,ADC,none,1,9219,1021,678.0,0.000,1000,935,100,true,false,0.400,hard
clustered,128,ADC,none,2,9117,1021,1391,0.000,1000,842,100,true,false,1.000,medium
clustered,128,ADC,none,3,9021,1021,2123,0.000,50,870,10,true,true,0.100,medium
clustered,128,ADC,none,4,9471,1021,799.1,0.000,1000,958,100,true,false,0.900,medium
clustered,128,ADC,none,5,9443,1021,1341,0.000,1000,949,100,true,false,1.000,medium
clustered,128,ADC,none,6,8408,1021,637.7,0.000,1000,979,10,true,false,0.000,easy
clustered,128,ADC,none,7,8296,1021,1243,0.000,1000,860,100,true,false,0.300,medium
clustered,128,ADC,none,8,1.077e+04,1021,1764,0.000,1000,948,100,true,false,0.700,medium
clustered,128,ADC,none,9,9169,1021,1689,0.000,326,865,100,true,true,0.200,medium
clustered,128,ADC,none,10,9094,1021,1151,0.000,1000,877,100,true,false,0.600,easy
clustered,128,ADC,none,11,8748,1021,1240,0.000,1000,764,100,true,false,1.000,medium
clustered,128,ADC,none,12,9170,1021,1384,0.000,1000,833,100,true,false,1.000,medium
clustered,128,ADC,none,13,1.018e+04,1021,1861,0.000,52,218,100,true,true,0.700,medium
clustered,128,ADC,none,14,8263,1021,967.8,0.000,1000,942,10,true,false,0.000,hard
clustered,128,ADC,none,15,8106,1021,924.4,0.000,1000,351,10,true,false,0.000,medium
clustered,128,ADC,none,16,9491,1021,775.1,0.000,1000,964,100,true,false,0.600,easy
clustered,128,ADC,none,17,8631,1021,1252,0.000,1000,992,100,true,false,0.100,hard
clustered,128,ADC,none,18,9002,1021,1786,0.000,1000,840,10,true,false,0.000,easy
clustered,128,ADC,none,19,8568,1021,1660,0.000,300,705,100,true,true,0.400,easy
clustered,128,ADC,none,20,9230,1021,1436,0.000,1000,688,100,true,false,0.900,hard
clustered,128,ADC,none,21,9814,1021,1660,0.000,1000,346,100,true,false,1.000,medium
clustered,128,ADC,none,22,9325,1021,1753,0.000,1000,952,100,true,false,0.100,hard
clustered,128,ADC,none,23,9448,1021,1296,0.000,1000,913,100,true,false,0.600,hard
clustered,128,ADC,none,24,1.054e+04,1021,2143,0.000,66,956,10,true,true,0.000,easy
clustered,128,ADC,none,25,9923,1021,2401,0.000,10,218,10,true,true,0.100,medium
clustered,128,ADC,none,26,1.077e+04,1021,1731,0.000,1000,976,100,true,false,0.800,hard
clustered,128,ADC,none,27,9843,1021,1186,0.000,1000,935,100,true,false,0.600,hard
clustered,128,ADC,none,28,9210,1021,1882,0.000,1000,941,100,true,false,0.100,easy
clustered,128,ADC,none,29,9582,1021,1610,0.000,1000,353,100,true,false,1.000,hard
clustered,128,ADC,none,30,9467,1021,1647,0.000,1000,969,10,true,false,0.000,easy
clustered,128,ADC,none,31,9786,1021,1397,0.000,1000,833,100,true,false,0.300,easy
clustered,128,ADC,none,32,1.080e+04,1021,2009,0.000,50,749,50,true,true,0.100,hard
clustered,128,ADC,none,33,8238,1021,1221,0.000,1000,820,100,true,false,0.400,medium
clustered,128,ADC,none,34,1.040e+04,1021,2081,0.000,310,983,100,true,true,0.200,easy
clustered,128,ADC,none,35,8793,1021,1069,0.000,1000,985,100,true,false,0.700,hard
clustered,128,ADC,none,36,9787,1021,1882,0.000,64,221,100,true,true,0.700,medium
clustered,128,ADC,none,37,9861,1021,2288,0.000,10,296,10,true,true,0.000,medium
clustered,128,ADC,none,38,1.029e+04,1021,2279,0.000,202,991,100,true,true,0.200,easy
clustered,128,ADC,none,39,9212,1021,1973,0.000,72,561,100,true,true,0.300,easy
clustered,128,ADC,none,40,1.067e+04,1021,2269,0.000,166,999,10,true,true,0.000,easy
clustered,128,ADC,none,41,9304,1021,1215,0.000,1000,915,100,true,false,0.500,medium
clustered,128,ADC,none,42,9230,1021,947.1,0.000,1000,928,100,true,false,0.700,easy
clustered,128,ADC,none,43,8848,1021,1294,0.000,1000,373,100,true,false,0.500,medium
clustered,128,ADC,none,44,9074,1021,1420,0.000,1000,686,100,true,false,0.900,medium
clustered,128,ADC,none,45,9995,1021,1676,0.000,1000,148,100,true,false,1.000,easy
clustered,128,ADC,none,46,9560,1021,1755,0.000,1000,464,100,true,false,1.000,medium
clustered,128,ADC,none,47,8563,1021,1228,0.000,1000,573,100,true,false,0.500,hard
clustered,128,ADC,none,48,8708,1021,1292,0.000,1000,898,100,true,false,1.000,hard
clustered,128,ADC,none,49,8494,1021,1368,0.000,1000,975,100,true,false,0.200,easy
clustered,128,ADC,none,50,9603,1021,1589,0.000,148,954,100,true,true,0.100,easy
clustered,128,ADC,none,51,1.064e+04,1021,1515,0.000,770,983,100,true,true,0.100,easy
clustered,128,ADC,none,52,1.099e+04,1021,1775,0.000,1000,887,100,true,false,0.900,hard
clustered,128,ADC,none,53,9252,1021,2048,0.000,254,632,100,true,true,0.600,medium
clustered,128,ADC,none,54,9318,1021,1019,0.000,1000,738,100,true,false,0.400,hard
clustered,128,ADC,none,55,9873,1021,838.6,0.000,1000,963,100,true,false,0.300,easy
clustered,128,ADC,none,56,9449,1021,2106,0.000,52,665,50,true,true,0.300,hard
clustered,128,ADC,none,57,8184,1021,1270,0.000,1000,999,100,true,false,1.000,easy
clustered,128,ADC,none,58,9094,1021,852.4,0.000,1000,910,10,true,false,0.000,medium
clustered,128,ADC,none,59,9561,1021,2394,0.000,10,195,10,true,true,0.000,medium
clustered,128,ADC,none,60,8886,1021,1208,0.000,1000,876,100,true,false,0.200,medium
clustered,128,ADC,none,61,9415,1021,1262,0.000,1000,939,100,true,false,0.800,hard
clustered,128,ADC,none,62,9960,1021,744.5,0.000,1000,957,100,true,false,0.100,medium
clustered,128,ADC,none,63,8513,1021,1501,0.000,1000,960,100,true,false,0.800,hard
clustered,128,ADC,none,64,1.043e+04,1021,1471,0.000,1000,427,100,true,false,1.000,easy
clustered,128,ADC,none,65,9618,1021,1112,0.000,1000,953,100,true,false,0.700,medium
clustered,128,ADC,none,66,9758,1021,2466,0.000,10,282,10,true,true,0.000,hard
clustered,128,ADC,none,67,8585,1021,1345,0.000,1000,551,100,true,false,0.700,easy
clustered,128,ADC,none,68,1.022e+04,1021,2361,0.000,10,248,10,true,true,0.000,hard
clustered,128,ADC,none,69,9790,1021,2421,0.000,10,318,10,true,true,0.100,hard
clustered,128,ADC,none,70,1.012e+04,1021,2339,0.000,10,269,10,true,true,0.100,hard
clustered,128,ADC,none,71,8322,1021,603.6,0.000,1000,993,10,true,false,0.000,easy
clustered,128,ADC,none,72,1.003e+04,1021,850.7,0.000,1000,992,100,true,false,0.100,easy
clustered,128,ADC,none,73,8312,1021,595.3,0.000,1000,974,10,true,false,0.000,hard
clustered,128,ADC,none,74,9603,1021,1487,0.000,1000,690,100,true,false,0.300,easy
clustered,128,ADC,none,75,9591,1021,1132,0.000,1000,926,100,true,false,0.500,hard
clustered,128,ADC,none,76,8892,1021,1121,0.000,1000,796,100,true,false,0.500,hard
clustered,128,ADC,none,77,8307,1021,1563,0.000,1000,766,100,true,false,0.800,hard
clustered,128,ADC,none,78,9651,1021,867.6,0.000,1000,930,100,true,false,0.400,medium
clustered,128,ADC,none,79,9118,1021,1261,0.000,1000,972,100,true,false,1.000,hard
clustered,128,ADC,bonferroni,0,8169,1021,719.9,0.000,1000,802,10,true,false,0.000,easy
clustered,128,ADC,bonferroni,1,9219,1021,678.0,0.000,1000,935,100,true,false,0.400,hard
clustered,128,ADC,bonferroni,2,9117,1021,1391,0.000,1000,842,100,true,false,1.000,medium
clustered,128,ADC,bonferroni,3,9021,1021,2123,0.000,992,870,100,true,false,1.000,medium
clustered,128,ADC,bonferroni,4,9471,1021,799.1,0.000,1000,958,100,true,false,0.900,medium
clustered,128,ADC,bonferroni,5,9443,1021,1341,0.000,1000,949,100,true,false,1.000,medium
clustered,128,ADC,bonferroni,6,8408,1021,637.7,0.000,1000,979,10,true,false,0.000,easy
clustered,128,ADC,bonferroni,7,8296,1021,1243,0.000,1000,860,100,true,false,0.300,medium
clustered,128,ADC,bonferroni,8,1.077e+04,1021,1764,0.000,1000,948,100,true,false,0.700,medium
clustered,128,ADC,bonferroni,9,9169,1021,1689,0.000,996,865,100,true,false,1.000,medium
clustered,128,ADC,bonferroni,10,9094,1021,1151,0.000,1000,877,100,true,false,0.600,easy
clustered,128,ADC,bonferroni,11,8748,1021,1240,0.000,1000,764,100,true,false,1.000,medium
clustered,128,ADC,bonferroni,12,9170,1021,1384,0.000,1000,833,100,true,false,1.000,medium
clustered,128,ADC,bonferroni,13,1.018e+04,1021,1861,0.000,1000,218,100,true,false,1.000,medium
clustered,128,ADC,bonferroni,14,8263,1021,967.8,0.000,1000,942,10,true,false,0.000,hard
clustered,128,ADC,bonferroni,15,8106,1021,924.4,0.000,1000,351,10,true,false,0.000,medium
clustered,128,ADC,bonferroni,16,9491,1021,775.1,0.000,1000,964,100,true,false,0.600,easy
clustered,128,ADC,bonferroni,17,8631,1021,1252,0.000,1000,992,100,true,false,0.100,hard
clustered,128,ADC,bonferroni,18,9002,1021,1786,0.000,1000,840,10,true,false,0.000,easy
clustered,128,ADC,bonferroni,19,8568,1021,1660,0.000,1000,705,100,true,false,0.800,easy
clustered,128,ADC,bonferroni,20,9230,1021,1436,0.000,1000,688,100,true,false,0.900,hard
clustered,128,ADC,bonferroni,21,9814,1021,1660,0.000,1000,346,100,true,false,1.000,medium
clustered,128,ADC,bonferroni,22,9325,1021,1753,0.000,1000,952,100,true,false,0.100,hard
clustered,128,ADC,bonferroni,23,9448,1021,1296,0.000,1000,913,100,true,false,0.600,hard
clustered,128,ADC,bonferroni,24,1.054e+04,1021,2143,0.000,990,956,100,true,false,0.500,easy
clustered,128,ADC,bonferroni,25,9923,1021,2401,0.000,982,218,100,true,false,1.000,medium
clustered,128,ADC,bonferroni,26,1.077e+04,1021,1731,0.000,1000,976,100,true,false,0.800,hard
clustered,128,ADC,bonferroni,27,9843,1021,1186,0.000,1000,935,100,true,false,0.600,hard
clustered,128,ADC,bonferroni,28,9210,1021,1882,0.000,1000,941,100,true,false,0.100,easy
clustered,128,ADC,bonferroni,29,9582,1021,1610,0.000,1000,353,100,true,false,1.000,hard
clustered,128,ADC,bonferroni,30,9467,1021,1647,0.000,1000,969,10,true,false,0.000,easy
clustered,128,ADC,bonferroni,31,9786,1021,1397,0.000,1000,833,100,true,false,0.300,easy
clustered,128,ADC,bonferroni,32,1.080e+04,1021,2009,0.000,998,749,100,true,false,1.000,hard
clustered,128,ADC,bonferroni,33,8238,1021,1221,0.000,1000,820,100,true,false,0.400,medium
clustered,128,ADC,bonferroni,34,1.040e+04,1021,2081,0.000,992,983,100,true,false,0.600,easy
clustered,128,ADC,bonferroni,35,8793,1021,1069,0.000,1000,985,100,true,false,0.700,hard
clustered,128,ADC,bonferroni,36,9787,1021,1882,0.000,1000,221,100,true,false,1.000,medium
clustered,128,ADC,bonferroni,37,9861,1021,2288,0.000,994,296,100,true,false,1.000,medium
clustered,128,ADC,bonferroni,38,1.029e+04,1021,2279,0.000,978,991,100,true,true,0.800,easy
clustered,128,ADC,bonferroni,39,9212,1021,1973,0.000,1000,561,100,true,false,1.000,easy
clustered,128,ADC,bonferroni,40,1.067e+04,1021,2269,0.000,984,999,100,true,true,0.500,easy
clustered,128,ADC,bonferroni,41,9304,1021,1215,0.000,1000,915,100,true,false,0.500,medium
clustered,128,ADC,bonferroni,42,9230,1021,947.1,0.000,1000,928,100,true,false,0.700,easy
clustered,128,ADC,bonferroni,43,8848,1021,1294,0.000,1000,373,100,true,false,0.500,medium
clustered,128,ADC,bonferroni,44,9074,1021,1420,0.000,1000,686,100,true,false,0.900,medium
clustered,128,ADC,bonferroni,45,9995,1021,1676,0.000,1000,148,100,true,false,1.000,easy
clustered,128,ADC,bonferroni,46,9560,1021,1755,0.000,1000,464,100,true,false,1.000,medium
clustered,128,ADC,bonferroni,47,8563,1021,1228,0.000,1000,573,100,true,false,0.500,hard
clustered,128,ADC,bonferroni,48,8708,1021,1292,0.000,1000,898,100,true,false,1.000,hard
clustered,128,ADC,bonferroni,49,8494,1021,1368,0.000,1000,975,100,true,false,0.200,easy
clustered,128,ADC,bonferroni,50,9603,1021,1589,0.000,998,954,100,true,false,0.800,easy
clustered,128,ADC,bonferroni,51,1.064e+04,1021,1515,0.000,1000,983,100,true,false,0.300,easy
clustered,128,ADC,bonferroni,52,1.099e+04,1021,1775,0.000,1000,887,100,true,false,0.900,hard
clustered,128,ADC,bonferroni,53,9252,1021,2048,0.000,1000,632,100,true,false,1.000,medium
clustered,128,ADC,bonferroni,54,9318,1021,1019,0.000,1000,738,100,true,false,0.400,hard
clustered,128,ADC,bonferroni,55,9873,1021,838.6,0.000,1000,963,100,true,false,0.300,easy
clustered,128,ADC,bonferroni,56,9449,1021,2106,0.000,1000,665,100,true,false,1.000,hard
clustered,128,ADC,bonferroni,57,8184,1021,1270,0.000,1000,999,100,true,false,1.000,easy
clustered,128,ADC,bonferroni,58,9094,1021,852.4,0.000,1000,910,10,true,false,0.000,medium
clustered,128,ADC,bonferroni,59,9561,1021,2394,0.000,990,195,100,true,false,1.000,medium
clustered,128,ADC,bonferroni,60,8886,1021,1208,0.000,1000,876,100,true,false,0.200,medium
clustered,128,ADC,bonferroni,61,9415,1021,1262,0.000,1000,939,100,true,false,0.800,hard
clustered,128,ADC,bonferroni,62,9960,1021,744.5,0.000,1000,957,100,true,false,0.100,medium
clustered,128,ADC,bonferroni,63,8513,1021,1501,0.000,1000,960,100,true,false,0.800,hard
clustered,128,ADC,bonferroni,64,1.043e+04,1021,1471,0.000,1000,427,100,true,false,1.000,easy
clustered,128,ADC,bonferroni,65,9618,1021,1112,0.000,1000,953,100,true,false,0.700,medium
clustered,128,ADC,bonferroni,66,9758,1021,2466,0.000,990,282,100,true,false,1.000,hard
clustered,128,ADC,bonferroni,67,8585,1021,1345,0.000,1000,551,100,true,false,0.700,easy
clustered,128,ADC,bonferroni,68,1.022e+04,1021,2361,0.000,984,248,100,true,false,1.000,hard
clustered,128,ADC,bonferroni,69,9790,1021,2421,0.000,988,318,100,true,false,1.000,hard
clustered,128,ADC,bonferroni,70,1.012e+04,1021,2339,0.000,980,269,100,true,false,1.000,hard
clustered,128,ADC,bonferroni,71,8322,1021,603.6,0.000,1000,993,10,true,false,0.000,easy
clustered,128,ADC,bonferroni,72,1.003e+04,1021,850.7,0.000,1000,992,100,true,false,0.100,easy
clustered,128,ADC,bonferroni,73,8312,1021,595.3,0.000,1000,974,10,true,false,0.000,hard
clustered,128,ADC,bonferroni,74,9603,1021,1487,0.000,1000,690,100,true,false,0.300,easy
clustered,128,ADC,bonferroni,75,9591,1021,1132,0.000,1000,926,100,true,false,0.500,hard
clustered,128,ADC,bonferroni,76,8892,1021,1121,0.000,1000,796,100,true,false,0.500,hard
clustered,128,ADC,bonferroni,77,8307,1021,1563,0.000,1000,766,100,true,false,0.800,hard
clustered,128,ADC,bonferroni,78,9651,1021,867.6,0.000,1000,930,100,true,false,0.400,medium
clustered,128,ADC,bonferroni,79,9118,1021,1261,0.000,1000,972,100,true,false,1.000,hard
clustered,128,HAMMING,none,0,8203,1052,1100,0.000,1000,802,10,true,false,0.000,easy
clustered,128,HAMMING,none,1,7838,1052,677.6,0.000,1000,935,100,true,false,0.400,hard
clustered,128,HAMMING,none,2,8020,1052,957.2,0.000,1000,842,100,true,false,1.000,medium
clustered,128,HAMMING,none,3,7838,1052,1542,0.000,998,870,100,true,false,1.000,medium
clustered,128,HAMMING,none,4,8294,1052,719.5,0.000,1000,958,100,true,false,0.900,medium
clustered,128,HAMMING,none,5,7929,1052,729.3,0.000,1000,949,100,true,false,1.000,medium
clustered,128,HAMMING,none,6,7838,1052,843.3,0.000,1000,979,10,true,false,0.000,easy
clustered,128,HAMMING,none,7,8112,1052,1489,0.000,1000,860,100,true,false,0.300,medium
clustered,128,HAMMING,none,8,8020,1052,774.7,0.000,1000,948,100,true,false,0.700,medium
clustered,128,HAMMING,none,9,7656,1052,1049,0.000,1000,865,100,true,false,1.000,medium
clustered,128,HAMMING,none,10,8659,1052,894.5,0.000,1000,877,100,true,false,0.600,easy
clustered,128,HAMMING,none,11,8385,1052,1097,0.000,1000,764,100,true,false,1.000,medium
clustered,128,HAMMING,none,12,7929,1052,913.2,0.000,1000,833,100,true,false,1.000,medium
clustered,128,HAMMING,none,13,7656,1052,435.2,0.000,1000,218,100,true,false,1.000,medium
clustered,128,HAMMING,none,14,8112,1052,1282,0.000,1000,942,10,true,false,0.000,hard
clustered,128,HAMMING,none,15,7564,1052,1148,0.000,1000,351,10,true,false,0.000,medium
clustered,128,HAMMING,none,16,8112,1052,731.5,0.000,1000,964,100,true,false,0.600,easy
clustered,128,HAMMING,none,17,8659,1052,1334,0.000,1000,992,100,true,false,0.100,hard
clustered,128,HAMMING,none,18,8294,1052,1622,0.000,1000,840,10,true,false,0.000,easy
clustered,128,HAMMING,none,19,8203,1052,1548,0.000,998,705,100,true,false,0.800,easy
clustered,128,HAMMING,none,20,8659,1052,1035,0.000,1000,688,100,true,false,0.900,hard
clustered,128,HAMMING,none,21,8203,1052,499.4,0.000,1000,346,100,true,false,1.000,medium
clustered,128,HAMMING,none,22,8659,1052,1293,0.000,1000,952,100,true,false,0.100,hard
clustered,128,HAMMING,none,23,7929,1052,481.0,0.000,1000,913,100,true,false,0.600,hard
clustered,128,HAMMING,none,24,7929,1052,615.0,0.000,1000,956,100,true,false,0.500,easy
clustered,128,HAMMING,none,25,8112,1052,1284,0.000,1000,218,100,true,false,1.000,medium
clustered,128,HAMMING,none,26,8203,1052,701.1,0.000,1000,976,100,true,false,0.800,hard
clustered,128,HAMMING,none,27,8203,1052,407.4,0.000,1000,935,100,true,false,0.600,hard
clustered,128,HAMMING,none,28,8294,1052,1458,0.000,1000,941,100,true,false,0.100,easy
clustered,128,HAMMING,none,29,8203,1052,771.8,0.000,1000,353,100,true,false,1.000,hard
clustered,128,HAMMING,none,30,8203,1052,997.8,0.000,1000,969,10,true,false,0.000,easy
clustered,128,HAMMING,none,31,8294,1052,655.1,0.000,1000,833,100,true,false,0.300,easy
clustered,128,HAMMING,none,32,8203,1052,814.4,0.000,1000,749,100,true,false,1.000,hard
clustered,128,HAMMING,none,33,7838,1052,1421,0.000,1000,820,100,true,false,0.400,medium
clustered,128,HAMMING,none,34,7838,1052,580.7,0.000,1000,983,100,true,false,0.600,easy
clustered,128,HAMMING,none,35,8659,1052,1006,0.000,1000,985,100,true,false,0.700,hard
clustered,128,HAMMING,none,36,7838,1052,561.4,0.000,1000,221,100,true,false,1.000,medium
clustered,128,HAMMING,none,37,8385,1052,1278,0.000,1000,296,100,true,false,1.000,medium
clustered,128,HAMMING,none,38,7747,1052,762.9,0.000,1000,991,100,true,false,0.900,easy
clustered,128,HAMMING,none,39,8020,1052,1367,0.000,1000,561,100,true,false,1.000,easy
clustered,128,HAMMING,none,40,7656,1052,692.4,0.000,1000,999,100,true,false,0.500,easy
clustered,128,HAMMING,none,41,7929,1052,818.6,0.000,1000,915,100,true,false,0.500,medium
clustered,128,HAMMING,none,42,8294,1052,642.7,0.000,1000,928,100,true,false,0.700,easy
clustered,128,HAMMING,none,43,8294,1052,1102,0.000,1000,373,100,true,false,0.500,medium
clustered,128,HAMMING,none,44,8020,1052,1023,0.000,1000,686,100,true,false,0.900,medium
clustered,128,HAMMING,none,45,7564,1052,443.9,0.000,1000,148,100,true,false,1.000,easy
clustered,128,HAMMING,none,46,7382,1052,702.6,0.000,1000,464,100,true,false,1.000,medium
clustered,128,HAMMING,none,47,8020,1052,1143,0.000,1000,573,100,true,false,0.500,hard
clustered,128,HAMMING,none,48,7656,1052,1074,0.000,1000,898,100,true,false,1.000,hard
clustered,128,HAMMING,none,49,7656,1052,1314,0.000,1000,975,100,true,false,0.200,easy
clustered,128,HAMMING,none,50,8476,1052,926.7,0.000,1000,954,100,true,false,0.800,easy
clustered,128,HAMMING,none,51,8020,1052,998.6,0.000,1000,983,100,true,false,0.300,easy
clustered,128,HAMMING,none,52,8020,1052,855.3,0.000,1000,887,100,true,false,0.900,hard
clustered,128,HAMMING,none,53,7747,1052,1307,0.000,1000,632,100,true,false,1.000,medium
clustered,128,HAMMING,none,54,8020,1052,624.8,0.000,1000,738,100,true,false,0.400,hard
clustered,128,HAMMING,none,55,7838,1052,945.7,0.000,1000,963,100,true,false,0.300,easy
clustered,128,HAMMING,none,56,7929,1052,1097,0.000,1000,665,100,true,false,1.000,hard
clustered,128,HAMMING,none,57,8112,1052,1646,0.000,1000,999,100,true,false,1.000,easy
clustered,128,HAMMING,none,58,8932,1052,655.8,0.000,1000,910,10,true,false,0.000,medium
clustered,128,HAMMING,none,59,8385,1052,1522,0.000,1000,195,100,true,false,1.000,medium
clustered,128,HAMMING,none,60,7747,1052,861.2,0.000,1000,876,100,true,false,0.200,medium
clustered,128,HAMMING,none,61,7564,1052,815.9,0.000,1000,939,100,true,false,0.800,hard
clustered,128,HAMMING,none,62,7382,1052,1136,0.000,1000,957,100,true,false,0.100,medium
clustered,128,HAMMING,none,63,8020,1052,1602,0.000,998,960,100,true,false,0.800,hard
clustered,128,HAMMING,none,64,7656,1052,1041,0.000,1000,427,100,true,false,1.000,easy
clustered,128,HAMMING,none,65,7656,1052,917.7,0.000,1000,953,100,true,false,0.700,medium
clustered,128,HAMMING,none,66,8294,1052,1580,0.000,1000,282,100,true,false,1.000,hard
clustered,128,HAMMING,none,67,8385,1052,1394,0.000,1000,551,100,true,false,0.700,easy
clustered,128,HAMMING,none,68,8659,1052,1269,0.000,1000,248,100,true,false,1.000,hard
clustered,128,HAMMING,none,69,8385,1052,1459,0.000,1000,318,100,true,false,1.000,hard
clustered,128,HAMMING,none,70,8294,1052,1125,0.000,1000,269,100,true,false,1.000,hard
clustered,128,HAMMING,none,71,8385,1052,809.9,0.000,1000,993,10,true,false,0.000,easy
clustered,128,HAMMING,none,72,7838,1052,1135,0.000,1000,992,100,true,false,0.100,easy
clustered,128,HAMMING,none,73,8112,1052,882.0,0.000,1000,974,10,true,false,0.000,hard
clustered,128,HAMMING,none,74,8020,1052,658.4,0.000,1000,690,100,true,false,0.300,easy
clustered,128,HAMMING,none,75,7838,1052,663.3,0.000,1000,926,100,true,false,0.500,hard
clustered,128,HAMMING,none,76,8203,1052,1181,0.000,1000,796,100,true,false,0.500,hard
clustered,128,HAMMING,none,77,8203,1052,1804,0.000,998,766,100,true,false,0.800,hard
clustered,128,HAMMING,none,78,7564,1052,735.9,0.000,1000,930,100,true,false,0.400,medium
clustered,128,HAMMING,none,79,8020,1052,894.6,0.000,1000,972,100,true,false,1.000,hard
clustered,128,HAMMING,bonferroni,0,8203,1052,1100,0.000,1000,802,10,true,false,0.000,easy
clustered,128,HAMMING,bonferroni,1,7838,1052,677.6,0.000,1000,935,100,true,false,0.400,hard
clustered,128,HAMMING,bonferroni,2,8020,1052,957.2,0.000,1000,842,100,true,false,1.000,medium
clustered,128,HAMMING,bonferroni,3,7838,1052,1542,0.000,1000,870,100,true,false,1.000,medium
clustered,128,HAMMING,bonferroni,4,8294,1052,719.5,0.000,1000,958,100,true,false,0.900,medium
clustered,128,HAMMING,bonferroni,5,7929,1052,729.3,0.000,1000,949,100,true,false,1.000,medium
clustered,128,HAMMING,bonferroni,6,7838,1052,843.3,0.000,1000,979,10,true,false,0.000,easy
clustered,128,HAMMING,bonferroni,7,8112,1052,1489,0.000,1000,860,100,true,false,0.300,medium
clustered,128,HAMMING,bonferroni,8,8020,1052,774.7,0.000,1000,948,100,true,false,0.700,medium
clustered,128,HAMMING,bonferroni,9,7656,1052,1049,0.000,1000,865,100,true,false,1.000,medium
clustered,128,HAMMING,bonferroni,10,8659,1052,894.5,0.000,1000,877,100,true,false,0.600,easy
clustered,128,HAMMING,bonferroni,11,8385,1052,1097,0.000,1000,764,100,true,false,1.000,medium
clustered,128,HAMMING,bonferroni,12,7929,1052,913.2,0.000,1000,833,100,true,false,1.000,medium
clustered,128,HAMMING,bonferroni,13,7656,1052,435.2,0.000,1000,218,100,true,false,1.000,medium
clustered,128,HAMMING,bonferroni,14,8112,1052,1282,0.000,1000,942,10,true,false,0.000,hard
clustered,128,HAMMING,bonferroni,15,7564,1052,1148,0.000,1000,351,10,true,false,0.000,medium
clustered,128,HAMMING,bonferroni,16,8112,1052,731.5,0.000,1000,964,100,true,false,0.600,easy
clustered,128,HAMMING,bonferroni,17,8659,1052,1334,0.000,1000,992,100,true,false,0.100,hard
clustered,128,HAMMING,bonferroni,18,8294,1052,1622,0.000,1000,840,10,true,false,0.000,easy
clustered,128,HAMMING,bonferroni,19,8203,1052,1548,0.000,1000,705,100,true,false,0.800,easy
clustered,128,HAMMING,bonferroni,20,8659,1052,1035,0.000,1000,688,100,true,false,0.900,hard
clustered,128,HAMMING,bonferroni,21,8203,1052,499.4,0.000,1000,346,100,true,false,1.000,medium
clustered,128,HAMMING,bonferroni,22,8659,1052,1293,0.000,1000,952,100,true,false,0.100,hard
clustered,128,HAMMING,bonferroni,23,7929,1052,481.0,0.000,1000,913,100,true,false,0.600,hard
clustered,128,HAMMING,bonferroni,24,7929,1052,615.0,0.000,1000,956,100,true,false,0.500,easy
clustered,128,HAMMING,bonferroni,25,8112,1052,1284,0.000,1000,218,100,true,false,1.000,medium
clustered,128,HAMMING,bonferroni,26,8203,1052,701.1,0.000,1000,976,100,true,false,0.800,hard
clustered,128,HAMMING,bonferroni,27,8203,1052,407.4,0.000,1000,935,100,true,false,0.600,hard
clustered,128,HAMMING,bonferroni,28,8294,1052,1458,0.000,1000,941,100,true,false,0.100,easy
clustered,128,HAMMING,bonferroni,29,8203,1052,771.8,0.000,1000,353,100,true,false,1.000,hard
clustered,128,HAMMING,bonferroni,30,8203,1052,997.8,0.000,1000,969,10,true,false,0.000,easy
clustered,128,HAMMING,bonferroni,31,8294,1052,655.1,0.000,1000,833,100,true,false,0.300,easy
clustered,128,HAMMING,bonferroni,32,8203,1052,814.4,0.000,1000,749,100,true,false,1.000,hard
clustered,128,HAMMING,bonferroni,33,7838,1052,1421,0.000,1000,820,100,true,false,0.400,medium
clustered,128,HAMMING,bonferroni,34,7838,1052,580.7,0.000,1000,983,100,true,false,0.600,easy
clustered,128,HAMMING,bonferroni,35,8659,1052,1006,0.000,1000,985,100,true,false,0.700,hard
clustered,128,HAMMING,bonferroni,36,7838,1052,561.4,0.000,1000,221,100,true,false,1.000,medium
clustered,128,HAMMING,bonferroni,37,8385,1052,1278,0.000,1000,296,100,true,false,1.000,medium
clustered,128,HAMMING,bonferroni,38,7747,1052,762.9,0.000,1000,991,100,true,false,0.900,easy
clustered,128,HAMMING,bonferroni,39,8020,1052,1367,0.000,1000,561,100,true,false,1.000,easy
clustered,128,HAMMING,bonferroni,40,7656,1052,692.4,0.000,1000,999,100,true,false,0.500,easy
clustered,128,HAMMING,bonferroni,41,7929,1052,818.6,0.000,1000,915,100,true,false,0.500,medium
clustered,128,HAMMING,bonferroni,42,8294,1052,642.7,0.000,1000,928,100,true,false,0.700,easy
clustered,128,HAMMING,bonferroni,43,8294,1052,1102,0.000,1000,373,100,true,false,0.500,medium
clustered,128,HAMMING,bonferroni,44,8020,1052,1023,0.000,1000,686,100,true,false,0.900,medium
clustered,128,HAMMING,bonferroni,45,7564,1052,443.9,0.000,1000,148,100,true,false,1.000,easy
clustered,128,HAMMING,bonferroni,46,7382,1052,702.6,0.000,1000,464,100,true,false,1.000,medium
clustered,128,HAMMING,bonferroni,47,8020,1052,1143,0.000,1000,573,100,true,false,0.500,hard
clustered,128,HAMMING,bonferroni,48,7656,1052,1074,0.000,1000,898,100,true,false,1.000,hard
clustered,128,HAMMING,bonferroni,49,7656,1052,1314,0.000,1000,975,100,true,false,0.200,easy
clustered,128,HAMMING,bonferroni,50,8476,1052,926.7,0.000,1000,954,100,true,false,0.800,easy
clustered,128,HAMMING,bonferroni,51,8020,1052,998.6,0.000,1000,983,100,true,false,0.300,easy
clustered,128,HAMMING,bonferroni,52,8020,1052,855.3,0.000,1000,887,100,true,false,0.900,hard
clustered,128,HAMMING,bonferroni,53,7747,1052,1307,0.000,1000,632,100,true,false,1.000,medium
clustered,128,HAMMING,bonferroni,54,8020,1052,624.8,0.000,1000,738,100,true,false,0.400,hard
clustered,128,HAMMING,bonferroni,55,7838,1052,945.7,0.000,1000,963,100,true,false,0.300,easy
clustered,128,HAMMING,bonferroni,56,7929,1052,1097,0.000,1000,665,100,true,false,1.000,hard
clustered,128,HAMMING,bonferroni,57,8112,1052,1646,0.000,1000,999,100,true,false,1.000,easy
clustered,128,HAMMING,bonferroni,58,8932,1052,655.8,0.000,1000,910,10,true,false,0.000,medium
clustered,128,HAMMING,bonferroni,59,8385,1052,1522,0.000,1000,195,100,true,false,1.000,medium
clustered,128,HAMMING,bonferroni,60,7747,1052,861.2,0.000,1000,876,100,true,false,0.200,medium
clustered,128,HAMMING,bonferroni,61,7564,1052,815.9,0.000,1000,939,100,true,false,0.800,hard
clustered,128,HAMMING,bonferroni,62,7382,1052,1136,0.000,1000,957,100,true,false,0.100,medium
clustered,128,HAMMING,bonferroni,63,8020,1052,1602,0.000,1000,960,100,true,false,0.800,hard
clustered,128,HAMMING,bonferroni,64,7656,1052,1041,0.000,1000,427,100,true,false,1.000,easy
clustered,128,HAMMING,bonferroni,65,7656,1052,917.7,0.000,1000,953,100,true,false,0.700,medium
clustered,128,HAMMING,bonferroni,66,8294,1052,1580,0.000,1000,282,100,true,false,1.000,hard
clustered,128,HAMMING,bonferroni,67,8385,1052,1394,0.000,1000,551,100,true,false,0.700,easy
clustered,128,HAMMING,bonferroni,68,8659,1052,1269,0.000,1000,248,100,true,false,1.000,hard
clustered,128,HAMMING,bonferroni,69,8385,1052,1459,0.000,1000,318,100,true,false,1.000,hard
clustered,128,HAMMING,bonferroni,70,8294,1052,1125,0.000,1000,269,100,true,false,1.000,hard
clustered,128,HAMMING,bonferroni,71,8385,1052,809.9,0.000,1000,993,10,true,false,0.000,easy
clustered,128,HAMMING,bonferroni,72,7838,1052,1135,0.000,1000,992,100,true,false,0.100,easy
clustered,128,HAMMING,bonferroni,73,8112,1052,882.0,0.000,1000,974,10,true,false,0.000,hard
clustered,128,HAMMING,bonferroni,74,8020,1052,658.4,0.000,1000,690,100,true,false,0.300,easy
clustered,128,HAMMING,bonferroni,75,7838,1052,663.3,0.000,1000,926,100,true,false,0.500,hard
clustered,128,HAMMING,bonferroni,76,8203,1052,1181,0.000,1000,796,100,true,false,0.500,hard
clustered,128,HAMMING,bonferroni,77,8203,1052,1804,0.000,1000,766,100,true,false,0.800,hard
clustered,128,HAMMING,bonferroni,78,7564,1052,735.9,0.000,1000,930,100,true,false,0.400,medium
clustered,128,HAMMING,bonferroni,79,8020,1052,894.6,0.000,1000,972,100,true,false,1.000,hard
clustered,128,CORRECTED,none,0,7364,457.1,381.5,0.000,994,802,10,true,false,0.000,easy
clustered,128,CORRECTED,none,1,7756,473.4,428.6,0.000,1000,935,100,true,false,0.400,hard
clustered,128,CORRECTED,none,2,7106,474.1,547.8,0.000,998,842,100,true,false,1.000,medium
clustered,128,CORRECTED,none,3,6356,435.9,364.8,0.000,992,870,100,true,false,1.000,medium
clustered,128,CORRECTED,none,4,8299,492.3,458.6,0.000,992,958,100,true,false,0.900,medium
clustered,128,CORRECTED,none,5,7739,489.5,562.3,0.000,1000,949,100,true,false,1.000,medium
clustered,128,CORRECTED,none,6,8179,467.3,431.6,0.000,996,979,10,true,false,0.000,easy
clustered,128,CORRECTED,none,7,7130,432.4,468.3,0.000,1000,860,100,true,false,0.300,medium
clustered,128,CORRECTED,none,8,8227,535.1,411.8,0.000,1000,948,100,true,false,0.700,medium
clustered,128,CORRECTED,none,9,7379,461.9,369.0,0.000,982,865,100,true,false,1.000,medium
clustered,128,CORRECTED,none,10,7496,441.6,542.3,0.000,1000,877,100,true,false,0.600,easy
clustered,128,CORRECTED,none,11,6356,457.9,294.8,0.000,1000,764,100,true,false,1.000,medium
clustered,128,CORRECTED,none,12,7409,478.7,630.2,0.000,1000,833,100,true,false,1.000,medium
clustered,128,CORRECTED,none,13,7824,516.1,445.3,0.000,1000,218,100,true,false,1.000,medium
clustered,128,CORRECTED,none,14,6242,413.5,515.6,0.000,1000,942,10,true,false,0.000,hard
clustered,128,CORRECTED,none,15,6063,413.3,487.5,0.000,1000,351,10,true,false,0.000,medium
clustered,128,CORRECTED,none,16,7669,491.9,487.5,0.000,998,964,100,true,false,0.600,easy
clustered,128,CORRECTED,none,17,6746,446.7,328.0,0.000,1000,992,100,true,false,0.100,hard
clustered,128,CORRECTED,none,18,6502,443.9,262.0,0.000,1000,840,10,true,false,0.000,easy
clustered,128,CORRECTED,none,19,6852,436.9,432.4,0.000,1000,705,100,true,false,0.800,easy
clustered,128,CORRECTED,none,20,6587,470.2,610.6,0.000,998,688,100,true,false,0.900,hard
clustered,128,CORRECTED,none,21,6775,495.6,521.0,0.000,1000,346,100,true,false,1.000,medium
clustered,128,CORRECTED,none,22,6467,469.2,355.1,0.000,1000,952,100,true,false,0.100,hard
clustered,128,CORRECTED,none,23,7801,506.8,268.1,0.000,994,913,100,true,false,0.600,hard
clustered,128,CORRECTED,none,24,8041,501.9,302.6,0.000,1000,956,100,true,false,0.500,easy
clustered,128,CORRECTED,none,25,6947,475.5,465.0,0.000,996,218,100,true,false,1.000,medium
clustered,128,CORRECTED,none,26,8137,532.8,495.8,0.000,1000,976,100,true,false,0.800,hard
clustered,128,CORRECTED,none,27,8156,526.8,255.5,0.000,1000,935,100,true,false,0.600,hard
clustered,128,CORRECTED,none,28,6620,454.6,367.1,0.000,996,941,100,true,false,0.100,easy
clustered,128,CORRECTED,none,29,7650,503.9,691.9,0.000,1000,353,100,true,false,1.000,hard
clustered,128,CORRECTED,none,30,6761,470.9,413.0,0.000,998,969,10,true,false,0.000,easy
clustered,128,CORRECTED,none,31,7845,514.4,652.2,0.000,998,833,100,true,false,0.300,easy
clustered,128,CORRECTED,none,32,8209,539.4,778.6,0.000,1000,749,100,true,false,1.000,hard
clustered,128,CORRECTED,none,33,7052,436.3,458.3,0.000,1000,820,100,true,false,0.400,medium
clustered,128,CORRECTED,none,34,7986,491.8,287.9,0.000,998,983,100,true,false,0.600,easy
clustered,128,CORRECTED,none,35,7908,426.7,522.9,0.000,1000,985,100,true,false,0.700,hard
clustered,128,CORRECTED,none,36,6438,494.4,444.8,0.000,998,221,100,true,false,1.000,medium
clustered,128,CORRECTED,none,37,7128,477.0,464.4,0.000,996,296,100,true,false,1.000,medium
clustered,128,CORRECTED,none,38,7784,488.4,301.8,0.000,998,991,100,true,false,0.900,easy
clustered,128,CORRECTED,none,39,6692,443.5,586.5,0.000,1000,561,100,true,false,1.000,easy
clustered,128,CORRECTED,none,40,7878,502.4,291.8,0.000,1000,999,100,true,false,0.500,easy
clustered,128,CORRECTED,none,41,7666,497.8,478.5,0.000,990,915,100,true,false,0.500,medium
clustered,128,CORRECTED,none,42,7716,471.2,492.4,0.000,994,928,100,true,false,0.700,easy
clustered,128,CORRECTED,none,43,6560,461.5,303.1,0.000,1000,373,100,true,false,0.500,medium
clustered,128,CORRECTED,none,44,7633,470.8,627.4,0.000,1000,686,100,true,false,0.900,medium
clustered,128,CORRECTED,none,45,7717,507.4,444.9,0.000,996,148,100,true,false,1.000,easy
clustered,128,CORRECTED,none,46,7215,486.1,451.2,0.000,1000,464,100,true,false,1.000,medium
clustered,128,CORRECTED,none,47,6333,444.7,315.6,0.000,992,573,100,true,false,0.500,hard
clustered,128,CORRECTED,none,48,6785,472.1,466.3,0.000,998,898,100,true,false,1.000,hard
clustered,128,CORRECTED,none,49,6920,440.8,370.6,0.000,1000,975,100,true,false,0.200,easy
clustered,128,CORRECTED,none,50,8072,495.3,549.9,0.000,998,954,100,true,false,0.800,easy
clustered,128,CORRECTED,none,51,9283,532.6,505.9,0.000,1000,983,100,true,false,0.300,easy
clustered,128,CORRECTED,none,52,8489,539.0,472.7,0.000,998,887,100,true,false,0.900,hard
clustered,128,CORRECTED,none,53,6711,442.7,589.3,0.000,998,632,100,true,false,1.000,medium
clustered,128,CORRECTED,none,54,7639,505.7,459.9,0.000,998,738,100,true,false,0.400,hard
clustered,128,CORRECTED,none,55,7728,512.2,585.7,0.000,1000,963,100,true,false,0.300,easy
clustered,128,CORRECTED,none,56,7090,453.1,633.1,0.000,996,665,100,true,false,1.000,hard
clustered,128,CORRECTED,none,57,6954,426.1,439.9,0.000,1000,999,100,true,false,1.000,easy
clustered,128,CORRECTED,none,58,8156,473.5,448.7,0.000,1000,910,10,true,false,0.000,medium
clustered,128,CORRECTED,none,59,6684,459.9,410.1,0.000,998,195,100,true,false,1.000,medium
clustered,128,CORRECTED,none,60,6501,464.0,309.3,0.000,1000,876,100,true,false,0.200,medium
clustered,128,CORRECTED,none,61,8041,505.8,465.8,0.000,998,939,100,true,false,0.800,hard
clustered,128,CORRECTED,none,62,9052,510.9,463.2,0.000,1000,957,100,true,false,0.100,medium
clustered,128,CORRECTED,none,63,6855,467.8,424.3,0.000,1000,960,100,true,false,0.800,hard
clustered,128,CORRECTED,none,64,8748,540.1,511.7,0.000,1000,427,100,true,false,1.000,easy
clustered,128,CORRECTED,none,65,8522,522.2,341.2,0.000,1000,953,100,true,false,0.700,medium
clustered,128,CORRECTED,none,66,6889,465.6,440.0,0.000,1000,282,100,true,false,1.000,hard
clustered,128,CORRECTED,none,67,6298,444.4,341.7,0.000,1000,551,100,true,false,0.700,easy
clustered,128,CORRECTED,none,68,6871,490.0,465.7,0.000,994,248,100,true,false,1.000,hard
clustered,128,CORRECTED,none,69,6700,475.2,490.8,0.000,998,318,100,true,false,1.000,hard
clustered,128,CORRECTED,none,70,7051,498.9,493.1,0.000,956,269,100,true,false,1.000,hard
clustered,128,CORRECTED,none,71,8225,471.5,404.1,0.000,1000,993,10,true,false,0.000,easy
clustered,128,CORRECTED,none,72,9068,513.3,467.3,0.000,994,992,100,true,false,0.100,easy
clustered,128,CORRECTED,none,73,8196,463.4,390.9,0.000,1000,974,10,true,false,0.000,hard
clustered,128,CORRECTED,none,74,7910,508.4,654.8,0.000,1000,690,100,true,false,0.300,easy
clustered,128,CORRECTED,none,75,8059,523.8,407.3,0.000,998,926,100,true,false,0.500,hard
clustered,128,CORRECTED,none,76,6671,427.9,489.5,0.000,1000,796,100,true,false,0.500,hard
clustered,128,CORRECTED,none,77,6657,425.1,351.8,0.000,992,766,100,true,false,0.800,hard
clustered,128,CORRECTED,none,78,7593,505.2,539.1,0.000,1000,930,100,true,false,0.400,medium
clustered,128,CORRECTED,none,79,7152,483.6,445.8,0.000,998,972,100,true,false,1.000,hard
clustered,128,CORRECTED,bonferroni,0,7364,457.1,381.5,0.000,996,802,10,true,false,0.000,easy
clustered,128,CORRECTED,bonferroni,1,7756,473.4,428.6,0.000,1000,935,100,true,false,0.400,hard
clustered,128,CORRECTED,bonferroni,2,7106,474.1,547.8,0.000,998,842,100,true,false,1.000,medium
clustered,128,CORRECTED,bonferroni,3,6356,435.9,364.8,0.000,998,870,100,true,false,1.000,medium
clustered,128,CORRECTED,bonferroni,4,8299,492.3,458.6,0.000,1000,958,100,true,false,0.900,medium
clustered,128,CORRECTED,bonferroni,5,7739,489.5,562.3,0.000,1000,949,100,true,false,1.000,medium
clustered,128,CORRECTED,bonferroni,6,8179,467.3,431.6,0.000,998,979,10,true,false,0.000,easy
clustered,128,CORRECTED,bonferroni,7,7130,432.4,468.3,0.000,1000,860,100,true,false,0.300,medium
clustered,128,CORRECTED,bonferroni,8,8227,535.1,411.8,0.000,1000,948,100,true,false,0.700,medium
clustered,128,CORRECTED,bonferroni,9,7379,461.9,369.0,0.000,982,865,100,true,false,1.000,medium
clustered,128,CORRECTED,bonferroni,10,7496,441.6,542.3,0.000,1000,877,100,true,false,0.600,easy
clustered,128,CORRECTED,bonferroni,11,6356,457.9,294.8,0.000,1000,764,100,true,false,1.000,medium
clustered,128,CORRECTED,bonferroni,12,7409,478.7,630.2,0.000,1000,833,100,true,false,1.000,medium
clustered,128,CORRECTED,bonferroni,13,7824,516.1,445.3,0.000,1000,218,100,true,false,1.000,medium
clustered,128,CORRECTED,bonferroni,14,6242,413.5,515.6,0.000,1000,942,10,true,false,0.000,hard
clustered,128,CORRECTED,bonferroni,15,6063,413.3,487.5,0.000,1000,351,10,true,false,0.000,medium
clustered,128,CORRECTED,bonferroni,16,7669,491.9,487.5,0.000,1000,964,100,true,false,0.600,easy
clustered,128,CORRECTED,bonferroni,17,6746,446.7,328.0,0.000,1000,992,100,true,false,0.100,hard
clustered,128,CORRECTED,bonferroni,18,6502,443.9,262.0,0.000,1000,840,10,true,false,0.000,easy
clustered,128,CORRECTED,bonferroni,19,6852,436.9,432.4,0.000,1000,705,100,true,false,0.800,easy
clustered,128,CORRECTED,bonferroni,20,6587,470.2,610.6,0.000,1000,688,100,true,false,0.900,hard
clustered,128,CORRECTED,bonferroni,21,6775,495.6,521.0,0.000,1000,346,100,true,false,1.000,medium
clustered,128,CORRECTED,bonferroni,22,6467,469.2,355.1,0.000,1000,952,100,true,false,0.100,hard
clustered,128,CORRECTED,bonferroni,23,7801,506.8,268.1,0.000,1000,913,100,true,false,0.600,hard
clustered,128,CORRECTED,bonferroni,24,8041,501.9,302.6,0.000,1000,956,100,true,false,0.500,easy
clustered,128,CORRECTED,bonferroni,25,6947,475.5,465.0,0.000,998,218,100,true,false,1.000,medium
clustered,128,CORRECTED,bonferroni,26,8137,532.8,495.8,0.000,1000,976,100,true,false,0.800,hard
clustered,128,CORRECTED,bonferroni,27,8156,526.8,255.5,0.000,1000,935,100,true,false,0.600,hard
clustered,128,CORRECTED,bonferroni,28,6620,454.6,367.1,0.000,998,941,100,true,false,0.100,easy
clustered,128,CORRECTED,bonferroni,29,7650,503.9,691.9,0.000,1000,353,100,true,false,1.000,hard
clustered,128,CORRECTED,bonferroni,30,6761,470.9,413.0,0.000,1000,969,10,true,false,0.000,easy
clustered,128,CORRECTED,bonferroni,31,7845,514.4,652.2,0.000,998,833,100,true,false,0.300,easy
clustered,128,CORRECTED,bonferroni,32,8209,539.4,778.6,0.000,1000,749,100,true,false,1.000,hard
clustered,128,CORRECTED,bonferroni,33,7052,436.3,458.3,0.000,1000,820,100,true,false,0.400,medium
clustered,128,CORRECTED,bonferroni,34,7986,491.8,287.9,0.000,998,983,100,true,false,0.600,easy
clustered,128,CORRECTED,bonferroni,35,7908,426.7,522.9,0.000,1000,985,100,true,false,0.700,hard
clustered,128,CORRECTED,bonferroni,36,6438,494.4,444.8,0.000,998,221,100,true,false,1.000,medium
clustered,128,CORRECTED,bonferroni,37,7128,477.0,464.4,0.000,996,296,100,true,false,1.000,medium
clustered,128,CORRECTED,bonferroni,38,7784,488.4,301.8,0.000,998,991,100,true,false,0.900,easy
clustered,128,CORRECTED,bonferroni,39,6692,443.5,586.5,0.000,1000,561,100,true,false,1.000,easy
clustered,128,CORRECTED,bonferroni,40,7878,502.4,291.8,0.000,1000,999,100,true,false,0.500,easy
clustered,128,CORRECTED,bonferroni,41,7666,497.8,478.5,0.000,992,915,100,true,false,0.500,medium
clustered,128,CORRECTED,bonferroni,42,7716,471.2,492.4,0.000,996,928,100,true,false,0.700,easy
clustered,128,CORRECTED,bonferroni,43,6560,461.5,303.1,0.000,1000,373,100,true,false,0.500,medium
clustered,128,CORRECTED,bonferroni,44,7633,470.8,627.4,0.000,1000,686,100,true,false,0.900,medium
clustered,128,CORRECTED,bonferroni,45,7717,507.4,444.9,0.000,998,148,100,true,false,1.000,easy
clustered,128,CORRECTED,bonferroni,46,7215,486.1,451.2,0.000,1000,464,100,true,false,1.000,medium
clustered,128,CORRECTED,bonferroni,47,6333,444.7,315.6,0.000,994,573,100,true,false,0.500,hard
clustered,128,CORRECTED,bonferroni,48,6785,472.1,466.3,0.000,998,898,100,true,false,1.000,hard
clustered,128,CORRECTED,bonferroni,49,6920,440.8,370.6,0.000,1000,975,100,true,false,0.200,easy
clustered,128,CORRECTED,bonferroni,50,8072,495.3,549.9,0.000,998,954,100,true,false,0.800,easy
clustered,128,CORRECTED,bonferroni,51,9283,532.6,505.9,0.000,1000,983,100,true,false,0.300,easy
clustered,128,CORRECTED,bonferroni,52,8489,539.0,472.7,0.000,1000,887,100,true,false,0.900,hard
clustered,128,CORRECTED,bonferroni,53,6711,442.7,589.3,0.000,998,632,100,true,false,1.000,medium
clustered,128,CORRECTED,bonferroni,54,7639,505.7,459.9,0.000,1000,738,100,true,false,0.400,hard
clustered,128,CORRECTED,bonferroni,55,7728,512.2,585.7,0.000,1000,963,100,true,false,0.300,easy
clustered,128,CORRECTED,bonferroni,56,7090,453.1,633.1,0.000,996,665,100,true,false,1.000,hard
clustered,128,CORRECTED,bonferroni,57,6954,426.1,439.9,0.000,1000,999,100,true,false,1.000,easy
clustered,128,CORRECTED,bonferroni,58,8156,473.5,448.7,0.000,1000,910,10,true,false,0.000,medium
clustered,128,CORRECTED,bonferroni,59,6684,459.9,410.1,0.000,998,195,100,true,false,1.000,medium
clustered,128,CORRECTED,bonferroni,60,6501,464.0,309.3,0.000,1000,876,100,true,false,0.200,medium
clustered,128,CORRECTED,bonferroni,61,8041,505.8,465.8,0.000,1000,939,100,true,false,0.800,hard
clustered,128,CORRECTED,bonferroni,62,9052,510.9,463.2,0.000,1000,957,100,true,false,0.100,medium
clustered,128,CORRECTED,bonferroni,63,6855,467.8,424.3,0.000,1000,960,100,true,false,0.800,hard
clustered,128,CORRECTED,bonferroni,64,8748,540.1,511.7,0.000,1000,427,100,true,false,1.000,easy
clustered,128,CORRECTED,bonferroni,65,8522,522.2,341.2,0.000,1000,953,100,true,false,0.700,medium
clustered,128,CORRECTED,bonferroni,66,6889,465.6,440.0,0.000,1000,282,100,true,false,1.000,hard
clustered,128,CORRECTED,bonferroni,67,6298,444.4,341.7,0.000,1000,551,100,true,false,0.700,easy
clustered,128,CORRECTED,bonferroni,68,6871,490.0,465.7,0.000,998,248,100,true,false,1.000,hard
clustered,128,CORRECTED,bonferroni,69,6700,475.2,490.8,0.000,998,318,100,true,false,1.000,hard
clustered,128,CORRECTED,bonferroni,70,7051,498.9,493.1,0.000,998,269,100,true,false,1.000,hard
clustered,128,CORRECTED,bonferroni,71,8225,471.5,404.1,0.000,1000,993,10,true,false,0.000,easy
clustered,128,CORRECTED,bonferroni,72,9068,513.3,467.3,0.000,998,992,100,true,false,0.100,easy
clustered,128,CORRECTED,bonferroni,73,8196,463.4,390.9,0.000,1000,974,10,true,false,0.000,hard
clustered,128,CORRECTED,bonferroni,74,7910,508.4,654.8,0.000,1000,690,100,true,false,0.300,easy
clustered,128,CORRECTED,bonferroni,75,8059,523.8,407.3,0.000,998,926,100,true,false,0.500,hard
clustered,128,CORRECTED,bonferroni,76,6671,427.9,489.5,0.000,1000,796,100,true,false,0.500,hard
clustered,128,CORRECTED,bonferroni,77,6657,425.1,351.8,0.000,1000,766,100,true,false,0.800,hard
clustered,128,CORRECTED,bonferroni,78,7593,505.2,539.1,0.000,1000,930,100,true,false,0.400,medium
clustered,128,CORRECTED,bonferroni,79,7152,483.6,445.8,0.000,998,972,100,true,false,1.000,hard
