tag,n,d,metric,filter,sel_target,sel_actual,cand,baseline,graph,mode,M,gamma,M_beta,ef,k,recall,qps,p50_us,p95_us,p99_us,max_us,mean_us,ndis,nodes_visited,first_hop,second_hop,sel_checks,accepted,rejected,hops,results_returned,build_ms,graph_bytes,avg_deg0,max_deg0
n100k_d768_l2,100000,768,l2,random,0.5000,0.5000,50000,F_exact,exact,EXACT,16,0,0,0,10,1.0000,117.3,8505.12,8715.50,8903.83,9092.29,8526.88,50000,0,0,0,100000,0,0,0,10,0.0,0,0.0,0
n100k_d768_l2,100000,768,l2,random,0.5000,0.5000,50000,A_std_standard,std,STANDARD,16,1,32,50,10,0.8050,5638.3,178.71,191.58,194.12,194.62,177.36,1084,1084,1084,0,1084,0,0,60,10,41699.6,14033032,25.8,32
n100k_d768_l2,100000,768,l2,random,0.5000,0.5000,50000,B_std_acorn1,std,ACORN,16,1,32,50,10,0.8810,2804.3,345.12,501.67,658.62,832.38,356.59,1086,971,631,5567,6200,3167,3032,0,10,41699.6,14033032,25.8,32
n100k_d768_l2,100000,768,l2,random,0.5000,0.5000,50000,D_large24_standard,large,STANDARD,24,1,48,50,10,0.8850,3397.7,236.62,656.29,778.79,780.00,294.32,1324,1324,1324,0,1324,0,0,58,10,36202.3,20424136,32.9,48
n100k_d768_l2,100000,768,l2,random,0.5000,0.5000,50000,E_large24_acorn1,large,ACORN,24,1,48,50,10,0.8970,2281.5,444.83,515.62,698.33,899.08,438.31,1171,1030,913,11889,12803,6534,6268,0,10,36202.3,20424136,32.9,48
n100k_d768_l2,100000,768,l2,random,0.5000,0.5000,50000,D_large48_standard,large,STANDARD,48,1,96,50,10,0.9310,4046.9,245.75,269.17,287.71,292.96,247.10,1587,1587,1587,0,1587,0,0,56,10,26936.8,39618184,41.1,96
n100k_d768_l2,100000,768,l2,random,0.5000,0.5000,50000,E_large48_acorn1,large,ACORN,48,1,96,50,10,1.0000,1464.9,671.83,782.38,1172.54,1278.08,682.63,1463,1254,1775,39557,41334,20988,20346,0,10,26936.8,39618184,41.1,96
n100k_d768_l2,100000,768,l2,random,0.5000,0.5000,50000,C_acorn_g4,acorn,ACORN,16,4,16,50,10,0.6320,4181.1,240.25,322.92,379.58,450.21,239.17,761,673,1356,2663,4021,2066,1954,0,10,35004.5,18532104,24.2,40
n100k_d768_l2,100000,768,l2,random,0.5000,0.5000,50000,C_acorn_g8,acorn,ACORN,16,8,16,50,10,0.6640,4089.7,247.29,339.00,379.96,383.25,244.52,787,699,1306,2386,3694,1889,1805,0,10,55273.2,20264200,24.3,40
n100k_d768_l2,100000,768,l2,random,0.5000,0.5000,50000,C_acorn_g16,acorn,ACORN,16,16,16,50,10,0.6220,4048.7,246.00,359.75,436.96,544.62,247.00,798,712,1296,2337,3635,1862,1772,0,10,95724.5,23728392,24.3,40
n100k_d768_l2,100000,768,l2,random,0.5000,0.5000,50000,C_acorn_g32,acorn,ACORN,16,32,16,50,10,0.3930,4451.5,226.25,367.08,446.33,490.83,224.64,812,729,1322,2433,3757,1928,1829,0,10,242975.0,30656776,24.3,40
n100k_d768_l2,100000,768,l2,random,0.5000,0.5000,50000,A_std_standard,std,STANDARD,16,1,32,100,10,0.9350,3709.4,270.88,295.88,308.42,331.08,269.58,1503,1503,1503,0,1503,0,0,109,10,41699.6,14033032,25.8,32
n100k_d768_l2,100000,768,l2,random,0.5000,0.5000,50000,B_std_acorn1,std,ACORN,16,1,32,100,10,0.9500,1691.4,576.62,795.58,1055.75,1130.21,591.22,1223,1107,1923,22788,24713,12635,12078,0,10,41699.6,14033032,25.8,32
n100k_d768_l2,100000,768,l2,random,0.5000,0.5000,50000,D_large24_standard,large,STANDARD,24,1,48,100,10,0.9710,3111.4,307.21,383.21,432.96,452.08,321.40,1730,1730,1730,0,1730,0,0,107,10,36202.3,20424136,32.9,48
n100k_d768_l2,100000,768,l2,random,0.5000,0.5000,50000,E_large24_acorn1,large,ACORN,24,1,48,100,10,0.9290,1348.8,743.71,920.75,1218.75,1358.21,741.39,1238,1097,2776,45823,48600,24809,23791,0,10,36202.3,20424136,32.9,48
n100k_d768_l2,100000,768,l2,random,0.5000,0.5000,50000,D_large48_standard,large,STANDARD,48,1,96,100,10,0.9920,2948.1,340.96,367.54,384.88,396.71,339.20,1932,1932,1932,0,1932,0,0,106,10,26936.8,39618184,41.1,96
n100k_d768_l2,100000,768,l2,random,0.5000,0.5000,50000,E_large48_acorn1,large,ACORN,48,1,96,100,10,1.0000,859.3,1158.25,1318.46,1678.29,1785.79,1163.71,1497,1287,4220,100405,104627,53096,51531,0,10,26936.8,39618184,41.1,96
n100k_d768_l2,100000,768,l2,random,0.5000,0.5000,50000,C_acorn_g4,acorn,ACORN,16,4,16,100,10,0.6990,2859.4,355.96,454.75,569.29,636.88,349.73,935,846,2509,5384,7895,4047,3847,0,10,35004.5,18532104,24.2,40
n100k_d768_l2,100000,768,l2,random,0.5000,0.5000,50000,C_acorn_g8,acorn,ACORN,16,8,16,100,10,0.7560,2834.5,352.25,492.00,629.67,631.21,352.79,980,892,2473,5024,7498,3822,3676,0,10,55273.2,20264200,24.3,40
n100k_d768_l2,100000,768,l2,random,0.5000,0.5000,50000,C_acorn_g16,acorn,ACORN,16,16,16,100,10,0.7300,2767.2,357.96,536.12,629.96,639.58,361.38,1023,936,2485,4946,7432,3803,3629,0,10,95724.5,23728392,24.3,40
n100k_d768_l2,100000,768,l2,random,0.5000,0.5000,50000,C_acorn_g32,acorn,ACORN,16,32,16,100,10,0.4780,2751.5,354.67,649.46,755.58,935.75,363.44,1052,970,2566,5180,7748,3969,3778,0,10,242975.0,30656776,24.3,40
n100k_d768_l2,100000,768,l2,random,0.5000,0.5000,50000,A_std_standard,std,STANDARD,16,1,32,250,10,0.9980,2207.4,446.58,543.96,576.96,577.17,453.03,1924,1924,1924,0,1924,0,0,259,10,41699.6,14033032,25.8,32
n100k_d768_l2,100000,768,l2,random,0.5000,0.5000,50000,B_std_acorn1,std,ACORN,16,1,32,250,10,0.9500,917.4,1076.96,1331.21,1619.17,1658.00,1090.04,1246,1130,6061,81677,87740,44856,42883,0,10,41699.6,14033032,25.8,32
n100k_d768_l2,100000,768,l2,random,0.5000,0.5000,50000,D_large24_standard,large,STANDARD,24,1,48,250,10,0.9970,2129.1,470.54,522.08,563.00,563.58,469.67,2038,2038,2038,0,2038,0,0,257,10,36202.3,20424136,32.9,48
n100k_d768_l2,100000,768,l2,random,0.5000,0.5000,50000,E_large24_acorn1,large,ACORN,24,1,48,250,10,0.9490,654.1,1522.88,2035.25,2344.25,2458.50,1528.93,1284,1143,8249,146698,154948,79089,75859,0,10,36202.3,20424136,32.9,48
n100k_d768_l2,100000,768,l2,random,0.5000,0.5000,50000,D_large48_standard,large,STANDARD,48,1,96,250,10,1.0000,2084.2,485.71,516.54,522.92,528.25,479.79,2136,2136,2136,0,2136,0,0,255,10,26936.8,39618184,41.1,96
n100k_d768_l2,100000,768,l2,random,0.5000,0.5000,50000,E_large48_acorn1,large,ACORN,48,1,96,250,10,1.0000,421.4,2383.67,2518.79,2828.67,3038.75,2373.24,1586,1376,11168,273688,284857,144451,140405,0,10,26936.8,39618184,41.1,96
n100k_d768_l2,100000,768,l2,random,0.5000,0.5000,50000,C_acorn_g4,acorn,ACORN,16,4,16,250,10,0.7220,1693.6,591.17,719.21,851.83,1678.92,590.47,1100,1012,6177,16958,23136,11860,11275,0,10,35004.5,18532104,24.2,40
n100k_d768_l2,100000,768,l2,random,0.5000,0.5000,50000,C_acorn_g8,acorn,ACORN,16,8,16,250,10,0.7770,1633.6,617.21,781.12,935.25,1322.88,612.16,1131,1043,6190,16820,23012,11780,11231,0,10,55273.2,20264200,24.3,40
n100k_d768_l2,100000,768,l2,random,0.5000,0.5000,50000,C_acorn_g16,acorn,ACORN,16,16,16,250,10,0.7980,1472.5,647.83,985.33,1149.00,1172.79,679.11,1199,1112,6269,16626,22896,11753,11143,0,10,95724.5,23728392,24.3,40
n100k_d768_l2,100000,768,l2,random,0.5000,0.5000,50000,C_acorn_g32,acorn,ACORN,16,32,16,250,10,0.6330,1429.9,641.83,1134.83,1239.75,1682.12,699.33,1379,1297,6817,17783,24601,12621,11980,0,10,242975.0,30656776,24.3,40
n100k_d768_l2,100000,768,l2,random,0.5000,0.5000,50000,A_std_standard,std,STANDARD,16,1,32,500,10,1.0000,1435.6,701.29,733.29,749.96,756.21,696.59,2056,2056,2056,0,2056,0,0,509,10,41699.6,14033032,25.8,32
n100k_d768_l2,100000,768,l2,random,0.5000,0.5000,50000,B_std_acorn1,std,ACORN,16,1,32,500,10,0.9600,516.9,1920.92,2236.38,2587.50,3302.12,1934.76,1277,1161,12824,177561,190386,97291,93094,0,10,41699.6,14033032,25.8,32
n100k_d768_l2,100000,768,l2,random,0.5000,0.5000,50000,D_large24_standard,large,STANDARD,24,1,48,500,10,0.9990,1338.6,727.58,935.71,1038.17,1188.67,747.03,2097,2097,2097,0,2097,0,0,507,10,36202.3,20424136,32.9,48
n100k_d768_l2,100000,768,l2,random,0.5000,0.5000,50000,E_large24_acorn1,large,ACORN,24,1,48,500,10,0.9590,358.7,2726.96,3325.25,3810.96,4836.38,2787.68,1341,1199,16880,305419,322301,164481,157819,0,10,36202.3,20424136,32.9,48
n100k_d768_l2,100000,768,l2,random,0.5000,0.5000,50000,D_large48_standard,large,STANDARD,48,1,96,500,10,1.0000,1399.8,718.33,757.42,769.04,777.46,714.37,2175,2175,2175,0,2175,0,0,505,10,26936.8,39618184,41.1,96
n100k_d768_l2,100000,768,l2,random,0.5000,0.5000,50000,E_large48_acorn1,large,ACORN,48,1,96,500,10,1.0000,232.2,4309.33,4543.04,4847.29,4922.79,4306.81,1726,1516,21872,540615,562488,285261,277227,0,10,26936.8,39618184,41.1,96
n100k_d768_l2,100000,768,l2,random,0.5000,0.5000,50000,C_acorn_g4,acorn,ACORN,16,4,16,500,10,0.7360,978.5,1018.42,1290.42,2081.71,2119.21,1021.92,1183,1095,12310,39827,52139,26784,25354,0,10,35004.5,18532104,24.2,40
n100k_d768_l2,100000,768,l2,random,0.5000,0.5000,50000,C_acorn_g8,acorn,ACORN,16,8,16,500,10,0.7770,900.2,1089.92,1377.83,1823.88,2168.38,1110.91,1182,1094,12272,39981,52255,26829,25425,0,10,55273.2,20264200,24.3,40
n100k_d768_l2,100000,768,l2,random,0.5000,0.5000,50000,C_acorn_g16,acorn,ACORN,16,16,16,500,10,0.8090,729.4,1310.88,1999.17,2782.96,3707.58,1370.90,1267,1180,12583,40857,53442,27479,25962,0,10,95724.5,23728392,24.3,40
n100k_d768_l2,100000,768,l2,random,0.5000,0.5000,50000,C_acorn_g32,acorn,ACORN,16,32,16,500,10,0.7130,834.7,1088.71,1881.67,2185.17,2201.08,1197.98,1533,1451,13554,42617,56173,28844,27328,0,10,242975.0,30656776,24.3,40
n100k_d768_l2,100000,768,l2,random,0.5000,0.5000,50000,F_exact,exact,EXACT,16,0,0,0,100,1.0000,114.8,8596.88,9535.17,10636.71,10765.50,8710.91,50000,0,0,0,100000,0,0,0,100,0.0,0,0.0,0
n100k_d768_l2,100000,768,l2,random,0.5000,0.5000,50000,A_std_standard,std,STANDARD,16,1,32,50,100,0.7149,4976.2,201.92,216.29,220.25,239.54,200.95,1084,1084,1084,0,1084,0,0,60,100,41699.6,14033032,25.8,32
n100k_d768_l2,100000,768,l2,random,0.5000,0.5000,50000,B_std_acorn1,std,ACORN,16,1,32,50,100,0.8635,2642.8,364.50,530.58,730.50,862.12,378.39,1086,971,631,5567,6200,3167,3032,0,100,41699.6,14033032,25.8,32
n100k_d768_l2,100000,768,l2,random,0.5000,0.5000,50000,D_large24_standard,large,STANDARD,24,1,48,50,100,0.8042,4035.6,246.83,274.67,335.04,337.54,247.80,1324,1324,1324,0,1324,0,0,58,100,36202.3,20424136,32.9,48
n100k_d768_l2,100000,768,l2,random,0.5000,0.5000,50000,E_large24_acorn1,large,ACORN,24,1,48,50,100,0.8899,2147.8,460.88,587.00,662.38,967.21,465.59,1171,1030,913,11889,12803,6534,6268,0,100,36202.3,20424136,32.9,48
n100k_d768_l2,100000,768,l2,random,0.5000,0.5000,50000,D_large48_standard,large,STANDARD,48,1,96,50,100,0.8734,3775.3,267.58,279.50,287.67,288.50,264.88,1587,1587,1587,0,1587,0,0,56,100,26936.8,39618184,41.1,96
n100k_d768_l2,100000,768,l2,random,0.5000,0.5000,50000,E_large48_acorn1,large,ACORN,48,1,96,50,100,0.9998,1418.1,689.42,828.17,1241.29,1336.50,705.17,1463,1254,1775,39557,41334,20988,20346,0,100,26936.8,39618184,41.1,96
n100k_d768_l2,100000,768,l2,random,0.5000,0.5000,50000,C_acorn_g4,acorn,ACORN,16,4,16,50,100,0.5940,3827.8,262.62,353.75,418.08,488.92,261.24,761,673,1356,2663,4021,2066,1954,0,100,35004.5,18532104,24.2,40
n100k_d768_l2,100000,768,l2,random,0.5000,0.5000,50000,C_acorn_g8,acorn,ACORN,16,8,16,50,100,0.6168,3826.1,262.25,394.96,415.38,437.21,261.36,787,699,1306,2386,3694,1889,1805,0,100,55273.2,20264200,24.3,40
n100k_d768_l2,100000,768,l2,random,0.5000,0.5000,50000,C_acorn_g16,acorn,ACORN,16,16,16,50,100,0.5918,3887.8,255.00,366.17,499.21,557.50,257.22,798,712,1296,2337,3635,1862,1772,0,100,95724.5,23728392,24.3,40
n100k_d768_l2,100000,768,l2,random,0.5000,0.5000,50000,C_acorn_g32,acorn,ACORN,16,32,16,50,100,0.3611,3994.3,240.67,402.83,487.25,572.83,250.36,812,729,1322,2433,3757,1928,1829,0,100,242975.0,30656776,24.3,40
n100k_d768_l2,100000,768,l2,random,0.5000,0.5000,50000,A_std_standard,std,STANDARD,16,1,32,100,100,0.8822,3416.0,294.71,314.62,328.21,328.42,292.74,1503,1503,1503,0,1503,0,0,109,100,41699.6,14033032,25.8,32
n100k_d768_l2,100000,768,l2,random,0.5000,0.5000,50000,B_std_acorn1,std,ACORN,16,1,32,100,100,0.9476,1618.2,591.58,873.79,1102.12,1111.75,617.95,1223,1107,1923,22788,24713,12635,12078,0,100,41699.6,14033032,25.8,32
n100k_d768_l2,100000,768,l2,random,0.5000,0.5000,50000,D_large24_standard,large,STANDARD,24,1,48,100,100,0.9352,3136.0,318.62,353.92,406.17,418.54,318.88,1730,1730,1730,0,1730,0,0,107,100,36202.3,20424136,32.9,48
n100k_d768_l2,100000,768,l2,random,0.5000,0.5000,50000,E_large24_acorn1,large,ACORN,24,1,48,100,100,0.9294,1329.5,753.92,960.21,1235.50,1337.08,752.14,1238,1097,2776,45823,48600,24809,23791,0,100,36202.3,20424136,32.9,48
n100k_d768_l2,100000,768,l2,random,0.5000,0.5000,50000,D_large48_standard,large,STANDARD,48,1,96,100,100,0.9687,2879.7,345.33,383.29,395.62,404.62,347.26,1932,1932,1932,0,1932,0,0,106,100,26936.8,39618184,41.1,96
n100k_d768_l2,100000,768,l2,random,0.5000,0.5000,50000,E_large48_acorn1,large,ACORN,48,1,96,100,100,1.0000,856.6,1164.21,1320.33,1646.25,1800.00,1167.37,1497,1287,4220,100405,104627,53096,51531,0,100,26936.8,39618184,41.1,96
n100k_d768_l2,100000,768,l2,random,0.5000,0.5000,50000,C_acorn_g4,acorn,ACORN,16,4,16,100,100,0.6768,2841.7,363.46,456.62,564.33,630.46,351.91,935,846,2509,5384,7895,4047,3847,0,100,35004.5,18532104,24.2,40
n100k_d768_l2,100000,768,l2,random,0.5000,0.5000,50000,C_acorn_g8,acorn,ACORN,16,8,16,100,100,0.7278,2687.9,368.46,514.42,666.29,691.58,372.04,980,892,2473,5024,7498,3822,3676,0,100,55273.2,20264200,24.3,40
n100k_d768_l2,100000,768,l2,random,0.5000,0.5000,50000,C_acorn_g16,acorn,ACORN,16,16,16,100,100,0.7191,2443.9,393.96,601.46,711.54,800.25,409.17,1023,936,2485,4946,7432,3803,3629,0,100,95724.5,23728392,24.3,40
n100k_d768_l2,100000,768,l2,random,0.5000,0.5000,50000,C_acorn_g32,acorn,ACORN,16,32,16,100,100,0.4596,2391.9,408.12,713.75,927.50,1089.62,418.07,1052,970,2566,5180,7748,3969,3778,0,100,242975.0,30656776,24.3,40
n100k_d768_l2,100000,768,l2,random,0.5000,0.5000,50000,A_std_standard,std,STANDARD,16,1,32,250,100,0.9840,1303.7,773.38,992.25,1369.62,1876.21,767.07,1924,1924,1924,0,1924,0,0,259,100,41699.6,14033032,25.8,32
n100k_d768_l2,100000,768,l2,random,0.5000,0.5000,50000,B_std_acorn1,std,ACORN,16,1,32,250,100,0.9492,744.1,1152.58,2127.04,2480.00,2673.92,1343.91,1246,1130,6061,81677,87740,44856,42883,0,100,41699.6,14033032,25.8,32
n100k_d768_l2,100000,768,l2,random,0.5000,0.5000,50000,D_large24_standard,large,STANDARD,24,1,48,250,100,0.9960,1953.7,501.29,587.38,769.92,865.04,511.85,2038,2038,2038,0,2038,0,0,257,100,36202.3,20424136,32.9,48
n100k_d768_l2,100000,768,l2,random,0.5000,0.5000,50000,E_large24_acorn1,large,ACORN,24,1,48,250,100,0.9495,637.1,1538.04,2038.21,2576.50,2731.12,1569.62,1284,1143,8249,146698,154948,79089,75859,0,100,36202.3,20424136,32.9,48
n100k_d768_l2,100000,768,l2,random,0.5000,0.5000,50000,D_large48_standard,large,STANDARD,48,1,96,250,100,0.9989,2048.2,491.71,522.67,535.75,547.92,488.24,2136,2136,2136,0,2136,0,0,255,100,26936.8,39618184,41.1,96
n100k_d768_l2,100000,768,l2,random,0.5000,0.5000,50000,E_large48_acorn1,large,ACORN,48,1,96,250,100,1.0000,422.3,2365.75,2514.92,2828.42,3021.79,2368.06,1586,1376,11168,273688,284857,144451,140405,0,100,26936.8,39618184,41.1,96
n100k_d768_l2,100000,768,l2,random,0.5000,0.5000,50000,C_acorn_g4,acorn,ACORN,16,4,16,250,100,0.7178,1666.1,596.79,716.54,911.88,1591.00,600.20,1100,1012,6177,16958,23136,11860,11275,0,100,35004.5,18532104,24.2,40
n100k_d768_l2,100000,768,l2,random,0.5000,0.5000,50000,C_acorn_g8,acorn,ACORN,16,8,16,250,100,0.7707,1566.8,633.79,824.58,949.25,1347.29,638.25,1131,1043,6190,16820,23012,11780,11231,0,100,55273.2,20264200,24.3,40
n100k_d768_l2,100000,768,l2,random,0.5000,0.5000,50000,C_acorn_g16,acorn,ACORN,16,16,16,250,100,0.7956,1161.3,814.46,1203.46,1886.67,1942.42,861.13,1199,1112,6269,16626,22896,11753,11143,0,100,95724.5,23728392,24.3,40
n100k_d768_l2,100000,768,l2,random,0.5000,0.5000,50000,C_acorn_g32,acorn,ACORN,16,32,16,250,100,0.6241,934.2,1025.96,1847.71,2160.42,2193.38,1070.47,1379,1297,6817,17783,24601,12621,11980,0,100,242975.0,30656776,24.3,40
n100k_d768_l2,100000,768,l2,random,0.5000,0.5000,50000,A_std_standard,std,STANDARD,16,1,32,500,100,0.9972,864.7,1205.42,1314.92,1359.08,1367.79,1156.45,2056,2056,2056,0,2056,0,0,509,100,41699.6,14033032,25.8,32
n100k_d768_l2,100000,768,l2,random,0.5000,0.5000,50000,B_std_acorn1,std,ACORN,16,1,32,500,100,0.9592,512.1,1929.42,2340.42,2588.83,3293.88,1952.89,1277,1161,12824,177561,190386,97291,93094,0,100,41699.6,14033032,25.8,32
n100k_d768_l2,100000,768,l2,random,0.5000,0.5000,50000,D_large24_standard,large,STANDARD,24,1,48,500,100,0.9994,1389.9,722.25,772.71,843.12,852.00,719.48,2097,2097,2097,0,2097,0,0,507,100,36202.3,20424136,32.9,48
n100k_d768_l2,100000,768,l2,random,0.5000,0.5000,50000,E_large24_acorn1,large,ACORN,24,1,48,500,100,0.9595,361.0,2735.29,3283.83,3768.92,4918.12,2770.42,1341,1199,16880,305419,322301,164481,157819,0,100,36202.3,20424136,32.9,48
n100k_d768_l2,100000,768,l2,random,0.5000,0.5000,50000,D_large48_standard,large,STANDARD,48,1,96,500,100,0.9999,1371.4,735.08,771.12,786.96,789.33,729.20,2175,2175,2175,0,2175,0,0,505,100,26936.8,39618184,41.1,96
n100k_d768_l2,100000,768,l2,random,0.5000,0.5000,50000,E_large48_acorn1,large,ACORN,48,1,96,500,100,1.0000,231.0,4348.17,4580.12,4877.38,4973.79,4328.64,1726,1516,21872,540615,562488,285261,277227,0,100,26936.8,39618184,41.1,96
n100k_d768_l2,100000,768,l2,random,0.5000,0.5000,50000,C_acorn_g4,acorn,ACORN,16,4,16,500,100,0.7349,967.1,1025.75,1288.96,2138.17,2178.79,1034.00,1183,1095,12310,39827,52139,26784,25354,0,100,35004.5,18532104,24.2,40
n100k_d768_l2,100000,768,l2,random,0.5000,0.5000,50000,C_acorn_g8,acorn,ACORN,16,8,16,500,100,0.7727,967.2,1044.17,1217.12,1455.17,1908.33,1033.95,1182,1094,12272,39981,52255,26829,25425,0,100,55273.2,20264200,24.3,40
n100k_d768_l2,100000,768,l2,random,0.5000,0.5000,50000,C_acorn_g16,acorn,ACORN,16,16,16,500,100,0.8088,916.3,1053.62,1468.96,2206.17,2214.42,1091.32,1267,1180,12583,40857,53442,27479,25962,0,100,95724.5,23728392,24.3,40
n100k_d768_l2,100000,768,l2,random,0.5000,0.5000,50000,C_acorn_g32,acorn,ACORN,16,32,16,500,100,0.7059,829.2,1077.58,1876.75,2198.83,2200.29,1206.02,1533,1451,13554,42617,56173,28844,27328,0,100,242975.0,30656776,24.3,40
n100k_d768_l2,100000,768,l2,random,0.2500,0.2500,25000,F_exact,exact,EXACT,16,0,0,0,10,1.0000,169.5,5883.75,6065.79,6099.67,6141.62,5899.83,25000,0,0,0,100000,0,0,0,10,0.0,0,0.0,0
n100k_d768_l2,100000,768,l2,random,0.2500,0.2500,25000,A_std_standard,std,STANDARD,16,1,32,50,10,0.8010,5691.1,176.46,190.17,204.58,215.17,175.71,1084,1084,1084,0,1084,0,0,60,10,41699.6,14033032,25.8,32
n100k_d768_l2,100000,768,l2,random,0.2500,0.2500,25000,B_std_acorn1,std,ACORN,16,1,32,50,10,0.9590,2983.7,334.00,479.08,574.67,586.96,335.15,666,543,1191,21351,22544,6097,16446,0,10,41699.6,14033032,25.8,32
n100k_d768_l2,100000,768,l2,random,0.2500,0.2500,25000,D_large24_standard,large,STANDARD,24,1,48,50,10,0.8560,4581.6,215.92,243.17,294.54,295.08,218.27,1324,1324,1324,0,1324,0,0,58,10,36202.3,20424136,32.9,48
n100k_d768_l2,100000,768,l2,random,0.2500,0.2500,25000,E_large24_acorn1,large,ACORN,24,1,48,50,10,0.9590,2394.5,426.25,483.50,489.96,514.46,417.62,662,506,1603,39208,40813,10891,29922,0,10,36202.3,20424136,32.9,48
n100k_d768_l2,100000,768,l2,random,0.2500,0.2500,25000,D_large48_standard,large,STANDARD,48,1,96,50,10,0.9090,4143.7,241.96,257.50,266.00,275.46,241.33,1587,1587,1587,0,1587,0,0,56,10,26936.8,39618184,41.1,96
n100k_d768_l2,100000,768,l2,random,0.2500,0.2500,25000,E_large48_acorn1,large,ACORN,48,1,96,50,10,1.0000,1537.8,656.08,751.62,838.71,906.96,650.27,821,595,2317,81465,83783,22163,61619,0,10,26936.8,39618184,41.1,96
n100k_d768_l2,100000,768,l2,random,0.2500,0.2500,25000,C_acorn_g4,acorn,ACORN,16,4,16,50,10,0.6520,6006.1,168.62,211.12,259.38,270.42,166.50,457,387,1504,5034,6540,1745,4794,0,10,35004.5,18532104,24.2,40
n100k_d768_l2,100000,768,l2,random,0.2500,0.2500,25000,C_acorn_g8,acorn,ACORN,16,8,16,50,10,0.7630,5640.9,186.67,219.12,237.29,237.58,177.28,481,403,1517,4897,6416,1726,4689,0,10,55273.2,20264200,24.3,40
n100k_d768_l2,100000,768,l2,random,0.2500,0.2500,25000,C_acorn_g16,acorn,ACORN,16,16,16,50,10,0.7720,5548.9,188.83,222.54,232.83,256.12,180.21,488,409,1502,4681,6185,1672,4512,0,10,95724.5,23728392,24.3,40
n100k_d768_l2,100000,768,l2,random,0.2500,0.2500,25000,C_acorn_g32,acorn,ACORN,16,32,16,50,10,0.5590,5182.7,182.58,333.50,419.25,436.58,192.95,541,469,1603,5123,6728,1855,4873,0,10,242975.0,30656776,24.3,40
n100k_d768_l2,100000,768,l2,random,0.2500,0.2500,25000,A_std_standard,std,STANDARD,16,1,32,100,10,0.9310,3506.5,273.46,347.21,371.25,383.96,285.19,1503,1503,1503,0,1503,0,0,109,10,41699.6,14033032,25.8,32
n100k_d768_l2,100000,768,l2,random,0.2500,0.2500,25000,B_std_acorn1,std,ACORN,16,1,32,100,10,0.9800,1872.8,531.38,698.17,857.50,930.33,533.95,682,559,2613,51517,54132,14641,39491,0,10,41699.6,14033032,25.8,32
n100k_d768_l2,100000,768,l2,random,0.2500,0.2500,25000,D_large24_standard,large,STANDARD,24,1,48,100,10,0.9550,3323.1,301.25,330.17,378.38,388.33,300.92,1730,1730,1730,0,1730,0,0,107,10,36202.3,20424136,32.9,48
n100k_d768_l2,100000,768,l2,random,0.2500,0.2500,25000,E_large24_acorn1,large,ACORN,24,1,48,100,10,0.9990,1377.2,729.25,799.17,1196.33,1234.67,726.09,687,531,3513,91631,95145,25421,69724,0,10,36202.3,20424136,32.9,48
n100k_d768_l2,100000,768,l2,random,0.2500,0.2500,25000,D_large48_standard,large,STANDARD,48,1,96,100,10,0.9830,3070.2,330.12,350.00,360.67,367.46,325.72,1932,1932,1932,0,1932,0,0,106,10,26936.8,39618184,41.1,96
n100k_d768_l2,100000,768,l2,random,0.2500,0.2500,25000,E_large48_acorn1,large,ACORN,48,1,96,100,10,1.0000,906.9,1115.92,1252.46,1301.33,1373.04,1102.62,842,616,4666,168666,173334,45868,127465,0,10,26936.8,39618184,41.1,96
n100k_d768_l2,100000,768,l2,random,0.2500,0.2500,25000,C_acorn_g4,acorn,ACORN,16,4,16,100,10,0.6810,4045.0,252.33,316.25,336.75,378.00,247.22,517,447,2720,10951,13672,3682,9989,0,10,35004.5,18532104,24.2,40
n100k_d768_l2,100000,768,l2,random,0.2500,0.2500,25000,C_acorn_g8,acorn,ACORN,16,8,16,100,10,0.8040,3785.6,272.79,319.12,333.96,336.12,264.16,542,465,2742,10844,13588,3675,9913,0,10,55273.2,20264200,24.3,40
n100k_d768_l2,100000,768,l2,random,0.2500,0.2500,25000,C_acorn_g16,acorn,ACORN,16,16,16,100,10,0.8240,3490.8,293.83,343.96,470.96,529.79,286.46,573,495,2800,10813,13614,3692,9922,0,10,95724.5,23728392,24.3,40
n100k_d768_l2,100000,768,l2,random,0.2500,0.2500,25000,C_acorn_g32,acorn,ACORN,16,32,16,100,10,0.6330,3451.9,269.33,455.00,532.75,672.04,289.70,628,556,2889,11135,14026,3868,10157,0,10,242975.0,30656776,24.3,40
n100k_d768_l2,100000,768,l2,random,0.2500,0.2500,25000,A_std_standard,std,STANDARD,16,1,32,250,10,0.9940,2203.9,458.33,486.83,508.21,511.04,453.73,1924,1924,1924,0,1924,0,0,259,10,41699.6,14033032,25.8,32
n100k_d768_l2,100000,768,l2,random,0.2500,0.2500,25000,B_std_acorn1,std,ACORN,16,1,32,250,10,0.9800,931.5,1076.88,1278.08,1471.96,1535.42,1073.59,695,572,6661,137178,143841,38859,104981,0,10,41699.6,14033032,25.8,32
n100k_d768_l2,100000,768,l2,random,0.2500,0.2500,25000,D_large24_standard,large,STANDARD,24,1,48,250,10,0.9970,2147.2,468.83,506.46,540.08,573.67,465.72,2038,2038,2038,0,2038,0,0,257,10,36202.3,20424136,32.9,48
n100k_d768_l2,100000,768,l2,random,0.2500,0.2500,25000,E_large24_acorn1,large,ACORN,24,1,48,250,10,0.9990,663.1,1507.92,1613.12,2053.83,2142.50,1508.17,699,543,8665,233163,241829,64576,177252,0,10,36202.3,20424136,32.9,48
n100k_d768_l2,100000,768,l2,random,0.2500,0.2500,25000,D_large48_standard,large,STANDARD,48,1,96,250,10,1.0000,2126.6,474.00,505.42,522.00,530.08,470.23,2136,2136,2136,0,2136,0,0,255,10,26936.8,39618184,41.1,96
n100k_d768_l2,100000,768,l2,random,0.2500,0.2500,25000,E_large48_acorn1,large,ACORN,48,1,96,250,10,1.0000,430.6,2335.50,2501.54,2518.71,2524.58,2322.09,909,683,11157,410313,421471,111501,309969,0,10,26936.8,39618184,41.1,96
n100k_d768_l2,100000,768,l2,random,0.2500,0.2500,25000,C_acorn_g4,acorn,ACORN,16,4,16,250,10,0.6840,2084.4,481.42,583.00,632.62,657.46,479.75,577,506,6360,31560,37922,10279,27643,0,10,35004.5,18532104,24.2,40
n100k_d768_l2,100000,768,l2,random,0.2500,0.2500,25000,C_acorn_g8,acorn,ACORN,16,8,16,250,10,0.8080,2016.5,505.83,583.67,601.00,634.33,495.90,578,501,6434,32087,38522,10457,28065,0,10,55273.2,20264200,24.3,40
n100k_d768_l2,100000,768,l2,random,0.2500,0.2500,25000,C_acorn_g16,acorn,ACORN,16,16,16,250,10,0.8480,1928.8,513.08,643.00,723.38,1038.17,518.46,619,540,6557,32353,38912,10593,28319,0,10,95724.5,23728392,24.3,40
n100k_d768_l2,100000,768,l2,random,0.2500,0.2500,25000,C_acorn_g32,acorn,ACORN,16,32,16,250,10,0.6840,1852.3,513.62,834.50,922.75,928.71,539.87,690,617,6718,32730,39450,10878,28571,0,10,242975.0,30656776,24.3,40
n100k_d768_l2,100000,768,l2,random,0.2500,0.2500,25000,A_std_standard,std,STANDARD,16,1,32,500,10,0.9990,1466.8,683.92,727.17,736.04,770.21,681.74,2056,2056,2056,0,2056,0,0,509,10,41699.6,14033032,25.8,32
n100k_d768_l2,100000,768,l2,random,0.2500,0.2500,25000,B_std_acorn1,std,ACORN,16,1,32,500,10,0.9800,521.3,1916.17,2129.67,2321.79,2352.25,1918.22,853,730,12667,262850,275518,74355,201162,0,10,41699.6,14033032,25.8,32
n100k_d768_l2,100000,768,l2,random,0.2500,0.2500,25000,D_large24_standard,large,STANDARD,24,1,48,500,10,0.9990,1431.5,702.08,755.58,772.38,819.29,698.55,2097,2097,2097,0,2097,0,0,507,10,36202.3,20424136,32.9,48
n100k_d768_l2,100000,768,l2,random,0.2500,0.2500,25000,E_large24_acorn1,large,ACORN,24,1,48,500,10,0.9990,364.0,2756.50,2974.79,3213.58,3266.54,2747.29,892,736,16216,439658,455875,121707,334167,0,10,36202.3,20424136,32.9,48
n100k_d768_l2,100000,768,l2,random,0.2500,0.2500,25000,D_large48_standard,large,STANDARD,48,1,96,500,10,1.0000,1432.7,702.54,746.83,766.29,774.25,697.97,2175,2175,2175,0,2175,0,0,505,10,26936.8,39618184,41.1,96
n100k_d768_l2,100000,768,l2,random,0.2500,0.2500,25000,E_large48_acorn1,large,ACORN,48,1,96,500,10,1.0000,240.6,4183.92,4399.54,4489.62,4556.67,4157.07,1213,987,20293,750450,770745,204042,566702,0,10,26936.8,39618184,41.1,96
n100k_d768_l2,100000,768,l2,random,0.2500,0.2500,25000,C_acorn_g4,acorn,ACORN,16,4,16,500,10,0.7160,1099.9,912.96,1138.92,1791.83,1822.08,909.16,768,698,12364,63760,76126,20659,55467,0,10,35004.5,18532104,24.2,40
n100k_d768_l2,100000,768,l2,random,0.2500,0.2500,25000,C_acorn_g8,acorn,ACORN,16,8,16,500,10,0.8500,1070.4,923.25,1138.33,1611.71,1757.88,934.27,748,670,12603,65840,78444,21357,57086,0,10,55273.2,20264200,24.3,40
n100k_d768_l2,100000,768,l2,random,0.2500,0.2500,25000,C_acorn_g16,acorn,ACORN,16,16,16,500,10,0.8890,1023.0,956.12,1266.25,1828.38,2006.08,977.56,802,723,12941,67551,80494,21927,58567,0,10,95724.5,23728392,24.3,40
n100k_d768_l2,100000,768,l2,random,0.2500,0.2500,25000,C_acorn_g32,acorn,ACORN,16,32,16,500,10,0.7850,958.8,975.92,1536.88,1766.67,2469.08,1042.94,925,853,13459,69606,83067,22849,60218,0,10,242975.0,30656776,24.3,40
n100k_d768_l2,100000,768,l2,random,0.2500,0.2500,25000,F_exact,exact,EXACT,16,0,0,0,100,1.0000,168.4,5944.46,6150.62,6184.08,6187.12,5939.92,25000,0,0,0,100000,0,0,0,100,0.0,0,0.0,0
n100k_d768_l2,100000,768,l2,random,0.2500,0.2500,25000,A_std_standard,std,STANDARD,16,1,32,50,100,0.6768,5067.2,197.88,212.92,233.33,249.62,197.35,1084,1084,1084,0,1084,0,0,60,100,41699.6,14033032,25.8,32
n100k_d768_l2,100000,768,l2,random,0.2500,0.2500,25000,B_std_acorn1,std,ACORN,16,1,32,50,100,0.9576,2813.9,355.21,510.33,610.00,672.04,355.38,666,543,1191,21351,22544,6097,16446,0,100,41699.6,14033032,25.8,32
n100k_d768_l2,100000,768,l2,random,0.2500,0.2500,25000,D_large24_standard,large,STANDARD,24,1,48,50,100,0.7747,4322.3,231.38,253.42,312.33,312.92,231.36,1324,1324,1324,0,1324,0,0,58,100,36202.3,20424136,32.9,48
n100k_d768_l2,100000,768,l2,random,0.2500,0.2500,25000,E_large24_acorn1,large,ACORN,24,1,48,50,100,0.9596,2278.8,449.75,501.67,511.58,519.54,438.83,662,506,1603,39208,40813,10891,29922,0,100,36202.3,20424136,32.9,48
n100k_d768_l2,100000,768,l2,random,0.2500,0.2500,25000,D_large48_standard,large,STANDARD,48,1,96,50,100,0.8501,3800.1,262.79,285.71,301.04,304.29,263.15,1587,1587,1587,0,1587,0,0,56,100,26936.8,39618184,41.1,96
n100k_d768_l2,100000,768,l2,random,0.2500,0.2500,25000,E_large48_acorn1,large,ACORN,48,1,96,50,100,1.0000,1491.0,669.33,781.25,850.75,942.83,670.68,821,595,2317,81465,83783,22163,61619,0,100,26936.8,39618184,41.1,96
n100k_d768_l2,100000,768,l2,random,0.2500,0.2500,25000,C_acorn_g4,acorn,ACORN,16,4,16,50,100,0.6291,5556.8,183.33,229.33,257.71,304.50,179.96,457,387,1504,5034,6540,1745,4794,0,100,35004.5,18532104,24.2,40
n100k_d768_l2,100000,768,l2,random,0.2500,0.2500,25000,C_acorn_g8,acorn,ACORN,16,8,16,50,100,0.7349,5163.2,197.75,239.50,248.71,250.25,193.68,481,403,1517,4897,6416,1726,4689,0,100,55273.2,20264200,24.3,40
n100k_d768_l2,100000,768,l2,random,0.2500,0.2500,25000,C_acorn_g16,acorn,ACORN,16,16,16,50,100,0.7335,5025.7,215.17,236.00,251.21,274.29,198.98,488,409,1502,4681,6185,1672,4512,0,100,95724.5,23728392,24.3,40
n100k_d768_l2,100000,768,l2,random,0.2500,0.2500,25000,C_acorn_g32,acorn,ACORN,16,32,16,50,100,0.5340,4516.3,209.88,407.29,472.29,528.12,221.42,541,469,1604,5125,6730,1855,4874,0,100,242975.0,30656776,24.3,40
n100k_d768_l2,100000,768,l2,random,0.2500,0.2500,25000,A_std_standard,std,STANDARD,16,1,32,100,100,0.8616,3329.8,284.79,370.83,382.04,392.38,300.32,1503,1503,1503,0,1503,0,0,109,100,41699.6,14033032,25.8,32
n100k_d768_l2,100000,768,l2,random,0.2500,0.2500,25000,B_std_acorn1,std,ACORN,16,1,32,100,100,0.9792,1806.3,553.58,736.58,902.04,977.96,553.63,682,559,2613,51517,54132,14641,39491,0,100,41699.6,14033032,25.8,32
n100k_d768_l2,100000,768,l2,random,0.2500,0.2500,25000,D_large24_standard,large,STANDARD,24,1,48,100,100,0.9252,3121.7,321.25,348.46,405.00,418.38,320.34,1730,1730,1730,0,1730,0,0,107,100,36202.3,20424136,32.9,48
n100k_d768_l2,100000,768,l2,random,0.2500,0.2500,25000,E_large24_acorn1,large,ACORN,24,1,48,100,100,0.9997,1334.3,747.29,817.33,1250.71,1344.88,749.43,687,531,3513,91631,95145,25421,69724,0,100,36202.3,20424136,32.9,48
n100k_d768_l2,100000,768,l2,random,0.2500,0.2500,25000,D_large48_standard,large,STANDARD,48,1,96,100,100,0.9638,2953.2,341.96,365.58,371.50,375.46,338.62,1932,1932,1932,0,1932,0,0,106,100,26936.8,39618184,41.1,96
n100k_d768_l2,100000,768,l2,random,0.2500,0.2500,25000,E_large48_acorn1,large,ACORN,48,1,96,100,100,1.0000,891.3,1129.46,1235.29,1304.08,1385.25,1121.97,842,616,4666,168666,173334,45868,127465,0,100,26936.8,39618184,41.1,96
n100k_d768_l2,100000,768,l2,random,0.2500,0.2500,25000,C_acorn_g4,acorn,ACORN,16,4,16,100,100,0.6764,3892.8,264.58,323.00,386.58,395.62,256.88,517,447,2720,10951,13672,3682,9989,0,100,35004.5,18532104,24.2,40
n100k_d768_l2,100000,768,l2,random,0.2500,0.2500,25000,C_acorn_g8,acorn,ACORN,16,8,16,100,100,0.7903,3658.3,282.58,326.58,348.46,357.29,273.35,542,465,2742,10844,13588,3675,9913,0,100,55273.2,20264200,24.3,40
n100k_d768_l2,100000,768,l2,random,0.2500,0.2500,25000,C_acorn_g16,acorn,ACORN,16,16,16,100,100,0.8112,3382.2,302.67,375.79,483.33,493.33,295.66,573,495,2800,10813,13614,3692,9922,0,100,95724.5,23728392,24.3,40
n100k_d768_l2,100000,768,l2,random,0.2500,0.2500,25000,C_acorn_g32,acorn,ACORN,16,32,16,100,100,0.6203,2871.3,331.67,570.00,740.12,746.75,348.27,628,556,2889,11135,14026,3868,10157,0,100,242975.0,30656776,24.3,40
n100k_d768_l2,100000,768,l2,random,0.2500,0.2500,25000,A_std_standard,std,STANDARD,16,1,32,250,100,0.9761,1447.4,632.71,905.08,911.92,913.46,690.91,1924,1924,1924,0,1924,0,0,259,100,41699.6,14033032,25.8,32
n100k_d768_l2,100000,768,l2,random,0.2500,0.2500,25000,B_std_acorn1,std,ACORN,16,1,32,250,100,0.9794,864.0,1108.92,1630.42,1871.92,1908.33,1157.41,695,572,6661,137178,143841,38859,104981,0,100,41699.6,14033032,25.8,32
n100k_d768_l2,100000,768,l2,random,0.2500,0.2500,25000,D_large24_standard,large,STANDARD,24,1,48,250,100,0.9935,2066.1,486.67,524.25,581.71,585.25,484.00,2038,2038,2038,0,2038,0,0,257,100,36202.3,20424136,32.9,48
n100k_d768_l2,100000,768,l2,random,0.2500,0.2500,25000,E_large24_acorn1,large,ACORN,24,1,48,250,100,0.9997,659.4,1523.33,1625.00,2068.54,2135.58,1516.55,699,543,8665,233163,241829,64576,177252,0,100,36202.3,20424136,32.9,48
n100k_d768_l2,100000,768,l2,random,0.2500,0.2500,25000,D_large48_standard,large,STANDARD,48,1,96,250,100,0.9986,2041.6,491.96,525.21,551.92,557.21,489.82,2136,2136,2136,0,2136,0,0,255,100,26936.8,39618184,41.1,96
n100k_d768_l2,100000,768,l2,random,0.2500,0.2500,25000,E_large48_acorn1,large,ACORN,48,1,96,250,100,1.0000,426.5,2348.42,2503.75,2593.75,2594.04,2344.83,909,683,11157,410313,421471,111501,309969,0,100,26936.8,39618184,41.1,96
n100k_d768_l2,100000,768,l2,random,0.2500,0.2500,25000,C_acorn_g4,acorn,ACORN,16,4,16,250,100,0.6907,2033.9,496.79,595.46,641.12,650.67,491.67,577,506,6360,31560,37922,10279,27643,0,100,35004.5,18532104,24.2,40
n100k_d768_l2,100000,768,l2,random,0.2500,0.2500,25000,C_acorn_g8,acorn,ACORN,16,8,16,250,100,0.8080,1975.4,513.58,604.62,611.58,649.62,506.24,578,501,6434,32087,38522,10457,28065,0,100,55273.2,20264200,24.3,40
n100k_d768_l2,100000,768,l2,random,0.2500,0.2500,25000,C_acorn_g16,acorn,ACORN,16,16,16,250,100,0.8452,1888.8,534.83,671.46,763.46,1047.29,529.43,619,540,6557,32353,38912,10593,28319,0,100,95724.5,23728392,24.3,40
n100k_d768_l2,100000,768,l2,random,0.2500,0.2500,25000,C_acorn_g32,acorn,ACORN,16,32,16,250,100,0.6809,1779.6,527.96,859.50,957.38,991.71,561.92,690,617,6718,32730,39450,10878,28571,0,100,242975.0,30656776,24.3,40
n100k_d768_l2,100000,768,l2,random,0.2500,0.2500,25000,A_std_standard,std,STANDARD,16,1,32,500,100,0.9961,1397.8,722.88,756.58,764.62,770.67,715.39,2056,2056,2056,0,2056,0,0,509,100,41699.6,14033032,25.8,32
n100k_d768_l2,100000,768,l2,random,0.2500,0.2500,25000,B_std_acorn1,std,ACORN,16,1,32,500,100,0.9795,513.2,1959.00,2192.88,2322.54,2322.88,1948.58,853,730,12667,262850,275518,74355,201162,0,100,41699.6,14033032,25.8,32
n100k_d768_l2,100000,768,l2,random,0.2500,0.2500,25000,D_large24_standard,large,STANDARD,24,1,48,500,100,0.9992,1397.0,719.79,768.79,789.58,870.04,715.83,2097,2097,2097,0,2097,0,0,507,100,36202.3,20424136,32.9,48
n100k_d768_l2,100000,768,l2,random,0.2500,0.2500,25000,E_large24_acorn1,large,ACORN,24,1,48,500,100,0.9997,362.6,2761.00,2946.96,3290.54,3314.42,2758.02,892,736,16216,439658,455875,121707,334167,0,100,36202.3,20424136,32.9,48
n100k_d768_l2,100000,768,l2,random,0.2500,0.2500,25000,D_large48_standard,large,STANDARD,48,1,96,500,100,1.0000,1386.4,724.54,770.71,777.96,808.88,721.28,2175,2175,2175,0,2175,0,0,505,100,26936.8,39618184,41.1,96
n100k_d768_l2,100000,768,l2,random,0.2500,0.2500,25000,E_large48_acorn1,large,ACORN,48,1,96,500,100,1.0000,240.2,4192.08,4393.67,4425.96,4527.29,4163.75,1213,987,20293,750450,770745,204042,566702,0,100,26936.8,39618184,41.1,96
n100k_d768_l2,100000,768,l2,random,0.2500,0.2500,25000,C_acorn_g4,acorn,ACORN,16,4,16,500,100,0.7220,1083.4,920.54,1107.88,1828.54,1860.88,923.00,768,698,12364,63760,76126,20659,55467,0,100,35004.5,18532104,24.2,40
n100k_d768_l2,100000,768,l2,random,0.2500,0.2500,25000,C_acorn_g8,acorn,ACORN,16,8,16,500,100,0.8505,1061.7,933.00,1128.25,1704.58,1792.08,941.86,748,670,12603,65840,78444,21357,57086,0,100,55273.2,20264200,24.3,40
n100k_d768_l2,100000,768,l2,random,0.2500,0.2500,25000,C_acorn_g16,acorn,ACORN,16,16,16,500,100,0.8879,1007.8,964.08,1297.67,1879.46,2027.88,992.26,802,723,12941,67551,80494,21927,58567,0,100,95724.5,23728392,24.3,40
n100k_d768_l2,100000,768,l2,random,0.2500,0.2500,25000,C_acorn_g32,acorn,ACORN,16,32,16,500,100,0.7822,947.4,988.17,1577.71,1782.75,2455.79,1055.52,925,853,13459,69606,83067,22849,60218,0,100,242975.0,30656776,24.3,40
n100k_d768_l2,100000,768,l2,random,0.1000,0.1000,10000,F_exact,exact,EXACT,16,0,0,0,10,1.0000,390.2,2565.88,2741.21,2786.25,2829.75,2562.98,10000,0,0,0,100000,0,0,0,10,0.0,0,0.0,0
n100k_d768_l2,100000,768,l2,random,0.1000,0.1000,10000,A_std_standard,std,STANDARD,16,1,32,50,10,0.7570,5624.0,177.12,197.38,214.25,221.79,177.81,1084,1084,1084,0,1084,0,0,60,10,41699.6,14033032,25.8,32
n100k_d768_l2,100000,768,l2,random,0.1000,0.1000,10000,B_std_acorn1,std,ACORN,16,1,32,50,10,0.6300,3907.6,254.00,322.25,404.71,468.67,255.91,328,218,1439,34097,35538,4466,31071,0,10,41699.6,14033032,25.8,32
n100k_d768_l2,100000,768,l2,random,0.1000,0.1000,10000,D_large24_standard,large,STANDARD,24,1,48,50,10,0.8270,4754.5,209.92,229.67,278.62,287.62,210.33,1324,1324,1324,0,1324,0,0,58,10,36202.3,20424136,32.9,48
n100k_d768_l2,100000,768,l2,random,0.1000,0.1000,10000,E_large24_acorn1,large,ACORN,24,1,48,50,10,0.8590,2810.4,357.92,417.75,443.00,565.12,355.83,331,210,1840,57642,59483,7138,52345,0,10,36202.3,20424136,32.9,48
n100k_d768_l2,100000,768,l2,random,0.1000,0.1000,10000,D_large48_standard,large,STANDARD,48,1,96,50,10,0.8990,4150.8,242.04,262.79,277.50,289.75,240.92,1587,1587,1587,0,1587,0,0,56,10,26936.8,39618184,41.1,96
n100k_d768_l2,100000,768,l2,random,0.1000,0.1000,10000,E_large48_acorn1,large,ACORN,48,1,96,50,10,1.0000,1811.3,556.33,673.92,888.75,1046.96,552.10,486,257,2505,108240,110747,12926,97820,0,10,26936.8,39618184,41.1,96
n100k_d768_l2,100000,768,l2,random,0.1000,0.1000,10000,C_acorn_g4,acorn,ACORN,16,4,16,50,10,0.4890,8476.6,112.79,172.12,189.17,273.00,117.97,206,174,1564,8313,9879,1295,8583,0,9,35004.5,18532104,24.2,40
n100k_d768_l2,100000,768,l2,random,0.1000,0.1000,10000,C_acorn_g8,acorn,ACORN,16,8,16,50,10,0.7110,7723.6,132.75,171.71,198.04,211.88,129.47,232,173,1863,8483,10347,1327,9020,0,9,55273.2,20264200,24.3,40
n100k_d768_l2,100000,768,l2,random,0.1000,0.1000,10000,C_acorn_g16,acorn,ACORN,16,16,16,50,10,0.7690,7309.3,140.83,180.04,193.54,194.00,136.81,254,182,1940,8416,10358,1337,9020,0,10,95724.5,23728392,24.3,40
n100k_d768_l2,100000,768,l2,random,0.1000,0.1000,10000,C_acorn_g32,acorn,ACORN,16,32,16,50,10,0.6350,7175.0,137.79,208.21,253.92,305.79,139.37,266,197,2054,8666,10721,1390,9331,0,10,242975.0,30656776,24.3,40
n100k_d768_l2,100000,768,l2,random,0.1000,0.1000,10000,A_std_standard,std,STANDARD,16,1,32,100,10,0.9170,3728.0,269.54,294.50,299.38,304.62,268.24,1503,1503,1503,0,1503,0,0,109,10,41699.6,14033032,25.8,32
n100k_d768_l2,100000,768,l2,random,0.1000,0.1000,10000,B_std_acorn1,std,ACORN,16,1,32,100,10,0.6500,2345.9,417.38,575.62,742.75,792.25,426.28,341,231,2838,69472,72311,9046,63265,0,10,41699.6,14033032,25.8,32
n100k_d768_l2,100000,768,l2,random,0.1000,0.1000,10000,D_large24_standard,large,STANDARD,24,1,48,100,10,0.9520,3313.9,301.67,329.21,376.00,386.12,301.76,1730,1730,1730,0,1730,0,0,107,10,36202.3,20424136,32.9,48
n100k_d768_l2,100000,768,l2,random,0.1000,0.1000,10000,E_large24_acorn1,large,ACORN,24,1,48,100,10,0.8690,1679.7,600.62,671.25,850.96,1166.33,595.36,341,220,3561,114405,117968,14123,103845,0,10,36202.3,20424136,32.9,48
n100k_d768_l2,100000,768,l2,random,0.1000,0.1000,10000,D_large48_standard,large,STANDARD,48,1,96,100,10,0.9820,3082.6,328.04,348.50,361.42,372.88,324.41,1932,1932,1932,0,1932,0,0,106,10,26936.8,39618184,41.1,96
n100k_d768_l2,100000,768,l2,random,0.1000,0.1000,10000,E_large48_acorn1,large,ACORN,48,1,96,100,10,1.0000,1085.1,923.62,1055.17,1323.75,1451.42,921.54,504,275,4614,202652,207268,24167,183100,0,10,26936.8,39618184,41.1,96
n100k_d768_l2,100000,768,l2,random,0.1000,0.1000,10000,C_acorn_g4,acorn,ACORN,16,4,16,100,10,0.5010,5511.6,177.62,260.12,283.75,365.71,181.44,227,195,2757,16560,19318,2524,16794,0,9,35004.5,18532104,24.2,40
n100k_d768_l2,100000,768,l2,random,0.1000,0.1000,10000,C_acorn_g8,acorn,ACORN,16,8,16,100,10,0.7350,5007.7,197.00,274.38,295.25,372.12,199.69,249,190,3079,17142,20222,2596,17625,0,9,55273.2,20264200,24.3,40
n100k_d768_l2,100000,768,l2,random,0.1000,0.1000,10000,C_acorn_g16,acorn,ACORN,16,16,16,100,10,0.7860,4817.1,206.96,267.67,278.12,287.38,207.59,269,197,3166,17166,20334,2623,17710,0,10,95724.5,23728392,24.3,40
n100k_d768_l2,100000,768,l2,random,0.1000,0.1000,10000,C_acorn_g32,acorn,ACORN,16,32,16,100,10,0.6490,4706.3,200.67,284.79,387.88,405.38,212.48,289,219,3295,17330,20626,2675,17951,0,10,242975.0,30656776,24.3,40
n100k_d768_l2,100000,768,l2,random,0.1000,0.1000,10000,A_std_standard,std,STANDARD,16,1,32,250,10,0.9870,2265.3,446.08,479.58,497.42,501.75,441.43,1924,1924,1924,0,1924,0,0,259,10,41699.6,14033032,25.8,32
n100k_d768_l2,100000,768,l2,random,0.1000,0.1000,10000,B_std_acorn1,std,ACORN,16,1,32,250,10,0.7200,1004.7,938.21,1518.79,1812.38,2104.29,995.31,596,486,7037,174228,181266,22545,158721,0,10,41699.6,14033032,25.8,32
n100k_d768_l2,100000,768,l2,random,0.1000,0.1000,10000,D_large24_standard,large,STANDARD,24,1,48,250,10,0.9960,2174.7,462.58,497.42,540.08,558.71,459.84,2038,2038,2038,0,2038,0,0,257,10,36202.3,20424136,32.9,48
n100k_d768_l2,100000,768,l2,random,0.1000,0.1000,10000,E_large24_acorn1,large,ACORN,24,1,48,250,10,0.8990,726.6,1323.62,1981.71,2328.25,2401.38,1376.20,601,481,8512,275798,284311,34036,250274,0,10,36202.3,20424136,32.9,48
n100k_d768_l2,100000,768,l2,random,0.1000,0.1000,10000,D_large48_standard,large,STANDARD,48,1,96,250,10,0.9990,2116.1,476.42,503.83,530.62,542.83,472.56,2136,2136,2136,0,2136,0,0,255,10,26936.8,39618184,41.1,96
n100k_d768_l2,100000,768,l2,random,0.1000,0.1000,10000,E_large48_acorn1,large,ACORN,48,1,96,250,10,1.0000,504.1,1997.12,2237.79,2346.46,2484.96,1983.69,818,589,10273,455452,465726,54166,411559,0,10,26936.8,39618184,41.1,96
n100k_d768_l2,100000,768,l2,random,0.1000,0.1000,10000,C_acorn_g4,acorn,ACORN,16,4,16,250,10,0.5050,2687.6,370.38,568.33,628.25,933.71,372.08,354,323,5848,37111,42960,5579,37381,0,9,35004.5,18532104,24.2,40
n100k_d768_l2,100000,768,l2,random,0.1000,0.1000,10000,C_acorn_g8,acorn,ACORN,16,8,16,250,10,0.7450,2473.9,401.42,578.38,642.33,729.71,404.23,382,323,6308,39283,45593,5843,39749,0,9,55273.2,20264200,24.3,40
n100k_d768_l2,100000,768,l2,random,0.1000,0.1000,10000,C_acorn_g16,acorn,ACORN,16,16,16,250,10,0.7980,2284.4,441.08,582.62,649.71,687.50,437.75,439,367,6609,40345,46956,6045,40911,0,10,95724.5,23728392,24.3,40
n100k_d768_l2,100000,768,l2,random,0.1000,0.1000,10000,C_acorn_g32,acorn,ACORN,16,32,16,250,10,0.6700,2210.2,428.42,723.38,815.08,818.75,452.45,464,394,6952,41897,48850,6315,42535,0,10,242975.0,30656776,24.3,40
n100k_d768_l2,100000,768,l2,random,0.1000,0.1000,10000,A_std_standard,std,STANDARD,16,1,32,500,10,0.9980,1468.1,680.62,729.92,761.17,762.42,681.13,2056,2056,2056,0,2056,0,0,509,10,41699.6,14033032,25.8,32
n100k_d768_l2,100000,768,l2,random,0.1000,0.1000,10000,B_std_acorn1,std,ACORN,16,1,32,500,10,0.8100,490.1,1895.96,2897.00,3439.67,4230.38,2040.57,968,858,14443,359845,374290,46224,328065,0,10,41699.6,14033032,25.8,32
n100k_d768_l2,100000,768,l2,random,0.1000,0.1000,10000,D_large24_standard,large,STANDARD,24,1,48,500,10,0.9990,1420.1,707.38,756.33,782.92,844.33,704.20,2097,2097,2097,0,2097,0,0,507,10,36202.3,20424136,32.9,48
n100k_d768_l2,100000,768,l2,random,0.1000,0.1000,10000,E_large24_acorn1,large,ACORN,24,1,48,500,10,0.9390,369.9,2689.25,3338.33,4341.21,4389.12,2703.59,938,817,16595,539810,556406,66565,489841,0,10,36202.3,20424136,32.9,48
n100k_d768_l2,100000,768,l2,random,0.1000,0.1000,10000,D_large48_standard,large,STANDARD,48,1,96,500,10,1.0000,1387.7,710.62,791.79,906.75,2004.00,720.62,2175,2175,2175,0,2175,0,0,505,10,26936.8,39618184,41.1,96
n100k_d768_l2,100000,768,l2,random,0.1000,0.1000,10000,E_large48_acorn1,large,ACORN,48,1,96,500,10,1.0000,266.6,3727.04,4161.96,4246.04,4307.29,3751.17,1305,1075,20530,914001,934532,107951,826581,0,10,26936.8,39618184,41.1,96
n100k_d768_l2,100000,768,l2,random,0.1000,0.1000,10000,C_acorn_g4,acorn,ACORN,16,4,16,500,10,0.5650,1558.3,725.12,1128.12,1285.25,1527.92,641.73,523,492,10201,66848,77051,9948,67103,0,9,35004.5,18532104,24.2,40
n100k_d768_l2,100000,768,l2,random,0.1000,0.1000,10000,C_acorn_g8,acorn,ACORN,16,8,16,500,10,0.7450,1552.1,688.33,1221.21,1382.79,1785.21,644.28,563,504,10415,67455,77872,9989,67882,0,9,55273.2,20264200,24.3,40
n100k_d768_l2,100000,768,l2,random,0.1000,0.1000,10000,C_acorn_g16,acorn,ACORN,16,16,16,500,10,0.8180,1287.3,797.42,1187.92,1525.33,1540.38,776.83,716,644,12061,77071,89133,11484,77649,0,10,95724.5,23728392,24.3,40
n100k_d768_l2,100000,768,l2,random,0.1000,0.1000,10000,C_acorn_g32,acorn,ACORN,16,32,16,500,10,0.7590,1269.6,795.38,1199.42,1347.04,1393.58,787.67,702,632,12269,77998,90269,11695,78574,0,10,242975.0,30656776,24.3,40
n100k_d768_l2,100000,768,l2,random,0.1000,0.1000,10000,F_exact,exact,EXACT,16,0,0,0,100,1.0000,441.3,2263.67,2289.38,2315.29,2331.83,2265.80,10000,0,0,0,100000,0,0,0,100,0.0,0,0.0,0
n100k_d768_l2,100000,768,l2,random,0.1000,0.1000,10000,A_std_standard,std,STANDARD,16,1,32,50,100,0.6012,5283.0,190.75,204.08,207.42,208.62,189.29,1084,1084,1084,0,1084,0,0,60,96,41699.6,14033032,25.8,32
n100k_d768_l2,100000,768,l2,random,0.1000,0.1000,10000,B_std_acorn1,std,ACORN,16,1,32,50,100,0.6282,3889.7,253.21,325.79,409.62,474.00,257.09,328,218,1439,34097,35538,4466,31071,0,100,41699.6,14033032,25.8,32
n100k_d768_l2,100000,768,l2,random,0.1000,0.1000,10000,D_large24_standard,large,STANDARD,24,1,48,50,100,0.7062,4478.0,224.46,239.29,300.54,306.25,223.32,1324,1324,1324,0,1324,0,0,58,99,36202.3,20424136,32.9,48
n100k_d768_l2,100000,768,l2,random,0.1000,0.1000,10000,E_large24_acorn1,large,ACORN,24,1,48,50,100,0.8595,2782.5,361.08,422.46,460.46,622.29,359.39,331,210,1840,57642,59483,7138,52345,0,100,36202.3,20424136,32.9,48
n100k_d768_l2,100000,768,l2,random,0.1000,0.1000,10000,D_large48_standard,large,STANDARD,48,1,96,50,100,0.7953,3937.1,256.21,272.29,274.21,276.21,254.00,1587,1587,1587,0,1587,0,0,56,100,26936.8,39618184,41.1,96
n100k_d768_l2,100000,768,l2,random,0.1000,0.1000,10000,E_large48_acorn1,large,ACORN,48,1,96,50,100,1.0000,1821.3,548.17,668.83,907.67,1032.92,549.05,486,257,2505,108240,110747,12926,97820,0,100,26936.8,39618184,41.1,96
n100k_d768_l2,100000,768,l2,random,0.1000,0.1000,10000,C_acorn_g4,acorn,ACORN,16,4,16,50,100,0.4537,8091.9,116.96,177.04,197.38,288.29,123.58,206,174,1564,8313,9879,1295,8583,0,97,35004.5,18532104,24.2,40
n100k_d768_l2,100000,768,l2,random,0.1000,0.1000,10000,C_acorn_g8,acorn,ACORN,16,8,16,50,100,0.6821,7388.8,134.42,180.50,200.58,229.96,135.34,232,173,1863,8483,10347,1327,9020,0,98,55273.2,20264200,24.3,40
n100k_d768_l2,100000,768,l2,random,0.1000,0.1000,10000,C_acorn_g16,acorn,ACORN,16,16,16,50,100,0.7394,6980.3,147.75,186.42,201.54,209.17,143.26,254,182,1940,8416,10358,1337,9020,0,100,95724.5,23728392,24.3,40
n100k_d768_l2,100000,768,l2,random,0.1000,0.1000,10000,C_acorn_g32,acorn,ACORN,16,32,16,50,100,0.6085,6874.6,140.25,210.88,263.12,329.83,145.46,266,197,2054,8666,10721,1390,9331,0,100,242975.0,30656776,24.3,40
n100k_d768_l2,100000,768,l2,random,0.1000,0.1000,10000,A_std_standard,std,STANDARD,16,1,32,100,100,0.8027,3705.7,272.92,288.33,299.08,300.54,269.85,1503,1503,1503,0,1503,0,0,109,100,41699.6,14033032,25.8,32
n100k_d768_l2,100000,768,l2,random,0.1000,0.1000,10000,B_std_acorn1,std,ACORN,16,1,32,100,100,0.6492,2406.7,395.88,572.29,750.12,771.67,415.51,341,231,2838,69472,72311,9046,63265,0,100,41699.6,14033032,25.8,32
n100k_d768_l2,100000,768,l2,random,0.1000,0.1000,10000,D_large24_standard,large,STANDARD,24,1,48,100,100,0.8858,3294.7,304.92,326.00,385.50,394.29,303.51,1730,1730,1730,0,1730,0,0,107,100,36202.3,20424136,32.9,48
n100k_d768_l2,100000,768,l2,random,0.1000,0.1000,10000,E_large24_acorn1,large,ACORN,24,1,48,100,100,0.8695,1723.2,575.08,657.42,840.88,1128.00,580.31,341,220,3561,114405,117968,14123,103845,0,100,36202.3,20424136,32.9,48
n100k_d768_l2,100000,768,l2,random,0.1000,0.1000,10000,D_large48_standard,large,STANDARD,48,1,96,100,100,0.9371,3060.0,331.92,349.50,356.17,358.88,326.80,1932,1932,1932,0,1932,0,0,106,100,26936.8,39618184,41.1,96
n100k_d768_l2,100000,768,l2,random,0.1000,0.1000,10000,E_large48_acorn1,large,ACORN,48,1,96,100,100,1.0000,1114.4,892.92,1036.67,1332.67,1343.21,897.33,504,275,4614,202652,207268,24167,183100,0,100,26936.8,39618184,41.1,96
n100k_d768_l2,100000,768,l2,random,0.1000,0.1000,10000,C_acorn_g4,acorn,ACORN,16,4,16,100,100,0.4841,5337.6,182.83,272.50,299.62,375.88,187.35,227,195,2757,16560,19318,2524,16794,0,97,35004.5,18532104,24.2,40
n100k_d768_l2,100000,768,l2,random,0.1000,0.1000,10000,C_acorn_g8,acorn,ACORN,16,8,16,100,100,0.7254,4918.2,203.88,272.75,295.75,384.42,203.33,249,190,3079,17142,20222,2596,17625,0,98,55273.2,20264200,24.3,40
n100k_d768_l2,100000,768,l2,random,0.1000,0.1000,10000,C_acorn_g16,acorn,ACORN,16,16,16,100,100,0.7779,4768.4,207.83,275.79,290.83,292.83,209.71,269,197,3166,17166,20334,2623,17710,0,100,95724.5,23728392,24.3,40
n100k_d768_l2,100000,768,l2,random,0.1000,0.1000,10000,C_acorn_g32,acorn,ACORN,16,32,16,100,100,0.6354,4743.6,198.75,280.79,389.17,410.00,210.81,289,219,3295,17330,20626,2675,17951,0,100,242975.0,30656776,24.3,40
n100k_d768_l2,100000,768,l2,random,0.1000,0.1000,10000,A_std_standard,std,STANDARD,16,1,32,250,100,0.9598,2271.5,446.38,468.92,480.96,488.08,440.23,1924,1924,1924,0,1924,0,0,259,100,41699.6,14033032,25.8,32
n100k_d768_l2,100000,768,l2,random,0.1000,0.1000,10000,B_std_acorn1,std,ACORN,16,1,32,250,100,0.7194,1046.7,876.88,1457.71,1829.46,1927.58,955.42,596,486,7037,174228,181266,22545,158721,0,100,41699.6,14033032,25.8,32
n100k_d768_l2,100000,768,l2,random,0.1000,0.1000,10000,D_large24_standard,large,STANDARD,24,1,48,250,100,0.9879,2154.1,469.79,498.96,550.21,574.75,464.23,2038,2038,2038,0,2038,0,0,257,100,36202.3,20424136,32.9,48
n100k_d768_l2,100000,768,l2,random,0.1000,0.1000,10000,E_large24_acorn1,large,ACORN,24,1,48,250,100,0.8995,777.8,1237.54,1759.92,2153.12,2344.67,1285.71,601,481,8512,275798,284311,34036,250274,0,100,36202.3,20424136,32.9,48
n100k_d768_l2,100000,768,l2,random,0.1000,0.1000,10000,D_large48_standard,large,STANDARD,48,1,96,250,100,0.9948,2147.4,470.83,491.12,507.79,513.83,465.67,2136,2136,2136,0,2136,0,0,255,100,26936.8,39618184,41.1,96
n100k_d768_l2,100000,768,l2,random,0.1000,0.1000,10000,E_large48_acorn1,large,ACORN,48,1,96,250,100,1.0000,529.9,1872.17,2143.25,2257.33,2295.42,1887.29,818,589,10273,455452,465726,54166,411559,0,100,26936.8,39618184,41.1,96
n100k_d768_l2,100000,768,l2,random,0.1000,0.1000,10000,C_acorn_g4,acorn,ACORN,16,4,16,250,100,0.4912,2728.8,366.17,563.92,625.96,910.29,366.47,354,323,5848,37111,42960,5579,37381,0,97,35004.5,18532104,24.2,40
n100k_d768_l2,100000,768,l2,random,0.1000,0.1000,10000,C_acorn_g8,acorn,ACORN,16,8,16,250,100,0.7432,2543.3,389.12,558.42,636.42,720.58,393.20,382,323,6308,39283,45593,5843,39749,0,98,55273.2,20264200,24.3,40
n100k_d768_l2,100000,768,l2,random,0.1000,0.1000,10000,C_acorn_g16,acorn,ACORN,16,16,16,250,100,0.7969,2352.4,415.92,585.50,660.42,686.88,425.11,439,367,6609,40345,46956,6045,40911,0,100,95724.5,23728392,24.3,40
n100k_d768_l2,100000,768,l2,random,0.1000,0.1000,10000,C_acorn_g32,acorn,ACORN,16,32,16,250,100,0.6616,2240.6,417.33,701.04,820.42,823.62,446.32,464,394,6952,41897,48850,6315,42535,0,100,242975.0,30656776,24.3,40
n100k_d768_l2,100000,768,l2,random,0.1000,0.1000,10000,A_std_standard,std,STANDARD,16,1,32,500,100,0.9934,1488.2,680.67,711.62,731.00,731.83,671.95,2056,2056,2056,0,2056,0,0,509,100,41699.6,14033032,25.8,32
n100k_d768_l2,100000,768,l2,random,0.1000,0.1000,10000,B_std_acorn1,std,ACORN,16,1,32,500,100,0.8094,528.1,1746.88,2745.46,2945.96,3730.04,1893.74,968,858,14443,359845,374290,46224,328065,0,100,41699.6,14033032,25.8,32
n100k_d768_l2,100000,768,l2,random,0.1000,0.1000,10000,D_large24_standard,large,STANDARD,24,1,48,500,100,0.9982,1464.4,689.29,727.04,776.46,787.88,682.89,2097,2097,2097,0,2097,0,0,507,100,36202.3,20424136,32.9,48
n100k_d768_l2,100000,768,l2,random,0.1000,0.1000,10000,E_large24_acorn1,large,ACORN,24,1,48,500,100,0.9395,408.4,2415.58,3006.21,3286.04,3778.08,2448.84,938,817,16595,539810,556406,66565,489841,0,100,36202.3,20424136,32.9,48
n100k_d768_l2,100000,768,l2,random,0.1000,0.1000,10000,D_large48_standard,large,STANDARD,48,1,96,500,100,0.9997,1448.8,696.25,724.21,745.29,747.29,690.22,2175,2175,2175,0,2175,0,0,505,100,26936.8,39618184,41.1,96
n100k_d768_l2,100000,768,l2,random,0.1000,0.1000,10000,E_large48_acorn1,large,ACORN,48,1,96,500,100,1.0000,271.0,3649.50,4084.88,4128.88,4134.96,3689.84,1305,1075,20530,914001,934532,107951,826581,0,100,26936.8,39618184,41.1,96
n100k_d768_l2,100000,768,l2,random,0.1000,0.1000,10000,C_acorn_g4,acorn,ACORN,16,4,16,500,100,0.5515,1557.1,730.50,1116.79,1303.54,1495.50,642.23,523,492,10201,66848,77051,9948,67103,0,97,35004.5,18532104,24.2,40
n100k_d768_l2,100000,768,l2,random,0.1000,0.1000,10000,C_acorn_g8,acorn,ACORN,16,8,16,500,100,0.7433,1547.5,685.62,1215.96,1400.79,1776.12,646.21,563,504,10415,67455,77872,9989,67882,0,98,55273.2,20264200,24.3,40
n100k_d768_l2,100000,768,l2,random,0.1000,0.1000,10000,C_acorn_g16,acorn,ACORN,16,16,16,500,100,0.8169,1277.4,802.92,1193.42,1539.29,1539.54,782.84,716,644,12061,77071,89133,11484,77649,0,100,95724.5,23728392,24.3,40
n100k_d768_l2,100000,768,l2,random,0.1000,0.1000,10000,C_acorn_g32,acorn,ACORN,16,32,16,500,100,0.7514,1260.5,797.96,1205.83,1378.21,1393.17,793.31,702,632,12269,77998,90269,11695,78574,0,100,242975.0,30656776,24.3,40
n100k_d768_l2,100000,768,l2,random,0.0500,0.0500,5000,F_exact,exact,EXACT,16,0,0,0,10,1.0000,1110.5,897.58,916.25,980.88,991.83,900.46,5000,0,0,0,100000,0,0,0,10,0.0,0,0.0,0
n100k_d768_l2,100000,768,l2,random,0.0500,0.0500,5000,A_std_standard,std,STANDARD,16,1,32,50,10,0.7110,5748.5,174.46,189.21,191.50,193.33,173.96,1084,1084,1084,0,1084,0,0,60,10,41699.6,14033032,25.8,32
n100k_d768_l2,100000,768,l2,random,0.0500,0.0500,5000,B_std_acorn1,std,ACORN,16,1,32,50,10,0.3700,4987.4,182.38,316.00,387.71,388.17,200.51,212,125,1475,37986,39463,3097,36365,0,10,41699.6,14033032,25.8,32
n100k_d768_l2,100000,768,l2,random,0.0500,0.0500,5000,D_large24_standard,large,STANDARD,24,1,48,50,10,0.8070,4852.8,206.58,223.25,273.92,279.67,206.07,1324,1324,1324,0,1324,0,0,58,10,36202.3,20424136,32.9,48
n100k_d768_l2,100000,768,l2,random,0.0500,0.0500,5000,E_large24_acorn1,large,ACORN,24,1,48,50,10,0.6500,3407.6,283.46,374.92,546.50,570.29,293.46,215,112,1848,62299,64149,4687,59461,0,10,36202.3,20424136,32.9,48
n100k_d768_l2,100000,768,l2,random,0.0500,0.0500,5000,D_large48_standard,large,STANDARD,48,1,96,50,10,0.8800,4251.1,237.71,251.46,255.67,256.46,235.23,1587,1587,1587,0,1587,0,0,56,10,26936.8,39618184,41.1,96
n100k_d768_l2,100000,768,l2,random,0.0500,0.0500,5000,E_large48_acorn1,large,ACORN,48,1,96,50,10,0.7600,2102.7,458.79,623.54,712.50,774.92,475.57,344,146,2479,114124,116605,8195,108409,0,10,26936.8,39618184,41.1,96
n100k_d768_l2,100000,768,l2,random,0.0500,0.0500,5000,C_acorn_g4,acorn,ACORN,16,4,16,50,10,0.2850,12335.1,73.79,143.17,159.96,174.33,81.07,110,93,1546,9624,11172,977,10194,0,9,35004.5,18532104,24.2,40
n100k_d768_l2,100000,768,l2,random,0.0500,0.0500,5000,C_acorn_g8,acorn,ACORN,16,8,16,50,10,0.4650,11259.9,79.08,149.50,169.21,191.38,88.81,128,95,1795,9391,11187,974,10213,0,9,55273.2,20264200,24.3,40
n100k_d768_l2,100000,768,l2,random,0.0500,0.0500,5000,C_acorn_g16,acorn,ACORN,16,16,16,50,10,0.6760,9667.9,93.79,152.83,174.17,191.58,103.43,156,97,2283,9753,12037,1011,11026,0,10,95724.5,23728392,24.3,40
n100k_d768_l2,100000,768,l2,random,0.0500,0.0500,5000,C_acorn_g32,acorn,ACORN,16,32,16,50,10,0.5530,10266.0,89.21,159.46,177.04,189.38,97.41,158,92,2255,9493,11749,991,10758,0,9,242975.0,30656776,24.3,40
n100k_d768_l2,100000,768,l2,random,0.0500,0.0500,5000,A_std_standard,std,STANDARD,16,1,32,100,10,0.8840,3785.4,265.12,291.92,354.58,360.83,264.17,1503,1503,1503,0,1503,0,0,109,10,41699.6,14033032,25.8,32
n100k_d768_l2,100000,768,l2,random,0.0500,0.0500,5000,B_std_acorn1,std,ACORN,16,1,32,100,10,0.3700,2965.5,313.62,462.04,505.50,560.79,337.22,248,161,2759,72106,74867,5814,69053,0,10,41699.6,14033032,25.8,32
n100k_d768_l2,100000,768,l2,random,0.0500,0.0500,5000,D_large24_standard,large,STANDARD,24,1,48,100,10,0.9340,3406.9,296.46,312.71,372.54,373.42,293.52,1730,1730,1730,0,1730,0,0,107,10,36202.3,20424136,32.9,48
n100k_d768_l2,100000,768,l2,random,0.0500,0.0500,5000,E_large24_acorn1,large,ACORN,24,1,48,100,10,0.6500,2057.2,484.79,611.38,671.42,726.04,486.09,249,146,3342,114130,117474,8559,108915,0,10,36202.3,20424136,32.9,48
n100k_d768_l2,100000,768,l2,random,0.0500,0.0500,5000,D_large48_standard,large,STANDARD,48,1,96,100,10,0.9760,3151.0,321.92,339.17,348.00,353.38,317.36,1932,1932,1932,0,1932,0,0,106,10,26936.8,39618184,41.1,96
n100k_d768_l2,100000,768,l2,random,0.0500,0.0500,5000,E_large48_acorn1,large,ACORN,48,1,96,100,10,0.7900,1209.0,788.25,1070.42,1486.62,1964.38,827.12,413,216,4618,215320,219940,15482,204458,0,10,26936.8,39618184,41.1,96
n100k_d768_l2,100000,768,l2,random,0.0500,0.0500,5000,C_acorn_g4,acorn,ACORN,16,4,16,100,10,0.2890,7603.3,120.67,228.67,319.79,383.46,131.52,128,112,2622,17651,20274,1774,18500,0,9,35004.5,18532104,24.2,40
n100k_d768_l2,100000,768,l2,random,0.0500,0.0500,5000,C_acorn_g8,acorn,ACORN,16,8,16,100,10,0.4860,6983.5,130.21,243.38,257.25,297.67,143.19,148,115,2931,17685,20617,1785,18832,0,9,55273.2,20264200,24.3,40
n100k_d768_l2,100000,768,l2,random,0.0500,0.0500,5000,C_acorn_g16,acorn,ACORN,16,16,16,100,10,0.6900,6172.2,143.21,252.12,256.79,337.04,162.02,178,119,3428,18130,21560,1810,19749,0,10,95724.5,23728392,24.3,40
n100k_d768_l2,100000,768,l2,random,0.0500,0.0500,5000,C_acorn_g32,acorn,ACORN,16,32,16,100,10,0.5860,6225.9,150.00,249.33,267.92,293.17,160.62,195,130,3418,18051,21471,1829,19641,0,9,242975.0,30656776,24.3,40
n100k_d768_l2,100000,768,l2,random,0.0500,0.0500,5000,A_std_standard,std,STANDARD,16,1,32,250,10,0.9880,2322.8,435.42,460.92,472.58,477.58,430.51,1924,1924,1924,0,1924,0,0,259,10,41699.6,14033032,25.8,32
n100k_d768_l2,100000,768,l2,random,0.0500,0.0500,5000,B_std_acorn1,std,ACORN,16,1,32,250,10,0.4200,1355.9,784.62,1145.96,1402.12,1634.75,737.51,413,325,6098,160325,166425,12889,153536,0,10,41699.6,14033032,25.8,32
n100k_d768_l2,100000,768,l2,random,0.0500,0.0500,5000,D_large24_standard,large,STANDARD,24,1,48,250,10,0.9920,2225.5,453.00,482.29,535.38,536.25,449.33,2038,2038,2038,0,2038,0,0,257,10,36202.3,20424136,32.9,48
n100k_d768_l2,100000,768,l2,random,0.0500,0.0500,5000,E_large24_acorn1,large,ACORN,24,1,48,250,10,0.6700,884.2,1194.17,1558.62,1878.50,1901.42,1130.93,446,342,7918,272183,280103,20385,259717,0,10,36202.3,20424136,32.9,48
n100k_d768_l2,100000,768,l2,random,0.0500,0.0500,5000,D_large48_standard,large,STANDARD,48,1,96,250,10,1.0000,2191.2,462.21,482.33,498.62,502.38,456.36,2136,2136,2136,0,2136,0,0,255,10,26936.8,39618184,41.1,96
n100k_d768_l2,100000,768,l2,random,0.0500,0.0500,5000,E_large48_acorn1,large,ACORN,48,1,96,250,10,0.9000,519.4,1798.33,2667.96,3073.54,3563.04,1925.19,706,508,11101,521779,532881,37054,495827,0,10,26936.8,39618184,41.1,96
n100k_d768_l2,100000,768,l2,random,0.0500,0.0500,5000,C_acorn_g4,acorn,ACORN,16,4,16,250,10,0.3180,4215.0,285.50,469.00,541.92,688.04,237.25,205,189,4528,31883,36413,3194,33218,0,9,35004.5,18532104,24.2,40
n100k_d768_l2,100000,768,l2,random,0.0500,0.0500,5000,C_acorn_g8,acorn,ACORN,16,8,16,250,10,0.4860,3780.3,302.71,444.75,598.62,618.83,264.53,253,220,5253,35002,40257,3454,36803,0,9,55273.2,20264200,24.3,40
n100k_d768_l2,100000,768,l2,random,0.0500,0.0500,5000,C_acorn_g16,acorn,ACORN,16,16,16,250,10,0.7100,3473.8,296.96,513.58,656.33,675.75,287.87,275,216,5569,33962,39533,3282,36251,0,10,95724.5,23728392,24.3,40
n100k_d768_l2,100000,768,l2,random,0.0500,0.0500,5000,C_acorn_g32,acorn,ACORN,16,32,16,250,10,0.6250,3066.2,337.21,558.25,801.75,851.62,326.14,327,261,6310,39508,45819,3899,41920,0,9,242975.0,30656776,24.3,40
n100k_d768_l2,100000,768,l2,random,0.0500,0.0500,5000,A_std_standard,std,STANDARD,16,1,32,500,10,0.9960,1507.4,669.46,705.04,722.33,726.50,663.40,2056,2056,2056,0,2056,0,0,509,10,41699.6,14033032,25.8,32
n100k_d768_l2,100000,768,l2,random,0.0500,0.0500,5000,B_std_acorn1,std,ACORN,16,1,32,500,10,0.4800,716.3,1580.46,2385.00,2500.25,2587.21,1395.98,652,564,11460,302630,314092,24196,289895,0,10,41699.6,14033032,25.8,32
n100k_d768_l2,100000,768,l2,random,0.0500,0.0500,5000,D_large24_standard,large,STANDARD,24,1,48,500,10,0.9970,1490.4,679.62,722.92,766.46,766.83,670.94,2097,2097,2097,0,2097,0,0,507,10,36202.3,20424136,32.9,48
n100k_d768_l2,100000,768,l2,random,0.0500,0.0500,5000,E_large24_acorn1,large,ACORN,24,1,48,500,10,0.6900,472.3,2348.33,3021.92,3396.21,3449.67,2117.35,716,613,15019,518256,533277,38699,494577,0,10,36202.3,20424136,32.9,48
n100k_d768_l2,100000,768,l2,random,0.0500,0.0500,5000,D_large48_standard,large,STANDARD,48,1,96,500,10,1.0000,1465.3,687.21,720.50,746.08,751.25,682.47,2175,2175,2175,0,2175,0,0,505,10,26936.8,39618184,41.1,96
n100k_d768_l2,100000,768,l2,random,0.0500,0.0500,5000,E_large48_acorn1,large,ACORN,48,1,96,500,10,0.9700,266.8,3598.42,5067.12,5591.04,6272.38,3748.28,1092,894,21842,1028154,1049997,72443,977554,0,10,26936.8,39618184,41.1,96
n100k_d768_l2,100000,768,l2,random,0.0500,0.0500,5000,C_acorn_g4,acorn,ACORN,16,4,16,500,10,0.3180,3128.3,329.58,771.42,1090.71,1200.29,319.66,247,231,5922,42072,47996,4208,43787,0,9,35004.5,18532104,24.2,40
n100k_d768_l2,100000,768,l2,random,0.0500,0.0500,5000,C_acorn_g8,acorn,ACORN,16,8,16,500,10,0.4860,2470.1,347.96,719.12,760.25,768.92,404.85,353,320,7652,52930,60584,5256,55327,0,9,55273.2,20264200,24.3,40
n100k_d768_l2,100000,768,l2,random,0.0500,0.0500,5000,C_acorn_g16,acorn,ACORN,16,16,16,500,10,0.7200,2044.1,308.96,1016.17,1114.88,1273.75,489.21,432,373,9054,60202,69257,5727,63529,0,10,95724.5,23728392,24.3,40
n100k_d768_l2,100000,768,l2,random,0.0500,0.0500,5000,C_acorn_g32,acorn,ACORN,16,32,16,500,10,0.6530,1683.3,707.75,1058.08,1232.04,1247.21,594.07,544,479,10749,72485,83236,7081,76154,0,9,242975.0,30656776,24.3,40
n100k_d768_l2,100000,768,l2,random,0.0500,0.0500,5000,F_exact,exact,EXACT,16,0,0,0,100,1.0000,1113.7,897.79,905.79,910.21,911.00,897.88,5000,0,0,0,100000,0,0,0,100,0.0,0,0.0,0
n100k_d768_l2,100000,768,l2,random,0.0500,0.0500,5000,A_std_standard,std,STANDARD,16,1,32,50,100,0.4944,5363.6,187.79,202.21,206.08,206.75,186.44,1084,1084,1084,0,1084,0,0,60,51,41699.6,14033032,25.8,32
n100k_d768_l2,100000,768,l2,random,0.0500,0.0500,5000,B_std_acorn1,std,ACORN,16,1,32,50,100,0.3628,4853.9,186.79,327.21,396.58,400.12,206.02,212,125,1475,37986,39463,3097,36365,0,97,41699.6,14033032,25.8,32
n100k_d768_l2,100000,768,l2,random,0.0500,0.0500,5000,D_large24_standard,large,STANDARD,24,1,48,50,100,0.6083,4543.9,221.62,237.71,297.29,304.71,220.07,1324,1324,1324,0,1324,0,0,58,63,36202.3,20424136,32.9,48
n100k_d768_l2,100000,768,l2,random,0.0500,0.0500,5000,E_large24_acorn1,large,ACORN,24,1,48,50,100,0.6359,3357.4,291.17,381.62,565.88,573.38,297.85,215,112,1848,62299,64149,4687,59461,0,96,36202.3,20424136,32.9,48
n100k_d768_l2,100000,768,l2,random,0.0500,0.0500,5000,D_large48_standard,large,STANDARD,48,1,96,50,100,0.7092,3992.1,253.33,267.08,272.54,272.71,250.49,1587,1587,1587,0,1587,0,0,56,73,26936.8,39618184,41.1,96
n100k_d768_l2,100000,768,l2,random,0.0500,0.0500,5000,E_large48_acorn1,large,ACORN,48,1,96,50,100,0.7394,2104.0,458.54,630.25,725.54,777.62,475.28,344,146,2479,114124,116605,8195,108409,0,99,26936.8,39618184,41.1,96
n100k_d768_l2,100000,768,l2,random,0.0500,0.0500,5000,C_acorn_g4,acorn,ACORN,16,4,16,50,100,0.2724,11733.0,77.67,148.58,167.21,182.25,85.23,110,93,1546,9624,11172,977,10194,0,87,35004.5,18532104,24.2,40
n100k_d768_l2,100000,768,l2,random,0.0500,0.0500,5000,C_acorn_g8,acorn,ACORN,16,8,16,50,100,0.4349,10763.2,83.29,152.33,179.79,194.54,92.91,128,95,1795,9391,11187,974,10213,0,91,55273.2,20264200,24.3,40
n100k_d768_l2,100000,768,l2,random,0.0500,0.0500,5000,C_acorn_g16,acorn,ACORN,16,16,16,50,100,0.6287,9297.2,96.42,166.12,181.46,207.96,107.56,156,97,2283,9753,12037,1011,11026,0,92,95724.5,23728392,24.3,40
n100k_d768_l2,100000,768,l2,random,0.0500,0.0500,5000,C_acorn_g32,acorn,ACORN,16,32,16,50,100,0.5083,10016.9,92.42,159.54,175.33,189.62,99.83,158,92,2255,9493,11749,991,10758,0,89,242975.0,30656776,24.3,40
n100k_d768_l2,100000,768,l2,random,0.0500,0.0500,5000,A_std_standard,std,STANDARD,16,1,32,100,100,0.6975,3740.6,270.42,286.88,295.83,299.88,267.33,1503,1503,1503,0,1503,0,0,109,72,41699.6,14033032,25.8,32
n100k_d768_l2,100000,768,l2,random,0.0500,0.0500,5000,B_std_acorn1,std,ACORN,16,1,32,100,100,0.3655,2944.3,315.29,475.25,507.00,567.17,339.64,248,161,2759,72106,74867,5814,69053,0,99,41699.6,14033032,25.8,32
n100k_d768_l2,100000,768,l2,random,0.0500,0.0500,5000,D_large24_standard,large,STANDARD,24,1,48,100,100,0.8051,3336.5,301.62,320.29,378.75,386.46,299.72,1730,1730,1730,0,1730,0,0,107,83,36202.3,20424136,32.9,48
n100k_d768_l2,100000,768,l2,random,0.0500,0.0500,5000,E_large24_acorn1,large,ACORN,24,1,48,100,100,0.6456,2055.7,481.46,613.96,652.92,718.04,486.46,249,146,3342,114130,117474,8559,108915,0,97,36202.3,20424136,32.9,48
n100k_d768_l2,100000,768,l2,random,0.0500,0.0500,5000,D_large48_standard,large,STANDARD,48,1,96,100,100,0.8706,3084.6,329.08,345.54,350.12,356.58,324.19,1932,1932,1932,0,1932,0,0,106,90,26936.8,39618184,41.1,96
n100k_d768_l2,100000,768,l2,random,0.0500,0.0500,5000,E_large48_acorn1,large,ACORN,48,1,96,100,100,0.7886,1214.7,775.75,1066.46,1483.04,1953.62,823.25,413,216,4618,215320,219940,15482,204458,0,100,26936.8,39618184,41.1,96
n100k_d768_l2,100000,768,l2,random,0.0500,0.0500,5000,C_acorn_g4,acorn,ACORN,16,4,16,100,100,0.2847,7519.5,121.88,230.67,323.21,390.54,132.99,128,112,2622,17651,20274,1774,18500,0,91,35004.5,18532104,24.2,40
n100k_d768_l2,100000,768,l2,random,0.0500,0.0500,5000,C_acorn_g8,acorn,ACORN,16,8,16,100,100,0.4691,6951.6,131.29,242.83,258.83,301.33,143.85,148,115,2931,17685,20617,1785,18832,0,95,55273.2,20264200,24.3,40
n100k_d768_l2,100000,768,l2,random,0.0500,0.0500,5000,C_acorn_g16,acorn,ACORN,16,16,16,100,100,0.6618,6122.9,144.75,255.29,261.50,346.08,163.32,178,119,3428,18130,21560,1810,19749,0,97,95724.5,23728392,24.3,40
n100k_d768_l2,100000,768,l2,random,0.0500,0.0500,5000,C_acorn_g32,acorn,ACORN,16,32,16,100,100,0.5524,6169.5,151.12,254.42,268.17,305.42,162.09,195,130,3418,18051,21471,1829,19641,0,94,242975.0,30656776,24.3,40
n100k_d768_l2,100000,768,l2,random,0.0500,0.0500,5000,A_std_standard,std,STANDARD,16,1,32,250,100,0.8965,2292.1,442.83,463.54,480.08,483.08,436.28,1924,1924,1924,0,1924,0,0,259,92,41699.6,14033032,25.8,32
n100k_d768_l2,100000,768,l2,random,0.0500,0.0500,5000,B_std_acorn1,std,ACORN,16,1,32,250,100,0.4162,1350.9,793.67,1161.42,1398.38,1610.75,740.25,413,325,6098,160325,166425,12889,153536,0,99,41699.6,14033032,25.8,32
n100k_d768_l2,100000,768,l2,random,0.0500,0.0500,5000,D_large24_standard,large,STANDARD,24,1,48,250,100,0.9408,2169.8,466.00,495.96,548.42,554.04,460.88,2038,2038,2038,0,2038,0,0,257,95,36202.3,20424136,32.9,48
n100k_d768_l2,100000,768,l2,random,0.0500,0.0500,5000,E_large24_acorn1,large,ACORN,24,1,48,250,100,0.6680,883.6,1194.62,1565.67,1908.08,1908.58,1131.71,446,342,7918,272183,280103,20385,259717,0,97,36202.3,20424136,32.9,48
n100k_d768_l2,100000,768,l2,random,0.0500,0.0500,5000,D_large48_standard,large,STANDARD,48,1,96,250,100,0.9591,2156.9,469.96,488.71,507.00,507.42,463.63,2136,2136,2136,0,2136,0,0,255,96,26936.8,39618184,41.1,96
n100k_d768_l2,100000,768,l2,random,0.0500,0.0500,5000,E_large48_acorn1,large,ACORN,48,1,96,250,100,0.8988,514.3,1828.75,2714.04,3087.75,3567.38,1944.30,706,508,11101,521779,532881,37054,495827,0,100,26936.8,39618184,41.1,96
n100k_d768_l2,100000,768,l2,random,0.0500,0.0500,5000,C_acorn_g4,acorn,ACORN,16,4,16,250,100,0.3152,4185.7,286.46,470.04,544.29,690.25,238.91,205,189,4528,31883,36413,3194,33218,0,91,35004.5,18532104,24.2,40
n100k_d768_l2,100000,768,l2,random,0.0500,0.0500,5000,C_acorn_g8,acorn,ACORN,16,8,16,250,100,0.4731,3728.8,307.17,450.04,603.58,610.79,268.18,253,220,5253,35002,40257,3454,36803,0,95,55273.2,20264200,24.3,40
n100k_d768_l2,100000,768,l2,random,0.0500,0.0500,5000,C_acorn_g16,acorn,ACORN,16,16,16,250,100,0.6805,3472.7,292.25,512.29,636.29,672.29,287.96,275,216,5569,33962,39533,3282,36251,0,97,95724.5,23728392,24.3,40
n100k_d768_l2,100000,768,l2,random,0.0500,0.0500,5000,C_acorn_g32,acorn,ACORN,16,32,16,250,100,0.5926,3050.8,340.00,562.58,803.83,865.88,327.79,327,261,6310,39508,45819,3899,41920,0,94,242975.0,30656776,24.3,40
n100k_d768_l2,100000,768,l2,random,0.0500,0.0500,5000,A_std_standard,std,STANDARD,16,1,32,500,100,0.9525,1485.4,676.21,719.62,732.67,741.79,673.24,2056,2056,2056,0,2056,0,0,509,96,41699.6,14033032,25.8,32
n100k_d768_l2,100000,768,l2,random,0.0500,0.0500,5000,B_std_acorn1,std,ACORN,16,1,32,500,100,0.4778,716.0,1581.12,2387.04,2523.46,2612.54,1396.67,652,564,11460,302630,314092,24196,289895,0,99,41699.6,14033032,25.8,32
n100k_d768_l2,100000,768,l2,random,0.0500,0.0500,5000,D_large24_standard,large,STANDARD,24,1,48,500,100,0.9650,1444.4,700.96,737.38,775.62,816.12,692.31,2097,2097,2097,0,2097,0,0,507,96,36202.3,20424136,32.9,48
n100k_d768_l2,100000,768,l2,random,0.0500,0.0500,5000,E_large24_acorn1,large,ACORN,24,1,48,500,100,0.6862,471.0,2365.83,2981.42,3463.79,3475.71,2123.08,716,613,15019,518256,533277,38699,494577,0,97,36202.3,20424136,32.9,48
n100k_d768_l2,100000,768,l2,random,0.0500,0.0500,5000,D_large48_standard,large,STANDARD,48,1,96,500,100,0.9684,1452.3,693.12,722.46,742.96,755.79,688.58,2175,2175,2175,0,2175,0,0,505,97,26936.8,39618184,41.1,96
n100k_d768_l2,100000,768,l2,random,0.0500,0.0500,5000,E_large48_acorn1,large,ACORN,48,1,96,500,100,0.9688,262.2,3653.46,5175.79,5712.96,6396.46,3814.11,1092,894,21842,1028154,1049997,72443,977554,0,100,26936.8,39618184,41.1,96
n100k_d768_l2,100000,768,l2,random,0.0500,0.0500,5000,C_acorn_g4,acorn,ACORN,16,4,16,500,100,0.3159,3114.7,331.21,770.42,1090.50,1209.08,321.06,247,231,5922,42072,47996,4208,43787,0,91,35004.5,18532104,24.2,40
n100k_d768_l2,100000,768,l2,random,0.0500,0.0500,5000,C_acorn_g8,acorn,ACORN,16,8,16,500,100,0.4731,2486.8,337.83,719.25,766.75,768.21,402.12,353,320,7652,52930,60584,5256,55327,0,95,55273.2,20264200,24.3,40
n100k_d768_l2,100000,768,l2,random,0.0500,0.0500,5000,C_acorn_g16,acorn,ACORN,16,16,16,500,100,0.6909,2041.9,299.92,1011.67,1118.62,1280.54,489.74,432,373,9054,60202,69257,5727,63529,0,97,95724.5,23728392,24.3,40
n100k_d768_l2,100000,768,l2,random,0.0500,0.0500,5000,C_acorn_g32,acorn,ACORN,16,32,16,500,100,0.6198,1666.8,706.54,1085.17,1237.00,1259.50,599.95,544,479,10749,72485,83236,7081,76154,0,94,242975.0,30656776,24.3,40
n100k_d768_l2,100000,768,l2,random,0.0200,0.0200,2000,F_exact,exact,EXACT,16,0,0,0,10,1.0000,2738.8,364.75,368.58,371.79,375.92,365.13,2000,0,0,0,100000,0,0,0,10,0.0,0,0.0,0
n100k_d768_l2,100000,768,l2,random,0.0200,0.0200,2000,A_std_standard,std,STANDARD,16,1,32,50,10,0.6600,5804.0,174.00,188.50,192.00,195.58,172.30,1084,1084,1084,0,1084,0,0,60,10,41699.6,14033032,25.8,32
n100k_d768_l2,100000,768,l2,random,0.0200,0.0200,2000,B_std_acorn1,std,ACORN,16,1,32,50,10,0.0910,8773.7,113.12,132.58,162.96,190.50,113.98,82,45,1182,31517,32701,1502,31198,0,10,41699.6,14033032,25.8,32
n100k_d768_l2,100000,768,l2,random,0.0200,0.0200,2000,D_large24_standard,large,STANDARD,24,1,48,50,10,0.7270,4872.4,206.62,222.96,274.33,281.29,205.24,1324,1324,1324,0,1324,0,0,58,10,36202.3,20424136,32.9,48
n100k_d768_l2,100000,768,l2,random,0.0200,0.0200,2000,E_large24_acorn1,large,ACORN,24,1,48,50,10,0.1300,4770.9,187.50,337.25,421.54,432.33,209.60,125,63,1596,55924,57522,2462,55059,0,10,36202.3,20424136,32.9,48
n100k_d768_l2,100000,768,l2,random,0.0200,0.0200,2000,D_large48_standard,large,STANDARD,48,1,96,50,10,0.8360,4256.0,237.04,250.83,254.67,256.17,234.96,1587,1587,1587,0,1587,0,0,56,10,26936.8,39618184,41.1,96
n100k_d768_l2,100000,768,l2,random,0.0200,0.0200,2000,E_large48_acorn1,large,ACORN,48,1,96,50,10,0.8000,2192.4,424.58,726.67,815.12,895.96,456.12,175,109,2509,120489,123000,4770,118230,0,10,26936.8,39618184,41.1,96
n100k_d768_l2,100000,768,l2,random,0.0200,0.0200,2000,C_acorn_g4,acorn,ACORN,16,4,16,50,10,0.0150,40883.0,25.54,27.17,36.96,37.38,24.46,32,27,965,4996,5962,312,5649,0,10,35004.5,18532104,24.2,40
n100k_d768_l2,100000,768,l2,random,0.0200,0.0200,2000,C_acorn_g8,acorn,ACORN,16,8,16,50,10,0.0190,28560.6,34.88,36.29,38.33,40.58,35.01,46,38,1410,7624,9036,450,8585,0,10,55273.2,20264200,24.3,40
n100k_d768_l2,100000,768,l2,random,0.0200,0.0200,2000,C_acorn_g16,acorn,ACORN,16,16,16,50,10,0.2580,19547.5,42.58,94.08,134.79,139.46,51.16,58,41,2025,7406,9433,469,8964,0,10,95724.5,23728392,24.3,40
n100k_d768_l2,100000,768,l2,random,0.0200,0.0200,2000,C_acorn_g32,acorn,ACORN,16,32,16,50,10,0.4020,15922.6,50.08,142.54,148.62,153.00,62.80,73,40,2857,7393,10252,497,9754,0,9,242975.0,30656776,24.3,40
n100k_d768_l2,100000,768,l2,random,0.0200,0.0200,2000,A_std_standard,std,STANDARD,16,1,32,100,10,0.8530,3837.0,263.50,280.75,289.79,293.54,260.62,1503,1503,1503,0,1503,0,0,109,10,41699.6,14033032,25.8,32
n100k_d768_l2,100000,768,l2,random,0.0200,0.0200,2000,B_std_acorn1,std,ACORN,16,1,32,100,10,0.0910,8811.2,112.08,133.17,158.62,181.88,113.49,82,45,1182,31517,32701,1502,31198,0,10,41699.6,14033032,25.8,32
n100k_d768_l2,100000,768,l2,random,0.0200,0.0200,2000,D_large24_standard,large,STANDARD,24,1,48,100,10,0.9230,3407.6,297.17,314.25,371.54,376.46,293.46,1730,1730,1730,0,1730,0,0,107,10,36202.3,20424136,32.9,48
n100k_d768_l2,100000,768,l2,random,0.0200,0.0200,2000,E_large24_acorn1,large,ACORN,24,1,48,100,10,0.1300,3469.1,189.54,575.83,654.38,654.67,288.26,141,78,2183,76939,79124,3385,75738,0,10,36202.3,20424136,32.9,48
n100k_d768_l2,100000,768,l2,random,0.0200,0.0200,2000,D_large48_standard,large,STANDARD,48,1,96,100,10,0.9480,3152.4,321.79,340.50,348.67,353.50,317.22,1932,1932,1932,0,1932,0,0,106,10,26936.8,39618184,41.1,96
n100k_d768_l2,100000,768,l2,random,0.0200,0.0200,2000,E_large48_acorn1,large,ACORN,48,1,96,100,10,0.8300,1337.8,750.00,940.08,1017.58,1078.71,747.52,228,162,4262,206163,210426,8234,202191,0,10,26936.8,39618184,41.1,96
n100k_d768_l2,100000,768,l2,random,0.0200,0.0200,2000,C_acorn_g4,acorn,ACORN,16,4,16,100,10,0.0150,40895.7,25.54,28.00,37.21,37.62,24.45,32,27,965,4996,5962,312,5649,0,10,35004.5,18532104,24.2,40
n100k_d768_l2,100000,768,l2,random,0.0200,0.0200,2000,C_acorn_g8,acorn,ACORN,16,8,16,100,10,0.0190,28602.4,34.83,36.25,37.71,37.75,34.96,46,38,1410,7624,9036,450,8585,0,10,55273.2,20264200,24.3,40
n100k_d768_l2,100000,768,l2,random,0.0200,0.0200,2000,C_acorn_g16,acorn,ACORN,16,16,16,100,10,0.2580,16854.7,43.96,119.71,150.54,154.33,59.33,65,48,2211,8789,11001,559,10442,0,10,95724.5,23728392,24.3,40
n100k_d768_l2,100000,768,l2,random,0.0200,0.0200,2000,C_acorn_g32,acorn,ACORN,16,32,16,100,10,0.4020,13722.8,50.75,188.38,241.88,246.46,72.87,78,46,3031,8795,11828,585,11243,0,9,242975.0,30656776,24.3,40
n100k_d768_l2,100000,768,l2,random,0.0200,0.0200,2000,A_std_standard,std,STANDARD,16,1,32,250,10,0.9760,2304.3,440.38,463.33,479.46,484.88,433.96,1924,1924,1924,0,1924,0,0,259,10,41699.6,14033032,25.8,32
n100k_d768_l2,100000,768,l2,random,0.0200,0.0200,2000,B_std_acorn1,std,ACORN,16,1,32,250,10,0.0910,9045.5,108.88,130.92,155.08,183.42,110.55,82,45,1182,31517,32701,1502,31198,0,10,41699.6,14033032,25.8,32
n100k_d768_l2,100000,768,l2,random,0.0200,0.0200,2000,D_large24_standard,large,STANDARD,24,1,48,250,10,0.9890,2221.8,455.79,485.46,534.96,548.67,450.08,2038,2038,2038,0,2038,0,0,257,10,36202.3,20424136,32.9,48
n100k_d768_l2,100000,768,l2,random,0.0200,0.0200,2000,E_large24_acorn1,large,ACORN,24,1,48,250,10,0.1500,2025.3,190.29,1266.71,1412.00,1495.42,493.76,188,125,3734,132518,136254,5826,130428,0,10,36202.3,20424136,32.9,48
n100k_d768_l2,100000,768,l2,random,0.0200,0.0200,2000,D_large48_standard,large,STANDARD,48,1,96,250,10,0.9980,2197.0,460.83,479.12,497.04,503.29,455.16,2136,2136,2136,0,2136,0,0,255,10,26936.8,39618184,41.1,96
n100k_d768_l2,100000,768,l2,random,0.0200,0.0200,2000,E_large48_acorn1,large,ACORN,48,1,96,250,10,0.8600,563.3,1804.88,2234.42,3006.62,3094.25,1775.12,430,364,10399,505587,515988,20101,495886,0,10,26936.8,39618184,41.1,96
n100k_d768_l2,100000,768,l2,random,0.0200,0.0200,2000,C_acorn_g4,acorn,ACORN,16,4,16,250,10,0.0150,40355.1,25.75,30.75,37.75,38.54,24.78,32,27,965,4996,5962,312,5649,0,10,35004.5,18532104,24.2,40
n100k_d768_l2,100000,768,l2,random,0.0200,0.0200,2000,C_acorn_g8,acorn,ACORN,16,8,16,250,10,0.0190,28429.0,35.08,36.71,37.46,38.33,35.18,46,38,1410,7624,9036,450,8585,0,10,55273.2,20264200,24.3,40
n100k_d768_l2,100000,768,l2,random,0.0200,0.0200,2000,C_acorn_g16,acorn,ACORN,16,16,16,250,10,0.2580,15491.0,45.00,148.54,156.46,167.12,64.55,66,49,2296,9453,11750,605,11145,0,10,95724.5,23728392,24.3,40
n100k_d768_l2,100000,768,l2,random,0.0200,0.0200,2000,C_acorn_g32,acorn,ACORN,16,32,16,250,10,0.4020,11923.5,52.58,264.88,360.17,399.83,83.87,83,51,3177,10001,13179,660,12519,0,9,242975.0,30656776,24.3,40
n100k_d768_l2,100000,768,l2,random,0.0200,0.0200,2000,A_std_standard,std,STANDARD,16,1,32,500,10,0.9930,1503.2,670.92,709.33,735.00,736.25,665.23,2056,2056,2056,0,2056,0,0,509,10,41699.6,14033032,25.8,32
n100k_d768_l2,100000,768,l2,random,0.0200,0.0200,2000,B_std_acorn1,std,ACORN,16,1,32,500,10,0.0910,8752.1,112.96,133.17,148.21,181.04,114.26,82,45,1182,31517,32701,1502,31198,0,10,41699.6,14033032,25.8,32
n100k_d768_l2,100000,768,l2,random,0.0200,0.0200,2000,D_large24_standard,large,STANDARD,24,1,48,500,10,0.9990,1484.1,681.62,722.62,757.79,791.33,673.79,2097,2097,2097,0,2097,0,0,507,10,36202.3,20424136,32.9,48
n100k_d768_l2,100000,768,l2,random,0.0200,0.0200,2000,E_large24_acorn1,large,ACORN,24,1,48,500,10,0.1500,1391.3,189.62,2279.25,2457.67,2672.17,718.77,232,169,5448,193844,199293,8529,190764,0,10,36202.3,20424136,32.9,48
n100k_d768_l2,100000,768,l2,random,0.0200,0.0200,2000,D_large48_standard,large,STANDARD,48,1,96,500,10,1.0000,1457.0,693.83,727.75,739.92,748.67,686.33,2175,2175,2175,0,2175,0,0,505,10,26936.8,39618184,41.1,96
n100k_d768_l2,100000,768,l2,random,0.0200,0.0200,2000,E_large48_acorn1,large,ACORN,48,1,96,500,10,0.9100,295.6,3517.38,4152.00,4766.92,5105.58,3382.68,688,622,19952,970270,990224,38422,951801,0,10,26936.8,39618184,41.1,96
n100k_d768_l2,100000,768,l2,random,0.0200,0.0200,2000,C_acorn_g4,acorn,ACORN,16,4,16,500,10,0.0150,40481.1,25.58,30.75,38.08,38.38,24.70,32,27,965,4996,5962,312,5649,0,10,35004.5,18532104,24.2,40
n100k_d768_l2,100000,768,l2,random,0.0200,0.0200,2000,C_acorn_g8,acorn,ACORN,16,8,16,500,10,0.0190,28395.7,35.17,36.58,37.17,38.21,35.22,46,38,1410,7624,9036,450,8585,0,10,55273.2,20264200,24.3,40
n100k_d768_l2,100000,768,l2,random,0.0200,0.0200,2000,C_acorn_g16,acorn,ACORN,16,16,16,500,10,0.2580,15569.8,45.04,149.83,158.25,167.54,64.23,66,49,2296,9453,11750,605,11145,0,10,95724.5,23728392,24.3,40
n100k_d768_l2,100000,768,l2,random,0.0200,0.0200,2000,C_acorn_g32,acorn,ACORN,16,32,16,500,10,0.4020,12111.0,52.17,267.29,309.21,406.04,82.57,83,51,3177,10001,13179,660,12519,0,9,242975.0,30656776,24.3,40
n100k_d768_l2,100000,768,l2,random,0.0200,0.0200,2000,F_exact,exact,EXACT,16,0,0,0,100,1.0000,2757.2,362.33,366.50,370.75,370.79,362.69,2000,0,0,0,100000,0,0,0,100,0.0,0,0.0,0
n100k_d768_l2,100000,768,l2,random,0.0200,0.0200,2000,A_std_standard,std,STANDARD,16,1,32,50,100,0.2037,5452.7,184.75,199.71,203.12,204.88,183.40,1084,1084,1084,0,1084,0,0,60,20,41699.6,14033032,25.8,32
n100k_d768_l2,100000,768,l2,random,0.0200,0.0200,2000,B_std_acorn1,std,ACORN,16,1,32,50,100,0.0698,8718.4,113.00,134.88,163.21,183.33,114.70,82,45,1182,31517,32701,1502,31198,0,45,41699.6,14033032,25.8,32
n100k_d768_l2,100000,768,l2,random,0.0200,0.0200,2000,D_large24_standard,large,STANDARD,24,1,48,50,100,0.2410,4608.5,217.62,232.83,293.96,301.33,216.99,1324,1324,1324,0,1324,0,0,58,24,36202.3,20424136,32.9,48
n100k_d768_l2,100000,768,l2,random,0.0200,0.0200,2000,E_large24_acorn1,large,ACORN,24,1,48,50,100,0.1209,4714.8,188.46,337.96,426.79,437.25,212.10,125,63,1596,55924,57522,2462,55059,0,59,36202.3,20424136,32.9,48
n100k_d768_l2,100000,768,l2,random,0.0200,0.0200,2000,D_large48_standard,large,STANDARD,48,1,96,50,100,0.2903,4050.9,249.29,263.92,269.92,270.88,246.86,1587,1587,1587,0,1587,0,0,56,29,26936.8,39618184,41.1,96
n100k_d768_l2,100000,768,l2,random,0.0200,0.0200,2000,E_large48_acorn1,large,ACORN,48,1,96,50,100,0.6103,2184.3,424.79,728.58,817.71,895.75,457.82,175,109,2509,120489,123000,4770,118230,0,90,26936.8,39618184,41.1,96
n100k_d768_l2,100000,768,l2,random,0.0200,0.0200,2000,C_acorn_g4,acorn,ACORN,16,4,16,50,100,0.0199,40480.4,25.58,27.25,38.67,38.75,24.70,32,27,965,4996,5962,312,5649,0,27,35004.5,18532104,24.2,40
n100k_d768_l2,100000,768,l2,random,0.0200,0.0200,2000,C_acorn_g8,acorn,ACORN,16,8,16,50,100,0.0255,28025.9,35.50,36.62,39.12,41.25,35.68,46,38,1410,7624,9036,450,8585,0,38,55273.2,20264200,24.3,40
n100k_d768_l2,100000,768,l2,random,0.0200,0.0200,2000,C_acorn_g16,acorn,ACORN,16,16,16,50,100,0.1819,19254.2,43.08,96.46,134.83,141.38,51.94,58,41,2025,7406,9433,469,8964,0,41,95724.5,23728392,24.3,40
n100k_d768_l2,100000,768,l2,random,0.0200,0.0200,2000,C_acorn_g32,acorn,ACORN,16,32,16,50,100,0.2192,15625.7,51.12,144.29,152.88,154.58,64.00,73,40,2857,7393,10252,497,9754,0,40,242975.0,30656776,24.3,40
n100k_d768_l2,100000,768,l2,random,0.0200,0.0200,2000,A_std_standard,std,STANDARD,16,1,32,100,100,0.2918,3794.3,267.83,282.29,293.17,295.62,263.55,1503,1503,1503,0,1503,0,0,109,29,41699.6,14033032,25.8,32
n100k_d768_l2,100000,768,l2,random,0.0200,0.0200,2000,B_std_acorn1,std,ACORN,16,1,32,100,100,0.0698,8689.3,113.83,134.79,159.17,185.54,115.08,82,45,1182,31517,32701,1502,31198,0,45,41699.6,14033032,25.8,32
n100k_d768_l2,100000,768,l2,random,0.0200,0.0200,2000,D_large24_standard,large,STANDARD,24,1,48,100,100,0.3305,3378.1,299.17,317.29,375.33,379.83,296.02,1730,1730,1730,0,1730,0,0,107,33,36202.3,20424136,32.9,48
n100k_d768_l2,100000,768,l2,random,0.0200,0.0200,2000,E_large24_acorn1,large,ACORN,24,1,48,100,100,0.1246,3422.2,189.96,581.29,662.29,712.83,292.21,141,78,2183,76939,79124,3385,75738,0,63,36202.3,20424136,32.9,48
n100k_d768_l2,100000,768,l2,random,0.0200,0.0200,2000,D_large48_standard,large,STANDARD,48,1,96,100,100,0.3616,3126.6,324.62,340.79,346.71,353.79,319.83,1932,1932,1932,0,1932,0,0,106,36,26936.8,39618184,41.1,96
n100k_d768_l2,100000,768,l2,random,0.0200,0.0200,2000,E_large48_acorn1,large,ACORN,48,1,96,100,100,0.6848,1332.0,754.62,935.62,1027.62,1083.17,750.76,228,162,4262,206163,210426,8234,202191,0,95,26936.8,39618184,41.1,96
n100k_d768_l2,100000,768,l2,random,0.0200,0.0200,2000,C_acorn_g4,acorn,ACORN,16,4,16,100,100,0.0199,40279.3,25.75,29.38,38.25,39.04,24.83,32,27,965,4996,5962,312,5649,0,27,35004.5,18532104,24.2,40
n100k_d768_l2,100000,768,l2,random,0.0200,0.0200,2000,C_acorn_g8,acorn,ACORN,16,8,16,100,100,0.0255,27921.9,35.67,36.92,38.54,42.54,35.81,46,38,1410,7624,9036,450,8585,0,38,55273.2,20264200,24.3,40
n100k_d768_l2,100000,768,l2,random,0.0200,0.0200,2000,C_acorn_g16,acorn,ACORN,16,16,16,100,100,0.1913,16607.5,44.50,122.96,151.54,159.62,60.21,65,48,2211,8789,11001,559,10442,0,45,95724.5,23728392,24.3,40
n100k_d768_l2,100000,768,l2,random,0.0200,0.0200,2000,C_acorn_g32,acorn,ACORN,16,32,16,100,100,0.2260,13454.3,51.67,191.42,247.04,247.04,74.33,78,46,3031,8795,11828,585,11243,0,45,242975.0,30656776,24.3,40
n100k_d768_l2,100000,768,l2,random,0.0200,0.0200,2000,A_std_standard,std,STANDARD,16,1,32,250,100,0.3759,2288.1,442.62,470.42,474.17,479.50,437.04,1924,1924,1924,0,1924,0,0,259,37,41699.6,14033032,25.8,32
n100k_d768_l2,100000,768,l2,random,0.0200,0.0200,2000,B_std_acorn1,std,ACORN,16,1,32,250,100,0.0698,8691.6,113.54,134.21,156.54,185.50,115.05,82,45,1182,31517,32701,1502,31198,0,45,41699.6,14033032,25.8,32
n100k_d768_l2,100000,768,l2,random,0.0200,0.0200,2000,D_large24_standard,large,STANDARD,24,1,48,250,100,0.3965,2214.1,455.54,484.58,538.75,542.21,451.65,2038,2038,2038,0,2038,0,0,257,39,36202.3,20424136,32.9,48
n100k_d768_l2,100000,768,l2,random,0.0200,0.0200,2000,E_large24_acorn1,large,ACORN,24,1,48,250,100,0.1492,2035.8,189.25,1246.00,1393.17,1475.62,491.22,188,125,3734,132518,136254,5826,130428,0,63,36202.3,20424136,32.9,48
n100k_d768_l2,100000,768,l2,random,0.0200,0.0200,2000,D_large48_standard,large,STANDARD,48,1,96,250,100,0.4046,2178.0,464.46,489.75,500.29,508.75,459.15,2136,2136,2136,0,2136,0,0,255,40,26936.8,39618184,41.1,96
n100k_d768_l2,100000,768,l2,random,0.0200,0.0200,2000,E_large48_acorn1,large,ACORN,48,1,96,250,100,0.7653,560.2,1817.12,2236.17,3026.88,3110.08,1784.98,430,364,10399,505587,515988,20101,495886,0,95,26936.8,39618184,41.1,96
n100k_d768_l2,100000,768,l2,random,0.0200,0.0200,2000,C_acorn_g4,acorn,ACORN,16,4,16,250,100,0.0199,40217.2,25.71,29.75,38.00,39.42,24.86,32,27,965,4996,5962,312,5649,0,27,35004.5,18532104,24.2,40
n100k_d768_l2,100000,768,l2,random,0.0200,0.0200,2000,C_acorn_g8,acorn,ACORN,16,8,16,250,100,0.0255,27749.2,35.75,37.75,43.88,46.42,36.04,46,38,1410,7624,9036,450,8585,0,38,55273.2,20264200,24.3,40
n100k_d768_l2,100000,768,l2,random,0.0200,0.0200,2000,C_acorn_g16,acorn,ACORN,16,16,16,250,100,0.1913,15492.8,45.50,151.67,158.46,175.04,64.55,66,49,2296,9453,11750,605,11145,0,45,95724.5,23728392,24.3,40
n100k_d768_l2,100000,768,l2,random,0.0200,0.0200,2000,C_acorn_g32,acorn,ACORN,16,32,16,250,100,0.2260,12136.2,52.04,266.17,310.08,401.88,82.40,83,51,3177,10001,13179,660,12519,0,45,242975.0,30656776,24.3,40
n100k_d768_l2,100000,768,l2,random,0.0200,0.0200,2000,A_std_standard,std,STANDARD,16,1,32,500,100,0.4029,1494.9,677.96,709.25,725.79,733.79,668.95,2056,2056,2056,0,2056,0,0,509,40,41699.6,14033032,25.8,32
n100k_d768_l2,100000,768,l2,random,0.0200,0.0200,2000,B_std_acorn1,std,ACORN,16,1,32,500,100,0.0698,8718.7,113.50,133.71,141.29,178.67,114.70,82,45,1182,31517,32701,1502,31198,0,45,41699.6,14033032,25.8,32
n100k_d768_l2,100000,768,l2,random,0.0200,0.0200,2000,D_large24_standard,large,STANDARD,24,1,48,500,100,0.4092,1458.3,693.08,737.17,771.83,811.29,685.71,2097,2097,2097,0,2097,0,0,507,41,36202.3,20424136,32.9,48
n100k_d768_l2,100000,768,l2,random,0.0200,0.0200,2000,E_large24_acorn1,large,ACORN,24,1,48,500,100,0.1572,1397.1,189.71,2245.25,2449.42,2732.21,715.76,232,169,5448,193844,199293,8529,190764,0,63,36202.3,20424136,32.9,48
n100k_d768_l2,100000,768,l2,random,0.0200,0.0200,2000,D_large48_standard,large,STANDARD,48,1,96,500,100,0.4121,1466.3,688.42,715.46,744.21,748.50,681.97,2175,2175,2175,0,2175,0,0,505,41,26936.8,39618184,41.1,96
n100k_d768_l2,100000,768,l2,random,0.0200,0.0200,2000,E_large48_acorn1,large,ACORN,48,1,96,500,100,0.8198,295.5,3509.54,4154.00,4787.21,5130.88,3383.75,688,622,19952,970270,990224,38422,951801,0,95,26936.8,39618184,41.1,96
n100k_d768_l2,100000,768,l2,random,0.0200,0.0200,2000,C_acorn_g4,acorn,ACORN,16,4,16,500,100,0.0199,40631.7,25.50,27.08,38.46,39.17,24.61,32,27,965,4996,5962,312,5649,0,27,35004.5,18532104,24.2,40
n100k_d768_l2,100000,768,l2,random,0.0200,0.0200,2000,C_acorn_g8,acorn,ACORN,16,8,16,500,100,0.0255,28070.5,35.46,37.21,38.33,42.54,35.62,46,38,1410,7624,9036,450,8585,0,38,55273.2,20264200,24.3,40
n100k_d768_l2,100000,768,l2,random,0.0200,0.0200,2000,C_acorn_g16,acorn,ACORN,16,16,16,500,100,0.1913,15313.0,45.79,153.42,162.62,173.62,65.30,66,49,2296,9453,11750,605,11145,0,45,95724.5,23728392,24.3,40
n100k_d768_l2,100000,768,l2,random,0.0200,0.0200,2000,C_acorn_g32,acorn,ACORN,16,32,16,500,100,0.2260,11969.4,52.50,268.25,313.54,409.29,83.55,83,51,3177,10001,13179,660,12519,0,45,242975.0,30656776,24.3,40
n100k_d768_l2,100000,768,l2,random,0.0100,0.0100,1000,F_exact,exact,EXACT,16,0,0,0,10,1.0000,4365.3,228.75,231.67,235.88,238.92,229.08,1000,0,0,0,100000,0,0,0,10,0.0,0,0.0,0
n100k_d768_l2,100000,768,l2,random,0.0100,0.0100,1000,A_std_standard,std,STANDARD,16,1,32,50,10,0.6200,5799.6,174.33,189.79,194.54,196.83,172.42,1084,1084,1084,0,1084,0,0,60,9,41699.6,14033032,25.8,32
n100k_d768_l2,100000,768,l2,random,0.0100,0.0100,1000,B_std_acorn1,std,ACORN,16,1,32,50,10,0.0000,21540.3,46.29,47.08,49.71,52.96,46.42,42,20,543,14599,15143,534,14609,0,10,41699.6,14033032,25.8,32
n100k_d768_l2,100000,768,l2,random,0.0100,0.0100,1000,D_large24_standard,large,STANDARD,24,1,48,50,10,0.7090,4873.0,206.71,222.21,271.96,280.54,205.21,1324,1324,1324,0,1324,0,0,58,9,36202.3,20424136,32.9,48
n100k_d768_l2,100000,768,l2,random,0.0100,0.0100,1000,E_large24_acorn1,large,ACORN,24,1,48,50,10,0.1000,9879.6,65.46,234.79,248.21,255.12,101.22,60,27,864,30023,30888,994,29894,0,10,36202.3,20424136,32.9,48
n100k_d768_l2,100000,768,l2,random,0.0100,0.0100,1000,D_large48_standard,large,STANDARD,48,1,96,50,10,0.8000,4250.0,238.92,253.50,257.38,259.54,235.29,1587,1587,1587,0,1587,0,0,56,9,26936.8,39618184,41.1,96
n100k_d768_l2,100000,768,l2,random,0.0100,0.0100,1000,E_large48_acorn1,large,ACORN,48,1,96,50,10,0.2300,2285.1,394.75,620.58,870.50,888.62,437.61,216,85,2611,128282,130894,3777,127117,0,10,26936.8,39618184,41.1,96
n100k_d768_l2,100000,768,l2,random,0.0100,0.0100,1000,C_acorn_g4,acorn,ACORN,16,4,16,50,10,0.0000,276121.1,3.58,3.92,4.00,4.17,3.62,5,4,299,498,798,29,769,0,4,35004.5,18532104,24.2,40
n100k_d768_l2,100000,768,l2,random,0.0100,0.0100,1000,C_acorn_g8,acorn,ACORN,16,8,16,50,10,0.0000,224716.6,4.42,4.62,4.88,4.92,4.45,5,4,495,640,1136,33,1103,0,4,55273.2,20264200,24.3,40
n100k_d768_l2,100000,768,l2,random,0.0100,0.0100,1000,C_acorn_g16,acorn,ACORN,16,16,16,50,10,0.0620,89399.1,13.88,16.62,54.88,56.17,11.19,12,6,1121,1367,2490,81,2408,0,5,95724.5,23728392,24.3,40
n100k_d768_l2,100000,768,l2,random,0.0100,0.0100,1000,C_acorn_g32,acorn,ACORN,16,32,16,50,10,0.1760,46690.8,17.96,51.54,72.29,134.42,21.42,27,10,2012,2249,4263,137,4125,0,7,242975.0,30656776,24.3,40
n100k_d768_l2,100000,768,l2,random,0.0100,0.0100,1000,A_std_standard,std,STANDARD,16,1,32,100,10,0.8090,3838.6,263.96,278.21,289.62,293.29,260.51,1503,1503,1503,0,1503,0,0,109,9,41699.6,14033032,25.8,32
n100k_d768_l2,100000,768,l2,random,0.0100,0.0100,1000,B_std_acorn1,std,ACORN,16,1,32,100,10,0.0000,21512.9,46.21,47.38,52.33,55.58,46.48,42,20,543,14599,15143,534,14609,0,10,41699.6,14033032,25.8,32
n100k_d768_l2,100000,768,l2,random,0.0100,0.0100,1000,D_large24_standard,large,STANDARD,24,1,48,100,10,0.8930,3415.0,295.58,313.92,369.92,374.50,292.82,1730,1730,1730,0,1730,0,0,107,9,36202.3,20424136,32.9,48
n100k_d768_l2,100000,768,l2,random,0.0100,0.0100,1000,E_large24_acorn1,large,ACORN,24,1,48,100,10,0.1000,9033.4,67.46,290.00,295.62,300.12,110.70,60,27,942,32851,33795,1083,32712,0,10,36202.3,20424136,32.9,48
n100k_d768_l2,100000,768,l2,random,0.0100,0.0100,1000,D_large48_standard,large,STANDARD,48,1,96,100,10,0.9400,3155.2,322.21,338.00,354.50,355.04,316.94,1932,1932,1932,0,1932,0,0,106,9,26936.8,39618184,41.1,96
n100k_d768_l2,100000,768,l2,random,0.0100,0.0100,1000,E_large48_acorn1,large,ACORN,48,1,96,100,10,0.2600,1268.6,756.04,983.12,1053.12,1332.50,788.25,273,142,4808,237277,242087,7001,235086,0,10,26936.8,39618184,41.1,96
n100k_d768_l2,100000,768,l2,random,0.0100,0.0100,1000,C_acorn_g4,acorn,ACORN,16,4,16,100,10,0.0000,280214.9,3.54,3.71,4.00,4.12,3.57,5,4,299,498,798,29,769,0,4,35004.5,18532104,24.2,40
n100k_d768_l2,100000,768,l2,random,0.0100,0.0100,1000,C_acorn_g8,acorn,ACORN,16,8,16,100,10,0.0000,224613.6,4.46,4.54,4.75,4.75,4.45,5,4,495,640,1136,33,1103,0,4,55273.2,20264200,24.3,40
n100k_d768_l2,100000,768,l2,random,0.0100,0.0100,1000,C_acorn_g16,acorn,ACORN,16,16,16,100,10,0.0620,89315.4,13.96,16.92,55.08,55.38,11.20,12,6,1121,1367,2490,81,2408,0,5,95724.5,23728392,24.3,40
n100k_d768_l2,100000,768,l2,random,0.0100,0.0100,1000,C_acorn_g32,acorn,ACORN,16,32,16,100,10,0.1760,46706.1,17.75,51.46,72.42,132.08,21.41,27,10,2012,2249,4263,137,4125,0,7,242975.0,30656776,24.3,40
n100k_d768_l2,100000,768,l2,random,0.0100,0.0100,1000,A_std_standard,std,STANDARD,16,1,32,250,10,0.9600,2330.3,435.42,455.12,467.75,473.62,429.13,1924,1924,1924,0,1924,0,0,259,10,41699.6,14033032,25.8,32
n100k_d768_l2,100000,768,l2,random,0.0100,0.0100,1000,B_std_acorn1,std,ACORN,16,1,32,250,10,0.0000,21561.6,46.29,47.25,49.33,49.50,46.38,42,20,543,14599,15143,534,14609,0,10,41699.6,14033032,25.8,32
n100k_d768_l2,100000,768,l2,random,0.0100,0.0100,1000,D_large24_standard,large,STANDARD,24,1,48,250,10,0.9840,2214.9,456.83,483.92,539.21,543.96,451.48,2038,2038,2038,0,2038,0,0,257,10,36202.3,20424136,32.9,48
n100k_d768_l2,100000,768,l2,random,0.0100,0.0100,1000,E_large24_acorn1,large,ACORN,24,1,48,250,10,0.1000,9080.7,66.29,285.21,296.12,297.71,110.12,60,27,942,32851,33795,1083,32712,0,10,36202.3,20424136,32.9,48
n100k_d768_l2,100000,768,l2,random,0.0100,0.0100,1000,D_large48_standard,large,STANDARD,48,1,96,250,10,0.9940,2194.8,462.33,478.29,500.29,505.62,455.63,2136,2136,2136,0,2136,0,0,255,10,26936.8,39618184,41.1,96
n100k_d768_l2,100000,768,l2,random,0.0100,0.0100,1000,E_large48_acorn1,large,ACORN,48,1,96,250,10,0.3400,529.2,1863.33,2143.54,2189.17,2192.21,1889.58,435,303,11637,575771,587409,16966,570442,0,10,26936.8,39618184,41.1,96
n100k_d768_l2,100000,768,l2,random,0.0100,0.0100,1000,C_acorn_g4,acorn,ACORN,16,4,16,250,10,0.0000,278003.3,3.58,3.88,4.04,4.21,3.60,5,4,299,498,798,29,769,0,4,35004.5,18532104,24.2,40
n100k_d768_l2,100000,768,l2,random,0.0100,0.0100,1000,C_acorn_g8,acorn,ACORN,16,8,16,250,10,0.0000,220625.9,4.46,4.71,4.88,10.79,4.53,5,4,495,640,1136,33,1103,0,4,55273.2,20264200,24.3,40
n100k_d768_l2,100000,768,l2,random,0.0100,0.0100,1000,C_acorn_g16,acorn,ACORN,16,16,16,250,10,0.0620,89008.2,13.92,16.88,55.42,56.33,11.23,12,6,1121,1367,2490,81,2408,0,5,95724.5,23728392,24.3,40
n100k_d768_l2,100000,768,l2,random,0.0100,0.0100,1000,C_acorn_g32,acorn,ACORN,16,32,16,250,10,0.1760,46732.8,17.88,51.46,71.00,137.54,21.40,27,10,2012,2249,4263,137,4125,0,7,242975.0,30656776,24.3,40
n100k_d768_l2,100000,768,l2,random,0.0100,0.0100,1000,A_std_standard,std,STANDARD,16,1,32,500,10,0.9940,1513.1,669.38,705.88,725.96,739.79,660.88,2056,2056,2056,0,2056,0,0,509,10,41699.6,14033032,25.8,32
n100k_d768_l2,100000,768,l2,random,0.0100,0.0100,1000,B_std_acorn1,std,ACORN,16,1,32,500,10,0.0000,21580.0,46.17,47.12,49.04,49.04,46.34,42,20,543,14599,15143,534,14609,0,10,41699.6,14033032,25.8,32
n100k_d768_l2,100000,768,l2,random,0.0100,0.0100,1000,D_large24_standard,large,STANDARD,24,1,48,500,10,1.0000,1466.9,690.42,724.79,769.12,801.21,681.70,2097,2097,2097,0,2097,0,0,507,10,36202.3,20424136,32.9,48
n100k_d768_l2,100000,768,l2,random,0.0100,0.0100,1000,E_large24_acorn1,large,ACORN,24,1,48,500,10,0.1000,9078.6,66.12,289.00,293.38,296.83,110.15,60,27,942,32851,33795,1083,32712,0,10,36202.3,20424136,32.9,48
n100k_d768_l2,100000,768,l2,random,0.0100,0.0100,1000,D_large48_standard,large,STANDARD,48,1,96,500,10,1.0000,1471.3,684.42,713.96,735.67,746.71,679.66,2175,2175,2175,0,2175,0,0,505,10,26936.8,39618184,41.1,96
n100k_d768_l2,100000,768,l2,random,0.0100,0.0100,1000,E_large48_acorn1,large,ACORN,48,1,96,500,10,0.3700,331.7,3001.96,3063.33,3293.42,3359.71,3014.93,563,432,18398,908828,927228,26881,900346,0,10,26936.8,39618184,41.1,96
n100k_d768_l2,100000,768,l2,random,0.0100,0.0100,1000,C_acorn_g4,acorn,ACORN,16,4,16,500,10,0.0000,272509.3,3.62,3.92,4.12,4.33,3.67,5,4,299,498,798,29,769,0,4,35004.5,18532104,24.2,40
n100k_d768_l2,100000,768,l2,random,0.0100,0.0100,1000,C_acorn_g8,acorn,ACORN,16,8,16,500,10,0.0000,218756.6,4.50,4.67,5.00,12.00,4.57,5,4,495,640,1136,33,1103,0,4,55273.2,20264200,24.3,40
n100k_d768_l2,100000,768,l2,random,0.0100,0.0100,1000,C_acorn_g16,acorn,ACORN,16,16,16,500,10,0.0620,89502.3,14.08,16.96,53.62,54.00,11.17,12,6,1121,1367,2490,81,2408,0,5,95724.5,23728392,24.3,40
n100k_d768_l2,100000,768,l2,random,0.0100,0.0100,1000,C_acorn_g32,acorn,ACORN,16,32,16,500,10,0.1760,47132.6,18.08,51.50,70.50,126.17,21.22,27,10,2012,2249,4263,137,4125,0,7,242975.0,30656776,24.3,40
n100k_d768_l2,100000,768,l2,random,0.0050,0.0050,500,F_exact,exact,EXACT,16,0,0,0,10,1.0000,6054.1,164.83,167.54,168.46,170.67,165.18,500,0,0,0,100000,0,0,0,10,0.0,0,0.0,0
n100k_d768_l2,100000,768,l2,random,0.0050,0.0050,500,A_std_standard,std,STANDARD,16,1,32,50,10,0.4680,5812.7,173.54,188.08,189.92,200.71,172.04,1084,1084,1084,0,1084,0,0,60,5,41699.6,14033032,25.8,32
n100k_d768_l2,100000,768,l2,random,0.0050,0.0050,500,B_std_acorn1,std,ACORN,16,1,32,50,10,0.0190,20713.9,48.04,50.46,51.38,54.83,48.28,28,20,585,15582,16168,527,15641,0,10,41699.6,14033032,25.8,32
n100k_d768_l2,100000,768,l2,random,0.0050,0.0050,500,D_large24_standard,large,STANDARD,24,1,48,50,10,0.5570,4885.7,205.71,222.71,278.42,279.58,204.68,1324,1324,1324,0,1324,0,0,58,6,36202.3,20424136,32.9,48
n100k_d768_l2,100000,768,l2,random,0.0050,0.0050,500,E_large24_acorn1,large,ACORN,24,1,48,50,10,0.0400,10404.7,95.92,98.33,99.83,103.08,96.11,55,27,928,32298,33227,987,32240,0,10,36202.3,20424136,32.9,48
n100k_d768_l2,100000,768,l2,random,0.0050,0.0050,500,D_large48_standard,large,STANDARD,48,1,96,50,10,0.6410,4259.6,237.75,250.54,256.42,259.88,234.76,1587,1587,1587,0,1587,0,0,56,6,26936.8,39618184,41.1,96
n100k_d768_l2,100000,768,l2,random,0.0050,0.0050,500,E_large48_acorn1,large,ACORN,48,1,96,50,10,0.0000,17526.4,56.88,59.00,61.54,64.33,57.06,8,8,444,21135,21580,389,21191,0,7,26936.8,39618184,41.1,96
n100k_d768_l2,100000,768,l2,random,0.0050,0.0050,500,C_acorn_g4,acorn,ACORN,16,4,16,50,10,0.0000,463587.5,2.17,2.25,2.38,2.42,2.16,1,1,176,273,450,0,450,0,0,35004.5,18532104,24.2,40
n100k_d768_l2,100000,768,l2,random,0.0050,0.0050,500,C_acorn_g8,acorn,ACORN,16,8,16,50,10,0.0140,271217.3,3.46,5.58,10.33,17.50,3.69,6,1,464,284,749,15,734,0,1,55273.2,20264200,24.3,40
n100k_d768_l2,100000,768,l2,random,0.0050,0.0050,500,C_acorn_g16,acorn,ACORN,16,16,16,50,10,0.0080,189528.2,4.58,7.67,18.58,18.88,5.28,6,1,908,391,1300,23,1277,0,1,95724.5,23728392,24.3,40
n100k_d768_l2,100000,768,l2,random,0.0050,0.0050,500,C_acorn_g32,acorn,ACORN,16,32,16,50,10,0.0520,86067.7,10.17,17.58,34.83,46.88,11.62,13,5,1689,1257,2947,66,2880,0,5,242975.0,30656776,24.3,40
n100k_d768_l2,100000,768,l2,random,0.0050,0.0050,500,A_std_standard,std,STANDARD,16,1,32,100,10,0.6550,3849.6,262.83,277.17,293.58,294.62,259.77,1503,1503,1503,0,1503,0,0,109,6,41699.6,14033032,25.8,32
n100k_d768_l2,100000,768,l2,random,0.0050,0.0050,500,B_std_acorn1,std,ACORN,16,1,32,100,10,0.0190,20824.7,47.92,48.71,49.17,51.12,48.02,28,20,585,15582,16168,527,15641,0,10,41699.6,14033032,25.8,32
n100k_d768_l2,100000,768,l2,random,0.0050,0.0050,500,D_large24_standard,large,STANDARD,24,1,48,100,10,0.7360,3411.9,295.08,320.25,369.50,373.04,293.09,1730,1730,1730,0,1730,0,0,107,7,36202.3,20424136,32.9,48
n100k_d768_l2,100000,768,l2,random,0.0050,0.0050,500,E_large24_acorn1,large,ACORN,24,1,48,100,10,0.0400,10406.5,95.92,97.33,100.08,103.00,96.09,55,27,928,32298,33227,987,32240,0,10,36202.3,20424136,32.9,48
n100k_d768_l2,100000,768,l2,random,0.0050,0.0050,500,D_large48_standard,large,STANDARD,48,1,96,100,10,0.8050,3159.3,321.58,336.67,342.75,349.79,316.53,1932,1932,1932,0,1932,0,0,106,8,26936.8,39618184,41.1,96
n100k_d768_l2,100000,768,l2,random,0.0050,0.0050,500,E_large48_acorn1,large,ACORN,48,1,96,100,10,0.0000,17687.8,56.46,57.33,59.67,59.79,56.54,8,8,444,21135,21580,389,21191,0,7,26936.8,39618184,41.1,96
n100k_d768_l2,100000,768,l2,random,0.0050,0.0050,500,C_acorn_g4,acorn,ACORN,16,4,16,100,10,0.0000,470685.7,2.12,2.21,2.33,2.42,2.12,1,1,176,273,450,0,450,0,0,35004.5,18532104,24.2,40
n100k_d768_l2,100000,768,l2,random,0.0050,0.0050,500,C_acorn_g8,acorn,ACORN,16,8,16,100,10,0.0140,271035.0,3.50,5.54,10.50,17.04,3.69,6,1,464,284,749,15,734,0,1,55273.2,20264200,24.3,40
n100k_d768_l2,100000,768,l2,random,0.0050,0.0050,500,C_acorn_g16,acorn,ACORN,16,16,16,100,10,0.0080,189531.8,4.62,7.58,18.33,18.71,5.28,6,1,908,391,1300,23,1277,0,1,95724.5,23728392,24.3,40
n100k_d768_l2,100000,768,l2,random,0.0050,0.0050,500,C_acorn_g32,acorn,ACORN,16,32,16,100,10,0.0520,85603.9,10.17,18.42,34.29,46.42,11.68,13,5,1689,1257,2947,66,2880,0,5,242975.0,30656776,24.3,40
n100k_d768_l2,100000,768,l2,random,0.0050,0.0050,500,A_std_standard,std,STANDARD,16,1,32,250,10,0.8340,2333.3,433.83,456.46,468.92,474.08,428.58,1924,1924,1924,0,1924,0,0,259,8,41699.6,14033032,25.8,32
n100k_d768_l2,100000,768,l2,random,0.0050,0.0050,500,B_std_acorn1,std,ACORN,16,1,32,250,10,0.0190,20752.4,48.04,48.71,51.17,51.33,48.19,28,20,585,15582,16168,527,15641,0,10,41699.6,14033032,25.8,32
n100k_d768_l2,100000,768,l2,random,0.0050,0.0050,500,D_large24_standard,large,STANDARD,24,1,48,250,10,0.8690,2222.9,454.54,478.29,539.67,541.79,449.86,2038,2038,2038,0,2038,0,0,257,8,36202.3,20424136,32.9,48
n100k_d768_l2,100000,768,l2,random,0.0050,0.0050,500,E_large24_acorn1,large,ACORN,24,1,48,250,10,0.0400,10392.8,96.08,98.58,99.54,103.21,96.22,55,27,928,32298,33227,987,32240,0,10,36202.3,20424136,32.9,48
n100k_d768_l2,100000,768,l2,random,0.0050,0.0050,500,D_large48_standard,large,STANDARD,48,1,96,250,10,0.8840,2200.4,461.96,481.75,495.17,502.67,454.46,2136,2136,2136,0,2136,0,0,255,8,26936.8,39618184,41.1,96
n100k_d768_l2,100000,768,l2,random,0.0050,0.0050,500,E_large48_acorn1,large,ACORN,48,1,96,250,10,0.0000,17503.3,57.04,58.00,60.04,60.25,57.13,8,8,444,21135,21580,389,21191,0,7,26936.8,39618184,41.1,96
n100k_d768_l2,100000,768,l2,random,0.0050,0.0050,500,C_acorn_g4,acorn,ACORN,16,4,16,250,10,0.0000,478856.1,2.00,2.33,2.42,2.46,2.09,1,1,176,273,450,0,450,0,0,35004.5,18532104,24.2,40
n100k_d768_l2,100000,768,l2,random,0.0050,0.0050,500,C_acorn_g8,acorn,ACORN,16,8,16,250,10,0.0140,268733.4,3.54,5.58,10.58,16.96,3.72,6,1,464,284,749,15,734,0,1,55273.2,20264200,24.3,40
n100k_d768_l2,100000,768,l2,random,0.0050,0.0050,500,C_acorn_g16,acorn,ACORN,16,16,16,250,10,0.0080,184928.7,4.67,7.71,18.88,21.92,5.41,6,1,908,391,1300,23,1277,0,1,95724.5,23728392,24.3,40
n100k_d768_l2,100000,768,l2,random,0.0050,0.0050,500,C_acorn_g32,acorn,ACORN,16,32,16,250,10,0.0520,85839.7,10.25,17.21,34.83,46.29,11.65,13,5,1689,1257,2947,66,2880,0,5,242975.0,30656776,24.3,40
n100k_d768_l2,100000,768,l2,random,0.0050,0.0050,500,A_std_standard,std,STANDARD,16,1,32,500,10,0.8790,1511.9,668.54,704.50,718.67,737.38,661.42,2056,2056,2056,0,2056,0,0,509,8,41699.6,14033032,25.8,32
n100k_d768_l2,100000,768,l2,random,0.0050,0.0050,500,B_std_acorn1,std,ACORN,16,1,32,500,10,0.0190,20525.6,48.25,51.46,52.46,53.62,48.72,28,20,585,15582,16168,527,15641,0,10,41699.6,14033032,25.8,32
n100k_d768_l2,100000,768,l2,random,0.0050,0.0050,500,D_large24_standard,large,STANDARD,24,1,48,500,10,0.8890,1495.8,674.12,716.46,765.62,768.83,668.52,2097,2097,2097,0,2097,0,0,507,8,36202.3,20424136,32.9,48
n100k_d768_l2,100000,768,l2,random,0.0050,0.0050,500,E_large24_acorn1,large,ACORN,24,1,48,500,10,0.0400,10437.4,95.83,97.96,99.33,102.04,95.81,55,27,928,32298,33227,987,32240,0,10,36202.3,20424136,32.9,48
n100k_d768_l2,100000,768,l2,random,0.0050,0.0050,500,D_large48_standard,large,STANDARD,48,1,96,500,10,0.8920,1443.7,699.58,735.54,742.04,749.00,692.65,2175,2175,2175,0,2175,0,0,505,8,26936.8,39618184,41.1,96
n100k_d768_l2,100000,768,l2,random,0.0050,0.0050,500,E_large48_acorn1,large,ACORN,48,1,96,500,10,0.0000,17410.1,56.92,61.21,65.42,65.54,57.44,8,8,444,21135,21580,389,21191,0,7,26936.8,39618184,41.1,96
n100k_d768_l2,100000,768,l2,random,0.0050,0.0050,500,C_acorn_g4,acorn,ACORN,16,4,16,500,10,0.0000,439315.2,2.25,2.42,2.54,2.58,2.28,1,1,176,273,450,0,450,0,0,35004.5,18532104,24.2,40
n100k_d768_l2,100000,768,l2,random,0.0050,0.0050,500,C_acorn_g8,acorn,ACORN,16,8,16,500,10,0.0140,266781.9,3.50,5.62,10.75,16.58,3.75,6,1,464,284,749,15,734,0,1,55273.2,20264200,24.3,40
n100k_d768_l2,100000,768,l2,random,0.0050,0.0050,500,C_acorn_g16,acorn,ACORN,16,16,16,500,10,0.0080,184472.6,4.71,7.75,18.79,23.25,5.42,6,1,908,391,1300,23,1277,0,1,95724.5,23728392,24.3,40
n100k_d768_l2,100000,768,l2,random,0.0050,0.0050,500,C_acorn_g32,acorn,ACORN,16,32,16,500,10,0.0520,85151.6,10.29,17.54,35.25,46.67,11.74,13,5,1689,1257,2947,66,2880,0,5,242975.0,30656776,24.3,40
n100k_d768_l2,100000,768,l2,random,0.0010,0.0010,100,F_exact,exact,EXACT,16,0,0,0,10,1.0000,8659.2,115.12,118.12,121.17,122.00,115.48,100,0,0,0,100000,0,0,0,10,0.0,0,0.0,0
n100k_d768_l2,100000,768,l2,random,0.0010,0.0010,100,A_std_standard,std,STANDARD,16,1,32,50,10,0.0900,5834.9,173.21,188.46,192.25,208.50,171.38,1084,1084,1084,0,1084,0,0,60,0,41699.6,14033032,25.8,32
n100k_d768_l2,100000,768,l2,random,0.0010,0.0010,100,B_std_acorn1,std,ACORN,16,1,32,50,10,0.0000,212051.7,5.25,5.46,5.58,5.75,4.72,1,1,62,1282,1345,0,1345,0,0,41699.6,14033032,25.8,32
n100k_d768_l2,100000,768,l2,random,0.0010,0.0010,100,D_large24_standard,large,STANDARD,24,1,48,50,10,0.1120,4906.7,205.83,220.38,271.88,280.79,203.80,1324,1324,1324,0,1324,0,0,58,1,36202.3,20424136,32.9,48
n100k_d768_l2,100000,768,l2,random,0.0010,0.0010,100,E_large24_acorn1,large,ACORN,24,1,48,50,10,0.0000,220505.7,4.50,4.67,4.75,4.75,4.54,1,1,71,1620,1692,0,1692,0,0,36202.3,20424136,32.9,48
n100k_d768_l2,100000,768,l2,random,0.0010,0.0010,100,D_large48_standard,large,STANDARD,48,1,96,50,10,0.1500,4275.8,237.96,250.25,255.12,255.29,233.88,1587,1587,1587,0,1587,0,0,56,1,26936.8,39618184,41.1,96
n100k_d768_l2,100000,768,l2,random,0.0010,0.0010,100,E_large48_acorn1,large,ACORN,48,1,96,50,10,0.0000,108528.0,9.17,9.54,9.67,9.67,9.21,1,1,116,4599,4716,0,4716,0,0,26936.8,39618184,41.1,96
n100k_d768_l2,100000,768,l2,random,0.0010,0.0010,100,C_acorn_g4,acorn,ACORN,16,4,16,50,10,0.0000,500415.3,2.00,2.08,2.08,2.17,2.00,1,1,176,273,450,0,450,0,0,35004.5,18532104,24.2,40
n100k_d768_l2,100000,768,l2,random,0.0010,0.0010,100,C_acorn_g8,acorn,ACORN,16,8,16,50,10,0.0000,514128.2,1.96,2.04,2.04,2.08,1.95,1,1,300,178,479,0,479,0,0,55273.2,20264200,24.3,40
n100k_d768_l2,100000,768,l2,random,0.0010,0.0010,100,C_acorn_g16,acorn,ACORN,16,16,16,50,10,0.0000,419875.2,2.38,2.42,2.46,2.54,2.38,1,1,556,179,736,0,736,0,0,95724.5,23728392,24.3,40
n100k_d768_l2,100000,768,l2,random,0.0010,0.0010,100,C_acorn_g32,acorn,ACORN,16,32,16,50,10,0.0000,330076.6,3.04,3.08,3.12,3.21,3.03,1,1,881,218,1100,0,1100,0,0,242975.0,30656776,24.3,40
n100k_d768_l2,100000,768,l2,random,0.0010,0.0010,100,A_std_standard,std,STANDARD,16,1,32,100,10,0.1260,3860.4,262.42,278.50,289.88,293.38,259.04,1503,1503,1503,0,1503,0,0,109,1,41699.6,14033032,25.8,32
n100k_d768_l2,100000,768,l2,random,0.0010,0.0010,100,B_std_acorn1,std,ACORN,16,1,32,100,10,0.0000,226801.1,4.33,4.67,4.96,5.17,4.41,1,1,62,1282,1345,0,1345,0,0,41699.6,14033032,25.8,32
n100k_d768_l2,100000,768,l2,random,0.0010,0.0010,100,D_large24_standard,large,STANDARD,24,1,48,100,10,0.1440,3432.9,293.25,313.62,367.42,371.50,291.30,1730,1730,1730,0,1730,0,0,107,1,36202.3,20424136,32.9,48
n100k_d768_l2,100000,768,l2,random,0.0010,0.0010,100,E_large24_acorn1,large,ACORN,24,1,48,100,10,0.0000,243729.5,4.04,4.50,4.62,4.79,4.10,1,1,71,1620,1692,0,1692,0,0,36202.3,20424136,32.9,48
n100k_d768_l2,100000,768,l2,random,0.0010,0.0010,100,D_large48_standard,large,STANDARD,48,1,96,100,10,0.1700,3164.9,321.75,337.29,346.00,353.46,315.97,1932,1932,1932,0,1932,0,0,106,1,26936.8,39618184,41.1,96
n100k_d768_l2,100000,768,l2,random,0.0010,0.0010,100,E_large48_acorn1,large,ACORN,48,1,96,100,10,0.0000,106241.7,9.38,9.75,9.96,10.00,9.41,1,1,116,4599,4716,0,4716,0,0,26936.8,39618184,41.1,96
n100k_d768_l2,100000,768,l2,random,0.0010,0.0010,100,C_acorn_g4,acorn,ACORN,16,4,16,100,10,0.0000,472732.8,2.08,2.21,2.38,2.50,2.12,1,1,176,273,450,0,450,0,0,35004.5,18532104,24.2,40
n100k_d768_l2,100000,768,l2,random,0.0010,0.0010,100,C_acorn_g8,acorn,ACORN,16,8,16,100,10,0.0000,484557.2,2.04,2.12,2.17,2.21,2.06,1,1,300,178,479,0,479,0,0,55273.2,20264200,24.3,40
n100k_d768_l2,100000,768,l2,random,0.0010,0.0010,100,C_acorn_g16,acorn,ACORN,16,16,16,100,10,0.0000,412672.3,2.42,2.50,2.54,2.58,2.42,1,1,556,179,736,0,736,0,0,95724.5,23728392,24.3,40
n100k_d768_l2,100000,768,l2,random,0.0010,0.0010,100,C_acorn_g32,acorn,ACORN,16,32,16,100,10,0.0000,287465.4,3.75,3.83,3.83,3.88,3.48,1,1,881,218,1100,0,1100,0,0,242975.0,30656776,24.3,40
n100k_d768_l2,100000,768,l2,random,0.0010,0.0010,100,A_std_standard,std,STANDARD,16,1,32,250,10,0.1780,2325.4,437.25,460.62,469.46,478.29,430.03,1924,1924,1924,0,1924,0,0,259,1,41699.6,14033032,25.8,32
n100k_d768_l2,100000,768,l2,random,0.0010,0.0010,100,B_std_acorn1,std,ACORN,16,1,32,250,10,0.0000,229862.3,4.33,4.58,4.71,4.79,4.35,1,1,62,1282,1345,0,1345,0,0,41699.6,14033032,25.8,32
n100k_d768_l2,100000,768,l2,random,0.0010,0.0010,100,D_large24_standard,large,STANDARD,24,1,48,250,10,0.1880,2220.9,454.88,488.83,537.17,538.54,450.26,2038,2038,2038,0,2038,0,0,257,1,36202.3,20424136,32.9,48
n100k_d768_l2,100000,768,l2,random,0.0010,0.0010,100,E_large24_acorn1,large,ACORN,24,1,48,250,10,0.0000,211043.0,4.71,4.96,5.12,5.25,4.74,1,1,71,1620,1692,0,1692,0,0,36202.3,20424136,32.9,48
n100k_d768_l2,100000,768,l2,random,0.0010,0.0010,100,D_large48_standard,large,STANDARD,48,1,96,250,10,0.1970,2183.9,462.75,489.08,520.58,523.79,457.90,2136,2136,2136,0,2136,0,0,255,1,26936.8,39618184,41.1,96
n100k_d768_l2,100000,768,l2,random,0.0010,0.0010,100,E_large48_acorn1,large,ACORN,48,1,96,250,10,0.0000,84781.7,11.75,12.08,12.29,15.50,11.79,1,1,116,4599,4716,0,4716,0,0,26936.8,39618184,41.1,96
n100k_d768_l2,100000,768,l2,random,0.0010,0.0010,100,C_acorn_g4,acorn,ACORN,16,4,16,250,10,0.0000,418923.6,2.38,2.46,2.50,2.50,2.39,1,1,176,273,450,0,450,0,0,35004.5,18532104,24.2,40
n100k_d768_l2,100000,768,l2,random,0.0010,0.0010,100,C_acorn_g8,acorn,ACORN,16,8,16,250,10,0.0000,456714.9,2.08,2.42,2.46,2.50,2.19,1,1,300,178,479,0,479,0,0,55273.2,20264200,24.3,40
n100k_d768_l2,100000,768,l2,random,0.0010,0.0010,100,C_acorn_g16,acorn,ACORN,16,16,16,250,10,0.0000,398408.0,2.50,2.54,2.58,2.58,2.51,1,1,556,179,736,0,736,0,0,95724.5,23728392,24.3,40
n100k_d768_l2,100000,768,l2,random,0.0010,0.0010,100,C_acorn_g32,acorn,ACORN,16,32,16,250,10,0.0000,317248.8,3.17,3.21,3.25,3.29,3.15,1,1,881,218,1100,0,1100,0,0,242975.0,30656776,24.3,40
n100k_d768_l2,100000,768,l2,random,0.0010,0.0010,100,A_std_standard,std,STANDARD,16,1,32,500,10,0.1940,1515.3,665.12,705.54,717.38,727.21,659.92,2056,2056,2056,0,2056,0,0,509,1,41699.6,14033032,25.8,32
n100k_d768_l2,100000,768,l2,random,0.0010,0.0010,100,B_std_acorn1,std,ACORN,16,1,32,500,10,0.0000,244623.2,3.92,4.46,4.71,12.62,4.09,1,1,62,1282,1345,0,1345,0,0,41699.6,14033032,25.8,32
n100k_d768_l2,100000,768,l2,random,0.0010,0.0010,100,D_large24_standard,large,STANDARD,24,1,48,500,10,0.1970,1445.1,700.00,734.42,784.21,786.21,692.00,2097,2097,2097,0,2097,0,0,507,1,36202.3,20424136,32.9,48
n100k_d768_l2,100000,768,l2,random,0.0010,0.0010,100,E_large24_acorn1,large,ACORN,24,1,48,500,10,0.0000,216294.3,4.58,4.88,4.96,5.08,4.62,1,1,71,1620,1692,0,1692,0,0,36202.3,20424136,32.9,48
n100k_d768_l2,100000,768,l2,random,0.0010,0.0010,100,D_large48_standard,large,STANDARD,48,1,96,500,10,0.1980,1414.8,712.08,754.00,782.04,790.04,706.81,2175,2175,2175,0,2175,0,0,505,1,26936.8,39618184,41.1,96
n100k_d768_l2,100000,768,l2,random,0.0010,0.0010,100,E_large48_acorn1,large,ACORN,48,1,96,500,10,0.0000,107531.2,9.21,9.42,11.67,11.75,9.30,1,1,116,4599,4716,0,4716,0,0,26936.8,39618184,41.1,96
n100k_d768_l2,100000,768,l2,random,0.0010,0.0010,100,C_acorn_g4,acorn,ACORN,16,4,16,500,10,0.0000,512817.9,1.92,2.04,2.21,2.25,1.95,1,1,176,273,450,0,450,0,0,35004.5,18532104,24.2,40
n100k_d768_l2,100000,768,l2,random,0.0010,0.0010,100,C_acorn_g8,acorn,ACORN,16,8,16,500,10,0.0000,524469.1,1.92,1.96,2.00,2.04,1.91,1,1,300,178,479,0,479,0,0,55273.2,20264200,24.3,40
n100k_d768_l2,100000,768,l2,random,0.0010,0.0010,100,C_acorn_g16,acorn,ACORN,16,16,16,500,10,0.0000,428267.4,2.33,2.38,2.38,2.42,2.33,1,1,556,179,736,0,736,0,0,95724.5,23728392,24.3,40
n100k_d768_l2,100000,768,l2,random,0.0010,0.0010,100,C_acorn_g32,acorn,ACORN,16,32,16,500,10,0.0000,309075.1,3.04,3.88,3.88,3.88,3.24,1,1,881,218,1100,0,1100,0,0,242975.0,30656776,24.3,40
n100k_d768_l2,100000,768,l2,correlated,0.5000,0.5000,50000,F_exact,exact,EXACT,16,0,0,0,10,1.0000,121.1,8260.92,8331.29,8382.21,8493.29,8257.45,50000,0,0,0,100000,0,0,0,10,0.0,0,0.0,0
n100k_d768_l2,100000,768,l2,correlated,0.5000,0.5000,50000,A_std_standard,std,STANDARD,16,1,32,50,10,0.5130,5838.8,173.75,185.21,191.29,194.12,171.27,1084,1084,1084,0,1084,0,0,60,6,41699.6,14033032,25.8,32
n100k_d768_l2,100000,768,l2,correlated,0.5000,0.5000,50000,B_std_acorn1,std,ACORN,16,1,32,50,10,0.5270,3299.4,307.38,439.58,568.88,636.83,303.08,1196,1092,441,4594,5037,2265,2772,0,10,41699.6,14033032,25.8,32
n100k_d768_l2,100000,768,l2,correlated,0.5000,0.5000,50000,D_large24_standard,large,STANDARD,24,1,48,50,10,0.5700,4830.4,207.50,226.96,272.96,284.71,207.02,1324,1324,1324,0,1324,0,0,58,6,36202.3,20424136,32.9,48
n100k_d768_l2,100000,768,l2,correlated,0.5000,0.5000,50000,E_large24_acorn1,large,ACORN,24,1,48,50,10,0.5950,2454.5,391.58,608.79,785.62,805.92,407.42,1507,1371,570,6599,7171,3517,3653,0,10,36202.3,20424136,32.9,48
n100k_d768_l2,100000,768,l2,correlated,0.5000,0.5000,50000,D_large48_standard,large,STANDARD,48,1,96,50,10,0.6020,4210.0,238.71,263.62,268.00,269.75,237.53,1587,1587,1587,0,1587,0,0,56,7,26936.8,39618184,41.1,96
n100k_d768_l2,100000,768,l2,correlated,0.5000,0.5000,50000,E_large48_acorn1,large,ACORN,48,1,96,50,10,0.7660,1953.8,506.96,716.71,901.00,948.96,511.81,1883,1671,1185,17036,18222,6870,11351,0,10,26936.8,39618184,41.1,96
n100k_d768_l2,100000,768,l2,correlated,0.5000,0.5000,50000,C_acorn_g4,acorn,ACORN,16,4,16,50,10,0.4390,4380.3,237.79,309.71,421.92,485.38,228.29,926,847,1172,876,2050,1909,140,0,10,35004.5,18532104,24.2,40
n100k_d768_l2,100000,768,l2,correlated,0.5000,0.5000,50000,C_acorn_g8,acorn,ACORN,16,8,16,50,10,0.4690,4227.5,244.00,341.38,449.79,455.50,236.55,964,884,1164,907,2072,1921,151,0,10,55273.2,20264200,24.3,40
n100k_d768_l2,100000,768,l2,correlated,0.5000,0.5000,50000,C_acorn_g16,acorn,ACORN,16,16,16,50,10,0.4530,4159.0,252.42,284.00,370.67,433.92,240.45,949,869,1146,872,2019,1879,140,0,10,95724.5,23728392,24.3,40
n100k_d768_l2,100000,768,l2,correlated,0.5000,0.5000,50000,C_acorn_g32,acorn,ACORN,16,32,16,50,10,0.4250,3980.3,241.38,401.12,456.25,597.29,251.24,1004,925,1211,906,2118,1988,129,0,10,242975.0,30656776,24.3,40
n100k_d768_l2,100000,768,l2,correlated,0.5000,0.5000,50000,A_std_standard,std,STANDARD,16,1,32,100,10,0.5980,3706.2,263.71,344.71,354.12,363.58,269.81,1503,1503,1503,0,1503,0,0,109,6,41699.6,14033032,25.8,32
n100k_d768_l2,100000,768,l2,correlated,0.5000,0.5000,50000,B_std_acorn1,std,ACORN,16,1,32,100,10,0.6730,2218.4,468.04,648.04,898.58,1163.83,450.78,1609,1505,1077,9112,10191,4596,5595,0,10,41699.6,14033032,25.8,32
n100k_d768_l2,100000,768,l2,correlated,0.5000,0.5000,50000,D_large24_standard,large,STANDARD,24,1,48,100,10,0.6300,3408.1,296.29,318.00,369.17,376.21,293.42,1730,1730,1730,0,1730,0,0,107,6,36202.3,20424136,32.9,48
n100k_d768_l2,100000,768,l2,correlated,0.5000,0.5000,50000,E_large24_acorn1,large,ACORN,24,1,48,100,10,0.7250,1746.7,543.12,878.08,982.62,1121.92,572.50,1900,1765,1649,13946,15596,7578,8018,0,10,36202.3,20424136,32.9,48
n100k_d768_l2,100000,768,l2,correlated,0.5000,0.5000,50000,D_large48_standard,large,STANDARD,48,1,96,100,10,0.6480,3148.8,320.96,340.62,352.21,364.17,317.58,1932,1932,1932,0,1932,0,0,106,7,26936.8,39618184,41.1,96
n100k_d768_l2,100000,768,l2,correlated,0.5000,0.5000,50000,E_large48_acorn1,large,ACORN,48,1,96,100,10,0.8830,1401.2,637.25,1175.50,1425.58,1627.67,713.68,2252,2040,3292,34832,38126,14948,23178,0,10,26936.8,39618184,41.1,96
n100k_d768_l2,100000,768,l2,correlated,0.5000,0.5000,50000,C_acorn_g4,acorn,ACORN,16,4,16,100,10,0.5570,2833.0,360.62,484.08,588.42,670.62,352.98,1301,1221,2256,1754,4011,3762,249,0,10,35004.5,18532104,24.2,40
n100k_d768_l2,100000,768,l2,correlated,0.5000,0.5000,50000,C_acorn_g8,acorn,ACORN,16,8,16,100,10,0.5860,2606.5,389.75,549.04,650.54,659.83,383.66,1310,1230,2244,2305,4550,3742,807,0,10,55273.2,20264200,24.3,40
n100k_d768_l2,100000,768,l2,correlated,0.5000,0.5000,50000,C_acorn_g16,acorn,ACORN,16,16,16,100,10,0.5510,2816.1,356.58,485.96,617.50,791.00,355.11,1306,1226,2180,1873,4054,3655,399,0,10,95724.5,23728392,24.3,40
n100k_d768_l2,100000,768,l2,correlated,0.5000,0.5000,50000,C_acorn_g32,acorn,ACORN,16,32,16,100,10,0.5320,2707.2,364.21,553.38,724.08,784.71,369.39,1393,1313,2260,1749,4011,3812,198,0,10,242975.0,30656776,24.3,40
n100k_d768_l2,100000,768,l2,correlated,0.5000,0.5000,50000,A_std_standard,std,STANDARD,16,1,32,250,10,0.6510,2304.9,438.12,469.21,493.00,498.92,433.86,1924,1924,1924,0,1924,0,0,259,6,41699.6,14033032,25.8,32
n100k_d768_l2,100000,768,l2,correlated,0.5000,0.5000,50000,B_std_acorn1,std,ACORN,16,1,32,250,10,0.7700,1350.6,704.21,1213.17,1790.08,2131.88,740.40,2087,1982,4466,19705,24173,12352,11820,0,10,41699.6,14033032,25.8,32
n100k_d768_l2,100000,768,l2,correlated,0.5000,0.5000,50000,D_large24_standard,large,STANDARD,24,1,48,250,10,0.6580,2197.2,457.67,501.42,528.75,563.83,455.12,2038,2038,2038,0,2038,0,0,257,7,36202.3,20424136,32.9,48
n100k_d768_l2,100000,768,l2,correlated,0.5000,0.5000,50000,E_large24_acorn1,large,ACORN,24,1,48,250,10,0.8250,1019.3,841.08,1609.54,2891.58,3065.54,981.10,2357,2222,6665,36356,43023,20516,22506,0,10,36202.3,20424136,32.9,48
n100k_d768_l2,100000,768,l2,correlated,0.5000,0.5000,50000,D_large48_standard,large,STANDARD,48,1,96,250,10,0.6610,1266.3,854.92,906.17,914.04,917.58,789.71,2136,2136,2136,0,2136,0,0,255,8,26936.8,39618184,41.1,96
n100k_d768_l2,100000,768,l2,correlated,0.5000,0.5000,50000,E_large48_acorn1,large,ACORN,48,1,96,250,10,0.9610,531.8,1603.25,3154.79,3585.92,4410.54,1880.24,2726,2514,10024,74056,84082,36539,47542,0,10,26936.8,39618184,41.1,96
n100k_d768_l2,100000,768,l2,correlated,0.5000,0.5000,50000,C_acorn_g4,acorn,ACORN,16,4,16,250,10,0.6330,961.4,1079.46,1370.38,1594.75,1744.42,1040.15,1772,1692,5514,4118,9634,9013,621,0,10,35004.5,18532104,24.2,40
n100k_d768_l2,100000,768,l2,correlated,0.5000,0.5000,50000,C_acorn_g8,acorn,ACORN,16,8,16,250,10,0.6780,954.7,1093.29,1397.71,1570.25,1573.96,1047.42,1773,1693,5478,5140,10619,8911,1708,0,10,55273.2,20264200,24.3,40
n100k_d768_l2,100000,768,l2,correlated,0.5000,0.5000,50000,C_acorn_g16,acorn,ACORN,16,16,16,250,10,0.7090,895.4,1121.75,1672.71,2081.08,2272.46,1116.87,1896,1815,5626,5246,10873,9210,1662,0,10,95724.5,23728392,24.3,40
n100k_d768_l2,100000,768,l2,correlated,0.5000,0.5000,50000,C_acorn_g32,acorn,ACORN,16,32,16,250,10,0.6740,896.3,1116.29,1781.79,2068.79,2529.50,1115.73,1954,1874,5608,4404,10014,9218,795,0,10,242975.0,30656776,24.3,40
n100k_d768_l2,100000,768,l2,correlated,0.5000,0.5000,50000,A_std_standard,std,STANDARD,16,1,32,500,10,0.6640,896.3,1138.83,1213.46,1279.29,1303.29,1115.69,2056,2056,2056,0,2056,0,0,509,7,41699.6,14033032,25.8,32
n100k_d768_l2,100000,768,l2,correlated,0.5000,0.5000,50000,B_std_acorn1,std,ACORN,16,1,32,500,10,0.8090,568.3,1626.12,2786.62,4065.58,4744.38,1759.58,2397,2292,11422,31724,43147,26337,16810,0,10,41699.6,14033032,25.8,32
n100k_d768_l2,100000,768,l2,correlated,0.5000,0.5000,50000,D_large24_standard,large,STANDARD,24,1,48,500,10,0.6630,888.5,1145.21,1257.92,1288.58,1300.92,1125.55,2097,2097,2097,0,2097,0,0,507,7,36202.3,20424136,32.9,48
n100k_d768_l2,100000,768,l2,correlated,0.5000,0.5000,50000,E_large24_acorn1,large,ACORN,24,1,48,500,10,0.8460,760.7,1027.58,2782.75,3314.46,3490.25,1314.62,2614,2479,15114,54523,69638,37916,31722,0,10,36202.3,20424136,32.9,48
n100k_d768_l2,100000,768,l2,correlated,0.5000,0.5000,50000,D_large48_standard,large,STANDARD,48,1,96,500,10,0.6660,1426.8,707.21,743.08,758.62,767.17,700.89,2175,2175,2175,0,2175,0,0,505,9,26936.8,39618184,41.1,96
n100k_d768_l2,100000,768,l2,correlated,0.5000,0.5000,50000,E_large48_acorn1,large,ACORN,48,1,96,500,10,0.9670,617.0,1168.00,3694.50,4165.25,4331.46,1620.81,3086,2874,20638,110883,131523,65239,66283,0,10,26936.8,39618184,41.1,96
n100k_d768_l2,100000,768,l2,correlated,0.5000,0.5000,50000,C_acorn_g4,acorn,ACORN,16,4,16,500,10,0.6810,1137.5,872.96,1080.79,1354.62,2199.92,879.14,2038,1958,11481,7656,19138,17174,1964,0,10,35004.5,18532104,24.2,40
n100k_d768_l2,100000,768,l2,correlated,0.5000,0.5000,50000,C_acorn_g8,acorn,ACORN,16,8,16,500,10,0.7110,1137.7,882.12,1158.33,1260.88,1368.54,878.97,2031,1952,11323,7640,18965,16800,2164,0,10,55273.2,20264200,24.3,40
n100k_d768_l2,100000,768,l2,correlated,0.5000,0.5000,50000,C_acorn_g16,acorn,ACORN,16,16,16,500,10,0.7600,1054.5,906.88,1332.75,1879.50,2042.42,948.33,2214,2133,11586,8561,20148,17442,2706,0,10,95724.5,23728392,24.3,40
n100k_d768_l2,100000,768,l2,correlated,0.5000,0.5000,50000,C_acorn_g32,acorn,ACORN,16,32,16,500,10,0.7160,1043.8,896.21,1374.25,2156.00,2406.04,958.08,2321,2242,11667,7376,19044,17617,1427,0,10,242975.0,30656776,24.3,40
n100k_d768_l2,100000,768,l2,correlated,0.5000,0.5000,50000,F_exact,exact,EXACT,16,0,0,0,100,1.0000,121.1,8264.88,8314.04,8325.96,8355.54,8255.82,50000,0,0,0,100000,0,0,0,100,0.0,0,0.0,0
n100k_d768_l2,100000,768,l2,correlated,0.5000,0.5000,50000,A_std_standard,std,STANDARD,16,1,32,50,100,0.4498,5316.7,188.50,204.54,208.83,209.21,188.09,1084,1084,1084,0,1084,0,0,60,61,41699.6,14033032,25.8,32
n100k_d768_l2,100000,768,l2,correlated,0.5000,0.5000,50000,B_std_acorn1,std,ACORN,16,1,32,50,100,0.5099,3100.0,326.88,474.83,598.00,677.75,322.58,1196,1092,441,4594,5037,2265,2772,0,100,41699.6,14033032,25.8,32
n100k_d768_l2,100000,768,l2,correlated,0.5000,0.5000,50000,D_large24_standard,large,STANDARD,24,1,48,50,100,0.4998,4465.2,224.38,250.25,289.12,300.12,223.96,1324,1324,1324,0,1324,0,0,58,61,36202.3,20424136,32.9,48
n100k_d768_l2,100000,768,l2,correlated,0.5000,0.5000,50000,E_large24_acorn1,large,ACORN,24,1,48,50,100,0.6160,2391.4,400.21,635.25,798.83,824.00,418.17,1507,1371,570,6599,7171,3517,3653,0,100,36202.3,20424136,32.9,48
n100k_d768_l2,100000,768,l2,correlated,0.5000,0.5000,50000,D_large48_standard,large,STANDARD,48,1,96,50,100,0.5479,3915.0,257.58,280.46,282.96,296.00,255.43,1587,1587,1587,0,1587,0,0,56,62,26936.8,39618184,41.1,96
n100k_d768_l2,100000,768,l2,correlated,0.5000,0.5000,50000,E_large48_acorn1,large,ACORN,48,1,96,50,100,0.7669,1883.5,529.67,727.83,930.29,984.46,530.91,1883,1671,1185,17036,18222,6870,11351,0,100,26936.8,39618184,41.1,96
n100k_d768_l2,100000,768,l2,correlated,0.5000,0.5000,50000,C_acorn_g4,acorn,ACORN,16,4,16,50,100,0.4084,3871.5,269.04,366.46,464.62,509.83,258.30,926,847,1172,876,2050,1909,140,0,99,35004.5,18532104,24.2,40
n100k_d768_l2,100000,768,l2,correlated,0.5000,0.5000,50000,C_acorn_g8,acorn,ACORN,16,8,16,50,100,0.4347,4011.9,256.29,358.79,483.33,483.38,249.26,964,884,1164,907,2072,1921,151,0,100,55273.2,20264200,24.3,40
n100k_d768_l2,100000,768,l2,correlated,0.5000,0.5000,50000,C_acorn_g16,acorn,ACORN,16,16,16,50,100,0.4319,4050.4,253.29,286.33,372.79,453.54,246.89,949,869,1146,872,2019,1879,140,0,100,95724.5,23728392,24.3,40
n100k_d768_l2,100000,768,l2,correlated,0.5000,0.5000,50000,C_acorn_g32,acorn,ACORN,16,32,16,50,100,0.4031,3861.6,253.12,420.92,461.58,524.12,258.96,1004,925,1211,906,2118,1989,129,0,100,242975.0,30656776,24.3,40
n100k_d768_l2,100000,768,l2,correlated,0.5000,0.5000,50000,A_std_standard,std,STANDARD,16,1,32,100,100,0.5497,3602.7,278.92,304.92,316.46,319.04,277.57,1503,1503,1503,0,1503,0,0,109,62,41699.6,14033032,25.8,32
n100k_d768_l2,100000,768,l2,correlated,0.5000,0.5000,50000,B_std_acorn1,std,ACORN,16,1,32,100,100,0.6649,2194.6,461.67,659.50,913.33,1184.50,455.66,1609,1505,1077,9112,10191,4596,5595,0,100,41699.6,14033032,25.8,32
n100k_d768_l2,100000,768,l2,correlated,0.5000,0.5000,50000,D_large24_standard,large,STANDARD,24,1,48,100,100,0.5828,3304.6,304.25,340.04,371.67,372.88,302.61,1730,1730,1730,0,1730,0,0,107,61,36202.3,20424136,32.9,48
n100k_d768_l2,100000,768,l2,correlated,0.5000,0.5000,50000,E_large24_acorn1,large,ACORN,24,1,48,100,100,0.7511,1721.4,549.42,907.58,1009.54,1137.08,580.91,1900,1765,1649,13946,15596,7578,8018,0,100,36202.3,20424136,32.9,48
n100k_d768_l2,100000,768,l2,correlated,0.5000,0.5000,50000,D_large48_standard,large,STANDARD,48,1,96,100,100,0.6042,3066.4,330.21,350.54,356.29,359.29,326.11,1932,1932,1932,0,1932,0,0,106,63,26936.8,39618184,41.1,96
n100k_d768_l2,100000,768,l2,correlated,0.5000,0.5000,50000,E_large48_acorn1,large,ACORN,48,1,96,100,100,0.8906,1375.8,651.29,1180.92,1441.96,1638.33,726.86,2252,2040,3292,34832,38126,14948,23178,0,100,26936.8,39618184,41.1,96
n100k_d768_l2,100000,768,l2,correlated,0.5000,0.5000,50000,C_acorn_g4,acorn,ACORN,16,4,16,100,100,0.5379,2786.6,365.33,502.04,603.29,660.75,358.86,1301,1221,2256,1754,4011,3762,249,0,100,35004.5,18532104,24.2,40
n100k_d768_l2,100000,768,l2,correlated,0.5000,0.5000,50000,C_acorn_g8,acorn,ACORN,16,8,16,100,100,0.5799,2737.9,368.12,534.12,617.38,662.83,365.25,1310,1230,2244,2305,4550,3742,807,0,100,55273.2,20264200,24.3,40
n100k_d768_l2,100000,768,l2,correlated,0.5000,0.5000,50000,C_acorn_g16,acorn,ACORN,16,16,16,100,100,0.5529,2754.9,376.75,474.42,640.33,834.58,362.99,1306,1226,2180,1873,4054,3655,399,0,100,95724.5,23728392,24.3,40
n100k_d768_l2,100000,768,l2,correlated,0.5000,0.5000,50000,C_acorn_g32,acorn,ACORN,16,32,16,100,100,0.5217,2636.2,369.54,557.88,760.92,831.21,379.33,1393,1313,2260,1749,4011,3812,198,0,100,242975.0,30656776,24.3,40
n100k_d768_l2,100000,768,l2,correlated,0.5000,0.5000,50000,A_std_standard,std,STANDARD,16,1,32,250,100,0.6135,2231.0,453.12,482.88,493.25,498.00,448.22,1924,1924,1924,0,1924,0,0,259,63,41699.6,14033032,25.8,32
n100k_d768_l2,100000,768,l2,correlated,0.5000,0.5000,50000,B_std_acorn1,std,ACORN,16,1,32,250,100,0.7779,1329.6,710.96,1199.25,1821.00,2121.75,752.09,2087,1982,4466,19705,24173,12352,11820,0,100,41699.6,14033032,25.8,32
n100k_d768_l2,100000,768,l2,correlated,0.5000,0.5000,50000,D_large24_standard,large,STANDARD,24,1,48,250,100,0.6205,2058.0,475.88,563.96,573.83,576.04,485.91,2038,2038,2038,0,2038,0,0,257,62,36202.3,20424136,32.9,48
n100k_d768_l2,100000,768,l2,correlated,0.5000,0.5000,50000,E_large24_acorn1,large,ACORN,24,1,48,250,100,0.8620,1031.3,808.54,1596.46,2882.88,3080.29,969.64,2357,2222,6665,36356,43023,20516,22506,0,100,36202.3,20424136,32.9,48
n100k_d768_l2,100000,768,l2,correlated,0.5000,0.5000,50000,D_large48_standard,large,STANDARD,48,1,96,250,100,0.6254,2040.3,489.92,521.58,601.17,606.75,490.12,2136,2136,2136,0,2136,0,0,255,64,26936.8,39618184,41.1,96
n100k_d768_l2,100000,768,l2,correlated,0.5000,0.5000,50000,E_large48_acorn1,large,ACORN,48,1,96,250,100,0.9766,872.8,891.71,2281.38,2479.62,3143.08,1145.72,2726,2514,10024,74056,84082,36539,47542,0,100,26936.8,39618184,41.1,96
n100k_d768_l2,100000,768,l2,correlated,0.5000,0.5000,50000,C_acorn_g4,acorn,ACORN,16,4,16,250,100,0.6441,1663.4,617.58,787.38,899.58,996.42,601.17,1772,1692,5514,4118,9634,9013,621,0,100,35004.5,18532104,24.2,40
n100k_d768_l2,100000,768,l2,correlated,0.5000,0.5000,50000,C_acorn_g8,acorn,ACORN,16,8,16,250,100,0.6942,1589.5,638.42,818.00,970.29,1002.75,629.11,1773,1693,5478,5140,10619,8911,1708,0,100,55273.2,20264200,24.3,40
n100k_d768_l2,100000,768,l2,correlated,0.5000,0.5000,50000,C_acorn_g16,acorn,ACORN,16,16,16,250,100,0.7384,1468.6,669.17,976.92,1366.75,1391.29,680.90,1896,1815,5626,5246,10873,9210,1662,0,100,95724.5,23728392,24.3,40
n100k_d768_l2,100000,768,l2,correlated,0.5000,0.5000,50000,C_acorn_g32,acorn,ACORN,16,32,16,250,100,0.6723,1116.7,824.58,1529.71,1670.17,1814.33,895.46,1954,1874,5608,4404,10014,9218,795,0,100,242975.0,30656776,24.3,40
n100k_d768_l2,100000,768,l2,correlated,0.5000,0.5000,50000,A_std_standard,std,STANDARD,16,1,32,500,100,0.6230,889.0,1145.46,1241.42,1287.79,1303.29,1124.87,2056,2056,2056,0,2056,0,0,509,63,41699.6,14033032,25.8,32
n100k_d768_l2,100000,768,l2,correlated,0.5000,0.5000,50000,B_std_acorn1,std,ACORN,16,1,32,500,100,0.8270,561.6,1646.92,2808.62,4144.46,4760.71,1780.76,2397,2292,11422,31724,43147,26337,16810,0,100,41699.6,14033032,25.8,32
n100k_d768_l2,100000,768,l2,correlated,0.5000,0.5000,50000,D_large24_standard,large,STANDARD,24,1,48,500,100,0.6238,881.0,1160.58,1274.92,1302.62,1304.29,1135.13,2097,2097,2097,0,2097,0,0,507,63,36202.3,20424136,32.9,48
n100k_d768_l2,100000,768,l2,correlated,0.5000,0.5000,50000,E_large24_acorn1,large,ACORN,24,1,48,500,100,0.8912,554.5,1641.08,3465.83,4156.96,4242.83,1803.47,2614,2479,15114,54523,69638,37916,31722,0,100,36202.3,20424136,32.9,48
n100k_d768_l2,100000,768,l2,correlated,0.5000,0.5000,50000,D_large48_standard,large,STANDARD,48,1,96,500,100,0.6306,1074.5,881.38,1235.29,1292.92,1308.38,930.64,2175,2175,2175,0,2175,0,0,505,68,26936.8,39618184,41.1,96
n100k_d768_l2,100000,768,l2,correlated,0.5000,0.5000,50000,E_large48_acorn1,large,ACORN,48,1,96,500,100,0.9856,609.9,1195.33,3713.58,4162.29,4355.21,1639.71,3086,2874,20638,110883,131523,65239,66283,0,100,26936.8,39618184,41.1,96
n100k_d768_l2,100000,768,l2,correlated,0.5000,0.5000,50000,C_acorn_g4,acorn,ACORN,16,4,16,500,100,0.7083,1133.1,869.29,1085.88,1387.33,2217.12,882.53,2038,1958,11481,7656,19138,17174,1964,0,100,35004.5,18532104,24.2,40
n100k_d768_l2,100000,768,l2,correlated,0.5000,0.5000,50000,C_acorn_g8,acorn,ACORN,16,8,16,500,100,0.7333,1128.9,887.42,1144.54,1260.96,1389.75,885.79,2031,1952,11323,7640,18965,16800,2164,0,100,55273.2,20264200,24.3,40
n100k_d768_l2,100000,768,l2,correlated,0.5000,0.5000,50000,C_acorn_g16,acorn,ACORN,16,16,16,500,100,0.7934,1032.8,932.96,1355.62,1946.83,2135.38,968.20,2214,2133,11586,8561,20148,17442,2706,0,100,95724.5,23728392,24.3,40
n100k_d768_l2,100000,768,l2,correlated,0.5000,0.5000,50000,C_acorn_g32,acorn,ACORN,16,32,16,500,100,0.7335,1033.3,913.33,1353.67,2195.92,2484.08,967.80,2321,2242,11667,7376,19044,17617,1427,0,100,242975.0,30656776,24.3,40
n100k_d768_l2,100000,768,l2,correlated,0.2500,0.2500,25000,F_exact,exact,EXACT,16,0,0,0,10,1.0000,94.9,10516.79,10670.17,10840.75,10873.46,10534.36,25000,0,0,0,100000,0,0,0,10,0.0,0,0.0,0
n100k_d768_l2,100000,768,l2,correlated,0.2500,0.2500,25000,A_std_standard,std,STANDARD,16,1,32,50,10,0.3600,2905.9,348.12,379.00,390.92,397.21,344.13,1084,1084,1084,0,1084,0,0,60,4,41699.6,14033032,25.8,32
n100k_d768_l2,100000,768,l2,correlated,0.2500,0.2500,25000,B_std_acorn1,std,ACORN,16,1,32,50,10,0.5790,2107.5,494.54,669.50,704.21,708.04,474.49,939,829,676,9213,9890,3257,6633,0,10,41699.6,14033032,25.8,32
n100k_d768_l2,100000,768,l2,correlated,0.2500,0.2500,25000,D_large24_standard,large,STANDARD,24,1,48,50,10,0.4060,2424.1,417.79,451.96,542.04,557.00,412.52,1324,1324,1324,0,1324,0,0,58,4,36202.3,20424136,32.9,48
n100k_d768_l2,100000,768,l2,correlated,0.2500,0.2500,25000,E_large24_acorn1,large,ACORN,24,1,48,50,10,0.6400,1532.5,687.83,849.62,1192.38,1228.42,652.53,1236,1072,843,14777,15622,4833,10789,0,10,36202.3,20424136,32.9,48
n100k_d768_l2,100000,768,l2,correlated,0.2500,0.2500,25000,D_large48_standard,large,STANDARD,48,1,96,50,10,0.4220,2150.2,479.12,516.42,542.25,566.17,465.07,1587,1587,1587,0,1587,0,0,56,5,26936.8,39618184,41.1,96
n100k_d768_l2,100000,768,l2,correlated,0.2500,0.2500,25000,E_large48_acorn1,large,ACORN,48,1,96,50,10,0.7980,1471.5,620.29,1063.08,1165.29,1289.50,679.56,1503,1257,1469,33948,35418,10930,24488,0,10,26936.8,39618184,41.1,96
n100k_d768_l2,100000,768,l2,correlated,0.2500,0.2500,25000,C_acorn_g4,acorn,ACORN,16,4,16,50,10,0.4410,5539.9,186.88,253.54,268.08,275.67,180.51,718,652,1280,2048,3330,1749,1580,0,10,35004.5,18532104,24.2,40
n100k_d768_l2,100000,768,l2,correlated,0.2500,0.2500,25000,C_acorn_g8,acorn,ACORN,16,8,16,50,10,0.5030,5441.9,184.08,261.71,268.79,269.58,183.76,706,631,1352,2750,4103,1735,2368,0,10,55273.2,20264200,24.3,40
n100k_d768_l2,100000,768,l2,correlated,0.2500,0.2500,25000,C_acorn_g16,acorn,ACORN,16,16,16,50,10,0.5260,5299.6,188.54,265.17,271.04,282.33,188.69,716,639,1359,2730,4090,1740,2349,0,10,95724.5,23728392,24.3,40
n100k_d768_l2,100000,768,l2,correlated,0.2500,0.2500,25000,C_acorn_g32,acorn,ACORN,16,32,16,50,10,0.4330,5351.2,179.62,270.33,362.42,388.54,186.87,776,701,1303,2284,3589,1810,1779,0,10,242975.0,30656776,24.3,40
n100k_d768_l2,100000,768,l2,correlated,0.2500,0.2500,25000,A_std_standard,std,STANDARD,16,1,32,100,10,0.4170,3837.8,264.25,280.38,291.33,292.29,260.57,1503,1503,1503,0,1503,0,0,109,4,41699.6,14033032,25.8,32
n100k_d768_l2,100000,768,l2,correlated,0.2500,0.2500,25000,B_std_acorn1,std,ACORN,16,1,32,100,10,0.6700,2372.0,426.46,503.25,614.54,801.75,421.59,1181,1071,1609,22368,23979,7947,16031,0,10,41699.6,14033032,25.8,32
n100k_d768_l2,100000,768,l2,correlated,0.2500,0.2500,25000,D_large24_standard,large,STANDARD,24,1,48,100,10,0.4540,3409.4,295.92,313.62,370.96,378.46,293.30,1730,1730,1730,0,1730,0,0,107,5,36202.3,20424136,32.9,48
n100k_d768_l2,100000,768,l2,correlated,0.2500,0.2500,25000,E_large24_acorn1,large,ACORN,24,1,48,100,10,0.7330,1831.9,531.25,773.04,859.96,927.33,545.88,1533,1369,2105,32815,34921,11789,23131,0,10,36202.3,20424136,32.9,48
n100k_d768_l2,100000,768,l2,correlated,0.2500,0.2500,25000,D_large48_standard,large,STANDARD,48,1,96,100,10,0.4680,3146.0,323.17,338.83,344.62,348.00,317.87,1932,1932,1932,0,1932,0,0,106,5,26936.8,39618184,41.1,96
n100k_d768_l2,100000,768,l2,correlated,0.2500,0.2500,25000,E_large48_acorn1,large,ACORN,48,1,96,100,10,0.8650,1335.9,781.12,1025.00,1207.71,1266.12,748.56,1733,1487,3488,68954,72444,23894,48549,0,10,26936.8,39618184,41.1,96
n100k_d768_l2,100000,768,l2,correlated,0.2500,0.2500,25000,C_acorn_g4,acorn,ACORN,16,4,16,100,10,0.5280,3519.7,295.71,381.79,442.25,470.08,284.12,985,918,2416,4398,6815,3576,3239,0,10,35004.5,18532104,24.2,40
n100k_d768_l2,100000,768,l2,correlated,0.2500,0.2500,25000,C_acorn_g8,acorn,ACORN,16,8,16,100,10,0.5690,3616.4,278.58,381.42,386.50,397.50,276.52,914,839,2451,5770,8223,3470,4753,0,10,55273.2,20264200,24.3,40
n100k_d768_l2,100000,768,l2,correlated,0.2500,0.2500,25000,C_acorn_g16,acorn,ACORN,16,16,16,100,10,0.5860,3550.9,286.08,388.08,394.96,396.79,281.62,926,850,2449,5613,8064,3458,4606,0,10,95724.5,23728392,24.3,40
n100k_d768_l2,100000,768,l2,correlated,0.2500,0.2500,25000,C_acorn_g32,acorn,ACORN,16,32,16,100,10,0.5400,3416.1,289.33,399.08,492.42,532.75,292.73,1040,966,2405,4807,7213,3555,3658,0,10,242975.0,30656776,24.3,40
n100k_d768_l2,100000,768,l2,correlated,0.2500,0.2500,25000,A_std_standard,std,STANDARD,16,1,32,250,10,0.4680,2313.5,438.75,460.54,471.71,476.42,432.25,1924,1924,1924,0,1924,0,0,259,4,41699.6,14033032,25.8,32
n100k_d768_l2,100000,768,l2,correlated,0.2500,0.2500,25000,B_std_acorn1,std,ACORN,16,1,32,250,10,0.7380,1309.9,789.38,1001.04,1023.92,1030.38,763.41,1407,1297,5256,62749,68007,23697,44309,0,10,41699.6,14033032,25.8,32
n100k_d768_l2,100000,768,l2,correlated,0.2500,0.2500,25000,D_large24_standard,large,STANDARD,24,1,48,250,10,0.4900,2227.4,453.58,481.75,535.33,539.46,448.95,2038,2038,2038,0,2038,0,0,257,5,36202.3,20424136,32.9,48
n100k_d768_l2,100000,768,l2,correlated,0.2500,0.2500,25000,E_large24_acorn1,large,ACORN,24,1,48,250,10,0.7800,1067.3,924.33,1473.88,1555.42,1638.00,936.99,1765,1601,6886,83797,90685,33096,57588,0,10,36202.3,20424136,32.9,48
n100k_d768_l2,100000,768,l2,correlated,0.2500,0.2500,25000,D_large48_standard,large,STANDARD,48,1,96,250,10,0.4870,2181.5,465.04,491.58,502.54,506.62,458.40,2136,2136,2136,0,2136,0,0,255,6,26936.8,39618184,41.1,96
n100k_d768_l2,100000,768,l2,correlated,0.2500,0.2500,25000,E_large48_acorn1,large,ACORN,48,1,96,250,10,0.9050,710.1,1650.12,2243.83,2595.25,2652.29,1408.25,2058,1812,10018,172833,182853,62359,120494,0,10,26936.8,39618184,41.1,96
n100k_d768_l2,100000,768,l2,correlated,0.2500,0.2500,25000,C_acorn_g4,acorn,ACORN,16,4,16,250,10,0.6170,1980.3,531.79,647.54,707.58,722.54,504.97,1313,1246,5892,12767,18660,9259,9401,0,10,35004.5,18532104,24.2,40
n100k_d768_l2,100000,768,l2,correlated,0.2500,0.2500,25000,C_acorn_g8,acorn,ACORN,16,8,16,250,10,0.6280,2039.7,477.88,631.21,647.83,706.83,490.28,1188,1112,5891,16447,22340,9196,13144,0,10,55273.2,20264200,24.3,40
n100k_d768_l2,100000,768,l2,correlated,0.2500,0.2500,25000,C_acorn_g16,acorn,ACORN,16,16,16,250,10,0.6430,2007.5,491.46,630.92,654.83,677.92,498.12,1203,1126,5915,16192,22108,9285,12823,0,10,95724.5,23728392,24.3,40
n100k_d768_l2,100000,768,l2,correlated,0.2500,0.2500,25000,C_acorn_g32,acorn,ACORN,16,32,16,250,10,0.6240,1912.0,517.29,694.25,838.38,1002.67,523.02,1386,1311,5935,13695,19632,9506,10125,0,10,242975.0,30656776,24.3,40
n100k_d768_l2,100000,768,l2,correlated,0.2500,0.2500,25000,A_std_standard,std,STANDARD,16,1,32,500,10,0.4760,1479.7,687.00,719.04,729.71,734.88,675.83,2056,2056,2056,0,2056,0,0,509,4,41699.6,14033032,25.8,32
n100k_d768_l2,100000,768,l2,correlated,0.2500,0.2500,25000,B_std_acorn1,std,ACORN,16,1,32,500,10,0.7530,759.0,1477.50,1888.00,2035.79,2493.58,1317.53,1703,1592,11663,117514,129178,48179,80999,0,10,41699.6,14033032,25.8,32
n100k_d768_l2,100000,768,l2,correlated,0.2500,0.2500,25000,D_large24_standard,large,STANDARD,24,1,48,500,10,0.4970,1464.9,691.54,726.88,767.04,799.00,682.62,2097,2097,2097,0,2097,0,0,507,5,36202.3,20424136,32.9,48
n100k_d768_l2,100000,768,l2,correlated,0.2500,0.2500,25000,E_large24_acorn1,large,ACORN,24,1,48,500,10,0.7920,655.2,1151.21,2519.21,2740.17,2742.54,1526.26,2013,1849,15134,148948,164084,64902,99182,0,10,36202.3,20424136,32.9,48
n100k_d768_l2,100000,768,l2,correlated,0.2500,0.2500,25000,D_large48_standard,large,STANDARD,48,1,96,500,10,0.4940,1472.4,685.33,713.83,738.21,751.88,679.16,2175,2175,2175,0,2175,0,0,505,7,26936.8,39618184,41.1,96
n100k_d768_l2,100000,768,l2,correlated,0.2500,0.2500,25000,E_large48_acorn1,large,ACORN,48,1,96,500,10,0.9460,419.7,2708.25,3950.92,4084.58,4088.25,2382.41,2407,2161,20235,316530,336767,119852,216914,0,10,26936.8,39618184,41.1,96
n100k_d768_l2,100000,768,l2,correlated,0.2500,0.2500,25000,C_acorn_g4,acorn,ACORN,16,4,16,500,10,0.6310,1246.7,819.54,982.88,1083.62,1121.38,802.13,1497,1430,11562,24437,36001,17880,18121,0,10,35004.5,18532104,24.2,40
n100k_d768_l2,100000,768,l2,correlated,0.2500,0.2500,25000,C_acorn_g8,acorn,ACORN,16,8,16,500,10,0.6410,1275.2,799.79,985.88,1053.75,1089.04,784.20,1353,1278,11367,30627,41996,17832,24164,0,10,55273.2,20264200,24.3,40
n100k_d768_l2,100000,768,l2,correlated,0.2500,0.2500,25000,C_acorn_g16,acorn,ACORN,16,16,16,500,10,0.6860,1206.5,830.21,1019.96,1656.92,1670.92,828.82,1447,1370,11785,30264,42050,18499,23551,0,10,95724.5,23728392,24.3,40
n100k_d768_l2,100000,768,l2,correlated,0.2500,0.2500,25000,C_acorn_g32,acorn,ACORN,16,32,16,500,10,0.6510,1186.7,839.25,1067.42,1238.71,1545.21,842.70,1562,1487,11901,27751,39653,19025,20627,0,10,242975.0,30656776,24.3,40
n100k_d768_l2,100000,768,l2,correlated,0.2500,0.2500,25000,F_exact,exact,EXACT,16,0,0,0,100,1.0000,175.8,5677.04,5773.67,5985.96,6042.04,5687.15,25000,0,0,0,100000,0,0,0,100,0.0,0,0.0,0
n100k_d768_l2,100000,768,l2,correlated,0.2500,0.2500,25000,A_std_standard,std,STANDARD,16,1,32,50,100,0.2804,5353.5,189.62,202.88,210.58,210.75,186.80,1084,1084,1084,0,1084,0,0,60,38,41699.6,14033032,25.8,32
n100k_d768_l2,100000,768,l2,correlated,0.2500,0.2500,25000,B_std_acorn1,std,ACORN,16,1,32,50,100,0.6185,3456.6,297.75,356.88,364.96,366.12,289.31,939,829,676,9213,9890,3257,6633,0,100,41699.6,14033032,25.8,32
n100k_d768_l2,100000,768,l2,correlated,0.2500,0.2500,25000,D_large24_standard,large,STANDARD,24,1,48,50,100,0.3221,4520.2,220.17,241.08,299.08,303.38,221.23,1324,1324,1324,0,1324,0,0,58,41,36202.3,20424136,32.9,48
n100k_d768_l2,100000,768,l2,correlated,0.2500,0.2500,25000,E_large24_acorn1,large,ACORN,24,1,48,50,100,0.6224,2629.5,381.50,477.62,663.04,778.46,380.31,1236,1072,843,14777,15622,4833,10789,0,100,36202.3,20424136,32.9,48
n100k_d768_l2,100000,768,l2,correlated,0.2500,0.2500,25000,D_large48_standard,large,STANDARD,48,1,96,50,100,0.3428,3986.5,252.50,271.42,273.67,279.54,250.85,1587,1587,1587,0,1587,0,0,56,39,26936.8,39618184,41.1,96
n100k_d768_l2,100000,768,l2,correlated,0.2500,0.2500,25000,E_large48_acorn1,large,ACORN,48,1,96,50,100,0.8063,1926.9,522.25,654.12,683.29,905.08,518.98,1503,1257,1468,33933,35403,10923,24479,0,100,26936.8,39618184,41.1,96
n100k_d768_l2,100000,768,l2,correlated,0.2500,0.2500,25000,C_acorn_g4,acorn,ACORN,16,4,16,50,100,0.4318,5107.9,201.50,268.58,282.29,287.79,195.77,718,652,1280,2048,3330,1749,1580,0,99,35004.5,18532104,24.2,40
n100k_d768_l2,100000,768,l2,correlated,0.2500,0.2500,25000,C_acorn_g8,acorn,ACORN,16,8,16,50,100,0.4882,5040.0,200.42,274.50,285.29,287.54,198.41,706,631,1352,2750,4103,1735,2368,0,100,55273.2,20264200,24.3,40
n100k_d768_l2,100000,768,l2,correlated,0.2500,0.2500,25000,C_acorn_g16,acorn,ACORN,16,16,16,50,100,0.5021,4910.0,205.88,275.75,286.79,290.25,203.67,716,639,1359,2730,4090,1740,2349,0,100,95724.5,23728392,24.3,40
n100k_d768_l2,100000,768,l2,correlated,0.2500,0.2500,25000,C_acorn_g32,acorn,ACORN,16,32,16,50,100,0.4576,4906.3,199.33,286.17,386.88,427.79,203.82,776,701,1303,2284,3589,1810,1779,0,99,242975.0,30656776,24.3,40
n100k_d768_l2,100000,768,l2,correlated,0.2500,0.2500,25000,A_std_standard,std,STANDARD,16,1,32,100,100,0.3443,3746.8,268.50,289.79,306.79,316.58,266.89,1503,1503,1503,0,1503,0,0,109,38,41699.6,14033032,25.8,32
n100k_d768_l2,100000,768,l2,correlated,0.2500,0.2500,25000,B_std_acorn1,std,ACORN,16,1,32,100,100,0.7214,2320.7,436.38,524.04,627.25,821.33,430.90,1181,1071,1609,22368,23979,7947,16031,0,100,41699.6,14033032,25.8,32
n100k_d768_l2,100000,768,l2,correlated,0.2500,0.2500,25000,D_large24_standard,large,STANDARD,24,1,48,100,100,0.3775,3342.1,301.79,323.29,382.25,384.00,299.22,1730,1730,1730,0,1730,0,0,107,41,36202.3,20424136,32.9,48
n100k_d768_l2,100000,768,l2,correlated,0.2500,0.2500,25000,E_large24_acorn1,large,ACORN,24,1,48,100,100,0.7256,1799.1,539.62,784.62,875.58,943.88,555.82,1533,1369,2105,32815,34921,11789,23131,0,100,36202.3,20424136,32.9,48
n100k_d768_l2,100000,768,l2,correlated,0.2500,0.2500,25000,D_large48_standard,large,STANDARD,48,1,96,100,100,0.3821,3096.9,327.79,346.75,352.38,361.75,322.90,1932,1932,1932,0,1932,0,0,106,40,26936.8,39618184,41.1,96
n100k_d768_l2,100000,768,l2,correlated,0.2500,0.2500,25000,E_large48_acorn1,large,ACORN,48,1,96,100,100,0.8739,1312.3,797.33,1045.83,1217.62,1300.50,762.04,1733,1487,3488,68954,72444,23894,48549,0,100,26936.8,39618184,41.1,96
n100k_d768_l2,100000,768,l2,correlated,0.2500,0.2500,25000,C_acorn_g4,acorn,ACORN,16,4,16,100,100,0.5398,3426.4,304.96,387.88,457.92,477.50,291.85,985,918,2416,4398,6815,3576,3239,0,100,35004.5,18532104,24.2,40
n100k_d768_l2,100000,768,l2,correlated,0.2500,0.2500,25000,C_acorn_g8,acorn,ACORN,16,8,16,100,100,0.5795,3528.3,284.54,385.12,397.08,408.79,283.42,914,839,2451,5770,8223,3470,4753,0,100,55273.2,20264200,24.3,40
n100k_d768_l2,100000,768,l2,correlated,0.2500,0.2500,25000,C_acorn_g16,acorn,ACORN,16,16,16,100,100,0.5853,3453.1,290.83,393.58,404.79,433.79,289.59,926,850,2449,5613,8064,3458,4606,0,100,95724.5,23728392,24.3,40
n100k_d768_l2,100000,768,l2,correlated,0.2500,0.2500,25000,C_acorn_g32,acorn,ACORN,16,32,16,100,100,0.5725,3339.5,294.54,399.92,506.00,556.12,299.44,1040,966,2405,4807,7213,3555,3658,0,100,242975.0,30656776,24.3,40
n100k_d768_l2,100000,768,l2,correlated,0.2500,0.2500,25000,A_std_standard,std,STANDARD,16,1,32,250,100,0.3849,2299.3,441.46,468.00,475.79,485.88,434.92,1924,1924,1924,0,1924,0,0,259,39,41699.6,14033032,25.8,32
n100k_d768_l2,100000,768,l2,correlated,0.2500,0.2500,25000,B_std_acorn1,std,ACORN,16,1,32,250,100,0.7905,1287.2,803.21,1024.25,1050.96,1058.88,776.88,1407,1297,5256,62749,68007,23697,44309,0,100,41699.6,14033032,25.8,32
n100k_d768_l2,100000,768,l2,correlated,0.2500,0.2500,25000,D_large24_standard,large,STANDARD,24,1,48,250,100,0.4010,2198.4,459.21,490.71,547.33,548.42,454.88,2038,2038,2038,0,2038,0,0,257,42,36202.3,20424136,32.9,48
n100k_d768_l2,100000,768,l2,correlated,0.2500,0.2500,25000,E_large24_acorn1,large,ACORN,24,1,48,250,100,0.7864,1054.0,943.04,1497.29,1558.21,1654.00,948.76,1765,1601,6886,83797,90685,33096,57588,0,100,36202.3,20424136,32.9,48
n100k_d768_l2,100000,768,l2,correlated,0.2500,0.2500,25000,D_large48_standard,large,STANDARD,48,1,96,250,100,0.3971,2162.7,468.54,494.25,504.92,518.21,462.38,2136,2136,2136,0,2136,0,0,255,41,26936.8,39618184,41.1,96
n100k_d768_l2,100000,768,l2,correlated,0.2500,0.2500,25000,E_large48_acorn1,large,ACORN,48,1,96,250,100,0.9461,703.2,1659.50,2239.96,2618.75,2682.67,1422.06,2058,1812,10018,172833,182853,62359,120494,0,100,26936.8,39618184,41.1,96
n100k_d768_l2,100000,768,l2,correlated,0.2500,0.2500,25000,C_acorn_g4,acorn,ACORN,16,4,16,250,100,0.6428,1948.2,518.75,651.58,728.12,739.29,513.30,1313,1246,5892,12767,18660,9259,9401,0,100,35004.5,18532104,24.2,40
n100k_d768_l2,100000,768,l2,correlated,0.2500,0.2500,25000,C_acorn_g8,acorn,ACORN,16,8,16,250,100,0.6480,1997.1,493.83,645.71,666.00,720.79,500.73,1188,1112,5891,16447,22340,9196,13144,0,100,55273.2,20264200,24.3,40
n100k_d768_l2,100000,768,l2,correlated,0.2500,0.2500,25000,C_acorn_g16,acorn,ACORN,16,16,16,250,100,0.6569,1966.2,504.00,646.58,653.83,692.71,508.58,1203,1126,5915,16192,22108,9285,12823,0,100,95724.5,23728392,24.3,40
n100k_d768_l2,100000,768,l2,correlated,0.2500,0.2500,25000,C_acorn_g32,acorn,ACORN,16,32,16,250,100,0.6664,1872.0,527.75,716.79,856.17,1017.88,534.19,1386,1311,5935,13695,19632,9506,10125,0,100,242975.0,30656776,24.3,40
n100k_d768_l2,100000,768,l2,correlated,0.2500,0.2500,25000,A_std_standard,std,STANDARD,16,1,32,500,100,0.3932,1481.2,683.46,720.21,730.46,740.00,675.12,2056,2056,2056,0,2056,0,0,509,39,41699.6,14033032,25.8,32
n100k_d768_l2,100000,768,l2,correlated,0.2500,0.2500,25000,B_std_acorn1,std,ACORN,16,1,32,500,100,0.8161,753.6,1487.54,1886.83,2039.46,2481.42,1326.95,1703,1592,11663,117514,129178,48179,80999,0,100,41699.6,14033032,25.8,32
n100k_d768_l2,100000,768,l2,correlated,0.2500,0.2500,25000,D_large24_standard,large,STANDARD,24,1,48,500,100,0.4043,1467.7,686.75,738.71,778.00,778.83,681.32,2097,2097,2097,0,2097,0,0,507,42,36202.3,20424136,32.9,48
n100k_d768_l2,100000,768,l2,correlated,0.2500,0.2500,25000,E_large24_acorn1,large,ACORN,24,1,48,500,100,0.8099,650.4,1196.12,2514.38,2741.04,2752.21,1537.44,2013,1849,15134,148948,164084,64902,99182,0,100,36202.3,20424136,32.9,48
n100k_d768_l2,100000,768,l2,correlated,0.2500,0.2500,25000,D_large48_standard,large,STANDARD,48,1,96,500,100,0.4003,1424.9,708.92,742.92,750.75,762.92,701.81,2175,2175,2175,0,2175,0,0,505,43,26936.8,39618184,41.1,96
n100k_d768_l2,100000,768,l2,correlated,0.2500,0.2500,25000,E_large48_acorn1,large,ACORN,48,1,96,500,100,0.9732,416.3,2713.71,3971.54,4078.04,4125.54,2402.32,2407,2161,20235,316530,336767,119852,216914,0,100,26936.8,39618184,41.1,96
n100k_d768_l2,100000,768,l2,correlated,0.2500,0.2500,25000,C_acorn_g4,acorn,ACORN,16,4,16,500,100,0.6696,1226.4,833.08,995.04,1107.42,1144.54,815.37,1497,1430,11562,24437,36001,17880,18121,0,100,35004.5,18532104,24.2,40
n100k_d768_l2,100000,768,l2,correlated,0.2500,0.2500,25000,C_acorn_g8,acorn,ACORN,16,8,16,500,100,0.6679,1251.4,821.75,979.04,1062.29,1087.12,799.12,1353,1278,11367,30627,41996,17832,24164,0,100,55273.2,20264200,24.3,40
n100k_d768_l2,100000,768,l2,correlated,0.2500,0.2500,25000,C_acorn_g16,acorn,ACORN,16,16,16,500,100,0.7086,1185.8,847.38,1032.71,1698.04,1714.62,843.32,1447,1370,11785,30264,42050,18499,23551,0,100,95724.5,23728392,24.3,40
n100k_d768_l2,100000,768,l2,correlated,0.2500,0.2500,25000,C_acorn_g32,acorn,ACORN,16,32,16,500,100,0.7017,1162.9,852.21,1091.54,1284.96,1553.25,859.93,1562,1487,11901,27751,39653,19025,20627,0,100,242975.0,30656776,24.3,40
n100k_d768_l2,100000,768,l2,correlated,0.1000,0.1000,10000,F_exact,exact,EXACT,16,0,0,0,10,1.0000,270.8,3784.21,3887.92,4122.42,4649.29,3692.47,10000,0,0,0,100000,0,0,0,10,0.0,0,0.0,0
n100k_d768_l2,100000,768,l2,correlated,0.1000,0.1000,10000,A_std_standard,std,STANDARD,16,1,32,50,10,0.2110,2902.1,347.75,384.88,393.62,398.96,344.58,1084,1084,1084,0,1084,0,0,60,2,41699.6,14033032,25.8,32
n100k_d768_l2,100000,768,l2,correlated,0.1000,0.1000,10000,B_std_acorn1,std,ACORN,16,1,32,50,10,0.3030,2784.0,330.04,590.38,673.83,809.83,359.20,1034,935,612,9156,9769,2481,7288,0,10,41699.6,14033032,25.8,32
n100k_d768_l2,100000,768,l2,correlated,0.1000,0.1000,10000,D_large24_standard,large,STANDARD,24,1,48,50,10,0.2260,2423.8,416.04,454.00,550.25,560.96,412.57,1324,1324,1324,0,1324,0,0,58,2,36202.3,20424136,32.9,48
n100k_d768_l2,100000,768,l2,correlated,0.1000,0.1000,10000,E_large24_acorn1,large,ACORN,24,1,48,50,10,0.4490,2574.3,344.92,705.04,775.92,836.00,388.45,937,835,992,23574,24567,4149,20418,0,10,36202.3,20424136,32.9,48
n100k_d768_l2,100000,768,l2,correlated,0.1000,0.1000,10000,D_large48_standard,large,STANDARD,48,1,96,50,10,0.2400,4166.7,240.04,269.08,273.92,279.42,240.00,1587,1587,1587,0,1587,0,0,56,2,26936.8,39618184,41.1,96
n100k_d768_l2,100000,768,l2,correlated,0.1000,0.1000,10000,E_large48_acorn1,large,ACORN,48,1,96,50,10,0.6070,2382.1,398.92,635.25,706.21,771.88,419.80,1190,948,1722,56050,57774,8426,49347,0,10,26936.8,39618184,41.1,96
n100k_d768_l2,100000,768,l2,correlated,0.1000,0.1000,10000,C_acorn_g4,acorn,ACORN,16,4,16,50,10,0.0930,9372.5,104.88,137.00,213.75,278.54,106.70,759,707,1232,851,2084,1821,263,0,10,35004.5,18532104,24.2,40
n100k_d768_l2,100000,768,l2,correlated,0.1000,0.1000,10000,C_acorn_g8,acorn,ACORN,16,8,16,50,10,0.2150,6759.0,145.88,220.38,270.96,272.33,147.95,820,753,1391,1070,2463,1837,625,0,10,55273.2,20264200,24.3,40
n100k_d768_l2,100000,768,l2,correlated,0.1000,0.1000,10000,C_acorn_g16,acorn,ACORN,16,16,16,50,10,0.2120,6135.4,154.29,227.67,268.50,270.75,162.99,854,777,1457,1324,2782,1805,977,0,10,95724.5,23728392,24.3,40
n100k_d768_l2,100000,768,l2,correlated,0.1000,0.1000,10000,C_acorn_g32,acorn,ACORN,16,32,16,50,10,0.2730,5847.8,161.62,228.04,283.62,313.71,171.00,877,807,1393,1187,2581,1842,738,0,10,242975.0,30656776,24.3,40
n100k_d768_l2,100000,768,l2,correlated,0.1000,0.1000,10000,A_std_standard,std,STANDARD,16,1,32,100,10,0.2480,3841.1,264.00,279.58,290.96,291.75,260.34,1503,1503,1503,0,1503,0,0,109,2,41699.6,14033032,25.8,32
n100k_d768_l2,100000,768,l2,correlated,0.1000,0.1000,10000,B_std_acorn1,std,ACORN,16,1,32,100,10,0.3800,2823.6,329.54,504.71,582.75,588.33,354.16,1358,1259,1369,19141,20511,4893,15618,0,10,41699.6,14033032,25.8,32
n100k_d768_l2,100000,768,l2,correlated,0.1000,0.1000,10000,D_large24_standard,large,STANDARD,24,1,48,100,10,0.2570,3408.2,294.42,321.33,370.21,376.75,293.41,1730,1730,1730,0,1730,0,0,107,2,36202.3,20424136,32.9,48
n100k_d768_l2,100000,768,l2,correlated,0.1000,0.1000,10000,E_large24_acorn1,large,ACORN,24,1,48,100,10,0.4890,2510.0,399.83,528.83,616.67,704.42,398.41,1159,1056,2119,43077,45197,8215,36982,0,10,36202.3,20424136,32.9,48
n100k_d768_l2,100000,768,l2,correlated,0.1000,0.1000,10000,D_large48_standard,large,STANDARD,48,1,96,100,10,0.2620,3162.0,321.67,338.46,343.54,351.38,316.25,1932,1932,1932,0,1932,0,0,106,3,26936.8,39618184,41.1,96
n100k_d768_l2,100000,768,l2,correlated,0.1000,0.1000,10000,E_large48_acorn1,large,ACORN,48,1,96,100,10,0.6540,1578.3,654.08,915.04,1019.46,1048.96,633.61,1440,1197,3560,97530,101092,16840,84251,0,10,26936.8,39618184,41.1,96
n100k_d768_l2,100000,768,l2,correlated,0.1000,0.1000,10000,C_acorn_g4,acorn,ACORN,16,4,16,100,10,0.1050,6117.2,164.33,213.79,339.08,404.54,163.47,1014,962,2265,1632,3899,3539,359,0,10,35004.5,18532104,24.2,40
n100k_d768_l2,100000,768,l2,correlated,0.1000,0.1000,10000,C_acorn_g8,acorn,ACORN,16,8,16,100,10,0.2580,4410.1,216.46,340.38,389.46,403.58,226.75,1091,1024,2415,2081,4498,3544,953,0,10,55273.2,20264200,24.3,40
n100k_d768_l2,100000,768,l2,correlated,0.1000,0.1000,10000,C_acorn_g16,acorn,ACORN,16,16,16,100,10,0.2780,4016.1,233.92,345.17,394.29,399.83,249.00,1160,1083,2479,2599,5080,3507,1572,0,10,95724.5,23728392,24.3,40
n100k_d768_l2,100000,768,l2,correlated,0.1000,0.1000,10000,C_acorn_g32,acorn,ACORN,16,32,16,100,10,0.3210,3896.0,242.83,343.08,378.08,427.04,256.68,1179,1109,2408,2328,4737,3536,1201,0,10,242975.0,30656776,24.3,40
n100k_d768_l2,100000,768,l2,correlated,0.1000,0.1000,10000,A_std_standard,std,STANDARD,16,1,32,250,10,0.2650,2339.7,431.96,456.54,466.92,474.46,427.41,1924,1924,1924,0,1924,0,0,259,2,41699.6,14033032,25.8,32
n100k_d768_l2,100000,768,l2,correlated,0.1000,0.1000,10000,B_std_acorn1,std,ACORN,16,1,32,250,10,0.4320,1745.0,505.33,895.17,1042.79,1098.12,573.08,1731,1632,4458,37074,41534,12877,28656,0,10,41699.6,14033032,25.8,32
n100k_d768_l2,100000,768,l2,correlated,0.1000,0.1000,10000,D_large24_standard,large,STANDARD,24,1,48,250,10,0.2680,2212.7,456.33,482.33,537.08,543.88,451.94,2038,2038,2038,0,2038,0,0,257,3,36202.3,20424136,32.9,48
n100k_d768_l2,100000,768,l2,correlated,0.1000,0.1000,10000,E_large24_acorn1,large,ACORN,24,1,48,250,10,0.5140,1428.7,581.96,1213.79,1350.67,1608.71,699.92,1497,1395,6233,89436,95670,20374,75295,0,10,36202.3,20424136,32.9,48
n100k_d768_l2,100000,768,l2,correlated,0.1000,0.1000,10000,D_large48_standard,large,STANDARD,48,1,96,250,10,0.2680,2201.4,458.71,480.08,500.50,523.04,454.25,2136,2136,2136,0,2136,0,0,255,3,26936.8,39618184,41.1,96
n100k_d768_l2,100000,768,l2,correlated,0.1000,0.1000,10000,E_large48_acorn1,large,ACORN,48,1,96,250,10,0.7770,827.3,1244.04,1905.08,2193.04,2599.50,1208.77,2050,1808,9896,202741,212639,45862,166776,0,10,26936.8,39618184,41.1,96
n100k_d768_l2,100000,768,l2,correlated,0.1000,0.1000,10000,C_acorn_g4,acorn,ACORN,16,4,16,250,10,0.1240,3420.2,302.08,402.21,592.58,658.58,292.38,1324,1272,5604,3522,9128,8477,651,0,10,35004.5,18532104,24.2,40
n100k_d768_l2,100000,768,l2,correlated,0.1000,0.1000,10000,C_acorn_g8,acorn,ACORN,16,8,16,250,10,0.2950,2579.0,384.08,538.67,650.71,654.62,387.75,1442,1375,5737,4980,10718,8718,2000,0,10,55273.2,20264200,24.3,40
n100k_d768_l2,100000,768,l2,correlated,0.1000,0.1000,10000,C_acorn_g16,acorn,ACORN,16,16,16,250,10,0.3320,2307.5,404.12,579.04,658.08,850.04,433.36,1570,1492,5753,6665,12420,8696,3723,0,10,95724.5,23728392,24.3,40
n100k_d768_l2,100000,768,l2,correlated,0.1000,0.1000,10000,C_acorn_g32,acorn,ACORN,16,32,16,250,10,0.3690,2258.4,427.96,578.83,682.33,754.92,442.79,1609,1539,5646,5308,10956,8708,2247,0,10,242975.0,30656776,24.3,40
n100k_d768_l2,100000,768,l2,correlated,0.1000,0.1000,10000,A_std_standard,std,STANDARD,16,1,32,500,10,0.2710,1507.2,670.54,703.62,720.54,731.38,663.47,2056,2056,2056,0,2056,0,0,509,2,41699.6,14033032,25.8,32
n100k_d768_l2,100000,768,l2,correlated,0.1000,0.1000,10000,B_std_acorn1,std,ACORN,16,1,32,500,10,0.5010,1182.7,798.12,1309.92,1518.92,1562.21,845.53,1913,1814,10307,51117,61426,24935,36490,0,10,41699.6,14033032,25.8,32
n100k_d768_l2,100000,768,l2,correlated,0.1000,0.1000,10000,D_large24_standard,large,STANDARD,24,1,48,500,10,0.2680,1491.7,675.54,721.29,762.83,772.96,670.37,2097,2097,2097,0,2097,0,0,507,3,36202.3,20424136,32.9,48
n100k_d768_l2,100000,768,l2,correlated,0.1000,0.1000,10000,E_large24_acorn1,large,ACORN,24,1,48,500,10,0.5160,1003.8,802.38,1797.17,2234.75,2412.12,996.24,1952,1850,13027,106533,119562,34116,85446,0,10,36202.3,20424136,32.9,48
n100k_d768_l2,100000,768,l2,correlated,0.1000,0.1000,10000,D_large48_standard,large,STANDARD,48,1,96,500,10,0.2690,1446.7,697.88,733.04,742.54,743.92,691.22,2175,2175,2175,0,2175,0,0,505,4,26936.8,39618184,41.1,96
n100k_d768_l2,100000,768,l2,correlated,0.1000,0.1000,10000,E_large48_acorn1,large,ACORN,48,1,96,500,10,0.8130,560.9,1809.62,2930.25,3574.62,3984.38,1782.73,2612,2370,19940,270834,290775,84642,206133,0,10,26936.8,39618184,41.1,96
n100k_d768_l2,100000,768,l2,correlated,0.1000,0.1000,10000,C_acorn_g4,acorn,ACORN,16,4,16,500,10,0.1270,1956.5,538.96,663.38,900.46,958.46,511.10,1462,1410,11536,5948,17485,16297,1188,0,10,35004.5,18532104,24.2,40
n100k_d768_l2,100000,768,l2,correlated,0.1000,0.1000,10000,C_acorn_g8,acorn,ACORN,16,8,16,500,10,0.3070,1590.8,636.67,827.08,1005.75,1079.58,628.63,1590,1522,11636,8781,20418,17165,3253,0,10,55273.2,20264200,24.3,40
n100k_d768_l2,100000,768,l2,correlated,0.1000,0.1000,10000,C_acorn_g16,acorn,ACORN,16,16,16,500,10,0.3380,1479.6,647.62,863.88,990.12,1081.92,675.86,1757,1679,11203,10585,21789,16909,4879,0,10,95724.5,23728392,24.3,40
n100k_d768_l2,100000,768,l2,correlated,0.1000,0.1000,10000,C_acorn_g32,acorn,ACORN,16,32,16,500,10,0.3980,1411.2,683.50,873.42,1146.33,1166.50,708.62,1816,1746,11550,9656,21208,17358,3850,0,10,242975.0,30656776,24.3,40
n100k_d768_l2,100000,768,l2,correlated,0.1000,0.1000,10000,F_exact,exact,EXACT,16,0,0,0,100,1.0000,442.3,2255.62,2288.46,2350.62,2479.50,2260.74,10000,0,0,0,100000,0,0,0,100,0.0,0,0.0,0
n100k_d768_l2,100000,768,l2,correlated,0.1000,0.1000,10000,A_std_standard,std,STANDARD,16,1,32,50,100,0.1490,5436.9,186.04,198.29,203.96,205.62,183.93,1084,1084,1084,0,1084,0,0,60,19,41699.6,14033032,25.8,32
n100k_d768_l2,100000,768,l2,correlated,0.1000,0.1000,10000,B_std_acorn1,std,ACORN,16,1,32,50,100,0.3294,4059.7,232.29,342.46,387.54,480.38,246.32,1034,935,612,9156,9769,2481,7288,0,99,41699.6,14033032,25.8,32
n100k_d768_l2,100000,768,l2,correlated,0.1000,0.1000,10000,D_large24_standard,large,STANDARD,24,1,48,50,100,0.1652,4546.6,218.00,259.42,294.33,298.67,219.95,1324,1324,1324,0,1324,0,0,58,20,36202.3,20424136,32.9,48
n100k_d768_l2,100000,768,l2,correlated,0.1000,0.1000,10000,E_large24_acorn1,large,ACORN,24,1,48,50,100,0.4946,3524.6,271.04,382.92,434.04,463.62,283.72,937,835,992,23574,24567,4149,20418,0,96,36202.3,20424136,32.9,48
n100k_d768_l2,100000,768,l2,correlated,0.1000,0.1000,10000,D_large48_standard,large,STANDARD,48,1,96,50,100,0.1854,4039.9,250.17,266.12,275.25,278.25,247.53,1587,1587,1587,0,1587,0,0,56,21,26936.8,39618184,41.1,96
n100k_d768_l2,100000,768,l2,correlated,0.1000,0.1000,10000,E_large48_acorn1,large,ACORN,48,1,96,50,100,0.6563,2301.6,410.38,640.42,732.58,790.08,434.49,1190,948,1722,56050,57774,8426,49347,0,99,26936.8,39618184,41.1,96
n100k_d768_l2,100000,768,l2,correlated,0.1000,0.1000,10000,C_acorn_g4,acorn,ACORN,16,4,16,50,100,0.1053,8070.2,124.96,158.12,228.04,295.21,123.91,759,707,1232,851,2084,1821,263,0,100,35004.5,18532104,24.2,40
n100k_d768_l2,100000,768,l2,correlated,0.1000,0.1000,10000,C_acorn_g8,acorn,ACORN,16,8,16,50,100,0.2381,6056.6,162.79,233.92,279.71,290.62,165.11,820,753,1391,1070,2463,1837,625,0,100,55273.2,20264200,24.3,40
n100k_d768_l2,100000,768,l2,correlated,0.1000,0.1000,10000,C_acorn_g16,acorn,ACORN,16,16,16,50,100,0.2559,5555.1,172.96,243.46,284.00,285.04,180.02,854,777,1457,1324,2782,1805,977,0,100,95724.5,23728392,24.3,40
n100k_d768_l2,100000,768,l2,correlated,0.1000,0.1000,10000,C_acorn_g32,acorn,ACORN,16,32,16,50,100,0.2838,5279.0,181.67,251.71,310.50,341.79,189.43,877,807,1393,1187,2581,1842,738,0,100,242975.0,30656776,24.3,40
n100k_d768_l2,100000,768,l2,correlated,0.1000,0.1000,10000,A_std_standard,std,STANDARD,16,1,32,100,100,0.1848,3785.9,267.46,291.08,299.29,304.67,264.14,1503,1503,1503,0,1503,0,0,109,20,41699.6,14033032,25.8,32
n100k_d768_l2,100000,768,l2,correlated,0.1000,0.1000,10000,B_std_acorn1,std,ACORN,16,1,32,100,100,0.4177,2729.4,343.58,522.21,602.38,606.08,366.38,1358,1259,1369,19141,20511,4893,15618,0,99,41699.6,14033032,25.8,32
n100k_d768_l2,100000,768,l2,correlated,0.1000,0.1000,10000,D_large24_standard,large,STANDARD,24,1,48,100,100,0.1991,3370.6,299.71,323.04,374.62,376.17,296.69,1730,1730,1730,0,1730,0,0,107,21,36202.3,20424136,32.9,48
n100k_d768_l2,100000,768,l2,correlated,0.1000,0.1000,10000,E_large24_acorn1,large,ACORN,24,1,48,100,100,0.5531,2432.2,409.33,575.92,617.25,710.54,411.15,1159,1056,2119,43077,45197,8215,36982,0,96,36202.3,20424136,32.9,48
n100k_d768_l2,100000,768,l2,correlated,0.1000,0.1000,10000,D_large48_standard,large,STANDARD,48,1,96,100,100,0.2101,3128.9,323.79,343.21,352.71,356.92,319.60,1932,1932,1932,0,1932,0,0,106,22,26936.8,39618184,41.1,96
n100k_d768_l2,100000,768,l2,correlated,0.1000,0.1000,10000,E_large48_acorn1,large,ACORN,48,1,96,100,100,0.7248,1566.1,657.00,909.46,1034.67,1042.29,638.55,1440,1197,3560,97530,101092,16840,84251,0,100,26936.8,39618184,41.1,96
n100k_d768_l2,100000,768,l2,correlated,0.1000,0.1000,10000,C_acorn_g4,acorn,ACORN,16,4,16,100,100,0.1307,5804.1,173.12,224.17,350.79,416.75,172.29,1014,962,2265,1632,3899,3539,359,0,100,35004.5,18532104,24.2,40
n100k_d768_l2,100000,768,l2,correlated,0.1000,0.1000,10000,C_acorn_g8,acorn,ACORN,16,8,16,100,100,0.2975,4336.9,224.58,331.38,390.12,417.00,230.58,1091,1024,2415,2081,4498,3544,953,0,100,55273.2,20264200,24.3,40
n100k_d768_l2,100000,768,l2,correlated,0.1000,0.1000,10000,C_acorn_g16,acorn,ACORN,16,16,16,100,100,0.3306,3882.7,242.29,355.46,403.12,416.33,257.55,1160,1083,2479,2599,5080,3507,1572,0,100,95724.5,23728392,24.3,40
n100k_d768_l2,100000,768,l2,correlated,0.1000,0.1000,10000,C_acorn_g32,acorn,ACORN,16,32,16,100,100,0.3600,3744.1,256.04,355.54,397.71,444.17,267.09,1179,1109,2408,2328,4737,3536,1201,0,100,242975.0,30656776,24.3,40
n100k_d768_l2,100000,768,l2,correlated,0.1000,0.1000,10000,A_std_standard,std,STANDARD,16,1,32,250,100,0.2123,2310.6,439.79,465.17,473.08,478.38,432.80,1924,1924,1924,0,1924,0,0,259,21,41699.6,14033032,25.8,32
n100k_d768_l2,100000,768,l2,correlated,0.1000,0.1000,10000,B_std_acorn1,std,ACORN,16,1,32,250,100,0.4842,1701.0,520.58,907.58,1056.25,1110.58,587.89,1731,1632,4458,37074,41534,12877,28656,0,99,41699.6,14033032,25.8,32
n100k_d768_l2,100000,768,l2,correlated,0.1000,0.1000,10000,D_large24_standard,large,STANDARD,24,1,48,250,100,0.2197,2211.1,456.62,485.46,542.71,547.75,452.27,2038,2038,2038,0,2038,0,0,257,22,36202.3,20424136,32.9,48
n100k_d768_l2,100000,768,l2,correlated,0.1000,0.1000,10000,E_large24_acorn1,large,ACORN,24,1,48,250,100,0.5838,1419.5,587.75,1147.12,1331.83,1581.75,704.49,1497,1395,6233,89436,95670,20374,75295,0,96,36202.3,20424136,32.9,48
n100k_d768_l2,100000,768,l2,correlated,0.1000,0.1000,10000,D_large48_standard,large,STANDARD,48,1,96,250,100,0.2223,2169.0,466.00,496.25,507.04,511.62,461.04,2136,2136,2136,0,2136,0,0,255,22,26936.8,39618184,41.1,96
n100k_d768_l2,100000,768,l2,correlated,0.1000,0.1000,10000,E_large48_acorn1,large,ACORN,48,1,96,250,100,0.8475,822.8,1253.54,1921.83,2180.92,2590.96,1215.30,2050,1808,9896,202741,212639,45862,166776,0,100,26936.8,39618184,41.1,96
n100k_d768_l2,100000,768,l2,correlated,0.1000,0.1000,10000,C_acorn_g4,acorn,ACORN,16,4,16,250,100,0.1547,3280.5,315.50,409.08,599.88,663.50,304.83,1324,1272,5604,3522,9128,8477,651,0,100,35004.5,18532104,24.2,40
n100k_d768_l2,100000,768,l2,correlated,0.1000,0.1000,10000,C_acorn_g8,acorn,ACORN,16,8,16,250,100,0.3597,2503.2,398.38,552.38,654.38,661.46,399.49,1442,1375,5737,4980,10718,8718,2000,0,100,55273.2,20264200,24.3,40
n100k_d768_l2,100000,768,l2,correlated,0.1000,0.1000,10000,C_acorn_g16,acorn,ACORN,16,16,16,250,100,0.4130,2245.0,413.42,591.83,659.58,869.42,445.44,1570,1492,5753,6665,12420,8696,3723,0,100,95724.5,23728392,24.3,40
n100k_d768_l2,100000,768,l2,correlated,0.1000,0.1000,10000,C_acorn_g32,acorn,ACORN,16,32,16,250,100,0.4444,2192.0,440.00,587.58,696.12,766.54,456.20,1609,1539,5646,5308,10956,8708,2247,0,100,242975.0,30656776,24.3,40
n100k_d768_l2,100000,768,l2,correlated,0.1000,0.1000,10000,A_std_standard,std,STANDARD,16,1,32,500,100,0.2211,1507.9,669.25,703.50,731.71,732.33,663.19,2056,2056,2056,0,2056,0,0,509,22,41699.6,14033032,25.8,32
n100k_d768_l2,100000,768,l2,correlated,0.1000,0.1000,10000,B_std_acorn1,std,ACORN,16,1,32,500,100,0.5389,1168.6,808.08,1323.42,1514.46,1571.50,855.71,1913,1814,10307,51117,61426,24935,36490,0,99,41699.6,14033032,25.8,32
n100k_d768_l2,100000,768,l2,correlated,0.1000,0.1000,10000,D_large24_standard,large,STANDARD,24,1,48,500,100,0.2229,1483.5,679.29,722.08,761.25,769.29,674.10,2097,2097,2097,0,2097,0,0,507,22,36202.3,20424136,32.9,48
n100k_d768_l2,100000,768,l2,correlated,0.1000,0.1000,10000,E_large24_acorn1,large,ACORN,24,1,48,500,100,0.5871,992.5,819.46,1796.00,2227.42,2440.92,1007.51,1952,1850,13027,106533,119562,34116,85446,0,96,36202.3,20424136,32.9,48
n100k_d768_l2,100000,768,l2,correlated,0.1000,0.1000,10000,D_large48_standard,large,STANDARD,48,1,96,500,100,0.2254,1466.0,686.08,718.88,739.12,752.46,682.13,2175,2175,2175,0,2175,0,0,505,23,26936.8,39618184,41.1,96
n100k_d768_l2,100000,768,l2,correlated,0.1000,0.1000,10000,E_large48_acorn1,large,ACORN,48,1,96,500,100,0.8804,555.2,1818.33,2975.38,3577.54,4041.62,1801.07,2612,2370,19940,270834,290775,84642,206133,0,100,26936.8,39618184,41.1,96
n100k_d768_l2,100000,768,l2,correlated,0.1000,0.1000,10000,C_acorn_g4,acorn,ACORN,16,4,16,500,100,0.1615,1902.0,553.42,692.25,889.96,982.12,525.77,1462,1410,11536,5948,17485,16297,1188,0,100,35004.5,18532104,24.2,40
n100k_d768_l2,100000,768,l2,correlated,0.1000,0.1000,10000,C_acorn_g8,acorn,ACORN,16,8,16,500,100,0.3771,1557.0,652.12,860.38,1008.83,1088.29,642.25,1590,1522,11636,8781,20418,17165,3253,0,100,55273.2,20264200,24.3,40
n100k_d768_l2,100000,768,l2,correlated,0.1000,0.1000,10000,C_acorn_g16,acorn,ACORN,16,16,16,500,100,0.4367,1441.4,665.29,886.38,1018.58,1119.88,693.79,1757,1679,11203,10585,21789,16909,4879,0,100,95724.5,23728392,24.3,40
n100k_d768_l2,100000,768,l2,correlated,0.1000,0.1000,10000,C_acorn_g32,acorn,ACORN,16,32,16,500,100,0.4819,1375.2,705.46,888.38,1181.83,1183.04,727.17,1816,1746,11550,9656,21208,17358,3850,0,100,242975.0,30656776,24.3,40
n100k_d768_l2,100000,768,l2,correlated,0.0500,0.0500,5000,F_exact,exact,EXACT,16,0,0,0,10,1.0000,1114.1,896.75,906.12,910.83,914.21,897.57,5000,0,0,0,100000,0,0,0,10,0.0,0,0.0,0
n100k_d768_l2,100000,768,l2,correlated,0.0500,0.0500,5000,A_std_standard,std,STANDARD,16,1,32,50,10,0.1060,5763.1,174.71,188.29,190.79,195.50,173.52,1084,1084,1084,0,1084,0,0,60,1,41699.6,14033032,25.8,32
n100k_d768_l2,100000,768,l2,correlated,0.0500,0.0500,5000,B_std_acorn1,std,ACORN,16,1,32,50,10,0.2450,5886.5,162.79,223.33,268.29,314.50,169.88,1021,930,556,6444,7002,2706,4296,0,10,41699.6,14033032,25.8,32
n100k_d768_l2,100000,768,l2,correlated,0.0500,0.0500,5000,D_large24_standard,large,STANDARD,24,1,48,50,10,0.1160,4880.5,205.79,222.17,271.83,279.83,204.90,1324,1324,1324,0,1324,0,0,58,1,36202.3,20424136,32.9,48
n100k_d768_l2,100000,768,l2,correlated,0.0500,0.0500,5000,E_large24_acorn1,large,ACORN,24,1,48,50,10,0.5570,3922.9,245.38,374.33,410.88,484.46,254.91,895,806,1063,23951,25015,5562,19453,0,10,36202.3,20424136,32.9,48
n100k_d768_l2,100000,768,l2,correlated,0.0500,0.0500,5000,D_large48_standard,large,STANDARD,48,1,96,50,10,0.1350,4267.1,236.75,250.88,257.62,259.29,234.35,1587,1587,1587,0,1587,0,0,56,1,26936.8,39618184,41.1,96
n100k_d768_l2,100000,768,l2,correlated,0.0500,0.0500,5000,E_large48_acorn1,large,ACORN,48,1,96,50,10,0.3570,3079.1,283.50,552.25,675.00,789.88,324.77,1509,1257,1322,27688,29011,8466,20545,0,10,26936.8,39618184,41.1,96
n100k_d768_l2,100000,768,l2,correlated,0.0500,0.0500,5000,C_acorn_g4,acorn,ACORN,16,4,16,50,10,0.1300,9237.8,106.33,127.42,138.62,147.88,108.25,855,807,1225,1153,2380,1765,614,0,10,35004.5,18532104,24.2,40
n100k_d768_l2,100000,768,l2,correlated,0.0500,0.0500,5000,C_acorn_g8,acorn,ACORN,16,8,16,50,10,0.1250,8222.6,118.12,144.46,183.83,207.38,121.62,865,811,1359,1079,2439,1796,643,0,10,55273.2,20264200,24.3,40
n100k_d768_l2,100000,768,l2,correlated,0.0500,0.0500,5000,C_acorn_g16,acorn,ACORN,16,16,16,50,10,0.4970,8444.7,118.83,175.29,191.50,226.54,118.42,547,493,2012,4112,6126,1635,4491,0,10,95724.5,23728392,24.3,40
n100k_d768_l2,100000,768,l2,correlated,0.0500,0.0500,5000,C_acorn_g32,acorn,ACORN,16,32,16,50,10,0.4760,8364.3,115.79,172.38,188.08,199.50,119.56,542,484,2396,4189,6586,1646,4940,0,10,242975.0,30656776,24.3,40
n100k_d768_l2,100000,768,l2,correlated,0.0500,0.0500,5000,A_std_standard,std,STANDARD,16,1,32,100,10,0.1370,3851.6,263.58,277.83,286.83,289.04,259.63,1503,1503,1503,0,1503,0,0,109,1,41699.6,14033032,25.8,32
n100k_d768_l2,100000,768,l2,correlated,0.0500,0.0500,5000,B_std_acorn1,std,ACORN,16,1,32,100,10,0.2920,3615.8,261.25,375.92,454.33,539.21,276.57,1339,1248,1294,13911,15206,5976,9229,0,10,41699.6,14033032,25.8,32
n100k_d768_l2,100000,768,l2,correlated,0.0500,0.0500,5000,D_large24_standard,large,STANDARD,24,1,48,100,10,0.1420,3415.6,294.12,312.46,370.33,374.88,292.77,1730,1730,1730,0,1730,0,0,107,1,36202.3,20424136,32.9,48
n100k_d768_l2,100000,768,l2,correlated,0.0500,0.0500,5000,E_large24_acorn1,large,ACORN,24,1,48,100,10,0.6030,2440.4,441.21,595.62,679.58,760.38,409.77,1066,977,2391,50368,52760,12337,40422,0,10,36202.3,20424136,32.9,48
n100k_d768_l2,100000,768,l2,correlated,0.0500,0.0500,5000,D_large48_standard,large,STANDARD,48,1,96,100,10,0.1510,3160.3,321.50,338.46,349.96,353.25,316.43,1932,1932,1932,0,1932,0,0,106,1,26936.8,39618184,41.1,96
n100k_d768_l2,100000,768,l2,correlated,0.0500,0.0500,5000,E_large48_acorn1,large,ACORN,48,1,96,100,10,0.4270,1964.1,368.25,1002.00,1119.79,1220.92,509.14,1677,1425,3301,63107,66410,19706,46703,0,10,26936.8,39618184,41.1,96
n100k_d768_l2,100000,768,l2,correlated,0.0500,0.0500,5000,C_acorn_g4,acorn,ACORN,16,4,16,100,10,0.1630,6096.9,161.92,183.00,206.12,224.83,164.02,1161,1113,2223,2176,4401,3393,1007,0,10,35004.5,18532104,24.2,40
n100k_d768_l2,100000,768,l2,correlated,0.0500,0.0500,5000,C_acorn_g8,acorn,ACORN,16,8,16,100,10,0.1790,5324.7,183.00,221.25,278.00,305.96,187.80,1184,1130,2369,2135,4505,3482,1023,0,10,55273.2,20264200,24.3,40
n100k_d768_l2,100000,768,l2,correlated,0.0500,0.0500,5000,C_acorn_g16,acorn,ACORN,16,16,16,100,10,0.5620,5290.9,185.25,270.33,310.71,329.83,189.00,686,632,3142,8784,11928,3290,8638,0,10,95724.5,23728392,24.3,40
n100k_d768_l2,100000,768,l2,correlated,0.0500,0.0500,5000,C_acorn_g32,acorn,ACORN,16,32,16,100,10,0.5490,5229.8,186.54,269.17,295.67,314.88,191.21,680,622,3547,9089,12638,3353,9284,0,10,242975.0,30656776,24.3,40
n100k_d768_l2,100000,768,l2,correlated,0.0500,0.0500,5000,A_std_standard,std,STANDARD,16,1,32,250,10,0.1480,2324.9,436.42,462.08,475.33,475.83,430.12,1924,1924,1924,0,1924,0,0,259,1,41699.6,14033032,25.8,32
n100k_d768_l2,100000,768,l2,correlated,0.0500,0.0500,5000,B_std_acorn1,std,ACORN,16,1,32,250,10,0.3400,1975.9,423.33,823.38,916.04,1031.33,506.10,1581,1490,4742,39040,43783,18356,25426,0,10,41699.6,14033032,25.8,32
n100k_d768_l2,100000,768,l2,correlated,0.0500,0.0500,5000,D_large24_standard,large,STANDARD,24,1,48,250,10,0.1500,2223.2,456.04,480.83,536.96,545.29,449.81,2038,2038,2038,0,2038,0,0,257,1,36202.3,20424136,32.9,48
n100k_d768_l2,100000,768,l2,correlated,0.0500,0.0500,5000,E_large24_acorn1,large,ACORN,24,1,48,250,10,0.6260,1206.6,1046.42,1303.92,1353.38,1504.92,828.77,1152,1063,7187,131211,138400,35291,103108,0,10,36202.3,20424136,32.9,48
n100k_d768_l2,100000,768,l2,correlated,0.0500,0.0500,5000,D_large48_standard,large,STANDARD,48,1,96,250,10,0.1530,2196.1,462.29,480.04,496.62,503.21,455.35,2136,2136,2136,0,2136,0,0,255,2,26936.8,39618184,41.1,96
n100k_d768_l2,100000,768,l2,correlated,0.0500,0.0500,5000,E_large48_acorn1,large,ACORN,48,1,96,250,10,0.5000,944.6,623.46,2070.33,2411.17,2653.75,1058.68,1875,1623,9771,175574,185347,56912,128434,0,10,26936.8,39618184,41.1,96
n100k_d768_l2,100000,768,l2,correlated,0.0500,0.0500,5000,C_acorn_g4,acorn,ACORN,16,4,16,250,10,0.2190,3286.9,301.96,321.54,336.83,362.50,304.24,1581,1533,5397,5251,10649,8354,2294,0,10,35004.5,18532104,24.2,40
n100k_d768_l2,100000,768,l2,correlated,0.0500,0.0500,5000,C_acorn_g8,acorn,ACORN,16,8,16,250,10,0.2390,2923.7,335.67,390.50,524.67,552.12,342.04,1622,1568,5575,4994,10571,8549,2021,0,10,55273.2,20264200,24.3,40
n100k_d768_l2,100000,768,l2,correlated,0.0500,0.0500,5000,C_acorn_g16,acorn,ACORN,16,16,16,250,10,0.6130,2708.9,351.75,495.08,562.17,576.33,369.15,861,807,6625,23742,30368,8530,21837,0,10,95724.5,23728392,24.3,40
n100k_d768_l2,100000,768,l2,correlated,0.0500,0.0500,5000,C_acorn_g32,acorn,ACORN,16,32,16,250,10,0.6100,2676.3,358.62,478.96,561.33,587.00,373.65,851,793,7050,24404,31456,8639,22817,0,10,242975.0,30656776,24.3,40
n100k_d768_l2,100000,768,l2,correlated,0.0500,0.0500,5000,A_std_standard,std,STANDARD,16,1,32,500,10,0.1500,1513.7,670.54,705.29,720.04,722.17,660.63,2056,2056,2056,0,2056,0,0,509,1,41699.6,14033032,25.8,32
n100k_d768_l2,100000,768,l2,correlated,0.0500,0.0500,5000,B_std_acorn1,std,ACORN,16,1,32,500,10,0.3430,1139.3,687.21,1574.96,1675.54,1828.62,877.74,1618,1527,11088,78227,89316,39528,49788,0,10,41699.6,14033032,25.8,32
n100k_d768_l2,100000,768,l2,correlated,0.0500,0.0500,5000,D_large24_standard,large,STANDARD,24,1,48,500,10,0.1510,1462.8,690.83,729.75,760.21,805.17,683.61,2097,2097,2097,0,2097,0,0,507,1,36202.3,20424136,32.9,48
n100k_d768_l2,100000,768,l2,correlated,0.0500,0.0500,5000,E_large24_acorn1,large,ACORN,24,1,48,500,10,0.6480,796.2,1139.08,2400.29,2598.21,2695.04,1255.99,1409,1320,13267,192934,206202,61076,145126,0,10,36202.3,20424136,32.9,48
n100k_d768_l2,100000,768,l2,correlated,0.0500,0.0500,5000,D_large48_standard,large,STANDARD,48,1,96,500,10,0.1550,1473.3,687.25,713.29,733.54,742.46,678.76,2175,2175,2175,0,2175,0,0,505,2,26936.8,39618184,41.1,96
n100k_d768_l2,100000,768,l2,correlated,0.0500,0.0500,5000,E_large48_acorn1,large,ACORN,48,1,96,500,10,0.6510,473.4,1763.58,4770.38,5969.46,5986.71,2112.46,2297,2045,21043,369403,390447,122855,267591,0,10,26936.8,39618184,41.1,96
n100k_d768_l2,100000,768,l2,correlated,0.0500,0.0500,5000,C_acorn_g4,acorn,ACORN,16,4,16,500,10,0.2300,1839.8,541.58,569.54,586.29,607.25,543.54,1801,1753,11064,10039,21104,17168,3936,0,10,35004.5,18532104,24.2,40
n100k_d768_l2,100000,768,l2,correlated,0.0500,0.0500,5000,C_acorn_g8,acorn,ACORN,16,8,16,500,10,0.2570,1711.2,574.62,644.83,737.12,978.00,584.37,1849,1796,11250,9043,20295,16804,3491,0,10,55273.2,20264200,24.3,40
n100k_d768_l2,100000,768,l2,correlated,0.0500,0.0500,5000,C_acorn_g16,acorn,ACORN,16,16,16,500,10,0.6200,1821.2,579.79,785.54,911.42,1012.96,549.08,1012,958,10141,32876,43018,13989,29029,0,10,95724.5,23728392,24.3,40
n100k_d768_l2,100000,768,l2,correlated,0.0500,0.0500,5000,C_acorn_g32,acorn,ACORN,16,32,16,500,10,0.6220,1828.2,586.62,766.08,818.75,976.71,546.97,933,875,10572,34041,44614,14048,30566,0,10,242975.0,30656776,24.3,40
n100k_d768_l2,100000,768,l2,correlated,0.0500,0.0500,5000,F_exact,exact,EXACT,16,0,0,0,100,1.0000,1110.6,899.79,912.58,915.29,920.92,900.42,5000,0,0,0,100000,0,0,0,100,0.0,0,0.0,0
n100k_d768_l2,100000,768,l2,correlated,0.0500,0.0500,5000,A_std_standard,std,STANDARD,16,1,32,50,100,0.0641,5441.9,185.25,198.92,201.71,202.29,183.76,1084,1084,1084,0,1084,0,0,60,8,41699.6,14033032,25.8,32
n100k_d768_l2,100000,768,l2,correlated,0.0500,0.0500,5000,B_std_acorn1,std,ACORN,16,1,32,50,100,0.3059,5286.0,181.00,246.00,285.12,328.88,189.18,1021,930,556,6444,7002,2706,4296,0,100,41699.6,14033032,25.8,32
n100k_d768_l2,100000,768,l2,correlated,0.0500,0.0500,5000,D_large24_standard,large,STANDARD,24,1,48,50,100,0.0708,4624.3,217.71,233.54,287.29,295.92,216.25,1324,1324,1324,0,1324,0,0,58,9,36202.3,20424136,32.9,48
n100k_d768_l2,100000,768,l2,correlated,0.0500,0.0500,5000,E_large24_acorn1,large,ACORN,24,1,48,50,100,0.6445,3675.4,261.17,387.58,422.29,500.29,272.08,895,806,1063,23951,25015,5562,19453,0,100,36202.3,20424136,32.9,48
n100k_d768_l2,100000,768,l2,correlated,0.0500,0.0500,5000,D_large48_standard,large,STANDARD,48,1,96,50,100,0.0819,4065.3,248.50,265.29,271.25,278.17,245.99,1587,1587,1587,0,1587,0,0,56,9,26936.8,39618184,41.1,96
n100k_d768_l2,100000,768,l2,correlated,0.0500,0.0500,5000,E_large48_acorn1,large,ACORN,48,1,96,50,100,0.4442,2919.0,296.83,561.62,710.92,840.96,342.59,1509,1257,1322,27688,29011,8466,20545,0,100,26936.8,39618184,41.1,96
n100k_d768_l2,100000,768,l2,correlated,0.0500,0.0500,5000,C_acorn_g4,acorn,ACORN,16,4,16,50,100,0.1323,7923.5,123.79,142.92,157.00,169.88,126.21,855,807,1225,1153,2380,1765,614,0,100,35004.5,18532104,24.2,40
n100k_d768_l2,100000,768,l2,correlated,0.0500,0.0500,5000,C_acorn_g8,acorn,ACORN,16,8,16,50,100,0.1817,7135.5,136.42,165.04,210.67,221.62,140.14,865,811,1359,1079,2439,1796,643,0,100,55273.2,20264200,24.3,40
n100k_d768_l2,100000,768,l2,correlated,0.0500,0.0500,5000,C_acorn_g16,acorn,ACORN,16,16,16,50,100,0.5966,7504.1,130.58,194.67,208.62,255.58,133.26,547,493,2012,4112,6126,1635,4491,0,100,95724.5,23728392,24.3,40
n100k_d768_l2,100000,768,l2,correlated,0.0500,0.0500,5000,C_acorn_g32,acorn,ACORN,16,32,16,50,100,0.6017,6337.0,147.08,236.96,396.54,418.92,157.80,542,484,2396,4189,6586,1646,4940,0,100,242975.0,30656776,24.3,40
n100k_d768_l2,100000,768,l2,correlated,0.0500,0.0500,5000,A_std_standard,std,STANDARD,16,1,32,100,100,0.0812,3748.2,269.62,289.58,297.62,300.67,266.80,1503,1503,1503,0,1503,0,0,109,9,41699.6,14033032,25.8,32
n100k_d768_l2,100000,768,l2,correlated,0.0500,0.0500,5000,B_std_acorn1,std,ACORN,16,1,32,100,100,0.3778,2905.1,303.71,511.08,918.17,925.75,344.22,1339,1248,1294,13911,15206,5976,9229,0,100,41699.6,14033032,25.8,32
n100k_d768_l2,100000,768,l2,correlated,0.0500,0.0500,5000,D_large24_standard,large,STANDARD,24,1,48,100,100,0.0863,3278.0,305.58,332.96,402.21,419.08,305.06,1730,1730,1730,0,1730,0,0,107,9,36202.3,20424136,32.9,48
n100k_d768_l2,100000,768,l2,correlated,0.0500,0.0500,5000,E_large24_acorn1,large,ACORN,24,1,48,100,100,0.7063,2105.8,469.54,717.71,803.83,1023.83,474.87,1066,977,2391,50368,52760,12337,40422,0,100,36202.3,20424136,32.9,48
n100k_d768_l2,100000,768,l2,correlated,0.0500,0.0500,5000,D_large48_standard,large,STANDARD,48,1,96,100,100,0.0930,3092.6,327.58,351.38,358.46,365.83,323.36,1932,1932,1932,0,1932,0,0,106,9,26936.8,39618184,41.1,96
n100k_d768_l2,100000,768,l2,correlated,0.0500,0.0500,5000,E_large48_acorn1,large,ACORN,48,1,96,100,100,0.5268,1831.3,407.75,1046.50,1181.08,1317.79,546.06,1677,1425,3301,63107,66410,19706,46703,0,100,26936.8,39618184,41.1,96
n100k_d768_l2,100000,768,l2,correlated,0.0500,0.0500,5000,C_acorn_g4,acorn,ACORN,16,4,16,100,100,0.1715,4793.3,183.46,285.62,490.29,1109.46,208.62,1161,1113,2223,2176,4401,3393,1007,0,100,35004.5,18532104,24.2,40
n100k_d768_l2,100000,768,l2,correlated,0.0500,0.0500,5000,C_acorn_g8,acorn,ACORN,16,8,16,100,100,0.2403,4600.9,208.67,284.54,310.71,342.38,217.35,1184,1130,2369,2135,4505,3482,1023,0,100,55273.2,20264200,24.3,40
n100k_d768_l2,100000,768,l2,correlated,0.0500,0.0500,5000,C_acorn_g16,acorn,ACORN,16,16,16,100,100,0.6948,4632.5,205.38,322.88,366.71,379.08,215.87,686,632,3142,8784,11928,3290,8638,0,100,95724.5,23728392,24.3,40
n100k_d768_l2,100000,768,l2,correlated,0.0500,0.0500,5000,C_acorn_g32,acorn,ACORN,16,32,16,100,100,0.6900,4633.0,207.88,311.96,338.75,363.54,215.84,680,622,3547,9089,12638,3353,9284,0,100,242975.0,30656776,24.3,40
n100k_d768_l2,100000,768,l2,correlated,0.0500,0.0500,5000,A_std_standard,std,STANDARD,16,1,32,250,100,0.0935,2161.3,450.17,524.21,616.29,1553.96,462.68,1924,1924,1924,0,1924,0,0,259,9,41699.6,14033032,25.8,32
n100k_d768_l2,100000,768,l2,correlated,0.0500,0.0500,5000,B_std_acorn1,std,ACORN,16,1,32,250,100,0.4270,1842.7,459.42,863.58,951.62,1050.96,542.67,1581,1490,4742,39040,43783,18356,25426,0,100,41699.6,14033032,25.8,32
n100k_d768_l2,100000,768,l2,correlated,0.0500,0.0500,5000,D_large24_standard,large,STANDARD,24,1,48,250,100,0.0956,2077.7,467.79,560.54,654.50,1490.54,481.30,2038,2038,2038,0,2038,0,0,257,9,36202.3,20424136,32.9,48
n100k_d768_l2,100000,768,l2,correlated,0.0500,0.0500,5000,E_large24_acorn1,large,ACORN,24,1,48,250,100,0.7348,1088.2,1052.75,1492.75,1749.96,2621.00,918.91,1152,1063,7187,131211,138400,35291,103108,0,100,36202.3,20424136,32.9,48
n100k_d768_l2,100000,768,l2,correlated,0.0500,0.0500,5000,D_large48_standard,large,STANDARD,48,1,96,250,100,0.0979,2157.0,467.75,494.08,501.96,502.96,463.61,2136,2136,2136,0,2136,0,0,255,10,26936.8,39618184,41.1,96
n100k_d768_l2,100000,768,l2,correlated,0.0500,0.0500,5000,E_large48_acorn1,large,ACORN,48,1,96,250,100,0.5895,864.2,787.38,2267.25,2512.88,2740.04,1157.17,1875,1623,9771,175574,185347,56912,128434,0,100,26936.8,39618184,41.1,96
n100k_d768_l2,100000,768,l2,correlated,0.0500,0.0500,5000,C_acorn_g4,acorn,ACORN,16,4,16,250,100,0.2171,3007.4,326.83,371.75,397.71,408.71,332.52,1581,1533,5397,5251,10649,8354,2294,0,100,35004.5,18532104,24.2,40
n100k_d768_l2,100000,768,l2,correlated,0.0500,0.0500,5000,C_acorn_g8,acorn,ACORN,16,8,16,250,100,0.3065,2287.2,389.96,673.33,719.00,2053.92,437.22,1622,1568,5575,4994,10571,8549,2021,0,100,55273.2,20264200,24.3,40
n100k_d768_l2,100000,768,l2,correlated,0.0500,0.0500,5000,C_acorn_g16,acorn,ACORN,16,16,16,250,100,0.7632,2339.7,421.21,589.96,648.92,893.00,427.40,861,807,6625,23742,30368,8530,21837,0,100,95724.5,23728392,24.3,40
n100k_d768_l2,100000,768,l2,correlated,0.0500,0.0500,5000,C_acorn_g32,acorn,ACORN,16,32,16,250,100,0.7621,2459.4,388.83,557.04,600.17,601.46,406.60,851,793,7050,24404,31456,8639,22817,0,100,242975.0,30656776,24.3,40
n100k_d768_l2,100000,768,l2,correlated,0.0500,0.0500,5000,A_std_standard,std,STANDARD,16,1,32,500,100,0.0962,1457.2,693.92,732.54,749.88,772.25,686.24,2056,2056,2056,0,2056,0,0,509,9,41699.6,14033032,25.8,32
n100k_d768_l2,100000,768,l2,correlated,0.0500,0.0500,5000,B_std_acorn1,std,ACORN,16,1,32,500,100,0.4313,1123.6,702.29,1570.92,1668.83,1831.75,890.01,1618,1527,11088,78227,89316,39528,49788,0,100,41699.6,14033032,25.8,32
n100k_d768_l2,100000,768,l2,correlated,0.0500,0.0500,5000,D_large24_standard,large,STANDARD,24,1,48,500,100,0.0971,1457.9,693.58,731.12,762.79,804.21,685.93,2097,2097,2097,0,2097,0,0,507,9,36202.3,20424136,32.9,48
n100k_d768_l2,100000,768,l2,correlated,0.0500,0.0500,5000,E_large24_acorn1,large,ACORN,24,1,48,500,100,0.7471,790.5,1132.71,2398.92,2602.38,2692.88,1265.03,1409,1320,13267,192934,206202,61076,145126,0,100,36202.3,20424136,32.9,48
n100k_d768_l2,100000,768,l2,correlated,0.0500,0.0500,5000,D_large48_standard,large,STANDARD,48,1,96,500,100,0.0990,1468.1,686.92,724.79,741.62,741.71,681.14,2175,2175,2175,0,2175,0,0,505,10,26936.8,39618184,41.1,96
n100k_d768_l2,100000,768,l2,correlated,0.0500,0.0500,5000,E_large48_acorn1,large,ACORN,48,1,96,500,100,0.7175,471.4,1794.50,4792.04,5916.04,5968.38,2121.33,2297,2045,21043,369403,390447,122855,267591,0,100,26936.8,39618184,41.1,96
n100k_d768_l2,100000,768,l2,correlated,0.0500,0.0500,5000,C_acorn_g4,acorn,ACORN,16,4,16,500,100,0.2405,1796.3,553.12,583.67,606.79,625.83,556.71,1801,1753,11064,10039,21104,17168,3936,0,100,35004.5,18532104,24.2,40
n100k_d768_l2,100000,768,l2,correlated,0.0500,0.0500,5000,C_acorn_g8,acorn,ACORN,16,8,16,500,100,0.3382,1667.7,587.12,667.96,765.62,995.00,599.63,1849,1796,11250,9043,20295,16804,3491,0,100,55273.2,20264200,24.3,40
n100k_d768_l2,100000,768,l2,correlated,0.0500,0.0500,5000,C_acorn_g16,acorn,ACORN,16,16,16,500,100,0.7870,1783.1,593.62,814.08,912.75,1026.96,560.84,1012,958,10141,32876,43018,13989,29029,0,100,95724.5,23728392,24.3,40
n100k_d768_l2,100000,768,l2,correlated,0.0500,0.0500,5000,C_acorn_g32,acorn,ACORN,16,32,16,500,100,0.7850,1788.0,601.83,782.42,814.50,977.04,559.28,933,875,10572,34041,44614,14048,30566,0,100,242975.0,30656776,24.3,40
n100k_d768_l2,100000,768,l2,correlated,0.0200,0.0200,2000,F_exact,exact,EXACT,16,0,0,0,10,1.0000,2769.4,361.00,363.92,364.83,366.17,361.09,2000,0,0,0,100000,0,0,0,10,0.0,0,0.0,0
n100k_d768_l2,100000,768,l2,correlated,0.0200,0.0200,2000,A_std_standard,std,STANDARD,16,1,32,50,10,0.0720,5729.5,177.58,192.25,193.88,196.83,174.53,1084,1084,1084,0,1084,0,0,60,0,41699.6,14033032,25.8,32
n100k_d768_l2,100000,768,l2,correlated,0.0200,0.0200,2000,B_std_acorn1,std,ACORN,16,1,32,50,10,0.6320,6144.1,137.71,286.17,343.12,343.79,162.76,1010,934,662,9232,9896,3008,6888,0,10,41699.6,14033032,25.8,32
n100k_d768_l2,100000,768,l2,correlated,0.0200,0.0200,2000,D_large24_standard,large,STANDARD,24,1,48,50,10,0.0780,4849.3,208.71,220.92,276.00,283.67,206.22,1324,1324,1324,0,1324,0,0,58,0,36202.3,20424136,32.9,48
n100k_d768_l2,100000,768,l2,correlated,0.0200,0.0200,2000,E_large24_acorn1,large,ACORN,24,1,48,50,10,0.7820,4953.8,170.42,276.08,361.25,541.21,201.86,985,890,956,19833,20790,5077,15712,0,10,36202.3,20424136,32.9,48
n100k_d768_l2,100000,768,l2,correlated,0.0200,0.0200,2000,D_large48_standard,large,STANDARD,48,1,96,50,10,0.0790,4249.0,238.54,251.21,254.12,260.50,235.35,1587,1587,1587,0,1587,0,0,56,0,26936.8,39618184,41.1,96
n100k_d768_l2,100000,768,l2,correlated,0.0200,0.0200,2000,E_large48_acorn1,large,ACORN,48,1,96,50,10,0.8440,3528.0,234.79,404.21,428.21,554.38,283.45,1077,984,1451,39743,41196,9364,31831,0,10,26936.8,39618184,41.1,96
n100k_d768_l2,100000,768,l2,correlated,0.0200,0.0200,2000,C_acorn_g4,acorn,ACORN,16,4,16,50,10,0.0400,42248.4,23.62,24.92,25.46,25.58,23.67,111,61,1582,1471,3054,2367,686,0,10,35004.5,18532104,24.2,40
n100k_d768_l2,100000,768,l2,correlated,0.0200,0.0200,2000,C_acorn_g8,acorn,ACORN,16,8,16,50,10,0.3100,9805.2,100.29,114.71,121.12,131.96,101.99,826,776,1339,1004,2345,1783,561,0,10,55273.2,20264200,24.3,40
n100k_d768_l2,100000,768,l2,correlated,0.0200,0.0200,2000,C_acorn_g16,acorn,ACORN,16,16,16,50,10,0.3140,9123.7,104.54,120.92,218.12,272.17,109.60,855,810,1636,1147,2784,1800,984,0,10,95724.5,23728392,24.3,40
n100k_d768_l2,100000,768,l2,correlated,0.0200,0.0200,2000,C_acorn_g32,acorn,ACORN,16,32,16,50,10,0.2840,8896.6,111.00,129.88,145.71,198.25,112.40,851,809,1730,1000,2731,1772,958,0,10,242975.0,30656776,24.3,40
n100k_d768_l2,100000,768,l2,correlated,0.0200,0.0200,2000,A_std_standard,std,STANDARD,16,1,32,100,10,0.0830,3505.1,276.83,330.79,440.58,1004.33,285.30,1503,1503,1503,0,1503,0,0,109,0,41699.6,14033032,25.8,32
n100k_d768_l2,100000,768,l2,correlated,0.0200,0.0200,2000,B_std_acorn1,std,ACORN,16,1,32,100,10,0.7670,3383.6,247.88,487.50,514.12,547.58,295.55,1282,1206,1587,21893,23482,6763,16719,0,10,41699.6,14033032,25.8,32
n100k_d768_l2,100000,768,l2,correlated,0.0200,0.0200,2000,D_large24_standard,large,STANDARD,24,1,48,100,10,0.0830,3346.7,301.79,330.38,377.33,379.29,298.80,1730,1730,1730,0,1730,0,0,107,0,36202.3,20424136,32.9,48
n100k_d768_l2,100000,768,l2,correlated,0.0200,0.0200,2000,E_large24_acorn1,large,ACORN,24,1,48,100,10,0.8770,2887.0,281.83,523.38,593.88,858.17,346.38,1184,1088,2253,43216,45470,11499,33970,0,10,36202.3,20424136,32.9,48
n100k_d768_l2,100000,768,l2,correlated,0.0200,0.0200,2000,D_large48_standard,large,STANDARD,48,1,96,100,10,0.0870,3072.1,330.04,354.62,373.88,397.62,325.51,1932,1932,1932,0,1932,0,0,106,0,26936.8,39618184,41.1,96
n100k_d768_l2,100000,768,l2,correlated,0.0200,0.0200,2000,E_large48_acorn1,large,ACORN,48,1,96,100,10,0.9020,2127.3,362.08,734.79,807.08,842.83,470.07,1236,1143,3270,79908,83180,21417,61762,0,10,26936.8,39618184,41.1,96
n100k_d768_l2,100000,768,l2,correlated,0.0200,0.0200,2000,C_acorn_g4,acorn,ACORN,16,4,16,100,10,0.0400,37533.4,26.71,27.79,28.21,29.79,26.64,111,61,1859,1770,3631,2854,776,0,10,35004.5,18532104,24.2,40
n100k_d768_l2,100000,768,l2,correlated,0.0200,0.0200,2000,C_acorn_g8,acorn,ACORN,16,8,16,100,10,0.3780,6454.1,153.71,167.88,188.04,195.21,154.94,1097,1047,2355,1945,4302,3455,846,0,10,55273.2,20264200,24.3,40
n100k_d768_l2,100000,768,l2,correlated,0.0200,0.0200,2000,C_acorn_g16,acorn,ACORN,16,16,16,100,10,0.4320,5754.9,160.79,252.79,393.42,453.83,173.76,1154,1109,2728,2727,5456,3551,1905,0,10,95724.5,23728392,24.3,40
n100k_d768_l2,100000,768,l2,correlated,0.0200,0.0200,2000,C_acorn_g32,acorn,ACORN,16,32,16,100,10,0.4090,5864.1,162.71,181.88,357.88,449.00,170.53,1160,1117,2796,2304,5101,3494,1607,0,10,242975.0,30656776,24.3,40
n100k_d768_l2,100000,768,l2,correlated,0.0200,0.0200,2000,A_std_standard,std,STANDARD,16,1,32,250,10,0.0860,2325.1,435.79,461.96,478.96,494.08,430.09,1924,1924,1924,0,1924,0,0,259,0,41699.6,14033032,25.8,32
n100k_d768_l2,100000,768,l2,correlated,0.0200,0.0200,2000,B_std_acorn1,std,ACORN,16,1,32,250,10,0.8680,1832.5,384.25,911.71,961.17,1082.04,545.71,1459,1383,5293,63586,68881,21791,47089,0,10,41699.6,14033032,25.8,32
n100k_d768_l2,100000,768,l2,correlated,0.0200,0.0200,2000,D_large24_standard,large,STANDARD,24,1,48,250,10,0.0900,2213.5,456.08,481.79,539.46,545.92,451.78,2038,2038,2038,0,2038,0,0,257,0,36202.3,20424136,32.9,48
n100k_d768_l2,100000,768,l2,correlated,0.0200,0.0200,2000,E_large24_acorn1,large,ACORN,24,1,48,250,10,0.9080,1436.7,446.92,1089.42,1120.79,1449.00,696.03,1345,1249,6890,111539,118431,35037,83393,0,10,36202.3,20424136,32.9,48
n100k_d768_l2,100000,768,l2,correlated,0.0200,0.0200,2000,D_large48_standard,large,STANDARD,48,1,96,250,10,0.0880,2196.0,462.00,478.92,497.67,500.21,455.37,2136,2136,2136,0,2136,0,0,255,0,26936.8,39618184,41.1,96
n100k_d768_l2,100000,768,l2,correlated,0.0200,0.0200,2000,E_large48_acorn1,large,ACORN,48,1,96,250,10,0.9170,995.6,699.88,1641.62,1675.25,1850.75,1004.45,1402,1309,9228,195656,204886,60491,144394,0,10,26936.8,39618184,41.1,96
n100k_d768_l2,100000,768,l2,correlated,0.0200,0.0200,2000,C_acorn_g4,acorn,ACORN,16,4,16,250,10,0.0400,37321.7,26.83,28.04,28.38,30.25,26.79,111,61,1859,1770,3631,2854,776,0,10,35004.5,18532104,24.2,40
n100k_d768_l2,100000,768,l2,correlated,0.0200,0.0200,2000,C_acorn_g8,acorn,ACORN,16,8,16,250,10,0.4730,3507.4,284.25,294.12,308.17,314.12,285.11,1436,1387,5618,4808,10428,8696,1731,0,10,55273.2,20264200,24.3,40
n100k_d768_l2,100000,768,l2,correlated,0.0200,0.0200,2000,C_acorn_g16,acorn,ACORN,16,16,16,250,10,0.7950,2574.4,312.04,615.42,633.29,854.75,388.44,1564,1519,6884,15120,22005,9912,12093,0,10,95724.5,23728392,24.3,40
n100k_d768_l2,100000,768,l2,correlated,0.0200,0.0200,2000,C_acorn_g32,acorn,ACORN,16,32,16,250,10,0.6460,2904.7,303.12,569.50,655.58,831.50,344.27,1550,1507,6456,9869,16326,9199,7126,0,10,242975.0,30656776,24.3,40
n100k_d768_l2,100000,768,l2,correlated,0.0200,0.0200,2000,A_std_standard,std,STANDARD,16,1,32,500,10,0.0910,1509.5,669.88,702.38,720.17,722.92,662.46,2056,2056,2056,0,2056,0,0,509,0,41699.6,14033032,25.8,32
n100k_d768_l2,100000,768,l2,correlated,0.0200,0.0200,2000,B_std_acorn1,std,ACORN,16,1,32,500,10,0.9010,1146.8,681.71,1317.75,1345.92,1373.25,871.96,1639,1563,10560,97642,108203,42862,65341,0,10,41699.6,14033032,25.8,32
n100k_d768_l2,100000,768,l2,correlated,0.0200,0.0200,2000,D_large24_standard,large,STANDARD,24,1,48,500,10,0.0910,1489.8,675.62,720.79,763.04,764.25,671.24,2097,2097,2097,0,2097,0,0,507,1,36202.3,20424136,32.9,48
n100k_d768_l2,100000,768,l2,correlated,0.0200,0.0200,2000,E_large24_acorn1,large,ACORN,24,1,48,500,10,0.9230,839.5,976.67,1730.96,1782.33,2075.75,1191.23,1931,1835,14361,172982,187345,72058,115287,0,10,36202.3,20424136,32.9,48
n100k_d768_l2,100000,768,l2,correlated,0.0200,0.0200,2000,D_large48_standard,large,STANDARD,48,1,96,500,10,0.0900,1471.9,686.50,716.58,737.42,738.88,679.39,2175,2175,2175,0,2175,0,0,505,1,26936.8,39618184,41.1,96
n100k_d768_l2,100000,768,l2,correlated,0.0200,0.0200,2000,E_large48_acorn1,large,ACORN,48,1,96,500,10,0.9230,603.0,1317.71,2500.71,2591.38,2806.42,1658.27,1952,1858,19015,302491,321507,122956,198551,0,10,26936.8,39618184,41.1,96
n100k_d768_l2,100000,768,l2,correlated,0.0200,0.0200,2000,C_acorn_g4,acorn,ACORN,16,4,16,500,10,0.0400,36933.9,27.04,28.50,30.17,30.38,27.08,111,61,1859,1770,3631,2854,776,0,10,35004.5,18532104,24.2,40
n100k_d768_l2,100000,768,l2,correlated,0.0200,0.0200,2000,C_acorn_g8,acorn,ACORN,16,8,16,500,10,0.4970,1944.3,512.96,524.38,545.83,554.04,514.32,1554,1505,11520,10777,22299,18749,3549,0,10,55273.2,20264200,24.3,40
n100k_d768_l2,100000,768,l2,correlated,0.0200,0.0200,2000,C_acorn_g16,acorn,ACORN,16,16,16,500,10,0.9030,1546.6,570.50,845.54,1010.58,1089.75,646.60,1767,1722,12104,26132,38238,18380,19857,0,10,95724.5,23728392,24.3,40
n100k_d768_l2,100000,768,l2,correlated,0.0200,0.0200,2000,C_acorn_g32,acorn,ACORN,16,32,16,500,10,0.7950,1593.1,547.12,955.46,999.21,1140.62,627.71,1751,1708,12408,21850,34259,18967,15292,0,10,242975.0,30656776,24.3,40
n100k_d768_l2,100000,768,l2,correlated,0.0200,0.0200,2000,F_exact,exact,EXACT,16,0,0,0,100,1.0000,2758.8,362.17,366.50,368.42,371.92,362.48,2000,0,0,0,100000,0,0,0,100,0.0,0,0.0,0
n100k_d768_l2,100000,768,l2,correlated,0.0200,0.0200,2000,A_std_standard,std,STANDARD,16,1,32,50,100,0.0575,5484.9,184.62,197.58,202.17,206.92,182.32,1084,1084,1084,0,1084,0,0,60,8,41699.6,14033032,25.8,32
n100k_d768_l2,100000,768,l2,correlated,0.0200,0.0200,2000,B_std_acorn1,std,ACORN,16,1,32,50,100,0.6574,5418.5,158.67,319.12,344.62,393.88,184.55,1010,934,662,9232,9896,3008,6888,0,100,41699.6,14033032,25.8,32
n100k_d768_l2,100000,768,l2,correlated,0.0200,0.0200,2000,D_large24_standard,large,STANDARD,24,1,48,50,100,0.0618,4627.9,217.08,233.04,288.25,291.00,216.08,1324,1324,1324,0,1324,0,0,58,8,36202.3,20424136,32.9,48
n100k_d768_l2,100000,768,l2,correlated,0.0200,0.0200,2000,E_large24_acorn1,large,ACORN,24,1,48,50,100,0.8188,4502.0,195.12,291.92,390.00,579.42,222.12,985,890,956,19833,20790,5077,15712,0,100,36202.3,20424136,32.9,48
n100k_d768_l2,100000,768,l2,correlated,0.0200,0.0200,2000,D_large48_standard,large,STANDARD,48,1,96,50,100,0.0707,4067.8,248.92,261.83,266.83,269.21,245.84,1587,1587,1587,0,1587,0,0,56,8,26936.8,39618184,41.1,96
n100k_d768_l2,100000,768,l2,correlated,0.0200,0.0200,2000,E_large48_acorn1,large,ACORN,48,1,96,50,100,0.8900,3304.7,267.58,417.58,440.71,548.50,302.60,1077,984,1451,39743,41196,9364,31831,0,100,26936.8,39618184,41.1,96
n100k_d768_l2,100000,768,l2,correlated,0.0200,0.0200,2000,C_acorn_g4,acorn,ACORN,16,4,16,50,100,0.0210,39054.2,25.75,26.88,27.33,27.79,25.61,111,61,1582,1471,3054,2367,686,0,61,35004.5,18532104,24.2,40
n100k_d768_l2,100000,768,l2,correlated,0.0200,0.0200,2000,C_acorn_g8,acorn,ACORN,16,8,16,50,100,0.2967,8358.2,118.29,134.04,140.08,151.50,119.64,826,776,1339,1004,2345,1783,561,0,100,55273.2,20264200,24.3,40
n100k_d768_l2,100000,768,l2,correlated,0.0200,0.0200,2000,C_acorn_g16,acorn,ACORN,16,16,16,50,100,0.3205,7751.7,123.25,145.21,294.04,294.71,129.00,855,810,1636,1147,2784,1800,984,0,100,95724.5,23728392,24.3,40
n100k_d768_l2,100000,768,l2,correlated,0.0200,0.0200,2000,C_acorn_g32,acorn,ACORN,16,32,16,50,100,0.2994,8109.6,122.42,137.75,141.79,145.83,123.31,851,809,1730,1000,2731,1772,958,0,100,242975.0,30656776,24.3,40
n100k_d768_l2,100000,768,l2,correlated,0.0200,0.0200,2000,A_std_standard,std,STANDARD,16,1,32,100,100,0.0702,3828.9,264.50,280.00,291.62,293.17,261.17,1503,1503,1503,0,1503,0,0,109,8,41699.6,14033032,25.8,32
n100k_d768_l2,100000,768,l2,correlated,0.0200,0.0200,2000,B_std_acorn1,std,ACORN,16,1,32,100,100,0.8300,3575.2,222.96,476.17,506.75,514.12,279.71,1282,1206,1587,21893,23482,6763,16719,0,100,41699.6,14033032,25.8,32
n100k_d768_l2,100000,768,l2,correlated,0.0200,0.0200,2000,D_large24_standard,large,STANDARD,24,1,48,100,100,0.0744,3402.8,297.00,317.83,369.62,371.58,293.88,1730,1730,1730,0,1730,0,0,107,8,36202.3,20424136,32.9,48
n100k_d768_l2,100000,768,l2,correlated,0.0200,0.0200,2000,E_large24_acorn1,large,ACORN,24,1,48,100,100,0.9260,2882.3,270.12,505.79,558.21,805.96,346.94,1184,1088,2253,43216,45470,11499,33970,0,100,36202.3,20424136,32.9,48
n100k_d768_l2,100000,768,l2,correlated,0.0200,0.0200,2000,D_large48_standard,large,STANDARD,48,1,96,100,100,0.0789,3145.3,321.42,338.71,349.17,349.75,317.93,1932,1932,1932,0,1932,0,0,106,8,26936.8,39618184,41.1,96
n100k_d768_l2,100000,768,l2,correlated,0.0200,0.0200,2000,E_large48_acorn1,large,ACORN,48,1,96,100,100,0.9582,2082.3,342.71,746.38,818.08,851.00,480.24,1236,1143,3270,79908,83180,21417,61762,0,100,26936.8,39618184,41.1,96
n100k_d768_l2,100000,768,l2,correlated,0.0200,0.0200,2000,C_acorn_g4,acorn,ACORN,16,4,16,100,100,0.0210,35999.2,27.88,29.04,30.50,33.00,27.78,111,61,1859,1770,3631,2854,776,0,61,35004.5,18532104,24.2,40
n100k_d768_l2,100000,768,l2,correlated,0.0200,0.0200,2000,C_acorn_g8,acorn,ACORN,16,8,16,100,100,0.3905,6115.4,162.12,178.71,197.33,198.71,163.52,1097,1047,2355,1945,4302,3455,846,0,100,55273.2,20264200,24.3,40
n100k_d768_l2,100000,768,l2,correlated,0.0200,0.0200,2000,C_acorn_g16,acorn,ACORN,16,16,16,100,100,0.4633,5503.1,168.38,265.67,389.46,472.46,181.72,1154,1109,2728,2727,5456,3551,1905,0,100,95724.5,23728392,24.3,40
n100k_d768_l2,100000,768,l2,correlated,0.0200,0.0200,2000,C_acorn_g32,acorn,ACORN,16,32,16,100,100,0.4372,5623.9,170.00,191.08,375.62,426.08,177.81,1160,1117,2796,2304,5101,3494,1607,0,100,242975.0,30656776,24.3,40
n100k_d768_l2,100000,768,l2,correlated,0.0200,0.0200,2000,A_std_standard,std,STANDARD,16,1,32,250,100,0.0790,2328.5,434.58,462.04,472.33,475.67,429.47,1924,1924,1924,0,1924,0,0,259,8,41699.6,14033032,25.8,32
n100k_d768_l2,100000,768,l2,correlated,0.0200,0.0200,2000,B_std_acorn1,std,ACORN,16,1,32,250,100,0.9432,1787.4,400.17,933.92,964.33,1097.62,559.47,1459,1383,5293,63586,68881,21791,47089,0,100,41699.6,14033032,25.8,32
n100k_d768_l2,100000,768,l2,correlated,0.0200,0.0200,2000,D_large24_standard,large,STANDARD,24,1,48,250,100,0.0809,2204.8,460.29,480.88,537.92,544.33,453.56,2038,2038,2038,0,2038,0,0,257,8,36202.3,20424136,32.9,48
n100k_d768_l2,100000,768,l2,correlated,0.0200,0.0200,2000,E_large24_acorn1,large,ACORN,24,1,48,250,100,0.9748,1404.9,469.83,1090.58,1128.25,1488.46,711.79,1345,1249,6890,111539,118431,35037,83393,0,100,36202.3,20424136,32.9,48
n100k_d768_l2,100000,768,l2,correlated,0.0200,0.0200,2000,D_large48_standard,large,STANDARD,48,1,96,250,100,0.0811,2178.0,466.12,489.88,504.12,507.08,459.14,2136,2136,2136,0,2136,0,0,255,8,26936.8,39618184,41.1,96
n100k_d768_l2,100000,768,l2,correlated,0.0200,0.0200,2000,E_large48_acorn1,large,ACORN,48,1,96,250,100,0.9875,988.3,711.96,1650.88,1675.62,1868.29,1011.86,1402,1309,9228,195656,204886,60491,144394,0,100,26936.8,39618184,41.1,96
n100k_d768_l2,100000,768,l2,correlated,0.0200,0.0200,2000,C_acorn_g4,acorn,ACORN,16,4,16,250,100,0.0210,35982.6,27.79,29.00,30.38,32.67,27.79,111,61,1859,1770,3631,2854,776,0,61,35004.5,18532104,24.2,40
n100k_d768_l2,100000,768,l2,correlated,0.0200,0.0200,2000,C_acorn_g8,acorn,ACORN,16,8,16,250,100,0.4905,3369.7,295.71,307.29,312.08,325.50,296.76,1436,1387,5618,4808,10428,8696,1731,0,100,55273.2,20264200,24.3,40
n100k_d768_l2,100000,768,l2,correlated,0.0200,0.0200,2000,C_acorn_g16,acorn,ACORN,16,16,16,250,100,0.8409,2514.2,321.33,621.17,642.54,877.88,397.74,1564,1519,6884,15120,22005,9912,12093,0,100,95724.5,23728392,24.3,40
n100k_d768_l2,100000,768,l2,correlated,0.0200,0.0200,2000,C_acorn_g32,acorn,ACORN,16,32,16,250,100,0.6880,2797.8,315.33,590.04,668.46,844.96,357.43,1550,1507,6456,9869,16326,9199,7126,0,100,242975.0,30656776,24.3,40
n100k_d768_l2,100000,768,l2,correlated,0.0200,0.0200,2000,A_std_standard,std,STANDARD,16,1,32,500,100,0.0811,1494.0,675.71,712.58,723.92,726.25,669.33,2056,2056,2056,0,2056,0,0,509,8,41699.6,14033032,25.8,32
n100k_d768_l2,100000,768,l2,correlated,0.0200,0.0200,2000,B_std_acorn1,std,ACORN,16,1,32,500,100,0.9687,1124.9,698.17,1338.04,1362.79,1400.62,888.98,1639,1563,10560,97642,108203,42862,65341,0,100,41699.6,14033032,25.8,32
n100k_d768_l2,100000,768,l2,correlated,0.0200,0.0200,2000,D_large24_standard,large,STANDARD,24,1,48,500,100,0.0816,1462.3,690.29,728.67,770.17,807.50,683.83,2097,2097,2097,0,2097,0,0,507,8,36202.3,20424136,32.9,48
n100k_d768_l2,100000,768,l2,correlated,0.0200,0.0200,2000,E_large24_acorn1,large,ACORN,24,1,48,500,100,0.9899,829.5,988.92,1722.96,1791.38,2230.17,1205.55,1931,1835,14361,172982,187345,72058,115287,0,100,36202.3,20424136,32.9,48
n100k_d768_l2,100000,768,l2,correlated,0.0200,0.0200,2000,D_large48_standard,large,STANDARD,48,1,96,500,100,0.0826,1452.0,695.29,726.46,735.33,742.96,688.71,2175,2175,2175,0,2175,0,0,505,8,26936.8,39618184,41.1,96
n100k_d768_l2,100000,768,l2,correlated,0.0200,0.0200,2000,E_large48_acorn1,large,ACORN,48,1,96,500,100,0.9908,600.4,1329.96,2505.38,2512.58,2817.54,1665.58,1952,1858,19015,302491,321507,122956,198551,0,100,26936.8,39618184,41.1,96
n100k_d768_l2,100000,768,l2,correlated,0.0200,0.0200,2000,C_acorn_g4,acorn,ACORN,16,4,16,500,100,0.0210,35875.6,28.00,29.08,30.25,33.83,27.87,111,61,1859,1770,3631,2854,776,0,61,35004.5,18532104,24.2,40
n100k_d768_l2,100000,768,l2,correlated,0.0200,0.0200,2000,C_acorn_g8,acorn,ACORN,16,8,16,500,100,0.5212,1893.0,527.33,539.17,550.75,561.04,528.26,1554,1505,11520,10777,22299,18749,3549,0,100,55273.2,20264200,24.3,40
n100k_d768_l2,100000,768,l2,correlated,0.0200,0.0200,2000,C_acorn_g16,acorn,ACORN,16,16,16,500,100,0.9610,1503.3,584.50,862.33,1028.75,1089.67,665.21,1767,1722,12104,26132,38238,18380,19857,0,100,95724.5,23728392,24.3,40
n100k_d768_l2,100000,768,l2,correlated,0.0200,0.0200,2000,C_acorn_g32,acorn,ACORN,16,32,16,500,100,0.8497,1536.2,565.25,992.83,1152.71,1170.04,650.94,1751,1708,12408,21850,34259,18967,15292,0,100,242975.0,30656776,24.3,40
n100k_d768_l2,100000,768,l2,correlated,0.0100,0.0100,1000,F_exact,exact,EXACT,16,0,0,0,10,1.0000,4382.8,227.42,231.58,239.96,252.83,228.17,1000,0,0,0,100000,0,0,0,10,0.0,0,0.0,0
n100k_d768_l2,100000,768,l2,correlated,0.0100,0.0100,1000,A_std_standard,std,STANDARD,16,1,32,50,10,0.0550,5866.1,172.50,186.33,192.58,193.75,170.47,1084,1084,1084,0,1084,0,0,60,0,41699.6,14033032,25.8,32
n100k_d768_l2,100000,768,l2,correlated,0.0100,0.0100,1000,B_std_acorn1,std,ACORN,16,1,32,50,10,0.5900,6886.3,144.21,157.25,167.96,172.54,145.22,912,848,615,5702,6318,2837,3481,0,10,41699.6,14033032,25.8,32
n100k_d768_l2,100000,768,l2,correlated,0.0100,0.0100,1000,D_large24_standard,large,STANDARD,24,1,48,50,10,0.0750,4906.8,204.29,219.17,274.88,277.83,203.80,1324,1324,1324,0,1324,0,0,58,0,36202.3,20424136,32.9,48
n100k_d768_l2,100000,768,l2,correlated,0.0100,0.0100,1000,E_large24_acorn1,large,ACORN,24,1,48,50,10,0.6410,5235.0,190.38,211.12,221.38,232.46,191.02,1012,944,875,11514,12390,5643,6747,0,10,36202.3,20424136,32.9,48
n100k_d768_l2,100000,768,l2,correlated,0.0100,0.0100,1000,D_large48_standard,large,STANDARD,48,1,96,50,10,0.0780,4281.0,236.21,250.42,259.25,273.62,233.59,1587,1587,1587,0,1587,0,0,56,0,26936.8,39618184,41.1,96
n100k_d768_l2,100000,768,l2,correlated,0.0100,0.0100,1000,E_large48_acorn1,large,ACORN,48,1,96,50,10,0.6620,2987.5,335.33,384.21,391.12,404.12,334.72,1059,982,1584,36298,37883,16270,21612,0,10,26936.8,39618184,41.1,96
n100k_d768_l2,100000,768,l2,correlated,0.0100,0.0100,1000,C_acorn_g4,acorn,ACORN,16,4,16,50,10,0.4670,9949.3,99.50,112.88,122.38,122.71,100.51,667,623,1344,2114,3459,1673,1785,0,10,35004.5,18532104,24.2,40
n100k_d768_l2,100000,768,l2,correlated,0.0100,0.0100,1000,C_acorn_g8,acorn,ACORN,16,8,16,50,10,0.4880,9722.7,101.33,114.17,120.21,124.00,102.85,687,641,1547,2175,3724,1703,2021,0,10,55273.2,20264200,24.3,40
n100k_d768_l2,100000,768,l2,correlated,0.0100,0.0100,1000,C_acorn_g16,acorn,ACORN,16,16,16,50,10,0.5090,9707.3,102.04,113.83,121.12,121.50,103.02,685,639,1702,2185,3889,1705,2183,0,10,95724.5,23728392,24.3,40
n100k_d768_l2,100000,768,l2,correlated,0.0100,0.0100,1000,C_acorn_g32,acorn,ACORN,16,32,16,50,10,0.5110,9832.6,100.83,113.50,122.42,127.42,101.70,666,630,1927,2185,4113,1689,2424,0,10,242975.0,30656776,24.3,40
n100k_d768_l2,100000,768,l2,correlated,0.0100,0.0100,1000,A_std_standard,std,STANDARD,16,1,32,100,10,0.0700,3853.7,263.29,278.92,289.75,292.88,259.49,1503,1503,1503,0,1503,0,0,109,0,41699.6,14033032,25.8,32
n100k_d768_l2,100000,768,l2,correlated,0.0100,0.0100,1000,B_std_acorn1,std,ACORN,16,1,32,100,10,0.6570,3702.5,269.58,291.00,301.88,306.75,270.08,1036,973,1733,19915,21650,10206,11444,0,10,41699.6,14033032,25.8,32
n100k_d768_l2,100000,768,l2,correlated,0.0100,0.0100,1000,D_large24_standard,large,STANDARD,24,1,48,100,10,0.0840,3421.0,294.96,312.96,366.88,370.38,292.31,1730,1730,1730,0,1730,0,0,107,0,36202.3,20424136,32.9,48
n100k_d768_l2,100000,768,l2,correlated,0.0100,0.0100,1000,E_large24_acorn1,large,ACORN,24,1,48,100,10,0.6560,2572.4,388.33,425.08,436.50,448.67,388.75,1049,981,2465,39340,41806,19698,22108,0,10,36202.3,20424136,32.9,48
n100k_d768_l2,100000,768,l2,correlated,0.0100,0.0100,1000,D_large48_standard,large,STANDARD,48,1,96,100,10,0.0890,3165.6,320.29,337.58,347.83,351.21,315.90,1932,1932,1932,0,1932,0,0,106,0,26936.8,39618184,41.1,96
n100k_d768_l2,100000,768,l2,correlated,0.0100,0.0100,1000,E_large48_acorn1,large,ACORN,48,1,96,100,10,0.6620,1506.8,661.88,720.50,807.79,829.92,663.67,1062,985,3669,86953,90624,41193,49430,0,10,26936.8,39618184,41.1,96
n100k_d768_l2,100000,768,l2,correlated,0.0100,0.0100,1000,C_acorn_g4,acorn,ACORN,16,4,16,100,10,0.5610,6370.4,154.83,173.42,179.00,185.50,156.98,849,804,2426,4365,6793,3359,3434,0,10,35004.5,18532104,24.2,40
n100k_d768_l2,100000,768,l2,correlated,0.0100,0.0100,1000,C_acorn_g8,acorn,ACORN,16,8,16,100,10,0.5830,6230.0,159.04,172.71,181.92,184.00,160.51,869,823,2644,4542,7187,3430,3756,0,10,55273.2,20264200,24.3,40
n100k_d768_l2,100000,768,l2,correlated,0.0100,0.0100,1000,C_acorn_g16,acorn,ACORN,16,16,16,100,10,0.5940,6192.5,160.12,175.46,179.54,193.58,161.48,871,826,2785,4558,7345,3427,3917,0,10,95724.5,23728392,24.3,40
n100k_d768_l2,100000,768,l2,correlated,0.0100,0.0100,1000,C_acorn_g32,acorn,ACORN,16,32,16,100,10,0.6110,6299.2,157.25,174.62,183.88,185.21,158.75,850,815,3008,4475,7484,3372,4111,0,10,242975.0,30656776,24.3,40
n100k_d768_l2,100000,768,l2,correlated,0.0100,0.0100,1000,A_std_standard,std,STANDARD,16,1,32,250,10,0.0850,2309.5,439.83,466.83,477.25,477.46,433.00,1924,1924,1924,0,1924,0,0,259,0,41699.6,14033032,25.8,32
n100k_d768_l2,100000,768,l2,correlated,0.0100,0.0100,1000,B_std_acorn1,std,ACORN,16,1,32,250,10,0.6620,1499.0,662.92,707.38,738.96,747.58,667.13,1048,984,5568,73086,78656,37526,41129,0,10,41699.6,14033032,25.8,32
n100k_d768_l2,100000,768,l2,correlated,0.0100,0.0100,1000,D_large24_standard,large,STANDARD,24,1,48,250,10,0.0930,2239.1,452.21,482.46,531.50,537.71,446.61,2038,2038,2038,0,2038,0,0,257,0,36202.3,20424136,32.9,48
n100k_d768_l2,100000,768,l2,correlated,0.0100,0.0100,1000,E_large24_acorn1,large,ACORN,24,1,48,250,10,0.6570,1000.7,992.50,1070.08,1083.50,1089.42,999.28,1051,982,7433,128385,135819,64562,71256,0,10,36202.3,20424136,32.9,48
n100k_d768_l2,100000,768,l2,correlated,0.0100,0.0100,1000,D_large48_standard,large,STANDARD,48,1,96,250,10,0.0930,2203.7,460.21,479.00,499.50,503.50,453.79,2136,2136,2136,0,2136,0,0,255,0,26936.8,39618184,41.1,96
n100k_d768_l2,100000,768,l2,correlated,0.0100,0.0100,1000,E_large48_acorn1,large,ACORN,48,1,96,250,10,0.6620,604.9,1651.12,1745.50,1936.50,1947.33,1653.25,1063,985,9878,239455,249334,116173,133160,0,10,26936.8,39618184,41.1,96
n100k_d768_l2,100000,768,l2,correlated,0.0100,0.0100,1000,C_acorn_g4,acorn,ACORN,16,4,16,250,10,0.6410,3216.7,308.67,337.58,340.67,342.62,310.88,993,949,5859,13580,19440,9677,9763,0,10,35004.5,18532104,24.2,40
n100k_d768_l2,100000,768,l2,correlated,0.0100,0.0100,1000,C_acorn_g8,acorn,ACORN,16,8,16,250,10,0.6520,3142.6,316.46,336.67,348.00,361.12,318.21,1001,955,6152,14556,20710,10108,10601,0,10,55273.2,20264200,24.3,40
n100k_d768_l2,100000,768,l2,correlated,0.0100,0.0100,1000,C_acorn_g16,acorn,ACORN,16,16,16,250,10,0.6550,3128.7,318.62,336.83,345.50,345.83,319.62,1007,961,6277,14520,20798,10076,10722,0,10,95724.5,23728392,24.3,40
n100k_d768_l2,100000,768,l2,correlated,0.0100,0.0100,1000,C_acorn_g32,acorn,ACORN,16,32,16,250,10,0.6550,3164.0,313.54,339.42,344.25,347.75,316.05,991,955,6479,14020,20500,9820,10680,0,10,242975.0,30656776,24.3,40
n100k_d768_l2,100000,768,l2,correlated,0.0100,0.0100,1000,A_std_standard,std,STANDARD,16,1,32,500,10,0.0930,1487.9,683.29,715.04,733.71,736.21,672.10,2056,2056,2056,0,2056,0,0,509,0,41699.6,14033032,25.8,32
n100k_d768_l2,100000,768,l2,correlated,0.0100,0.0100,1000,B_std_acorn1,std,ACORN,16,1,32,500,10,0.6620,724.9,1377.12,1425.96,1445.46,1480.54,1379.50,1048,985,11962,161861,173824,82937,90886,0,10,41699.6,14033032,25.8,32
n100k_d768_l2,100000,768,l2,correlated,0.0100,0.0100,1000,D_large24_standard,large,STANDARD,24,1,48,500,10,0.0940,1498.5,672.04,716.62,765.96,770.38,667.32,2097,2097,2097,0,2097,0,0,507,0,36202.3,20424136,32.9,48
n100k_d768_l2,100000,768,l2,correlated,0.0100,0.0100,1000,E_large24_acorn1,large,ACORN,24,1,48,500,10,0.6570,486.3,2052.83,2101.33,2168.25,2172.42,2056.32,1051,982,15587,274094,289682,137817,151865,0,10,36202.3,20424136,32.9,48
n100k_d768_l2,100000,768,l2,correlated,0.0100,0.0100,1000,D_large48_standard,large,STANDARD,48,1,96,500,10,0.0930,1457.9,694.38,725.08,734.92,783.08,685.91,2175,2175,2175,0,2175,0,0,505,1,26936.8,39618184,41.1,96
n100k_d768_l2,100000,768,l2,correlated,0.0100,0.0100,1000,E_large48_acorn1,large,ACORN,48,1,96,500,10,0.6620,299.7,3330.54,3462.25,3637.33,3726.21,3336.25,1063,986,20154,491801,511956,240123,271833,0,10,26936.8,39618184,41.1,96
n100k_d768_l2,100000,768,l2,correlated,0.0100,0.0100,1000,C_acorn_g4,acorn,ACORN,16,4,16,500,10,0.6620,1613.0,617.04,648.67,653.62,660.62,619.95,1025,981,11761,33882,45644,22651,22993,0,10,35004.5,18532104,24.2,40
n100k_d768_l2,100000,768,l2,correlated,0.0100,0.0100,1000,C_acorn_g8,acorn,ACORN,16,8,16,500,10,0.6610,1584.3,630.50,655.50,668.75,682.50,631.18,1027,981,12122,35888,48012,23491,24520,0,10,55273.2,20264200,24.3,40
n100k_d768_l2,100000,768,l2,correlated,0.0100,0.0100,1000,C_acorn_g16,acorn,ACORN,16,16,16,500,10,0.6610,1566.2,637.12,660.62,666.25,682.83,638.50,1029,983,12297,36470,48768,23799,24969,0,10,95724.5,23728392,24.3,40
n100k_d768_l2,100000,768,l2,correlated,0.0100,0.0100,1000,C_acorn_g32,acorn,ACORN,16,32,16,500,10,0.6620,1590.0,627.08,654.04,660.83,662.58,628.94,1017,982,12432,34983,47416,23054,24361,0,10,242975.0,30656776,24.3,40
n100k_d768_l2,100000,768,l2,correlated,0.0050,0.0050,500,F_exact,exact,EXACT,16,0,0,0,10,1.0000,6047.4,165.00,168.17,169.29,170.83,165.36,500,0,0,0,100000,0,0,0,10,0.0,0,0.0,0
n100k_d768_l2,100000,768,l2,correlated,0.0050,0.0050,500,A_std_standard,std,STANDARD,16,1,32,50,10,0.0240,5814.5,173.17,188.12,192.17,226.17,171.99,1084,1084,1084,0,1084,0,0,60,0,41699.6,14033032,25.8,32
n100k_d768_l2,100000,768,l2,correlated,0.0050,0.0050,500,B_std_acorn1,std,ACORN,16,1,32,50,10,0.0000,241666.1,4.08,4.46,5.00,12.83,4.14,1,1,62,1282,1345,0,1345,0,0,41699.6,14033032,25.8,32
n100k_d768_l2,100000,768,l2,correlated,0.0050,0.0050,500,D_large24_standard,large,STANDARD,24,1,48,50,10,0.0250,4896.2,205.33,221.62,273.38,279.00,204.24,1324,1324,1324,0,1324,0,0,58,0,36202.3,20424136,32.9,48
n100k_d768_l2,100000,768,l2,correlated,0.0050,0.0050,500,E_large24_acorn1,large,ACORN,24,1,48,50,10,0.0000,216743.4,4.58,4.83,4.88,4.96,4.61,1,1,71,1620,1692,0,1692,0,0,36202.3,20424136,32.9,48
n100k_d768_l2,100000,768,l2,correlated,0.0050,0.0050,500,D_large48_standard,large,STANDARD,48,1,96,50,10,0.0290,4279.8,236.71,250.75,253.92,257.83,233.66,1587,1587,1587,0,1587,0,0,56,0,26936.8,39618184,41.1,96
n100k_d768_l2,100000,768,l2,correlated,0.0050,0.0050,500,E_large48_acorn1,large,ACORN,48,1,96,50,10,1.0000,2822.3,353.21,382.92,410.25,448.08,354.32,540,499,1906,67897,69804,15879,53924,0,10,26936.8,39618184,41.1,96
n100k_d768_l2,100000,768,l2,correlated,0.0050,0.0050,500,C_acorn_g4,acorn,ACORN,16,4,16,50,10,0.0000,422523.9,2.33,2.62,2.79,2.83,2.37,1,1,176,273,450,0,450,0,0,35004.5,18532104,24.2,40
n100k_d768_l2,100000,768,l2,correlated,0.0050,0.0050,500,C_acorn_g8,acorn,ACORN,16,8,16,50,10,0.7800,12066.3,82.00,93.25,99.25,101.42,82.88,421,382,1576,4439,6016,1527,4488,0,10,55273.2,20264200,24.3,40
n100k_d768_l2,100000,768,l2,correlated,0.0050,0.0050,500,C_acorn_g16,acorn,ACORN,16,16,16,50,10,0.8410,11663.0,85.17,97.17,106.67,112.17,85.74,440,401,1815,4314,6130,1520,4609,0,10,95724.5,23728392,24.3,40
n100k_d768_l2,100000,768,l2,correlated,0.0050,0.0050,500,C_acorn_g32,acorn,ACORN,16,32,16,50,10,0.8420,11561.6,85.67,94.71,104.92,109.42,86.49,440,403,1972,4344,6317,1507,4810,0,10,242975.0,30656776,24.3,40
n100k_d768_l2,100000,768,l2,correlated,0.0050,0.0050,500,A_std_standard,std,STANDARD,16,1,32,100,10,0.0290,3860.9,263.17,276.79,293.00,296.96,259.01,1503,1503,1503,0,1503,0,0,109,0,41699.6,14033032,25.8,32
n100k_d768_l2,100000,768,l2,correlated,0.0050,0.0050,500,B_std_acorn1,std,ACORN,16,1,32,100,10,0.0000,269088.5,3.67,4.00,4.08,4.08,3.72,1,1,62,1282,1345,0,1345,0,0,41699.6,14033032,25.8,32
n100k_d768_l2,100000,768,l2,correlated,0.0050,0.0050,500,D_large24_standard,large,STANDARD,24,1,48,100,10,0.0290,3431.3,294.04,319.04,366.54,373.33,291.43,1730,1730,1730,0,1730,0,0,107,0,36202.3,20424136,32.9,48
n100k_d768_l2,100000,768,l2,correlated,0.0050,0.0050,500,E_large24_acorn1,large,ACORN,24,1,48,100,10,0.0000,223318.5,4.42,4.67,4.75,4.83,4.48,1,1,71,1620,1692,0,1692,0,0,36202.3,20424136,32.9,48
n100k_d768_l2,100000,768,l2,correlated,0.0050,0.0050,500,D_large48_standard,large,STANDARD,48,1,96,100,10,0.0300,3167.0,321.46,338.00,347.46,359.92,315.75,1932,1932,1932,0,1932,0,0,106,0,26936.8,39618184,41.1,96
n100k_d768_l2,100000,768,l2,correlated,0.0050,0.0050,500,E_large48_acorn1,large,ACORN,48,1,96,100,10,1.0000,1437.7,691.71,735.88,807.67,824.92,695.55,540,500,3966,145074,149042,34843,114198,0,10,26936.8,39618184,41.1,96
n100k_d768_l2,100000,768,l2,correlated,0.0050,0.0050,500,C_acorn_g4,acorn,ACORN,16,4,16,100,10,0.0000,404796.0,2.42,2.79,2.79,2.96,2.47,1,1,176,273,450,0,450,0,0,35004.5,18532104,24.2,40
n100k_d768_l2,100000,768,l2,correlated,0.0050,0.0050,500,C_acorn_g8,acorn,ACORN,16,8,16,100,10,0.8530,7323.4,135.79,148.21,156.25,156.96,136.55,476,438,2781,9951,12733,3290,9442,0,10,55273.2,20264200,24.3,40
n100k_d768_l2,100000,768,l2,correlated,0.0050,0.0050,500,C_acorn_g16,acorn,ACORN,16,16,16,100,10,0.9390,7178.2,138.50,153.54,165.38,169.88,139.31,506,468,2991,9530,12522,3218,9304,0,10,95724.5,23728392,24.3,40
n100k_d768_l2,100000,768,l2,correlated,0.0050,0.0050,500,C_acorn_g32,acorn,ACORN,16,32,16,100,10,0.9500,7159.4,138.33,151.29,163.79,166.79,139.68,505,468,3149,9500,12650,3174,9476,0,10,242975.0,30656776,24.3,40
n100k_d768_l2,100000,768,l2,correlated,0.0050,0.0050,500,A_std_standard,std,STANDARD,16,1,32,250,10,0.0300,2327.4,436.75,456.79,473.21,480.08,429.65,1924,1924,1924,0,1924,0,0,259,0,41699.6,14033032,25.8,32
n100k_d768_l2,100000,768,l2,correlated,0.0050,0.0050,500,B_std_acorn1,std,ACORN,16,1,32,250,10,0.0000,282424.4,3.50,3.71,3.79,4.38,3.54,1,1,62,1282,1345,0,1345,0,0,41699.6,14033032,25.8,32
n100k_d768_l2,100000,768,l2,correlated,0.0050,0.0050,500,D_large24_standard,large,STANDARD,24,1,48,250,10,0.0300,2232.7,453.29,483.58,531.88,534.17,447.89,2038,2038,2038,0,2038,0,0,257,0,36202.3,20424136,32.9,48
n100k_d768_l2,100000,768,l2,correlated,0.0050,0.0050,500,E_large24_acorn1,large,ACORN,24,1,48,250,10,0.0000,213923.4,4.62,4.96,5.04,5.25,4.67,1,1,71,1620,1692,0,1692,0,0,36202.3,20424136,32.9,48
n100k_d768_l2,100000,768,l2,correlated,0.0050,0.0050,500,D_large48_standard,large,STANDARD,48,1,96,250,10,0.0300,2178.8,465.42,491.54,501.00,520.00,458.97,2136,2136,2136,0,2136,0,0,255,0,26936.8,39618184,41.1,96
n100k_d768_l2,100000,768,l2,correlated,0.0050,0.0050,500,E_large48_acorn1,large,ACORN,48,1,96,250,10,1.0000,583.3,1708.58,1779.42,1871.83,1878.71,1714.50,540,500,10147,375276,385424,91489,293935,0,10,26936.8,39618184,41.1,96
n100k_d768_l2,100000,768,l2,correlated,0.0050,0.0050,500,C_acorn_g4,acorn,ACORN,16,4,16,250,10,0.0000,406091.4,2.38,2.96,3.38,3.42,2.46,1,1,176,273,450,0,450,0,0,35004.5,18532104,24.2,40
n100k_d768_l2,100000,768,l2,correlated,0.0050,0.0050,500,C_acorn_g8,acorn,ACORN,16,8,16,250,10,0.8760,3298.1,303.96,313.04,325.29,331.92,303.21,495,456,6477,30479,36957,9607,27349,0,10,55273.2,20264200,24.3,40
n100k_d768_l2,100000,768,l2,correlated,0.0050,0.0050,500,C_acorn_g16,acorn,ACORN,16,16,16,250,10,0.9630,3275.1,305.12,321.17,331.08,337.50,305.33,533,494,6620,29055,35677,9326,26350,0,10,95724.5,23728392,24.3,40
n100k_d768_l2,100000,768,l2,correlated,0.0050,0.0050,500,C_acorn_g32,acorn,ACORN,16,32,16,250,10,0.9670,3247.6,307.96,319.75,326.08,344.96,307.92,532,495,6794,29507,36302,9353,26949,0,10,242975.0,30656776,24.3,40
n100k_d768_l2,100000,768,l2,correlated,0.0050,0.0050,500,A_std_standard,std,STANDARD,16,1,32,500,10,0.0300,1483.9,682.71,717.38,732.50,734.79,673.92,2056,2056,2056,0,2056,0,0,509,0,41699.6,14033032,25.8,32
n100k_d768_l2,100000,768,l2,correlated,0.0050,0.0050,500,B_std_acorn1,std,ACORN,16,1,32,500,10,0.0000,254668.1,3.79,5.42,5.50,5.54,3.93,1,1,62,1282,1345,0,1345,0,0,41699.6,14033032,25.8,32
n100k_d768_l2,100000,768,l2,correlated,0.0050,0.0050,500,D_large24_standard,large,STANDARD,24,1,48,500,10,0.0310,1161.0,821.88,1154.08,1167.83,1190.75,861.33,2097,2097,2097,0,2097,0,0,507,0,36202.3,20424136,32.9,48
n100k_d768_l2,100000,768,l2,correlated,0.0050,0.0050,500,E_large24_acorn1,large,ACORN,24,1,48,500,10,0.0000,201376.6,4.71,5.83,6.33,6.38,4.97,1,1,71,1620,1692,0,1692,0,0,36202.3,20424136,32.9,48
n100k_d768_l2,100000,768,l2,correlated,0.0050,0.0050,500,D_large48_standard,large,STANDARD,48,1,96,500,10,0.0300,883.4,1150.29,1229.71,1289.92,1326.33,1132.02,2175,2175,2175,0,2175,0,0,505,0,26936.8,39618184,41.1,96
n100k_d768_l2,100000,768,l2,correlated,0.0050,0.0050,500,E_large48_acorn1,large,ACORN,48,1,96,500,10,1.0000,296.4,3372.04,3397.12,3407.29,3409.46,3373.64,540,500,19955,739346,759302,181261,578040,0,10,26936.8,39618184,41.1,96
n100k_d768_l2,100000,768,l2,correlated,0.0050,0.0050,500,C_acorn_g4,acorn,ACORN,16,4,16,500,10,0.0000,408652.0,2.46,2.79,2.96,3.00,2.45,1,1,176,273,450,0,450,0,0,35004.5,18532104,24.2,40
n100k_d768_l2,100000,768,l2,correlated,0.0050,0.0050,500,C_acorn_g8,acorn,ACORN,16,8,16,500,10,0.8780,1765.9,565.04,576.62,582.00,593.25,566.28,496,458,11511,58657,70169,18260,51909,0,10,55273.2,20264200,24.3,40
n100k_d768_l2,100000,768,l2,correlated,0.0050,0.0050,500,C_acorn_g16,acorn,ACORN,16,16,16,500,10,0.9690,1619.6,616.88,626.42,631.08,633.25,617.43,535,497,12495,61071,73567,19290,54277,0,10,95724.5,23728392,24.3,40
n100k_d768_l2,100000,768,l2,correlated,0.0050,0.0050,500,C_acorn_g32,acorn,ACORN,16,32,16,500,10,0.9700,1601.3,623.88,639.50,651.12,652.83,624.48,534,497,12737,62976,75715,19642,56073,0,10,242975.0,30656776,24.3,40
n100k_d768_l2,100000,768,l2,correlated,0.0010,0.0010,100,F_exact,exact,EXACT,16,0,0,0,10,1.0000,8557.2,116.46,119.21,122.04,123.04,116.86,100,0,0,0,100000,0,0,0,10,0.0,0,0.0,0
n100k_d768_l2,100000,768,l2,correlated,0.0010,0.0010,100,A_std_standard,std,STANDARD,16,1,32,50,10,0.0250,5600.2,179.83,194.38,199.17,203.71,178.56,1084,1084,1084,0,1084,0,0,60,0,41699.6,14033032,25.8,32
n100k_d768_l2,100000,768,l2,correlated,0.0010,0.0010,100,B_std_acorn1,std,ACORN,16,1,32,50,10,0.0000,261692.4,3.83,4.04,4.08,4.29,3.82,1,1,62,1282,1345,0,1345,0,0,41699.6,14033032,25.8,32
n100k_d768_l2,100000,768,l2,correlated,0.0010,0.0010,100,D_large24_standard,large,STANDARD,24,1,48,50,10,0.0290,4858.6,206.08,232.96,274.83,277.75,205.82,1324,1324,1324,0,1324,0,0,58,0,36202.3,20424136,32.9,48
n100k_d768_l2,100000,768,l2,correlated,0.0010,0.0010,100,E_large24_acorn1,large,ACORN,24,1,48,50,10,0.8710,5485.3,182.00,193.79,197.04,198.46,182.31,136,98,1641,54073,55716,3756,51959,0,10,36202.3,20424136,32.9,48
n100k_d768_l2,100000,768,l2,correlated,0.0010,0.0010,100,D_large48_standard,large,STANDARD,48,1,96,50,10,0.0360,4276.6,236.46,250.96,255.83,259.08,233.83,1587,1587,1587,0,1587,0,0,56,0,26936.8,39618184,41.1,96
n100k_d768_l2,100000,768,l2,correlated,0.0010,0.0010,100,E_large48_acorn1,large,ACORN,48,1,96,50,10,0.8710,3242.5,307.54,326.88,336.42,344.88,308.40,122,98,2190,100940,103131,6575,96555,0,10,26936.8,39618184,41.1,96
n100k_d768_l2,100000,768,l2,correlated,0.0010,0.0010,100,C_acorn_g4,acorn,ACORN,16,4,16,50,10,0.0000,459499.7,2.12,2.29,2.42,7.00,2.18,1,1,176,273,450,0,450,0,0,35004.5,18532104,24.2,40
n100k_d768_l2,100000,768,l2,correlated,0.0010,0.0010,100,C_acorn_g8,acorn,ACORN,16,8,16,50,10,0.8260,19679.5,49.88,59.21,61.67,67.88,50.81,99,88,1729,8243,9973,832,9140,0,10,55273.2,20264200,24.3,40
n100k_d768_l2,100000,768,l2,correlated,0.0010,0.0010,100,C_acorn_g16,acorn,ACORN,16,16,16,50,10,0.8330,18773.6,53.04,59.88,60.96,61.46,53.27,99,87,2269,8916,11186,881,10305,0,10,95724.5,23728392,24.3,40
n100k_d768_l2,100000,768,l2,correlated,0.0010,0.0010,100,C_acorn_g32,acorn,ACORN,16,32,16,50,10,0.8490,18653.7,54.08,59.21,62.62,63.96,53.61,100,88,3053,8334,11388,840,10548,0,9,242975.0,30656776,24.3,40
n100k_d768_l2,100000,768,l2,correlated,0.0010,0.0010,100,A_std_standard,std,STANDARD,16,1,32,100,10,0.0340,3849.9,262.79,279.00,290.21,290.75,259.75,1503,1503,1503,0,1503,0,0,109,0,41699.6,14033032,25.8,32
n100k_d768_l2,100000,768,l2,correlated,0.0010,0.0010,100,B_std_acorn1,std,ACORN,16,1,32,100,10,0.0000,232601.4,4.25,4.58,4.71,4.96,4.30,1,1,62,1282,1345,0,1345,0,0,41699.6,14033032,25.8,32
n100k_d768_l2,100000,768,l2,correlated,0.0010,0.0010,100,D_large24_standard,large,STANDARD,24,1,48,100,10,0.0340,3427.8,293.83,313.04,372.42,374.12,291.73,1730,1730,1730,0,1730,0,0,107,0,36202.3,20424136,32.9,48
n100k_d768_l2,100000,768,l2,correlated,0.0010,0.0010,100,E_large24_acorn1,large,ACORN,24,1,48,100,10,0.8710,3024.3,330.38,336.21,340.21,340.75,330.65,136,98,3034,101146,104181,7064,97117,0,10,36202.3,20424136,32.9,48
n100k_d768_l2,100000,768,l2,correlated,0.0010,0.0010,100,D_large48_standard,large,STANDARD,48,1,96,100,10,0.0410,3170.8,320.88,337.75,340.96,346.71,315.38,1932,1932,1932,0,1932,0,0,106,0,26936.8,39618184,41.1,96
n100k_d768_l2,100000,768,l2,correlated,0.0010,0.0010,100,E_large48_acorn1,large,ACORN,48,1,96,100,10,0.8710,1776.4,562.75,569.71,573.25,582.71,562.92,122,98,4035,187919,191955,12495,179459,0,10,26936.8,39618184,41.1,96
n100k_d768_l2,100000,768,l2,correlated,0.0010,0.0010,100,C_acorn_g4,acorn,ACORN,16,4,16,100,10,0.0000,458018.1,2.21,2.42,2.54,2.62,2.18,1,1,176,273,450,0,450,0,0,35004.5,18532104,24.2,40
n100k_d768_l2,100000,768,l2,correlated,0.0010,0.0010,100,C_acorn_g8,acorn,ACORN,16,8,16,100,10,0.8470,11589.0,86.17,89.96,91.04,91.17,86.29,105,95,2804,15995,18801,1594,17206,0,10,55273.2,20264200,24.3,40
n100k_d768_l2,100000,768,l2,correlated,0.0010,0.0010,100,C_acorn_g16,acorn,ACORN,16,16,16,100,10,0.8470,11379.7,87.75,90.88,91.83,92.21,87.88,105,93,3319,16362,19682,1614,18068,0,10,95724.5,23728392,24.3,40
n100k_d768_l2,100000,768,l2,correlated,0.0010,0.0010,100,C_acorn_g32,acorn,ACORN,16,32,16,100,10,0.8560,11182.9,91.00,93.00,94.58,94.62,89.42,106,95,4138,15921,20061,1583,18478,0,9,242975.0,30656776,24.3,40
n100k_d768_l2,100000,768,l2,correlated,0.0010,0.0010,100,A_std_standard,std,STANDARD,16,1,32,250,10,0.0410,2316.5,438.67,464.75,470.46,475.33,431.69,1924,1924,1924,0,1924,0,0,259,0,41699.6,14033032,25.8,32
n100k_d768_l2,100000,768,l2,correlated,0.0010,0.0010,100,B_std_acorn1,std,ACORN,16,1,32,250,10,0.0000,230304.9,4.29,4.62,4.79,5.04,4.34,1,1,62,1282,1345,0,1345,0,0,41699.6,14033032,25.8,32
n100k_d768_l2,100000,768,l2,correlated,0.0010,0.0010,100,D_large24_standard,large,STANDARD,24,1,48,250,10,0.0410,2226.5,454.33,483.25,532.58,536.00,449.14,2038,2038,2038,0,2038,0,0,257,0,36202.3,20424136,32.9,48
n100k_d768_l2,100000,768,l2,correlated,0.0010,0.0010,100,E_large24_acorn1,large,ACORN,24,1,48,250,10,0.8710,3108.1,320.67,328.08,329.38,331.46,321.74,136,98,3034,101146,104181,7064,97117,0,10,36202.3,20424136,32.9,48
n100k_d768_l2,100000,768,l2,correlated,0.0010,0.0010,100,D_large48_standard,large,STANDARD,48,1,96,250,10,0.0430,2182.9,465.58,486.21,495.92,498.25,458.11,2136,2136,2136,0,2136,0,0,255,0,26936.8,39618184,41.1,96
n100k_d768_l2,100000,768,l2,correlated,0.0010,0.0010,100,E_large48_acorn1,large,ACORN,48,1,96,250,10,0.8710,1775.6,563.75,568.88,570.62,576.12,563.20,122,98,4035,187919,191955,12495,179459,0,10,26936.8,39618184,41.1,96
n100k_d768_l2,100000,768,l2,correlated,0.0010,0.0010,100,C_acorn_g4,acorn,ACORN,16,4,16,250,10,0.0000,501987.9,1.96,2.25,2.33,2.42,1.99,1,1,176,273,450,0,450,0,0,35004.5,18532104,24.2,40
n100k_d768_l2,100000,768,l2,correlated,0.0010,0.0010,100,C_acorn_g8,acorn,ACORN,16,8,16,250,10,0.8470,11578.0,86.08,88.33,89.58,94.67,86.37,105,95,2804,15995,18801,1594,17206,0,10,55273.2,20264200,24.3,40
n100k_d768_l2,100000,768,l2,correlated,0.0010,0.0010,100,C_acorn_g16,acorn,ACORN,16,16,16,250,10,0.8470,11376.7,87.71,90.17,92.38,95.04,87.90,105,93,3319,16362,19682,1614,18068,0,10,95724.5,23728392,24.3,40
n100k_d768_l2,100000,768,l2,correlated,0.0010,0.0010,100,C_acorn_g32,acorn,ACORN,16,32,16,250,10,0.8560,11350.8,89.33,93.71,94.08,100.04,88.10,106,95,4138,15921,20061,1583,18478,0,9,242975.0,30656776,24.3,40
n100k_d768_l2,100000,768,l2,correlated,0.0010,0.0010,100,A_std_standard,std,STANDARD,16,1,32,500,10,0.0430,1489.3,681.12,718.33,735.96,736.71,671.44,2056,2056,2056,0,2056,0,0,509,0,41699.6,14033032,25.8,32
n100k_d768_l2,100000,768,l2,correlated,0.0010,0.0010,100,B_std_acorn1,std,ACORN,16,1,32,500,10,0.0000,245724.4,4.04,4.38,4.50,4.75,4.07,1,1,62,1282,1345,0,1345,0,0,41699.6,14033032,25.8,32
n100k_d768_l2,100000,768,l2,correlated,0.0010,0.0010,100,D_large24_standard,large,STANDARD,24,1,48,500,10,0.0420,1435.9,702.04,745.46,794.29,807.21,696.41,2097,2097,2097,0,2097,0,0,507,0,36202.3,20424136,32.9,48
n100k_d768_l2,100000,768,l2,correlated,0.0010,0.0010,100,E_large24_acorn1,large,ACORN,24,1,48,500,10,0.8710,3060.2,328.08,333.42,335.29,338.83,326.77,136,98,3034,101146,104181,7064,97117,0,10,36202.3,20424136,32.9,48
n100k_d768_l2,100000,768,l2,correlated,0.0010,0.0010,100,D_large48_standard,large,STANDARD,48,1,96,500,10,0.0440,1473.6,687.08,707.58,740.67,746.04,678.60,2175,2175,2175,0,2175,0,0,505,0,26936.8,39618184,41.1,96
n100k_d768_l2,100000,768,l2,correlated,0.0010,0.0010,100,E_large48_acorn1,large,ACORN,48,1,96,500,10,0.8710,1775.0,563.08,570.96,586.04,595.04,563.38,122,98,4035,187919,191955,12495,179459,0,10,26936.8,39618184,41.1,96
n100k_d768_l2,100000,768,l2,correlated,0.0010,0.0010,100,C_acorn_g4,acorn,ACORN,16,4,16,500,10,0.0000,421496.3,2.33,2.54,2.62,2.71,2.37,1,1,176,273,450,0,450,0,0,35004.5,18532104,24.2,40
n100k_d768_l2,100000,768,l2,correlated,0.0010,0.0010,100,C_acorn_g8,acorn,ACORN,16,8,16,500,10,0.8470,11584.6,86.12,88.62,90.00,92.12,86.32,105,95,2804,15995,18801,1594,17206,0,10,55273.2,20264200,24.3,40
n100k_d768_l2,100000,768,l2,correlated,0.0010,0.0010,100,C_acorn_g16,acorn,ACORN,16,16,16,500,10,0.8470,11372.2,87.75,91.21,92.62,92.79,87.93,105,93,3319,16362,19682,1614,18068,0,10,95724.5,23728392,24.3,40
n100k_d768_l2,100000,768,l2,correlated,0.0010,0.0010,100,C_acorn_g32,acorn,ACORN,16,32,16,500,10,0.8560,11387.4,88.96,91.75,95.75,100.33,87.82,106,95,4138,15921,20061,1583,18478,0,9,242975.0,30656776,24.3,40
n100k_d768_l2,100000,768,l2,cluster,0.5000,0.5000,50000,F_exact,exact,EXACT,16,0,0,0,10,1.0000,120.9,8273.88,8340.25,8361.92,8365.88,8270.08,50000,0,0,0,100000,0,0,0,10,0.0,0,0.0,0
n100k_d768_l2,100000,768,l2,cluster,0.5000,0.5000,50000,A_std_standard,std,STANDARD,16,1,32,50,10,0.5570,5819.6,173.54,187.75,189.92,190.46,171.83,1084,1084,1084,0,1084,0,0,60,6,41699.6,14033032,25.8,32
n100k_d768_l2,100000,768,l2,cluster,0.5000,0.5000,50000,B_std_acorn1,std,ACORN,16,1,32,50,10,0.5490,3141.0,307.96,477.62,559.33,633.00,318.37,1174,1068,464,4587,5053,2476,2576,0,10,41699.6,14033032,25.8,32
n100k_d768_l2,100000,768,l2,cluster,0.5000,0.5000,50000,D_large24_standard,large,STANDARD,24,1,48,50,10,0.6150,4852.6,207.12,226.62,273.46,285.79,206.08,1324,1324,1324,0,1324,0,0,58,7,36202.3,20424136,32.9,48
n100k_d768_l2,100000,768,l2,cluster,0.5000,0.5000,50000,E_large24_acorn1,large,ACORN,24,1,48,50,10,0.6810,2350.9,402.17,595.00,744.33,747.04,425.36,1445,1310,706,9851,10559,4420,6138,0,10,36202.3,20424136,32.9,48
n100k_d768_l2,100000,768,l2,cluster,0.5000,0.5000,50000,D_large48_standard,large,STANDARD,48,1,96,50,10,0.6430,4209.7,239.08,262.25,267.33,268.58,237.55,1587,1587,1587,0,1587,0,0,56,7,26936.8,39618184,41.1,96
n100k_d768_l2,100000,768,l2,cluster,0.5000,0.5000,50000,E_large48_acorn1,large,ACORN,48,1,96,50,10,0.8210,1748.6,531.71,890.21,938.46,946.33,571.90,1831,1607,1360,24678,26040,10121,15919,0,10,26936.8,39618184,41.1,96
n100k_d768_l2,100000,768,l2,cluster,0.5000,0.5000,50000,C_acorn_g4,acorn,ACORN,16,4,16,50,10,0.3890,4572.2,221.83,271.00,305.25,395.29,218.71,882,800,1170,1185,2357,1861,495,0,10,35004.5,18532104,24.2,40
n100k_d768_l2,100000,768,l2,cluster,0.5000,0.5000,50000,C_acorn_g8,acorn,ACORN,16,8,16,50,10,0.3980,4518.1,223.83,277.54,389.25,396.62,221.33,881,801,1175,1171,2347,1857,489,0,10,55273.2,20264200,24.3,40
n100k_d768_l2,100000,768,l2,cluster,0.5000,0.5000,50000,C_acorn_g16,acorn,ACORN,16,16,16,50,10,0.3870,4499.3,226.21,290.92,344.46,412.75,222.26,919,841,1181,1157,2339,1887,451,0,10,95724.5,23728392,24.3,40
n100k_d768_l2,100000,768,l2,cluster,0.5000,0.5000,50000,C_acorn_g32,acorn,ACORN,16,32,16,50,10,0.3800,4633.3,210.21,366.21,439.42,441.71,215.83,909,831,1226,1440,2668,1904,763,0,10,242975.0,30656776,24.3,40
n100k_d768_l2,100000,768,l2,cluster,0.5000,0.5000,50000,A_std_standard,std,STANDARD,16,1,32,100,10,0.6320,3828.3,264.17,280.21,289.38,293.25,261.21,1503,1503,1503,0,1503,0,0,109,6,41699.6,14033032,25.8,32
n100k_d768_l2,100000,768,l2,cluster,0.5000,0.5000,50000,B_std_acorn1,std,ACORN,16,1,32,100,10,0.6630,2038.2,475.83,747.08,876.38,883.79,490.62,1556,1450,1219,11362,12582,6013,6569,0,10,41699.6,14033032,25.8,32
n100k_d768_l2,100000,768,l2,cluster,0.5000,0.5000,50000,D_large24_standard,large,STANDARD,24,1,48,100,10,0.6680,3359.9,299.46,336.62,370.46,390.83,297.63,1730,1730,1730,0,1730,0,0,107,7,36202.3,20424136,32.9,48
n100k_d768_l2,100000,768,l2,cluster,0.5000,0.5000,50000,E_large24_acorn1,large,ACORN,24,1,48,100,10,0.7830,1632.9,561.75,819.58,998.54,1266.17,612.40,1747,1612,1939,24081,26022,11132,14890,0,10,36202.3,20424136,32.9,48
n100k_d768_l2,100000,768,l2,cluster,0.5000,0.5000,50000,D_large48_standard,large,STANDARD,48,1,96,100,10,0.6820,3139.1,322.58,341.46,356.67,365.00,318.56,1932,1932,1932,0,1932,0,0,106,8,26936.8,39618184,41.1,96
n100k_d768_l2,100000,768,l2,cluster,0.5000,0.5000,50000,E_large48_acorn1,large,ACORN,48,1,96,100,10,0.8740,1220.3,735.88,1222.62,1430.88,1482.67,819.45,2103,1879,3521,51438,54960,22577,32383,0,10,26936.8,39618184,41.1,96
n100k_d768_l2,100000,768,l2,cluster,0.5000,0.5000,50000,C_acorn_g4,acorn,ACORN,16,4,16,100,10,0.4540,3075.0,334.96,405.21,476.04,539.88,325.20,1188,1106,2211,2389,4602,3647,955,0,10,35004.5,18532104,24.2,40
n100k_d768_l2,100000,768,l2,cluster,0.5000,0.5000,50000,C_acorn_g8,acorn,ACORN,16,8,16,100,10,0.4780,2892.0,347.75,479.79,632.17,644.96,345.78,1232,1152,2303,2478,4783,3773,1009,0,10,55273.2,20264200,24.3,40
n100k_d768_l2,100000,768,l2,cluster,0.5000,0.5000,50000,C_acorn_g16,acorn,ACORN,16,16,16,100,10,0.4660,2881.5,340.17,529.96,608.67,648.38,347.04,1294,1215,2306,2471,4779,3803,975,0,10,95724.5,23728392,24.3,40
n100k_d768_l2,100000,768,l2,cluster,0.5000,0.5000,50000,C_acorn_g32,acorn,ACORN,16,32,16,100,10,0.4860,2962.4,329.42,573.00,634.54,636.12,337.56,1260,1183,2385,3167,5553,3847,1706,0,10,242975.0,30656776,24.3,40
n100k_d768_l2,100000,768,l2,cluster,0.5000,0.5000,50000,A_std_standard,std,STANDARD,16,1,32,250,10,0.6860,2334.4,435.33,455.62,470.96,482.88,428.37,1924,1924,1924,0,1924,0,0,259,7,41699.6,14033032,25.8,32
n100k_d768_l2,100000,768,l2,cluster,0.5000,0.5000,50000,B_std_acorn1,std,ACORN,16,1,32,250,10,0.7610,1251.3,689.25,1195.50,1308.33,1420.38,799.17,1948,1842,4763,31609,36373,18110,18263,0,10,41699.6,14033032,25.8,32
n100k_d768_l2,100000,768,l2,cluster,0.5000,0.5000,50000,D_large24_standard,large,STANDARD,24,1,48,250,10,0.6980,2187.9,461.71,493.71,554.08,555.04,457.05,2038,2038,2038,0,2038,0,0,257,7,36202.3,20424136,32.9,48
n100k_d768_l2,100000,768,l2,cluster,0.5000,0.5000,50000,E_large24_acorn1,large,ACORN,24,1,48,250,10,0.8590,981.4,871.79,1568.17,1893.75,2795.88,1018.97,2038,1903,6878,67832,74711,32477,42234,0,10,36202.3,20424136,32.9,48
n100k_d768_l2,100000,768,l2,cluster,0.5000,0.5000,50000,D_large48_standard,large,STANDARD,48,1,96,250,10,0.7030,2195.4,461.96,482.54,496.25,505.12,455.51,2136,2136,2136,0,2136,0,0,255,9,26936.8,39618184,41.1,96
n100k_d768_l2,100000,768,l2,cluster,0.5000,0.5000,50000,E_large48_acorn1,large,ACORN,48,1,96,250,10,0.9370,747.7,980.75,2372.50,2448.21,2579.54,1337.40,2372,2149,10040,119508,129549,54664,74884,0,10,26936.8,39618184,41.1,96
n100k_d768_l2,100000,768,l2,cluster,0.5000,0.5000,50000,C_acorn_g4,acorn,ACORN,16,4,16,250,10,0.4980,1841.9,559.21,641.58,693.46,792.46,542.93,1592,1510,5516,6494,12012,9258,2754,0,10,35004.5,18532104,24.2,40
n100k_d768_l2,100000,768,l2,cluster,0.5000,0.5000,50000,C_acorn_g8,acorn,ACORN,16,8,16,250,10,0.5560,1724.0,572.75,752.29,905.12,1393.88,580.04,1678,1598,5710,6497,12209,9436,2772,0,10,55273.2,20264200,24.3,40
n100k_d768_l2,100000,768,l2,cluster,0.5000,0.5000,50000,C_acorn_g16,acorn,ACORN,16,16,16,250,10,0.5540,1667.8,593.33,867.58,944.50,1060.25,599.59,1766,1688,5721,7022,12745,9544,3200,0,10,95724.5,23728392,24.3,40
n100k_d768_l2,100000,768,l2,cluster,0.5000,0.5000,50000,C_acorn_g32,acorn,ACORN,16,32,16,250,10,0.5900,1656.6,585.50,929.71,1025.04,1101.46,603.66,1732,1654,5893,8919,14814,9860,4954,0,10,242975.0,30656776,24.3,40
n100k_d768_l2,100000,768,l2,cluster,0.5000,0.5000,50000,A_std_standard,std,STANDARD,16,1,32,500,10,0.6970,1485.8,683.38,716.58,739.96,758.25,673.02,2056,2056,2056,0,2056,0,0,509,7,41699.6,14033032,25.8,32
n100k_d768_l2,100000,768,l2,cluster,0.5000,0.5000,50000,B_std_acorn1,std,ACORN,16,1,32,500,10,0.7810,819.9,948.67,1971.21,2078.75,2288.79,1219.62,2149,2043,11300,59388,70690,36904,33785,0,10,41699.6,14033032,25.8,32
n100k_d768_l2,100000,768,l2,cluster,0.5000,0.5000,50000,D_large24_standard,large,STANDARD,24,1,48,500,10,0.7060,1494.3,676.62,716.54,751.21,769.38,669.22,2097,2097,2097,0,2097,0,0,507,8,36202.3,20424136,32.9,48
n100k_d768_l2,100000,768,l2,cluster,0.5000,0.5000,50000,E_large24_acorn1,large,ACORN,24,1,48,500,10,0.8600,626.6,1103.42,2748.29,3077.96,4131.58,1595.82,2251,2116,15168,124630,139800,64539,75261,0,10,36202.3,20424136,32.9,48
n100k_d768_l2,100000,768,l2,cluster,0.5000,0.5000,50000,D_large48_standard,large,STANDARD,48,1,96,500,10,0.7100,1465.3,688.67,721.29,739.50,744.54,682.46,2175,2175,2175,0,2175,0,0,505,9,26936.8,39618184,41.1,96
n100k_d768_l2,100000,768,l2,cluster,0.5000,0.5000,50000,E_large48_acorn1,large,ACORN,48,1,96,500,10,0.9370,456.8,1355.04,4177.42,4647.67,4659.54,2189.18,2812,2588,20834,216512,237347,106406,130941,0,10,26936.8,39618184,41.1,96
n100k_d768_l2,100000,768,l2,cluster,0.5000,0.5000,50000,C_acorn_g4,acorn,ACORN,16,4,16,500,10,0.5160,1191.8,848.25,968.83,1122.79,1213.75,839.07,1822,1740,11366,12757,24125,18220,5904,0,10,35004.5,18532104,24.2,40
n100k_d768_l2,100000,768,l2,cluster,0.5000,0.5000,50000,C_acorn_g8,acorn,ACORN,16,8,16,500,10,0.5690,1141.3,876.88,1048.08,1237.88,1732.00,876.17,1884,1804,11610,12532,24143,18239,5904,0,10,55273.2,20264200,24.3,40
n100k_d768_l2,100000,768,l2,cluster,0.5000,0.5000,50000,C_acorn_g16,acorn,ACORN,16,16,16,500,10,0.5890,999.6,938.54,1430.92,1665.17,2107.79,1000.42,2082,2004,11841,14261,26103,19047,7056,0,10,95724.5,23728392,24.3,40
n100k_d768_l2,100000,768,l2,cluster,0.5000,0.5000,50000,C_acorn_g32,acorn,ACORN,16,32,16,500,10,0.6420,978.5,954.79,1503.04,1728.42,2257.08,1022.02,2102,2025,12291,18258,30550,20411,10139,0,10,242975.0,30656776,24.3,40
n100k_d768_l2,100000,768,l2,cluster,0.5000,0.5000,50000,F_exact,exact,EXACT,16,0,0,0,100,1.0000,121.1,8262.12,8315.25,8346.54,8397.04,8254.50,50000,0,0,0,100000,0,0,0,100,0.0,0,0.0,0
n100k_d768_l2,100000,768,l2,cluster,0.5000,0.5000,50000,A_std_standard,std,STANDARD,16,1,32,50,100,0.4521,5304.4,189.58,206.21,209.62,211.50,188.52,1084,1084,1084,0,1084,0,0,60,61,41699.6,14033032,25.8,32
n100k_d768_l2,100000,768,l2,cluster,0.5000,0.5000,50000,B_std_acorn1,std,ACORN,16,1,32,50,100,0.5361,2936.6,334.83,511.62,613.79,695.17,340.53,1173,1067,464,4587,5052,2476,2576,0,100,41699.6,14033032,25.8,32
n100k_d768_l2,100000,768,l2,cluster,0.5000,0.5000,50000,D_large24_standard,large,STANDARD,24,1,48,50,100,0.5135,4419.7,227.83,251.17,303.92,304.08,226.26,1324,1324,1324,0,1324,0,0,58,65,36202.3,20424136,32.9,48
n100k_d768_l2,100000,768,l2,cluster,0.5000,0.5000,50000,E_large24_acorn1,large,ACORN,24,1,48,50,100,0.6984,2265.1,414.58,616.75,791.88,797.71,441.48,1445,1310,706,9851,10559,4420,6138,0,100,36202.3,20424136,32.9,48
n100k_d768_l2,100000,768,l2,cluster,0.5000,0.5000,50000,D_large48_standard,large,STANDARD,48,1,96,50,100,0.5529,3928.7,258.12,276.21,281.08,281.75,254.54,1587,1587,1587,0,1587,0,0,56,63,26936.8,39618184,41.1,96
n100k_d768_l2,100000,768,l2,cluster,0.5000,0.5000,50000,E_large48_acorn1,large,ACORN,48,1,96,50,100,0.8246,1680.4,554.12,918.62,960.79,1011.67,595.11,1831,1607,1360,24678,26040,10121,15918,0,100,26936.8,39618184,41.1,96
n100k_d768_l2,100000,768,l2,cluster,0.5000,0.5000,50000,C_acorn_g4,acorn,ACORN,16,4,16,50,100,0.3853,4216.8,240.58,292.83,327.50,423.00,237.15,882,800,1170,1185,2357,1861,495,0,100,35004.5,18532104,24.2,40
n100k_d768_l2,100000,768,l2,cluster,0.5000,0.5000,50000,C_acorn_g8,acorn,ACORN,16,8,16,50,100,0.4087,4083.2,244.33,317.29,417.92,448.71,244.91,881,801,1175,1171,2347,1857,489,0,99,55273.2,20264200,24.3,40
n100k_d768_l2,100000,768,l2,cluster,0.5000,0.5000,50000,C_acorn_g16,acorn,ACORN,16,16,16,50,100,0.3622,3818.5,261.75,354.33,420.58,484.92,261.88,919,841,1181,1157,2339,1887,451,0,100,95724.5,23728392,24.3,40
n100k_d768_l2,100000,768,l2,cluster,0.5000,0.5000,50000,C_acorn_g32,acorn,ACORN,16,32,16,50,100,0.3719,3718.5,255.04,469.46,576.12,616.58,268.93,909,831,1226,1440,2668,1904,763,0,100,242975.0,30656776,24.3,40
n100k_d768_l2,100000,768,l2,cluster,0.5000,0.5000,50000,A_std_standard,std,STANDARD,16,1,32,100,100,0.5534,3708.4,273.75,293.21,299.08,303.62,269.66,1503,1503,1503,0,1503,0,0,109,62,41699.6,14033032,25.8,32
n100k_d768_l2,100000,768,l2,cluster,0.5000,0.5000,50000,B_std_acorn1,std,ACORN,16,1,32,100,100,0.6653,1976.5,489.92,780.17,906.38,912.17,505.93,1556,1450,1219,11362,12582,6013,6569,0,100,41699.6,14033032,25.8,32
n100k_d768_l2,100000,768,l2,cluster,0.5000,0.5000,50000,D_large24_standard,large,STANDARD,24,1,48,100,100,0.5902,3246.2,309.17,344.08,382.50,396.25,308.05,1730,1730,1730,0,1730,0,0,107,65,36202.3,20424136,32.9,48
n100k_d768_l2,100000,768,l2,cluster,0.5000,0.5000,50000,E_large24_acorn1,large,ACORN,24,1,48,100,100,0.8157,1546.1,599.42,835.42,1056.54,1338.25,646.78,1747,1612,1939,24081,26022,11132,14890,0,100,36202.3,20424136,32.9,48
n100k_d768_l2,100000,768,l2,cluster,0.5000,0.5000,50000,D_large48_standard,large,STANDARD,48,1,96,100,100,0.6066,3050.9,331.75,353.46,369.96,379.92,327.77,1932,1932,1932,0,1932,0,0,106,63,26936.8,39618184,41.1,96
n100k_d768_l2,100000,768,l2,cluster,0.5000,0.5000,50000,E_large48_acorn1,large,ACORN,48,1,96,100,100,0.8962,1188.8,773.54,1250.17,1450.54,1490.96,841.21,2103,1879,3521,51438,54960,22577,32383,0,100,26936.8,39618184,41.1,96
n100k_d768_l2,100000,768,l2,cluster,0.5000,0.5000,50000,C_acorn_g4,acorn,ACORN,16,4,16,100,100,0.4751,2950.7,348.62,415.04,490.12,545.88,338.91,1188,1106,2211,2389,4602,3647,955,0,100,35004.5,18532104,24.2,40
n100k_d768_l2,100000,768,l2,cluster,0.5000,0.5000,50000,C_acorn_g8,acorn,ACORN,16,8,16,100,100,0.5119,2809.0,351.54,490.08,639.00,649.21,356.00,1232,1152,2303,2478,4783,3773,1009,0,100,55273.2,20264200,24.3,40
n100k_d768_l2,100000,768,l2,cluster,0.5000,0.5000,50000,C_acorn_g16,acorn,ACORN,16,16,16,100,100,0.4577,2711.3,359.58,578.33,635.79,700.92,368.83,1294,1215,2306,2471,4779,3803,975,0,100,95724.5,23728392,24.3,40
n100k_d768_l2,100000,768,l2,cluster,0.5000,0.5000,50000,C_acorn_g32,acorn,ACORN,16,32,16,100,100,0.4886,2557.6,391.71,683.75,776.08,790.42,390.99,1260,1183,2385,3167,5553,3847,1706,0,100,242975.0,30656776,24.3,40
n100k_d768_l2,100000,768,l2,cluster,0.5000,0.5000,50000,A_std_standard,std,STANDARD,16,1,32,250,100,0.6131,1510.3,592.83,854.17,868.83,894.29,662.12,1924,1924,1924,0,1924,0,0,259,62,41699.6,14033032,25.8,32
n100k_d768_l2,100000,768,l2,cluster,0.5000,0.5000,50000,B_std_acorn1,std,ACORN,16,1,32,250,100,0.7701,726.6,1323.83,2074.79,2306.50,2484.00,1376.26,1948,1842,4763,31609,36373,18110,18263,0,100,41699.6,14033032,25.8,32
n100k_d768_l2,100000,768,l2,cluster,0.5000,0.5000,50000,D_large24_standard,large,STANDARD,24,1,48,250,100,0.6252,1177.1,868.21,949.21,1011.54,1021.67,849.58,2038,2038,2038,0,2038,0,0,257,65,36202.3,20424136,32.9,48
n100k_d768_l2,100000,768,l2,cluster,0.5000,0.5000,50000,E_large24_acorn1,large,ACORN,24,1,48,250,100,0.8913,931.2,932.83,1638.42,1976.79,2927.71,1073.89,2038,1903,6878,67832,74711,32477,42234,0,100,36202.3,20424136,32.9,48
n100k_d768_l2,100000,768,l2,cluster,0.5000,0.5000,50000,D_large48_standard,large,STANDARD,48,1,96,250,100,0.6267,2062.4,491.54,521.08,524.38,526.92,484.86,2136,2136,2136,0,2136,0,0,255,66,26936.8,39618184,41.1,96
n100k_d768_l2,100000,768,l2,cluster,0.5000,0.5000,50000,E_large48_acorn1,large,ACORN,48,1,96,250,100,0.9332,737.5,1034.54,2402.92,2470.54,2614.79,1355.97,2372,2149,10040,119508,129549,54664,74884,0,100,26936.8,39618184,41.1,96
n100k_d768_l2,100000,768,l2,cluster,0.5000,0.5000,50000,C_acorn_g4,acorn,ACORN,16,4,16,250,100,0.5543,1789.8,573.42,647.58,697.92,831.83,558.72,1592,1510,5516,6494,12012,9258,2754,0,100,35004.5,18532104,24.2,40
n100k_d768_l2,100000,768,l2,cluster,0.5000,0.5000,50000,C_acorn_g8,acorn,ACORN,16,8,16,250,100,0.6077,1655.5,606.46,770.88,974.54,1469.71,604.06,1678,1598,5710,6497,12209,9436,2772,0,100,55273.2,20264200,24.3,40
n100k_d768_l2,100000,768,l2,cluster,0.5000,0.5000,50000,C_acorn_g16,acorn,ACORN,16,16,16,250,100,0.5572,1604.0,617.79,907.62,957.21,1075.25,623.45,1766,1688,5721,7022,12745,9544,3200,0,100,95724.5,23728392,24.3,40
n100k_d768_l2,100000,768,l2,cluster,0.5000,0.5000,50000,C_acorn_g32,acorn,ACORN,16,32,16,250,100,0.5980,1639.0,592.25,933.58,1021.58,1126.42,610.14,1732,1654,5893,8919,14814,9860,4954,0,100,242975.0,30656776,24.3,40
n100k_d768_l2,100000,768,l2,cluster,0.5000,0.5000,50000,A_std_standard,std,STANDARD,16,1,32,500,100,0.6234,1482.9,680.92,721.29,737.79,737.88,674.36,2056,2056,2056,0,2056,0,0,509,62,41699.6,14033032,25.8,32
n100k_d768_l2,100000,768,l2,cluster,0.5000,0.5000,50000,B_std_acorn1,std,ACORN,16,1,32,500,100,0.7906,813.2,959.21,1981.25,2119.21,2344.54,1229.77,2149,2043,11300,59388,70690,36904,33785,0,100,41699.6,14033032,25.8,32
n100k_d768_l2,100000,768,l2,cluster,0.5000,0.5000,50000,D_large24_standard,large,STANDARD,24,1,48,500,100,0.6295,1466.4,688.00,736.83,771.50,791.71,681.93,2097,2097,2097,0,2097,0,0,507,66,36202.3,20424136,32.9,48
n100k_d768_l2,100000,768,l2,cluster,0.5000,0.5000,50000,E_large24_acorn1,large,ACORN,24,1,48,500,100,0.8971,621.4,1110.88,2745.92,3113.67,4214.46,1609.25,2251,2116,15168,124630,139800,64539,75261,0,100,36202.3,20424136,32.9,48
n100k_d768_l2,100000,768,l2,cluster,0.5000,0.5000,50000,D_large48_standard,large,STANDARD,48,1,96,500,100,0.6308,1441.3,702.83,739.79,758.71,761.75,693.82,2175,2175,2175,0,2175,0,0,505,69,26936.8,39618184,41.1,96
n100k_d768_l2,100000,768,l2,cluster,0.5000,0.5000,50000,E_large48_acorn1,large,ACORN,48,1,96,500,100,0.9404,451.2,1403.08,4220.04,4688.12,4695.42,2216.24,2812,2588,20834,216512,237347,106406,130941,0,100,26936.8,39618184,41.1,96
n100k_d768_l2,100000,768,l2,cluster,0.5000,0.5000,50000,C_acorn_g4,acorn,ACORN,16,4,16,500,100,0.5807,1175.4,857.12,985.58,1130.29,1234.96,850.75,1822,1740,11366,12757,24125,18220,5904,0,100,35004.5,18532104,24.2,40
n100k_d768_l2,100000,768,l2,cluster,0.5000,0.5000,50000,C_acorn_g8,acorn,ACORN,16,8,16,500,100,0.6321,1096.5,903.71,1122.04,1316.04,1768.62,911.97,1884,1804,11610,12532,24143,18239,5904,0,100,55273.2,20264200,24.3,40
n100k_d768_l2,100000,768,l2,cluster,0.5000,0.5000,50000,C_acorn_g16,acorn,ACORN,16,16,16,500,100,0.5999,1031.4,924.46,1400.21,1682.25,1779.46,969.60,2082,2004,11841,14261,26103,19047,7056,0,100,95724.5,23728392,24.3,40
n100k_d768_l2,100000,768,l2,cluster,0.5000,0.5000,50000,C_acorn_g32,acorn,ACORN,16,32,16,500,100,0.6671,995.0,930.00,1489.71,1694.33,2256.46,1005.00,2102,2025,12291,18258,30550,20411,10139,0,100,242975.0,30656776,24.3,40
n100k_d768_l2,100000,768,l2,cluster,0.2500,0.2500,25000,F_exact,exact,EXACT,16,0,0,0,10,1.0000,176.7,5660.00,5694.25,5702.71,5722.00,5659.33,25000,0,0,0,100000,0,0,0,10,0.0,0,0.0,0
n100k_d768_l2,100000,768,l2,cluster,0.2500,0.2500,25000,A_std_standard,std,STANDARD,16,1,32,50,10,0.4440,5836.3,173.08,186.33,194.96,198.75,171.34,1084,1084,1084,0,1084,0,0,60,5,41699.6,14033032,25.8,32
n100k_d768_l2,100000,768,l2,cluster,0.2500,0.2500,25000,B_std_acorn1,std,ACORN,16,1,32,50,10,0.4500,3823.3,265.12,353.33,385.04,455.79,261.55,963,855,572,8194,8767,2594,6172,0,10,41699.6,14033032,25.8,32
n100k_d768_l2,100000,768,l2,cluster,0.2500,0.2500,25000,D_large24_standard,large,STANDARD,24,1,48,50,10,0.4770,4860.6,206.12,223.42,276.12,280.67,205.74,1324,1324,1324,0,1324,0,0,58,5,36202.3,20424136,32.9,48
n100k_d768_l2,100000,768,l2,cluster,0.2500,0.2500,25000,E_large24_acorn1,large,ACORN,24,1,48,50,10,0.6140,2853.0,349.71,439.46,489.12,541.92,350.51,1119,983,866,17886,18754,4207,14547,0,10,36202.3,20424136,32.9,48
n100k_d768_l2,100000,768,l2,cluster,0.2500,0.2500,25000,D_large48_standard,large,STANDARD,48,1,96,50,10,0.5090,4259.7,236.92,251.79,255.83,258.62,234.76,1587,1587,1587,0,1587,0,0,56,5,26936.8,39618184,41.1,96
n100k_d768_l2,100000,768,l2,cluster,0.2500,0.2500,25000,E_large48_acorn1,large,ACORN,48,1,96,50,10,0.7170,1909.9,503.67,700.29,808.25,1114.79,523.59,1517,1287,1507,39079,40588,9015,31572,0,10,26936.8,39618184,41.1,96
n100k_d768_l2,100000,768,l2,cluster,0.2500,0.2500,25000,C_acorn_g4,acorn,ACORN,16,4,16,50,10,0.4010,5354.0,178.62,283.75,342.38,368.88,186.78,794,721,1234,1926,3161,1806,1355,0,9,35004.5,18532104,24.2,40
n100k_d768_l2,100000,768,l2,cluster,0.2500,0.2500,25000,C_acorn_g8,acorn,ACORN,16,8,16,50,10,0.3970,5270.7,175.62,314.50,358.79,410.79,189.73,800,721,1250,2161,3412,1782,1630,0,9,55273.2,20264200,24.3,40
n100k_d768_l2,100000,768,l2,cluster,0.2500,0.2500,25000,C_acorn_g16,acorn,ACORN,16,16,16,50,10,0.3670,4681.7,196.29,390.46,445.50,499.04,213.60,881,803,1267,1850,3118,1871,1246,0,9,95724.5,23728392,24.3,40
n100k_d768_l2,100000,768,l2,cluster,0.2500,0.2500,25000,C_acorn_g32,acorn,ACORN,16,32,16,50,10,0.3590,4505.6,211.88,379.83,428.00,497.04,221.94,879,803,1262,1601,2864,1879,985,0,10,242975.0,30656776,24.3,40
n100k_d768_l2,100000,768,l2,cluster,0.2500,0.2500,25000,A_std_standard,std,STANDARD,16,1,32,100,10,0.5030,3629.7,277.42,301.25,315.33,324.17,275.50,1503,1503,1503,0,1503,0,0,109,5,41699.6,14033032,25.8,32
n100k_d768_l2,100000,768,l2,cluster,0.2500,0.2500,25000,B_std_acorn1,std,ACORN,16,1,32,100,10,0.5470,2178.9,475.96,668.71,793.54,928.96,458.96,1286,1178,1408,19301,20710,6116,14593,0,10,41699.6,14033032,25.8,32
n100k_d768_l2,100000,768,l2,cluster,0.2500,0.2500,25000,D_large24_standard,large,STANDARD,24,1,48,100,10,0.5230,3397.1,296.12,319.46,373.25,376.17,294.36,1730,1730,1730,0,1730,0,0,107,5,36202.3,20424136,32.9,48
n100k_d768_l2,100000,768,l2,cluster,0.2500,0.2500,25000,E_large24_acorn1,large,ACORN,24,1,48,100,10,0.6860,1817.3,535.00,758.25,869.58,1035.42,550.27,1435,1299,2168,38962,41131,10012,31119,0,10,36202.3,20424136,32.9,48
n100k_d768_l2,100000,768,l2,cluster,0.2500,0.2500,25000,D_large48_standard,large,STANDARD,48,1,96,100,10,0.5360,3152.8,322.79,339.04,341.42,349.46,317.18,1932,1932,1932,0,1932,0,0,106,6,26936.8,39618184,41.1,96
n100k_d768_l2,100000,768,l2,cluster,0.2500,0.2500,25000,E_large48_acorn1,large,ACORN,48,1,96,100,10,0.7740,1282.4,773.29,1173.33,1285.17,1518.08,779.77,1761,1531,3613,79368,82982,19508,63474,0,10,26936.8,39618184,41.1,96
n100k_d768_l2,100000,768,l2,cluster,0.2500,0.2500,25000,C_acorn_g4,acorn,ACORN,16,4,16,100,10,0.4440,3721.0,257.88,420.71,489.75,491.29,268.75,1045,972,2280,3963,6245,3483,2761,0,9,35004.5,18532104,24.2,40
n100k_d768_l2,100000,768,l2,cluster,0.2500,0.2500,25000,C_acorn_g8,acorn,ACORN,16,8,16,100,10,0.4950,3555.1,270.58,433.25,519.83,642.62,281.28,1066,987,2316,4457,6775,3453,3321,0,9,55273.2,20264200,24.3,40
n100k_d768_l2,100000,768,l2,cluster,0.2500,0.2500,25000,C_acorn_g16,acorn,ACORN,16,16,16,100,10,0.4880,3305.6,287.38,489.67,576.50,578.25,302.52,1176,1098,2370,4321,6693,3602,3090,0,9,95724.5,23728392,24.3,40
n100k_d768_l2,100000,768,l2,cluster,0.2500,0.2500,25000,C_acorn_g32,acorn,ACORN,16,32,16,100,10,0.4520,3319.7,283.83,486.79,568.12,699.17,301.23,1168,1092,2345,3440,5786,3654,2132,0,10,242975.0,30656776,24.3,40
n100k_d768_l2,100000,768,l2,cluster,0.2500,0.2500,25000,A_std_standard,std,STANDARD,16,1,32,250,10,0.5400,2328.3,435.25,458.62,474.25,475.75,429.50,1924,1924,1924,0,1924,0,0,259,5,41699.6,14033032,25.8,32
n100k_d768_l2,100000,768,l2,cluster,0.2500,0.2500,25000,B_std_acorn1,std,ACORN,16,1,32,250,10,0.6410,1330.5,723.04,1361.92,1490.42,2005.38,751.57,1716,1608,4918,49863,54782,18014,36768,0,10,41699.6,14033032,25.8,32
n100k_d768_l2,100000,768,l2,cluster,0.2500,0.2500,25000,D_large24_standard,large,STANDARD,24,1,48,250,10,0.5470,2230.1,452.38,483.62,537.92,541.96,448.41,2038,2038,2038,0,2038,0,0,257,5,36202.3,20424136,32.9,48
n100k_d768_l2,100000,768,l2,cluster,0.2500,0.2500,25000,E_large24_acorn1,large,ACORN,24,1,48,250,10,0.7140,1051.0,754.79,1500.21,1602.21,1772.42,951.43,1748,1612,6974,86744,93719,28645,65073,0,10,36202.3,20424136,32.9,48
n100k_d768_l2,100000,768,l2,cluster,0.2500,0.2500,25000,D_large48_standard,large,STANDARD,48,1,96,250,10,0.5470,2197.0,461.29,478.38,498.75,500.54,455.17,2136,2136,2136,0,2136,0,0,255,6,26936.8,39618184,41.1,96
n100k_d768_l2,100000,768,l2,cluster,0.2500,0.2500,25000,E_large48_acorn1,large,ACORN,48,1,96,250,10,0.8570,723.9,1288.29,2220.21,2568.38,2586.71,1381.46,2129,1900,10101,177747,187849,49669,138180,0,10,26936.8,39618184,41.1,96
n100k_d768_l2,100000,768,l2,cluster,0.2500,0.2500,25000,C_acorn_g4,acorn,ACORN,16,4,16,250,10,0.4790,2093.3,480.79,651.08,729.08,764.50,477.71,1482,1409,5539,10126,15667,8900,6767,0,9,35004.5,18532104,24.2,40
n100k_d768_l2,100000,768,l2,cluster,0.2500,0.2500,25000,C_acorn_g8,acorn,ACORN,16,8,16,250,10,0.5290,2041.3,488.25,715.75,782.62,885.96,489.89,1472,1393,5477,10527,16005,8600,7405,0,9,55273.2,20264200,24.3,40
n100k_d768_l2,100000,768,l2,cluster,0.2500,0.2500,25000,C_acorn_g16,acorn,ACORN,16,16,16,250,10,0.5600,1896.2,521.58,761.67,862.54,1174.12,527.38,1633,1554,5673,10218,15892,8984,6907,0,9,95724.5,23728392,24.3,40
n100k_d768_l2,100000,768,l2,cluster,0.2500,0.2500,25000,C_acorn_g32,acorn,ACORN,16,32,16,250,10,0.5160,1877.5,500.12,792.08,917.58,954.38,532.62,1596,1520,5860,9532,15393,9633,5759,0,10,242975.0,30656776,24.3,40
n100k_d768_l2,100000,768,l2,cluster,0.2500,0.2500,25000,A_std_standard,std,STANDARD,16,1,32,500,10,0.5450,1484.8,684.75,717.83,730.50,734.75,673.48,2056,2056,2056,0,2056,0,0,509,5,41699.6,14033032,25.8,32
n100k_d768_l2,100000,768,l2,cluster,0.2500,0.2500,25000,B_std_acorn1,std,ACORN,16,1,32,500,10,0.6460,858.0,1037.25,1959.54,2141.38,2310.38,1165.49,2058,1950,11016,79524,90542,34224,56318,0,10,41699.6,14033032,25.8,32
n100k_d768_l2,100000,768,l2,cluster,0.2500,0.2500,25000,D_large24_standard,large,STANDARD,24,1,48,500,10,0.5480,1475.1,683.00,722.54,761.25,776.46,677.92,2097,2097,2097,0,2097,0,0,507,5,36202.3,20424136,32.9,48
n100k_d768_l2,100000,768,l2,cluster,0.2500,0.2500,25000,E_large24_acorn1,large,ACORN,24,1,48,500,10,0.7260,650.2,1213.54,2681.38,2795.46,2804.79,1538.07,2064,1928,15174,151281,166456,58090,108366,0,10,36202.3,20424136,32.9,48
n100k_d768_l2,100000,768,l2,cluster,0.2500,0.2500,25000,D_large48_standard,large,STANDARD,48,1,96,500,10,0.5520,1468.0,685.83,724.88,742.50,743.92,681.22,2175,2175,2175,0,2175,0,0,505,7,26936.8,39618184,41.1,96
n100k_d768_l2,100000,768,l2,cluster,0.2500,0.2500,25000,E_large48_acorn1,large,ACORN,48,1,96,500,10,0.9050,436.8,1920.71,4045.75,4120.83,4232.88,2289.15,2643,2413,20568,302001,322570,94450,228120,0,10,26936.8,39618184,41.1,96
n100k_d768_l2,100000,768,l2,cluster,0.2500,0.2500,25000,C_acorn_g4,acorn,ACORN,16,4,16,500,10,0.4990,1250.5,783.04,1040.62,2244.04,2256.71,799.70,1853,1781,11197,16712,27910,17625,10285,0,9,35004.5,18532104,24.2,40
n100k_d768_l2,100000,768,l2,cluster,0.2500,0.2500,25000,C_acorn_g8,acorn,ACORN,16,8,16,500,10,0.5490,1312.1,778.00,1096.92,1344.96,1549.29,762.15,1735,1656,10722,17689,28412,16346,12065,0,9,55273.2,20264200,24.3,40
n100k_d768_l2,100000,768,l2,cluster,0.2500,0.2500,25000,C_acorn_g16,acorn,ACORN,16,16,16,500,10,0.5770,1210.5,833.79,1152.25,1222.79,1538.00,826.09,1947,1869,11342,16980,28324,17578,10745,0,9,95724.5,23728392,24.3,40
n100k_d768_l2,100000,768,l2,cluster,0.2500,0.2500,25000,C_acorn_g32,acorn,ACORN,16,32,16,500,10,0.5430,1101.5,870.71,1347.75,2134.79,2280.21,907.89,1969,1893,12150,20163,32315,20105,12209,0,10,242975.0,30656776,24.3,40
n100k_d768_l2,100000,768,l2,cluster,0.2500,0.2500,25000,F_exact,exact,EXACT,16,0,0,0,100,1.0000,176.9,5649.08,5691.79,5742.67,5746.29,5652.48,25000,0,0,0,100000,0,0,0,100,0.0,0,0.0,0
n100k_d768_l2,100000,768,l2,cluster,0.2500,0.2500,25000,A_std_standard,std,STANDARD,16,1,32,50,100,0.3555,5369.4,189.08,200.75,207.92,208.00,186.24,1084,1084,1084,0,1084,0,0,60,48,41699.6,14033032,25.8,32
n100k_d768_l2,100000,768,l2,cluster,0.2500,0.2500,25000,B_std_acorn1,std,ACORN,16,1,32,50,100,0.4200,3587.8,281.33,370.46,412.50,477.92,278.72,963,855,572,8194,8767,2594,6172,0,96,41699.6,14033032,25.8,32
n100k_d768_l2,100000,768,l2,cluster,0.2500,0.2500,25000,D_large24_standard,large,STANDARD,24,1,48,50,100,0.3992,4507.3,221.75,242.21,312.12,318.00,221.86,1324,1324,1324,0,1324,0,0,58,48,36202.3,20424136,32.9,48
n100k_d768_l2,100000,768,l2,cluster,0.2500,0.2500,25000,E_large24_acorn1,large,ACORN,24,1,48,50,100,0.6394,2712.3,371.17,462.29,507.92,563.96,368.69,1119,983,866,17886,18754,4207,14547,0,98,36202.3,20424136,32.9,48
n100k_d768_l2,100000,768,l2,cluster,0.2500,0.2500,25000,D_large48_standard,large,STANDARD,48,1,96,50,100,0.4349,3972.5,254.67,272.71,276.62,278.79,251.73,1587,1587,1587,0,1587,0,0,56,49,26936.8,39618184,41.1,96
n100k_d768_l2,100000,768,l2,cluster,0.2500,0.2500,25000,E_large48_acorn1,large,ACORN,48,1,96,50,100,0.7122,1875.8,516.00,717.75,797.96,824.29,533.10,1517,1287,1507,39079,40588,9015,31572,0,100,26936.8,39618184,41.1,96
n100k_d768_l2,100000,768,l2,cluster,0.2500,0.2500,25000,C_acorn_g4,acorn,ACORN,16,4,16,50,100,0.3656,5065.7,188.46,292.33,353.00,398.96,197.41,794,721,1234,1926,3161,1806,1355,0,97,35004.5,18532104,24.2,40
n100k_d768_l2,100000,768,l2,cluster,0.2500,0.2500,25000,C_acorn_g8,acorn,ACORN,16,8,16,50,100,0.3794,4945.9,189.00,328.83,400.42,409.79,202.19,800,721,1250,2161,3412,1782,1630,0,97,55273.2,20264200,24.3,40
n100k_d768_l2,100000,768,l2,cluster,0.2500,0.2500,25000,C_acorn_g16,acorn,ACORN,16,16,16,50,100,0.3495,4689.8,192.38,388.33,442.17,468.58,213.23,881,803,1267,1850,3118,1871,1246,0,97,95724.5,23728392,24.3,40
n100k_d768_l2,100000,768,l2,cluster,0.2500,0.2500,25000,C_acorn_g32,acorn,ACORN,16,32,16,50,100,0.3466,4616.6,206.75,381.42,429.04,480.92,216.61,879,803,1262,1601,2864,1879,985,0,100,242975.0,30656776,24.3,40
n100k_d768_l2,100000,768,l2,cluster,0.2500,0.2500,25000,A_std_standard,std,STANDARD,16,1,32,100,100,0.4380,3729.5,271.79,290.58,301.08,308.08,268.13,1503,1503,1503,0,1503,0,0,109,49,41699.6,14033032,25.8,32
n100k_d768_l2,100000,768,l2,cluster,0.2500,0.2500,25000,B_std_acorn1,std,ACORN,16,1,32,100,100,0.5346,2364.4,431.79,596.88,762.54,799.83,422.94,1286,1178,1408,19301,20710,6116,14593,0,96,41699.6,14033032,25.8,32
n100k_d768_l2,100000,768,l2,cluster,0.2500,0.2500,25000,D_large24_standard,large,STANDARD,24,1,48,100,100,0.4661,3319.5,302.62,329.71,392.75,394.42,301.25,1730,1730,1730,0,1730,0,0,107,49,36202.3,20424136,32.9,48
n100k_d768_l2,100000,768,l2,cluster,0.2500,0.2500,25000,E_large24_acorn1,large,ACORN,24,1,48,100,100,0.7513,1789.4,542.33,757.46,880.71,1038.00,558.85,1435,1299,2168,38962,41131,10012,31119,0,100,36202.3,20424136,32.9,48
n100k_d768_l2,100000,768,l2,cluster,0.2500,0.2500,25000,D_large48_standard,large,STANDARD,48,1,96,100,100,0.4837,3089.1,327.58,350.54,356.79,358.38,323.72,1932,1932,1932,0,1932,0,0,106,50,26936.8,39618184,41.1,96
n100k_d768_l2,100000,768,l2,cluster,0.2500,0.2500,25000,E_large48_acorn1,large,ACORN,48,1,96,100,100,0.8009,1274.3,769.00,1168.50,1265.96,1519.67,784.72,1761,1531,3613,79368,82982,19508,63474,0,100,26936.8,39618184,41.1,96
n100k_d768_l2,100000,768,l2,cluster,0.2500,0.2500,25000,C_acorn_g4,acorn,ACORN,16,4,16,100,100,0.4262,3600.1,267.92,433.00,503.54,504.25,277.77,1045,972,2280,3963,6245,3483,2761,0,98,35004.5,18532104,24.2,40
n100k_d768_l2,100000,768,l2,cluster,0.2500,0.2500,25000,C_acorn_g8,acorn,ACORN,16,8,16,100,100,0.4667,3452.2,277.46,450.04,509.17,664.88,289.67,1066,987,2316,4457,6775,3453,3321,0,97,55273.2,20264200,24.3,40
n100k_d768_l2,100000,768,l2,cluster,0.2500,0.2500,25000,C_acorn_g16,acorn,ACORN,16,16,16,100,100,0.4681,3219.2,291.88,505.50,582.12,587.00,310.63,1176,1098,2370,4321,6693,3602,3090,0,98,95724.5,23728392,24.3,40
n100k_d768_l2,100000,768,l2,cluster,0.2500,0.2500,25000,C_acorn_g32,acorn,ACORN,16,32,16,100,100,0.4436,3221.9,295.96,496.17,589.29,691.29,310.38,1168,1092,2345,3440,5786,3654,2132,0,100,242975.0,30656776,24.3,40
n100k_d768_l2,100000,768,l2,cluster,0.2500,0.2500,25000,A_std_standard,std,STANDARD,16,1,32,250,100,0.4924,2265.3,447.21,471.62,482.38,487.00,441.44,1924,1924,1924,0,1924,0,0,259,49,41699.6,14033032,25.8,32
n100k_d768_l2,100000,768,l2,cluster,0.2500,0.2500,25000,B_std_acorn1,std,ACORN,16,1,32,250,100,0.6347,1299.5,732.04,1330.83,1582.04,2019.12,769.52,1716,1608,4918,49863,54782,18014,36768,0,96,41699.6,14033032,25.8,32
n100k_d768_l2,100000,768,l2,cluster,0.2500,0.2500,25000,D_large24_standard,large,STANDARD,24,1,48,250,100,0.4975,2183.7,462.79,500.62,563.29,564.79,457.94,2038,2038,2038,0,2038,0,0,257,50,36202.3,20424136,32.9,48
n100k_d768_l2,100000,768,l2,cluster,0.2500,0.2500,25000,E_large24_acorn1,large,ACORN,24,1,48,250,100,0.7925,1043.3,745.38,1504.54,1706.25,1814.29,958.54,1748,1612,6974,86744,93719,28645,65073,0,100,36202.3,20424136,32.9,48
n100k_d768_l2,100000,768,l2,cluster,0.2500,0.2500,25000,D_large48_standard,large,STANDARD,48,1,96,250,100,0.5017,2148.6,470.25,497.21,514.29,518.29,465.42,2136,2136,2136,0,2136,0,0,255,51,26936.8,39618184,41.1,96
n100k_d768_l2,100000,768,l2,cluster,0.2500,0.2500,25000,E_large48_acorn1,large,ACORN,48,1,96,250,100,0.8801,715.9,1305.88,2226.79,2582.46,2604.83,1396.93,2129,1900,10101,177747,187849,49669,138180,0,100,26936.8,39618184,41.1,96
n100k_d768_l2,100000,768,l2,cluster,0.2500,0.2500,25000,C_acorn_g4,acorn,ACORN,16,4,16,250,100,0.4834,2050.3,490.38,661.12,722.83,745.79,487.74,1482,1409,5539,10126,15667,8900,6767,0,98,35004.5,18532104,24.2,40
n100k_d768_l2,100000,768,l2,cluster,0.2500,0.2500,25000,C_acorn_g8,acorn,ACORN,16,8,16,250,100,0.5281,2006.6,498.62,710.38,808.33,901.88,498.35,1472,1393,5477,10527,16005,8600,7405,0,97,55273.2,20264200,24.3,40
n100k_d768_l2,100000,768,l2,cluster,0.2500,0.2500,25000,C_acorn_g16,acorn,ACORN,16,16,16,250,100,0.5514,1859.7,531.04,779.25,853.08,1207.62,537.72,1633,1554,5673,10218,15892,8984,6907,0,98,95724.5,23728392,24.3,40
n100k_d768_l2,100000,768,l2,cluster,0.2500,0.2500,25000,C_acorn_g32,acorn,ACORN,16,32,16,250,100,0.5340,1835.5,523.29,819.75,937.79,973.12,544.81,1596,1520,5860,9532,15393,9633,5759,0,100,242975.0,30656776,24.3,40
n100k_d768_l2,100000,768,l2,cluster,0.2500,0.2500,25000,A_std_standard,std,STANDARD,16,1,32,500,100,0.4996,1487.9,680.58,716.17,732.75,738.46,672.10,2056,2056,2056,0,2056,0,0,509,50,41699.6,14033032,25.8,32
n100k_d768_l2,100000,768,l2,cluster,0.2500,0.2500,25000,B_std_acorn1,std,ACORN,16,1,32,500,100,0.6426,850.3,1008.21,1967.12,2192.38,2347.33,1176.03,2058,1950,11016,79524,90542,34224,56318,0,96,41699.6,14033032,25.8,32
n100k_d768_l2,100000,768,l2,cluster,0.2500,0.2500,25000,D_large24_standard,large,STANDARD,24,1,48,500,100,0.5008,1441.8,700.96,739.42,780.88,822.46,693.57,2097,2097,2097,0,2097,0,0,507,50,36202.3,20424136,32.9,48
n100k_d768_l2,100000,768,l2,cluster,0.2500,0.2500,25000,E_large24_acorn1,large,ACORN,24,1,48,500,100,0.8100,599.9,1268.83,2914.88,3214.42,3633.21,1667.06,2064,1928,15174,151281,166456,58090,108366,0,100,36202.3,20424136,32.9,48
n100k_d768_l2,100000,768,l2,cluster,0.2500,0.2500,25000,D_large48_standard,large,STANDARD,48,1,96,500,100,0.5047,1437.3,703.46,736.88,746.71,756.08,695.76,2175,2175,2175,0,2175,0,0,505,52,26936.8,39618184,41.1,96
n100k_d768_l2,100000,768,l2,cluster,0.2500,0.2500,25000,E_large48_acorn1,large,ACORN,48,1,96,500,100,0.9224,428.9,2011.17,4083.38,4312.38,5623.33,2331.77,2643,2413,20568,302001,322570,94450,228120,0,100,26936.8,39618184,41.1,96
n100k_d768_l2,100000,768,l2,cluster,0.2500,0.2500,25000,C_acorn_g4,acorn,ACORN,16,4,16,500,100,0.5063,1256.8,771.71,1029.42,2117.75,2280.92,795.65,1853,1781,11197,16712,27910,17625,10285,0,98,35004.5,18532104,24.2,40
n100k_d768_l2,100000,768,l2,cluster,0.2500,0.2500,25000,C_acorn_g8,acorn,ACORN,16,8,16,500,100,0.5640,1300.7,786.75,1077.50,1379.00,1574.42,768.84,1735,1656,10722,17689,28412,16346,12065,0,97,55273.2,20264200,24.3,40
n100k_d768_l2,100000,768,l2,cluster,0.2500,0.2500,25000,C_acorn_g16,acorn,ACORN,16,16,16,500,100,0.5785,1197.0,850.33,1145.75,1255.58,1584.83,835.41,1947,1869,11342,16980,28324,17578,10745,0,98,95724.5,23728392,24.3,40
n100k_d768_l2,100000,768,l2,cluster,0.2500,0.2500,25000,C_acorn_g32,acorn,ACORN,16,32,16,500,100,0.5789,1086.9,873.96,1322.88,2143.62,2321.71,920.09,1969,1893,12150,20163,32315,20105,12209,0,100,242975.0,30656776,24.3,40
n100k_d768_l2,100000,768,l2,cluster,0.1000,0.1000,10000,F_exact,exact,EXACT,16,0,0,0,10,1.0000,436.2,2284.25,2340.42,2440.88,2455.79,2292.43,10000,0,0,0,100000,0,0,0,10,0.0,0,0.0,0
n100k_d768_l2,100000,768,l2,cluster,0.1000,0.1000,10000,A_std_standard,std,STANDARD,16,1,32,50,10,0.2020,5820.8,173.79,188.92,189.75,200.54,171.80,1084,1084,1084,0,1084,0,0,60,2,41699.6,14033032,25.8,32
n100k_d768_l2,100000,768,l2,cluster,0.1000,0.1000,10000,B_std_acorn1,std,ACORN,16,1,32,50,10,0.5370,4405.2,209.38,338.62,479.29,559.00,227.00,1032,940,568,7838,8408,2451,5956,0,10,41699.6,14033032,25.8,32
n100k_d768_l2,100000,768,l2,cluster,0.1000,0.1000,10000,D_large24_standard,large,STANDARD,24,1,48,50,10,0.2160,4867.1,206.00,224.88,275.04,279.17,205.46,1324,1324,1324,0,1324,0,0,58,2,36202.3,20424136,32.9,48
n100k_d768_l2,100000,768,l2,cluster,0.1000,0.1000,10000,E_large24_acorn1,large,ACORN,24,1,48,50,10,0.7770,3400.3,279.71,427.21,469.29,534.83,294.09,1055,932,924,19987,20913,4286,16626,0,10,36202.3,20424136,32.9,48
n100k_d768_l2,100000,768,l2,cluster,0.1000,0.1000,10000,D_large48_standard,large,STANDARD,48,1,96,50,10,0.2440,4262.3,236.12,251.29,255.21,260.17,234.62,1587,1587,1587,0,1587,0,0,56,2,26936.8,39618184,41.1,96
n100k_d768_l2,100000,768,l2,cluster,0.1000,0.1000,10000,E_large48_acorn1,large,ACORN,48,1,96,50,10,0.8470,2369.9,405.96,638.71,695.96,775.83,421.95,1446,1201,1529,39480,41010,8753,32256,0,10,26936.8,39618184,41.1,96
n100k_d768_l2,100000,768,l2,cluster,0.1000,0.1000,10000,C_acorn_g4,acorn,ACORN,16,4,16,50,10,0.5330,6365.9,150.46,239.29,261.17,262.08,157.09,741,677,1286,2308,3596,1757,1839,0,10,35004.5,18532104,24.2,40
n100k_d768_l2,100000,768,l2,cluster,0.1000,0.1000,10000,C_acorn_g8,acorn,ACORN,16,8,16,50,10,0.5410,6307.6,156.88,211.42,252.25,265.58,158.54,758,688,1334,2152,3487,1740,1747,0,10,55273.2,20264200,24.3,40
n100k_d768_l2,100000,768,l2,cluster,0.1000,0.1000,10000,C_acorn_g16,acorn,ACORN,16,16,16,50,10,0.4890,6269.9,156.17,219.21,254.67,256.58,159.49,780,710,1360,2182,3543,1751,1792,0,10,95724.5,23728392,24.3,40
n100k_d768_l2,100000,768,l2,cluster,0.1000,0.1000,10000,C_acorn_g32,acorn,ACORN,16,32,16,50,10,0.4840,6731.3,142.67,211.58,255.54,284.25,148.56,771,703,1521,2269,3791,1734,2057,0,10,242975.0,30656776,24.3,40
n100k_d768_l2,100000,768,l2,cluster,0.1000,0.1000,10000,A_std_standard,std,STANDARD,16,1,32,100,10,0.2330,3799.3,266.38,279.25,292.83,294.17,263.20,1503,1503,1503,0,1503,0,0,109,2,41699.6,14033032,25.8,32
n100k_d768_l2,100000,768,l2,cluster,0.1000,0.1000,10000,B_std_acorn1,std,ACORN,16,1,32,100,10,0.6650,0.3,431.29,965.50,11339.96,345748503.21,3458097.98,1371,1279,1288,15855,17144,5241,11902,0,10,41699.6,14033032,25.8,32
n100k_d768_l2,100000,768,l2,cluster,0.1000,0.1000,10000,D_large24_standard,large,STANDARD,24,1,48,100,10,0.2430,1370.4,665.08,1360.46,1535.04,2587.54,729.73,1730,1730,1730,0,1730,0,0,107,2,36202.3,20424136,32.9,48
n100k_d768_l2,100000,768,l2,cluster,0.1000,0.1000,10000,E_large24_acorn1,large,ACORN,24,1,48,100,10,0.8610,1106.9,876.54,1340.46,1554.79,2588.46,903.39,1337,1215,2169,40912,43083,9839,33244,0,10,36202.3,20424136,32.9,48
n100k_d768_l2,100000,768,l2,cluster,0.1000,0.1000,10000,D_large48_standard,large,STANDARD,48,1,96,100,10,0.2620,1484.6,684.08,759.83,784.29,805.79,673.58,1932,1932,1932,0,1932,0,0,106,3,26936.8,39618184,41.1,96
n100k_d768_l2,100000,768,l2,cluster,0.1000,0.1000,10000,E_large48_acorn1,large,ACORN,48,1,96,100,10,0.9110,891.5,1039.54,2032.62,2360.00,2697.50,1121.69,1699,1455,3531,74521,78053,17889,60164,0,10,26936.8,39618184,41.1,96
n100k_d768_l2,100000,768,l2,cluster,0.1000,0.1000,10000,C_acorn_g4,acorn,ACORN,16,4,16,100,10,0.6170,2620.0,356.75,584.08,833.38,890.58,381.67,983,919,2344,4589,6935,3475,3460,0,10,35004.5,18532104,24.2,40
n100k_d768_l2,100000,768,l2,cluster,0.1000,0.1000,10000,C_acorn_g8,acorn,ACORN,16,8,16,100,10,0.6290,2920.3,331.21,497.75,559.50,576.58,342.43,1010,939,2397,4498,6897,3445,3451,0,10,55273.2,20264200,24.3,40
n100k_d768_l2,100000,768,l2,cluster,0.1000,0.1000,10000,C_acorn_g16,acorn,ACORN,16,16,16,100,10,0.5810,3026.6,326.08,466.75,614.88,719.75,330.40,1042,972,2417,4490,6908,3427,3480,0,10,95724.5,23728392,24.3,40
n100k_d768_l2,100000,768,l2,cluster,0.1000,0.1000,10000,C_acorn_g32,acorn,ACORN,16,32,16,100,10,0.5870,3221.7,299.92,454.71,664.75,759.96,310.40,1096,1028,2617,4347,6965,3497,3468,0,10,242975.0,30656776,24.3,40
n100k_d768_l2,100000,768,l2,cluster,0.1000,0.1000,10000,A_std_standard,std,STANDARD,16,1,32,250,10,0.2700,2097.4,469.58,566.08,605.17,664.25,476.79,1924,1924,1924,0,1924,0,0,259,2,41699.6,14033032,25.8,32
n100k_d768_l2,100000,768,l2,cluster,0.1000,0.1000,10000,B_std_acorn1,std,ACORN,16,1,32,250,10,0.7340,1313.1,696.54,1432.33,1596.79,1618.79,761.55,1751,1659,4450,32013,36464,13986,22477,0,10,41699.6,14033032,25.8,32
n100k_d768_l2,100000,768,l2,cluster,0.1000,0.1000,10000,D_large24_standard,large,STANDARD,24,1,48,250,10,0.2660,2077.1,483.67,520.83,559.54,587.96,481.44,2038,2038,2038,0,2038,0,0,257,2,36202.3,20424136,32.9,48
n100k_d768_l2,100000,768,l2,cluster,0.1000,0.1000,10000,E_large24_acorn1,large,ACORN,24,1,48,250,10,0.9190,1007.9,811.75,1589.50,2009.17,2099.38,992.14,1888,1766,6787,81397,88186,27207,60978,0,10,36202.3,20424136,32.9,48
n100k_d768_l2,100000,768,l2,cluster,0.1000,0.1000,10000,D_large48_standard,large,STANDARD,48,1,96,250,10,0.2760,2088.9,483.04,509.38,524.67,571.88,478.72,2136,2136,2136,0,2136,0,0,255,3,26936.8,39618184,41.1,96
n100k_d768_l2,100000,768,l2,cluster,0.1000,0.1000,10000,E_large48_acorn1,large,ACORN,48,1,96,250,10,0.9630,753.1,1055.29,2348.62,2478.25,2515.25,1327.86,2157,1912,9736,149152,158890,43576,115313,0,10,26936.8,39618184,41.1,96
n100k_d768_l2,100000,768,l2,cluster,0.1000,0.1000,10000,C_acorn_g4,acorn,ACORN,16,4,16,250,10,0.6840,2021.9,501.46,642.38,648.75,705.54,494.57,1302,1238,5709,12353,18064,9300,8763,0,10,35004.5,18532104,24.2,40
n100k_d768_l2,100000,768,l2,cluster,0.1000,0.1000,10000,C_acorn_g8,acorn,ACORN,16,8,16,250,10,0.7090,1926.2,513.92,669.04,692.96,703.04,519.15,1351,1280,5757,12112,17870,9180,8690,0,10,55273.2,20264200,24.3,40
n100k_d768_l2,100000,768,l2,cluster,0.1000,0.1000,10000,C_acorn_g16,acorn,ACORN,16,16,16,250,10,0.6870,1700.4,590.25,813.75,922.12,1077.67,588.11,1443,1373,5640,10696,16337,8725,7612,0,10,95724.5,23728392,24.3,40
n100k_d768_l2,100000,768,l2,cluster,0.1000,0.1000,10000,C_acorn_g32,acorn,ACORN,16,32,16,250,10,0.6880,1879.3,485.00,862.21,1086.38,2022.38,532.11,1618,1550,6041,10076,16119,9209,6910,0,10,242975.0,30656776,24.3,40
n100k_d768_l2,100000,768,l2,cluster,0.1000,0.1000,10000,A_std_standard,std,STANDARD,16,1,32,500,10,0.2710,1417.4,708.17,764.54,813.71,830.12,705.49,2056,2056,2056,0,2056,0,0,509,3,41699.6,14033032,25.8,32
n100k_d768_l2,100000,768,l2,cluster,0.1000,0.1000,10000,B_std_acorn1,std,ACORN,16,1,32,500,10,0.7540,1000.8,799.12,2017.88,2438.29,3148.25,999.25,1865,1773,10437,54946,65384,26511,38872,0,10,41699.6,14033032,25.8,32
n100k_d768_l2,100000,768,l2,cluster,0.1000,0.1000,10000,D_large24_standard,large,STANDARD,24,1,48,500,10,0.2680,1426.6,703.79,764.96,792.25,822.12,700.95,2097,2097,2097,0,2097,0,0,507,3,36202.3,20424136,32.9,48
n100k_d768_l2,100000,768,l2,cluster,0.1000,0.1000,10000,E_large24_acorn1,large,ACORN,24,1,48,500,10,0.9270,626.2,1291.00,2856.79,3352.38,3643.92,1597.05,2129,2007,15310,149664,164976,56117,108859,0,10,36202.3,20424136,32.9,48
n100k_d768_l2,100000,768,l2,cluster,0.1000,0.1000,10000,D_large48_standard,large,STANDARD,48,1,96,500,10,0.2810,1425.2,703.12,760.21,781.92,816.12,701.65,2175,2175,2175,0,2175,0,0,505,5,26936.8,39618184,41.1,96
n100k_d768_l2,100000,768,l2,cluster,0.1000,0.1000,10000,E_large48_acorn1,large,ACORN,48,1,96,500,10,0.9710,473.1,1457.71,4069.67,4280.50,4293.12,2113.68,2542,2298,19981,257216,277198,82957,194241,0,10,26936.8,39618184,41.1,96
n100k_d768_l2,100000,768,l2,cluster,0.1000,0.1000,10000,C_acorn_g4,acorn,ACORN,16,4,16,500,10,0.7260,1327.0,765.54,942.12,1055.50,1231.96,753.55,1493,1429,11111,22551,33664,17967,15696,0,10,35004.5,18532104,24.2,40
n100k_d768_l2,100000,768,l2,cluster,0.1000,0.1000,10000,C_acorn_g8,acorn,ACORN,16,8,16,500,10,0.7290,1275.9,780.42,1002.75,1062.12,1348.62,783.74,1534,1463,11184,21571,32756,17700,15056,0,10,55273.2,20264200,24.3,40
n100k_d768_l2,100000,768,l2,cluster,0.1000,0.1000,10000,C_acorn_g16,acorn,ACORN,16,16,16,500,10,0.7150,1194.7,811.38,1212.75,1504.92,1973.92,837.02,1730,1660,11366,19170,30538,17501,13036,0,10,95724.5,23728392,24.3,40
n100k_d768_l2,100000,768,l2,cluster,0.1000,0.1000,10000,C_acorn_g32,acorn,ACORN,16,32,16,500,10,0.7270,1185.8,789.25,1315.88,1497.12,1698.38,843.30,1905,1837,11974,18861,30837,18551,12286,0,10,242975.0,30656776,24.3,40
n100k_d768_l2,100000,768,l2,cluster,0.1000,0.1000,10000,F_exact,exact,EXACT,16,0,0,0,100,1.0000,350.2,2776.04,3420.62,3486.29,3543.25,2855.28,10000,0,0,0,100000,0,0,0,100,0.0,0,0.0,0
n100k_d768_l2,100000,768,l2,cluster,0.1000,0.1000,10000,A_std_standard,std,STANDARD,16,1,32,50,100,0.1500,4864.6,203.33,242.29,251.54,275.92,205.57,1084,1084,1084,0,1084,0,0,60,21,41699.6,14033032,25.8,32
n100k_d768_l2,100000,768,l2,cluster,0.1000,0.1000,10000,B_std_acorn1,std,ACORN,16,1,32,50,100,0.5398,3245.3,278.46,485.79,757.83,764.58,308.14,1032,940,568,7838,8408,2451,5956,0,98,41699.6,14033032,25.8,32
n100k_d768_l2,100000,768,l2,cluster,0.1000,0.1000,10000,D_large24_standard,large,STANDARD,24,1,48,50,100,0.1669,4423.4,224.83,251.04,309.54,310.46,226.07,1324,1324,1324,0,1324,0,0,58,20,36202.3,20424136,32.9,48
n100k_d768_l2,100000,768,l2,cluster,0.1000,0.1000,10000,E_large24_acorn1,large,ACORN,24,1,48,50,100,0.7226,3003.0,319.67,486.71,510.33,654.88,333.00,1055,932,924,19987,20913,4286,16626,0,99,36202.3,20424136,32.9,48
n100k_d768_l2,100000,768,l2,cluster,0.1000,0.1000,10000,D_large48_standard,large,STANDARD,48,1,96,50,100,0.1863,3957.0,252.25,277.04,284.08,286.08,252.72,1587,1587,1587,0,1587,0,0,56,21,26936.8,39618184,41.1,96
n100k_d768_l2,100000,768,l2,cluster,0.1000,0.1000,10000,E_large48_acorn1,large,ACORN,48,1,96,50,100,0.8307,2138.4,453.21,662.21,730.75,869.42,467.65,1446,1201,1529,39480,41010,8753,32256,0,99,26936.8,39618184,41.1,96
n100k_d768_l2,100000,768,l2,cluster,0.1000,0.1000,10000,C_acorn_g4,acorn,ACORN,16,4,16,50,100,0.5047,5365.3,188.17,255.83,276.83,301.71,186.38,741,677,1286,2308,3596,1757,1839,0,100,35004.5,18532104,24.2,40
n100k_d768_l2,100000,768,l2,cluster,0.1000,0.1000,10000,C_acorn_g8,acorn,ACORN,16,8,16,50,100,0.4934,5353.7,185.71,248.33,273.42,278.88,186.79,758,688,1334,2152,3487,1740,1747,0,99,55273.2,20264200,24.3,40
n100k_d768_l2,100000,768,l2,cluster,0.1000,0.1000,10000,C_acorn_g16,acorn,ACORN,16,16,16,50,100,0.4674,5433.1,182.67,255.50,274.46,278.42,184.06,780,710,1360,2182,3543,1751,1792,0,99,95724.5,23728392,24.3,40
n100k_d768_l2,100000,768,l2,cluster,0.1000,0.1000,10000,C_acorn_g32,acorn,ACORN,16,32,16,50,100,0.4409,5773.7,169.79,238.54,275.00,318.21,173.20,771,703,1521,2269,3791,1734,2057,0,98,242975.0,30656776,24.3,40
n100k_d768_l2,100000,768,l2,cluster,0.1000,0.1000,10000,A_std_standard,std,STANDARD,16,1,32,100,100,0.1884,3676.9,273.21,298.38,306.04,306.54,271.97,1503,1503,1503,0,1503,0,0,109,21,41699.6,14033032,25.8,32
n100k_d768_l2,100000,768,l2,cluster,0.1000,0.1000,10000,B_std_acorn1,std,ACORN,16,1,32,100,100,0.6733,2579.4,356.83,599.17,773.62,842.21,387.69,1371,1279,1288,15855,17144,5241,11902,0,98,41699.6,14033032,25.8,32
n100k_d768_l2,100000,768,l2,cluster,0.1000,0.1000,10000,D_large24_standard,large,STANDARD,24,1,48,100,100,0.1977,3261.2,307.92,344.92,377.25,397.46,306.64,1730,1730,1730,0,1730,0,0,107,21,36202.3,20424136,32.9,48
n100k_d768_l2,100000,768,l2,cluster,0.1000,0.1000,10000,E_large24_acorn1,large,ACORN,24,1,48,100,100,0.8265,2031.3,460.75,757.88,792.67,794.62,492.31,1337,1215,2169,40912,43083,9839,33244,0,100,36202.3,20424136,32.9,48
n100k_d768_l2,100000,768,l2,cluster,0.1000,0.1000,10000,D_large48_standard,large,STANDARD,48,1,96,100,100,0.2106,3048.6,328.71,357.58,367.00,400.29,328.02,1932,1932,1932,0,1932,0,0,106,21,26936.8,39618184,41.1,96
n100k_d768_l2,100000,768,l2,cluster,0.1000,0.1000,10000,E_large48_acorn1,large,ACORN,48,1,96,100,100,0.9280,1440.7,655.71,1088.21,1198.54,1312.50,694.12,1699,1455,3531,74521,78053,17889,60164,0,100,26936.8,39618184,41.1,96
n100k_d768_l2,100000,768,l2,cluster,0.1000,0.1000,10000,C_acorn_g4,acorn,ACORN,16,4,16,100,100,0.6212,3892.1,259.38,354.25,387.96,391.96,256.93,983,919,2344,4589,6935,3475,3460,0,100,35004.5,18532104,24.2,40
n100k_d768_l2,100000,768,l2,cluster,0.1000,0.1000,10000,C_acorn_g8,acorn,ACORN,16,8,16,100,100,0.6090,3755.0,266.12,362.62,390.50,401.46,266.31,1010,939,2397,4498,6897,3445,3451,0,100,55273.2,20264200,24.3,40
n100k_d768_l2,100000,768,l2,cluster,0.1000,0.1000,10000,C_acorn_g16,acorn,ACORN,16,16,16,100,100,0.5833,3686.6,265.25,382.96,409.17,413.25,271.25,1042,972,2417,4490,6908,3427,3480,0,99,95724.5,23728392,24.3,40
n100k_d768_l2,100000,768,l2,cluster,0.1000,0.1000,10000,C_acorn_g32,acorn,ACORN,16,32,16,100,100,0.5672,3743.9,253.71,389.21,634.96,640.38,267.10,1096,1028,2617,4347,6965,3497,3468,0,100,242975.0,30656776,24.3,40
n100k_d768_l2,100000,768,l2,cluster,0.1000,0.1000,10000,A_std_standard,std,STANDARD,16,1,32,250,100,0.2142,2249.7,449.67,482.08,495.79,497.38,444.50,1924,1924,1924,0,1924,0,0,259,22,41699.6,14033032,25.8,32
n100k_d768_l2,100000,768,l2,cluster,0.1000,0.1000,10000,B_std_acorn1,std,ACORN,16,1,32,250,100,0.7676,1376.6,654.29,1366.17,1549.92,1561.96,726.41,1751,1659,4450,32013,36464,13986,22477,0,98,41699.6,14033032,25.8,32
n100k_d768_l2,100000,768,l2,cluster,0.1000,0.1000,10000,D_large24_standard,large,STANDARD,24,1,48,250,100,0.2149,2037.0,493.33,554.96,572.38,627.12,490.91,2038,2038,2038,0,2038,0,0,257,21,36202.3,20424136,32.9,48
n100k_d768_l2,100000,768,l2,cluster,0.1000,0.1000,10000,E_large24_acorn1,large,ACORN,24,1,48,250,100,0.9081,712.3,1278.00,2695.08,3000.42,3732.96,1403.99,1888,1766,6787,81397,88186,27207,60978,0,100,36202.3,20424136,32.9,48
n100k_d768_l2,100000,768,l2,cluster,0.1000,0.1000,10000,D_large48_standard,large,STANDARD,48,1,96,250,100,0.2197,1784.3,507.21,808.62,938.54,948.79,560.44,2136,2136,2136,0,2136,0,0,255,23,26936.8,39618184,41.1,96
n100k_d768_l2,100000,768,l2,cluster,0.1000,0.1000,10000,E_large48_acorn1,large,ACORN,48,1,96,250,100,0.9806,707.0,1014.33,2645.79,2796.83,2877.25,1414.49,2157,1912,9736,149152,158890,43576,115313,0,100,26936.8,39618184,41.1,96
n100k_d768_l2,100000,768,l2,cluster,0.1000,0.1000,10000,C_acorn_g4,acorn,ACORN,16,4,16,250,100,0.7344,1906.6,533.58,640.17,651.25,679.62,524.49,1302,1238,5709,12353,18064,9300,8763,0,100,35004.5,18532104,24.2,40
n100k_d768_l2,100000,768,l2,cluster,0.1000,0.1000,10000,C_acorn_g8,acorn,ACORN,16,8,16,250,100,0.7217,1788.8,566.33,720.17,872.12,938.25,559.04,1351,1280,5757,12112,17870,9180,8690,0,100,55273.2,20264200,24.3,40
n100k_d768_l2,100000,768,l2,cluster,0.1000,0.1000,10000,C_acorn_g16,acorn,ACORN,16,16,16,250,100,0.7137,1737.6,580.00,764.46,888.38,1124.25,575.50,1443,1373,5640,10696,16337,8725,7612,0,99,95724.5,23728392,24.3,40
n100k_d768_l2,100000,768,l2,cluster,0.1000,0.1000,10000,C_acorn_g32,acorn,ACORN,16,32,16,250,100,0.7012,1548.7,598.88,969.04,1589.67,1597.12,645.70,1618,1550,6041,10076,16119,9209,6910,0,100,242975.0,30656776,24.3,40
n100k_d768_l2,100000,768,l2,cluster,0.1000,0.1000,10000,A_std_standard,std,STANDARD,16,1,32,500,100,0.2189,1408.5,696.46,844.71,975.00,980.42,709.97,2056,2056,2056,0,2056,0,0,509,22,41699.6,14033032,25.8,32
n100k_d768_l2,100000,768,l2,cluster,0.1000,0.1000,10000,B_std_acorn1,std,ACORN,16,1,32,500,100,0.7920,920.7,919.42,2126.42,2466.75,3168.71,1086.19,1865,1773,10437,54946,65384,26511,38872,0,98,41699.6,14033032,25.8,32
n100k_d768_l2,100000,768,l2,cluster,0.1000,0.1000,10000,D_large24_standard,large,STANDARD,24,1,48,500,100,0.2181,1414.6,706.33,784.00,802.25,864.50,706.92,2097,2097,2097,0,2097,0,0,507,22,36202.3,20424136,32.9,48
n100k_d768_l2,100000,768,l2,cluster,0.1000,0.1000,10000,E_large24_acorn1,large,ACORN,24,1,48,500,100,0.9272,612.9,1346.79,2886.42,3377.12,3633.17,1631.59,2129,2007,15310,149664,164976,56117,108859,0,100,36202.3,20424136,32.9,48
n100k_d768_l2,100000,768,l2,cluster,0.1000,0.1000,10000,D_large48_standard,large,STANDARD,48,1,96,500,100,0.2237,1420.2,704.83,756.58,787.96,881.58,704.14,2175,2175,2175,0,2175,0,0,505,24,26936.8,39618184,41.1,96
n100k_d768_l2,100000,768,l2,cluster,0.1000,0.1000,10000,E_large48_acorn1,large,ACORN,48,1,96,500,100,0.9937,438.5,1566.75,4409.50,4647.88,4726.17,2280.75,2542,2298,19981,257216,277198,82957,194241,0,100,26936.8,39618184,41.1,96
n100k_d768_l2,100000,768,l2,cluster,0.1000,0.1000,10000,C_acorn_g4,acorn,ACORN,16,4,16,500,100,0.7858,1199.8,877.42,1035.12,1272.50,1288.96,833.45,1493,1429,11111,22551,33664,17967,15696,0,100,35004.5,18532104,24.2,40
n100k_d768_l2,100000,768,l2,cluster,0.1000,0.1000,10000,C_acorn_g8,acorn,ACORN,16,8,16,500,100,0.7675,1185.8,881.08,1072.79,1124.96,1389.33,843.28,1534,1463,11184,21571,32756,17700,15056,0,100,55273.2,20264200,24.3,40
n100k_d768_l2,100000,768,l2,cluster,0.1000,0.1000,10000,C_acorn_g16,acorn,ACORN,16,16,16,500,100,0.7649,1108.1,901.54,1346.38,1588.29,1634.67,902.45,1730,1660,11366,19170,30538,17501,13036,0,99,95724.5,23728392,24.3,40
n100k_d768_l2,100000,768,l2,cluster,0.1000,0.1000,10000,C_acorn_g32,acorn,ACORN,16,32,16,500,100,0.7576,1031.6,922.79,1531.58,1641.38,1770.75,969.41,1905,1837,11974,18861,30837,18551,12286,0,100,242975.0,30656776,24.3,40
n100k_d768_l2,100000,768,l2,cluster,0.0500,0.0500,5000,F_exact,exact,EXACT,16,0,0,0,10,1.0000,982.1,967.54,1294.04,1569.00,1600.75,1018.18,5000,0,0,0,100000,0,0,0,10,0.0,0,0.0,0
n100k_d768_l2,100000,768,l2,cluster,0.0500,0.0500,5000,A_std_standard,std,STANDARD,16,1,32,50,10,0.1470,5631.8,177.83,203.42,210.54,210.67,177.56,1084,1084,1084,0,1084,0,0,60,1,41699.6,14033032,25.8,32
n100k_d768_l2,100000,768,l2,cluster,0.0500,0.0500,5000,B_std_acorn1,std,ACORN,16,1,32,50,10,0.6580,4734.7,206.67,296.42,343.58,349.33,211.21,602,533,933,18256,19191,3326,15864,0,10,41699.6,14033032,25.8,32
n100k_d768_l2,100000,768,l2,cluster,0.0500,0.0500,5000,D_large24_standard,large,STANDARD,24,1,48,50,10,0.1520,4788.0,207.38,231.38,288.92,292.25,208.86,1324,1324,1324,0,1324,0,0,58,1,36202.3,20424136,32.9,48
n100k_d768_l2,100000,768,l2,cluster,0.0500,0.0500,5000,E_large24_acorn1,large,ACORN,24,1,48,50,10,0.6040,3318.4,287.79,473.12,526.29,617.38,301.35,857,763,1194,27373,28569,5812,22756,0,10,36202.3,20424136,32.9,48
n100k_d768_l2,100000,768,l2,cluster,0.0500,0.0500,5000,D_large48_standard,large,STANDARD,48,1,96,50,10,0.1810,4170.6,240.12,263.67,274.04,286.92,239.77,1587,1587,1587,0,1587,0,0,56,2,26936.8,39618184,41.1,96
n100k_d768_l2,100000,768,l2,cluster,0.0500,0.0500,5000,E_large48_acorn1,large,ACORN,48,1,96,50,10,0.7160,2304.2,421.88,549.58,642.08,693.92,433.98,1058,840,1789,55371,57161,11857,45303,0,10,26936.8,39618184,41.1,96
n100k_d768_l2,100000,768,l2,cluster,0.0500,0.0500,5000,C_acorn_g4,acorn,ACORN,16,4,16,50,10,0.3430,10048.2,101.08,138.79,200.50,233.08,99.52,461,424,1423,4820,6244,1579,4664,0,10,35004.5,18532104,24.2,40
n100k_d768_l2,100000,768,l2,cluster,0.0500,0.0500,5000,C_acorn_g8,acorn,ACORN,16,8,16,50,10,0.4290,9813.3,85.71,194.00,240.29,283.54,101.90,366,326,1637,5754,7393,1459,5933,0,9,55273.2,20264200,24.3,40
n100k_d768_l2,100000,768,l2,cluster,0.0500,0.0500,5000,C_acorn_g16,acorn,ACORN,16,16,16,50,10,0.4710,9244.0,100.38,205.58,239.42,251.88,108.18,398,352,1982,5151,7135,1387,5747,0,9,95724.5,23728392,24.3,40
n100k_d768_l2,100000,768,l2,cluster,0.0500,0.0500,5000,C_acorn_g32,acorn,ACORN,16,32,16,50,10,0.5020,8524.5,107.88,207.46,230.38,258.54,117.31,451,394,2182,4700,6884,1434,5449,0,9,242975.0,30656776,24.3,40
n100k_d768_l2,100000,768,l2,cluster,0.0500,0.0500,5000,A_std_standard,std,STANDARD,16,1,32,100,10,0.1710,3786.7,264.75,293.83,306.54,332.38,264.08,1503,1503,1503,0,1503,0,0,109,1,41699.6,14033032,25.8,32
n100k_d768_l2,100000,768,l2,cluster,0.0500,0.0500,5000,B_std_acorn1,std,ACORN,16,1,32,100,10,0.7190,2756.8,375.08,488.75,508.62,550.17,362.74,723,653,2041,39301,41344,8017,33327,0,10,41699.6,14033032,25.8,32
n100k_d768_l2,100000,768,l2,cluster,0.0500,0.0500,5000,D_large24_standard,large,STANDARD,24,1,48,100,10,0.1810,3303.5,303.62,353.54,379.83,386.83,302.71,1730,1730,1730,0,1730,0,0,107,1,36202.3,20424136,32.9,48
n100k_d768_l2,100000,768,l2,cluster,0.0500,0.0500,5000,E_large24_acorn1,large,ACORN,24,1,48,100,10,0.6740,1970.5,490.29,745.42,815.62,1036.08,507.49,971,877,2739,61277,64017,15224,48793,0,10,36202.3,20424136,32.9,48
n100k_d768_l2,100000,768,l2,cluster,0.0500,0.0500,5000,D_large48_standard,large,STANDARD,48,1,96,100,10,0.1940,3093.2,325.83,351.62,361.00,378.75,323.29,1932,1932,1932,0,1932,0,0,106,2,26936.8,39618184,41.1,96
n100k_d768_l2,100000,768,l2,cluster,0.0500,0.0500,5000,E_large48_acorn1,large,ACORN,48,1,96,100,10,0.7680,1307.6,757.21,1039.00,1324.21,1571.38,764.74,1196,978,3947,116289,120238,27789,92448,0,10,26936.8,39618184,41.1,96
n100k_d768_l2,100000,768,l2,cluster,0.0500,0.0500,5000,C_acorn_g4,acorn,ACORN,16,4,16,100,10,0.3820,6232.6,160.92,220.75,299.00,316.46,160.45,581,544,2582,10355,12938,3238,9700,0,10,35004.5,18532104,24.2,40
n100k_d768_l2,100000,768,l2,cluster,0.0500,0.0500,5000,C_acorn_g8,acorn,ACORN,16,8,16,100,10,0.4530,6174.2,142.33,287.29,322.92,392.00,161.96,448,408,2773,12070,14845,2939,11905,0,9,55273.2,20264200,24.3,40
n100k_d768_l2,100000,768,l2,cluster,0.0500,0.0500,5000,C_acorn_g16,acorn,ACORN,16,16,16,100,10,0.5200,5668.0,151.67,323.12,411.29,583.08,176.43,500,454,3117,10824,13943,2853,11089,0,9,95724.5,23728392,24.3,40
n100k_d768_l2,100000,768,l2,cluster,0.0500,0.0500,5000,C_acorn_g32,acorn,ACORN,16,32,16,100,10,0.5810,5133.8,185.12,334.96,361.88,387.79,194.79,576,519,3316,10138,13455,2914,10541,0,9,242975.0,30656776,24.3,40
n100k_d768_l2,100000,768,l2,cluster,0.0500,0.0500,5000,A_std_standard,std,STANDARD,16,1,32,250,10,0.1940,2246.6,448.08,481.00,500.42,524.08,445.12,1924,1924,1924,0,1924,0,0,259,1,41699.6,14033032,25.8,32
n100k_d768_l2,100000,768,l2,cluster,0.0500,0.0500,5000,B_std_acorn1,std,ACORN,16,1,32,250,10,0.7780,1209.4,829.79,1286.50,1493.17,1628.21,826.88,1368,1299,5735,93497,99233,25918,73314,0,10,41699.6,14033032,25.8,32
n100k_d768_l2,100000,768,l2,cluster,0.0500,0.0500,5000,D_large24_standard,large,STANDARD,24,1,48,250,10,0.1920,2142.0,468.29,511.67,586.29,707.67,466.86,2038,2038,2038,0,2038,0,0,257,2,36202.3,20424136,32.9,48
n100k_d768_l2,100000,768,l2,cluster,0.0500,0.0500,5000,E_large24_acorn1,large,ACORN,24,1,48,250,10,0.7210,874.9,1174.21,1692.67,2144.75,2205.67,1142.96,1337,1242,7497,151430,158928,44980,113948,0,10,36202.3,20424136,32.9,48
n100k_d768_l2,100000,768,l2,cluster,0.0500,0.0500,5000,D_large48_standard,large,STANDARD,48,1,96,250,10,0.1970,2116.4,473.50,512.50,530.79,582.42,472.50,2136,2136,2136,0,2136,0,0,255,2,26936.8,39618184,41.1,96
n100k_d768_l2,100000,768,l2,cluster,0.0500,0.0500,5000,E_large48_acorn1,large,ACORN,48,1,96,250,10,0.8110,596.6,1787.25,2266.08,2543.25,2714.25,1676.23,1658,1440,10077,265991,276070,74021,202049,0,10,26936.8,39618184,41.1,96
n100k_d768_l2,100000,768,l2,cluster,0.0500,0.0500,5000,C_acorn_g4,acorn,ACORN,16,4,16,250,10,0.4000,3345.2,304.17,454.12,570.17,641.33,298.93,740,703,5295,21872,27168,7259,19909,0,10,35004.5,18532104,24.2,40
n100k_d768_l2,100000,768,l2,cluster,0.0500,0.0500,5000,C_acorn_g8,acorn,ACORN,16,8,16,250,10,0.4880,3621.1,222.12,545.00,629.83,658.04,276.16,547,507,4994,22472,27468,6043,21425,0,9,55273.2,20264200,24.3,40
n100k_d768_l2,100000,768,l2,cluster,0.0500,0.0500,5000,C_acorn_g16,acorn,ACORN,16,16,16,250,10,0.5510,3294.3,245.38,591.12,661.00,972.29,303.56,602,555,5462,21350,26814,6301,20513,0,9,95724.5,23728392,24.3,40
n100k_d768_l2,100000,768,l2,cluster,0.0500,0.0500,5000,C_acorn_g32,acorn,ACORN,16,32,16,250,10,0.6410,2554.8,401.79,656.29,795.25,799.29,391.42,888,831,6296,22208,28505,7474,21030,0,9,242975.0,30656776,24.3,40
n100k_d768_l2,100000,768,l2,cluster,0.0500,0.0500,5000,A_std_standard,std,STANDARD,16,1,32,500,10,0.1940,1463.4,687.25,732.42,768.00,768.71,683.33,2056,2056,2056,0,2056,0,0,509,2,41699.6,14033032,25.8,32
n100k_d768_l2,100000,768,l2,cluster,0.0500,0.0500,5000,B_std_acorn1,std,ACORN,16,1,32,500,10,0.8040,651.8,1593.67,2318.21,2607.54,2744.42,1534.28,1724,1655,12000,163118,175120,60031,115088,0,10,41699.6,14033032,25.8,32
n100k_d768_l2,100000,768,l2,cluster,0.0500,0.0500,5000,D_large24_standard,large,STANDARD,24,1,48,500,10,0.1930,1442.7,695.42,742.42,779.08,791.08,693.13,2097,2097,2097,0,2097,0,0,507,2,36202.3,20424136,32.9,48
n100k_d768_l2,100000,768,l2,cluster,0.0500,0.0500,5000,E_large24_acorn1,large,ACORN,24,1,48,500,10,0.7460,483.3,2198.67,2805.21,3388.54,3722.67,2068.92,1495,1400,15404,279158,294563,96305,198257,0,10,36202.3,20424136,32.9,48
n100k_d768_l2,100000,768,l2,cluster,0.0500,0.0500,5000,D_large48_standard,large,STANDARD,48,1,96,500,10,0.2030,1426.4,702.42,743.50,776.67,791.92,701.06,2175,2175,2175,0,2175,0,0,505,3,26936.8,39618184,41.1,96
n100k_d768_l2,100000,768,l2,cluster,0.0500,0.0500,5000,E_large48_acorn1,large,ACORN,48,1,96,500,10,0.8500,319.2,3435.71,4212.88,4580.96,4690.50,3133.01,1904,1686,20568,481924,502494,161649,340844,0,10,26936.8,39618184,41.1,96
n100k_d768_l2,100000,768,l2,cluster,0.0500,0.0500,5000,C_acorn_g4,acorn,ACORN,16,4,16,500,10,0.4070,2311.9,530.50,757.21,820.04,934.04,432.55,823,786,8070,27398,35469,11219,24250,0,10,35004.5,18532104,24.2,40
n100k_d768_l2,100000,768,l2,cluster,0.0500,0.0500,5000,C_acorn_g8,acorn,ACORN,16,8,16,500,10,0.4930,2705.8,222.25,894.83,983.71,1035.79,369.58,593,553,6796,25989,32787,8879,23908,0,9,55273.2,20264200,24.3,40
n100k_d768_l2,100000,768,l2,cluster,0.0500,0.0500,5000,C_acorn_g16,acorn,ACORN,16,16,16,500,10,0.5630,2308.6,269.88,936.21,1043.38,1450.38,433.16,656,610,7762,27666,35430,10186,25244,0,9,95724.5,23728392,24.3,40
n100k_d768_l2,100000,768,l2,cluster,0.0500,0.0500,5000,C_acorn_g32,acorn,ACORN,16,32,16,500,10,0.6660,1418.9,768.42,1175.29,1690.67,1808.54,704.75,1148,1091,11200,38310,49512,16275,33236,0,9,242975.0,30656776,24.3,40
n100k_d768_l2,100000,768,l2,cluster,0.0500,0.0500,5000,F_exact,exact,EXACT,16,0,0,0,100,1.0000,1047.7,934.08,1064.17,1113.08,1130.12,954.44,5000,0,0,0,100000,0,0,0,100,0.0,0,0.0,0
n100k_d768_l2,100000,768,l2,cluster,0.0500,0.0500,5000,A_std_standard,std,STANDARD,16,1,32,50,100,0.0972,5361.0,185.62,203.21,210.04,211.29,186.53,1084,1084,1084,0,1084,0,0,60,13,41699.6,14033032,25.8,32
n100k_d768_l2,100000,768,l2,cluster,0.0500,0.0500,5000,B_std_acorn1,std,ACORN,16,1,32,50,100,0.7161,4614.4,211.92,291.21,346.67,397.17,216.71,602,533,933,18256,19191,3326,15864,0,97,41699.6,14033032,25.8,32
n100k_d768_l2,100000,768,l2,cluster,0.0500,0.0500,5000,D_large24_standard,large,STANDARD,24,1,48,50,100,0.1113,4476.9,222.50,248.38,294.88,296.29,223.37,1324,1324,1324,0,1324,0,0,58,13,36202.3,20424136,32.9,48
n100k_d768_l2,100000,768,l2,cluster,0.0500,0.0500,5000,E_large24_acorn1,large,ACORN,24,1,48,50,100,0.6705,3180.2,301.75,472.83,529.50,553.96,314.45,857,763,1194,27373,28569,5812,22756,0,97,36202.3,20424136,32.9,48
n100k_d768_l2,100000,768,l2,cluster,0.0500,0.0500,5000,D_large48_standard,large,STANDARD,48,1,96,50,100,0.1238,3988.7,252.75,271.29,275.17,287.58,250.71,1587,1587,1587,0,1587,0,0,56,14,26936.8,39618184,41.1,96
n100k_d768_l2,100000,768,l2,cluster,0.0500,0.0500,5000,E_large48_acorn1,large,ACORN,48,1,96,50,100,0.8017,2212.7,439.50,591.04,629.50,748.29,451.94,1058,840,1789,55371,57161,11857,45303,0,100,26936.8,39618184,41.1,96
n100k_d768_l2,100000,768,l2,cluster,0.0500,0.0500,5000,C_acorn_g4,acorn,ACORN,16,4,16,50,100,0.4023,8981.5,111.50,159.96,197.92,211.42,111.34,461,424,1423,4820,6244,1579,4664,0,100,35004.5,18532104,24.2,40
n100k_d768_l2,100000,768,l2,cluster,0.0500,0.0500,5000,C_acorn_g8,acorn,ACORN,16,8,16,50,100,0.4622,9020.4,93.04,214.71,277.58,282.50,110.86,366,326,1637,5754,7393,1459,5933,0,96,55273.2,20264200,24.3,40
n100k_d768_l2,100000,768,l2,cluster,0.0500,0.0500,5000,C_acorn_g16,acorn,ACORN,16,16,16,50,100,0.4986,8579.6,102.71,210.88,252.62,275.17,116.56,398,352,1982,5151,7135,1387,5747,0,96,95724.5,23728392,24.3,40
n100k_d768_l2,100000,768,l2,cluster,0.0500,0.0500,5000,C_acorn_g32,acorn,ACORN,16,32,16,50,100,0.5393,7356.1,127.33,252.92,274.17,287.42,135.94,451,394,2182,4700,6884,1434,5449,0,96,242975.0,30656776,24.3,40
n100k_d768_l2,100000,768,l2,cluster,0.0500,0.0500,5000,A_std_standard,std,STANDARD,16,1,32,100,100,0.1243,3758.4,267.71,287.08,298.00,337.00,266.07,1503,1503,1503,0,1503,0,0,109,13,41699.6,14033032,25.8,32
n100k_d768_l2,100000,768,l2,cluster,0.0500,0.0500,5000,B_std_acorn1,std,ACORN,16,1,32,100,100,0.7801,2657.8,374.96,519.71,533.12,693.08,376.25,723,653,2041,39301,41344,8017,33327,0,97,41699.6,14033032,25.8,32
n100k_d768_l2,100000,768,l2,cluster,0.0500,0.0500,5000,D_large24_standard,large,STANDARD,24,1,48,100,100,0.1325,3343.9,299.33,324.79,380.38,389.54,299.05,1730,1730,1730,0,1730,0,0,107,14,36202.3,20424136,32.9,48
n100k_d768_l2,100000,768,l2,cluster,0.0500,0.0500,5000,E_large24_acorn1,large,ACORN,24,1,48,100,100,0.7464,2009.6,485.17,687.38,762.25,1082.29,497.62,971,877,2739,61277,64017,15224,48793,0,97,36202.3,20424136,32.9,48
n100k_d768_l2,100000,768,l2,cluster,0.0500,0.0500,5000,D_large48_standard,large,STANDARD,48,1,96,100,100,0.1396,3130.2,322.29,342.21,348.12,352.62,319.47,1932,1932,1932,0,1932,0,0,106,14,26936.8,39618184,41.1,96
n100k_d768_l2,100000,768,l2,cluster,0.0500,0.0500,5000,E_large48_acorn1,large,ACORN,48,1,96,100,100,0.8687,1344.5,739.88,963.17,1441.54,1476.88,743.75,1196,978,3947,116289,120238,27789,92448,0,100,26936.8,39618184,41.1,96
n100k_d768_l2,100000,768,l2,cluster,0.0500,0.0500,5000,C_acorn_g4,acorn,ACORN,16,4,16,100,100,0.4514,6044.2,167.12,232.46,260.00,320.88,165.45,581,544,2582,10355,12938,3238,9700,0,100,35004.5,18532104,24.2,40
n100k_d768_l2,100000,768,l2,cluster,0.0500,0.0500,5000,C_acorn_g8,acorn,ACORN,16,8,16,100,100,0.5131,6072.1,140.58,299.25,333.88,411.50,164.69,448,408,2773,12070,14845,2939,11905,0,96,55273.2,20264200,24.3,40
n100k_d768_l2,100000,768,l2,cluster,0.0500,0.0500,5000,C_acorn_g16,acorn,ACORN,16,16,16,100,100,0.5708,5578.8,155.96,318.67,403.38,633.42,179.25,500,454,3117,10824,13943,2853,11089,0,96,95724.5,23728392,24.3,40
n100k_d768_l2,100000,768,l2,cluster,0.0500,0.0500,5000,C_acorn_g32,acorn,ACORN,16,32,16,100,100,0.6303,5082.7,185.25,333.25,394.79,402.92,196.74,576,519,3316,10138,13455,2914,10541,0,96,242975.0,30656776,24.3,40
n100k_d768_l2,100000,768,l2,cluster,0.0500,0.0500,5000,A_std_standard,std,STANDARD,16,1,32,250,100,0.1393,2287.5,439.58,463.96,490.88,494.79,437.17,1924,1924,1924,0,1924,0,0,259,14,41699.6,14033032,25.8,32
n100k_d768_l2,100000,768,l2,cluster,0.0500,0.0500,5000,B_std_acorn1,std,ACORN,16,1,32,250,100,0.8826,1193.6,831.88,1265.79,1529.38,1633.21,837.82,1368,1299,5735,93497,99233,25918,73314,0,97,41699.6,14033032,25.8,32
n100k_d768_l2,100000,768,l2,cluster,0.0500,0.0500,5000,D_large24_standard,large,STANDARD,24,1,48,250,100,0.1421,2196.9,460.88,493.67,539.17,542.96,455.18,2038,2038,2038,0,2038,0,0,257,14,36202.3,20424136,32.9,48
n100k_d768_l2,100000,768,l2,cluster,0.0500,0.0500,5000,E_large24_acorn1,large,ACORN,24,1,48,250,100,0.8218,950.7,1097.96,1434.79,1968.42,2018.92,1051.88,1337,1242,7497,151430,158928,44980,113948,0,97,36202.3,20424136,32.9,48
n100k_d768_l2,100000,768,l2,cluster,0.0500,0.0500,5000,D_large48_standard,large,STANDARD,48,1,96,250,100,0.1451,2156.6,467.62,497.21,505.50,507.62,463.69,2136,2136,2136,0,2136,0,0,255,15,26936.8,39618184,41.1,96
n100k_d768_l2,100000,768,l2,cluster,0.0500,0.0500,5000,E_large48_acorn1,large,ACORN,48,1,96,250,100,0.9274,632.0,1674.17,2155.00,2514.50,2566.04,1582.37,1658,1440,10077,265991,276070,74021,202049,0,100,26936.8,39618184,41.1,96
n100k_d768_l2,100000,768,l2,cluster,0.0500,0.0500,5000,C_acorn_g4,acorn,ACORN,16,4,16,250,100,0.4862,3366.6,311.08,426.71,508.96,626.21,297.03,740,703,5295,21872,27168,7259,19909,0,100,35004.5,18532104,24.2,40
n100k_d768_l2,100000,768,l2,cluster,0.0500,0.0500,5000,C_acorn_g8,acorn,ACORN,16,8,16,250,100,0.5534,3587.6,224.79,549.08,601.92,663.46,278.74,547,507,4994,22472,27468,6043,21425,0,96,55273.2,20264200,24.3,40
n100k_d768_l2,100000,768,l2,cluster,0.0500,0.0500,5000,C_acorn_g16,acorn,ACORN,16,16,16,250,100,0.6132,3336.3,244.33,540.21,649.29,940.29,299.73,602,555,5462,21350,26814,6301,20513,0,96,95724.5,23728392,24.3,40
n100k_d768_l2,100000,768,l2,cluster,0.0500,0.0500,5000,C_acorn_g32,acorn,ACORN,16,32,16,250,100,0.7175,2524.4,401.38,671.08,744.96,835.33,396.14,888,831,6296,22208,28505,7474,21030,0,96,242975.0,30656776,24.3,40
n100k_d768_l2,100000,768,l2,cluster,0.0500,0.0500,5000,A_std_standard,std,STANDARD,16,1,32,500,100,0.1426,1474.8,682.83,717.79,736.25,749.54,678.04,2056,2056,2056,0,2056,0,0,509,14,41699.6,14033032,25.8,32
n100k_d768_l2,100000,768,l2,cluster,0.0500,0.0500,5000,B_std_acorn1,std,ACORN,16,1,32,500,100,0.9121,689.5,1500.62,2204.79,2472.12,2741.33,1450.39,1724,1655,12000,163118,175120,60031,115088,0,97,41699.6,14033032,25.8,32
n100k_d768_l2,100000,768,l2,cluster,0.0500,0.0500,5000,D_large24_standard,large,STANDARD,24,1,48,500,100,0.1435,1468.9,684.04,721.46,767.88,782.08,680.77,2097,2097,2097,0,2097,0,0,507,14,36202.3,20424136,32.9,48
n100k_d768_l2,100000,768,l2,cluster,0.0500,0.0500,5000,E_large24_acorn1,large,ACORN,24,1,48,500,100,0.8517,519.9,2073.62,2762.29,3138.04,3519.00,1923.29,1495,1400,15404,279158,294563,96305,198257,0,97,36202.3,20424136,32.9,48
n100k_d768_l2,100000,768,l2,cluster,0.0500,0.0500,5000,D_large48_standard,large,STANDARD,48,1,96,500,100,0.1485,1454.1,690.96,729.67,743.33,756.79,687.71,2175,2175,2175,0,2175,0,0,505,15,26936.8,39618184,41.1,96
n100k_d768_l2,100000,768,l2,cluster,0.0500,0.0500,5000,E_large48_acorn1,large,ACORN,48,1,96,500,100,0.9582,341.4,3240.67,3889.54,4272.04,4373.46,2928.98,1904,1686,20568,481924,502494,161649,340844,0,100,26936.8,39618184,41.1,96
n100k_d768_l2,100000,768,l2,cluster,0.0500,0.0500,5000,C_acorn_g4,acorn,ACORN,16,4,16,500,100,0.5000,2340.0,537.29,681.83,787.54,952.29,427.35,823,786,8070,27398,35469,11219,24250,0,100,35004.5,18532104,24.2,40
n100k_d768_l2,100000,768,l2,cluster,0.0500,0.0500,5000,C_acorn_g8,acorn,ACORN,16,8,16,500,100,0.5657,2728.2,226.54,868.50,952.33,1090.83,366.54,593,553,6796,25989,32787,8879,23908,0,96,55273.2,20264200,24.3,40
n100k_d768_l2,100000,768,l2,cluster,0.0500,0.0500,5000,C_acorn_g16,acorn,ACORN,16,16,16,500,100,0.6305,2357.1,252.79,900.79,1082.58,1404.83,424.26,656,610,7762,27666,35430,10186,25244,0,96,95724.5,23728392,24.3,40
n100k_d768_l2,100000,768,l2,cluster,0.0500,0.0500,5000,C_acorn_g32,acorn,ACORN,16,32,16,500,100,0.7638,1455.6,758.92,1098.58,1599.04,1849.38,687.01,1148,1091,11200,38310,49512,16275,33236,0,96,242975.0,30656776,24.3,40
n100k_d768_l2,100000,768,l2,cluster,0.0200,0.0200,2000,F_exact,exact,EXACT,16,0,0,0,10,1.0000,2682.9,367.08,412.92,430.79,431.33,372.73,2000,0,0,0,100000,0,0,0,10,0.0,0,0.0,0
n100k_d768_l2,100000,768,l2,cluster,0.0200,0.0200,2000,A_std_standard,std,STANDARD,16,1,32,50,10,0.0500,5723.8,175.42,192.67,196.50,202.54,174.71,1084,1084,1084,0,1084,0,0,60,0,41699.6,14033032,25.8,32
n100k_d768_l2,100000,768,l2,cluster,0.0200,0.0200,2000,B_std_acorn1,std,ACORN,16,1,32,50,10,0.6260,6412.7,155.12,192.88,202.29,279.88,155.94,966,886,681,13179,13862,1976,11885,0,10,41699.6,14033032,25.8,32
n100k_d768_l2,100000,768,l2,cluster,0.0200,0.0200,2000,D_large24_standard,large,STANDARD,24,1,48,50,10,0.0550,4830.7,206.79,224.42,274.33,277.38,207.01,1324,1324,1324,0,1324,0,0,58,0,36202.3,20424136,32.9,48
n100k_d768_l2,100000,768,l2,cluster,0.0200,0.0200,2000,E_large24_acorn1,large,ACORN,24,1,48,50,10,0.6130,5297.1,169.25,277.54,315.42,317.12,188.78,1069,986,815,19173,19990,2668,17321,0,10,36202.3,20424136,32.9,48
n100k_d768_l2,100000,768,l2,cluster,0.0200,0.0200,2000,D_large48_standard,large,STANDARD,48,1,96,50,10,0.0590,4229.7,237.88,258.00,264.00,275.54,236.42,1587,1587,1587,0,1587,0,0,56,0,26936.8,39618184,41.1,96
n100k_d768_l2,100000,768,l2,cluster,0.0200,0.0200,2000,E_large48_acorn1,large,ACORN,48,1,96,50,10,0.8590,3109.7,366.38,400.92,410.75,416.33,321.58,1535,1300,1530,51445,52977,5106,47871,0,10,26936.8,39618184,41.1,96
n100k_d768_l2,100000,768,l2,cluster,0.0200,0.0200,2000,C_acorn_g4,acorn,ACORN,16,4,16,50,10,0.0000,348588.7,2.83,3.12,3.21,3.33,2.87,1,1,176,273,450,0,450,0,0,35004.5,18532104,24.2,40
n100k_d768_l2,100000,768,l2,cluster,0.0200,0.0200,2000,C_acorn_g8,acorn,ACORN,16,8,16,50,10,0.0000,426208.4,2.33,2.50,2.54,2.58,2.35,1,1,300,178,479,0,479,0,0,55273.2,20264200,24.3,40
n100k_d768_l2,100000,768,l2,cluster,0.0200,0.0200,2000,C_acorn_g16,acorn,ACORN,16,16,16,50,10,0.0000,368444.9,2.71,2.88,3.00,3.88,2.71,1,1,556,179,736,0,736,0,0,95724.5,23728392,24.3,40
n100k_d768_l2,100000,768,l2,cluster,0.0200,0.0200,2000,C_acorn_g32,acorn,ACORN,16,32,16,50,10,0.1910,9085.7,108.79,126.92,148.46,151.33,110.06,896,845,1737,855,2594,1836,757,0,10,242975.0,30656776,24.3,40
n100k_d768_l2,100000,768,l2,cluster,0.0200,0.0200,2000,A_std_standard,std,STANDARD,16,1,32,100,10,0.0650,3809.7,265.46,281.67,289.83,299.12,262.49,1503,1503,1503,0,1503,0,0,109,0,41699.6,14033032,25.8,32
n100k_d768_l2,100000,768,l2,cluster,0.0200,0.0200,2000,B_std_acorn1,std,ACORN,16,1,32,100,10,0.7530,4173.2,252.17,297.58,315.17,321.67,239.62,1500,1421,1162,15698,16861,3658,13203,0,10,41699.6,14033032,25.8,32
n100k_d768_l2,100000,768,l2,cluster,0.0200,0.0200,2000,D_large24_standard,large,STANDARD,24,1,48,100,10,0.0680,3379.4,297.96,320.17,373.29,379.04,295.91,1730,1730,1730,0,1730,0,0,107,0,36202.3,20424136,32.9,48
n100k_d768_l2,100000,768,l2,cluster,0.0200,0.0200,2000,E_large24_acorn1,large,ACORN,24,1,48,100,10,0.6950,4087.2,230.17,346.92,401.62,431.46,244.67,1406,1324,1501,21236,22739,4656,18082,0,10,36202.3,20424136,32.9,48
n100k_d768_l2,100000,768,l2,cluster,0.0200,0.0200,2000,D_large48_standard,large,STANDARD,48,1,96,100,10,0.0680,3114.0,323.67,340.58,350.96,365.46,321.13,1932,1932,1932,0,1932,0,0,106,0,26936.8,39618184,41.1,96
n100k_d768_l2,100000,768,l2,cluster,0.0200,0.0200,2000,E_large48_acorn1,large,ACORN,48,1,96,100,10,0.9040,2420.5,477.96,516.17,542.04,573.00,413.13,2047,1813,3106,55321,58429,9426,49002,0,10,26936.8,39618184,41.1,96
n100k_d768_l2,100000,768,l2,cluster,0.0200,0.0200,2000,C_acorn_g4,acorn,ACORN,16,4,16,100,10,0.0000,398604.9,2.46,2.83,2.92,3.04,2.51,1,1,176,273,450,0,450,0,0,35004.5,18532104,24.2,40
n100k_d768_l2,100000,768,l2,cluster,0.0200,0.0200,2000,C_acorn_g8,acorn,ACORN,16,8,16,100,10,0.0000,492193.8,1.96,2.42,2.46,2.46,2.03,1,1,300,178,479,0,479,0,0,55273.2,20264200,24.3,40
n100k_d768_l2,100000,768,l2,cluster,0.0200,0.0200,2000,C_acorn_g16,acorn,ACORN,16,16,16,100,10,0.0000,425689.5,2.29,2.71,2.83,6.88,2.35,1,1,556,179,736,0,736,0,0,95724.5,23728392,24.3,40
n100k_d768_l2,100000,768,l2,cluster,0.0200,0.0200,2000,C_acorn_g32,acorn,ACORN,16,32,16,100,10,0.2760,5870.3,166.50,199.42,212.17,263.08,170.35,1210,1160,2731,1847,4579,3520,1059,0,10,242975.0,30656776,24.3,40
n100k_d768_l2,100000,768,l2,cluster,0.0200,0.0200,2000,A_std_standard,std,STANDARD,16,1,32,250,10,0.0720,2299.7,440.50,463.92,479.92,542.67,434.85,1924,1924,1924,0,1924,0,0,259,0,41699.6,14033032,25.8,32
n100k_d768_l2,100000,768,l2,cluster,0.0200,0.0200,2000,B_std_acorn1,std,ACORN,16,1,32,250,10,0.8880,2571.4,406.00,459.00,505.12,544.79,388.90,1967,1887,4256,20833,25091,9288,15802,0,10,41699.6,14033032,25.8,32
n100k_d768_l2,100000,768,l2,cluster,0.0200,0.0200,2000,D_large24_standard,large,STANDARD,24,1,48,250,10,0.0740,2210.1,455.67,492.79,546.33,556.33,452.46,2038,2038,2038,0,2038,0,0,257,0,36202.3,20424136,32.9,48
n100k_d768_l2,100000,768,l2,cluster,0.0200,0.0200,2000,E_large24_acorn1,large,ACORN,24,1,48,250,10,0.8360,2737.2,352.92,525.38,559.79,573.88,365.34,1638,1555,5222,28641,33865,10436,23428,0,10,36202.3,20424136,32.9,48
n100k_d768_l2,100000,768,l2,cluster,0.0200,0.0200,2000,D_large48_standard,large,STANDARD,48,1,96,250,10,0.0710,2159.9,467.46,488.92,500.38,508.04,462.98,2136,2136,2136,0,2136,0,0,255,0,26936.8,39618184,41.1,96
n100k_d768_l2,100000,768,l2,cluster,0.0200,0.0200,2000,E_large48_acorn1,large,ACORN,48,1,96,250,10,0.9240,1853.0,600.21,682.62,729.42,782.96,539.67,2202,1968,9337,60128,69466,17751,51715,0,10,26936.8,39618184,41.1,96
n100k_d768_l2,100000,768,l2,cluster,0.0200,0.0200,2000,C_acorn_g4,acorn,ACORN,16,4,16,250,10,0.0000,418627.2,2.38,2.62,2.83,2.92,2.39,1,1,176,273,450,0,450,0,0,35004.5,18532104,24.2,40
n100k_d768_l2,100000,768,l2,cluster,0.0200,0.0200,2000,C_acorn_g8,acorn,ACORN,16,8,16,250,10,0.0000,475536.0,2.08,2.33,2.38,2.38,2.10,1,1,300,178,479,0,479,0,0,55273.2,20264200,24.3,40
n100k_d768_l2,100000,768,l2,cluster,0.0200,0.0200,2000,C_acorn_g16,acorn,ACORN,16,16,16,250,10,0.0000,421054.4,2.33,2.50,2.58,2.58,2.37,1,1,556,179,736,0,736,0,0,95724.5,23728392,24.3,40
n100k_d768_l2,100000,768,l2,cluster,0.0200,0.0200,2000,C_acorn_g32,acorn,ACORN,16,32,16,250,10,0.5690,3204.2,310.12,349.54,378.92,389.58,312.09,1677,1626,5982,5434,11417,8496,2920,0,10,242975.0,30656776,24.3,40
n100k_d768_l2,100000,768,l2,cluster,0.0200,0.0200,2000,A_std_standard,std,STANDARD,16,1,32,500,10,0.0730,1501.3,669.08,705.00,722.62,748.04,666.11,2056,2056,2056,0,2056,0,0,509,0,41699.6,14033032,25.8,32
n100k_d768_l2,100000,768,l2,cluster,0.0200,0.0200,2000,B_std_acorn1,std,ACORN,16,1,32,500,10,0.8990,1675.7,609.00,668.75,678.92,772.29,596.75,2044,1964,10778,22431,33211,16802,16408,0,10,41699.6,14033032,25.8,32
n100k_d768_l2,100000,768,l2,cluster,0.0200,0.0200,2000,D_large24_standard,large,STANDARD,24,1,48,500,10,0.0750,1476.4,680.42,722.08,762.83,788.67,677.31,2097,2097,2097,0,2097,0,0,507,1,36202.3,20424136,32.9,48
n100k_d768_l2,100000,768,l2,cluster,0.0200,0.0200,2000,E_large24_acorn1,large,ACORN,24,1,48,500,10,0.8770,1845.6,582.50,739.75,786.33,798.88,541.82,1671,1589,12021,32197,44220,17766,26453,0,10,36202.3,20424136,32.9,48
n100k_d768_l2,100000,768,l2,cluster,0.0200,0.0200,2000,D_large48_standard,large,STANDARD,48,1,96,500,10,0.0720,1458.2,690.00,726.71,755.71,773.00,685.78,2175,2175,2175,0,2175,0,0,505,1,26936.8,39618184,41.1,96
n100k_d768_l2,100000,768,l2,cluster,0.0200,0.0200,2000,E_large48_acorn1,large,ACORN,48,1,96,500,10,0.9270,1321.1,808.46,866.62,888.46,899.79,756.92,2221,1986,20023,64433,84457,28768,55689,0,10,26936.8,39618184,41.1,96
n100k_d768_l2,100000,768,l2,cluster,0.0200,0.0200,2000,C_acorn_g4,acorn,ACORN,16,4,16,500,10,0.0000,323752.4,3.04,3.42,3.50,3.58,3.09,1,1,176,273,450,0,450,0,0,35004.5,18532104,24.2,40
n100k_d768_l2,100000,768,l2,cluster,0.0200,0.0200,2000,C_acorn_g8,acorn,ACORN,16,8,16,500,10,0.0000,379267.7,2.54,2.92,2.96,3.00,2.64,1,1,300,178,479,0,479,0,0,55273.2,20264200,24.3,40
n100k_d768_l2,100000,768,l2,cluster,0.0200,0.0200,2000,C_acorn_g16,acorn,ACORN,16,16,16,500,10,0.0000,349804.5,2.83,3.00,3.04,3.08,2.86,1,1,556,179,736,0,736,0,0,95724.5,23728392,24.3,40
n100k_d768_l2,100000,768,l2,cluster,0.0200,0.0200,2000,C_acorn_g32,acorn,ACORN,16,32,16,500,10,0.7300,1830.6,553.21,591.71,613.04,619.50,546.26,1938,1888,11682,8530,20214,15971,4243,0,10,242975.0,30656776,24.3,40
n100k_d768_l2,100000,768,l2,cluster,0.0200,0.0200,2000,F_exact,exact,EXACT,16,0,0,0,100,1.0000,2696.6,367.58,388.25,410.79,411.12,370.83,2000,0,0,0,100000,0,0,0,100,0.0,0,0.0,0
n100k_d768_l2,100000,768,l2,cluster,0.0200,0.0200,2000,A_std_standard,std,STANDARD,16,1,32,50,100,0.0230,5426.5,185.04,200.38,203.04,204.08,184.28,1084,1084,1084,0,1084,0,0,60,2,41699.6,14033032,25.8,32
n100k_d768_l2,100000,768,l2,cluster,0.0200,0.0200,2000,B_std_acorn1,std,ACORN,16,1,32,50,100,0.5206,5736.2,170.33,211.75,225.21,291.17,174.33,966,886,681,13179,13862,1976,11885,0,100,41699.6,14033032,25.8,32
n100k_d768_l2,100000,768,l2,cluster,0.0200,0.0200,2000,D_large24_standard,large,STANDARD,24,1,48,50,100,0.0273,4575.4,217.83,236.21,295.00,295.96,218.56,1324,1324,1324,0,1324,0,0,58,3,36202.3,20424136,32.9,48
n100k_d768_l2,100000,768,l2,cluster,0.0200,0.0200,2000,E_large24_acorn1,large,ACORN,24,1,48,50,100,0.5509,4929.8,185.50,296.79,322.83,339.96,202.85,1069,986,815,19173,19990,2668,17321,0,86,36202.3,20424136,32.9,48
n100k_d768_l2,100000,768,l2,cluster,0.0200,0.0200,2000,D_large48_standard,large,STANDARD,48,1,96,50,100,0.0296,4022.1,250.83,266.21,269.42,279.92,248.63,1587,1587,1587,0,1587,0,0,56,3,26936.8,39618184,41.1,96
n100k_d768_l2,100000,768,l2,cluster,0.0200,0.0200,2000,E_large48_acorn1,large,ACORN,48,1,96,50,100,0.7395,2930.2,383.21,423.25,436.33,450.92,341.27,1535,1300,1530,51445,52977,5106,47871,0,100,26936.8,39618184,41.1,96
n100k_d768_l2,100000,768,l2,cluster,0.0200,0.0200,2000,C_acorn_g4,acorn,ACORN,16,4,16,50,100,0.0000,497089.5,1.92,2.33,2.42,2.54,2.01,1,1,176,273,450,0,450,0,0,35004.5,18532104,24.2,40
n100k_d768_l2,100000,768,l2,cluster,0.0200,0.0200,2000,C_acorn_g8,acorn,ACORN,16,8,16,50,100,0.0000,542493.5,1.83,1.88,2.00,2.04,1.84,1,1,300,178,479,0,479,0,0,55273.2,20264200,24.3,40
n100k_d768_l2,100000,768,l2,cluster,0.0200,0.0200,2000,C_acorn_g16,acorn,ACORN,16,16,16,50,100,0.0000,462504.7,2.17,2.21,2.21,2.21,2.16,1,1,556,179,736,0,736,0,0,95724.5,23728392,24.3,40
n100k_d768_l2,100000,768,l2,cluster,0.0200,0.0200,2000,C_acorn_g32,acorn,ACORN,16,32,16,50,100,0.3799,7691.5,127.92,151.88,169.54,173.29,130.01,896,845,1737,855,2594,1836,757,0,99,242975.0,30656776,24.3,40
n100k_d768_l2,100000,768,l2,cluster,0.0200,0.0200,2000,A_std_standard,std,STANDARD,16,1,32,100,100,0.0303,3787.5,266.83,286.33,292.42,295.46,264.03,1503,1503,1503,0,1503,0,0,109,3,41699.6,14033032,25.8,32
n100k_d768_l2,100000,768,l2,cluster,0.0200,0.0200,2000,B_std_acorn1,std,ACORN,16,1,32,100,100,0.7446,4021.4,260.46,296.00,332.12,347.29,248.67,1500,1421,1162,15698,16861,3658,13203,0,100,41699.6,14033032,25.8,32
n100k_d768_l2,100000,768,l2,cluster,0.0200,0.0200,2000,D_large24_standard,large,STANDARD,24,1,48,100,100,0.0342,3371.5,298.04,321.71,369.42,376.71,296.61,1730,1730,1730,0,1730,0,0,107,3,36202.3,20424136,32.9,48
n100k_d768_l2,100000,768,l2,cluster,0.0200,0.0200,2000,E_large24_acorn1,large,ACORN,24,1,48,100,100,0.6958,3952.7,239.50,361.25,377.92,441.46,252.99,1406,1324,1501,21236,22739,4656,18082,0,86,36202.3,20424136,32.9,48
n100k_d768_l2,100000,768,l2,cluster,0.0200,0.0200,2000,D_large48_standard,large,STANDARD,48,1,96,100,100,0.0353,3105.2,324.54,343.08,348.79,349.96,322.04,1932,1932,1932,0,1932,0,0,106,3,26936.8,39618184,41.1,96
n100k_d768_l2,100000,768,l2,cluster,0.0200,0.0200,2000,E_large48_acorn1,large,ACORN,48,1,96,100,100,0.9253,2372.3,485.00,526.88,561.62,589.12,421.53,2047,1813,3106,55321,58429,9426,49002,0,100,26936.8,39618184,41.1,96
n100k_d768_l2,100000,768,l2,cluster,0.0200,0.0200,2000,C_acorn_g4,acorn,ACORN,16,4,16,100,100,0.0000,405273.4,2.42,2.92,3.08,3.08,2.47,1,1,176,273,450,0,450,0,0,35004.5,18532104,24.2,40
n100k_d768_l2,100000,768,l2,cluster,0.0200,0.0200,2000,C_acorn_g8,acorn,ACORN,16,8,16,100,100,0.0000,500936.8,2.00,2.08,2.12,2.12,2.00,1,1,300,178,479,0,479,0,0,55273.2,20264200,24.3,40
n100k_d768_l2,100000,768,l2,cluster,0.0200,0.0200,2000,C_acorn_g16,acorn,ACORN,16,16,16,100,100,0.0000,419357.5,2.38,2.46,2.58,2.62,2.38,1,1,556,179,736,0,736,0,0,95724.5,23728392,24.3,40
n100k_d768_l2,100000,768,l2,cluster,0.0200,0.0200,2000,C_acorn_g32,acorn,ACORN,16,32,16,100,100,0.5199,5623.4,176.46,204.08,213.71,271.21,177.83,1210,1160,2731,1847,4579,3520,1059,0,99,242975.0,30656776,24.3,40
n100k_d768_l2,100000,768,l2,cluster,0.0200,0.0200,2000,A_std_standard,std,STANDARD,16,1,32,250,100,0.0349,2300.2,438.54,460.46,488.71,493.96,434.74,1924,1924,1924,0,1924,0,0,259,3,41699.6,14033032,25.8,32
n100k_d768_l2,100000,768,l2,cluster,0.0200,0.0200,2000,B_std_acorn1,std,ACORN,16,1,32,250,100,0.9427,2501.5,417.54,464.58,484.33,492.33,399.76,1967,1887,4256,20833,25091,9288,15802,0,100,41699.6,14033032,25.8,32
n100k_d768_l2,100000,768,l2,cluster,0.0200,0.0200,2000,D_large24_standard,large,STANDARD,24,1,48,250,100,0.0384,2193.8,457.21,500.17,538.88,542.29,455.83,2038,2038,2038,0,2038,0,0,257,3,36202.3,20424136,32.9,48
n100k_d768_l2,100000,768,l2,cluster,0.0200,0.0200,2000,E_large24_acorn1,large,ACORN,24,1,48,250,100,0.8112,2628.2,377.38,556.96,598.17,602.92,380.49,1638,1555,5222,28641,33865,10436,23428,0,86,36202.3,20424136,32.9,48
n100k_d768_l2,100000,768,l2,cluster,0.0200,0.0200,2000,D_large48_standard,large,STANDARD,48,1,96,250,100,0.0368,2147.8,469.33,501.92,508.54,518.12,465.60,2136,2136,2136,0,2136,0,0,255,3,26936.8,39618184,41.1,96
n100k_d768_l2,100000,768,l2,cluster,0.0200,0.0200,2000,E_large48_acorn1,large,ACORN,48,1,96,250,100,0.9784,1790.1,611.17,685.96,726.62,726.92,558.63,2202,1968,9337,60128,69466,17751,51715,0,100,26936.8,39618184,41.1,96
n100k_d768_l2,100000,768,l2,cluster,0.0200,0.0200,2000,C_acorn_g4,acorn,ACORN,16,4,16,250,100,0.0000,355021.6,2.67,3.29,4.25,8.08,2.82,1,1,176,273,450,0,450,0,0,35004.5,18532104,24.2,40
n100k_d768_l2,100000,768,l2,cluster,0.0200,0.0200,2000,C_acorn_g8,acorn,ACORN,16,8,16,250,100,0.0000,440288.1,2.17,2.50,2.54,9.62,2.27,1,1,300,178,479,0,479,0,0,55273.2,20264200,24.3,40
n100k_d768_l2,100000,768,l2,cluster,0.0200,0.0200,2000,C_acorn_g16,acorn,ACORN,16,16,16,250,100,0.0000,404656.8,2.42,2.62,2.92,3.08,2.47,1,1,556,179,736,0,736,0,0,95724.5,23728392,24.3,40
n100k_d768_l2,100000,768,l2,cluster,0.0200,0.0200,2000,C_acorn_g32,acorn,ACORN,16,32,16,250,100,0.7678,2961.6,331.79,412.21,429.88,471.17,337.65,1677,1626,5982,5434,11417,8496,2920,0,99,242975.0,30656776,24.3,40
n100k_d768_l2,100000,768,l2,cluster,0.0200,0.0200,2000,A_std_standard,std,STANDARD,16,1,32,500,100,0.0367,1465.7,685.08,726.38,762.71,804.21,682.25,2056,2056,2056,0,2056,0,0,509,3,41699.6,14033032,25.8,32
n100k_d768_l2,100000,768,l2,cluster,0.0200,0.0200,2000,B_std_acorn1,std,ACORN,16,1,32,500,100,0.9661,1554.9,635.46,780.38,832.92,890.92,643.14,2044,1964,10778,22431,33211,16802,16408,0,100,41699.6,14033032,25.8,32
n100k_d768_l2,100000,768,l2,cluster,0.0200,0.0200,2000,D_large24_standard,large,STANDARD,24,1,48,500,100,0.0391,1446.6,692.50,750.67,792.62,1059.00,691.27,2097,2097,2097,0,2097,0,0,507,3,36202.3,20424136,32.9,48
n100k_d768_l2,100000,768,l2,cluster,0.0200,0.0200,2000,E_large24_acorn1,large,ACORN,24,1,48,500,100,0.8371,1731.3,644.54,846.08,926.71,932.88,577.59,1671,1589,12021,32197,44220,17766,26453,0,86,36202.3,20424136,32.9,48
n100k_d768_l2,100000,768,l2,cluster,0.0200,0.0200,2000,D_large48_standard,large,STANDARD,48,1,96,500,100,0.0376,1420.9,708.29,744.38,778.71,780.92,703.79,2175,2175,2175,0,2175,0,0,505,4,26936.8,39618184,41.1,96
n100k_d768_l2,100000,768,l2,cluster,0.0200,0.0200,2000,E_large48_acorn1,large,ACORN,48,1,96,500,100,0.9858,1237.1,831.38,1028.00,1060.46,1063.62,808.35,2221,1986,20023,64433,84457,28768,55689,0,100,26936.8,39618184,41.1,96
n100k_d768_l2,100000,768,l2,cluster,0.0200,0.0200,2000,C_acorn_g4,acorn,ACORN,16,4,16,500,100,0.0000,387768.2,2.50,2.96,3.21,3.25,2.58,1,1,176,273,450,0,450,0,0,35004.5,18532104,24.2,40
n100k_d768_l2,100000,768,l2,cluster,0.0200,0.0200,2000,C_acorn_g8,acorn,ACORN,16,8,16,500,100,0.0000,469662.2,2.00,2.12,2.21,12.75,2.13,1,1,300,178,479,0,479,0,0,55273.2,20264200,24.3,40
n100k_d768_l2,100000,768,l2,cluster,0.0200,0.0200,2000,C_acorn_g16,acorn,ACORN,16,16,16,500,100,0.0000,434386.0,2.29,2.42,2.46,2.54,2.30,1,1,556,179,736,0,736,0,0,95724.5,23728392,24.3,40
n100k_d768_l2,100000,768,l2,cluster,0.0200,0.0200,2000,C_acorn_g32,acorn,ACORN,16,32,16,500,100,0.8921,1700.9,576.75,730.46,765.71,796.50,587.91,1938,1888,11682,8530,20214,15971,4243,0,99,242975.0,30656776,24.3,40
n100k_d768_l2,100000,768,l2,cluster,0.0100,0.0100,1000,F_exact,exact,EXACT,16,0,0,0,10,1.0000,4239.5,232.54,265.54,282.58,291.12,235.88,1000,0,0,0,100000,0,0,0,10,0.0,0,0.0,0
n100k_d768_l2,100000,768,l2,cluster,0.0100,0.0100,1000,A_std_standard,std,STANDARD,16,1,32,50,10,0.0450,5619.4,178.38,196.00,205.42,224.62,177.95,1084,1084,1084,0,1084,0,0,60,0,41699.6,14033032,25.8,32
n100k_d768_l2,100000,768,l2,cluster,0.0100,0.0100,1000,B_std_acorn1,std,ACORN,16,1,32,50,10,0.8770,7431.8,132.25,149.00,177.08,203.29,134.56,913,849,492,4170,4663,2579,2084,0,10,41699.6,14033032,25.8,32
n100k_d768_l2,100000,768,l2,cluster,0.0100,0.0100,1000,D_large24_standard,large,STANDARD,24,1,48,50,10,0.0430,4504.5,219.75,271.46,297.21,318.83,222.00,1324,1324,1324,0,1324,0,0,58,0,36202.3,20424136,32.9,48
n100k_d768_l2,100000,768,l2,cluster,0.0100,0.0100,1000,E_large24_acorn1,large,ACORN,24,1,48,50,10,0.9620,5432.5,175.12,251.46,288.62,397.71,184.08,1039,953,770,7881,8652,5177,3474,0,10,36202.3,20424136,32.9,48
n100k_d768_l2,100000,768,l2,cluster,0.0100,0.0100,1000,D_large48_standard,large,STANDARD,48,1,96,50,10,0.0470,3984.3,250.62,269.25,344.54,420.29,250.99,1587,1587,1587,0,1587,0,0,56,0,26936.8,39618184,41.1,96
n100k_d768_l2,100000,768,l2,cluster,0.0100,0.0100,1000,E_large48_acorn1,large,ACORN,48,1,96,50,10,0.9990,3781.4,262.33,288.92,303.08,321.25,264.45,1176,997,1744,25189,26934,14021,12913,0,10,26936.8,39618184,41.1,96
n100k_d768_l2,100000,768,l2,cluster,0.0100,0.0100,1000,C_acorn_g4,acorn,ACORN,16,4,16,50,10,0.8230,10245.7,95.88,110.50,117.38,135.50,97.60,734,697,1254,1151,2407,1791,616,0,10,35004.5,18532104,24.2,40
n100k_d768_l2,100000,768,l2,cluster,0.0100,0.0100,1000,C_acorn_g8,acorn,ACORN,16,8,16,50,10,0.8130,10212.8,96.38,111.33,115.83,122.08,97.92,729,694,1357,1136,2495,1781,713,0,10,55273.2,20264200,24.3,40
n100k_d768_l2,100000,768,l2,cluster,0.0100,0.0100,1000,C_acorn_g16,acorn,ACORN,16,16,16,50,10,0.8060,10294.9,96.25,104.46,108.54,115.04,97.14,735,698,1563,1165,2729,1783,946,0,10,95724.5,23728392,24.3,40
n100k_d768_l2,100000,768,l2,cluster,0.0100,0.0100,1000,C_acorn_g32,acorn,ACORN,16,32,16,50,10,0.7900,10152.7,97.42,110.50,117.25,119.83,98.50,733,699,1593,1176,2771,1797,973,0,10,242975.0,30656776,24.3,40
n100k_d768_l2,100000,768,l2,cluster,0.0100,0.0100,1000,A_std_standard,std,STANDARD,16,1,32,100,10,0.0450,3719.5,270.17,287.96,294.00,304.75,268.85,1503,1503,1503,0,1503,0,0,109,0,41699.6,14033032,25.8,32
n100k_d768_l2,100000,768,l2,cluster,0.0100,0.0100,1000,B_std_acorn1,std,ACORN,16,1,32,100,10,0.9970,4602.7,214.67,233.92,254.25,270.50,217.27,1059,995,1652,12454,14108,8653,5454,0,10,41699.6,14033032,25.8,32
n100k_d768_l2,100000,768,l2,cluster,0.0100,0.0100,1000,D_large24_standard,large,STANDARD,24,1,48,100,10,0.0480,3321.9,301.25,335.17,374.25,401.17,301.03,1730,1730,1730,0,1730,0,0,107,0,36202.3,20424136,32.9,48
n100k_d768_l2,100000,768,l2,cluster,0.0100,0.0100,1000,E_large24_acorn1,large,ACORN,24,1,48,100,10,1.0000,3369.5,291.12,344.50,365.58,370.50,296.78,1085,999,2612,25482,28095,17767,10328,0,10,36202.3,20424136,32.9,48
n100k_d768_l2,100000,768,l2,cluster,0.0100,0.0100,1000,D_large48_standard,large,STANDARD,48,1,96,100,10,0.0500,3117.6,322.92,346.33,372.92,390.25,320.76,1932,1932,1932,0,1932,0,0,106,0,26936.8,39618184,41.1,96
n100k_d768_l2,100000,768,l2,cluster,0.0100,0.0100,1000,E_large48_acorn1,large,ACORN,48,1,96,100,10,1.0000,2135.8,461.12,529.38,560.54,566.96,468.21,1179,1000,4378,57030,61409,35791,25617,0,10,26936.8,39618184,41.1,96
n100k_d768_l2,100000,768,l2,cluster,0.0100,0.0100,1000,C_acorn_g4,acorn,ACORN,16,4,16,100,10,0.9500,6739.5,145.92,166.04,198.96,220.96,148.38,919,882,2392,2565,4959,3798,1160,0,10,35004.5,18532104,24.2,40
n100k_d768_l2,100000,768,l2,cluster,0.0100,0.0100,1000,C_acorn_g8,acorn,ACORN,16,8,16,100,10,0.9410,6750.9,145.88,163.46,179.29,208.46,148.13,917,882,2492,2538,5031,3779,1252,0,10,55273.2,20264200,24.3,40
n100k_d768_l2,100000,768,l2,cluster,0.0100,0.0100,1000,C_acorn_g16,acorn,ACORN,16,16,16,100,10,0.9420,6711.3,146.83,161.33,177.62,186.79,149.00,922,885,2702,2593,5297,3782,1514,0,10,95724.5,23728392,24.3,40
n100k_d768_l2,100000,768,l2,cluster,0.0100,0.0100,1000,C_acorn_g32,acorn,ACORN,16,32,16,100,10,0.9270,6612.4,147.75,168.12,207.50,213.29,151.23,921,887,2721,2615,5337,3806,1530,0,10,242975.0,30656776,24.3,40
n100k_d768_l2,100000,768,l2,cluster,0.0100,0.0100,1000,A_std_standard,std,STANDARD,16,1,32,250,10,0.0500,2277.0,442.21,477.25,496.21,507.75,439.17,1924,1924,1924,0,1924,0,0,259,0,41699.6,14033032,25.8,32
n100k_d768_l2,100000,768,l2,cluster,0.0100,0.0100,1000,B_std_acorn1,std,ACORN,16,1,32,250,10,1.0000,2101.3,465.29,563.38,583.12,589.50,475.91,1064,1000,6144,43788,49933,32024,17909,0,10,41699.6,14033032,25.8,32
n100k_d768_l2,100000,768,l2,cluster,0.0100,0.0100,1000,D_large24_standard,large,STANDARD,24,1,48,250,10,0.0500,2163.8,463.62,515.12,541.38,571.62,462.15,2038,2038,2038,0,2038,0,0,257,0,36202.3,20424136,32.9,48
n100k_d768_l2,100000,768,l2,cluster,0.0100,0.0100,1000,E_large24_acorn1,large,ACORN,24,1,48,250,10,1.0000,1434.3,684.17,819.33,843.75,855.42,697.22,1085,1000,8554,81923,90478,58268,32210,0,10,36202.3,20424136,32.9,48
n100k_d768_l2,100000,768,l2,cluster,0.0100,0.0100,1000,D_large48_standard,large,STANDARD,48,1,96,250,10,0.0500,2126.9,474.92,504.17,551.29,555.04,470.16,2136,2136,2136,0,2136,0,0,255,0,26936.8,39618184,41.1,96
n100k_d768_l2,100000,768,l2,cluster,0.0100,0.0100,1000,E_large48_acorn1,large,ACORN,48,1,96,250,10,1.0000,917.8,1073.29,1194.46,1232.42,1270.33,1089.59,1179,1000,12339,153930,166271,101906,64365,0,10,26936.8,39618184,41.1,96
n100k_d768_l2,100000,768,l2,cluster,0.0100,0.0100,1000,C_acorn_g4,acorn,ACORN,16,4,16,250,10,0.9990,3375.5,292.29,319.79,381.33,389.62,296.25,1032,995,6182,12187,18370,14564,3806,0,10,35004.5,18532104,24.2,40
n100k_d768_l2,100000,768,l2,cluster,0.0100,0.0100,1000,C_acorn_g8,acorn,ACORN,16,8,16,250,10,1.0000,3366.0,290.79,355.42,369.25,375.92,297.09,1032,996,6283,12249,18534,14566,3967,0,10,55273.2,20264200,24.3,40
n100k_d768_l2,100000,768,l2,cluster,0.0100,0.0100,1000,C_acorn_g16,acorn,ACORN,16,16,16,250,10,1.0000,3343.9,294.08,319.25,368.67,415.96,299.05,1032,996,6502,12589,19093,14713,4379,0,10,95724.5,23728392,24.3,40
n100k_d768_l2,100000,768,l2,cluster,0.0100,0.0100,1000,C_acorn_g32,acorn,ACORN,16,32,16,250,10,1.0000,3318.3,297.33,349.96,385.75,403.50,301.36,1031,997,6529,12738,19269,14851,4417,0,10,242975.0,30656776,24.3,40
n100k_d768_l2,100000,768,l2,cluster,0.0100,0.0100,1000,A_std_standard,std,STANDARD,16,1,32,500,10,0.0500,1465.5,686.25,726.71,759.62,769.17,682.38,2056,2056,2056,0,2056,0,0,509,0,41699.6,14033032,25.8,32
n100k_d768_l2,100000,768,l2,cluster,0.0100,0.0100,1000,B_std_acorn1,std,ACORN,16,1,32,500,10,1.0000,1041.5,943.92,1077.17,1113.21,1118.92,960.17,1064,1000,13660,96644,110306,71408,38897,0,10,41699.6,14033032,25.8,32
n100k_d768_l2,100000,768,l2,cluster,0.0100,0.0100,1000,D_large24_standard,large,STANDARD,24,1,48,500,10,0.0500,1417.1,697.79,800.88,931.67,1017.08,705.65,2097,2097,2097,0,2097,0,0,507,0,36202.3,20424136,32.9,48
n100k_d768_l2,100000,768,l2,cluster,0.0100,0.0100,1000,E_large24_acorn1,large,ACORN,24,1,48,500,10,1.0000,704.7,1403.92,1527.46,1557.67,1699.83,1418.97,1085,1000,18418,175318,193737,125366,68370,0,10,36202.3,20424136,32.9,48
n100k_d768_l2,100000,768,l2,cluster,0.0100,0.0100,1000,D_large48_standard,large,STANDARD,48,1,96,500,10,0.0500,1426.9,702.62,750.83,768.62,782.29,700.83,2175,2175,2175,0,2175,0,0,505,0,26936.8,39618184,41.1,96
n100k_d768_l2,100000,768,l2,cluster,0.0100,0.0100,1000,E_large48_acorn1,large,ACORN,48,1,96,500,10,1.0000,460.5,2158.79,2309.92,2409.58,2572.88,2171.61,1179,1000,25560,314808,340369,211587,128782,0,10,26936.8,39618184,41.1,96
n100k_d768_l2,100000,768,l2,cluster,0.0100,0.0100,1000,C_acorn_g4,acorn,ACORN,16,4,16,500,10,1.0000,1703.5,579.92,635.04,722.17,722.50,587.03,1036,999,12762,33941,46705,37508,9197,0,10,35004.5,18532104,24.2,40
n100k_d768_l2,100000,768,l2,cluster,0.0100,0.0100,1000,C_acorn_g8,acorn,ACORN,16,8,16,500,10,1.0000,1701.5,581.04,642.79,696.29,696.67,587.70,1035,1000,12875,34039,46915,37391,9524,0,10,55273.2,20264200,24.3,40
n100k_d768_l2,100000,768,l2,cluster,0.0100,0.0100,1000,C_acorn_g16,acorn,ACORN,16,16,16,500,10,1.0000,1670.2,588.62,687.83,710.12,725.42,598.73,1036,1000,13126,34989,48116,37880,10236,0,10,95724.5,23728392,24.3,40
n100k_d768_l2,100000,768,l2,cluster,0.0100,0.0100,1000,C_acorn_g32,acorn,ACORN,16,32,16,500,10,1.0000,1670.8,588.50,668.29,722.54,726.75,598.51,1034,1000,13170,35348,48520,38166,10353,0,10,242975.0,30656776,24.3,40
n100k_d768_l2,100000,768,l2,cluster,0.0050,0.0050,500,F_exact,exact,EXACT,16,0,0,0,10,1.0000,5879.4,168.00,181.71,183.42,186.42,170.09,500,0,0,0,100000,0,0,0,10,0.0,0,0.0,0
n100k_d768_l2,100000,768,l2,cluster,0.0050,0.0050,500,A_std_standard,std,STANDARD,16,1,32,50,10,0.0100,5650.7,177.62,195.75,212.42,217.33,176.97,1084,1084,1084,0,1084,0,0,60,0,41699.6,14033032,25.8,32
n100k_d768_l2,100000,768,l2,cluster,0.0050,0.0050,500,B_std_acorn1,std,ACORN,16,1,32,50,10,1.0000,6497.8,152.96,169.08,175.38,176.88,153.90,549,499,1071,13976,15049,5580,9468,0,10,41699.6,14033032,25.8,32
n100k_d768_l2,100000,768,l2,cluster,0.0050,0.0050,500,D_large24_standard,large,STANDARD,24,1,48,50,10,0.0100,4786.7,208.17,242.42,273.83,282.83,208.91,1324,1324,1324,0,1324,0,0,58,0,36202.3,20424136,32.9,48
n100k_d768_l2,100000,768,l2,cluster,0.0050,0.0050,500,E_large24_acorn1,large,ACORN,24,1,48,50,10,1.0000,3898.4,254.04,289.92,323.96,331.29,256.51,565,500,1731,31816,33549,12350,21199,0,10,36202.3,20424136,32.9,48
n100k_d768_l2,100000,768,l2,cluster,0.0050,0.0050,500,D_large48_standard,large,STANDARD,48,1,96,50,10,0.0110,4171.3,240.62,261.25,300.58,363.42,239.74,1587,1587,1587,0,1587,0,0,56,0,26936.8,39618184,41.1,96
n100k_d768_l2,100000,768,l2,cluster,0.0050,0.0050,500,E_large48_acorn1,large,ACORN,48,1,96,50,10,1.0000,2336.6,426.50,473.96,489.04,492.00,427.97,580,500,2647,63484,66133,23987,42145,0,10,26936.8,39618184,41.1,96
n100k_d768_l2,100000,768,l2,cluster,0.0050,0.0050,500,C_acorn_g4,acorn,ACORN,16,4,16,50,10,0.0000,398937.2,2.46,2.88,3.12,3.21,2.51,1,1,176,273,450,0,450,0,0,35004.5,18532104,24.2,40
n100k_d768_l2,100000,768,l2,cluster,0.0050,0.0050,500,C_acorn_g8,acorn,ACORN,16,8,16,50,10,0.8970,11978.6,82.33,93.88,97.08,97.62,83.48,476,439,1681,2367,4050,1983,2066,0,10,55273.2,20264200,24.3,40
n100k_d768_l2,100000,768,l2,cluster,0.0050,0.0050,500,C_acorn_g16,acorn,ACORN,16,16,16,50,10,0.9260,11560.7,85.38,96.58,103.88,118.42,86.50,494,458,1938,2337,4277,1966,2310,0,10,95724.5,23728392,24.3,40
n100k_d768_l2,100000,768,l2,cluster,0.0050,0.0050,500,C_acorn_g32,acorn,ACORN,16,32,16,50,10,0.0000,234883.5,3.88,5.75,6.21,8.50,4.26,1,1,881,218,1100,0,1100,0,0,242975.0,30656776,24.3,40
n100k_d768_l2,100000,768,l2,cluster,0.0050,0.0050,500,A_std_standard,std,STANDARD,16,1,32,100,10,0.0100,3743.9,266.62,289.25,301.08,315.42,267.10,1503,1503,1503,0,1503,0,0,109,0,41699.6,14033032,25.8,32
n100k_d768_l2,100000,768,l2,cluster,0.0050,0.0050,500,B_std_acorn1,std,ACORN,16,1,32,100,10,1.0000,3408.2,290.96,310.58,360.33,373.67,293.41,549,500,2647,35723,38371,14714,23657,0,10,41699.6,14033032,25.8,32
n100k_d768_l2,100000,768,l2,cluster,0.0050,0.0050,500,D_large24_standard,large,STANDARD,24,1,48,100,10,0.0100,3304.8,303.33,335.79,373.21,381.96,302.59,1730,1730,1730,0,1730,0,0,107,0,36202.3,20424136,32.9,48
n100k_d768_l2,100000,768,l2,cluster,0.0050,0.0050,500,E_large24_acorn1,large,ACORN,24,1,48,100,10,1.0000,1995.8,492.58,561.33,604.38,642.71,501.05,565,500,3893,72941,76836,28892,47944,0,10,36202.3,20424136,32.9,48
n100k_d768_l2,100000,768,l2,cluster,0.0050,0.0050,500,D_large48_standard,large,STANDARD,48,1,96,100,10,0.0120,3062.6,326.79,355.33,362.17,384.21,326.52,1932,1932,1932,0,1932,0,0,106,0,26936.8,39618184,41.1,96
n100k_d768_l2,100000,768,l2,cluster,0.0050,0.0050,500,E_large48_acorn1,large,ACORN,48,1,96,100,10,1.0000,1178.5,840.25,925.58,978.42,978.83,848.51,580,500,5656,136213,141870,52877,88992,0,10,26936.8,39618184,41.1,96
n100k_d768_l2,100000,768,l2,cluster,0.0050,0.0050,500,C_acorn_g4,acorn,ACORN,16,4,16,100,10,0.0000,387790.8,2.54,2.92,3.08,3.17,2.58,1,1,176,273,450,0,450,0,0,35004.5,18532104,24.2,40
n100k_d768_l2,100000,768,l2,cluster,0.0050,0.0050,500,C_acorn_g8,acorn,ACORN,16,8,16,100,10,0.9550,6976.5,141.79,156.29,179.33,214.46,143.34,506,469,3017,8235,11253,6147,5106,0,10,55273.2,20264200,24.3,40
n100k_d768_l2,100000,768,l2,cluster,0.0050,0.0050,500,C_acorn_g16,acorn,ACORN,16,16,16,100,10,0.9930,6894.8,143.67,159.21,180.38,198.25,145.04,532,496,3265,7913,11180,5979,5201,0,10,95724.5,23728392,24.3,40
n100k_d768_l2,100000,768,l2,cluster,0.0050,0.0050,500,C_acorn_g32,acorn,ACORN,16,32,16,100,10,0.0000,250521.7,4.12,4.50,4.62,4.92,3.99,1,1,881,218,1100,0,1100,0,0,242975.0,30656776,24.3,40
n100k_d768_l2,100000,768,l2,cluster,0.0050,0.0050,500,A_std_standard,std,STANDARD,16,1,32,250,10,0.0110,2265.0,446.58,475.54,501.33,515.08,441.50,1924,1924,1924,0,1924,0,0,259,0,41699.6,14033032,25.8,32
n100k_d768_l2,100000,768,l2,cluster,0.0050,0.0050,500,B_std_acorn1,std,ACORN,16,1,32,250,10,1.0000,1378.2,715.79,806.92,870.58,900.12,725.58,549,500,7383,101921,109305,42432,66873,0,10,41699.6,14033032,25.8,32
n100k_d768_l2,100000,768,l2,cluster,0.0050,0.0050,500,D_large24_standard,large,STANDARD,24,1,48,250,10,0.0100,2159.2,465.62,499.96,549.21,594.08,463.13,2038,2038,2038,0,2038,0,0,257,0,36202.3,20424136,32.9,48
n100k_d768_l2,100000,768,l2,cluster,0.0050,0.0050,500,E_large24_acorn1,large,ACORN,24,1,48,250,10,1.0000,802.0,1236.42,1345.04,1378.62,1447.58,1246.91,565,500,10381,197099,207481,78733,128748,0,10,36202.3,20424136,32.9,48
n100k_d768_l2,100000,768,l2,cluster,0.0050,0.0050,500,D_large48_standard,large,STANDARD,48,1,96,250,10,0.0140,2127.3,471.42,508.42,536.50,544.71,470.09,2136,2136,2136,0,2136,0,0,255,0,26936.8,39618184,41.1,96
n100k_d768_l2,100000,768,l2,cluster,0.0050,0.0050,500,E_large48_acorn1,large,ACORN,48,1,96,250,10,1.0000,475.2,2100.08,2191.67,2245.46,2267.96,2104.37,580,500,14634,354809,369444,139747,229697,0,10,26936.8,39618184,41.1,96
n100k_d768_l2,100000,768,l2,cluster,0.0050,0.0050,500,C_acorn_g4,acorn,ACORN,16,4,16,250,10,0.0000,374936.3,2.50,3.08,3.46,7.83,2.67,1,1,176,273,450,0,450,0,0,35004.5,18532104,24.2,40
n100k_d768_l2,100000,768,l2,cluster,0.0050,0.0050,500,C_acorn_g8,acorn,ACORN,16,8,16,250,10,0.9580,2995.9,329.38,364.62,425.08,440.00,333.79,507,471,7134,31493,38629,22129,16500,0,10,55273.2,20264200,24.3,40
n100k_d768_l2,100000,768,l2,cluster,0.0050,0.0050,500,C_acorn_g16,acorn,ACORN,16,16,16,250,10,1.0000,2941.1,335.92,373.50,421.79,451.00,340.01,534,499,7373,30989,38364,21992,16371,0,10,95724.5,23728392,24.3,40
n100k_d768_l2,100000,768,l2,cluster,0.0050,0.0050,500,C_acorn_g32,acorn,ACORN,16,32,16,250,10,0.0000,262238.0,3.62,4.50,4.67,4.79,3.81,1,1,881,218,1100,0,1100,0,0,242975.0,30656776,24.3,40
n100k_d768_l2,100000,768,l2,cluster,0.0050,0.0050,500,A_std_standard,std,STANDARD,16,1,32,500,10,0.0120,1462.6,684.83,737.88,766.17,777.96,683.71,2056,2056,2056,0,2056,0,0,509,0,41699.6,14033032,25.8,32
n100k_d768_l2,100000,768,l2,cluster,0.0050,0.0050,500,B_std_acorn1,std,ACORN,16,1,32,500,10,1.0000,668.6,1483.54,1595.21,1617.04,1695.33,1495.56,549,500,15254,213054,228310,88969,139340,0,10,41699.6,14033032,25.8,32
n100k_d768_l2,100000,768,l2,cluster,0.0050,0.0050,500,D_large24_standard,large,STANDARD,24,1,48,500,10,0.0100,1443.4,694.83,743.50,783.67,807.75,692.80,2097,2097,2097,0,2097,0,0,507,0,36202.3,20424136,32.9,48
n100k_d768_l2,100000,768,l2,cluster,0.0050,0.0050,500,E_large24_acorn1,large,ACORN,24,1,48,500,10,1.0000,391.6,2546.25,2666.75,2693.33,2767.12,2553.39,565,500,21171,404757,425929,161895,264034,0,10,36202.3,20424136,32.9,48
n100k_d768_l2,100000,768,l2,cluster,0.0050,0.0050,500,D_large48_standard,large,STANDARD,48,1,96,500,10,0.0170,1429.8,700.62,753.79,769.08,798.67,699.38,2175,2175,2175,0,2175,0,0,505,0,26936.8,39618184,41.1,96
n100k_d768_l2,100000,768,l2,cluster,0.0050,0.0050,500,E_large48_acorn1,large,ACORN,48,1,96,500,10,1.0000,234.3,4255.88,4378.08,4416.79,4453.42,4268.81,580,500,29500,719184,748686,284861,463824,0,10,26936.8,39618184,41.1,96
n100k_d768_l2,100000,768,l2,cluster,0.0050,0.0050,500,C_acorn_g4,acorn,ACORN,16,4,16,500,10,0.0000,368935.6,2.62,3.12,3.21,3.42,2.71,1,1,176,273,450,0,450,0,0,35004.5,18532104,24.2,40
n100k_d768_l2,100000,768,l2,cluster,0.0050,0.0050,500,C_acorn_g8,acorn,ACORN,16,8,16,500,10,0.9580,1562.1,635.92,667.75,676.92,729.42,640.15,507,471,13020,63784,76805,44421,32384,0,10,55273.2,20264200,24.3,40
n100k_d768_l2,100000,768,l2,cluster,0.0050,0.0050,500,C_acorn_g16,acorn,ACORN,16,16,16,500,10,1.0000,1404.9,705.12,745.62,796.17,864.79,711.79,534,499,14110,69299,83410,48456,34954,0,10,95724.5,23728392,24.3,40
n100k_d768_l2,100000,768,l2,cluster,0.0050,0.0050,500,C_acorn_g32,acorn,ACORN,16,32,16,500,10,0.0000,281159.5,3.54,3.79,3.92,4.00,3.56,1,1,881,218,1100,0,1100,0,0,242975.0,30656776,24.3,40
n100k_d768_l2,100000,768,l2,cluster,0.0010,0.0010,100,F_exact,exact,EXACT,16,0,0,0,10,1.0000,8472.0,116.58,123.46,130.88,131.42,118.04,100,0,0,0,100000,0,0,0,10,0.0,0,0.0,0
n100k_d768_l2,100000,768,l2,cluster,0.0010,0.0010,100,A_std_standard,std,STANDARD,16,1,32,50,10,0.0180,5595.5,178.33,201.04,205.38,243.83,178.72,1084,1084,1084,0,1084,0,0,60,0,41699.6,14033032,25.8,32
n100k_d768_l2,100000,768,l2,cluster,0.0010,0.0010,100,B_std_acorn1,std,ACORN,16,1,32,50,10,0.0000,228895.3,4.29,5.12,5.29,5.38,4.37,1,1,62,1282,1345,0,1345,0,0,41699.6,14033032,25.8,32
n100k_d768_l2,100000,768,l2,cluster,0.0010,0.0010,100,D_large24_standard,large,STANDARD,24,1,48,50,10,0.0180,4722.0,209.58,230.92,294.33,316.17,211.78,1324,1324,1324,0,1324,0,0,58,0,36202.3,20424136,32.9,48
n100k_d768_l2,100000,768,l2,cluster,0.0010,0.0010,100,E_large24_acorn1,large,ACORN,24,1,48,50,10,0.0000,241842.6,4.12,4.29,4.42,4.79,4.13,1,1,71,1620,1692,0,1692,0,0,36202.3,20424136,32.9,48
n100k_d768_l2,100000,768,l2,cluster,0.0010,0.0010,100,D_large48_standard,large,STANDARD,48,1,96,50,10,0.0200,4165.8,239.62,266.71,304.88,312.46,240.05,1587,1587,1587,0,1587,0,0,56,0,26936.8,39618184,41.1,96
n100k_d768_l2,100000,768,l2,cluster,0.0010,0.0010,100,E_large48_acorn1,large,ACORN,48,1,96,50,10,0.0000,87295.5,11.42,11.62,11.83,13.29,11.46,1,1,116,4599,4716,0,4716,0,0,26936.8,39618184,41.1,96
n100k_d768_l2,100000,768,l2,cluster,0.0010,0.0010,100,C_acorn_g4,acorn,ACORN,16,4,16,50,10,0.0000,492414.4,1.92,2.42,2.58,2.75,2.03,1,1,176,273,450,0,450,0,0,35004.5,18532104,24.2,40
n100k_d768_l2,100000,768,l2,cluster,0.0010,0.0010,100,C_acorn_g8,acorn,ACORN,16,8,16,50,10,0.0000,520364.5,1.92,1.96,2.00,2.08,1.92,1,1,300,178,479,0,479,0,0,55273.2,20264200,24.3,40
n100k_d768_l2,100000,768,l2,cluster,0.0010,0.0010,100,C_acorn_g16,acorn,ACORN,16,16,16,50,10,0.0000,427418.0,2.33,2.38,2.46,2.46,2.34,1,1,556,179,736,0,736,0,0,95724.5,23728392,24.3,40
n100k_d768_l2,100000,768,l2,cluster,0.0010,0.0010,100,C_acorn_g32,acorn,ACORN,16,32,16,50,10,0.0000,326224.9,3.00,3.71,3.79,3.88,3.07,1,1,881,218,1100,0,1100,0,0,242975.0,30656776,24.3,40
n100k_d768_l2,100000,768,l2,cluster,0.0010,0.0010,100,A_std_standard,std,STANDARD,16,1,32,100,10,0.0200,3713.3,269.50,288.62,319.00,431.33,269.30,1503,1503,1503,0,1503,0,0,109,0,41699.6,14033032,25.8,32
n100k_d768_l2,100000,768,l2,cluster,0.0010,0.0010,100,B_std_acorn1,std,ACORN,16,1,32,100,10,0.0000,254801.1,3.88,4.12,4.33,4.88,3.92,1,1,62,1282,1345,0,1345,0,0,41699.6,14033032,25.8,32
n100k_d768_l2,100000,768,l2,cluster,0.0010,0.0010,100,D_large24_standard,large,STANDARD,24,1,48,100,10,0.0200,3357.3,296.75,336.25,368.88,393.54,297.86,1730,1730,1730,0,1730,0,0,107,0,36202.3,20424136,32.9,48
n100k_d768_l2,100000,768,l2,cluster,0.0010,0.0010,100,E_large24_acorn1,large,ACORN,24,1,48,100,10,0.0000,233553.2,4.12,4.62,5.38,10.92,4.28,1,1,71,1620,1692,0,1692,0,0,36202.3,20424136,32.9,48
n100k_d768_l2,100000,768,l2,cluster,0.0010,0.0010,100,D_large48_standard,large,STANDARD,48,1,96,100,10,0.0200,3111.9,323.29,346.38,372.75,426.21,321.35,1932,1932,1932,0,1932,0,0,106,0,26936.8,39618184,41.1,96
n100k_d768_l2,100000,768,l2,cluster,0.0010,0.0010,100,E_large48_acorn1,large,ACORN,48,1,96,100,10,0.0000,110278.6,9.04,9.25,9.33,9.42,9.07,1,1,116,4599,4716,0,4716,0,0,26936.8,39618184,41.1,96
n100k_d768_l2,100000,768,l2,cluster,0.0010,0.0010,100,C_acorn_g4,acorn,ACORN,16,4,16,100,10,0.0000,527815.9,1.88,2.00,2.08,2.21,1.89,1,1,176,273,450,0,450,0,0,35004.5,18532104,24.2,40
n100k_d768_l2,100000,768,l2,cluster,0.0010,0.0010,100,C_acorn_g8,acorn,ACORN,16,8,16,100,10,0.0000,536083.8,1.88,1.92,1.96,2.00,1.87,1,1,300,178,479,0,479,0,0,55273.2,20264200,24.3,40
n100k_d768_l2,100000,768,l2,cluster,0.0010,0.0010,100,C_acorn_g16,acorn,ACORN,16,16,16,100,10,0.0000,433129.2,2.29,2.42,2.42,2.46,2.31,1,1,556,179,736,0,736,0,0,95724.5,23728392,24.3,40
n100k_d768_l2,100000,768,l2,cluster,0.0010,0.0010,100,C_acorn_g32,acorn,ACORN,16,32,16,100,10,0.0000,336140.1,2.96,3.08,3.08,3.12,2.97,1,1,881,218,1100,0,1100,0,0,242975.0,30656776,24.3,40
n100k_d768_l2,100000,768,l2,cluster,0.0010,0.0010,100,A_std_standard,std,STANDARD,16,1,32,250,10,0.0200,2292.9,439.17,471.12,485.17,509.21,436.13,1924,1924,1924,0,1924,0,0,259,0,41699.6,14033032,25.8,32
n100k_d768_l2,100000,768,l2,cluster,0.0010,0.0010,100,B_std_acorn1,std,ACORN,16,1,32,250,10,0.0000,276781.4,3.58,3.83,3.96,4.46,3.61,1,1,62,1282,1345,0,1345,0,0,41699.6,14033032,25.8,32
n100k_d768_l2,100000,768,l2,cluster,0.0010,0.0010,100,D_large24_standard,large,STANDARD,24,1,48,250,10,0.0200,2169.1,464.42,491.21,539.67,547.92,461.01,2038,2038,2038,0,2038,0,0,257,0,36202.3,20424136,32.9,48
n100k_d768_l2,100000,768,l2,cluster,0.0010,0.0010,100,E_large24_acorn1,large,ACORN,24,1,48,250,10,0.0000,213977.9,4.62,4.96,5.04,5.50,4.67,1,1,71,1620,1692,0,1692,0,0,36202.3,20424136,32.9,48
n100k_d768_l2,100000,768,l2,cluster,0.0010,0.0010,100,D_large48_standard,large,STANDARD,48,1,96,250,10,0.0200,2124.5,471.50,510.62,544.12,550.08,470.69,2136,2136,2136,0,2136,0,0,255,0,26936.8,39618184,41.1,96
n100k_d768_l2,100000,768,l2,cluster,0.0010,0.0010,100,E_large48_acorn1,large,ACORN,48,1,96,250,10,0.0000,86529.9,11.54,11.83,11.96,11.96,11.56,1,1,116,4599,4716,0,4716,0,0,26936.8,39618184,41.1,96
n100k_d768_l2,100000,768,l2,cluster,0.0010,0.0010,100,C_acorn_g4,acorn,ACORN,16,4,16,250,10,0.0000,511189.9,1.96,2.04,2.17,2.33,1.96,1,1,176,273,450,0,450,0,0,35004.5,18532104,24.2,40
n100k_d768_l2,100000,768,l2,cluster,0.0010,0.0010,100,C_acorn_g8,acorn,ACORN,16,8,16,250,10,0.0000,522305.0,1.92,1.96,2.00,2.08,1.91,1,1,300,178,479,0,479,0,0,55273.2,20264200,24.3,40
n100k_d768_l2,100000,768,l2,cluster,0.0010,0.0010,100,C_acorn_g16,acorn,ACORN,16,16,16,250,10,0.0000,427268.3,2.33,2.38,2.42,2.46,2.34,1,1,556,179,736,0,736,0,0,95724.5,23728392,24.3,40
n100k_d768_l2,100000,768,l2,cluster,0.0010,0.0010,100,C_acorn_g32,acorn,ACORN,16,32,16,250,10,0.0000,334539.9,3.00,3.04,3.08,3.08,2.99,1,1,881,218,1100,0,1100,0,0,242975.0,30656776,24.3,40
n100k_d768_l2,100000,768,l2,cluster,0.0010,0.0010,100,A_std_standard,std,STANDARD,16,1,32,500,10,0.0200,1463.1,686.25,731.54,747.79,759.79,683.49,2056,2056,2056,0,2056,0,0,509,0,41699.6,14033032,25.8,32
n100k_d768_l2,100000,768,l2,cluster,0.0010,0.0010,100,B_std_acorn1,std,ACORN,16,1,32,500,10,0.0000,259684.3,3.67,4.04,4.71,13.38,3.85,1,1,62,1282,1345,0,1345,0,0,41699.6,14033032,25.8,32
n100k_d768_l2,100000,768,l2,cluster,0.0010,0.0010,100,D_large24_standard,large,STANDARD,24,1,48,500,10,0.0200,1446.1,691.62,749.25,778.92,812.88,691.49,2097,2097,2097,0,2097,0,0,507,0,36202.3,20424136,32.9,48
n100k_d768_l2,100000,768,l2,cluster,0.0010,0.0010,100,E_large24_acorn1,large,ACORN,24,1,48,500,10,0.0000,228029.9,4.33,4.67,4.88,5.12,4.39,1,1,71,1620,1692,0,1692,0,0,36202.3,20424136,32.9,48
n100k_d768_l2,100000,768,l2,cluster,0.0010,0.0010,100,D_large48_standard,large,STANDARD,48,1,96,500,10,0.0200,1418.7,703.12,759.38,779.92,1062.42,704.87,2175,2175,2175,0,2175,0,0,505,0,26936.8,39618184,41.1,96
n100k_d768_l2,100000,768,l2,cluster,0.0010,0.0010,100,E_large48_acorn1,large,ACORN,48,1,96,500,10,0.0000,104488.2,9.46,9.75,12.38,16.71,9.57,1,1,116,4599,4716,0,4716,0,0,26936.8,39618184,41.1,96
n100k_d768_l2,100000,768,l2,cluster,0.0010,0.0010,100,C_acorn_g4,acorn,ACORN,16,4,16,500,10,0.0000,472527.3,2.08,2.21,2.38,2.54,2.12,1,1,176,273,450,0,450,0,0,35004.5,18532104,24.2,40
n100k_d768_l2,100000,768,l2,cluster,0.0010,0.0010,100,C_acorn_g8,acorn,ACORN,16,8,16,500,10,0.0000,481558.7,2.08,2.12,2.17,2.21,2.08,1,1,300,178,479,0,479,0,0,55273.2,20264200,24.3,40
n100k_d768_l2,100000,768,l2,cluster,0.0010,0.0010,100,C_acorn_g16,acorn,ACORN,16,16,16,500,10,0.0000,405668.0,2.46,2.50,2.54,2.58,2.47,1,1,556,179,736,0,736,0,0,95724.5,23728392,24.3,40
n100k_d768_l2,100000,768,l2,cluster,0.0010,0.0010,100,C_acorn_g32,acorn,ACORN,16,32,16,500,10,0.0000,298322.2,3.12,3.92,3.92,3.96,3.35,1,1,881,218,1100,0,1100,0,0,242975.0,30656776,24.3,40
n100k_d768_l2,100000,768,l2,adversarial,0.5000,0.5000,50000,F_exact,exact,EXACT,16,0,0,0,10,1.0000,116.1,8601.58,8833.79,9010.83,9244.88,8611.58,50000,0,0,0,100000,0,0,0,10,0.0,0,0.0,0
n100k_d768_l2,100000,768,l2,adversarial,0.5000,0.5000,50000,A_std_standard,std,STANDARD,16,1,32,50,10,0.6580,5593.6,179.00,195.50,206.21,212.67,178.78,1084,1084,1084,0,1084,0,0,60,8,41699.6,14033032,25.8,32
n100k_d768_l2,100000,768,l2,adversarial,0.5000,0.5000,50000,B_std_acorn1,std,ACORN,16,1,32,50,10,0.5570,2933.7,346.67,408.33,650.08,727.50,340.87,1067,954,539,6845,7386,2549,4836,0,10,41699.6,14033032,25.8,32
n100k_d768_l2,100000,768,l2,adversarial,0.5000,0.5000,50000,D_large24_standard,large,STANDARD,24,1,48,50,10,0.7260,4625.7,216.46,248.92,278.08,299.50,216.19,1324,1324,1324,0,1324,0,0,58,8,36202.3,20424136,32.9,48
n100k_d768_l2,100000,768,l2,adversarial,0.5000,0.5000,50000,E_large24_acorn1,large,ACORN,24,1,48,50,10,0.5710,2379.4,408.25,525.75,991.33,1194.96,420.28,1352,1187,674,9243,9919,4161,5758,0,10,36202.3,20424136,32.9,48
n100k_d768_l2,100000,768,l2,adversarial,0.5000,0.5000,50000,D_large48_standard,large,STANDARD,48,1,96,50,10,0.7610,4027.5,248.00,277.79,313.33,343.29,248.29,1587,1587,1587,0,1587,0,0,56,8,26936.8,39618184,41.1,96
n100k_d768_l2,100000,768,l2,adversarial,0.5000,0.5000,50000,E_large48_acorn1,large,ACORN,48,1,96,50,10,0.8160,1670.5,568.50,844.46,1222.71,1251.25,598.62,1698,1480,1348,26434,27784,9970,17813,0,10,26936.8,39618184,41.1,96
n100k_d768_l2,100000,768,l2,adversarial,0.5000,0.5000,50000,C_acorn_g4,acorn,ACORN,16,4,16,50,10,0.3940,4444.2,241.00,288.42,299.58,405.88,225.01,767,682,1238,1936,3175,1816,1359,0,10,35004.5,18532104,24.2,40
n100k_d768_l2,100000,768,l2,adversarial,0.5000,0.5000,50000,C_acorn_g8,acorn,ACORN,16,8,16,50,10,0.4170,4510.4,233.83,276.33,279.08,297.00,221.71,772,685,1231,1938,3171,1759,1412,0,10,55273.2,20264200,24.3,40
n100k_d768_l2,100000,768,l2,adversarial,0.5000,0.5000,50000,C_acorn_g16,acorn,ACORN,16,16,16,50,10,0.4420,4173.7,248.50,293.50,332.04,403.71,239.60,810,722,1256,1979,3236,1755,1481,0,10,95724.5,23728392,24.3,40
n100k_d768_l2,100000,768,l2,adversarial,0.5000,0.5000,50000,C_acorn_g32,acorn,ACORN,16,32,16,50,10,0.2280,4462.5,241.00,295.67,410.62,509.29,224.09,839,759,1211,1693,2905,1863,1042,0,10,242975.0,30656776,24.3,40
n100k_d768_l2,100000,768,l2,adversarial,0.5000,0.5000,50000,A_std_standard,std,STANDARD,16,1,32,100,10,0.7850,3592.1,278.17,314.83,332.88,339.00,278.39,1503,1503,1503,0,1503,0,0,109,8,41699.6,14033032,25.8,32
n100k_d768_l2,100000,768,l2,adversarial,0.5000,0.5000,50000,B_std_acorn1,std,ACORN,16,1,32,100,10,0.6670,1893.3,509.67,699.83,918.58,943.96,528.19,1465,1351,1299,14204,15504,6088,9416,0,10,41699.6,14033032,25.8,32
n100k_d768_l2,100000,768,l2,adversarial,0.5000,0.5000,50000,D_large24_standard,large,STANDARD,24,1,48,100,10,0.8120,3246.6,308.83,360.04,399.62,400.88,308.02,1730,1730,1730,0,1730,0,0,107,8,36202.3,20424136,32.9,48
n100k_d768_l2,100000,768,l2,adversarial,0.5000,0.5000,50000,E_large24_acorn1,large,ACORN,24,1,48,100,10,0.7070,1538.5,585.75,1106.67,1633.00,1678.79,649.98,1702,1537,1974,23740,25715,11392,14323,0,10,36202.3,20424136,32.9,48
n100k_d768_l2,100000,768,l2,adversarial,0.5000,0.5000,50000,D_large48_standard,large,STANDARD,48,1,96,100,10,0.8260,2991.4,334.62,374.88,390.08,406.21,334.29,1932,1932,1932,0,1932,0,0,106,8,26936.8,39618184,41.1,96
n100k_d768_l2,100000,768,l2,adversarial,0.5000,0.5000,50000,E_large48_acorn1,large,ACORN,48,1,96,100,10,0.8700,1157.8,777.29,1297.00,1564.21,1634.38,863.71,1937,1719,3448,54330,57780,24478,33301,0,10,26936.8,39618184,41.1,96
n100k_d768_l2,100000,768,l2,adversarial,0.5000,0.5000,50000,C_acorn_g4,acorn,ACORN,16,4,16,100,10,0.4560,2926.3,355.75,443.08,536.38,659.29,341.73,1032,947,2336,4068,6406,3623,2782,0,10,35004.5,18532104,24.2,40
n100k_d768_l2,100000,768,l2,adversarial,0.5000,0.5000,50000,C_acorn_g8,acorn,ACORN,16,8,16,100,10,0.4870,2883.7,354.96,425.46,553.29,631.04,346.77,1046,960,2345,4142,6488,3592,2896,0,10,55273.2,20264200,24.3,40
n100k_d768_l2,100000,768,l2,adversarial,0.5000,0.5000,50000,C_acorn_g16,acorn,ACORN,16,16,16,100,10,0.5180,2725.9,382.83,456.21,638.83,657.92,366.85,1096,1008,2364,4150,6515,3540,2975,0,10,95724.5,23728392,24.3,40
n100k_d768_l2,100000,768,l2,adversarial,0.5000,0.5000,50000,C_acorn_g32,acorn,ACORN,16,32,16,100,10,0.3160,2874.5,363.00,497.83,573.04,602.08,347.89,1144,1064,2283,3337,5621,3594,2027,0,10,242975.0,30656776,24.3,40
n100k_d768_l2,100000,768,l2,adversarial,0.5000,0.5000,50000,A_std_standard,std,STANDARD,16,1,32,250,10,0.8400,2206.6,456.29,500.25,526.08,530.96,453.19,1924,1924,1924,0,1924,0,0,259,8,41699.6,14033032,25.8,32
n100k_d768_l2,100000,768,l2,adversarial,0.5000,0.5000,50000,B_std_acorn1,std,ACORN,16,1,32,250,10,0.7610,1101.7,827.29,1429.12,1558.67,1561.08,907.72,1810,1697,5011,40815,45827,21751,24076,0,10,41699.6,14033032,25.8,32
n100k_d768_l2,100000,768,l2,adversarial,0.5000,0.5000,50000,D_large24_standard,large,STANDARD,24,1,48,250,10,0.8480,2106.4,472.46,536.04,555.46,571.17,474.74,2038,2038,2038,0,2038,0,0,257,8,36202.3,20424136,32.9,48
n100k_d768_l2,100000,768,l2,adversarial,0.5000,0.5000,50000,E_large24_acorn1,large,ACORN,24,1,48,250,10,0.7700,897.6,934.17,2213.88,2837.33,3057.71,1114.11,1889,1724,7229,75696,82926,39185,43741,0,10,36202.3,20424136,32.9,48
n100k_d768_l2,100000,768,l2,adversarial,0.5000,0.5000,50000,D_large48_standard,large,STANDARD,48,1,96,250,10,0.8480,2072.9,483.79,511.79,555.83,562.04,482.42,2136,2136,2136,0,2136,0,0,255,9,26936.8,39618184,41.1,96
n100k_d768_l2,100000,768,l2,adversarial,0.5000,0.5000,50000,E_large48_acorn1,large,ACORN,48,1,96,250,10,0.9260,677.8,1334.75,2468.62,2823.62,3317.83,1475.30,2190,1972,10269,136258,146529,68928,77600,0,10,26936.8,39618184,41.1,96
n100k_d768_l2,100000,768,l2,adversarial,0.5000,0.5000,50000,C_acorn_g4,acorn,ACORN,16,4,16,250,10,0.4870,1726.2,607.42,690.29,733.67,856.00,579.29,1339,1254,5657,10540,16199,9083,7116,0,10,35004.5,18532104,24.2,40
n100k_d768_l2,100000,768,l2,adversarial,0.5000,0.5000,50000,C_acorn_g8,acorn,ACORN,16,8,16,250,10,0.5140,1747.8,594.71,682.21,727.29,839.21,572.13,1346,1259,5698,11335,17034,9277,7757,0,10,55273.2,20264200,24.3,40
n100k_d768_l2,100000,768,l2,adversarial,0.5000,0.5000,50000,C_acorn_g16,acorn,ACORN,16,16,16,250,10,0.5610,1672.8,609.75,702.88,918.17,1424.58,597.80,1423,1335,5774,11294,17069,9224,7845,0,10,95724.5,23728392,24.3,40
n100k_d768_l2,100000,768,l2,adversarial,0.5000,0.5000,50000,C_acorn_g32,acorn,ACORN,16,32,16,250,10,0.3830,1693.5,604.25,776.62,1140.96,1318.75,590.49,1546,1466,5681,8442,14124,8981,5143,0,10,242975.0,30656776,24.3,40
n100k_d768_l2,100000,768,l2,adversarial,0.5000,0.5000,50000,A_std_standard,std,STANDARD,16,1,32,500,10,0.8480,1454.7,690.50,736.12,763.33,786.17,687.44,2056,2056,2056,0,2056,0,0,509,8,41699.6,14033032,25.8,32
n100k_d768_l2,100000,768,l2,adversarial,0.5000,0.5000,50000,B_std_acorn1,std,ACORN,16,1,32,500,10,0.7640,740.8,1227.33,2071.00,2525.83,2787.71,1349.88,1998,1885,11562,77799,89362,46908,42454,0,10,41699.6,14033032,25.8,32
n100k_d768_l2,100000,768,l2,adversarial,0.5000,0.5000,50000,D_large24_standard,large,STANDARD,24,1,48,500,10,0.8490,1440.1,696.92,757.88,775.33,855.79,694.39,2097,2097,2097,0,2097,0,0,507,8,36202.3,20424136,32.9,48
n100k_d768_l2,100000,768,l2,adversarial,0.5000,0.5000,50000,E_large24_acorn1,large,ACORN,24,1,48,500,10,0.8010,579.5,1466.29,3488.54,3805.42,4252.79,1725.74,2042,1877,15925,147225,163152,82959,80192,0,10,36202.3,20424136,32.9,48
n100k_d768_l2,100000,768,l2,adversarial,0.5000,0.5000,50000,D_large48_standard,large,STANDARD,48,1,96,500,10,0.8490,1426.3,707.17,741.92,772.12,812.96,701.12,2175,2175,2175,0,2175,0,0,505,9,26936.8,39618184,41.1,96
n100k_d768_l2,100000,768,l2,adversarial,0.5000,0.5000,50000,E_large48_acorn1,large,ACORN,48,1,96,500,10,0.9310,430.3,1925.46,4372.46,4677.04,4712.83,2323.90,2402,2184,20898,251961,272860,136455,136404,0,10,26936.8,39618184,41.1,96
n100k_d768_l2,100000,768,l2,adversarial,0.5000,0.5000,50000,C_acorn_g4,acorn,ACORN,16,4,16,500,10,0.5010,1116.7,929.96,1064.83,1506.08,1797.79,895.48,1523,1439,11660,20853,32514,18973,13541,0,10,35004.5,18532104,24.2,40
n100k_d768_l2,100000,768,l2,adversarial,0.5000,0.5000,50000,C_acorn_g8,acorn,ACORN,16,8,16,500,10,0.5230,1093.5,924.71,1126.88,1186.25,1189.25,914.46,1542,1456,11540,22689,34230,19176,15053,0,10,55273.2,20264200,24.3,40
n100k_d768_l2,100000,768,l2,adversarial,0.5000,0.5000,50000,C_acorn_g16,acorn,ACORN,16,16,16,500,10,0.5730,1052.2,945.42,1132.75,1480.50,1751.21,950.43,1641,1553,11701,22517,34219,19354,14865,0,10,95724.5,23728392,24.3,40
n100k_d768_l2,100000,768,l2,adversarial,0.5000,0.5000,50000,C_acorn_g32,acorn,ACORN,16,32,16,500,10,0.4490,1043.3,936.42,1634.50,1720.04,1991.54,958.50,1874,1794,11643,15210,26855,18513,8341,0,10,242975.0,30656776,24.3,40
n100k_d768_l2,100000,768,l2,adversarial,0.5000,0.5000,50000,F_exact,exact,EXACT,16,0,0,0,100,1.0000,118.3,8445.29,8557.62,8613.25,8646.04,8453.49,50000,0,0,0,100000,0,0,0,100,0.0,0,0.0,0
n100k_d768_l2,100000,768,l2,adversarial,0.5000,0.5000,50000,A_std_standard,std,STANDARD,16,1,32,50,100,0.5498,5130.1,195.21,219.54,232.17,239.38,194.93,1084,1084,1084,0,1084,0,0,60,75,41699.6,14033032,25.8,32
n100k_d768_l2,100000,768,l2,adversarial,0.5000,0.5000,50000,B_std_acorn1,std,ACORN,16,1,32,50,100,0.5298,2907.7,341.67,417.17,637.75,685.33,343.91,1067,954,539,6845,7386,2549,4836,0,99,41699.6,14033032,25.8,32
n100k_d768_l2,100000,768,l2,adversarial,0.5000,0.5000,50000,D_large24_standard,large,STANDARD,24,1,48,50,100,0.6162,4284.1,230.88,262.04,314.58,336.71,233.42,1324,1324,1324,0,1324,0,0,58,75,36202.3,20424136,32.9,48
n100k_d768_l2,100000,768,l2,adversarial,0.5000,0.5000,50000,E_large24_acorn1,large,ACORN,24,1,48,50,100,0.5978,2327.5,415.12,499.29,1197.04,1222.79,429.65,1352,1187,674,9243,9919,4161,5758,0,100,36202.3,20424136,32.9,48
n100k_d768_l2,100000,768,l2,adversarial,0.5000,0.5000,50000,D_large48_standard,large,STANDARD,48,1,96,50,100,0.6688,3764.6,267.92,288.62,292.25,342.71,265.63,1587,1587,1587,0,1587,0,0,56,76,26936.8,39618184,41.1,96
n100k_d768_l2,100000,768,l2,adversarial,0.5000,0.5000,50000,E_large48_acorn1,large,ACORN,48,1,96,50,100,0.8163,1655.6,579.25,847.00,1231.58,1361.21,603.99,1698,1480,1348,26434,27784,9970,17813,0,100,26936.8,39618184,41.1,96
n100k_d768_l2,100000,768,l2,adversarial,0.5000,0.5000,50000,C_acorn_g4,acorn,ACORN,16,4,16,50,100,0.3764,4273.7,244.62,291.92,341.46,368.58,233.99,767,682,1238,1936,3175,1816,1359,0,99,35004.5,18532104,24.2,40
n100k_d768_l2,100000,768,l2,adversarial,0.5000,0.5000,50000,C_acorn_g8,acorn,ACORN,16,8,16,50,100,0.4017,4257.2,240.17,290.38,296.50,306.75,234.90,772,685,1231,1938,3171,1759,1412,0,99,55273.2,20264200,24.3,40
n100k_d768_l2,100000,768,l2,adversarial,0.5000,0.5000,50000,C_acorn_g16,acorn,ACORN,16,16,16,50,100,0.4176,4030.7,259.21,304.00,320.38,401.33,248.09,810,722,1256,1979,3236,1755,1481,0,100,95724.5,23728392,24.3,40
n100k_d768_l2,100000,768,l2,adversarial,0.5000,0.5000,50000,C_acorn_g32,acorn,ACORN,16,32,16,50,100,0.2363,4264.4,241.50,293.67,430.38,450.96,234.50,839,759,1211,1693,2905,1863,1042,0,99,242975.0,30656776,24.3,40
n100k_d768_l2,100000,768,l2,adversarial,0.5000,0.5000,50000,A_std_standard,std,STANDARD,16,1,32,100,100,0.6807,3533.4,281.17,321.83,343.62,356.21,283.02,1503,1503,1503,0,1503,0,0,109,76,41699.6,14033032,25.8,32
n100k_d768_l2,100000,768,l2,adversarial,0.5000,0.5000,50000,B_std_acorn1,std,ACORN,16,1,32,100,100,0.6711,1930.7,501.83,689.67,907.75,922.62,517.94,1465,1351,1299,14204,15504,6088,9416,0,100,41699.6,14033032,25.8,32
n100k_d768_l2,100000,768,l2,adversarial,0.5000,0.5000,50000,D_large24_standard,large,STANDARD,24,1,48,100,100,0.7241,3168.2,316.92,360.17,392.67,401.21,315.63,1730,1730,1730,0,1730,0,0,107,76,36202.3,20424136,32.9,48
n100k_d768_l2,100000,768,l2,adversarial,0.5000,0.5000,50000,E_large24_acorn1,large,ACORN,24,1,48,100,100,0.7485,1579.6,570.71,1056.17,1515.12,1541.46,633.08,1702,1537,1974,23740,25715,11392,14323,0,100,36202.3,20424136,32.9,48
n100k_d768_l2,100000,768,l2,adversarial,0.5000,0.5000,50000,D_large48_standard,large,STANDARD,48,1,96,100,100,0.7449,2935.0,343.08,371.71,402.29,415.08,340.72,1932,1932,1932,0,1932,0,0,106,77,26936.8,39618184,41.1,96
n100k_d768_l2,100000,768,l2,adversarial,0.5000,0.5000,50000,E_large48_acorn1,large,ACORN,48,1,96,100,100,0.8897,1184.9,788.67,1271.58,1586.88,1592.92,843.98,1937,1719,3448,54330,57780,24478,33301,0,100,26936.8,39618184,41.1,96
n100k_d768_l2,100000,768,l2,adversarial,0.5000,0.5000,50000,C_acorn_g4,acorn,ACORN,16,4,16,100,100,0.4596,2923.8,354.17,448.25,509.46,648.83,342.02,1032,947,2336,4068,6406,3623,2782,0,100,35004.5,18532104,24.2,40
n100k_d768_l2,100000,768,l2,adversarial,0.5000,0.5000,50000,C_acorn_g8,acorn,ACORN,16,8,16,100,100,0.4921,2912.2,349.50,415.12,624.96,630.92,343.39,1046,960,2345,4142,6488,3592,2896,0,99,55273.2,20264200,24.3,40
n100k_d768_l2,100000,768,l2,adversarial,0.5000,0.5000,50000,C_acorn_g16,acorn,ACORN,16,16,16,100,100,0.5125,2749.9,369.50,445.88,648.33,659.50,363.65,1096,1008,2364,4150,6515,3540,2975,0,100,95724.5,23728392,24.3,40
n100k_d768_l2,100000,768,l2,adversarial,0.5000,0.5000,50000,C_acorn_g32,acorn,ACORN,16,32,16,100,100,0.3195,2918.1,359.17,506.58,556.33,651.38,342.69,1144,1064,2283,3337,5621,3594,2027,0,99,242975.0,30656776,24.3,40
n100k_d768_l2,100000,768,l2,adversarial,0.5000,0.5000,50000,A_std_standard,std,STANDARD,16,1,32,250,100,0.7591,2196.7,458.67,493.04,508.92,511.17,455.24,1924,1924,1924,0,1924,0,0,259,77,41699.6,14033032,25.8,32
n100k_d768_l2,100000,768,l2,adversarial,0.5000,0.5000,50000,B_std_acorn1,std,ACORN,16,1,32,250,100,0.7762,1133.0,782.04,1351.04,1572.83,1587.04,882.63,1810,1697,5011,40815,45827,21751,24076,0,100,41699.6,14033032,25.8,32
n100k_d768_l2,100000,768,l2,adversarial,0.5000,0.5000,50000,D_large24_standard,large,STANDARD,24,1,48,250,100,0.7698,2101.8,476.88,527.79,574.54,595.92,475.78,2038,2038,2038,0,2038,0,0,257,77,36202.3,20424136,32.9,48
n100k_d768_l2,100000,768,l2,adversarial,0.5000,0.5000,50000,E_large24_acorn1,large,ACORN,24,1,48,250,100,0.8188,922.0,899.79,2273.75,2730.08,2891.67,1084.65,1889,1724,7229,75696,82926,39185,43741,0,100,36202.3,20424136,32.9,48
n100k_d768_l2,100000,768,l2,adversarial,0.5000,0.5000,50000,D_large48_standard,large,STANDARD,48,1,96,250,100,0.7738,2053.6,488.92,519.96,547.38,550.58,486.94,2136,2136,2136,0,2136,0,0,255,78,26936.8,39618184,41.1,96
n100k_d768_l2,100000,768,l2,adversarial,0.5000,0.5000,50000,E_large48_acorn1,large,ACORN,48,1,96,250,100,0.9435,687.7,1338.17,2558.42,2870.29,3138.46,1454.22,2190,1972,10269,136258,146529,68928,77600,0,100,26936.8,39618184,41.1,96
n100k_d768_l2,100000,768,l2,adversarial,0.5000,0.5000,50000,C_acorn_g4,acorn,ACORN,16,4,16,250,100,0.5171,1767.4,588.71,677.83,738.92,866.83,565.80,1339,1254,5657,10540,16199,9083,7116,0,100,35004.5,18532104,24.2,40
n100k_d768_l2,100000,768,l2,adversarial,0.5000,0.5000,50000,C_acorn_g8,acorn,ACORN,16,8,16,250,100,0.5463,1694.6,606.46,702.88,818.62,874.71,590.10,1346,1259,5698,11335,17034,9277,7757,0,99,55273.2,20264200,24.3,40
n100k_d768_l2,100000,768,l2,adversarial,0.5000,0.5000,50000,C_acorn_g16,acorn,ACORN,16,16,16,250,100,0.5822,1633.5,620.75,715.04,876.54,1456.12,612.19,1423,1335,5774,11294,17069,9224,7845,0,100,95724.5,23728392,24.3,40
n100k_d768_l2,100000,768,l2,adversarial,0.5000,0.5000,50000,C_acorn_g32,acorn,ACORN,16,32,16,250,100,0.3977,1657.2,615.46,804.58,1165.88,1270.08,603.44,1546,1466,5681,8442,14124,8981,5143,0,99,242975.0,30656776,24.3,40
n100k_d768_l2,100000,768,l2,adversarial,0.5000,0.5000,50000,A_std_standard,std,STANDARD,16,1,32,500,100,0.7722,1431.3,700.50,745.62,785.79,804.96,698.67,2056,2056,2056,0,2056,0,0,509,77,41699.6,14033032,25.8,32
n100k_d768_l2,100000,768,l2,adversarial,0.5000,0.5000,50000,B_std_acorn1,std,ACORN,16,1,32,500,100,0.7899,728.0,1220.58,2102.42,2514.17,2858.71,1373.58,1998,1885,11562,77799,89362,46908,42454,0,100,41699.6,14033032,25.8,32
n100k_d768_l2,100000,768,l2,adversarial,0.5000,0.5000,50000,D_large24_standard,large,STANDARD,24,1,48,500,100,0.7750,1418.1,705.00,764.83,784.04,850.62,705.19,2097,2097,2097,0,2097,0,0,507,77,36202.3,20424136,32.9,48
n100k_d768_l2,100000,768,l2,adversarial,0.5000,0.5000,50000,E_large24_acorn1,large,ACORN,24,1,48,500,100,0.8481,572.5,1501.04,3567.62,3771.08,4329.71,1746.81,2042,1877,15925,147225,163152,82959,80192,0,100,36202.3,20424136,32.9,48
n100k_d768_l2,100000,768,l2,adversarial,0.5000,0.5000,50000,D_large48_standard,large,STANDARD,48,1,96,500,100,0.7762,1401.3,721.21,758.21,780.46,788.88,713.63,2175,2175,2175,0,2175,0,0,505,79,26936.8,39618184,41.1,96
n100k_d768_l2,100000,768,l2,adversarial,0.5000,0.5000,50000,E_large48_acorn1,large,ACORN,48,1,96,500,100,0.9503,428.0,1957.29,4430.04,4619.00,4868.50,2336.19,2402,2184,20898,251961,272860,136455,136404,0,100,26936.8,39618184,41.1,96
n100k_d768_l2,100000,768,l2,adversarial,0.5000,0.5000,50000,C_acorn_g4,acorn,ACORN,16,4,16,500,100,0.5431,1092.7,935.00,1080.46,1544.79,1819.25,915.13,1523,1439,11660,20853,32514,18973,13541,0,100,35004.5,18532104,24.2,40
n100k_d768_l2,100000,768,l2,adversarial,0.5000,0.5000,50000,C_acorn_g8,acorn,ACORN,16,8,16,500,100,0.5598,1078.2,953.54,1125.62,1234.54,1278.08,927.47,1542,1456,11540,22689,34230,19176,15053,0,99,55273.2,20264200,24.3,40
n100k_d768_l2,100000,768,l2,adversarial,0.5000,0.5000,50000,C_acorn_g16,acorn,ACORN,16,16,16,500,100,0.5983,1032.8,962.88,1152.21,1378.92,1854.17,968.26,1641,1553,11701,22517,34219,19354,14865,0,100,95724.5,23728392,24.3,40
n100k_d768_l2,100000,768,l2,adversarial,0.5000,0.5000,50000,C_acorn_g32,acorn,ACORN,16,32,16,500,100,0.4576,1028.3,947.21,1613.21,1719.46,2057.08,972.49,1874,1794,11643,15210,26855,18513,8341,0,99,242975.0,30656776,24.3,40
n100k_d768_l2,100000,768,l2,adversarial,0.2500,0.2500,25000,F_exact,exact,EXACT,16,0,0,0,10,1.0000,169.1,5904.33,6059.33,6088.25,6089.46,5913.79,25000,0,0,0,100000,0,0,0,10,0.0,0,0.0,0
n100k_d768_l2,100000,768,l2,adversarial,0.2500,0.2500,25000,A_std_standard,std,STANDARD,16,1,32,50,10,0.5430,5615.0,178.33,195.38,228.83,238.46,178.09,1084,1084,1084,0,1084,0,0,60,7,41699.6,14033032,25.8,32
n100k_d768_l2,100000,768,l2,adversarial,0.2500,0.2500,25000,B_std_acorn1,std,ACORN,16,1,32,50,10,0.4470,3434.7,298.21,353.25,369.50,383.62,291.15,875,765,710,10566,11277,3103,8174,0,10,41699.6,14033032,25.8,32
n100k_d768_l2,100000,768,l2,adversarial,0.2500,0.2500,25000,D_large24_standard,large,STANDARD,24,1,48,50,10,0.6020,4692.6,211.00,241.62,282.83,294.00,213.10,1324,1324,1324,0,1324,0,0,58,7,36202.3,20424136,32.9,48
n100k_d768_l2,100000,768,l2,adversarial,0.2500,0.2500,25000,E_large24_acorn1,large,ACORN,24,1,48,50,10,0.5250,2645.0,385.29,464.25,496.29,511.38,378.07,1000,867,976,20016,20993,5366,15626,0,10,36202.3,20424136,32.9,48
n100k_d768_l2,100000,768,l2,adversarial,0.2500,0.2500,25000,D_large48_standard,large,STANDARD,48,1,96,50,10,0.6440,4121.6,242.96,269.12,278.79,295.88,242.62,1587,1587,1587,0,1587,0,0,56,7,26936.8,39618184,41.1,96
n100k_d768_l2,100000,768,l2,adversarial,0.2500,0.2500,25000,E_large48_acorn1,large,ACORN,48,1,96,50,10,0.7730,1814.9,555.33,690.46,950.42,1056.38,550.98,1216,1003,1616,44826,46444,13130,33313,0,10,26936.8,39618184,41.1,96
n100k_d768_l2,100000,768,l2,adversarial,0.2500,0.2500,25000,C_acorn_g4,acorn,ACORN,16,4,16,50,10,0.3410,5220.0,200.33,264.38,272.83,276.79,191.57,665,603,1308,2501,3810,1713,2097,0,10,35004.5,18532104,24.2,40
n100k_d768_l2,100000,768,l2,adversarial,0.2500,0.2500,25000,C_acorn_g8,acorn,ACORN,16,8,16,50,10,0.4450,5092.8,213.17,266.04,271.83,279.67,196.35,644,572,1425,3253,4679,1633,3046,0,10,55273.2,20264200,24.3,40
n100k_d768_l2,100000,768,l2,adversarial,0.2500,0.2500,25000,C_acorn_g16,acorn,ACORN,16,16,16,50,10,0.4910,4823.6,219.67,272.42,296.58,338.67,207.31,675,599,1486,3234,4722,1646,3075,0,10,95724.5,23728392,24.3,40
n100k_d768_l2,100000,768,l2,adversarial,0.2500,0.2500,25000,C_acorn_g32,acorn,ACORN,16,32,16,50,10,0.3090,4944.2,206.92,269.33,291.04,328.25,202.26,727,654,1340,2607,3948,1740,2207,0,10,242975.0,30656776,24.3,40
n100k_d768_l2,100000,768,l2,adversarial,0.2500,0.2500,25000,A_std_standard,std,STANDARD,16,1,32,100,10,0.6570,3701.1,272.00,295.38,303.96,309.21,270.19,1503,1503,1503,0,1503,0,0,109,7,41699.6,14033032,25.8,32
n100k_d768_l2,100000,768,l2,adversarial,0.2500,0.2500,25000,B_std_acorn1,std,ACORN,16,1,32,100,10,0.5010,2174.0,465.25,554.79,589.54,590.17,459.99,1041,932,1730,26354,28086,8436,19649,0,10,41699.6,14033032,25.8,32
n100k_d768_l2,100000,768,l2,adversarial,0.2500,0.2500,25000,D_large24_standard,large,STANDARD,24,1,48,100,10,0.6910,3315.0,301.58,349.79,383.12,383.79,301.66,1730,1730,1730,0,1730,0,0,107,7,36202.3,20424136,32.9,48
n100k_d768_l2,100000,768,l2,adversarial,0.2500,0.2500,25000,E_large24_acorn1,large,ACORN,24,1,48,100,10,0.5710,1665.6,588.54,753.58,857.79,1022.92,600.40,1165,1032,2404,47609,50015,13951,36063,0,10,36202.3,20424136,32.9,48
n100k_d768_l2,100000,768,l2,adversarial,0.2500,0.2500,25000,D_large48_standard,large,STANDARD,48,1,96,100,10,0.7110,3058.0,329.29,354.46,376.96,383.75,327.01,1932,1932,1932,0,1932,0,0,106,7,26936.8,39618184,41.1,96
n100k_d768_l2,100000,768,l2,adversarial,0.2500,0.2500,25000,E_large48_acorn1,large,ACORN,48,1,96,100,10,0.8170,1112.5,933.62,1181.79,1470.00,1492.88,898.87,1325,1112,3751,97744,101497,30955,70541,0,10,26936.8,39618184,41.1,96
n100k_d768_l2,100000,768,l2,adversarial,0.2500,0.2500,25000,C_acorn_g4,acorn,ACORN,16,4,16,100,10,0.3850,3463.6,309.88,390.79,407.71,429.88,288.71,857,795,2386,5078,7466,3400,4065,0,10,35004.5,18532104,24.2,40
n100k_d768_l2,100000,768,l2,adversarial,0.2500,0.2500,25000,C_acorn_g8,acorn,ACORN,16,8,16,100,10,0.5050,3361.8,320.21,403.33,414.21,430.88,297.46,831,759,2505,6518,9025,3227,5797,0,10,55273.2,20264200,24.3,40
n100k_d768_l2,100000,768,l2,adversarial,0.2500,0.2500,25000,C_acorn_g16,acorn,ACORN,16,16,16,100,10,0.5530,3236.6,324.29,408.42,435.33,456.62,308.97,859,784,2586,6588,9175,3256,5919,0,10,95724.5,23728392,24.3,40
n100k_d768_l2,100000,768,l2,adversarial,0.2500,0.2500,25000,C_acorn_g32,acorn,ACORN,16,32,16,100,10,0.3750,3282.5,312.33,402.83,471.92,493.83,304.65,925,851,2429,5500,7930,3423,4507,0,10,242975.0,30656776,24.3,40
n100k_d768_l2,100000,768,l2,adversarial,0.2500,0.2500,25000,A_std_standard,std,STANDARD,16,1,32,250,10,0.7260,2236.5,450.38,483.38,513.92,559.17,447.13,1924,1924,1924,0,1924,0,0,259,7,41699.6,14033032,25.8,32
n100k_d768_l2,100000,768,l2,adversarial,0.2500,0.2500,25000,B_std_acorn1,std,ACORN,16,1,32,250,10,0.5310,1154.4,892.25,1086.62,1383.62,1446.75,866.22,1232,1122,5354,72997,78353,27552,50800,0,10,41699.6,14033032,25.8,32
n100k_d768_l2,100000,768,l2,adversarial,0.2500,0.2500,25000,D_large24_standard,large,STANDARD,24,1,48,250,10,0.7330,2150.0,464.96,520.54,562.88,568.12,465.12,2038,2038,2038,0,2038,0,0,257,7,36202.3,20424136,32.9,48
n100k_d768_l2,100000,768,l2,adversarial,0.2500,0.2500,25000,E_large24_acorn1,large,ACORN,24,1,48,250,10,0.6120,832.7,1250.08,1840.83,2389.67,2446.75,1200.96,1398,1266,7459,132162,139622,43887,95735,0,10,36202.3,20424136,32.9,48
n100k_d768_l2,100000,768,l2,adversarial,0.2500,0.2500,25000,D_large48_standard,large,STANDARD,48,1,96,250,10,0.7310,2113.8,477.83,508.46,523.46,547.12,473.08,2136,2136,2136,0,2136,0,0,255,7,26936.8,39618184,41.1,96
n100k_d768_l2,100000,768,l2,adversarial,0.2500,0.2500,25000,E_large48_acorn1,large,ACORN,48,1,96,250,10,0.8280,572.0,1994.04,2297.38,2438.42,2508.33,1748.25,1451,1238,10021,235369,245391,84474,160917,0,10,26936.8,39618184,41.1,96
n100k_d768_l2,100000,768,l2,adversarial,0.2500,0.2500,25000,C_acorn_g4,acorn,ACORN,16,4,16,250,10,0.4160,1957.0,540.83,634.58,650.04,670.58,510.99,1116,1054,5677,13449,19128,9113,10014,0,10,35004.5,18532104,24.2,40
n100k_d768_l2,100000,768,l2,adversarial,0.2500,0.2500,25000,C_acorn_g8,acorn,ACORN,16,8,16,250,10,0.5440,1912.7,560.21,661.79,700.42,709.29,522.81,1088,1016,5724,15716,21441,8697,12743,0,10,55273.2,20264200,24.3,40
n100k_d768_l2,100000,768,l2,adversarial,0.2500,0.2500,25000,C_acorn_g16,acorn,ACORN,16,16,16,250,10,0.5800,1833.4,575.54,660.17,686.88,688.00,545.44,1122,1046,5865,16234,22101,8859,13241,0,10,95724.5,23728392,24.3,40
n100k_d768_l2,100000,768,l2,adversarial,0.2500,0.2500,25000,C_acorn_g32,acorn,ACORN,16,32,16,250,10,0.4150,1875.4,554.83,663.38,778.62,845.42,533.21,1126,1053,5866,15929,21796,9351,12445,0,10,242975.0,30656776,24.3,40
n100k_d768_l2,100000,768,l2,adversarial,0.2500,0.2500,25000,A_std_standard,std,STANDARD,16,1,32,500,10,0.7320,1453.4,695.58,744.92,762.62,767.46,688.06,2056,2056,2056,0,2056,0,0,509,7,41699.6,14033032,25.8,32
n100k_d768_l2,100000,768,l2,adversarial,0.2500,0.2500,25000,B_std_acorn1,std,ACORN,16,1,32,500,10,0.5330,680.8,1581.17,1977.29,2172.67,2447.92,1468.84,1496,1386,11188,133126,144315,57389,86926,0,10,41699.6,14033032,25.8,32
n100k_d768_l2,100000,768,l2,adversarial,0.2500,0.2500,25000,D_large24_standard,large,STANDARD,24,1,48,500,10,0.7330,1427.4,702.17,766.21,837.96,1096.67,700.59,2097,2097,2097,0,2097,0,0,507,7,36202.3,20424136,32.9,48
n100k_d768_l2,100000,768,l2,adversarial,0.2500,0.2500,25000,E_large24_acorn1,large,ACORN,24,1,48,500,10,0.6270,483.3,2343.12,2944.96,3746.12,3857.83,2069.16,1597,1465,15318,245929,261248,89763,171485,0,10,36202.3,20424136,32.9,48
n100k_d768_l2,100000,768,l2,adversarial,0.2500,0.2500,25000,D_large48_standard,large,STANDARD,48,1,96,500,10,0.7320,1424.3,703.46,748.96,777.62,784.67,702.12,2175,2175,2175,0,2175,0,0,505,8,26936.8,39618184,41.1,96
n100k_d768_l2,100000,768,l2,adversarial,0.2500,0.2500,25000,E_large48_acorn1,large,ACORN,48,1,96,500,10,0.8400,311.4,3829.75,4272.00,4514.62,5568.12,3210.85,1676,1463,20426,448891,469319,177410,291908,0,10,26936.8,39618184,41.1,96
n100k_d768_l2,100000,768,l2,adversarial,0.2500,0.2500,25000,C_acorn_g4,acorn,ACORN,16,4,16,500,10,0.4180,1192.1,898.92,1033.75,1063.96,1123.67,838.85,1231,1170,11126,27371,38498,19141,19356,0,10,35004.5,18532104,24.2,40
n100k_d768_l2,100000,768,l2,adversarial,0.2500,0.2500,25000,C_acorn_g8,acorn,ACORN,16,8,16,500,10,0.5520,1201.5,888.12,1048.38,1105.58,1123.62,832.31,1173,1101,10999,30176,41176,18293,22883,0,10,55273.2,20264200,24.3,40
n100k_d768_l2,100000,768,l2,adversarial,0.2500,0.2500,25000,C_acorn_g16,acorn,ACORN,16,16,16,500,10,0.5920,1130.8,945.38,1053.33,1105.71,1107.33,884.31,1254,1179,11417,32286,43705,19015,24689,0,10,95724.5,23728392,24.3,40
n100k_d768_l2,100000,768,l2,adversarial,0.2500,0.2500,25000,C_acorn_g32,acorn,ACORN,16,32,16,500,10,0.4190,1141.1,925.17,1057.08,1122.83,1194.88,876.31,1206,1133,11412,33026,44439,19914,24525,0,10,242975.0,30656776,24.3,40
n100k_d768_l2,100000,768,l2,adversarial,0.2500,0.2500,25000,F_exact,exact,EXACT,16,0,0,0,100,1.0000,169.2,5893.67,6036.29,6056.17,6067.71,5909.20,25000,0,0,0,100000,0,0,0,100,0.0,0,0.0,0
n100k_d768_l2,100000,768,l2,adversarial,0.2500,0.2500,25000,A_std_standard,std,STANDARD,16,1,32,50,100,0.4210,5143.5,195.12,216.46,226.21,232.25,194.42,1084,1084,1084,0,1084,0,0,60,59,41699.6,14033032,25.8,32
n100k_d768_l2,100000,768,l2,adversarial,0.2500,0.2500,25000,B_std_acorn1,std,ACORN,16,1,32,50,100,0.4969,3229.7,318.79,375.42,412.71,421.50,309.63,875,765,710,10566,11277,3103,8174,0,100,41699.6,14033032,25.8,32
n100k_d768_l2,100000,768,l2,adversarial,0.2500,0.2500,25000,D_large24_standard,large,STANDARD,24,1,48,50,100,0.4834,4356.2,228.38,254.67,319.29,320.83,229.56,1324,1324,1324,0,1324,0,0,58,60,36202.3,20424136,32.9,48
n100k_d768_l2,100000,768,l2,adversarial,0.2500,0.2500,25000,E_large24_acorn1,large,ACORN,24,1,48,50,100,0.5451,2548.5,405.29,481.00,507.42,512.08,392.38,1000,867,976,20016,20993,5366,15626,0,99,36202.3,20424136,32.9,48
n100k_d768_l2,100000,768,l2,adversarial,0.2500,0.2500,25000,D_large48_standard,large,STANDARD,48,1,96,50,100,0.5279,3829.9,262.58,283.79,297.46,307.71,261.10,1587,1587,1587,0,1587,0,0,56,61,26936.8,39618184,41.1,96
n100k_d768_l2,100000,768,l2,adversarial,0.2500,0.2500,25000,E_large48_acorn1,large,ACORN,48,1,96,50,100,0.7876,1746.5,552.75,711.75,1041.29,1102.21,572.56,1216,1003,1616,44826,46444,13130,33313,0,100,26936.8,39618184,41.1,96
n100k_d768_l2,100000,768,l2,adversarial,0.2500,0.2500,25000,C_acorn_g4,acorn,ACORN,16,4,16,50,100,0.3636,4843.7,220.17,280.92,301.67,320.67,206.45,665,603,1308,2501,3810,1713,2097,0,99,35004.5,18532104,24.2,40
n100k_d768_l2,100000,768,l2,adversarial,0.2500,0.2500,25000,C_acorn_g8,acorn,ACORN,16,8,16,50,100,0.4659,4754.8,223.25,283.25,285.75,288.08,210.31,644,572,1425,3253,4679,1633,3046,0,97,55273.2,20264200,24.3,40
n100k_d768_l2,100000,768,l2,adversarial,0.2500,0.2500,25000,C_acorn_g16,acorn,ACORN,16,16,16,50,100,0.5023,4514.4,235.71,285.75,308.33,309.38,221.51,675,599,1486,3234,4722,1646,3075,0,99,95724.5,23728392,24.3,40
n100k_d768_l2,100000,768,l2,adversarial,0.2500,0.2500,25000,C_acorn_g32,acorn,ACORN,16,32,16,50,100,0.3492,4546.4,224.83,287.08,319.12,386.71,219.95,727,654,1340,2607,3948,1740,2207,0,100,242975.0,30656776,24.3,40
n100k_d768_l2,100000,768,l2,adversarial,0.2500,0.2500,25000,A_std_standard,std,STANDARD,16,1,32,100,100,0.5343,3595.7,278.79,306.21,315.62,337.17,278.11,1503,1503,1503,0,1503,0,0,109,61,41699.6,14033032,25.8,32
n100k_d768_l2,100000,768,l2,adversarial,0.2500,0.2500,25000,B_std_acorn1,std,ACORN,16,1,32,100,100,0.5660,2166.0,476.54,566.12,579.42,584.17,461.68,1041,932,1730,26354,28086,8436,19649,0,100,41699.6,14033032,25.8,32
n100k_d768_l2,100000,768,l2,adversarial,0.2500,0.2500,25000,D_large24_standard,large,STANDARD,24,1,48,100,100,0.5811,3197.5,312.79,351.04,401.96,432.46,312.75,1730,1730,1730,0,1730,0,0,107,62,36202.3,20424136,32.9,48
n100k_d768_l2,100000,768,l2,adversarial,0.2500,0.2500,25000,E_large24_acorn1,large,ACORN,24,1,48,100,100,0.6021,1647.1,592.42,760.79,783.58,1119.88,607.11,1165,1032,2404,47609,50015,13951,36063,0,99,36202.3,20424136,32.9,48
n100k_d768_l2,100000,768,l2,adversarial,0.2500,0.2500,25000,D_large48_standard,large,STANDARD,48,1,96,100,100,0.6042,2966.8,337.00,373.50,394.83,427.00,337.07,1932,1932,1932,0,1932,0,0,106,63,26936.8,39618184,41.1,96
n100k_d768_l2,100000,768,l2,adversarial,0.2500,0.2500,25000,E_large48_acorn1,large,ACORN,48,1,96,100,100,0.8413,1114.1,930.75,1190.67,1511.42,1548.08,897.61,1325,1112,3751,97744,101497,30955,70541,0,100,26936.8,39618184,41.1,96
n100k_d768_l2,100000,768,l2,adversarial,0.2500,0.2500,25000,C_acorn_g4,acorn,ACORN,16,4,16,100,100,0.4276,3402.8,313.17,397.54,407.75,426.12,293.88,857,795,2386,5078,7466,3400,4065,0,99,35004.5,18532104,24.2,40
n100k_d768_l2,100000,768,l2,adversarial,0.2500,0.2500,25000,C_acorn_g8,acorn,ACORN,16,8,16,100,100,0.5412,3297.4,320.25,401.83,424.25,450.46,303.27,831,759,2505,6518,9025,3227,5797,0,98,55273.2,20264200,24.3,40
n100k_d768_l2,100000,768,l2,adversarial,0.2500,0.2500,25000,C_acorn_g16,acorn,ACORN,16,16,16,100,100,0.5834,3157.2,338.21,413.58,432.25,492.92,316.74,859,784,2586,6588,9175,3256,5919,0,100,95724.5,23728392,24.3,40
n100k_d768_l2,100000,768,l2,adversarial,0.2500,0.2500,25000,C_acorn_g32,acorn,ACORN,16,32,16,100,100,0.4272,3192.8,314.62,402.83,460.75,523.79,313.20,925,851,2429,5500,7930,3423,4507,0,100,242975.0,30656776,24.3,40
n100k_d768_l2,100000,768,l2,adversarial,0.2500,0.2500,25000,A_std_standard,std,STANDARD,16,1,32,250,100,0.6144,2196.5,456.33,493.96,526.42,530.75,455.27,1924,1924,1924,0,1924,0,0,259,63,41699.6,14033032,25.8,32
n100k_d768_l2,100000,768,l2,adversarial,0.2500,0.2500,25000,B_std_acorn1,std,ACORN,16,1,32,250,100,0.5989,1151.5,880.88,1102.75,1455.21,1497.88,868.44,1232,1122,5354,72997,78353,27552,50800,0,100,41699.6,14033032,25.8,32
n100k_d768_l2,100000,768,l2,adversarial,0.2500,0.2500,25000,D_large24_standard,large,STANDARD,24,1,48,250,100,0.6289,2120.0,474.33,533.12,574.92,582.29,471.69,2038,2038,2038,0,2038,0,0,257,63,36202.3,20424136,32.9,48
n100k_d768_l2,100000,768,l2,adversarial,0.2500,0.2500,25000,E_large24_acorn1,large,ACORN,24,1,48,250,100,0.6396,829.1,1267.96,1845.25,2324.42,2354.25,1206.17,1398,1266,7459,132162,139622,43887,95735,0,99,36202.3,20424136,32.9,48
n100k_d768_l2,100000,768,l2,adversarial,0.2500,0.2500,25000,D_large48_standard,large,STANDARD,48,1,96,250,100,0.6339,2073.6,484.71,522.62,544.50,559.42,482.26,2136,2136,2136,0,2136,0,0,255,64,26936.8,39618184,41.1,96
n100k_d768_l2,100000,768,l2,adversarial,0.2500,0.2500,25000,E_large48_acorn1,large,ACORN,48,1,96,250,100,0.8571,568.4,2012.83,2317.67,2406.79,2461.17,1759.45,1451,1238,10021,235369,245391,84474,160917,0,100,26936.8,39618184,41.1,96
n100k_d768_l2,100000,768,l2,adversarial,0.2500,0.2500,25000,C_acorn_g4,acorn,ACORN,16,4,16,250,100,0.4768,1902.8,553.00,653.54,672.92,678.58,525.54,1116,1054,5677,13449,19128,9113,10014,0,99,35004.5,18532104,24.2,40
n100k_d768_l2,100000,768,l2,adversarial,0.2500,0.2500,25000,C_acorn_g8,acorn,ACORN,16,8,16,250,100,0.5957,1899.9,562.58,663.92,683.17,711.25,526.36,1088,1016,5724,15716,21441,8697,12743,0,98,55273.2,20264200,24.3,40
n100k_d768_l2,100000,768,l2,adversarial,0.2500,0.2500,25000,C_acorn_g16,acorn,ACORN,16,16,16,250,100,0.6350,1798.5,590.96,671.96,684.42,732.96,556.03,1122,1046,5865,16234,22101,8859,13241,0,100,95724.5,23728392,24.3,40
n100k_d768_l2,100000,768,l2,adversarial,0.2500,0.2500,25000,C_acorn_g32,acorn,ACORN,16,32,16,250,100,0.4744,1820.2,576.17,667.88,777.96,789.79,549.39,1126,1053,5866,15929,21796,9351,12445,0,100,242975.0,30656776,24.3,40
n100k_d768_l2,100000,768,l2,adversarial,0.2500,0.2500,25000,A_std_standard,std,STANDARD,16,1,32,500,100,0.6314,1436.2,697.67,741.00,774.71,799.29,696.27,2056,2056,2056,0,2056,0,0,509,63,41699.6,14033032,25.8,32
n100k_d768_l2,100000,768,l2,adversarial,0.2500,0.2500,25000,B_std_acorn1,std,ACORN,16,1,32,500,100,0.6004,679.4,1608.46,2008.58,2111.25,2572.58,1471.96,1496,1386,11188,133126,144315,57389,86926,0,100,41699.6,14033032,25.8,32
n100k_d768_l2,100000,768,l2,adversarial,0.2500,0.2500,25000,D_large24_standard,large,STANDARD,24,1,48,500,100,0.6351,1421.3,705.25,757.92,816.46,829.00,703.58,2097,2097,2097,0,2097,0,0,507,63,36202.3,20424136,32.9,48
n100k_d768_l2,100000,768,l2,adversarial,0.2500,0.2500,25000,E_large24_acorn1,large,ACORN,24,1,48,500,100,0.6652,478.3,2307.54,2942.83,3878.33,4143.29,2090.74,1597,1465,15318,245929,261248,89763,171485,0,99,36202.3,20424136,32.9,48
n100k_d768_l2,100000,768,l2,adversarial,0.2500,0.2500,25000,D_large48_standard,large,STANDARD,48,1,96,500,100,0.6370,1410.4,713.12,757.21,768.21,785.17,709.03,2175,2175,2175,0,2175,0,0,505,64,26936.8,39618184,41.1,96
n100k_d768_l2,100000,768,l2,adversarial,0.2500,0.2500,25000,E_large48_acorn1,large,ACORN,48,1,96,500,100,0.8706,308.7,3847.83,4328.83,4576.25,5557.96,3239.40,1676,1463,20426,448891,469319,177410,291908,0,100,26936.8,39618184,41.1,96
n100k_d768_l2,100000,768,l2,adversarial,0.2500,0.2500,25000,C_acorn_g4,acorn,ACORN,16,4,16,500,100,0.4880,1110.1,954.46,1135.42,1233.12,1257.17,900.78,1231,1170,11126,27371,38498,19141,19356,0,99,35004.5,18532104,24.2,40
n100k_d768_l2,100000,768,l2,adversarial,0.2500,0.2500,25000,C_acorn_g8,acorn,ACORN,16,8,16,500,100,0.6053,1129.0,955.96,1102.50,1172.21,1237.50,885.77,1173,1101,10999,30176,41176,18293,22883,0,98,55273.2,20264200,24.3,40
n100k_d768_l2,100000,768,l2,adversarial,0.2500,0.2500,25000,C_acorn_g16,acorn,ACORN,16,16,16,500,100,0.6462,1076.5,966.04,1105.17,1275.79,1349.58,928.91,1254,1179,11417,32286,43705,19015,24689,0,100,95724.5,23728392,24.3,40
n100k_d768_l2,100000,768,l2,adversarial,0.2500,0.2500,25000,C_acorn_g32,acorn,ACORN,16,32,16,500,100,0.4865,1108.0,945.75,1098.21,1176.25,1225.96,902.51,1206,1133,11412,33026,44439,19914,24525,0,100,242975.0,30656776,24.3,40
n100k_d768_l2,100000,768,l2,adversarial,0.1000,0.1000,10000,F_exact,exact,EXACT,16,0,0,0,10,1.0000,388.7,2579.04,2709.71,2718.54,2727.25,2572.60,10000,0,0,0,100000,0,0,0,10,0.0,0,0.0,0
n100k_d768_l2,100000,768,l2,adversarial,0.1000,0.1000,10000,A_std_standard,std,STANDARD,16,1,32,50,10,0.3650,5640.8,177.83,194.67,217.92,256.50,177.28,1084,1084,1084,0,1084,0,0,60,5,41699.6,14033032,25.8,32
n100k_d768_l2,100000,768,l2,adversarial,0.1000,0.1000,10000,B_std_acorn1,std,ACORN,16,1,32,50,10,0.1730,4796.4,197.46,319.96,352.83,359.29,208.49,878,793,624,8645,9270,2764,6506,0,10,41699.6,14033032,25.8,32
n100k_d768_l2,100000,768,l2,adversarial,0.1000,0.1000,10000,D_large24_standard,large,STANDARD,24,1,48,50,10,0.4170,4801.6,206.71,229.21,277.62,295.21,208.26,1324,1324,1324,0,1324,0,0,58,5,36202.3,20424136,32.9,48
n100k_d768_l2,100000,768,l2,adversarial,0.1000,0.1000,10000,E_large24_acorn1,large,ACORN,24,1,48,50,10,0.1760,3870.6,244.96,366.54,401.54,465.42,258.36,985,888,916,17839,18756,5042,13714,0,10,36202.3,20424136,32.9,48
n100k_d768_l2,100000,768,l2,adversarial,0.1000,0.1000,10000,D_large48_standard,large,STANDARD,48,1,96,50,10,0.4480,4186.8,237.79,260.54,284.29,285.33,238.85,1587,1587,1587,0,1587,0,0,56,5,26936.8,39618184,41.1,96
n100k_d768_l2,100000,768,l2,adversarial,0.1000,0.1000,10000,E_large48_acorn1,large,ACORN,48,1,96,50,10,0.3280,2465.9,405.29,561.42,583.08,637.04,405.54,1308,1081,1353,34489,35843,9422,26421,0,10,26936.8,39618184,41.1,96
n100k_d768_l2,100000,768,l2,adversarial,0.1000,0.1000,10000,C_acorn_g4,acorn,ACORN,16,4,16,50,10,0.0940,8171.0,131.62,198.33,272.75,294.04,122.38,632,590,1098,1607,2707,1429,1278,0,9,35004.5,18532104,24.2,40
n100k_d768_l2,100000,768,l2,adversarial,0.1000,0.1000,10000,C_acorn_g8,acorn,ACORN,16,8,16,50,10,0.2500,6960.6,160.75,252.54,275.17,281.92,143.67,558,512,1306,2437,3744,1319,2425,0,8,55273.2,20264200,24.3,40
n100k_d768_l2,100000,768,l2,adversarial,0.1000,0.1000,10000,C_acorn_g16,acorn,ACORN,16,16,16,50,10,0.2730,6537.8,171.67,244.04,264.67,282.21,152.96,596,536,1555,2339,3896,1358,2537,0,8,95724.5,23728392,24.3,40
n100k_d768_l2,100000,768,l2,adversarial,0.1000,0.1000,10000,C_acorn_g32,acorn,ACORN,16,32,16,50,10,0.2770,6679.6,165.04,244.79,263.92,278.79,149.71,577,514,1512,2738,4252,1377,2875,0,8,242975.0,30656776,24.3,40
n100k_d768_l2,100000,768,l2,adversarial,0.1000,0.1000,10000,A_std_standard,std,STANDARD,16,1,32,100,10,0.4480,3695.8,271.50,293.75,323.12,329.46,270.58,1503,1503,1503,0,1503,0,0,109,5,41699.6,14033032,25.8,32
n100k_d768_l2,100000,768,l2,adversarial,0.1000,0.1000,10000,B_std_acorn1,std,ACORN,16,1,32,100,10,0.2010,3117.5,316.71,480.58,500.83,547.58,320.77,1097,1013,1413,18369,19784,6658,13126,0,10,41699.6,14033032,25.8,32
n100k_d768_l2,100000,768,l2,adversarial,0.1000,0.1000,10000,D_large24_standard,large,STANDARD,24,1,48,100,10,0.5040,3350.4,299.54,324.12,369.21,385.46,298.48,1730,1730,1730,0,1730,0,0,107,5,36202.3,20424136,32.9,48
n100k_d768_l2,100000,768,l2,adversarial,0.1000,0.1000,10000,E_large24_acorn1,large,ACORN,24,1,48,100,10,0.1960,2434.4,425.04,609.12,659.29,717.75,410.77,1170,1072,2085,36105,38191,13192,24998,0,10,36202.3,20424136,32.9,48
n100k_d768_l2,100000,768,l2,adversarial,0.1000,0.1000,10000,D_large48_standard,large,STANDARD,48,1,96,100,10,0.5270,3100.4,323.00,353.58,388.83,404.42,322.54,1932,1932,1932,0,1932,0,0,106,5,26936.8,39618184,41.1,96
n100k_d768_l2,100000,768,l2,adversarial,0.1000,0.1000,10000,E_large48_acorn1,large,ACORN,48,1,96,100,10,0.3560,1540.5,631.00,932.17,1175.00,1543.96,649.14,1470,1243,3223,73148,76373,23508,52865,0,10,26936.8,39618184,41.1,96
n100k_d768_l2,100000,768,l2,adversarial,0.1000,0.1000,10000,C_acorn_g4,acorn,ACORN,16,4,16,100,10,0.1140,5504.5,198.50,281.17,351.96,395.38,181.67,833,790,1968,3145,5115,2798,2316,0,9,35004.5,18532104,24.2,40
n100k_d768_l2,100000,768,l2,adversarial,0.1000,0.1000,10000,C_acorn_g8,acorn,ACORN,16,8,16,100,10,0.2900,4598.2,249.88,371.08,418.00,431.62,217.48,725,679,2134,4413,6549,2559,3989,0,8,55273.2,20264200,24.3,40
n100k_d768_l2,100000,768,l2,adversarial,0.1000,0.1000,10000,C_acorn_g16,acorn,ACORN,16,16,16,100,10,0.3150,4315.1,263.83,369.79,383.75,427.21,231.75,779,719,2399,4293,6693,2642,4051,0,8,95724.5,23728392,24.3,40
n100k_d768_l2,100000,768,l2,adversarial,0.1000,0.1000,10000,C_acorn_g32,acorn,ACORN,16,32,16,100,10,0.3300,4429.5,252.79,386.29,404.62,417.21,225.76,748,685,2368,5023,7393,2643,4750,0,8,242975.0,30656776,24.3,40
n100k_d768_l2,100000,768,l2,adversarial,0.1000,0.1000,10000,A_std_standard,std,STANDARD,16,1,32,250,10,0.5250,2255.0,446.88,479.71,502.46,512.79,443.45,1924,1924,1924,0,1924,0,0,259,5,41699.6,14033032,25.8,32
n100k_d768_l2,100000,768,l2,adversarial,0.1000,0.1000,10000,B_std_acorn1,std,ACORN,16,1,32,250,10,0.2080,1631.9,633.92,916.62,1047.96,1237.04,612.77,1218,1134,4710,53575,58286,23308,34977,0,10,41699.6,14033032,25.8,32
n100k_d768_l2,100000,768,l2,adversarial,0.1000,0.1000,10000,D_large24_standard,large,STANDARD,24,1,48,250,10,0.5440,2157.3,467.46,520.92,565.38,574.46,463.54,2038,2038,2038,0,2038,0,0,257,5,36202.3,20424136,32.9,48
n100k_d768_l2,100000,768,l2,adversarial,0.1000,0.1000,10000,E_large24_acorn1,large,ACORN,24,1,48,250,10,0.1980,1182.6,742.33,1342.46,1381.54,1415.50,845.61,1231,1134,6395,97754,104150,43751,60398,0,10,36202.3,20424136,32.9,48
n100k_d768_l2,100000,768,l2,adversarial,0.1000,0.1000,10000,D_large48_standard,large,STANDARD,48,1,96,250,10,0.5480,2127.2,473.88,503.50,522.54,537.08,470.11,2136,2136,2136,0,2136,0,0,255,5,26936.8,39618184,41.1,96
n100k_d768_l2,100000,768,l2,adversarial,0.1000,0.1000,10000,E_large48_acorn1,large,ACORN,48,1,96,250,10,0.4470,696.1,1365.08,2396.08,2778.92,3117.67,1436.62,1707,1480,9934,205001,214936,75315,139621,0,10,26936.8,39618184,41.1,96
n100k_d768_l2,100000,768,l2,adversarial,0.1000,0.1000,10000,C_acorn_g4,acorn,ACORN,16,4,16,250,10,0.1260,3005.7,367.71,489.96,585.96,664.25,332.70,1063,1020,4723,8820,13545,7339,6205,0,9,35004.5,18532104,24.2,40
n100k_d768_l2,100000,768,l2,adversarial,0.1000,0.1000,10000,C_acorn_g8,acorn,ACORN,16,8,16,250,10,0.3060,2657.2,444.33,626.42,650.62,673.71,376.33,920,874,4706,10872,15580,6604,8975,0,8,55273.2,20264200,24.3,40
n100k_d768_l2,100000,768,l2,adversarial,0.1000,0.1000,10000,C_acorn_g16,acorn,ACORN,16,16,16,250,10,0.3430,2498.6,483.96,628.50,663.08,727.71,400.23,991,931,4975,10271,15247,6697,8550,0,8,95724.5,23728392,24.3,40
n100k_d768_l2,100000,768,l2,adversarial,0.1000,0.1000,10000,C_acorn_g32,acorn,ACORN,16,32,16,250,10,0.3680,2600.8,466.38,625.46,673.42,801.08,384.49,954,891,4748,10436,15185,6460,8725,0,8,242975.0,30656776,24.3,40
n100k_d768_l2,100000,768,l2,adversarial,0.1000,0.1000,10000,A_std_standard,std,STANDARD,16,1,32,500,10,0.5470,1456.1,687.92,729.83,758.67,773.29,686.77,2056,2056,2056,0,2056,0,0,509,5,41699.6,14033032,25.8,32
n100k_d768_l2,100000,768,l2,adversarial,0.1000,0.1000,10000,B_std_acorn1,std,ACORN,16,1,32,500,10,0.2150,897.2,1093.92,1752.96,1882.17,1921.42,1114.60,1283,1198,10390,111762,122153,52123,70030,0,10,41699.6,14033032,25.8,32
n100k_d768_l2,100000,768,l2,adversarial,0.1000,0.1000,10000,D_large24_standard,large,STANDARD,24,1,48,500,10,0.5500,1445.9,695.29,748.83,791.83,796.50,691.59,2097,2097,2097,0,2097,0,0,507,5,36202.3,20424136,32.9,48
n100k_d768_l2,100000,768,l2,adversarial,0.1000,0.1000,10000,E_large24_acorn1,large,ACORN,24,1,48,500,10,0.1980,620.2,1425.67,2556.92,2665.96,2675.67,1612.36,1243,1145,13697,204018,217716,95316,122399,0,10,36202.3,20424136,32.9,48
n100k_d768_l2,100000,768,l2,adversarial,0.1000,0.1000,10000,D_large48_standard,large,STANDARD,48,1,96,500,10,0.5510,1422.7,704.62,759.96,790.88,799.33,702.87,2175,2175,2175,0,2175,0,0,505,5,26936.8,39618184,41.1,96
n100k_d768_l2,100000,768,l2,adversarial,0.1000,0.1000,10000,E_large48_acorn1,large,ACORN,48,1,96,500,10,0.4500,407.6,2177.71,3944.25,4713.00,5187.50,2453.65,1967,1739,19714,357133,376848,152122,224725,0,10,26936.8,39618184,41.1,96
n100k_d768_l2,100000,768,l2,adversarial,0.1000,0.1000,10000,C_acorn_g4,acorn,ACORN,16,4,16,500,10,0.1290,1699.1,666.75,869.38,903.50,1067.71,588.54,1154,1111,9539,19602,29143,15819,13324,0,9,35004.5,18532104,24.2,40
n100k_d768_l2,100000,768,l2,adversarial,0.1000,0.1000,10000,C_acorn_g8,acorn,ACORN,16,8,16,500,10,0.3160,1669.3,768.54,950.00,993.71,1031.54,599.05,996,950,8699,19646,28347,13540,14807,0,8,55273.2,20264200,24.3,40
n100k_d768_l2,100000,768,l2,adversarial,0.1000,0.1000,10000,C_acorn_g16,acorn,ACORN,16,16,16,500,10,0.3530,1611.7,782.33,994.29,1023.54,1035.62,620.45,1071,1011,9012,18296,27309,13782,13526,0,8,95724.5,23728392,24.3,40
n100k_d768_l2,100000,768,l2,adversarial,0.1000,0.1000,10000,C_acorn_g32,acorn,ACORN,16,32,16,500,10,0.3740,1654.4,793.46,964.46,1049.08,1135.17,604.46,1033,970,8696,18642,27340,13301,14038,0,8,242975.0,30656776,24.3,40
n100k_d768_l2,100000,768,l2,adversarial,0.1000,0.1000,10000,F_exact,exact,EXACT,16,0,0,0,100,1.0000,386.3,2596.58,2719.46,2747.88,2782.83,2588.36,10000,0,0,0,100000,0,0,0,100,0.0,0,0.0,0
n100k_d768_l2,100000,768,l2,adversarial,0.1000,0.1000,10000,A_std_standard,std,STANDARD,16,1,32,50,100,0.2297,5287.9,189.58,208.38,212.29,212.46,189.11,1084,1084,1084,0,1084,0,0,60,30,41699.6,14033032,25.8,32
n100k_d768_l2,100000,768,l2,adversarial,0.1000,0.1000,10000,B_std_acorn1,std,ACORN,16,1,32,50,100,0.1783,4317.8,221.58,346.83,366.17,377.17,231.60,878,793,624,8645,9270,2764,6506,0,95,41699.6,14033032,25.8,32
n100k_d768_l2,100000,768,l2,adversarial,0.1000,0.1000,10000,D_large24_standard,large,STANDARD,24,1,48,50,100,0.2704,4463.5,222.46,248.58,306.17,317.04,224.04,1324,1324,1324,0,1324,0,0,58,33,36202.3,20424136,32.9,48
n100k_d768_l2,100000,768,l2,adversarial,0.1000,0.1000,10000,E_large24_acorn1,large,ACORN,24,1,48,50,100,0.1586,3656.6,264.92,384.88,444.58,453.92,273.48,985,888,916,17839,18756,5042,13714,0,94,36202.3,20424136,32.9,48
n100k_d768_l2,100000,768,l2,adversarial,0.1000,0.1000,10000,D_large48_standard,large,STANDARD,48,1,96,50,100,0.3013,3959.6,254.12,277.50,298.67,320.08,252.55,1587,1587,1587,0,1587,0,0,56,35,26936.8,39618184,41.1,96
n100k_d768_l2,100000,768,l2,adversarial,0.1000,0.1000,10000,E_large48_acorn1,large,ACORN,48,1,96,50,100,0.3479,2354.5,438.04,567.08,615.33,644.83,424.71,1308,1081,1353,34489,35843,9422,26421,0,100,26936.8,39618184,41.1,96
n100k_d768_l2,100000,768,l2,adversarial,0.1000,0.1000,10000,C_acorn_g4,acorn,ACORN,16,4,16,50,100,0.1131,7415.4,150.33,210.21,237.42,278.46,134.86,632,590,1098,1607,2707,1429,1278,0,84,35004.5,18532104,24.2,40
n100k_d768_l2,100000,768,l2,adversarial,0.1000,0.1000,10000,C_acorn_g8,acorn,ACORN,16,8,16,50,100,0.2811,6334.3,179.42,273.79,295.08,300.21,157.87,558,512,1306,2437,3744,1319,2425,0,80,55273.2,20264200,24.3,40
n100k_d768_l2,100000,768,l2,adversarial,0.1000,0.1000,10000,C_acorn_g16,acorn,ACORN,16,16,16,50,100,0.3014,6014.2,185.79,262.17,284.54,301.92,166.27,596,536,1555,2339,3896,1358,2537,0,81,95724.5,23728392,24.3,40
n100k_d768_l2,100000,768,l2,adversarial,0.1000,0.1000,10000,C_acorn_g32,acorn,ACORN,16,32,16,50,100,0.2947,6087.3,186.38,266.58,291.12,294.12,164.28,577,514,1512,2738,4252,1377,2875,0,82,242975.0,30656776,24.3,40
n100k_d768_l2,100000,768,l2,adversarial,0.1000,0.1000,10000,A_std_standard,std,STANDARD,16,1,32,100,100,0.2991,3647.9,274.12,302.00,307.71,310.38,274.13,1503,1503,1503,0,1503,0,0,109,34,41699.6,14033032,25.8,32
n100k_d768_l2,100000,768,l2,adversarial,0.1000,0.1000,10000,B_std_acorn1,std,ACORN,16,1,32,100,100,0.2060,3030.8,324.42,492.88,537.04,552.00,329.94,1097,1013,1413,18369,19784,6658,13126,0,95,41699.6,14033032,25.8,32
n100k_d768_l2,100000,768,l2,adversarial,0.1000,0.1000,10000,D_large24_standard,large,STANDARD,24,1,48,100,100,0.3347,3269.1,305.88,341.17,392.79,405.38,305.90,1730,1730,1730,0,1730,0,0,107,36,36202.3,20424136,32.9,48
n100k_d768_l2,100000,768,l2,adversarial,0.1000,0.1000,10000,E_large24_acorn1,large,ACORN,24,1,48,100,100,0.1832,2366.8,443.92,613.04,650.04,716.25,422.51,1170,1072,2085,36105,38191,13192,24998,0,94,36202.3,20424136,32.9,48
n100k_d768_l2,100000,768,l2,adversarial,0.1000,0.1000,10000,D_large48_standard,large,STANDARD,48,1,96,100,100,0.3537,3018.1,335.29,360.33,390.50,401.29,331.33,1932,1932,1932,0,1932,0,0,106,37,26936.8,39618184,41.1,96
n100k_d768_l2,100000,768,l2,adversarial,0.1000,0.1000,10000,E_large48_acorn1,large,ACORN,48,1,96,100,100,0.3728,1497.9,655.92,966.58,1020.25,1540.42,667.62,1470,1243,3223,73148,76373,23508,52865,0,100,26936.8,39618184,41.1,96
n100k_d768_l2,100000,768,l2,adversarial,0.1000,0.1000,10000,C_acorn_g4,acorn,ACORN,16,4,16,100,100,0.1413,5195.2,209.12,306.00,380.38,412.12,192.49,833,790,1968,3145,5115,2798,2316,0,84,35004.5,18532104,24.2,40
n100k_d768_l2,100000,768,l2,adversarial,0.1000,0.1000,10000,C_acorn_g8,acorn,ACORN,16,8,16,100,100,0.3279,4469.4,264.75,380.21,426.54,427.00,223.75,725,679,2134,4413,6549,2559,3989,0,80,55273.2,20264200,24.3,40
n100k_d768_l2,100000,768,l2,adversarial,0.1000,0.1000,10000,C_acorn_g16,acorn,ACORN,16,16,16,100,100,0.3528,4177.7,272.96,381.54,409.79,430.17,239.36,779,719,2399,4293,6693,2642,4051,0,81,95724.5,23728392,24.3,40
n100k_d768_l2,100000,768,l2,adversarial,0.1000,0.1000,10000,C_acorn_g32,acorn,ACORN,16,32,16,100,100,0.3483,4276.6,261.29,382.67,412.92,414.08,233.83,748,685,2368,5023,7393,2643,4750,0,82,242975.0,30656776,24.3,40
n100k_d768_l2,100000,768,l2,adversarial,0.1000,0.1000,10000,A_std_standard,std,STANDARD,16,1,32,250,100,0.3606,2226.0,450.92,493.33,499.17,502.50,449.23,1924,1924,1924,0,1924,0,0,259,37,41699.6,14033032,25.8,32
n100k_d768_l2,100000,768,l2,adversarial,0.1000,0.1000,10000,B_std_acorn1,std,ACORN,16,1,32,250,100,0.2160,1590.0,638.17,928.75,1070.25,1208.79,628.93,1218,1134,4710,53575,58286,23308,34977,0,95,41699.6,14033032,25.8,32
n100k_d768_l2,100000,768,l2,adversarial,0.1000,0.1000,10000,D_large24_standard,large,STANDARD,24,1,48,250,100,0.3741,2144.0,465.38,519.92,574.71,576.71,466.41,2038,2038,2038,0,2038,0,0,257,37,36202.3,20424136,32.9,48
n100k_d768_l2,100000,768,l2,adversarial,0.1000,0.1000,10000,E_large24_acorn1,large,ACORN,24,1,48,250,100,0.1942,1165.9,755.00,1343.38,1420.71,1435.79,857.73,1231,1134,6395,97754,104150,43751,60398,0,94,36202.3,20424136,32.9,48
n100k_d768_l2,100000,768,l2,adversarial,0.1000,0.1000,10000,D_large48_standard,large,STANDARD,48,1,96,250,100,0.3791,2085.8,481.29,523.42,534.21,538.25,479.44,2136,2136,2136,0,2136,0,0,255,38,26936.8,39618184,41.1,96
n100k_d768_l2,100000,768,l2,adversarial,0.1000,0.1000,10000,E_large48_acorn1,large,ACORN,48,1,96,250,100,0.4465,676.5,1426.46,2373.88,2804.75,3162.67,1478.24,1707,1480,9934,205001,214936,75315,139621,0,100,26936.8,39618184,41.1,96
n100k_d768_l2,100000,768,l2,adversarial,0.1000,0.1000,10000,C_acorn_g4,acorn,ACORN,16,4,16,250,100,0.1607,2920.0,382.62,515.08,564.46,658.38,342.47,1063,1020,4723,8820,13545,7339,6205,0,84,35004.5,18532104,24.2,40
n100k_d768_l2,100000,768,l2,adversarial,0.1000,0.1000,10000,C_acorn_g8,acorn,ACORN,16,8,16,250,100,0.3610,2479.1,492.71,640.29,699.88,715.17,403.38,920,874,4706,10872,15580,6604,8975,0,80,55273.2,20264200,24.3,40
n100k_d768_l2,100000,768,l2,adversarial,0.1000,0.1000,10000,C_acorn_g16,acorn,ACORN,16,16,16,250,100,0.3882,2338.0,510.25,671.12,716.62,794.38,427.72,991,931,4975,10271,15247,6697,8550,0,81,95724.5,23728392,24.3,40
n100k_d768_l2,100000,768,l2,adversarial,0.1000,0.1000,10000,C_acorn_g32,acorn,ACORN,16,32,16,250,100,0.3912,2077.8,599.08,805.67,862.00,865.29,481.28,954,891,4748,10436,15185,6460,8725,0,82,242975.0,30656776,24.3,40
n100k_d768_l2,100000,768,l2,adversarial,0.1000,0.1000,10000,A_std_standard,std,STANDARD,16,1,32,500,100,0.3771,1425.3,703.21,779.08,792.42,814.17,701.63,2056,2056,2056,0,2056,0,0,509,38,41699.6,14033032,25.8,32
n100k_d768_l2,100000,768,l2,adversarial,0.1000,0.1000,10000,B_std_acorn1,std,ACORN,16,1,32,500,100,0.2275,857.0,1128.67,1798.17,2040.88,2096.38,1166.92,1283,1198,10390,111762,122153,52123,70030,0,95,41699.6,14033032,25.8,32
n100k_d768_l2,100000,768,l2,adversarial,0.1000,0.1000,10000,D_large24_standard,large,STANDARD,24,1,48,500,100,0.3815,1417.1,702.88,795.62,822.25,937.62,705.65,2097,2097,2097,0,2097,0,0,507,38,36202.3,20424136,32.9,48
n100k_d768_l2,100000,768,l2,adversarial,0.1000,0.1000,10000,E_large24_acorn1,large,ACORN,24,1,48,500,100,0.1944,613.9,1443.42,2644.17,2756.62,2832.79,1628.99,1243,1145,13697,204018,217716,95316,122399,0,94,36202.3,20424136,32.9,48
n100k_d768_l2,100000,768,l2,adversarial,0.1000,0.1000,10000,D_large48_standard,large,STANDARD,48,1,96,500,100,0.3821,1417.5,702.67,753.25,859.79,1002.25,705.45,2175,2175,2175,0,2175,0,0,505,38,26936.8,39618184,41.1,96
n100k_d768_l2,100000,768,l2,adversarial,0.1000,0.1000,10000,E_large48_acorn1,large,ACORN,48,1,96,500,100,0.4519,398.8,2189.21,4024.12,4723.83,5235.08,2507.74,1967,1739,19714,357133,376848,152122,224725,0,100,26936.8,39618184,41.1,96
n100k_d768_l2,100000,768,l2,adversarial,0.1000,0.1000,10000,C_acorn_g4,acorn,ACORN,16,4,16,500,100,0.1670,1687.7,684.12,837.25,924.92,992.42,592.51,1154,1111,9539,19602,29143,15819,13324,0,84,35004.5,18532104,24.2,40
n100k_d768_l2,100000,768,l2,adversarial,0.1000,0.1000,10000,C_acorn_g8,acorn,ACORN,16,8,16,500,100,0.3696,1608.5,771.79,975.88,1065.46,1534.29,621.70,996,950,8699,19646,28347,13540,14807,0,80,55273.2,20264200,24.3,40
n100k_d768_l2,100000,768,l2,adversarial,0.1000,0.1000,10000,C_acorn_g16,acorn,ACORN,16,16,16,500,100,0.3971,1582.1,789.83,958.62,1025.00,1027.75,632.07,1071,1011,9012,18296,27309,13782,13526,0,81,95724.5,23728392,24.3,40
n100k_d768_l2,100000,768,l2,adversarial,0.1000,0.1000,10000,C_acorn_g32,acorn,ACORN,16,32,16,500,100,0.4015,1630.1,798.00,979.42,1039.88,1113.29,613.45,1033,970,8696,18642,27340,13301,14038,0,82,242975.0,30656776,24.3,40
n100k_d768_l2,100000,768,l2,adversarial,0.0500,0.0500,5000,F_exact,exact,EXACT,16,0,0,0,10,1.0000,1016.4,974.75,1099.04,1144.62,1152.83,983.84,5000,0,0,0,100000,0,0,0,10,0.0,0,0.0,0
n100k_d768_l2,100000,768,l2,adversarial,0.0500,0.0500,5000,A_std_standard,std,STANDARD,16,1,32,50,10,0.2090,5671.9,175.25,194.96,205.79,210.17,176.31,1084,1084,1084,0,1084,0,0,60,2,41699.6,14033032,25.8,32
n100k_d768_l2,100000,768,l2,adversarial,0.0500,0.0500,5000,B_std_acorn1,std,ACORN,16,1,32,50,10,0.0940,6705.0,145.96,171.33,179.62,188.17,149.14,961,898,542,4340,4884,2585,2298,0,10,41699.6,14033032,25.8,32
n100k_d768_l2,100000,768,l2,adversarial,0.0500,0.0500,5000,D_large24_standard,large,STANDARD,24,1,48,50,10,0.2520,4784.8,208.25,235.79,277.79,282.38,208.99,1324,1324,1324,0,1324,0,0,58,2,36202.3,20424136,32.9,48
n100k_d768_l2,100000,768,l2,adversarial,0.0500,0.0500,5000,E_large24_acorn1,large,ACORN,24,1,48,50,10,0.3430,3290.8,285.71,437.38,490.50,1305.58,303.88,1060,986,806,10508,11315,4998,6317,0,10,36202.3,20424136,32.9,48
n100k_d768_l2,100000,768,l2,adversarial,0.0500,0.0500,5000,D_large48_standard,large,STANDARD,48,1,96,50,10,0.2650,4189.0,239.58,257.42,265.46,273.71,238.72,1587,1587,1587,0,1587,0,0,56,3,26936.8,39618184,41.1,96
n100k_d768_l2,100000,768,l2,adversarial,0.0500,0.0500,5000,E_large48_acorn1,large,ACORN,48,1,96,50,10,0.2030,2874.0,326.79,503.75,565.88,616.12,347.94,996,806,1531,47354,48887,9789,39098,0,10,26936.8,39618184,41.1,96
n100k_d768_l2,100000,768,l2,adversarial,0.0500,0.0500,5000,C_acorn_g4,acorn,ACORN,16,4,16,50,10,0.0740,9270.0,106.17,122.25,133.42,140.50,107.88,711,668,1258,1986,3245,1698,1547,0,10,35004.5,18532104,24.2,40
n100k_d768_l2,100000,768,l2,adversarial,0.0500,0.0500,5000,C_acorn_g8,acorn,ACORN,16,8,16,50,10,0.1620,8687.8,117.29,175.08,240.71,240.92,115.10,502,473,1570,4268,5840,1413,4426,0,10,55273.2,20264200,24.3,40
n100k_d768_l2,100000,768,l2,adversarial,0.0500,0.0500,5000,C_acorn_g16,acorn,ACORN,16,16,16,50,10,0.3310,6686.7,146.29,229.88,244.00,253.04,149.55,573,526,1881,3983,5866,1496,4369,0,10,95724.5,23728392,24.3,40
n100k_d768_l2,100000,768,l2,adversarial,0.0500,0.0500,5000,C_acorn_g32,acorn,ACORN,16,32,16,50,10,0.3860,6783.8,154.79,237.17,276.88,277.67,147.41,553,493,2001,3602,5605,1419,4185,0,9,242975.0,30656776,24.3,40
n100k_d768_l2,100000,768,l2,adversarial,0.0500,0.0500,5000,A_std_standard,std,STANDARD,16,1,32,100,10,0.2640,3763.7,266.88,284.29,290.04,300.75,265.69,1503,1503,1503,0,1503,0,0,109,2,41699.6,14033032,25.8,32
n100k_d768_l2,100000,768,l2,adversarial,0.0500,0.0500,5000,B_std_acorn1,std,ACORN,16,1,32,100,10,0.1120,3794.5,261.92,288.79,307.21,310.92,263.54,1138,1075,1594,16016,17611,9389,8222,0,10,41699.6,14033032,25.8,32
n100k_d768_l2,100000,768,l2,adversarial,0.0500,0.0500,5000,D_large24_standard,large,STANDARD,24,1,48,100,10,0.3000,3331.2,298.46,327.79,375.38,388.83,300.19,1730,1730,1730,0,1730,0,0,107,3,36202.3,20424136,32.9,48
n100k_d768_l2,100000,768,l2,adversarial,0.0500,0.0500,5000,E_large24_acorn1,large,ACORN,24,1,48,100,10,0.3700,2000.0,489.96,704.79,1058.58,1084.12,500.01,1166,1093,2265,33985,36251,17229,19021,0,10,36202.3,20424136,32.9,48
n100k_d768_l2,100000,768,l2,adversarial,0.0500,0.0500,5000,D_large48_standard,large,STANDARD,48,1,96,100,10,0.3080,3098.8,323.08,347.46,366.42,368.46,322.70,1932,1932,1932,0,1932,0,0,106,3,26936.8,39618184,41.1,96
n100k_d768_l2,100000,768,l2,adversarial,0.0500,0.0500,5000,E_large48_acorn1,large,ACORN,48,1,96,100,10,0.2170,1401.2,675.54,1090.46,1245.04,1467.33,713.68,1233,1043,3783,110636,114420,30383,84036,0,10,26936.8,39618184,41.1,96
n100k_d768_l2,100000,768,l2,adversarial,0.0500,0.0500,5000,C_acorn_g4,acorn,ACORN,16,4,16,100,10,0.0900,5931.0,167.38,183.83,191.92,209.50,168.60,915,872,2310,3999,6311,3357,2954,0,10,35004.5,18532104,24.2,40
n100k_d768_l2,100000,768,l2,adversarial,0.0500,0.0500,5000,C_acorn_g8,acorn,ACORN,16,8,16,100,10,0.1980,5605.2,182.96,272.29,306.17,323.33,178.41,636,608,2659,8438,11098,2763,8335,0,10,55273.2,20264200,24.3,40
n100k_d768_l2,100000,768,l2,adversarial,0.0500,0.0500,5000,C_acorn_g16,acorn,ACORN,16,16,16,100,10,0.3780,4622.7,213.17,322.62,372.96,379.21,216.32,732,684,2869,7093,9964,2898,7066,0,10,95724.5,23728392,24.3,40
n100k_d768_l2,100000,768,l2,adversarial,0.0500,0.0500,5000,C_acorn_g32,acorn,ACORN,16,32,16,100,10,0.4360,4693.7,224.21,344.58,389.08,410.62,213.05,697,637,2939,6618,9558,2737,6821,0,9,242975.0,30656776,24.3,40
n100k_d768_l2,100000,768,l2,adversarial,0.0500,0.0500,5000,A_std_standard,std,STANDARD,16,1,32,250,10,0.3090,2296.1,438.42,473.04,486.62,495.21,435.52,1924,1924,1924,0,1924,0,0,259,3,41699.6,14033032,25.8,32
n100k_d768_l2,100000,768,l2,adversarial,0.0500,0.0500,5000,B_std_acorn1,std,ACORN,16,1,32,250,10,0.1130,1509.1,637.12,778.58,968.96,1008.92,662.64,1156,1093,5368,63106,68476,36466,32009,0,10,41699.6,14033032,25.8,32
n100k_d768_l2,100000,768,l2,adversarial,0.0500,0.0500,5000,D_large24_standard,large,STANDARD,24,1,48,250,10,0.3190,2179.0,459.88,490.75,555.88,584.25,458.92,2038,2038,2038,0,2038,0,0,257,3,36202.3,20424136,32.9,48
n100k_d768_l2,100000,768,l2,adversarial,0.0500,0.0500,5000,E_large24_acorn1,large,ACORN,24,1,48,250,10,0.3730,913.9,1158.08,1384.38,1431.21,1472.17,1094.17,1176,1103,7108,111217,118327,59576,58750,0,10,36202.3,20424136,32.9,48
n100k_d768_l2,100000,768,l2,adversarial,0.0500,0.0500,5000,D_large48_standard,large,STANDARD,48,1,96,250,10,0.3270,2095.4,474.17,519.08,699.08,883.42,477.24,2136,2136,2136,0,2136,0,0,255,3,26936.8,39618184,41.1,96
n100k_d768_l2,100000,768,l2,adversarial,0.0500,0.0500,5000,E_large48_acorn1,large,ACORN,48,1,96,250,10,0.2300,624.8,1605.75,2096.38,2385.12,2559.54,1600.59,1422,1232,9579,250542,260122,89586,170536,0,10,26936.8,39618184,41.1,96
n100k_d768_l2,100000,768,l2,adversarial,0.0500,0.0500,5000,C_acorn_g4,acorn,ACORN,16,4,16,250,10,0.1100,3024.5,324.67,365.42,379.04,386.62,330.63,1095,1052,5680,11978,17659,9442,8217,0,10,35004.5,18532104,24.2,40
n100k_d768_l2,100000,768,l2,adversarial,0.0500,0.0500,5000,C_acorn_g8,acorn,ACORN,16,8,16,250,10,0.2190,3238.2,349.50,501.88,558.04,615.08,308.81,760,731,5001,14853,19855,6533,13322,0,10,55273.2,20264200,24.3,40
n100k_d768_l2,100000,768,l2,adversarial,0.0500,0.0500,5000,C_acorn_g16,acorn,ACORN,16,16,16,250,10,0.4170,2420.3,428.17,615.46,681.92,1092.46,413.18,866,819,5644,15392,21037,7595,13442,0,10,95724.5,23728392,24.3,40
n100k_d768_l2,100000,768,l2,adversarial,0.0500,0.0500,5000,C_acorn_g32,acorn,ACORN,16,32,16,250,10,0.4770,2681.3,408.12,601.08,648.12,677.46,372.95,814,754,5537,14589,20127,7241,12886,0,9,242975.0,30656776,24.3,40
n100k_d768_l2,100000,768,l2,adversarial,0.0500,0.0500,5000,A_std_standard,std,STANDARD,16,1,32,500,10,0.3260,1456.2,687.54,744.50,765.38,767.83,686.73,2056,2056,2056,0,2056,0,0,509,3,41699.6,14033032,25.8,32
n100k_d768_l2,100000,768,l2,adversarial,0.0500,0.0500,5000,B_std_acorn1,std,ACORN,16,1,32,500,10,0.1130,743.9,1299.71,1500.21,1734.08,1948.75,1344.23,1158,1094,11696,141257,152954,81444,71510,0,10,41699.6,14033032,25.8,32
n100k_d768_l2,100000,768,l2,adversarial,0.0500,0.0500,5000,D_large24_standard,large,STANDARD,24,1,48,500,10,0.3300,1440.4,692.04,755.92,787.96,860.67,694.25,2097,2097,2097,0,2097,0,0,507,3,36202.3,20424136,32.9,48
n100k_d768_l2,100000,768,l2,adversarial,0.0500,0.0500,5000,E_large24_acorn1,large,ACORN,24,1,48,500,10,0.3730,473.4,2263.71,2615.50,2740.42,2959.25,2112.41,1177,1103,15156,238393,253550,129509,124041,0,10,36202.3,20424136,32.9,48
n100k_d768_l2,100000,768,l2,adversarial,0.0500,0.0500,5000,D_large48_standard,large,STANDARD,48,1,96,500,10,0.3280,1430.2,698.83,750.58,776.00,801.17,699.19,2175,2175,2175,0,2175,0,0,505,3,26936.8,39618184,41.1,96
n100k_d768_l2,100000,768,l2,adversarial,0.0500,0.0500,5000,E_large48_acorn1,large,ACORN,48,1,96,500,10,0.2600,314.1,3224.79,4663.12,5182.83,5406.67,3184.00,1805,1615,20499,456826,477326,208995,268331,0,10,26936.8,39618184,41.1,96
n100k_d768_l2,100000,768,l2,adversarial,0.0500,0.0500,5000,C_acorn_g4,acorn,ACORN,16,4,16,500,10,0.1140,1517.9,635.71,785.62,831.54,864.71,658.82,1132,1089,11614,30798,42414,22631,19782,0,10,35004.5,18532104,24.2,40
n100k_d768_l2,100000,768,l2,adversarial,0.0500,0.0500,5000,C_acorn_g8,acorn,ACORN,16,8,16,500,10,0.2260,1982.5,631.71,886.79,970.17,1258.58,504.41,788,759,8425,24049,32476,13770,18705,0,10,55273.2,20264200,24.3,40
n100k_d768_l2,100000,768,l2,adversarial,0.0500,0.0500,5000,C_acorn_g16,acorn,ACORN,16,16,16,500,10,0.4240,1595.7,719.92,969.96,1043.92,1045.00,626.68,894,847,9756,27472,37230,16521,20709,0,10,95724.5,23728392,24.3,40
n100k_d768_l2,100000,768,l2,adversarial,0.0500,0.0500,5000,C_acorn_g32,acorn,ACORN,16,32,16,500,10,0.4830,1633.0,744.71,996.88,1060.08,1084.17,612.37,837,777,9491,26923,36416,15831,20585,0,9,242975.0,30656776,24.3,40
n100k_d768_l2,100000,768,l2,adversarial,0.0500,0.0500,5000,F_exact,exact,EXACT,16,0,0,0,100,1.0000,1000.6,983.79,1112.50,1136.96,1158.92,999.36,5000,0,0,0,100000,0,0,0,100,0.0,0,0.0,0
n100k_d768_l2,100000,768,l2,adversarial,0.0500,0.0500,5000,A_std_standard,std,STANDARD,16,1,32,50,100,0.1289,5241.9,187.75,213.21,240.21,257.21,190.77,1084,1084,1084,0,1084,0,0,60,17,41699.6,14033032,25.8,32
n100k_d768_l2,100000,768,l2,adversarial,0.0500,0.0500,5000,B_std_acorn1,std,ACORN,16,1,32,50,100,0.1801,5920.1,163.08,199.33,214.00,232.50,168.92,961,898,542,4340,4884,2585,2298,0,100,41699.6,14033032,25.8,32
n100k_d768_l2,100000,768,l2,adversarial,0.0500,0.0500,5000,D_large24_standard,large,STANDARD,24,1,48,50,100,0.1485,4495.3,220.12,252.12,306.46,321.96,222.45,1324,1324,1324,0,1324,0,0,58,18,36202.3,20424136,32.9,48
n100k_d768_l2,100000,768,l2,adversarial,0.0500,0.0500,5000,E_large24_acorn1,large,ACORN,24,1,48,50,100,0.5636,3447.3,283.83,388.50,417.17,421.33,290.08,1060,986,806,10508,11315,4998,6317,0,99,36202.3,20424136,32.9,48
n100k_d768_l2,100000,768,l2,adversarial,0.0500,0.0500,5000,D_large48_standard,large,STANDARD,48,1,96,50,100,0.1621,3925.9,253.58,285.38,319.67,332.75,254.72,1587,1587,1587,0,1587,0,0,56,18,26936.8,39618184,41.1,96
n100k_d768_l2,100000,768,l2,adversarial,0.0500,0.0500,5000,E_large48_acorn1,large,ACORN,48,1,96,50,100,0.3378,2617.6,356.75,578.29,639.88,789.67,382.03,996,806,1532,47359,48892,9792,39099,0,86,26936.8,39618184,41.1,96
n100k_d768_l2,100000,768,l2,adversarial,0.0500,0.0500,5000,C_acorn_g4,acorn,ACORN,16,4,16,50,100,0.1403,7781.8,125.29,149.62,154.83,179.12,128.51,711,668,1258,1986,3245,1698,1547,0,100,35004.5,18532104,24.2,40
n100k_d768_l2,100000,768,l2,adversarial,0.0500,0.0500,5000,C_acorn_g8,acorn,ACORN,16,8,16,50,100,0.2840,7815.1,135.54,195.71,244.46,245.96,127.96,502,473,1570,4268,5840,1413,4426,0,100,55273.2,20264200,24.3,40
n100k_d768_l2,100000,768,l2,adversarial,0.0500,0.0500,5000,C_acorn_g16,acorn,ACORN,16,16,16,50,100,0.4943,6215.0,166.54,240.54,259.21,279.33,160.90,573,526,1881,3983,5866,1496,4369,0,95,95724.5,23728392,24.3,40
n100k_d768_l2,100000,768,l2,adversarial,0.0500,0.0500,5000,C_acorn_g32,acorn,ACORN,16,32,16,50,100,0.5216,6404.8,166.08,255.83,273.79,293.42,156.13,553,493,2001,3602,5605,1419,4185,0,88,242975.0,30656776,24.3,40
n100k_d768_l2,100000,768,l2,adversarial,0.0500,0.0500,5000,A_std_standard,std,STANDARD,16,1,32,100,100,0.1603,3689.6,271.21,301.75,317.88,328.67,271.03,1503,1503,1503,0,1503,0,0,109,18,41699.6,14033032,25.8,32
n100k_d768_l2,100000,768,l2,adversarial,0.0500,0.0500,5000,B_std_acorn1,std,ACORN,16,1,32,100,100,0.2092,3573.8,271.96,322.46,369.79,380.00,279.81,1138,1075,1594,16016,17611,9389,8222,0,100,41699.6,14033032,25.8,32
n100k_d768_l2,100000,768,l2,adversarial,0.0500,0.0500,5000,D_large24_standard,large,STANDARD,24,1,48,100,100,0.1763,3242.1,305.54,365.67,387.62,399.33,308.44,1730,1730,1730,0,1730,0,0,107,18,36202.3,20424136,32.9,48
n100k_d768_l2,100000,768,l2,adversarial,0.0500,0.0500,5000,E_large24_acorn1,large,ACORN,24,1,48,100,100,0.6080,2018.6,490.08,685.42,727.54,752.42,495.39,1166,1093,2265,33985,36251,17229,19021,0,99,36202.3,20424136,32.9,48
n100k_d768_l2,100000,768,l2,adversarial,0.0500,0.0500,5000,D_large48_standard,large,STANDARD,48,1,96,100,100,0.1846,3022.6,329.17,359.62,387.46,402.12,330.84,1932,1932,1932,0,1932,0,0,106,19,26936.8,39618184,41.1,96
n100k_d768_l2,100000,768,l2,adversarial,0.0500,0.0500,5000,E_large48_acorn1,large,ACORN,48,1,96,100,100,0.3658,1284.0,727.46,1185.88,1411.08,1508.29,778.82,1233,1043,3783,110636,114420,30383,84036,0,100,26936.8,39618184,41.1,96
n100k_d768_l2,100000,768,l2,adversarial,0.0500,0.0500,5000,C_acorn_g4,acorn,ACORN,16,4,16,100,100,0.1755,5584.6,174.46,213.92,241.79,274.17,179.07,915,872,2310,3999,6311,3357,2954,0,100,35004.5,18532104,24.2,40
n100k_d768_l2,100000,768,l2,adversarial,0.0500,0.0500,5000,C_acorn_g8,acorn,ACORN,16,8,16,100,100,0.3439,5314.7,192.75,309.79,336.42,342.92,188.16,636,608,2659,8438,11098,2763,8335,0,100,55273.2,20264200,24.3,40
n100k_d768_l2,100000,768,l2,adversarial,0.0500,0.0500,5000,C_acorn_g16,acorn,ACORN,16,16,16,100,100,0.5934,4329.1,232.88,357.38,382.25,387.75,231.00,732,684,2869,7093,9964,2898,7066,0,95,95724.5,23728392,24.3,40
n100k_d768_l2,100000,768,l2,adversarial,0.0500,0.0500,5000,C_acorn_g32,acorn,ACORN,16,32,16,100,100,0.6247,4528.0,234.29,340.04,400.50,402.12,220.85,697,637,2939,6618,9558,2737,6821,0,88,242975.0,30656776,24.3,40
n100k_d768_l2,100000,768,l2,adversarial,0.0500,0.0500,5000,A_std_standard,std,STANDARD,16,1,32,250,100,0.1864,2243.4,443.62,486.75,520.46,548.67,445.75,1924,1924,1924,0,1924,0,0,259,19,41699.6,14033032,25.8,32
n100k_d768_l2,100000,768,l2,adversarial,0.0500,0.0500,5000,B_std_acorn1,std,ACORN,16,1,32,250,100,0.2126,1513.7,645.33,748.33,811.33,845.38,660.62,1156,1093,5368,63106,68476,36466,32009,0,100,41699.6,14033032,25.8,32
n100k_d768_l2,100000,768,l2,adversarial,0.0500,0.0500,5000,D_large24_standard,large,STANDARD,24,1,48,250,100,0.1924,2107.4,465.79,561.88,613.04,799.83,474.51,2038,2038,2038,0,2038,0,0,257,19,36202.3,20424136,32.9,48
n100k_d768_l2,100000,768,l2,adversarial,0.0500,0.0500,5000,E_large24_acorn1,large,ACORN,24,1,48,250,100,0.6103,899.3,1177.96,1393.92,1461.54,1479.25,1111.98,1176,1103,7108,111217,118327,59576,58750,0,99,36202.3,20424136,32.9,48
n100k_d768_l2,100000,768,l2,adversarial,0.0500,0.0500,5000,D_large48_standard,large,STANDARD,48,1,96,250,100,0.1953,2117.7,472.17,531.25,549.04,557.00,472.20,2136,2136,2136,0,2136,0,0,255,19,26936.8,39618184,41.1,96
n100k_d768_l2,100000,768,l2,adversarial,0.0500,0.0500,5000,E_large48_acorn1,large,ACORN,48,1,96,250,100,0.3774,610.1,1628.17,2176.21,2596.58,3307.88,1638.94,1422,1232,9579,250542,260122,89586,170536,0,100,26936.8,39618184,41.1,96
n100k_d768_l2,100000,768,l2,adversarial,0.0500,0.0500,5000,C_acorn_g4,acorn,ACORN,16,4,16,250,100,0.2074,2900.4,334.25,410.83,468.92,502.29,344.78,1095,1052,5680,11978,17659,9442,8217,0,100,35004.5,18532104,24.2,40
n100k_d768_l2,100000,768,l2,adversarial,0.0500,0.0500,5000,C_acorn_g8,acorn,ACORN,16,8,16,250,100,0.3930,3207.4,356.46,524.42,563.75,566.21,311.78,760,731,5001,14853,19855,6533,13322,0,100,55273.2,20264200,24.3,40
n100k_d768_l2,100000,768,l2,adversarial,0.0500,0.0500,5000,C_acorn_g16,acorn,ACORN,16,16,16,250,100,0.6583,2535.0,424.42,589.04,647.38,656.29,394.48,866,819,5644,15392,21037,7595,13442,0,95,95724.5,23728392,24.3,40
n100k_d768_l2,100000,768,l2,adversarial,0.0500,0.0500,5000,C_acorn_g32,acorn,ACORN,16,32,16,250,100,0.6924,2629.7,404.46,606.21,657.83,663.54,380.27,814,754,5537,14589,20127,7241,12886,0,88,242975.0,30656776,24.3,40
n100k_d768_l2,100000,768,l2,adversarial,0.0500,0.0500,5000,A_std_standard,std,STANDARD,16,1,32,500,100,0.1944,1430.9,697.12,769.83,824.71,912.62,698.87,2056,2056,2056,0,2056,0,0,509,19,41699.6,14033032,25.8,32
n100k_d768_l2,100000,768,l2,adversarial,0.0500,0.0500,5000,B_std_acorn1,std,ACORN,16,1,32,500,100,0.2129,751.6,1317.50,1423.25,1497.92,1513.00,1330.55,1158,1094,11696,141257,152954,81444,71510,0,100,41699.6,14033032,25.8,32
n100k_d768_l2,100000,768,l2,adversarial,0.0500,0.0500,5000,D_large24_standard,large,STANDARD,24,1,48,500,100,0.1959,1373.0,713.00,835.54,1084.83,1356.54,728.33,2097,2097,2097,0,2097,0,0,507,19,36202.3,20424136,32.9,48
n100k_d768_l2,100000,768,l2,adversarial,0.0500,0.0500,5000,E_large24_acorn1,large,ACORN,24,1,48,500,100,0.6103,466.1,2308.79,2720.00,2767.12,2811.21,2145.48,1177,1103,15156,238393,253550,129509,124041,0,99,36202.3,20424136,32.9,48
n100k_d768_l2,100000,768,l2,adversarial,0.0500,0.0500,5000,D_large48_standard,large,STANDARD,48,1,96,500,100,0.1966,1380.9,720.38,791.67,834.92,982.75,724.18,2175,2175,2175,0,2175,0,0,505,19,26936.8,39618184,41.1,96
n100k_d768_l2,100000,768,l2,adversarial,0.0500,0.0500,5000,E_large48_acorn1,large,ACORN,48,1,96,500,100,0.4338,310.0,3276.42,4668.83,5161.00,5241.00,3226.04,1805,1615,20499,456826,477326,208995,268331,0,100,26936.8,39618184,41.1,96
n100k_d768_l2,100000,768,l2,adversarial,0.0500,0.0500,5000,C_acorn_g4,acorn,ACORN,16,4,16,500,100,0.2128,1497.7,648.21,778.54,871.92,884.12,667.69,1132,1089,11614,30798,42414,22631,19782,0,100,35004.5,18532104,24.2,40
n100k_d768_l2,100000,768,l2,adversarial,0.0500,0.0500,5000,C_acorn_g8,acorn,ACORN,16,8,16,500,100,0.4010,1958.4,651.79,909.17,934.96,968.08,510.63,788,759,8425,24049,32476,13770,18705,0,100,55273.2,20264200,24.3,40
n100k_d768_l2,100000,768,l2,adversarial,0.0500,0.0500,5000,C_acorn_g16,acorn,ACORN,16,16,16,500,100,0.6679,1520.1,770.29,1058.83,1121.04,1132.46,657.85,894,847,9756,27472,37230,16521,20709,0,95,95724.5,23728392,24.3,40
n100k_d768_l2,100000,768,l2,adversarial,0.0500,0.0500,5000,C_acorn_g32,acorn,ACORN,16,32,16,500,100,0.7016,1613.3,754.96,990.38,1076.96,1091.79,619.85,837,777,9491,26923,36416,15831,20585,0,88,242975.0,30656776,24.3,40
n100k_d768_l2,100000,768,l2,adversarial,0.0200,0.0200,2000,F_exact,exact,EXACT,16,0,0,0,10,1.0000,2343.8,399.00,579.96,874.62,962.54,426.65,2000,0,0,0,100000,0,0,0,10,0.0,0,0.0,0
n100k_d768_l2,100000,768,l2,adversarial,0.0200,0.0200,2000,A_std_standard,std,STANDARD,16,1,32,50,10,0.1380,5544.2,180.12,196.92,231.00,269.58,180.37,1084,1084,1084,0,1084,0,0,60,1,41699.6,14033032,25.8,32
n100k_d768_l2,100000,768,l2,adversarial,0.0200,0.0200,2000,B_std_acorn1,std,ACORN,16,1,32,50,10,0.2910,5739.1,165.21,238.67,316.79,323.29,174.24,562,519,1002,18059,19062,4071,14991,0,10,41699.6,14033032,25.8,32
n100k_d768_l2,100000,768,l2,adversarial,0.0200,0.0200,2000,D_large24_standard,large,STANDARD,24,1,48,50,10,0.1480,4801.2,206.04,237.58,279.67,288.71,208.28,1324,1324,1324,0,1324,0,0,58,1,36202.3,20424136,32.9,48
n100k_d768_l2,100000,768,l2,adversarial,0.0200,0.0200,2000,E_large24_acorn1,large,ACORN,24,1,48,50,10,0.2240,4365.5,224.58,260.25,315.79,318.79,229.07,514,445,1401,34852,36254,8091,28163,0,10,36202.3,20424136,32.9,48
n100k_d768_l2,100000,768,l2,adversarial,0.0200,0.0200,2000,D_large48_standard,large,STANDARD,48,1,96,50,10,0.1620,4170.4,239.54,258.04,297.50,324.54,239.78,1587,1587,1587,0,1587,0,0,56,1,26936.8,39618184,41.1,96
n100k_d768_l2,100000,768,l2,adversarial,0.0200,0.0200,2000,E_large48_acorn1,large,ACORN,48,1,96,50,10,0.2990,2631.2,376.25,453.42,491.71,509.29,380.05,625,578,1828,61699,63528,15363,48165,0,10,26936.8,39618184,41.1,96
n100k_d768_l2,100000,768,l2,adversarial,0.0200,0.0200,2000,C_acorn_g4,acorn,ACORN,16,4,16,50,10,0.0000,452147.0,2.21,2.54,2.67,2.71,2.21,1,1,176,273,450,0,450,0,0,35004.5,18532104,24.2,40
n100k_d768_l2,100000,768,l2,adversarial,0.0200,0.0200,2000,C_acorn_g8,acorn,ACORN,16,8,16,50,10,0.2900,9955.1,98.67,128.00,144.42,163.25,100.45,495,474,1672,3687,5360,1533,3827,0,10,55273.2,20264200,24.3,40
n100k_d768_l2,100000,768,l2,adversarial,0.0200,0.0200,2000,C_acorn_g16,acorn,ACORN,16,16,16,50,10,0.2930,9817.0,99.50,136.38,145.25,182.25,101.86,497,474,2080,3720,5801,1542,4258,0,10,95724.5,23728392,24.3,40
n100k_d768_l2,100000,768,l2,adversarial,0.0200,0.0200,2000,C_acorn_g32,acorn,ACORN,16,32,16,50,10,0.4450,9257.8,102.79,162.04,191.21,192.46,108.02,437,395,2210,4563,6774,1438,5336,0,10,242975.0,30656776,24.3,40
n100k_d768_l2,100000,768,l2,adversarial,0.0200,0.0200,2000,A_std_standard,std,STANDARD,16,1,32,100,10,0.1670,3765.1,265.21,295.58,306.50,348.79,265.60,1503,1503,1503,0,1503,0,0,109,1,41699.6,14033032,25.8,32
n100k_d768_l2,100000,768,l2,adversarial,0.0200,0.0200,2000,B_std_acorn1,std,ACORN,16,1,32,100,10,0.2990,3139.1,310.96,387.83,434.79,500.33,318.56,581,538,2270,43507,45779,10769,35009,0,10,41699.6,14033032,25.8,32
n100k_d768_l2,100000,768,l2,adversarial,0.0200,0.0200,2000,D_large24_standard,large,STANDARD,24,1,48,100,10,0.1800,3208.4,300.21,392.12,511.79,589.62,311.68,1730,1730,1730,0,1730,0,0,107,1,36202.3,20424136,32.9,48
n100k_d768_l2,100000,768,l2,adversarial,0.0200,0.0200,2000,E_large24_acorn1,large,ACORN,24,1,48,100,10,0.2250,2319.8,425.54,479.71,542.33,556.83,431.07,514,446,2953,77992,80946,18190,62755,0,10,36202.3,20424136,32.9,48
n100k_d768_l2,100000,768,l2,adversarial,0.0200,0.0200,2000,D_large48_standard,large,STANDARD,48,1,96,100,10,0.1830,3048.0,328.67,377.96,437.58,440.04,328.08,1932,1932,1932,0,1932,0,0,106,1,26936.8,39618184,41.1,96
n100k_d768_l2,100000,768,l2,adversarial,0.0200,0.0200,2000,E_large48_acorn1,large,ACORN,48,1,96,100,10,0.2990,1372.7,717.42,852.38,873.33,883.67,728.48,625,578,3840,132004,135846,34709,101137,0,10,26936.8,39618184,41.1,96
n100k_d768_l2,100000,768,l2,adversarial,0.0200,0.0200,2000,C_acorn_g4,acorn,ACORN,16,4,16,100,10,0.0000,426292.0,2.29,2.79,2.83,2.88,2.35,1,1,176,273,450,0,450,0,0,35004.5,18532104,24.2,40
n100k_d768_l2,100000,768,l2,adversarial,0.0200,0.0200,2000,C_acorn_g8,acorn,ACORN,16,8,16,100,10,0.3450,6171.1,158.12,203.42,267.88,270.92,162.05,597,575,2814,7873,10688,3193,7495,0,10,55273.2,20264200,24.3,40
n100k_d768_l2,100000,768,l2,adversarial,0.0200,0.0200,2000,C_acorn_g16,acorn,ACORN,16,16,16,100,10,0.3480,6041.4,159.08,221.17,261.92,273.62,165.53,597,574,3222,7994,11217,3202,8015,0,10,95724.5,23728392,24.3,40
n100k_d768_l2,100000,768,l2,adversarial,0.0200,0.0200,2000,C_acorn_g32,acorn,ACORN,16,32,16,100,10,0.4980,6036.5,161.12,207.21,277.96,297.83,165.66,512,470,3368,9824,13194,2972,10221,0,10,242975.0,30656776,24.3,40
n100k_d768_l2,100000,768,l2,adversarial,0.0200,0.0200,2000,A_std_standard,std,STANDARD,16,1,32,250,10,0.1860,2278.6,439.42,481.67,502.12,524.25,438.86,1924,1924,1924,0,1924,0,0,259,1,41699.6,14033032,25.8,32
n100k_d768_l2,100000,768,l2,adversarial,0.0200,0.0200,2000,B_std_acorn1,std,ACORN,16,1,32,250,10,0.2990,1300.8,751.62,944.67,1206.25,1358.04,768.75,583,540,6099,120341,126441,31243,95198,0,10,41699.6,14033032,25.8,32
n100k_d768_l2,100000,768,l2,adversarial,0.0200,0.0200,2000,D_large24_standard,large,STANDARD,24,1,48,250,10,0.1870,2177.8,458.50,522.46,552.38,559.92,459.18,2038,2038,2038,0,2038,0,0,257,1,36202.3,20424136,32.9,48
n100k_d768_l2,100000,768,l2,adversarial,0.0200,0.0200,2000,E_large24_acorn1,large,ACORN,24,1,48,250,10,0.2250,972.1,1021.79,1187.21,1324.79,2380.33,1028.66,514,446,7648,208383,216033,48728,167304,0,10,36202.3,20424136,32.9,48
n100k_d768_l2,100000,768,l2,adversarial,0.0200,0.0200,2000,D_large48_standard,large,STANDARD,48,1,96,250,10,0.1880,2020.1,483.79,589.04,646.83,654.25,495.02,2136,2136,2136,0,2136,0,0,255,1,26936.8,39618184,41.1,96
n100k_d768_l2,100000,768,l2,adversarial,0.0200,0.0200,2000,E_large48_acorn1,large,ACORN,48,1,96,250,10,0.2990,565.3,1775.75,2004.96,2092.00,2261.58,1769.06,625,578,9859,339821,349681,92626,257055,0,10,26936.8,39618184,41.1,96
n100k_d768_l2,100000,768,l2,adversarial,0.0200,0.0200,2000,C_acorn_g4,acorn,ACORN,16,4,16,250,10,0.0000,427202.5,2.29,2.67,2.79,2.96,2.34,1,1,176,273,450,0,450,0,0,35004.5,18532104,24.2,40
n100k_d768_l2,100000,768,l2,adversarial,0.0200,0.0200,2000,C_acorn_g8,acorn,ACORN,16,8,16,250,10,0.3700,2855.7,335.21,468.92,513.04,533.29,350.18,654,632,6360,24353,30714,9442,21272,0,10,55273.2,20264200,24.3,40
n100k_d768_l2,100000,768,l2,adversarial,0.0200,0.0200,2000,C_acorn_g16,acorn,ACORN,16,16,16,250,10,0.3740,2885.9,339.88,402.33,477.46,510.25,346.52,649,626,6780,24694,31476,9437,22039,0,10,95724.5,23728392,24.3,40
n100k_d768_l2,100000,768,l2,adversarial,0.0200,0.0200,2000,C_acorn_g32,acorn,ACORN,16,32,16,250,10,0.5130,2818.7,340.67,459.62,524.12,536.42,354.77,548,506,6919,28419,35340,8428,26911,0,10,242975.0,30656776,24.3,40
n100k_d768_l2,100000,768,l2,adversarial,0.0200,0.0200,2000,A_std_standard,std,STANDARD,16,1,32,500,10,0.1870,1432.7,692.38,768.83,911.67,939.17,697.98,2056,2056,2056,0,2056,0,0,509,1,41699.6,14033032,25.8,32
n100k_d768_l2,100000,768,l2,adversarial,0.0200,0.0200,2000,B_std_acorn1,std,ACORN,16,1,32,500,10,0.2990,808.1,1116.92,1720.67,1754.96,1755.08,1237.44,583,540,9980,190058,200039,55493,144546,0,10,41699.6,14033032,25.8,32
n100k_d768_l2,100000,768,l2,adversarial,0.0200,0.0200,2000,D_large24_standard,large,STANDARD,24,1,48,500,10,0.1880,1415.0,696.67,805.00,946.54,1040.21,706.72,2097,2097,2097,0,2097,0,0,507,1,36202.3,20424136,32.9,48
n100k_d768_l2,100000,768,l2,adversarial,0.0200,0.0200,2000,E_large24_acorn1,large,ACORN,24,1,48,500,10,0.2250,535.8,1856.83,1964.92,2005.62,2023.25,1866.49,514,446,13623,372382,386006,87322,298684,0,10,36202.3,20424136,32.9,48
n100k_d768_l2,100000,768,l2,adversarial,0.0200,0.0200,2000,D_large48_standard,large,STANDARD,48,1,96,500,10,0.1880,1408.2,706.83,771.92,835.17,982.96,710.13,2175,2175,2175,0,2175,0,0,505,1,26936.8,39618184,41.1,96
n100k_d768_l2,100000,768,l2,adversarial,0.0200,0.0200,2000,E_large48_acorn1,large,ACORN,48,1,96,500,10,0.2990,331.3,3566.33,3916.46,3976.92,3984.00,3018.01,625,578,16563,548493,565058,166037,399021,0,10,26936.8,39618184,41.1,96
n100k_d768_l2,100000,768,l2,adversarial,0.0200,0.0200,2000,C_acorn_g4,acorn,ACORN,16,4,16,500,10,0.0000,443701.0,2.21,2.46,2.58,2.62,2.25,1,1,176,273,450,0,450,0,0,35004.5,18532104,24.2,40
n100k_d768_l2,100000,768,l2,adversarial,0.0200,0.0200,2000,C_acorn_g8,acorn,ACORN,16,8,16,500,10,0.3740,1489.7,665.62,842.21,900.25,902.88,671.27,661,640,11761,50529,62292,19767,42524,0,10,55273.2,20264200,24.3,40
n100k_d768_l2,100000,768,l2,adversarial,0.0200,0.0200,2000,C_acorn_g16,acorn,ACORN,16,16,16,500,10,0.3740,1459.7,683.62,849.04,896.50,947.58,685.07,655,632,12183,51147,63332,19709,43623,0,10,95724.5,23728392,24.3,40
n100k_d768_l2,100000,768,l2,adversarial,0.0200,0.0200,2000,C_acorn_g32,acorn,ACORN,16,32,16,500,10,0.5160,1723.1,581.29,791.29,1065.29,1231.83,580.34,552,510,10943,49014,59958,15621,44337,0,10,242975.0,30656776,24.3,40
n100k_d768_l2,100000,768,l2,adversarial,0.0200,0.0200,2000,F_exact,exact,EXACT,16,0,0,0,100,1.0000,2634.1,374.29,412.75,444.96,449.71,379.63,2000,0,0,0,100000,0,0,0,100,0.0,0,0.0,0
n100k_d768_l2,100000,768,l2,adversarial,0.0200,0.0200,2000,A_std_standard,std,STANDARD,16,1,32,50,100,0.0936,5310.3,187.79,209.17,215.29,228.38,188.32,1084,1084,1084,0,1084,0,0,60,14,41699.6,14033032,25.8,32
n100k_d768_l2,100000,768,l2,adversarial,0.0200,0.0200,2000,B_std_acorn1,std,ACORN,16,1,32,50,100,0.3954,5500.5,177.50,210.50,218.33,308.12,181.80,562,519,1002,18059,19062,4071,14991,0,100,41699.6,14033032,25.8,32
n100k_d768_l2,100000,768,l2,adversarial,0.0200,0.0200,2000,D_large24_standard,large,STANDARD,24,1,48,50,100,0.1086,4596.7,217.58,242.08,303.79,311.17,217.55,1324,1324,1324,0,1324,0,0,58,14,36202.3,20424136,32.9,48
n100k_d768_l2,100000,768,l2,adversarial,0.0200,0.0200,2000,E_large24_acorn1,large,ACORN,24,1,48,50,100,0.2729,4217.2,234.92,259.12,282.33,294.38,237.12,514,445,1401,34852,36254,8091,28163,0,100,36202.3,20424136,32.9,48
n100k_d768_l2,100000,768,l2,adversarial,0.0200,0.0200,2000,D_large48_standard,large,STANDARD,48,1,96,50,100,0.1210,3867.3,251.21,324.12,397.54,436.54,258.58,1587,1587,1587,0,1587,0,0,56,14,26936.8,39618184,41.1,96
n100k_d768_l2,100000,768,l2,adversarial,0.0200,0.0200,2000,E_large48_acorn1,large,ACORN,48,1,96,50,100,0.4060,2603.1,379.21,435.17,470.17,510.96,384.16,625,578,1828,61699,63528,15363,48165,0,100,26936.8,39618184,41.1,96
n100k_d768_l2,100000,768,l2,adversarial,0.0200,0.0200,2000,C_acorn_g4,acorn,ACORN,16,4,16,50,100,0.0000,466559.4,2.08,2.50,2.75,2.79,2.14,1,1,176,273,450,0,450,0,0,35004.5,18532104,24.2,40
n100k_d768_l2,100000,768,l2,adversarial,0.0200,0.0200,2000,C_acorn_g8,acorn,ACORN,16,8,16,50,100,0.3675,8673.3,114.88,140.67,158.83,175.54,115.30,495,474,1672,3687,5360,1533,3827,0,100,55273.2,20264200,24.3,40
n100k_d768_l2,100000,768,l2,adversarial,0.0200,0.0200,2000,C_acorn_g16,acorn,ACORN,16,16,16,50,100,0.3688,8557.3,115.50,156.92,181.21,193.54,116.86,497,474,2080,3720,5801,1542,4258,0,100,95724.5,23728392,24.3,40
n100k_d768_l2,100000,768,l2,adversarial,0.0200,0.0200,2000,C_acorn_g32,acorn,ACORN,16,32,16,50,100,0.5435,8367.6,115.42,164.08,192.29,210.62,119.51,437,395,2210,4563,6774,1438,5336,0,100,242975.0,30656776,24.3,40
n100k_d768_l2,100000,768,l2,adversarial,0.0200,0.0200,2000,A_std_standard,std,STANDARD,16,1,32,100,100,0.1212,3748.3,267.33,290.21,297.21,302.12,266.78,1503,1503,1503,0,1503,0,0,109,14,41699.6,14033032,25.8,32
n100k_d768_l2,100000,768,l2,adversarial,0.0200,0.0200,2000,B_std_acorn1,std,ACORN,16,1,32,100,100,0.4055,3130.0,314.83,369.83,390.75,478.67,319.49,581,538,2270,43507,45779,10769,35009,0,100,41699.6,14033032,25.8,32
n100k_d768_l2,100000,768,l2,adversarial,0.0200,0.0200,2000,D_large24_standard,large,STANDARD,24,1,48,100,100,0.1338,3341.0,302.46,322.08,392.38,394.25,299.31,1730,1730,1730,0,1730,0,0,107,14,36202.3,20424136,32.9,48
n100k_d768_l2,100000,768,l2,adversarial,0.0200,0.0200,2000,E_large24_acorn1,large,ACORN,24,1,48,100,100,0.2737,2342.0,425.04,453.71,475.50,475.62,426.98,514,446,2953,77992,80946,18190,62755,0,100,36202.3,20424136,32.9,48
n100k_d768_l2,100000,768,l2,adversarial,0.0200,0.0200,2000,D_large48_standard,large,STANDARD,48,1,96,100,100,0.1402,3126.0,323.21,345.75,351.79,357.33,319.90,1932,1932,1932,0,1932,0,0,106,14,26936.8,39618184,41.1,96
n100k_d768_l2,100000,768,l2,adversarial,0.0200,0.0200,2000,E_large48_acorn1,large,ACORN,48,1,96,100,100,0.4060,1416.6,705.67,798.67,834.29,854.50,705.94,625,578,3840,132004,135846,34709,101137,0,100,26936.8,39618184,41.1,96
n100k_d768_l2,100000,768,l2,adversarial,0.0200,0.0200,2000,C_acorn_g4,acorn,ACORN,16,4,16,100,100,0.0000,431503.2,2.33,2.62,2.83,2.92,2.32,1,1,176,273,450,0,450,0,0,35004.5,18532104,24.2,40
n100k_d768_l2,100000,768,l2,adversarial,0.0200,0.0200,2000,C_acorn_g8,acorn,ACORN,16,8,16,100,100,0.4272,6012.7,165.67,201.58,214.83,224.67,166.32,597,575,2814,7873,10688,3193,7495,0,100,55273.2,20264200,24.3,40
n100k_d768_l2,100000,768,l2,adversarial,0.0200,0.0200,2000,C_acorn_g16,acorn,ACORN,16,16,16,100,100,0.4333,5497.0,167.79,322.33,440.75,460.54,181.92,597,574,3222,7994,11217,3202,8015,0,100,95724.5,23728392,24.3,40
n100k_d768_l2,100000,768,l2,adversarial,0.0200,0.0200,2000,C_acorn_g32,acorn,ACORN,16,32,16,100,100,0.6241,5995.6,162.04,207.58,227.71,281.83,166.79,512,470,3368,9824,13194,2972,10221,0,100,242975.0,30656776,24.3,40
n100k_d768_l2,100000,768,l2,adversarial,0.0200,0.0200,2000,A_std_standard,std,STANDARD,16,1,32,250,100,0.1418,2261.2,444.08,474.00,492.88,500.21,442.23,1924,1924,1924,0,1924,0,0,259,14,41699.6,14033032,25.8,32
n100k_d768_l2,100000,768,l2,adversarial,0.0200,0.0200,2000,B_std_acorn1,std,ACORN,16,1,32,250,100,0.4060,1307.2,762.29,878.83,942.92,951.12,765.01,583,540,6099,120341,126441,31243,95198,0,100,41699.6,14033032,25.8,32
n100k_d768_l2,100000,768,l2,adversarial,0.0200,0.0200,2000,D_large24_standard,large,STANDARD,24,1,48,250,100,0.1466,2191.3,457.71,491.46,555.04,563.88,456.35,2038,2038,2038,0,2038,0,0,257,14,36202.3,20424136,32.9,48
n100k_d768_l2,100000,768,l2,adversarial,0.0200,0.0200,2000,E_large24_acorn1,large,ACORN,24,1,48,250,100,0.2737,950.1,1048.54,1105.17,1114.42,1163.00,1052.53,514,446,7648,208383,216033,48728,167304,0,100,36202.3,20424136,32.9,48
n100k_d768_l2,100000,768,l2,adversarial,0.0200,0.0200,2000,D_large48_standard,large,STANDARD,48,1,96,250,100,0.1477,2048.7,482.83,537.50,737.71,822.75,488.11,2136,2136,2136,0,2136,0,0,255,14,26936.8,39618184,41.1,96
n100k_d768_l2,100000,768,l2,adversarial,0.0200,0.0200,2000,E_large48_acorn1,large,ACORN,48,1,96,250,100,0.4060,562.4,1772.58,2019.12,2045.54,2054.25,1778.07,625,578,9859,339821,349681,92626,257055,0,100,26936.8,39618184,41.1,96
n100k_d768_l2,100000,768,l2,adversarial,0.0200,0.0200,2000,C_acorn_g4,acorn,ACORN,16,4,16,250,100,0.0000,471876.2,2.08,2.38,2.71,2.75,2.12,1,1,176,273,450,0,450,0,0,35004.5,18532104,24.2,40
n100k_d768_l2,100000,768,l2,adversarial,0.0200,0.0200,2000,C_acorn_g8,acorn,ACORN,16,8,16,250,100,0.4601,2788.8,349.04,424.25,492.25,573.67,358.57,654,632,6360,24353,30714,9442,21272,0,100,55273.2,20264200,24.3,40
n100k_d768_l2,100000,768,l2,adversarial,0.0200,0.0200,2000,C_acorn_g16,acorn,ACORN,16,16,16,250,100,0.4619,2703.5,349.83,483.04,568.21,970.42,369.89,649,626,6780,24694,31476,9437,22039,0,100,95724.5,23728392,24.3,40
n100k_d768_l2,100000,768,l2,adversarial,0.0200,0.0200,2000,C_acorn_g32,acorn,ACORN,16,32,16,250,100,0.6559,2756.0,350.21,471.04,556.12,580.42,362.85,548,506,6919,28419,35340,8428,26911,0,100,242975.0,30656776,24.3,40
n100k_d768_l2,100000,768,l2,adversarial,0.0200,0.0200,2000,A_std_standard,std,STANDARD,16,1,32,500,100,0.1475,1456.5,689.17,738.29,772.54,798.79,686.56,2056,2056,2056,0,2056,0,0,509,14,41699.6,14033032,25.8,32
n100k_d768_l2,100000,768,l2,adversarial,0.0200,0.0200,2000,B_std_acorn1,std,ACORN,16,1,32,500,100,0.4060,801.3,1065.46,1707.04,1754.17,1762.08,1247.92,583,540,9980,190058,200039,55493,144546,0,100,41699.6,14033032,25.8,32
n100k_d768_l2,100000,768,l2,adversarial,0.0200,0.0200,2000,D_large24_standard,large,STANDARD,24,1,48,500,100,0.1479,1412.7,703.17,769.50,820.33,849.83,707.84,2097,2097,2097,0,2097,0,0,507,14,36202.3,20424136,32.9,48
n100k_d768_l2,100000,768,l2,adversarial,0.0200,0.0200,2000,E_large24_acorn1,large,ACORN,24,1,48,500,100,0.2737,535.4,1854.17,1955.08,2020.88,2132.46,1867.64,514,446,13623,372382,386006,87322,298684,0,100,36202.3,20424136,32.9,48
n100k_d768_l2,100000,768,l2,adversarial,0.0200,0.0200,2000,D_large48_standard,large,STANDARD,48,1,96,500,100,0.1483,1396.1,711.67,777.58,895.08,1000.58,716.29,2175,2175,2175,0,2175,0,0,505,14,26936.8,39618184,41.1,96
n100k_d768_l2,100000,768,l2,adversarial,0.0200,0.0200,2000,E_large48_acorn1,large,ACORN,48,1,96,500,100,0.4060,328.8,3597.08,4017.08,4196.88,4213.12,3041.30,625,578,16563,548493,565058,166037,399021,0,100,26936.8,39618184,41.1,96
n100k_d768_l2,100000,768,l2,adversarial,0.0200,0.0200,2000,C_acorn_g4,acorn,ACORN,16,4,16,500,100,0.0000,403908.2,2.38,2.92,2.96,3.12,2.48,1,1,176,273,450,0,450,0,0,35004.5,18532104,24.2,40
n100k_d768_l2,100000,768,l2,adversarial,0.0200,0.0200,2000,C_acorn_g8,acorn,ACORN,16,8,16,500,100,0.4643,1471.9,688.58,819.67,921.17,951.67,679.40,661,640,11761,50529,62292,19767,42524,0,100,55273.2,20264200,24.3,40
n100k_d768_l2,100000,768,l2,adversarial,0.0200,0.0200,2000,C_acorn_g16,acorn,ACORN,16,16,16,500,100,0.4645,1467.0,679.58,826.33,869.50,937.21,681.67,655,632,12183,51147,63332,19709,43623,0,100,95724.5,23728392,24.3,40
n100k_d768_l2,100000,768,l2,adversarial,0.0200,0.0200,2000,C_acorn_g32,acorn,ACORN,16,32,16,500,100,0.6591,1637.5,610.38,892.38,968.33,1046.04,610.70,552,510,10943,49014,59958,15621,44337,0,100,242975.0,30656776,24.3,40
n100k_d768_l2,100000,768,l2,adversarial,0.0100,0.0100,1000,F_exact,exact,EXACT,16,0,0,0,10,1.0000,4228.0,233.00,256.08,289.08,295.88,236.52,1000,0,0,0,100000,0,0,0,10,0.0,0,0.0,0
n100k_d768_l2,100000,768,l2,adversarial,0.0100,0.0100,1000,A_std_standard,std,STANDARD,16,1,32,50,10,0.1020,5670.2,176.25,191.67,204.04,240.54,176.36,1084,1084,1084,0,1084,0,0,60,1,41699.6,14033032,25.8,32
n100k_d768_l2,100000,768,l2,adversarial,0.0100,0.0100,1000,B_std_acorn1,std,ACORN,16,1,32,50,10,0.3740,6187.0,157.92,192.75,234.12,276.46,161.63,326,290,1194,26102,27298,3786,23512,0,10,41699.6,14033032,25.8,32
n100k_d768_l2,100000,768,l2,adversarial,0.0100,0.0100,1000,D_large24_standard,large,STANDARD,24,1,48,50,10,0.1200,4773.6,208.62,235.58,291.46,315.04,209.49,1324,1324,1324,0,1324,0,0,58,1,36202.3,20424136,32.9,48
n100k_d768_l2,100000,768,l2,adversarial,0.0100,0.0100,1000,E_large24_acorn1,large,ACORN,24,1,48,50,10,0.2590,4774.3,206.71,230.29,285.25,319.17,209.46,282,228,1556,46079,47636,6155,41481,0,10,36202.3,20424136,32.9,48
n100k_d768_l2,100000,768,l2,adversarial,0.0100,0.0100,1000,D_large48_standard,large,STANDARD,48,1,96,50,10,0.1340,4178.0,240.96,256.17,272.96,300.17,239.35,1587,1587,1587,0,1587,0,0,56,1,26936.8,39618184,41.1,96
n100k_d768_l2,100000,768,l2,adversarial,0.0100,0.0100,1000,E_large48_acorn1,large,ACORN,48,1,96,50,10,0.3760,2725.5,353.29,478.50,578.04,817.50,366.90,335,311,1976,80831,82809,12222,70587,0,10,26936.8,39618184,41.1,96
n100k_d768_l2,100000,768,l2,adversarial,0.0100,0.0100,1000,C_acorn_g4,acorn,ACORN,16,4,16,50,10,0.0000,431266.8,2.25,2.83,2.96,3.04,2.32,1,1,176,273,450,0,450,0,0,35004.5,18532104,24.2,40
n100k_d768_l2,100000,768,l2,adversarial,0.0100,0.0100,1000,C_acorn_g8,acorn,ACORN,16,8,16,50,10,0.0000,518478.6,1.92,1.96,2.17,2.25,1.93,1,1,300,178,479,0,479,0,0,55273.2,20264200,24.3,40
n100k_d768_l2,100000,768,l2,adversarial,0.0100,0.0100,1000,C_acorn_g16,acorn,ACORN,16,16,16,50,10,0.0000,422176.1,2.33,2.83,2.88,2.88,2.37,1,1,556,179,736,0,736,0,0,95724.5,23728392,24.3,40
n100k_d768_l2,100000,768,l2,adversarial,0.0100,0.0100,1000,C_acorn_g32,acorn,ACORN,16,32,16,50,10,0.3990,13067.2,74.67,94.04,109.33,121.83,76.53,194,170,3014,8446,11461,1093,10368,0,10,242975.0,30656776,24.3,40
n100k_d768_l2,100000,768,l2,adversarial,0.0100,0.0100,1000,A_std_standard,std,STANDARD,16,1,32,100,10,0.1330,3763.3,266.42,287.00,325.96,339.46,265.72,1503,1503,1503,0,1503,0,0,109,1,41699.6,14033032,25.8,32
n100k_d768_l2,100000,768,l2,adversarial,0.0100,0.0100,1000,B_std_acorn1,std,ACORN,16,1,32,100,10,0.3760,3410.6,296.83,360.46,424.38,458.96,293.20,329,292,2455,55649,58106,8450,49655,0,10,41699.6,14033032,25.8,32
n100k_d768_l2,100000,768,l2,adversarial,0.0100,0.0100,1000,D_large24_standard,large,STANDARD,24,1,48,100,10,0.1420,3350.5,300.42,324.83,371.54,380.46,298.47,1730,1730,1730,0,1730,0,0,107,1,36202.3,20424136,32.9,48
n100k_d768_l2,100000,768,l2,adversarial,0.0100,0.0100,1000,E_large24_acorn1,large,ACORN,24,1,48,100,10,0.2590,2560.4,386.00,426.67,449.50,569.46,390.56,282,229,3108,94895,98005,12721,85284,0,10,36202.3,20424136,32.9,48
n100k_d768_l2,100000,768,l2,adversarial,0.0100,0.0100,1000,D_large48_standard,large,STANDARD,48,1,96,100,10,0.1520,3096.3,324.25,348.33,363.62,383.00,322.97,1932,1932,1932,0,1932,0,0,106,1,26936.8,39618184,41.1,96
n100k_d768_l2,100000,768,l2,adversarial,0.0100,0.0100,1000,E_large48_acorn1,large,ACORN,48,1,96,100,10,0.3760,1477.8,678.71,807.08,870.21,893.29,676.69,335,311,3962,163468,167431,25752,141679,0,10,26936.8,39618184,41.1,96
n100k_d768_l2,100000,768,l2,adversarial,0.0100,0.0100,1000,C_acorn_g4,acorn,ACORN,16,4,16,100,10,0.0000,451202.5,2.17,2.42,2.58,2.58,2.22,1,1,176,273,450,0,450,0,0,35004.5,18532104,24.2,40
n100k_d768_l2,100000,768,l2,adversarial,0.0100,0.0100,1000,C_acorn_g8,acorn,ACORN,16,8,16,100,10,0.0000,497616.4,2.00,2.08,2.12,2.17,2.01,1,1,300,178,479,0,479,0,0,55273.2,20264200,24.3,40
n100k_d768_l2,100000,768,l2,adversarial,0.0100,0.0100,1000,C_acorn_g16,acorn,ACORN,16,16,16,100,10,0.0000,459683.5,2.17,2.25,2.38,2.46,2.18,1,1,556,179,736,0,736,0,0,95724.5,23728392,24.3,40
n100k_d768_l2,100000,768,l2,adversarial,0.0100,0.0100,1000,C_acorn_g32,acorn,ACORN,16,32,16,100,10,0.4150,7645.8,125.46,155.54,259.33,319.62,130.79,208,184,4215,16851,21067,2173,18893,0,10,242975.0,30656776,24.3,40
n100k_d768_l2,100000,768,l2,adversarial,0.0100,0.0100,1000,A_std_standard,std,STANDARD,16,1,32,250,10,0.1540,2267.9,442.96,477.12,490.04,520.08,440.93,1924,1924,1924,0,1924,0,0,259,1,41699.6,14033032,25.8,32
n100k_d768_l2,100000,768,l2,adversarial,0.0100,0.0100,1000,B_std_acorn1,std,ACORN,16,1,32,250,10,0.3760,1789.0,703.29,793.42,847.62,882.46,558.97,329,293,4878,109661,114541,19560,94980,0,10,41699.6,14033032,25.8,32
n100k_d768_l2,100000,768,l2,adversarial,0.0100,0.0100,1000,D_large24_standard,large,STANDARD,24,1,48,250,10,0.1580,2175.7,461.79,501.96,544.71,553.88,459.63,2038,2038,2038,0,2038,0,0,257,1,36202.3,20424136,32.9,48
n100k_d768_l2,100000,768,l2,adversarial,0.0100,0.0100,1000,E_large24_acorn1,large,ACORN,24,1,48,250,10,0.2590,1185.6,836.54,895.75,916.33,919.12,843.47,282,229,7000,216993,223994,29173,194821,0,10,36202.3,20424136,32.9,48
n100k_d768_l2,100000,768,l2,adversarial,0.0100,0.0100,1000,D_large48_standard,large,STANDARD,48,1,96,250,10,0.1570,2090.2,478.46,518.29,681.62,786.17,478.43,2136,2136,2136,0,2136,0,0,255,1,26936.8,39618184,41.1,96
n100k_d768_l2,100000,768,l2,adversarial,0.0100,0.0100,1000,E_large48_acorn1,large,ACORN,48,1,96,250,10,0.3760,738.1,1687.25,1850.25,1877.62,1960.75,1354.80,335,311,8012,322576,330589,58627,271961,0,10,26936.8,39618184,41.1,96
n100k_d768_l2,100000,768,l2,adversarial,0.0100,0.0100,1000,C_acorn_g4,acorn,ACORN,16,4,16,250,10,0.0000,439639.7,2.25,2.50,2.58,2.79,2.27,1,1,176,273,450,0,450,0,0,35004.5,18532104,24.2,40
n100k_d768_l2,100000,768,l2,adversarial,0.0100,0.0100,1000,C_acorn_g8,acorn,ACORN,16,8,16,250,10,0.0000,480381.2,2.08,2.12,2.17,2.21,2.08,1,1,300,178,479,0,479,0,0,55273.2,20264200,24.3,40
n100k_d768_l2,100000,768,l2,adversarial,0.0100,0.0100,1000,C_acorn_g16,acorn,ACORN,16,16,16,250,10,0.0000,422688.2,2.33,2.50,2.50,2.54,2.37,1,1,556,179,736,0,736,0,0,95724.5,23728392,24.3,40
n100k_d768_l2,100000,768,l2,adversarial,0.0100,0.0100,1000,C_acorn_g32,acorn,ACORN,16,32,16,250,10,0.4260,4703.8,238.79,264.67,275.50,359.21,212.60,213,188,6315,30589,36905,4190,32715,0,10,242975.0,30656776,24.3,40
n100k_d768_l2,100000,768,l2,adversarial,0.0100,0.0100,1000,A_std_standard,std,STANDARD,16,1,32,500,10,0.1570,1450.1,694.83,746.21,761.83,765.17,689.63,2056,2056,2056,0,2056,0,0,509,1,41699.6,14033032,25.8,32
n100k_d768_l2,100000,768,l2,adversarial,0.0100,0.0100,1000,B_std_acorn1,std,ACORN,16,1,32,500,10,0.3760,1148.2,1267.96,1448.17,1518.12,1885.42,870.91,329,293,7370,162453,169824,32299,137524,0,10,41699.6,14033032,25.8,32
n100k_d768_l2,100000,768,l2,adversarial,0.0100,0.0100,1000,D_large24_standard,large,STANDARD,24,1,48,500,10,0.1580,1433.8,698.71,747.08,779.17,832.92,697.43,2097,2097,2097,0,2097,0,0,507,1,36202.3,20424136,32.9,48
n100k_d768_l2,100000,768,l2,adversarial,0.0100,0.0100,1000,E_large24_acorn1,large,ACORN,24,1,48,500,10,0.2590,1176.9,839.71,913.46,948.50,976.54,849.71,282,229,7000,216993,223994,29173,194821,0,10,36202.3,20424136,32.9,48
n100k_d768_l2,100000,768,l2,adversarial,0.0100,0.0100,1000,D_large48_standard,large,STANDARD,48,1,96,500,10,0.1580,1408.2,708.42,783.29,893.79,901.12,710.13,2175,2175,2175,0,2175,0,0,505,1,26936.8,39618184,41.1,96
n100k_d768_l2,100000,768,l2,adversarial,0.0100,0.0100,1000,E_large48_acorn1,large,ACORN,48,1,96,500,10,0.3760,466.9,3035.96,3221.38,3281.33,3830.33,2141.90,335,311,12452,489751,502205,97883,404321,0,10,26936.8,39618184,41.1,96
n100k_d768_l2,100000,768,l2,adversarial,0.0100,0.0100,1000,C_acorn_g4,acorn,ACORN,16,4,16,500,10,0.0000,478590.3,2.00,2.50,2.75,2.88,2.09,1,1,176,273,450,0,450,0,0,35004.5,18532104,24.2,40
n100k_d768_l2,100000,768,l2,adversarial,0.0100,0.0100,1000,C_acorn_g8,acorn,ACORN,16,8,16,500,10,0.0000,474394.6,1.96,2.50,3.33,11.88,2.11,1,1,300,178,479,0,479,0,0,55273.2,20264200,24.3,40
n100k_d768_l2,100000,768,l2,adversarial,0.0100,0.0100,1000,C_acorn_g16,acorn,ACORN,16,16,16,500,10,0.0000,413804.5,2.33,2.88,2.96,2.96,2.42,1,1,556,179,736,0,736,0,0,95724.5,23728392,24.3,40
n100k_d768_l2,100000,768,l2,adversarial,0.0100,0.0100,1000,C_acorn_g32,acorn,ACORN,16,32,16,500,10,0.4260,4640.8,240.88,271.62,304.75,308.25,215.48,213,188,6315,30589,36905,4190,32715,0,10,242975.0,30656776,24.3,40
n100k_d768_l2,100000,768,l2,adversarial,0.0050,0.0050,500,F_exact,exact,EXACT,16,0,0,0,10,1.0000,5864.6,167.50,187.79,209.71,215.00,170.51,500,0,0,0,100000,0,0,0,10,0.0,0,0.0,0
n100k_d768_l2,100000,768,l2,adversarial,0.0050,0.0050,500,A_std_standard,std,STANDARD,16,1,32,50,10,0.0900,5566.2,180.00,199.50,207.54,243.04,179.66,1084,1084,1084,0,1084,0,0,60,1,41699.6,14033032,25.8,32
n100k_d768_l2,100000,768,l2,adversarial,0.0050,0.0050,500,B_std_acorn1,std,ACORN,16,1,32,50,10,0.2350,6384.8,155.83,169.21,181.21,200.62,156.62,294,254,1266,28104,29371,4164,25207,0,10,41699.6,14033032,25.8,32
n100k_d768_l2,100000,768,l2,adversarial,0.0050,0.0050,500,D_large24_standard,large,STANDARD,24,1,48,50,10,0.1070,4785.8,208.29,227.67,287.25,308.88,208.95,1324,1324,1324,0,1324,0,0,58,1,36202.3,20424136,32.9,48
n100k_d768_l2,100000,768,l2,adversarial,0.0050,0.0050,500,E_large24_acorn1,large,ACORN,24,1,48,50,10,0.0000,218319.6,4.58,4.71,4.83,5.12,4.58,1,1,71,1620,1692,0,1692,0,0,36202.3,20424136,32.9,48
n100k_d768_l2,100000,768,l2,adversarial,0.0050,0.0050,500,D_large48_standard,large,STANDARD,48,1,96,50,10,0.1200,4150.4,239.96,262.71,279.62,292.08,240.94,1587,1587,1587,0,1587,0,0,56,1,26936.8,39618184,41.1,96
n100k_d768_l2,100000,768,l2,adversarial,0.0050,0.0050,500,E_large48_acorn1,large,ACORN,48,1,96,50,10,0.4610,3105.2,321.29,403.46,437.08,467.62,322.04,182,161,2001,88807,90810,8239,82571,0,10,26936.8,39618184,41.1,96
n100k_d768_l2,100000,768,l2,adversarial,0.0050,0.0050,500,C_acorn_g4,acorn,ACORN,16,4,16,50,10,0.0000,446765.6,2.25,2.58,2.67,2.67,2.24,1,1,176,273,450,0,450,0,0,35004.5,18532104,24.2,40
n100k_d768_l2,100000,768,l2,adversarial,0.0050,0.0050,500,C_acorn_g8,acorn,ACORN,16,8,16,50,10,0.0000,515918.7,1.92,2.00,2.04,2.12,1.94,1,1,300,178,479,0,479,0,0,55273.2,20264200,24.3,40
n100k_d768_l2,100000,768,l2,adversarial,0.0050,0.0050,500,C_acorn_g16,acorn,ACORN,16,16,16,50,10,0.0000,427875.2,2.33,2.38,2.42,2.42,2.34,1,1,556,179,736,0,736,0,0,95724.5,23728392,24.3,40
n100k_d768_l2,100000,768,l2,adversarial,0.0050,0.0050,500,C_acorn_g32,acorn,ACORN,16,32,16,50,10,0.0000,335571.6,2.96,3.04,3.12,3.12,2.98,1,1,881,218,1100,0,1100,0,0,242975.0,30656776,24.3,40
n100k_d768_l2,100000,768,l2,adversarial,0.0050,0.0050,500,A_std_standard,std,STANDARD,16,1,32,100,10,0.1200,3624.3,270.38,331.08,407.38,461.08,275.91,1503,1503,1503,0,1503,0,0,109,1,41699.6,14033032,25.8,32
n100k_d768_l2,100000,768,l2,adversarial,0.0050,0.0050,500,B_std_acorn1,std,ACORN,16,1,32,100,10,0.2350,3527.7,281.25,306.04,332.58,334.33,283.47,294,254,2554,58850,61405,8773,52631,0,10,41699.6,14033032,25.8,32
n100k_d768_l2,100000,768,l2,adversarial,0.0050,0.0050,500,D_large24_standard,large,STANDARD,24,1,48,100,10,0.1320,3339.2,300.50,327.04,368.46,380.62,299.48,1730,1730,1730,0,1730,0,0,107,1,36202.3,20424136,32.9,48
n100k_d768_l2,100000,768,l2,adversarial,0.0050,0.0050,500,E_large24_acorn1,large,ACORN,24,1,48,100,10,0.0000,203494.8,4.88,5.38,5.46,5.96,4.91,1,1,71,1620,1692,0,1692,0,0,36202.3,20424136,32.9,48
n100k_d768_l2,100000,768,l2,adversarial,0.0050,0.0050,500,D_large48_standard,large,STANDARD,48,1,96,100,10,0.1370,3097.8,325.62,349.79,357.62,366.08,322.81,1932,1932,1932,0,1932,0,0,106,1,26936.8,39618184,41.1,96
n100k_d768_l2,100000,768,l2,adversarial,0.0050,0.0050,500,E_large48_acorn1,large,ACORN,48,1,96,100,10,0.4610,1980.7,616.67,718.75,779.38,809.71,504.87,182,161,3206,140549,143756,15103,128653,0,10,26936.8,39618184,41.1,96
n100k_d768_l2,100000,768,l2,adversarial,0.0050,0.0050,500,C_acorn_g4,acorn,ACORN,16,4,16,100,10,0.0000,441265.4,2.21,2.75,2.96,5.71,2.27,1,1,176,273,450,0,450,0,0,35004.5,18532104,24.2,40
n100k_d768_l2,100000,768,l2,adversarial,0.0050,0.0050,500,C_acorn_g8,acorn,ACORN,16,8,16,100,10,0.0000,526097.0,1.92,1.96,2.00,2.08,1.90,1,1,300,178,479,0,479,0,0,55273.2,20264200,24.3,40
n100k_d768_l2,100000,768,l2,adversarial,0.0050,0.0050,500,C_acorn_g16,acorn,ACORN,16,16,16,100,10,0.0000,431723.0,2.29,2.38,2.42,2.46,2.32,1,1,556,179,736,0,736,0,0,95724.5,23728392,24.3,40
n100k_d768_l2,100000,768,l2,adversarial,0.0050,0.0050,500,C_acorn_g32,acorn,ACORN,16,32,16,100,10,0.0000,325340.8,3.00,3.67,3.75,3.75,3.07,1,1,881,218,1100,0,1100,0,0,242975.0,30656776,24.3,40
n100k_d768_l2,100000,768,l2,adversarial,0.0050,0.0050,500,A_std_standard,std,STANDARD,16,1,32,250,10,0.1380,2278.1,441.75,471.54,514.79,519.21,438.96,1924,1924,1924,0,1924,0,0,259,1,41699.6,14033032,25.8,32
n100k_d768_l2,100000,768,l2,adversarial,0.0050,0.0050,500,B_std_acorn1,std,ACORN,16,1,32,250,10,0.2350,1460.0,668.12,759.46,991.00,1069.50,684.92,295,255,6398,150572,156971,22572,134399,0,10,41699.6,14033032,25.8,32
n100k_d768_l2,100000,768,l2,adversarial,0.0050,0.0050,500,D_large24_standard,large,STANDARD,24,1,48,250,10,0.1420,2170.4,459.08,495.04,546.29,572.17,460.75,2038,2038,2038,0,2038,0,0,257,1,36202.3,20424136,32.9,48
n100k_d768_l2,100000,768,l2,adversarial,0.0050,0.0050,500,E_large24_acorn1,large,ACORN,24,1,48,250,10,0.0000,230615.1,4.29,4.67,4.79,5.21,4.34,1,1,71,1620,1692,0,1692,0,0,36202.3,20424136,32.9,48
n100k_d768_l2,100000,768,l2,adversarial,0.0050,0.0050,500,D_large48_standard,large,STANDARD,48,1,96,250,10,0.1420,2117.5,471.54,519.83,545.38,564.46,472.25,2136,2136,2136,0,2136,0,0,255,1,26936.8,39618184,41.1,96
n100k_d768_l2,100000,768,l2,adversarial,0.0050,0.0050,500,E_large48_acorn1,large,ACORN,48,1,96,250,10,0.4610,1001.7,1515.79,1644.46,1720.33,1728.50,998.30,182,161,6446,277742,284189,34908,249281,0,10,26936.8,39618184,41.1,96
n100k_d768_l2,100000,768,l2,adversarial,0.0050,0.0050,500,C_acorn_g4,acorn,ACORN,16,4,16,250,10,0.0000,465207.2,2.17,2.46,2.62,2.71,2.15,1,1,176,273,450,0,450,0,0,35004.5,18532104,24.2,40
n100k_d768_l2,100000,768,l2,adversarial,0.0050,0.0050,500,C_acorn_g8,acorn,ACORN,16,8,16,250,10,0.0000,519251.2,1.92,1.96,2.00,2.08,1.93,1,1,300,178,479,0,479,0,0,55273.2,20264200,24.3,40
n100k_d768_l2,100000,768,l2,adversarial,0.0050,0.0050,500,C_acorn_g16,acorn,ACORN,16,16,16,250,10,0.0000,416666.7,2.33,2.88,2.92,2.92,2.40,1,1,556,179,736,0,736,0,0,95724.5,23728392,24.3,40
n100k_d768_l2,100000,768,l2,adversarial,0.0050,0.0050,500,C_acorn_g32,acorn,ACORN,16,32,16,250,10,0.0000,326082.3,3.00,3.67,3.79,3.79,3.07,1,1,881,218,1100,0,1100,0,0,242975.0,30656776,24.3,40
n100k_d768_l2,100000,768,l2,adversarial,0.0050,0.0050,500,A_std_standard,std,STANDARD,16,1,32,500,10,0.1410,1434.2,695.00,753.38,841.17,892.50,697.27,2056,2056,2056,0,2056,0,0,509,1,41699.6,14033032,25.8,32
n100k_d768_l2,100000,768,l2,adversarial,0.0050,0.0050,500,B_std_acorn1,std,ACORN,16,1,32,500,10,0.2350,1461.6,677.92,746.58,750.12,787.08,684.16,295,255,6516,153443,159960,23005,136955,0,10,41699.6,14033032,25.8,32
n100k_d768_l2,100000,768,l2,adversarial,0.0050,0.0050,500,D_large24_standard,large,STANDARD,24,1,48,500,10,0.1420,1439.1,694.54,752.67,782.08,824.17,694.86,2097,2097,2097,0,2097,0,0,507,1,36202.3,20424136,32.9,48
n100k_d768_l2,100000,768,l2,adversarial,0.0050,0.0050,500,E_large24_acorn1,large,ACORN,24,1,48,500,10,0.0000,218715.5,4.50,5.42,5.54,5.54,4.57,1,1,71,1620,1692,0,1692,0,0,36202.3,20424136,32.9,48
n100k_d768_l2,100000,768,l2,adversarial,0.0050,0.0050,500,D_large48_standard,large,STANDARD,48,1,96,500,10,0.1420,1431.8,697.67,756.33,786.21,850.08,698.43,2175,2175,2175,0,2175,0,0,505,1,26936.8,39618184,41.1,96
n100k_d768_l2,100000,768,l2,adversarial,0.0050,0.0050,500,E_large48_acorn1,large,ACORN,48,1,96,500,10,0.4610,969.3,1546.83,1745.25,1784.33,2209.04,1031.68,182,161,6544,281935,288480,35514,252966,0,10,26936.8,39618184,41.1,96
n100k_d768_l2,100000,768,l2,adversarial,0.0050,0.0050,500,C_acorn_g4,acorn,ACORN,16,4,16,500,10,0.0000,447171.2,2.21,2.46,2.62,2.75,2.24,1,1,176,273,450,0,450,0,0,35004.5,18532104,24.2,40
n100k_d768_l2,100000,768,l2,adversarial,0.0050,0.0050,500,C_acorn_g8,acorn,ACORN,16,8,16,500,10,0.0000,501444.2,2.00,2.08,2.08,2.08,1.99,1,1,300,178,479,0,479,0,0,55273.2,20264200,24.3,40
n100k_d768_l2,100000,768,l2,adversarial,0.0050,0.0050,500,C_acorn_g16,acorn,ACORN,16,16,16,500,10,0.0000,451630.4,2.21,2.25,2.29,2.33,2.21,1,1,556,179,736,0,736,0,0,95724.5,23728392,24.3,40
n100k_d768_l2,100000,768,l2,adversarial,0.0050,0.0050,500,C_acorn_g32,acorn,ACORN,16,32,16,500,10,0.0000,362429.1,2.75,2.83,2.88,2.92,2.76,1,1,881,218,1100,0,1100,0,0,242975.0,30656776,24.3,40
n100k_d768_l2,100000,768,l2,adversarial,0.0010,0.0010,100,F_exact,exact,EXACT,16,0,0,0,10,1.0000,8491.5,116.08,123.12,131.00,167.29,117.76,100,0,0,0,100000,0,0,0,10,0.0,0,0.0,0
n100k_d768_l2,100000,768,l2,adversarial,0.0010,0.0010,100,A_std_standard,std,STANDARD,16,1,32,50,10,0.0640,5592.3,179.42,196.67,203.71,214.46,178.82,1084,1084,1084,0,1084,0,0,60,0,41699.6,14033032,25.8,32
n100k_d768_l2,100000,768,l2,adversarial,0.0010,0.0010,100,B_std_acorn1,std,ACORN,16,1,32,50,10,0.0000,291761.2,3.38,3.58,3.62,4.12,3.43,1,1,62,1282,1345,0,1345,0,0,41699.6,14033032,25.8,32
n100k_d768_l2,100000,768,l2,adversarial,0.0010,0.0010,100,D_large24_standard,large,STANDARD,24,1,48,50,10,0.0820,4790.1,208.96,229.96,277.75,286.54,208.76,1324,1324,1324,0,1324,0,0,58,1,36202.3,20424136,32.9,48
n100k_d768_l2,100000,768,l2,adversarial,0.0010,0.0010,100,E_large24_acorn1,large,ACORN,24,1,48,50,10,0.0000,244127.5,4.04,4.42,5.08,5.33,4.10,1,1,71,1620,1692,0,1692,0,0,36202.3,20424136,32.9,48
n100k_d768_l2,100000,768,l2,adversarial,0.0010,0.0010,100,D_large48_standard,large,STANDARD,48,1,96,50,10,0.0990,4199.4,239.04,254.50,258.71,280.46,238.13,1587,1587,1587,0,1587,0,0,56,1,26936.8,39618184,41.1,96
n100k_d768_l2,100000,768,l2,adversarial,0.0010,0.0010,100,E_large48_acorn1,large,ACORN,48,1,96,50,10,0.4840,5513.2,266.92,297.21,331.54,380.17,181.38,42,34,1267,60362,61630,2351,59279,0,10,26936.8,39618184,41.1,96
n100k_d768_l2,100000,768,l2,adversarial,0.0010,0.0010,100,C_acorn_g4,acorn,ACORN,16,4,16,50,10,0.0000,454549.6,2.17,2.33,2.50,2.54,2.20,1,1,176,273,450,0,450,0,0,35004.5,18532104,24.2,40
n100k_d768_l2,100000,768,l2,adversarial,0.0010,0.0010,100,C_acorn_g8,acorn,ACORN,16,8,16,50,10,0.0000,490995.1,2.04,2.08,2.12,2.12,2.04,1,1,300,178,479,0,479,0,0,55273.2,20264200,24.3,40
n100k_d768_l2,100000,768,l2,adversarial,0.0010,0.0010,100,C_acorn_g16,acorn,ACORN,16,16,16,50,10,0.0000,434073.0,2.29,2.42,2.67,2.83,2.30,1,1,556,179,736,0,736,0,0,95724.5,23728392,24.3,40
n100k_d768_l2,100000,768,l2,adversarial,0.0010,0.0010,100,C_acorn_g32,acorn,ACORN,16,32,16,50,10,0.0000,338942.8,2.96,3.04,3.08,3.08,2.95,1,1,881,218,1100,0,1100,0,0,242975.0,30656776,24.3,40
n100k_d768_l2,100000,768,l2,adversarial,0.0010,0.0010,100,A_std_standard,std,STANDARD,16,1,32,100,10,0.0950,3413.2,282.25,351.25,445.12,508.71,292.98,1503,1503,1503,0,1503,0,0,109,1,41699.6,14033032,25.8,32
n100k_d768_l2,100000,768,l2,adversarial,0.0010,0.0010,100,B_std_acorn1,std,ACORN,16,1,32,100,10,0.0000,241860.8,4.04,4.46,6.88,7.04,4.13,1,1,62,1282,1345,0,1345,0,0,41699.6,14033032,25.8,32
n100k_d768_l2,100000,768,l2,adversarial,0.0010,0.0010,100,D_large24_standard,large,STANDARD,24,1,48,100,10,0.1120,3198.8,310.00,358.33,462.67,467.54,312.62,1730,1730,1730,0,1730,0,0,107,1,36202.3,20424136,32.9,48
n100k_d768_l2,100000,768,l2,adversarial,0.0010,0.0010,100,E_large24_acorn1,large,ACORN,24,1,48,100,10,0.0000,221118.1,4.33,4.96,5.46,11.08,4.52,1,1,71,1620,1692,0,1692,0,0,36202.3,20424136,32.9,48
n100k_d768_l2,100000,768,l2,adversarial,0.0010,0.0010,100,D_large48_standard,large,STANDARD,48,1,96,100,10,0.1230,2924.5,338.67,389.12,456.71,495.79,341.94,1932,1932,1932,0,1932,0,0,106,1,26936.8,39618184,41.1,96
n100k_d768_l2,100000,768,l2,adversarial,0.0010,0.0010,100,E_large48_acorn1,large,ACORN,48,1,96,100,10,0.4840,4986.4,296.12,353.25,414.75,442.04,200.55,42,34,1365,65166,66533,2567,63966,0,10,26936.8,39618184,41.1,96
n100k_d768_l2,100000,768,l2,adversarial,0.0010,0.0010,100,C_acorn_g4,acorn,ACORN,16,4,16,100,10,0.0000,505689.0,1.92,2.25,2.33,2.50,1.98,1,1,176,273,450,0,450,0,0,35004.5,18532104,24.2,40
n100k_d768_l2,100000,768,l2,adversarial,0.0010,0.0010,100,C_acorn_g8,acorn,ACORN,16,8,16,100,10,0.0000,528404.4,1.88,1.96,2.00,2.00,1.89,1,1,300,178,479,0,479,0,0,55273.2,20264200,24.3,40
n100k_d768_l2,100000,768,l2,adversarial,0.0010,0.0010,100,C_acorn_g16,acorn,ACORN,16,16,16,100,10,0.0000,432430.6,2.29,2.38,2.62,2.62,2.31,1,1,556,179,736,0,736,0,0,95724.5,23728392,24.3,40
n100k_d768_l2,100000,768,l2,adversarial,0.0010,0.0010,100,C_acorn_g32,acorn,ACORN,16,32,16,100,10,0.0000,327515.6,3.00,3.46,3.71,3.79,3.05,1,1,881,218,1100,0,1100,0,0,242975.0,30656776,24.3,40
n100k_d768_l2,100000,768,l2,adversarial,0.0010,0.0010,100,A_std_standard,std,STANDARD,16,1,32,250,10,0.1200,2234.0,448.38,478.96,541.75,542.29,447.63,1924,1924,1924,0,1924,0,0,259,1,41699.6,14033032,25.8,32
n100k_d768_l2,100000,768,l2,adversarial,0.0010,0.0010,100,B_std_acorn1,std,ACORN,16,1,32,250,10,0.0000,266429.4,3.71,3.92,3.96,4.62,3.75,1,1,62,1282,1345,0,1345,0,0,41699.6,14033032,25.8,32
n100k_d768_l2,100000,768,l2,adversarial,0.0010,0.0010,100,D_large24_standard,large,STANDARD,24,1,48,250,10,0.1360,2138.4,464.25,522.46,564.54,612.62,467.64,2038,2038,2038,0,2038,0,0,257,1,36202.3,20424136,32.9,48
n100k_d768_l2,100000,768,l2,adversarial,0.0010,0.0010,100,E_large24_acorn1,large,ACORN,24,1,48,250,10,0.0000,207344.6,4.54,4.83,6.38,30.08,4.82,1,1,71,1620,1692,0,1692,0,0,36202.3,20424136,32.9,48
n100k_d768_l2,100000,768,l2,adversarial,0.0010,0.0010,100,D_large48_standard,large,STANDARD,48,1,96,250,10,0.1360,1977.5,483.46,592.71,1118.08,1524.17,505.69,2136,2136,2136,0,2136,0,0,255,1,26936.8,39618184,41.1,96
n100k_d768_l2,100000,768,l2,adversarial,0.0010,0.0010,100,E_large48_acorn1,large,ACORN,48,1,96,250,10,0.4840,5430.3,268.38,316.21,512.38,555.29,184.15,42,34,1365,65166,66533,2567,63966,0,10,26936.8,39618184,41.1,96
n100k_d768_l2,100000,768,l2,adversarial,0.0010,0.0010,100,C_acorn_g4,acorn,ACORN,16,4,16,250,10,0.0000,615040.2,1.62,1.83,1.92,1.96,1.63,1,1,176,273,450,0,450,0,0,35004.5,18532104,24.2,40
n100k_d768_l2,100000,768,l2,adversarial,0.0010,0.0010,100,C_acorn_g8,acorn,ACORN,16,8,16,250,10,0.0000,651809.7,1.54,1.58,1.67,1.75,1.53,1,1,300,178,479,0,479,0,0,55273.2,20264200,24.3,40
n100k_d768_l2,100000,768,l2,adversarial,0.0010,0.0010,100,C_acorn_g16,acorn,ACORN,16,16,16,250,10,0.0000,519575.0,1.92,2.08,2.12,2.12,1.92,1,1,556,179,736,0,736,0,0,95724.5,23728392,24.3,40
n100k_d768_l2,100000,768,l2,adversarial,0.0010,0.0010,100,C_acorn_g32,acorn,ACORN,16,32,16,250,10,0.0000,393183.8,2.54,2.71,2.79,2.88,2.54,1,1,881,218,1100,0,1100,0,0,242975.0,30656776,24.3,40
n100k_d768_l2,100000,768,l2,adversarial,0.0010,0.0010,100,A_std_standard,std,STANDARD,16,1,32,500,10,0.1350,1376.9,713.38,866.21,918.83,938.75,726.28,2056,2056,2056,0,2056,0,0,509,1,41699.6,14033032,25.8,32
n100k_d768_l2,100000,768,l2,adversarial,0.0010,0.0010,100,B_std_acorn1,std,ACORN,16,1,32,500,10,0.0000,252284.4,3.92,4.25,4.38,4.92,3.96,1,1,62,1282,1345,0,1345,0,0,41699.6,14033032,25.8,32
n100k_d768_l2,100000,768,l2,adversarial,0.0010,0.0010,100,D_large24_standard,large,STANDARD,24,1,48,500,10,0.1400,1410.5,699.12,799.62,895.21,905.17,708.95,2097,2097,2097,0,2097,0,0,507,1,36202.3,20424136,32.9,48
n100k_d768_l2,100000,768,l2,adversarial,0.0010,0.0010,100,E_large24_acorn1,large,ACORN,24,1,48,500,10,0.0000,223774.7,4.46,4.79,4.96,5.46,4.47,1,1,71,1620,1692,0,1692,0,0,36202.3,20424136,32.9,48
n100k_d768_l2,100000,768,l2,adversarial,0.0010,0.0010,100,D_large48_standard,large,STANDARD,48,1,96,500,10,0.1400,1380.2,711.88,861.29,900.50,916.46,724.55,2175,2175,2175,0,2175,0,0,505,1,26936.8,39618184,41.1,96
n100k_d768_l2,100000,768,l2,adversarial,0.0010,0.0010,100,E_large48_acorn1,large,ACORN,48,1,96,500,10,0.4840,4924.6,294.96,349.75,450.17,615.92,203.06,42,34,1365,65166,66533,2567,63966,0,10,26936.8,39618184,41.1,96
n100k_d768_l2,100000,768,l2,adversarial,0.0010,0.0010,100,C_acorn_g4,acorn,ACORN,16,4,16,500,10,0.0000,515455.9,1.92,2.17,2.25,2.42,1.94,1,1,176,273,450,0,450,0,0,35004.5,18532104,24.2,40
n100k_d768_l2,100000,768,l2,adversarial,0.0010,0.0010,100,C_acorn_g8,acorn,ACORN,16,8,16,500,10,0.0000,503051.0,1.83,2.29,2.38,8.25,1.99,1,1,300,178,479,0,479,0,0,55273.2,20264200,24.3,40
n100k_d768_l2,100000,768,l2,adversarial,0.0010,0.0010,100,C_acorn_g16,acorn,ACORN,16,16,16,500,10,0.0000,454027.5,2.21,2.25,2.25,2.29,2.20,1,1,556,179,736,0,736,0,0,95724.5,23728392,24.3,40
n100k_d768_l2,100000,768,l2,adversarial,0.0010,0.0010,100,C_acorn_g32,acorn,ACORN,16,32,16,500,10,0.0000,344136.9,2.75,3.38,3.46,13.62,2.91,1,1,881,218,1100,0,1100,0,0,242975.0,30656776,24.3,40
n100k_d768_l2,100000,768,l2,multicluster,0.5000,0.4435,44355,F_exact,exact,EXACT,16,0,0,0,10,1.0000,122.7,8133.50,8326.88,8431.04,8840.67,8152.39,44355,0,0,0,100000,0,0,0,10,0.0,0,0.0,0
n100k_d768_l2,100000,768,l2,multicluster,0.5000,0.4435,44355,A_std_standard,std,STANDARD,16,1,32,50,10,0.6690,5622.5,175.92,198.21,244.21,244.67,177.86,1084,1084,1084,0,1084,0,0,60,8,41699.6,14033032,25.8,32
n100k_d768_l2,100000,768,l2,multicluster,0.5000,0.4435,44355,B_std_acorn1,std,ACORN,16,1,32,50,10,0.6400,2982.3,329.08,476.21,564.58,656.46,335.31,1024,914,639,8937,9577,2925,6651,0,10,41699.6,14033032,25.8,32
n100k_d768_l2,100000,768,l2,multicluster,0.5000,0.4435,44355,D_large24_standard,large,STANDARD,24,1,48,50,10,0.7080,4584.1,214.58,258.17,306.92,312.67,218.15,1324,1324,1324,0,1324,0,0,58,8,36202.3,20424136,32.9,48
n100k_d768_l2,100000,768,l2,multicluster,0.5000,0.4435,44355,E_large24_acorn1,large,ACORN,24,1,48,50,10,0.7450,2392.8,406.42,560.88,641.33,760.96,417.92,1243,1100,808,14189,14999,4756,10242,0,10,36202.3,20424136,32.9,48
n100k_d768_l2,100000,768,l2,multicluster,0.5000,0.4435,44355,D_large48_standard,large,STANDARD,48,1,96,50,10,0.7730,4089.5,244.25,272.33,283.92,306.08,244.53,1587,1587,1587,0,1587,0,0,56,8,26936.8,39618184,41.1,96
n100k_d768_l2,100000,768,l2,multicluster,0.5000,0.4435,44355,E_large48_acorn1,large,ACORN,48,1,96,50,10,0.8660,1649.8,559.62,947.29,1083.17,1109.04,606.13,1596,1388,1496,33829,35326,11308,24018,0,10,26936.8,39618184,41.1,96
n100k_d768_l2,100000,768,l2,multicluster,0.5000,0.4435,44355,C_acorn_g4,acorn,ACORN,16,4,16,50,10,0.4430,4544.2,229.00,310.50,332.25,341.62,220.06,809,732,1239,1974,3215,1934,1280,0,10,35004.5,18532104,24.2,40
n100k_d768_l2,100000,768,l2,multicluster,0.5000,0.4435,44355,C_acorn_g8,acorn,ACORN,16,8,16,50,10,0.4900,4287.4,229.96,337.54,372.88,426.46,233.24,843,764,1231,1936,3169,1878,1290,0,10,55273.2,20264200,24.3,40
n100k_d768_l2,100000,768,l2,multicluster,0.5000,0.4435,44355,C_acorn_g16,acorn,ACORN,16,16,16,50,10,0.4930,4233.0,237.25,400.12,441.00,478.92,236.24,864,783,1236,1805,3042,1842,1200,0,10,95724.5,23728392,24.3,40
n100k_d768_l2,100000,768,l2,multicluster,0.5000,0.4435,44355,C_acorn_g32,acorn,ACORN,16,32,16,50,10,0.3910,4168.5,236.33,425.92,461.50,493.42,239.90,909,832,1250,1549,2800,1915,884,0,10,242975.0,30656776,24.3,40
n100k_d768_l2,100000,768,l2,multicluster,0.5000,0.4435,44355,A_std_standard,std,STANDARD,16,1,32,100,10,0.7690,3691.0,271.58,291.92,309.75,328.58,270.93,1503,1503,1503,0,1503,0,0,109,8,41699.6,14033032,25.8,32
n100k_d768_l2,100000,768,l2,multicluster,0.5000,0.4435,44355,B_std_acorn1,std,ACORN,16,1,32,100,10,0.7470,1968.7,498.79,689.12,772.00,893.46,507.94,1274,1164,1558,20924,22483,7489,14994,0,10,41699.6,14033032,25.8,32
n100k_d768_l2,100000,768,l2,multicluster,0.5000,0.4435,44355,D_large24_standard,large,STANDARD,24,1,48,100,10,0.7930,3276.3,304.08,347.12,383.12,387.96,305.22,1730,1730,1730,0,1730,0,0,107,8,36202.3,20424136,32.9,48
n100k_d768_l2,100000,768,l2,multicluster,0.5000,0.4435,44355,E_large24_acorn1,large,ACORN,24,1,48,100,10,0.8430,1553.9,596.25,883.38,1343.54,1665.92,643.56,1489,1345,2218,35841,38061,12675,25385,0,10,36202.3,20424136,32.9,48
n100k_d768_l2,100000,768,l2,multicluster,0.5000,0.4435,44355,D_large48_standard,large,STANDARD,48,1,96,100,10,0.8250,3018.6,330.71,368.25,380.21,398.38,331.28,1932,1932,1932,0,1932,0,0,106,8,26936.8,39618184,41.1,96
n100k_d768_l2,100000,768,l2,multicluster,0.5000,0.4435,44355,E_large48_acorn1,large,ACORN,48,1,96,100,10,0.9320,1113.4,857.54,1452.71,1788.29,1793.38,898.16,1752,1544,3760,75869,79631,26116,53515,0,10,26936.8,39618184,41.1,96
n100k_d768_l2,100000,768,l2,multicluster,0.5000,0.4435,44355,C_acorn_g4,acorn,ACORN,16,4,16,100,10,0.5120,3034.4,345.83,411.88,483.17,485.12,329.55,1068,991,2291,3789,6081,3643,2437,0,10,35004.5,18532104,24.2,40
n100k_d768_l2,100000,768,l2,multicluster,0.5000,0.4435,44355,C_acorn_g8,acorn,ACORN,16,8,16,100,10,0.5680,2824.5,359.50,488.42,540.29,628.62,354.04,1124,1045,2290,3814,6105,3613,2491,0,10,55273.2,20264200,24.3,40
n100k_d768_l2,100000,768,l2,multicluster,0.5000,0.4435,44355,C_acorn_g16,acorn,ACORN,16,16,16,100,10,0.6120,2754.6,363.00,592.88,694.92,713.25,363.03,1161,1080,2359,3967,6328,3647,2681,0,10,95724.5,23728392,24.3,40
n100k_d768_l2,100000,768,l2,multicluster,0.5000,0.4435,44355,C_acorn_g32,acorn,ACORN,16,32,16,100,10,0.5150,2612.4,366.79,611.25,698.83,731.54,382.78,1241,1164,2424,3698,6124,3832,2292,0,10,242975.0,30656776,24.3,40
n100k_d768_l2,100000,768,l2,multicluster,0.5000,0.4435,44355,A_std_standard,std,STANDARD,16,1,32,250,10,0.8300,2241.6,449.71,482.00,507.29,533.42,446.11,1924,1924,1924,0,1924,0,0,259,8,41699.6,14033032,25.8,32
n100k_d768_l2,100000,768,l2,multicluster,0.5000,0.4435,44355,B_std_acorn1,std,ACORN,16,1,32,250,10,0.8160,1097.5,855.71,1375.79,1789.71,1846.88,911.20,1590,1480,5326,55784,61111,24420,36691,0,10,41699.6,14033032,25.8,32
n100k_d768_l2,100000,768,l2,multicluster,0.5000,0.4435,44355,D_large24_standard,large,STANDARD,24,1,48,250,10,0.8360,2137.2,467.46,534.21,556.83,564.25,467.89,2038,2038,2038,0,2038,0,0,257,8,36202.3,20424136,32.9,48
n100k_d768_l2,100000,768,l2,multicluster,0.5000,0.4435,44355,E_large24_acorn1,large,ACORN,24,1,48,250,10,0.8980,877.1,1059.08,1686.29,2443.46,2777.75,1140.11,1689,1546,7379,97348,104728,38068,66660,0,10,36202.3,20424136,32.9,48
n100k_d768_l2,100000,768,l2,multicluster,0.5000,0.4435,44355,D_large48_standard,large,STANDARD,48,1,96,250,10,0.8380,2106.5,476.00,523.96,559.75,572.38,474.72,2136,2136,2136,0,2136,0,0,255,9,26936.8,39618184,41.1,96
n100k_d768_l2,100000,768,l2,multicluster,0.5000,0.4435,44355,E_large48_acorn1,large,ACORN,48,1,96,250,10,0.9860,631.7,1673.75,2601.88,2877.04,3042.79,1582.91,1933,1726,10376,180316,190693,67700,122992,0,10,26936.8,39618184,41.1,96
n100k_d768_l2,100000,768,l2,multicluster,0.5000,0.4435,44355,C_acorn_g4,acorn,ACORN,16,4,16,250,10,0.5650,1780.5,583.54,691.21,798.08,825.12,561.63,1416,1339,5563,9131,14695,9097,5598,0,10,35004.5,18532104,24.2,40
n100k_d768_l2,100000,768,l2,multicluster,0.5000,0.4435,44355,C_acorn_g8,acorn,ACORN,16,8,16,250,10,0.6140,1710.1,599.96,735.25,787.04,890.54,584.77,1487,1409,5530,9207,14738,9117,5621,0,10,55273.2,20264200,24.3,40
n100k_d768_l2,100000,768,l2,multicluster,0.5000,0.4435,44355,C_acorn_g16,acorn,ACORN,16,16,16,250,10,0.7380,1483.1,633.33,1037.12,1219.08,1274.58,674.26,1583,1502,6018,12005,18025,9857,8167,0,10,95724.5,23728392,24.3,40
n100k_d768_l2,100000,768,l2,multicluster,0.5000,0.4435,44355,C_acorn_g32,acorn,ACORN,16,32,16,250,10,0.5910,1499.0,617.54,983.08,1165.38,1529.00,667.12,1657,1580,5972,10399,16372,9924,6447,0,10,242975.0,30656776,24.3,40
n100k_d768_l2,100000,768,l2,multicluster,0.5000,0.4435,44355,A_std_standard,std,STANDARD,16,1,32,500,10,0.8370,1477.9,678.00,723.83,739.54,746.17,676.65,2056,2056,2056,0,2056,0,0,509,8,41699.6,14033032,25.8,32
n100k_d768_l2,100000,768,l2,multicluster,0.5000,0.4435,44355,B_std_acorn1,std,ACORN,16,1,32,500,10,0.8290,685.6,1566.58,2156.58,3041.04,3071.25,1458.58,1851,1741,11959,105745,117706,51865,65840,0,10,41699.6,14033032,25.8,32
n100k_d768_l2,100000,768,l2,multicluster,0.5000,0.4435,44355,D_large24_standard,large,STANDARD,24,1,48,500,10,0.8410,1469.0,683.62,730.42,766.83,777.33,680.73,2097,2097,2097,0,2097,0,0,507,8,36202.3,20424136,32.9,48
n100k_d768_l2,100000,768,l2,multicluster,0.5000,0.4435,44355,E_large24_acorn1,large,ACORN,24,1,48,500,10,0.9290,538.5,1899.21,3306.58,3621.50,5640.33,1857.08,1981,1838,16064,186255,202321,79969,122351,0,10,36202.3,20424136,32.9,48
n100k_d768_l2,100000,768,l2,multicluster,0.5000,0.4435,44355,D_large48_standard,large,STANDARD,48,1,96,500,10,0.8410,1456.0,691.92,724.29,733.29,748.25,686.82,2175,2175,2175,0,2175,0,0,505,9,26936.8,39618184,41.1,96
n100k_d768_l2,100000,768,l2,multicluster,0.5000,0.4435,44355,E_large48_acorn1,large,ACORN,48,1,96,500,10,0.9990,385.4,2785.29,4321.62,4489.38,4593.29,2594.77,2348,2140,21016,321756,342774,134354,208420,0,10,26936.8,39618184,41.1,96
n100k_d768_l2,100000,768,l2,multicluster,0.5000,0.4435,44355,C_acorn_g4,acorn,ACORN,16,4,16,500,10,0.5890,1179.4,872.00,1069.25,1220.79,1281.96,847.86,1638,1561,11180,16725,27907,18227,9679,0,10,35004.5,18532104,24.2,40
n100k_d768_l2,100000,768,l2,multicluster,0.5000,0.4435,44355,C_acorn_g8,acorn,ACORN,16,8,16,500,10,0.6490,1095.9,906.79,1175.42,1881.62,2051.71,912.47,1801,1722,11401,16942,28345,18621,9723,0,10,55273.2,20264200,24.3,40
n100k_d768_l2,100000,768,l2,multicluster,0.5000,0.4435,44355,C_acorn_g16,acorn,ACORN,16,16,16,500,10,0.7910,993.1,936.88,1408.83,1823.29,2029.00,1006.97,1889,1808,12152,23711,35864,20190,15673,0,10,95724.5,23728392,24.3,40
n100k_d768_l2,100000,768,l2,multicluster,0.5000,0.4435,44355,C_acorn_g32,acorn,ACORN,16,32,16,500,10,0.6650,941.6,942.50,1671.33,2043.79,2413.21,1062.06,2030,1953,12384,23528,35913,20559,15354,0,10,242975.0,30656776,24.3,40
n100k_d768_l2,100000,768,l2,multicluster,0.5000,0.4435,44355,F_exact,exact,EXACT,16,0,0,0,100,1.0000,126.8,7875.58,7979.04,7986.67,7997.08,7885.93,44355,0,0,0,100000,0,0,0,100,0.0,0,0.0,0
n100k_d768_l2,100000,768,l2,multicluster,0.5000,0.4435,44355,A_std_standard,std,STANDARD,16,1,32,50,100,0.5534,5181.2,193.25,210.42,217.92,231.58,193.00,1084,1084,1084,0,1084,0,0,60,75,41699.6,14033032,25.8,32
n100k_d768_l2,100000,768,l2,multicluster,0.5000,0.4435,44355,B_std_acorn1,std,ACORN,16,1,32,50,100,0.6712,2927.6,335.50,507.83,554.96,704.83,341.57,1024,914,639,8937,9577,2925,6651,0,100,41699.6,14033032,25.8,32
n100k_d768_l2,100000,768,l2,multicluster,0.5000,0.4435,44355,D_large24_standard,large,STANDARD,24,1,48,50,100,0.6180,4365.5,227.67,254.62,319.12,323.00,229.07,1324,1324,1324,0,1324,0,0,58,76,36202.3,20424136,32.9,48
n100k_d768_l2,100000,768,l2,multicluster,0.5000,0.4435,44355,E_large24_acorn1,large,ACORN,24,1,48,50,100,0.7723,2364.3,410.54,617.42,665.88,806.62,422.97,1243,1100,808,14189,14999,4756,10242,0,100,36202.3,20424136,32.9,48
n100k_d768_l2,100000,768,l2,multicluster,0.5000,0.4435,44355,D_large48_standard,large,STANDARD,48,1,96,50,100,0.6746,3814.3,262.79,285.46,295.96,312.62,262.17,1587,1587,1587,0,1587,0,0,56,78,26936.8,39618184,41.1,96
n100k_d768_l2,100000,768,l2,multicluster,0.5000,0.4435,44355,E_large48_acorn1,large,ACORN,48,1,96,50,100,0.8907,1490.8,628.08,1049.42,1166.21,1171.67,670.78,1596,1388,1496,33829,35326,11308,24018,0,100,26936.8,39618184,41.1,96
n100k_d768_l2,100000,768,l2,multicluster,0.5000,0.4435,44355,C_acorn_g4,acorn,ACORN,16,4,16,50,100,0.4654,3811.2,269.62,343.67,411.75,425.46,262.38,809,732,1239,1974,3215,1934,1280,0,100,35004.5,18532104,24.2,40
n100k_d768_l2,100000,768,l2,multicluster,0.5000,0.4435,44355,C_acorn_g8,acorn,ACORN,16,8,16,50,100,0.5073,3501.7,280.50,449.79,539.62,613.62,285.58,843,764,1231,1936,3169,1878,1290,0,100,55273.2,20264200,24.3,40
n100k_d768_l2,100000,768,l2,multicluster,0.5000,0.4435,44355,C_acorn_g16,acorn,ACORN,16,16,16,50,100,0.5127,4003.3,249.38,385.75,491.25,525.25,249.79,864,783,1236,1805,3042,1842,1200,0,100,95724.5,23728392,24.3,40
n100k_d768_l2,100000,768,l2,multicluster,0.5000,0.4435,44355,C_acorn_g32,acorn,ACORN,16,32,16,50,100,0.4018,3900.0,247.17,456.08,492.92,520.71,256.41,909,833,1250,1549,2800,1916,884,0,100,242975.0,30656776,24.3,40
n100k_d768_l2,100000,768,l2,multicluster,0.5000,0.4435,44355,A_std_standard,std,STANDARD,16,1,32,100,100,0.6833,3614.9,278.58,302.96,317.25,328.71,276.64,1503,1503,1503,0,1503,0,0,109,77,41699.6,14033032,25.8,32
n100k_d768_l2,100000,768,l2,multicluster,0.5000,0.4435,44355,B_std_acorn1,std,ACORN,16,1,32,100,100,0.7806,1951.4,495.58,715.21,784.54,878.25,512.46,1274,1164,1558,20924,22483,7489,14994,0,100,41699.6,14033032,25.8,32
n100k_d768_l2,100000,768,l2,multicluster,0.5000,0.4435,44355,D_large24_standard,large,STANDARD,24,1,48,100,100,0.7293,3229.5,308.92,339.38,398.58,410.67,309.64,1730,1730,1730,0,1730,0,0,107,77,36202.3,20424136,32.9,48
n100k_d768_l2,100000,768,l2,multicluster,0.5000,0.4435,44355,E_large24_acorn1,large,ACORN,24,1,48,100,100,0.8827,1567.9,580.42,886.96,1237.29,1696.08,637.80,1489,1345,2218,35841,38061,12675,25385,0,100,36202.3,20424136,32.9,48
n100k_d768_l2,100000,768,l2,multicluster,0.5000,0.4435,44355,D_large48_standard,large,STANDARD,48,1,96,100,100,0.7549,2980.0,335.04,362.25,378.08,379.75,335.57,1932,1932,1932,0,1932,0,0,106,78,26936.8,39618184,41.1,96
n100k_d768_l2,100000,768,l2,multicluster,0.5000,0.4435,44355,E_large48_acorn1,large,ACORN,48,1,96,100,100,0.9611,1110.1,832.29,1443.29,1718.38,1807.50,900.81,1752,1544,3760,75869,79631,26116,53515,0,100,26936.8,39618184,41.1,96
n100k_d768_l2,100000,768,l2,multicluster,0.5000,0.4435,44355,C_acorn_g4,acorn,ACORN,16,4,16,100,100,0.5566,2831.1,366.21,448.96,468.58,508.04,353.22,1068,991,2291,3789,6081,3643,2437,0,100,35004.5,18532104,24.2,40
n100k_d768_l2,100000,768,l2,multicluster,0.5000,0.4435,44355,C_acorn_g8,acorn,ACORN,16,8,16,100,100,0.6062,2781.4,360.00,490.00,540.58,756.46,359.53,1124,1045,2290,3814,6105,3613,2491,0,100,55273.2,20264200,24.3,40
n100k_d768_l2,100000,768,l2,multicluster,0.5000,0.4435,44355,C_acorn_g16,acorn,ACORN,16,16,16,100,100,0.6430,2686.1,363.83,587.33,685.88,723.83,372.29,1161,1080,2359,3967,6328,3647,2681,0,100,95724.5,23728392,24.3,40
n100k_d768_l2,100000,768,l2,multicluster,0.5000,0.4435,44355,C_acorn_g32,acorn,ACORN,16,32,16,100,100,0.5377,2583.7,367.67,638.88,676.08,676.83,387.05,1241,1164,2424,3698,6124,3832,2292,0,100,242975.0,30656776,24.3,40
n100k_d768_l2,100000,768,l2,multicluster,0.5000,0.4435,44355,A_std_standard,std,STANDARD,16,1,32,250,100,0.7640,2170.0,458.62,496.67,667.29,709.67,460.82,1924,1924,1924,0,1924,0,0,259,78,41699.6,14033032,25.8,32
n100k_d768_l2,100000,768,l2,multicluster,0.5000,0.4435,44355,B_std_acorn1,std,ACORN,16,1,32,250,100,0.8519,1098.3,886.21,1361.46,1840.04,1845.96,910.50,1590,1480,5326,55784,61111,24420,36691,0,100,41699.6,14033032,25.8,32
n100k_d768_l2,100000,768,l2,multicluster,0.5000,0.4435,44355,D_large24_standard,large,STANDARD,24,1,48,250,100,0.7764,2125.1,472.12,510.96,569.00,576.83,470.57,2038,2038,2038,0,2038,0,0,257,78,36202.3,20424136,32.9,48
n100k_d768_l2,100000,768,l2,multicluster,0.5000,0.4435,44355,E_large24_acorn1,large,ACORN,24,1,48,250,100,0.9401,871.5,1080.17,1720.33,2488.17,2695.21,1147.49,1689,1546,7379,97348,104728,38068,66660,0,100,36202.3,20424136,32.9,48
n100k_d768_l2,100000,768,l2,multicluster,0.5000,0.4435,44355,D_large48_standard,large,STANDARD,48,1,96,250,100,0.7804,2071.2,483.88,522.38,537.25,554.33,482.81,2136,2136,2136,0,2136,0,0,255,79,26936.8,39618184,41.1,96
n100k_d768_l2,100000,768,l2,multicluster,0.5000,0.4435,44355,E_large48_acorn1,large,ACORN,48,1,96,250,100,0.9858,623.6,1641.12,2589.75,2735.46,3206.88,1603.55,1933,1726,10376,180316,190693,67700,122992,0,100,26936.8,39618184,41.1,96
n100k_d768_l2,100000,768,l2,multicluster,0.5000,0.4435,44355,C_acorn_g4,acorn,ACORN,16,4,16,250,100,0.6350,1656.4,619.71,760.17,828.42,1136.83,603.72,1416,1339,5563,9131,14695,9097,5598,0,100,35004.5,18532104,24.2,40
n100k_d768_l2,100000,768,l2,multicluster,0.5000,0.4435,44355,C_acorn_g8,acorn,ACORN,16,8,16,250,100,0.6857,1611.2,626.96,768.96,831.08,932.42,620.65,1487,1409,5530,9207,14738,9117,5621,0,100,55273.2,20264200,24.3,40
n100k_d768_l2,100000,768,l2,multicluster,0.5000,0.4435,44355,C_acorn_g16,acorn,ACORN,16,16,16,250,100,0.7844,1432.3,643.04,1050.79,1207.58,1343.54,698.19,1583,1502,6018,12005,18025,9857,8167,0,100,95724.5,23728392,24.3,40
n100k_d768_l2,100000,768,l2,multicluster,0.5000,0.4435,44355,C_acorn_g32,acorn,ACORN,16,32,16,250,100,0.6464,1478.0,633.29,989.00,1135.96,1673.33,676.58,1657,1580,5972,10399,16372,9924,6447,0,100,242975.0,30656776,24.3,40
n100k_d768_l2,100000,768,l2,multicluster,0.5000,0.4435,44355,A_std_standard,std,STANDARD,16,1,32,500,100,0.7785,1423.8,703.96,775.38,816.08,849.46,702.37,2056,2056,2056,0,2056,0,0,509,78,41699.6,14033032,25.8,32
n100k_d768_l2,100000,768,l2,multicluster,0.5000,0.4435,44355,B_std_acorn1,std,ACORN,16,1,32,500,100,0.8684,650.3,1671.50,2329.08,3182.88,3409.96,1537.75,1851,1741,11959,105745,117706,51865,65840,0,100,41699.6,14033032,25.8,32
n100k_d768_l2,100000,768,l2,multicluster,0.5000,0.4435,44355,D_large24_standard,large,STANDARD,24,1,48,500,100,0.7813,1405.5,707.88,789.46,830.54,1168.17,711.47,2097,2097,2097,0,2097,0,0,507,78,36202.3,20424136,32.9,48
n100k_d768_l2,100000,768,l2,multicluster,0.5000,0.4435,44355,E_large24_acorn1,large,ACORN,24,1,48,500,100,0.9714,508.9,1956.17,3357.00,3838.75,6114.92,1965.11,1981,1838,16064,186255,202321,79969,122351,0,100,36202.3,20424136,32.9,48
n100k_d768_l2,100000,768,l2,multicluster,0.5000,0.4435,44355,D_large48_standard,large,STANDARD,48,1,96,500,100,0.7837,1406.5,713.17,752.75,761.83,775.62,710.96,2175,2175,2175,0,2175,0,0,505,81,26936.8,39618184,41.1,96
n100k_d768_l2,100000,768,l2,multicluster,0.5000,0.4435,44355,E_large48_acorn1,large,ACORN,48,1,96,500,100,0.9985,368.7,2912.42,4464.67,4635.75,4837.33,2711.99,2348,2140,21016,321756,342774,134354,208420,0,100,26936.8,39618184,41.1,96
n100k_d768_l2,100000,768,l2,multicluster,0.5000,0.4435,44355,C_acorn_g4,acorn,ACORN,16,4,16,500,100,0.6659,1110.3,935.50,1148.17,1269.96,1279.38,900.63,1638,1561,11180,16725,27907,18227,9679,0,100,35004.5,18532104,24.2,40
n100k_d768_l2,100000,768,l2,multicluster,0.5000,0.4435,44355,C_acorn_g8,acorn,ACORN,16,8,16,500,100,0.7288,1041.9,958.96,1197.58,1995.33,2069.83,959.77,1801,1722,11401,16942,28345,18621,9723,0,100,55273.2,20264200,24.3,40
n100k_d768_l2,100000,768,l2,multicluster,0.5000,0.4435,44355,C_acorn_g16,acorn,ACORN,16,16,16,500,100,0.8457,921.9,1018.21,1517.50,1978.62,2117.12,1084.68,1889,1808,12152,23711,35864,20190,15673,0,100,95724.5,23728392,24.3,40
n100k_d768_l2,100000,768,l2,multicluster,0.5000,0.4435,44355,C_acorn_g32,acorn,ACORN,16,32,16,500,100,0.7241,882.3,1002.08,1648.62,2273.17,2578.62,1133.45,2030,1953,12384,23528,35913,20559,15354,0,100,242975.0,30656776,24.3,40
n100k_d768_l2,100000,768,l2,multicluster,0.2500,0.1925,19251,F_exact,exact,EXACT,16,0,0,0,10,1.0000,206.4,4829.96,4970.96,4990.88,4999.54,4845.77,19251,0,0,0,100000,0,0,0,10,0.0,0,0.0,0
n100k_d768_l2,100000,768,l2,multicluster,0.2500,0.1925,19251,A_std_standard,std,STANDARD,16,1,32,50,10,0.2360,5640.5,177.17,193.75,201.29,222.12,177.29,1084,1084,1084,0,1084,0,0,60,3,41699.6,14033032,25.8,32
n100k_d768_l2,100000,768,l2,multicluster,0.2500,0.1925,19251,B_std_acorn1,std,ACORN,16,1,32,50,10,0.5320,3599.3,282.12,360.92,368.71,480.33,277.83,1101,999,473,4850,5325,2341,2984,0,10,41699.6,14033032,25.8,32
n100k_d768_l2,100000,768,l2,multicluster,0.2500,0.1925,19251,D_large24_standard,large,STANDARD,24,1,48,50,10,0.2700,4703.1,211.08,245.92,280.75,306.88,212.63,1324,1324,1324,0,1324,0,0,58,3,36202.3,20424136,32.9,48
n100k_d768_l2,100000,768,l2,multicluster,0.2500,0.1925,19251,E_large24_acorn1,large,ACORN,24,1,48,50,10,0.6970,2917.1,341.04,444.38,462.71,469.25,342.81,1224,1093,716,11503,12220,3788,8432,0,10,36202.3,20424136,32.9,48
n100k_d768_l2,100000,768,l2,multicluster,0.2500,0.1925,19251,D_large48_standard,large,STANDARD,48,1,96,50,10,0.2830,4126.9,242.12,269.08,278.50,303.75,242.31,1587,1587,1587,0,1587,0,0,56,3,26936.8,39618184,41.1,96
n100k_d768_l2,100000,768,l2,multicluster,0.2500,0.1925,19251,E_large48_acorn1,large,ACORN,48,1,96,50,10,0.7980,2094.0,475.00,646.46,714.62,971.42,477.55,1669,1426,1266,22728,23996,8536,15459,0,10,26936.8,39618184,41.1,96
n100k_d768_l2,100000,768,l2,multicluster,0.2500,0.1925,19251,C_acorn_g4,acorn,ACORN,16,4,16,50,10,0.5750,5203.9,184.46,269.54,283.04,315.21,192.16,813,740,1213,1635,2849,1782,1066,0,10,35004.5,18532104,24.2,40
n100k_d768_l2,100000,768,l2,multicluster,0.2500,0.1925,19251,C_acorn_g8,acorn,ACORN,16,8,16,50,10,0.5930,5116.2,186.58,265.79,286.12,296.46,195.46,825,744,1234,1683,2918,1776,1142,0,10,55273.2,20264200,24.3,40
n100k_d768_l2,100000,768,l2,multicluster,0.2500,0.1925,19251,C_acorn_g16,acorn,ACORN,16,16,16,50,10,0.5540,5178.2,190.92,268.08,289.79,310.33,193.12,842,761,1207,1610,2819,1790,1028,0,10,95724.5,23728392,24.3,40
n100k_d768_l2,100000,768,l2,multicluster,0.2500,0.1925,19251,C_acorn_g32,acorn,ACORN,16,32,16,50,10,0.4490,4937.0,196.96,274.12,316.12,374.67,202.55,909,831,1240,1120,2362,1861,501,0,10,242975.0,30656776,24.3,40
n100k_d768_l2,100000,768,l2,multicluster,0.2500,0.1925,19251,A_std_standard,std,STANDARD,16,1,32,100,10,0.2830,3695.3,269.04,298.04,331.83,350.33,270.62,1503,1503,1503,0,1503,0,0,109,3,41699.6,14033032,25.8,32
n100k_d768_l2,100000,768,l2,multicluster,0.2500,0.1925,19251,B_std_acorn1,std,ACORN,16,1,32,100,10,0.6760,2332.6,427.08,573.42,695.79,816.17,428.71,1474,1372,1191,10442,11634,5312,6322,0,10,41699.6,14033032,25.8,32
n100k_d768_l2,100000,768,l2,multicluster,0.2500,0.1925,19251,D_large24_standard,large,STANDARD,24,1,48,100,10,0.3110,3358.2,298.79,322.21,371.00,375.42,297.77,1730,1730,1730,0,1730,0,0,107,3,36202.3,20424136,32.9,48
n100k_d768_l2,100000,768,l2,multicluster,0.2500,0.1925,19251,E_large24_acorn1,large,ACORN,24,1,48,100,10,0.7970,1945.8,506.92,730.12,800.25,889.04,513.92,1571,1439,1863,23426,25290,9591,15699,0,10,36202.3,20424136,32.9,48
n100k_d768_l2,100000,768,l2,multicluster,0.2500,0.1925,19251,D_large48_standard,large,STANDARD,48,1,96,100,10,0.3120,3052.7,329.71,355.12,376.88,421.46,327.58,1932,1932,1932,0,1932,0,0,106,3,26936.8,39618184,41.1,96
n100k_d768_l2,100000,768,l2,multicluster,0.2500,0.1925,19251,E_large48_acorn1,large,ACORN,48,1,96,100,10,0.8620,1436.4,640.79,1042.33,1155.75,1202.33,696.18,1917,1674,3207,46788,49996,20050,29945,0,10,26936.8,39618184,41.1,96
n100k_d768_l2,100000,768,l2,multicluster,0.2500,0.1925,19251,C_acorn_g4,acorn,ACORN,16,4,16,100,10,0.6810,3300.7,298.00,419.08,476.79,489.58,302.97,1085,1012,2317,3838,6157,3550,2607,0,10,35004.5,18532104,24.2,40
n100k_d768_l2,100000,768,l2,multicluster,0.2500,0.1925,19251,C_acorn_g8,acorn,ACORN,16,8,16,100,10,0.6750,3411.4,288.21,403.12,419.33,428.50,293.13,1103,1021,2283,3480,5765,3491,2273,0,10,55273.2,20264200,24.3,40
n100k_d768_l2,100000,768,l2,multicluster,0.2500,0.1925,19251,C_acorn_g16,acorn,ACORN,16,16,16,100,10,0.6440,3436.8,291.42,406.00,424.71,439.50,290.97,1120,1038,2251,3332,5584,3510,2074,0,10,95724.5,23728392,24.3,40
n100k_d768_l2,100000,768,l2,multicluster,0.2500,0.1925,19251,C_acorn_g32,acorn,ACORN,16,32,16,100,10,0.5510,3264.9,303.58,407.62,470.75,489.58,306.29,1220,1142,2262,2224,4488,3579,908,0,10,242975.0,30656776,24.3,40
n100k_d768_l2,100000,768,l2,multicluster,0.2500,0.1925,19251,A_std_standard,std,STANDARD,16,1,32,250,10,0.3170,2241.1,448.25,487.21,499.83,531.46,446.20,1924,1924,1924,0,1924,0,0,259,3,41699.6,14033032,25.8,32
n100k_d768_l2,100000,768,l2,multicluster,0.2500,0.1925,19251,B_std_acorn1,std,ACORN,16,1,32,250,10,0.8060,1346.3,717.04,1143.08,1189.08,1346.08,742.79,1858,1756,4725,33311,38037,18203,19834,0,10,41699.6,14033032,25.8,32
n100k_d768_l2,100000,768,l2,multicluster,0.2500,0.1925,19251,D_large24_standard,large,STANDARD,24,1,48,250,10,0.3340,2142.9,466.92,542.04,555.46,598.42,466.66,2038,2038,2038,0,2038,0,0,257,3,36202.3,20424136,32.9,48
n100k_d768_l2,100000,768,l2,multicluster,0.2500,0.1925,19251,E_large24_acorn1,large,ACORN,24,1,48,250,10,0.8430,1121.2,825.58,1456.83,1529.00,1538.00,891.87,1834,1702,6608,62729,69339,30363,38975,0,10,36202.3,20424136,32.9,48
n100k_d768_l2,100000,768,l2,multicluster,0.2500,0.1925,19251,D_large48_standard,large,STANDARD,48,1,96,250,10,0.3260,2105.7,475.08,525.04,558.42,562.12,474.90,2136,2136,2136,0,2136,0,0,255,5,26936.8,39618184,41.1,96
n100k_d768_l2,100000,768,l2,multicluster,0.2500,0.1925,19251,E_large48_acorn1,large,ACORN,48,1,96,250,10,0.9110,803.8,1178.38,2146.83,2468.21,2628.46,1244.02,2247,2004,9618,116564,126183,54263,71920,0,10,26936.8,39618184,41.1,96
n100k_d768_l2,100000,768,l2,multicluster,0.2500,0.1925,19251,C_acorn_g4,acorn,ACORN,16,4,16,250,10,0.7480,1651.6,599.08,862.04,897.21,1081.21,605.46,1411,1339,5658,10165,15824,9023,6801,0,10,35004.5,18532104,24.2,40
n100k_d768_l2,100000,768,l2,multicluster,0.2500,0.1925,19251,C_acorn_g8,acorn,ACORN,16,8,16,250,10,0.7540,1823.8,554.12,719.71,798.46,897.42,548.32,1452,1371,5625,9497,15123,9016,6106,0,10,55273.2,20264200,24.3,40
n100k_d768_l2,100000,768,l2,multicluster,0.2500,0.1925,19251,C_acorn_g16,acorn,ACORN,16,16,16,250,10,0.7580,1689.3,571.88,771.42,1145.58,1272.38,591.95,1568,1487,5701,8968,14671,9257,5413,0,10,95724.5,23728392,24.3,40
n100k_d768_l2,100000,768,l2,multicluster,0.2500,0.1925,19251,C_acorn_g32,acorn,ACORN,16,32,16,250,10,0.6410,1650.6,601.12,878.46,1023.25,1068.38,605.82,1633,1555,5610,6125,11736,9136,2599,0,10,242975.0,30656776,24.3,40
n100k_d768_l2,100000,768,l2,multicluster,0.2500,0.1925,19251,A_std_standard,std,STANDARD,16,1,32,500,10,0.3260,1408.3,695.79,911.21,960.58,1075.21,710.06,2056,2056,2056,0,2056,0,0,509,3,41699.6,14033032,25.8,32
n100k_d768_l2,100000,768,l2,multicluster,0.2500,0.1925,19251,B_std_acorn1,std,ACORN,16,1,32,500,10,0.8290,805.0,1187.00,1736.25,2414.21,2644.33,1242.25,2156,2054,11088,60115,71204,39576,31627,0,10,41699.6,14033032,25.8,32
n100k_d768_l2,100000,768,l2,multicluster,0.2500,0.1925,19251,D_large24_standard,large,STANDARD,24,1,48,500,10,0.3410,1410.8,706.96,796.29,823.50,831.29,708.83,2097,2097,2097,0,2097,0,0,507,4,36202.3,20424136,32.9,48
n100k_d768_l2,100000,768,l2,multicluster,0.2500,0.1925,19251,E_large24_acorn1,large,ACORN,24,1,48,500,10,0.8480,680.7,1327.75,2575.12,2692.25,2792.79,1469.09,2115,1983,14734,110486,125221,63054,62167,0,10,36202.3,20424136,32.9,48
n100k_d768_l2,100000,768,l2,multicluster,0.2500,0.1925,19251,D_large48_standard,large,STANDARD,48,1,96,500,10,0.3320,1423.8,705.29,757.12,784.58,785.21,702.36,2175,2175,2175,0,2175,0,0,505,6,26936.8,39618184,41.1,96
n100k_d768_l2,100000,768,l2,multicluster,0.2500,0.1925,19251,E_large48_acorn1,large,ACORN,48,1,96,500,10,0.9210,493.3,2026.21,3894.33,4055.42,4404.67,2027.31,2670,2427,20091,198706,218799,105869,112929,0,10,26936.8,39618184,41.1,96
n100k_d768_l2,100000,768,l2,multicluster,0.2500,0.1925,19251,C_acorn_g4,acorn,ACORN,16,4,16,500,10,0.7690,1213.4,859.38,1019.17,1096.83,1185.71,824.10,1605,1533,11053,17838,28893,18142,10751,0,10,35004.5,18532104,24.2,40
n100k_d768_l2,100000,768,l2,multicluster,0.2500,0.1925,19251,C_acorn_g8,acorn,ACORN,16,8,16,500,10,0.7820,1208.1,848.96,1005.67,1107.96,1369.96,827.78,1632,1551,11126,17339,28467,18306,10160,0,10,55273.2,20264200,24.3,40
n100k_d768_l2,100000,768,l2,multicluster,0.2500,0.1925,19251,C_acorn_g16,acorn,ACORN,16,16,16,500,10,0.7850,1099.4,887.67,1304.46,1468.83,1682.33,909.62,1899,1818,11580,16982,28564,19101,9462,0,10,95724.5,23728392,24.3,40
n100k_d768_l2,100000,768,l2,multicluster,0.2500,0.1925,19251,C_acorn_g32,acorn,ACORN,16,32,16,500,10,0.6870,1123.0,870.29,1249.17,1453.21,1530.46,890.47,1873,1795,11622,13821,25445,19120,6325,0,10,242975.0,30656776,24.3,40
n100k_d768_l2,100000,768,l2,multicluster,0.2500,0.1925,19251,F_exact,exact,EXACT,16,0,0,0,100,1.0000,206.4,4832.21,4977.00,5009.50,5027.92,4845.13,19251,0,0,0,100000,0,0,0,100,0.0,0,0.0,0
n100k_d768_l2,100000,768,l2,multicluster,0.2500,0.1925,19251,A_std_standard,std,STANDARD,16,1,32,50,100,0.1936,5254.0,190.25,215.46,222.50,235.50,190.33,1084,1084,1084,0,1084,0,0,60,27,41699.6,14033032,25.8,32
n100k_d768_l2,100000,768,l2,multicluster,0.2500,0.1925,19251,B_std_acorn1,std,ACORN,16,1,32,50,100,0.5554,3418.0,291.50,376.71,404.75,441.75,292.57,1101,999,473,4850,5325,2341,2984,0,100,41699.6,14033032,25.8,32
n100k_d768_l2,100000,768,l2,multicluster,0.2500,0.1925,19251,D_large24_standard,large,STANDARD,24,1,48,50,100,0.2284,4425.8,223.17,253.08,312.38,334.50,225.95,1324,1324,1324,0,1324,0,0,58,30,36202.3,20424136,32.9,48
n100k_d768_l2,100000,768,l2,multicluster,0.2500,0.1925,19251,E_large24_acorn1,large,ACORN,24,1,48,50,100,0.7106,2771.3,364.42,468.71,486.79,489.58,360.84,1224,1093,716,11503,12220,3788,8432,0,100,36202.3,20424136,32.9,48
n100k_d768_l2,100000,768,l2,multicluster,0.2500,0.1925,19251,D_large48_standard,large,STANDARD,48,1,96,50,100,0.2419,3888.9,255.08,289.54,304.92,313.38,257.14,1587,1587,1587,0,1587,0,0,56,28,26936.8,39618184,41.1,96
n100k_d768_l2,100000,768,l2,multicluster,0.2500,0.1925,19251,E_large48_acorn1,large,ACORN,48,1,96,50,100,0.8354,2016.4,495.38,669.33,824.96,983.42,495.93,1669,1426,1266,22728,23996,8536,15459,0,100,26936.8,39618184,41.1,96
n100k_d768_l2,100000,768,l2,multicluster,0.2500,0.1925,19251,C_acorn_g4,acorn,ACORN,16,4,16,50,100,0.5278,4710.2,207.46,284.83,295.96,324.79,212.31,813,740,1213,1635,2849,1782,1066,0,100,35004.5,18532104,24.2,40
n100k_d768_l2,100000,768,l2,multicluster,0.2500,0.1925,19251,C_acorn_g8,acorn,ACORN,16,8,16,50,100,0.5388,4745.7,200.54,280.92,307.25,320.04,210.72,825,744,1234,1683,2918,1776,1142,0,100,55273.2,20264200,24.3,40
n100k_d768_l2,100000,768,l2,multicluster,0.2500,0.1925,19251,C_acorn_g16,acorn,ACORN,16,16,16,50,100,0.5301,4748.5,206.71,285.83,309.96,372.79,210.59,842,761,1207,1610,2819,1790,1028,0,100,95724.5,23728392,24.3,40
n100k_d768_l2,100000,768,l2,multicluster,0.2500,0.1925,19251,C_acorn_g32,acorn,ACORN,16,32,16,50,100,0.4454,4500.0,218.50,302.88,329.38,405.17,222.22,909,831,1240,1120,2362,1861,501,0,100,242975.0,30656776,24.3,40
n100k_d768_l2,100000,768,l2,multicluster,0.2500,0.1925,19251,A_std_standard,std,STANDARD,16,1,32,100,100,0.2442,3665.6,272.08,301.12,318.00,325.92,272.80,1503,1503,1503,0,1503,0,0,109,27,41699.6,14033032,25.8,32
n100k_d768_l2,100000,768,l2,multicluster,0.2500,0.1925,19251,B_std_acorn1,std,ACORN,16,1,32,100,100,0.7182,2329.6,425.75,558.42,788.83,839.46,429.26,1474,1372,1191,10442,11634,5312,6322,0,100,41699.6,14033032,25.8,32
n100k_d768_l2,100000,768,l2,multicluster,0.2500,0.1925,19251,D_large24_standard,large,STANDARD,24,1,48,100,100,0.2679,3261.8,304.54,346.29,391.12,437.92,306.58,1730,1730,1730,0,1730,0,0,107,30,36202.3,20424136,32.9,48
n100k_d768_l2,100000,768,l2,multicluster,0.2500,0.1925,19251,E_large24_acorn1,large,ACORN,24,1,48,100,100,0.8420,1882.8,515.04,758.54,903.25,957.62,531.12,1571,1439,1863,23426,25290,9591,15699,0,100,36202.3,20424136,32.9,48
n100k_d768_l2,100000,768,l2,multicluster,0.2500,0.1925,19251,D_large48_standard,large,STANDARD,48,1,96,100,100,0.2714,3008.7,333.67,368.71,398.92,400.58,332.37,1932,1932,1932,0,1932,0,0,106,28,26936.8,39618184,41.1,96
n100k_d768_l2,100000,768,l2,multicluster,0.2500,0.1925,19251,E_large48_acorn1,large,ACORN,48,1,96,100,100,0.9089,1416.0,654.33,1057.96,1141.12,1195.42,706.19,1917,1674,3207,46788,49996,20050,29945,0,100,26936.8,39618184,41.1,96
n100k_d768_l2,100000,768,l2,multicluster,0.2500,0.1925,19251,C_acorn_g4,acorn,ACORN,16,4,16,100,100,0.6774,3245.0,300.92,414.25,496.04,569.67,308.16,1085,1012,2317,3838,6157,3550,2607,0,100,35004.5,18532104,24.2,40
n100k_d768_l2,100000,768,l2,multicluster,0.2500,0.1925,19251,C_acorn_g8,acorn,ACORN,16,8,16,100,100,0.6620,3327.7,295.92,401.88,423.12,423.67,300.51,1103,1021,2283,3480,5765,3491,2273,0,100,55273.2,20264200,24.3,40
n100k_d768_l2,100000,768,l2,multicluster,0.2500,0.1925,19251,C_acorn_g16,acorn,ACORN,16,16,16,100,100,0.6510,3366.8,295.29,418.42,449.17,461.38,297.02,1120,1038,2251,3332,5584,3510,2074,0,100,95724.5,23728392,24.3,40
n100k_d768_l2,100000,768,l2,multicluster,0.2500,0.1925,19251,C_acorn_g32,acorn,ACORN,16,32,16,100,100,0.5677,3171.1,310.92,434.88,455.12,524.04,315.35,1220,1142,2262,2224,4488,3579,908,0,100,242975.0,30656776,24.3,40
n100k_d768_l2,100000,768,l2,multicluster,0.2500,0.1925,19251,A_std_standard,std,STANDARD,16,1,32,250,100,0.2728,2224.8,452.54,481.25,516.08,524.42,449.48,1924,1924,1924,0,1924,0,0,259,27,41699.6,14033032,25.8,32
n100k_d768_l2,100000,768,l2,multicluster,0.2500,0.1925,19251,B_std_acorn1,std,ACORN,16,1,32,250,100,0.8620,1346.4,716.50,1116.92,1362.67,1522.17,742.72,1858,1756,4725,33311,38037,18203,19834,0,100,41699.6,14033032,25.8,32
n100k_d768_l2,100000,768,l2,multicluster,0.2500,0.1925,19251,D_large24_standard,large,STANDARD,24,1,48,250,100,0.2854,2125.7,471.67,516.04,591.75,609.96,470.44,2038,2038,2038,0,2038,0,0,257,31,36202.3,20424136,32.9,48
n100k_d768_l2,100000,768,l2,multicluster,0.2500,0.1925,19251,E_large24_acorn1,large,ACORN,24,1,48,250,100,0.9068,1102.5,843.62,1430.08,1539.21,1557.92,907.03,1834,1702,6608,62729,69339,30363,38975,0,100,36202.3,20424136,32.9,48
n100k_d768_l2,100000,768,l2,multicluster,0.2500,0.1925,19251,D_large48_standard,large,STANDARD,48,1,96,250,100,0.2827,2092.8,476.04,516.21,528.38,558.38,477.83,2136,2136,2136,0,2136,0,0,255,29,26936.8,39618184,41.1,96
n100k_d768_l2,100000,768,l2,multicluster,0.2500,0.1925,19251,E_large48_acorn1,large,ACORN,48,1,96,250,100,0.9552,796.9,1186.71,2141.04,2315.67,2697.04,1254.80,2247,2004,9618,116564,126183,54263,71920,0,100,26936.8,39618184,41.1,96
n100k_d768_l2,100000,768,l2,multicluster,0.2500,0.1925,19251,C_acorn_g4,acorn,ACORN,16,4,16,250,100,0.7874,1894.2,529.62,683.54,768.75,794.00,527.93,1411,1339,5658,10165,15824,9023,6801,0,100,35004.5,18532104,24.2,40
n100k_d768_l2,100000,768,l2,multicluster,0.2500,0.1925,19251,C_acorn_g8,acorn,ACORN,16,8,16,250,100,0.7876,1905.8,530.04,657.38,666.46,691.46,524.71,1452,1371,5625,9497,15123,9016,6106,0,100,55273.2,20264200,24.3,40
n100k_d768_l2,100000,768,l2,multicluster,0.2500,0.1925,19251,C_acorn_g16,acorn,ACORN,16,16,16,250,100,0.8069,1797.8,541.46,707.54,1107.58,1177.88,556.23,1568,1487,5701,8968,14671,9257,5413,0,100,95724.5,23728392,24.3,40
n100k_d768_l2,100000,768,l2,multicluster,0.2500,0.1925,19251,C_acorn_g32,acorn,ACORN,16,32,16,250,100,0.7022,1788.8,570.42,722.67,857.46,1000.29,559.02,1633,1555,5610,6125,11736,9136,2599,0,100,242975.0,30656776,24.3,40
n100k_d768_l2,100000,768,l2,multicluster,0.2500,0.1925,19251,A_std_standard,std,STANDARD,16,1,32,500,100,0.2789,1446.1,693.67,745.29,754.42,769.79,691.53,2056,2056,2056,0,2056,0,0,509,28,41699.6,14033032,25.8,32
n100k_d768_l2,100000,768,l2,multicluster,0.2500,0.1925,19251,B_std_acorn1,std,ACORN,16,1,32,500,100,0.8907,824.3,1189.17,1805.71,2193.33,2614.83,1213.21,2156,2054,11088,60115,71204,39576,31627,0,100,41699.6,14033032,25.8,32
n100k_d768_l2,100000,768,l2,multicluster,0.2500,0.1925,19251,D_large24_standard,large,STANDARD,24,1,48,500,100,0.2887,1426.6,700.46,767.42,810.92,825.46,700.96,2097,2097,2097,0,2097,0,0,507,31,36202.3,20424136,32.9,48
n100k_d768_l2,100000,768,l2,multicluster,0.2500,0.1925,19251,E_large24_acorn1,large,ACORN,24,1,48,500,100,0.9174,684.2,1358.12,2592.62,2720.88,2923.50,1461.64,2115,1983,14734,110486,125221,63054,62167,0,100,36202.3,20424136,32.9,48
n100k_d768_l2,100000,768,l2,multicluster,0.2500,0.1925,19251,D_large48_standard,large,STANDARD,48,1,96,500,100,0.2878,1414.7,707.38,751.00,787.08,825.79,706.85,2175,2175,2175,0,2175,0,0,505,31,26936.8,39618184,41.1,96
n100k_d768_l2,100000,768,l2,multicluster,0.2500,0.1925,19251,E_large48_acorn1,large,ACORN,48,1,96,500,100,0.9676,491.2,2016.67,3794.46,4016.62,4242.33,2035.64,2670,2427,20091,198706,218799,105869,112929,0,100,26936.8,39618184,41.1,96
n100k_d768_l2,100000,768,l2,multicluster,0.2500,0.1925,19251,C_acorn_g4,acorn,ACORN,16,4,16,500,100,0.8265,1194.5,865.46,1025.50,1129.58,1289.62,837.15,1605,1533,11053,17838,28893,18142,10751,0,100,35004.5,18532104,24.2,40
n100k_d768_l2,100000,768,l2,multicluster,0.2500,0.1925,19251,C_acorn_g8,acorn,ACORN,16,8,16,500,100,0.8342,1195.1,849.75,1014.00,1101.67,1367.21,836.77,1632,1551,11126,17339,28467,18306,10160,0,100,55273.2,20264200,24.3,40
n100k_d768_l2,100000,768,l2,multicluster,0.2500,0.1925,19251,C_acorn_g16,acorn,ACORN,16,16,16,500,100,0.8510,1090.2,898.54,1323.75,1456.75,1679.79,917.25,1899,1818,11580,16982,28564,19101,9462,0,100,95724.5,23728392,24.3,40
n100k_d768_l2,100000,768,l2,multicluster,0.2500,0.1925,19251,C_acorn_g32,acorn,ACORN,16,32,16,500,100,0.7625,1108.2,892.17,1168.54,1556.29,1683.33,902.35,1873,1795,11622,13821,25445,19120,6325,0,100,242975.0,30656776,24.3,40
n100k_d768_l2,100000,768,l2,multicluster,0.1000,0.1000,10000,F_exact,exact,EXACT,16,0,0,0,10,1.0000,389.8,2574.17,2673.92,2724.42,2729.21,2565.10,10000,0,0,0,100000,0,0,0,10,0.0,0,0.0,0
n100k_d768_l2,100000,768,l2,multicluster,0.1000,0.1000,10000,A_std_standard,std,STANDARD,16,1,32,50,10,0.1510,5652.8,176.67,193.33,207.21,258.21,176.90,1084,1084,1084,0,1084,0,0,60,1,41699.6,14033032,25.8,32
n100k_d768_l2,100000,768,l2,multicluster,0.1000,0.1000,10000,B_std_acorn1,std,ACORN,16,1,32,50,10,0.4780,4516.4,209.58,330.33,364.79,384.96,221.41,1193,1106,365,2030,2397,1927,469,0,10,41699.6,14033032,25.8,32
n100k_d768_l2,100000,768,l2,multicluster,0.1000,0.1000,10000,D_large24_standard,large,STANDARD,24,1,48,50,10,0.1740,4734.9,209.21,233.96,303.67,323.25,211.20,1324,1324,1324,0,1324,0,0,58,2,36202.3,20424136,32.9,48
n100k_d768_l2,100000,768,l2,multicluster,0.1000,0.1000,10000,E_large24_acorn1,large,ACORN,24,1,48,50,10,0.6080,3640.1,260.67,410.83,466.96,490.75,274.72,1425,1297,502,4404,4907,2751,2155,0,10,36202.3,20424136,32.9,48
n100k_d768_l2,100000,768,l2,multicluster,0.1000,0.1000,10000,D_large48_standard,large,STANDARD,48,1,96,50,10,0.1680,4205.0,239.29,259.29,279.54,279.67,237.81,1587,1587,1587,0,1587,0,0,56,2,26936.8,39618184,41.1,96
n100k_d768_l2,100000,768,l2,multicluster,0.1000,0.1000,10000,E_large48_acorn1,large,ACORN,48,1,96,50,10,0.7610,2723.2,338.62,550.29,597.38,701.88,367.21,1871,1625,1144,13529,14675,5275,9399,0,10,26936.8,39618184,41.1,96
n100k_d768_l2,100000,768,l2,multicluster,0.1000,0.1000,10000,C_acorn_g4,acorn,ACORN,16,4,16,50,10,0.2400,9075.0,108.04,129.54,136.12,141.17,110.19,897,848,1236,895,2133,1843,289,0,10,35004.5,18532104,24.2,40
n100k_d768_l2,100000,768,l2,multicluster,0.1000,0.1000,10000,C_acorn_g8,acorn,ACORN,16,8,16,50,10,0.3610,6997.1,131.92,241.21,286.92,299.79,142.92,910,850,1434,889,2324,1833,491,0,10,55273.2,20264200,24.3,40
n100k_d768_l2,100000,768,l2,multicluster,0.1000,0.1000,10000,C_acorn_g16,acorn,ACORN,16,16,16,50,10,0.3790,6584.6,136.62,256.79,267.79,283.08,151.87,910,844,1551,821,2373,1849,524,0,10,95724.5,23728392,24.3,40
n100k_d768_l2,100000,768,l2,multicluster,0.1000,0.1000,10000,C_acorn_g32,acorn,ACORN,16,32,16,50,10,0.4720,5749.8,161.88,254.75,301.21,313.96,173.92,923,852,1405,945,2351,1875,475,0,10,242975.0,30656776,24.3,40
n100k_d768_l2,100000,768,l2,multicluster,0.1000,0.1000,10000,A_std_standard,std,STANDARD,16,1,32,100,10,0.1730,3751.2,266.54,288.46,298.33,325.29,266.58,1503,1503,1503,0,1503,0,0,109,1,41699.6,14033032,25.8,32
n100k_d768_l2,100000,768,l2,multicluster,0.1000,0.1000,10000,B_std_acorn1,std,ACORN,16,1,32,100,10,0.6450,3074.7,310.88,482.00,522.88,540.54,325.24,1633,1545,885,3301,4187,3660,527,0,10,41699.6,14033032,25.8,32
n100k_d768_l2,100000,768,l2,multicluster,0.1000,0.1000,10000,D_large24_standard,large,STANDARD,24,1,48,100,10,0.1880,3356.2,296.54,347.54,399.29,399.54,297.96,1730,1730,1730,0,1730,0,0,107,2,36202.3,20424136,32.9,48
n100k_d768_l2,100000,768,l2,multicluster,0.1000,0.1000,10000,E_large24_acorn1,large,ACORN,24,1,48,100,10,0.7600,2643.0,356.96,558.92,646.29,714.54,378.35,1842,1715,1432,6224,7658,5446,2211,0,10,36202.3,20424136,32.9,48
n100k_d768_l2,100000,768,l2,multicluster,0.1000,0.1000,10000,D_large48_standard,large,STANDARD,48,1,96,100,10,0.1800,3063.7,328.96,358.08,406.88,415.17,326.41,1932,1932,1932,0,1932,0,0,106,2,26936.8,39618184,41.1,96
n100k_d768_l2,100000,768,l2,multicluster,0.1000,0.1000,10000,E_large48_acorn1,large,ACORN,48,1,96,100,10,0.8600,2172.5,430.88,703.79,866.67,903.96,460.30,2158,1912,3000,16120,19122,9349,9773,0,10,26936.8,39618184,41.1,96
n100k_d768_l2,100000,768,l2,multicluster,0.1000,0.1000,10000,C_acorn_g4,acorn,ACORN,16,4,16,100,10,0.2970,5749.3,166.04,209.50,236.33,300.58,173.93,1226,1177,2254,1894,4150,3623,527,0,10,35004.5,18532104,24.2,40
n100k_d768_l2,100000,768,l2,multicluster,0.1000,0.1000,10000,C_acorn_g8,acorn,ACORN,16,8,16,100,10,0.4660,4396.9,208.04,375.00,406.58,421.25,227.44,1267,1208,2470,1846,4317,3630,687,0,10,55273.2,20264200,24.3,40
n100k_d768_l2,100000,768,l2,multicluster,0.1000,0.1000,10000,C_acorn_g16,acorn,ACORN,16,16,16,100,10,0.4870,4325.8,209.46,387.04,405.71,470.29,231.17,1248,1182,2556,1671,4229,3599,630,0,10,95724.5,23728392,24.3,40
n100k_d768_l2,100000,768,l2,multicluster,0.1000,0.1000,10000,C_acorn_g32,acorn,ACORN,16,32,16,100,10,0.6220,3843.8,243.29,382.46,421.00,433.00,260.16,1260,1189,2385,1751,4138,3587,550,0,10,242975.0,30656776,24.3,40
n100k_d768_l2,100000,768,l2,multicluster,0.1000,0.1000,10000,A_std_standard,std,STANDARD,16,1,32,250,10,0.1800,2267.9,440.96,475.50,521.96,541.96,440.94,1924,1924,1924,0,1924,0,0,259,1,41699.6,14033032,25.8,32
n100k_d768_l2,100000,768,l2,multicluster,0.1000,0.1000,10000,B_std_acorn1,std,ACORN,16,1,32,250,10,0.8020,1950.8,488.00,702.88,754.71,962.88,512.61,2031,1944,4159,5922,10082,9435,647,0,10,41699.6,14033032,25.8,32
n100k_d768_l2,100000,768,l2,multicluster,0.1000,0.1000,10000,D_large24_standard,large,STANDARD,24,1,48,250,10,0.1920,2156.1,463.88,513.58,550.88,561.46,463.80,2038,2038,2038,0,2038,0,0,257,2,36202.3,20424136,32.9,48
n100k_d768_l2,100000,768,l2,multicluster,0.1000,0.1000,10000,E_large24_acorn1,large,ACORN,24,1,48,250,10,0.8440,1805.8,525.42,782.00,1082.58,1167.17,553.77,2135,2007,6154,9039,15195,12816,2378,0,10,36202.3,20424136,32.9,48
n100k_d768_l2,100000,768,l2,multicluster,0.1000,0.1000,10000,D_large48_standard,large,STANDARD,48,1,96,250,10,0.1860,2122.7,472.71,515.88,538.96,543.54,471.09,2136,2136,2136,0,2136,0,0,255,3,26936.8,39618184,41.1,96
n100k_d768_l2,100000,768,l2,multicluster,0.1000,0.1000,10000,E_large48_acorn1,large,ACORN,48,1,96,250,10,0.9300,1504.7,614.92,1052.33,1434.04,1492.46,664.60,2462,2215,9426,20821,30248,18252,11996,0,10,26936.8,39618184,41.1,96
n100k_d768_l2,100000,768,l2,multicluster,0.1000,0.1000,10000,C_acorn_g4,acorn,ACORN,16,4,16,250,10,0.3560,3087.6,309.67,420.71,484.75,498.33,323.88,1689,1640,5469,5166,10636,9175,1460,0,10,35004.5,18532104,24.2,40
n100k_d768_l2,100000,768,l2,multicluster,0.1000,0.1000,10000,C_acorn_g8,acorn,ACORN,16,8,16,250,10,0.5910,2421.9,372.21,665.83,731.75,864.08,412.91,1807,1747,5805,4623,10429,9147,1282,0,10,55273.2,20264200,24.3,40
n100k_d768_l2,100000,768,l2,multicluster,0.1000,0.1000,10000,C_acorn_g16,acorn,ACORN,16,16,16,250,10,0.6030,2441.0,383.96,642.62,675.00,683.42,409.67,1734,1669,5783,4047,9832,8885,947,0,10,95724.5,23728392,24.3,40
n100k_d768_l2,100000,768,l2,multicluster,0.1000,0.1000,10000,C_acorn_g32,acorn,ACORN,16,32,16,250,10,0.7620,2170.1,444.33,636.42,696.58,735.50,460.80,1751,1680,5616,4016,9633,8845,788,0,10,242975.0,30656776,24.3,40
n100k_d768_l2,100000,768,l2,multicluster,0.1000,0.1000,10000,A_std_standard,std,STANDARD,16,1,32,500,10,0.1820,1466.6,685.50,735.12,757.71,758.83,681.83,2056,2056,2056,0,2056,0,0,509,2,41699.6,14033032,25.8,32
n100k_d768_l2,100000,768,l2,multicluster,0.1000,0.1000,10000,B_std_acorn1,std,ACORN,16,1,32,500,10,0.8240,1312.1,750.58,988.50,1029.88,1296.21,762.15,2120,2032,10673,7281,17955,17119,836,0,10,41699.6,14033032,25.8,32
n100k_d768_l2,100000,768,l2,multicluster,0.1000,0.1000,10000,D_large24_standard,large,STANDARD,24,1,48,500,10,0.1950,1449.7,692.08,750.88,797.08,830.96,689.81,2097,2097,2097,0,2097,0,0,507,2,36202.3,20424136,32.9,48
n100k_d768_l2,100000,768,l2,multicluster,0.1000,0.1000,10000,E_large24_acorn1,large,ACORN,24,1,48,500,10,0.8700,1227.6,813.88,1090.00,1399.71,1562.12,814.57,2223,2095,14608,10481,25091,22450,2640,0,10,36202.3,20424136,32.9,48
n100k_d768_l2,100000,768,l2,multicluster,0.1000,0.1000,10000,D_large48_standard,large,STANDARD,48,1,96,500,10,0.1890,1424.9,700.62,765.92,779.75,814.21,701.82,2175,2175,2175,0,2175,0,0,505,4,26936.8,39618184,41.1,96
n100k_d768_l2,100000,768,l2,multicluster,0.1000,0.1000,10000,E_large48_acorn1,large,ACORN,48,1,96,500,10,0.9780,1016.1,956.92,1465.92,1852.08,1867.08,984.19,2753,2506,19941,27111,47054,30665,16388,0,10,26936.8,39618184,41.1,96
n100k_d768_l2,100000,768,l2,multicluster,0.1000,0.1000,10000,C_acorn_g4,acorn,ACORN,16,4,16,500,10,0.3720,1748.9,550.33,702.46,778.71,804.96,571.79,1952,1903,11194,9388,20584,17755,2829,0,10,35004.5,18532104,24.2,40
n100k_d768_l2,100000,768,l2,multicluster,0.1000,0.1000,10000,C_acorn_g8,acorn,ACORN,16,8,16,500,10,0.6460,1433.8,659.83,974.67,1032.54,1099.67,697.43,2071,2012,11518,7757,19277,17214,2063,0,10,55273.2,20264200,24.3,40
n100k_d768_l2,100000,768,l2,multicluster,0.1000,0.1000,10000,C_acorn_g16,acorn,ACORN,16,16,16,500,10,0.6670,1460.4,622.83,1005.29,1087.54,1350.58,684.75,2034,1968,11649,6806,18457,17082,1374,0,10,95724.5,23728392,24.3,40
n100k_d768_l2,100000,768,l2,multicluster,0.1000,0.1000,10000,C_acorn_g32,acorn,ACORN,16,32,16,500,10,0.8110,1336.5,745.75,967.58,995.08,1040.71,748.24,2014,1943,11431,6589,18021,16848,1172,0,10,242975.0,30656776,24.3,40
n100k_d768_l2,100000,768,l2,multicluster,0.1000,0.1000,10000,F_exact,exact,EXACT,16,0,0,0,100,1.0000,390.2,2570.46,2669.17,2739.25,2759.54,2562.58,10000,0,0,0,100000,0,0,0,100,0.0,0,0.0,0
n100k_d768_l2,100000,768,l2,multicluster,0.1000,0.1000,10000,A_std_standard,std,STANDARD,16,1,32,50,100,0.1267,5283.3,189.42,209.08,215.38,215.83,189.28,1084,1084,1084,0,1084,0,0,60,16,41699.6,14033032,25.8,32
n100k_d768_l2,100000,768,l2,multicluster,0.1000,0.1000,10000,B_std_acorn1,std,ACORN,16,1,32,50,100,0.5022,4079.3,233.12,353.58,363.17,363.62,245.14,1193,1106,365,2030,2397,1927,469,0,100,41699.6,14033032,25.8,32
n100k_d768_l2,100000,768,l2,multicluster,0.1000,0.1000,10000,D_large24_standard,large,STANDARD,24,1,48,50,100,0.1457,4538.1,219.04,243.88,313.21,322.42,220.35,1324,1324,1324,0,1324,0,0,58,19,36202.3,20424136,32.9,48
n100k_d768_l2,100000,768,l2,multicluster,0.1000,0.1000,10000,E_large24_acorn1,large,ACORN,24,1,48,50,100,0.6090,3429.5,269.88,406.92,438.04,518.08,291.59,1425,1297,502,4404,4907,2751,2155,0,100,36202.3,20424136,32.9,48
n100k_d768_l2,100000,768,l2,multicluster,0.1000,0.1000,10000,D_large48_standard,large,STANDARD,48,1,96,50,100,0.1495,3994.4,252.33,278.25,287.17,288.88,250.35,1587,1587,1587,0,1587,0,0,56,16,26936.8,39618184,41.1,96
n100k_d768_l2,100000,768,l2,multicluster,0.1000,0.1000,10000,E_large48_acorn1,large,ACORN,48,1,96,50,100,0.7581,2600.3,356.17,568.79,631.17,702.58,384.58,1871,1625,1144,13529,14675,5275,9399,0,100,26936.8,39618184,41.1,96
n100k_d768_l2,100000,768,l2,multicluster,0.1000,0.1000,10000,C_acorn_g4,acorn,ACORN,16,4,16,50,100,0.2344,7577.8,130.71,148.58,155.50,162.75,131.96,897,848,1236,895,2133,1843,289,0,100,35004.5,18532104,24.2,40
n100k_d768_l2,100000,768,l2,multicluster,0.1000,0.1000,10000,C_acorn_g8,acorn,ACORN,16,8,16,50,100,0.3575,6112.2,155.71,254.88,296.46,304.83,163.61,910,850,1434,889,2324,1833,491,0,100,55273.2,20264200,24.3,40
n100k_d768_l2,100000,768,l2,multicluster,0.1000,0.1000,10000,C_acorn_g16,acorn,ACORN,16,16,16,50,100,0.3784,5893.5,159.29,274.08,284.08,298.92,169.68,910,844,1551,821,2373,1849,524,0,100,95724.5,23728392,24.3,40
n100k_d768_l2,100000,768,l2,multicluster,0.1000,0.1000,10000,C_acorn_g32,acorn,ACORN,16,32,16,50,100,0.4661,5215.0,179.38,276.42,323.96,324.29,191.75,923,852,1405,945,2351,1875,475,0,100,242975.0,30656776,24.3,40
n100k_d768_l2,100000,768,l2,multicluster,0.1000,0.1000,10000,A_std_standard,std,STANDARD,16,1,32,100,100,0.1517,3723.7,268.79,292.67,299.17,303.42,268.55,1503,1503,1503,0,1503,0,0,109,16,41699.6,14033032,25.8,32
n100k_d768_l2,100000,768,l2,multicluster,0.1000,0.1000,10000,B_std_acorn1,std,ACORN,16,1,32,100,100,0.6948,2521.8,354.88,602.79,649.12,1526.75,396.54,1633,1545,885,3301,4187,3660,527,0,100,41699.6,14033032,25.8,32
n100k_d768_l2,100000,768,l2,multicluster,0.1000,0.1000,10000,D_large24_standard,large,STANDARD,24,1,48,100,100,0.1668,2883.1,329.79,433.12,642.33,1252.79,346.85,1730,1730,1730,0,1730,0,0,107,19,36202.3,20424136,32.9,48
n100k_d768_l2,100000,768,l2,multicluster,0.1000,0.1000,10000,E_large24_acorn1,large,ACORN,24,1,48,100,100,0.7784,2554.6,365.79,579.33,669.00,735.62,391.45,1842,1715,1432,6224,7658,5446,2211,0,100,36202.3,20424136,32.9,48
n100k_d768_l2,100000,768,l2,multicluster,0.1000,0.1000,10000,D_large48_standard,large,STANDARD,48,1,96,100,100,0.1644,3083.4,325.75,350.17,366.42,384.75,324.31,1932,1932,1932,0,1932,0,0,106,17,26936.8,39618184,41.1,96
n100k_d768_l2,100000,768,l2,multicluster,0.1000,0.1000,10000,E_large48_acorn1,large,ACORN,48,1,96,100,100,0.8673,2126.2,436.08,692.79,854.79,904.33,470.31,2158,1912,3000,16120,19122,9349,9773,0,100,26936.8,39618184,41.1,96
n100k_d768_l2,100000,768,l2,multicluster,0.1000,0.1000,10000,C_acorn_g4,acorn,ACORN,16,4,16,100,100,0.2991,5448.8,178.29,209.88,229.88,232.58,183.53,1226,1177,2254,1894,4150,3623,527,0,100,35004.5,18532104,24.2,40
n100k_d768_l2,100000,768,l2,multicluster,0.1000,0.1000,10000,C_acorn_g8,acorn,ACORN,16,8,16,100,100,0.4802,4224.0,222.21,381.25,414.25,449.12,236.75,1267,1208,2470,1846,4317,3630,687,0,100,55273.2,20264200,24.3,40
n100k_d768_l2,100000,768,l2,multicluster,0.1000,0.1000,10000,C_acorn_g16,acorn,ACORN,16,16,16,100,100,0.4969,4170.5,220.54,395.58,414.25,436.04,239.78,1248,1182,2556,1671,4229,3599,630,0,100,95724.5,23728392,24.3,40
n100k_d768_l2,100000,768,l2,multicluster,0.1000,0.1000,10000,C_acorn_g32,acorn,ACORN,16,32,16,100,100,0.6144,3706.6,257.04,386.50,421.38,422.29,269.79,1260,1189,2385,1751,4138,3587,550,0,100,242975.0,30656776,24.3,40
n100k_d768_l2,100000,768,l2,multicluster,0.1000,0.1000,10000,A_std_standard,std,STANDARD,16,1,32,250,100,0.1649,2271.3,443.75,472.62,480.67,496.08,440.28,1924,1924,1924,0,1924,0,0,259,16,41699.6,14033032,25.8,32
n100k_d768_l2,100000,768,l2,multicluster,0.1000,0.1000,10000,B_std_acorn1,std,ACORN,16,1,32,250,100,0.8600,1952.6,482.88,740.83,813.12,1036.67,512.14,2031,1944,4159,5922,10082,9435,647,0,100,41699.6,14033032,25.8,32
n100k_d768_l2,100000,768,l2,multicluster,0.1000,0.1000,10000,D_large24_standard,large,STANDARD,24,1,48,250,100,0.1750,2158.6,463.92,504.88,564.54,577.50,463.26,2038,2038,2038,0,2038,0,0,257,19,36202.3,20424136,32.9,48
n100k_d768_l2,100000,768,l2,multicluster,0.1000,0.1000,10000,E_large24_acorn1,large,ACORN,24,1,48,250,100,0.8800,1789.2,539.42,792.71,921.83,1273.96,558.90,2135,2007,6154,9039,15195,12816,2378,0,100,36202.3,20424136,32.9,48
n100k_d768_l2,100000,768,l2,multicluster,0.1000,0.1000,10000,D_large48_standard,large,STANDARD,48,1,96,250,100,0.1701,2112.7,475.08,505.83,516.92,533.88,473.33,2136,2136,2136,0,2136,0,0,255,17,26936.8,39618184,41.1,96
n100k_d768_l2,100000,768,l2,multicluster,0.1000,0.1000,10000,E_large48_acorn1,large,ACORN,48,1,96,250,100,0.9406,1525.1,598.29,1104.21,1298.29,1352.12,655.70,2462,2215,9426,20821,30248,18252,11996,0,100,26936.8,39618184,41.1,96
n100k_d768_l2,100000,768,l2,multicluster,0.1000,0.1000,10000,C_acorn_g4,acorn,ACORN,16,4,16,250,100,0.3693,2990.6,324.42,392.75,427.42,430.25,334.38,1689,1640,5469,5166,10636,9175,1460,0,100,35004.5,18532104,24.2,40
n100k_d768_l2,100000,768,l2,multicluster,0.1000,0.1000,10000,C_acorn_g8,acorn,ACORN,16,8,16,250,100,0.6236,2367.6,382.96,668.08,744.62,831.17,422.37,1807,1747,5805,4623,10429,9147,1282,0,100,55273.2,20264200,24.3,40
n100k_d768_l2,100000,768,l2,multicluster,0.1000,0.1000,10000,C_acorn_g16,acorn,ACORN,16,16,16,250,100,0.6414,2389.8,385.42,648.96,697.83,709.83,418.45,1734,1669,5783,4047,9832,8885,947,0,100,95724.5,23728392,24.3,40
n100k_d768_l2,100000,768,l2,multicluster,0.1000,0.1000,10000,C_acorn_g32,acorn,ACORN,16,32,16,250,100,0.7927,2142.7,461.25,650.79,681.08,719.58,466.70,1751,1680,5616,4016,9633,8845,788,0,100,242975.0,30656776,24.3,40
n100k_d768_l2,100000,768,l2,multicluster,0.1000,0.1000,10000,A_std_standard,std,STANDARD,16,1,32,500,100,0.1680,1462.7,689.29,720.29,750.25,767.75,683.67,2056,2056,2056,0,2056,0,0,509,16,41699.6,14033032,25.8,32
n100k_d768_l2,100000,768,l2,multicluster,0.1000,0.1000,10000,B_std_acorn1,std,ACORN,16,1,32,500,100,0.8851,1336.3,723.58,986.58,1049.38,1258.67,748.34,2120,2032,10673,7281,17955,17119,836,0,100,41699.6,14033032,25.8,32
n100k_d768_l2,100000,768,l2,multicluster,0.1000,0.1000,10000,D_large24_standard,large,STANDARD,24,1,48,500,100,0.1767,1446.9,692.92,736.46,782.58,803.67,691.15,2097,2097,2097,0,2097,0,0,507,20,36202.3,20424136,32.9,48
n100k_d768_l2,100000,768,l2,multicluster,0.1000,0.1000,10000,E_large24_acorn1,large,ACORN,24,1,48,500,100,0.9028,1243.0,764.71,1111.38,1436.12,1562.54,804.51,2223,2095,14608,10481,25091,22450,2640,0,100,36202.3,20424136,32.9,48
n100k_d768_l2,100000,768,l2,multicluster,0.1000,0.1000,10000,D_large48_standard,large,STANDARD,48,1,96,500,100,0.1738,1427.0,704.67,745.71,759.58,760.75,700.79,2175,2175,2175,0,2175,0,0,505,19,26936.8,39618184,41.1,96
n100k_d768_l2,100000,768,l2,multicluster,0.1000,0.1000,10000,E_large48_acorn1,large,ACORN,48,1,96,500,100,0.9765,1033.2,952.54,1415.62,1675.17,1853.96,967.90,2753,2506,19941,27111,47054,30665,16388,0,100,26936.8,39618184,41.1,96
n100k_d768_l2,100000,768,l2,multicluster,0.1000,0.1000,10000,C_acorn_g4,acorn,ACORN,16,4,16,500,100,0.3994,1710.6,567.46,693.62,718.79,730.67,584.58,1952,1903,11194,9388,20584,17755,2829,0,100,35004.5,18532104,24.2,40
n100k_d768_l2,100000,768,l2,multicluster,0.1000,0.1000,10000,C_acorn_g8,acorn,ACORN,16,8,16,500,100,0.6870,1458.0,642.71,975.12,1228.54,1232.04,685.85,2071,2012,11518,7757,19277,17214,2063,0,100,55273.2,20264200,24.3,40
n100k_d768_l2,100000,768,l2,multicluster,0.1000,0.1000,10000,C_acorn_g16,acorn,ACORN,16,16,16,500,100,0.7175,1433.4,666.29,989.96,1080.08,1151.71,697.63,2034,1968,11649,6806,18457,17082,1374,0,100,95724.5,23728392,24.3,40
n100k_d768_l2,100000,768,l2,multicluster,0.1000,0.1000,10000,C_acorn_g32,acorn,ACORN,16,32,16,500,100,0.8678,1309.6,767.75,971.29,1030.83,1065.62,763.58,2014,1943,11431,6589,18021,16848,1172,0,100,242975.0,30656776,24.3,40
n100k_d768_l2,100000,768,l2,multicluster,0.0500,0.0500,5000,F_exact,exact,EXACT,16,0,0,0,10,1.0000,1072.1,918.83,1005.54,1019.79,1020.88,932.72,5000,0,0,0,100000,0,0,0,10,0.0,0,0.0,0
n100k_d768_l2,100000,768,l2,multicluster,0.0500,0.0500,5000,A_std_standard,std,STANDARD,16,1,32,50,10,0.0780,5617.1,178.00,194.79,207.46,209.50,178.03,1084,1084,1084,0,1084,0,0,60,0,41699.6,14033032,25.8,32
n100k_d768_l2,100000,768,l2,multicluster,0.0500,0.0500,5000,B_std_acorn1,std,ACORN,16,1,32,50,10,0.6320,5449.0,176.54,232.50,304.58,312.67,183.52,959,855,512,4128,4641,2645,1995,0,10,41699.6,14033032,25.8,32
n100k_d768_l2,100000,768,l2,multicluster,0.0500,0.0500,5000,D_large24_standard,large,STANDARD,24,1,48,50,10,0.0790,4806.0,207.33,229.50,275.79,278.96,208.07,1324,1324,1324,0,1324,0,0,58,0,36202.3,20424136,32.9,48
n100k_d768_l2,100000,768,l2,multicluster,0.0500,0.0500,5000,E_large24_acorn1,large,ACORN,24,1,48,50,10,0.8850,4255.6,221.79,322.42,374.83,377.17,234.98,1063,950,774,8006,8782,5148,3633,0,10,36202.3,20424136,32.9,48
n100k_d768_l2,100000,768,l2,multicluster,0.0500,0.0500,5000,D_large48_standard,large,STANDARD,48,1,96,50,10,0.0870,4221.0,238.33,258.08,268.04,268.58,236.91,1587,1587,1587,0,1587,0,0,56,1,26936.8,39618184,41.1,96
n100k_d768_l2,100000,768,l2,multicluster,0.0500,0.0500,5000,E_large48_acorn1,large,ACORN,48,1,96,50,10,0.7370,2809.6,343.46,458.17,585.21,600.67,355.92,1296,1073,1724,23192,24917,14732,10185,0,10,26936.8,39618184,41.1,96
n100k_d768_l2,100000,768,l2,multicluster,0.0500,0.0500,5000,C_acorn_g4,acorn,ACORN,16,4,16,50,10,0.5660,7031.5,132.46,216.33,246.25,259.17,142.22,747,691,1290,1219,2511,1833,678,0,10,35004.5,18532104,24.2,40
n100k_d768_l2,100000,768,l2,multicluster,0.0500,0.0500,5000,C_acorn_g8,acorn,ACORN,16,8,16,50,10,0.5820,6650.0,137.42,229.58,252.75,265.33,150.38,755,696,1408,1203,2613,1816,796,0,10,55273.2,20264200,24.3,40
n100k_d768_l2,100000,768,l2,multicluster,0.0500,0.0500,5000,C_acorn_g16,acorn,ACORN,16,16,16,50,10,0.7230,6331.3,142.33,244.29,255.88,324.00,157.95,761,692,1642,1210,2853,1837,1016,0,10,95724.5,23728392,24.3,40
n100k_d768_l2,100000,768,l2,multicluster,0.0500,0.0500,5000,C_acorn_g32,acorn,ACORN,16,32,16,50,10,0.7360,6874.8,135.29,226.58,234.75,245.54,145.46,761,691,1769,1210,2980,1842,1138,0,10,242975.0,30656776,24.3,40
n100k_d768_l2,100000,768,l2,multicluster,0.0500,0.0500,5000,A_std_standard,std,STANDARD,16,1,32,100,10,0.0820,3675.0,267.54,296.17,362.12,610.79,272.11,1503,1503,1503,0,1503,0,0,109,0,41699.6,14033032,25.8,32
n100k_d768_l2,100000,768,l2,multicluster,0.0500,0.0500,5000,B_std_acorn1,std,ACORN,16,1,32,100,10,0.7100,2649.2,361.21,634.79,757.12,786.67,377.48,1101,996,1686,12467,14155,8749,5405,0,10,41699.6,14033032,25.8,32
n100k_d768_l2,100000,768,l2,multicluster,0.0500,0.0500,5000,D_large24_standard,large,STANDARD,24,1,48,100,10,0.0880,3297.9,304.25,336.21,384.54,389.29,303.22,1730,1730,1730,0,1730,0,0,107,0,36202.3,20424136,32.9,48
n100k_d768_l2,100000,768,l2,multicluster,0.0500,0.0500,5000,E_large24_acorn1,large,ACORN,24,1,48,100,10,0.9280,2557.8,374.29,529.54,576.12,592.29,390.96,1135,1022,2616,25529,28146,17677,10469,0,10,36202.3,20424136,32.9,48
n100k_d768_l2,100000,768,l2,multicluster,0.0500,0.0500,5000,D_large48_standard,large,STANDARD,48,1,96,100,10,0.0920,3059.7,328.67,352.12,362.42,398.58,326.83,1932,1932,1932,0,1932,0,0,106,1,26936.8,39618184,41.1,96
n100k_d768_l2,100000,768,l2,multicluster,0.0500,0.0500,5000,E_large48_acorn1,large,ACORN,48,1,96,100,10,0.8010,1595.9,590.54,852.00,1158.54,1163.92,626.61,1391,1168,4541,58235,62778,38619,24158,0,10,26936.8,39618184,41.1,96
n100k_d768_l2,100000,768,l2,multicluster,0.0500,0.0500,5000,C_acorn_g4,acorn,ACORN,16,4,16,100,10,0.6550,4856.0,194.75,307.42,334.62,348.96,205.93,932,876,2419,2655,5075,3818,1256,0,10,35004.5,18532104,24.2,40
n100k_d768_l2,100000,768,l2,multicluster,0.0500,0.0500,5000,C_acorn_g8,acorn,ACORN,16,8,16,100,10,0.6560,4813.1,198.08,296.12,348.08,368.96,207.77,942,882,2550,2650,5202,3818,1384,0,10,55273.2,20264200,24.3,40
n100k_d768_l2,100000,768,l2,multicluster,0.0500,0.0500,5000,C_acorn_g16,acorn,ACORN,16,16,16,100,10,0.8560,4737.0,200.96,306.88,333.42,359.54,211.10,949,880,2790,2691,5483,3850,1632,0,10,95724.5,23728392,24.3,40
n100k_d768_l2,100000,768,l2,multicluster,0.0500,0.0500,5000,C_acorn_g32,acorn,ACORN,16,32,16,100,10,0.8510,4552.9,199.17,325.67,353.29,380.42,219.64,949,879,2913,2659,5574,3842,1731,0,10,242975.0,30656776,24.3,40
n100k_d768_l2,100000,768,l2,multicluster,0.0500,0.0500,5000,A_std_standard,std,STANDARD,16,1,32,250,10,0.0900,2184.6,449.42,500.50,788.08,909.08,457.75,1924,1924,1924,0,1924,0,0,259,0,41699.6,14033032,25.8,32
n100k_d768_l2,100000,768,l2,multicluster,0.0500,0.0500,5000,B_std_acorn1,std,ACORN,16,1,32,250,10,0.7170,1641.7,601.79,731.29,842.54,882.08,609.11,1125,1021,6216,44207,50424,32279,18145,0,10,41699.6,14033032,25.8,32
n100k_d768_l2,100000,768,l2,multicluster,0.0500,0.0500,5000,D_large24_standard,large,STANDARD,24,1,48,250,10,0.0940,2167.5,464.46,503.46,547.42,563.29,461.37,2038,2038,2038,0,2038,0,0,257,0,36202.3,20424136,32.9,48
n100k_d768_l2,100000,768,l2,multicluster,0.0500,0.0500,5000,E_large24_acorn1,large,ACORN,24,1,48,250,10,0.9330,1195.5,824.42,1036.92,1076.79,1265.79,836.45,1158,1046,8535,82194,90730,58248,32482,0,10,36202.3,20424136,32.9,48
n100k_d768_l2,100000,768,l2,multicluster,0.0500,0.0500,5000,D_large48_standard,large,STANDARD,48,1,96,250,10,0.0930,2129.5,472.79,500.58,503.38,503.83,469.59,2136,2136,2136,0,2136,0,0,255,1,26936.8,39618184,41.1,96
n100k_d768_l2,100000,768,l2,multicluster,0.0500,0.0500,5000,E_large48_acorn1,large,ACORN,48,1,96,250,10,0.8650,719.6,1345.88,1812.17,2197.71,2451.58,1389.59,1543,1321,12772,160425,173199,108473,64726,0,10,26936.8,39618184,41.1,96
n100k_d768_l2,100000,768,l2,multicluster,0.0500,0.0500,5000,C_acorn_g4,acorn,ACORN,16,4,16,250,10,0.7010,2605.0,371.21,502.75,596.67,627.96,383.87,1051,995,6228,12842,19072,14979,4092,0,10,35004.5,18532104,24.2,40
n100k_d768_l2,100000,768,l2,multicluster,0.0500,0.0500,5000,C_acorn_g8,acorn,ACORN,16,8,16,250,10,0.6980,2580.9,358.79,511.83,605.12,653.08,387.46,1055,996,6364,12894,19260,14927,4332,0,10,55273.2,20264200,24.3,40
n100k_d768_l2,100000,768,l2,multicluster,0.0500,0.0500,5000,C_acorn_g16,acorn,ACORN,16,16,16,250,10,0.9380,2556.6,369.71,527.62,606.25,619.75,391.15,1064,995,6635,13108,19745,15115,4630,0,10,95724.5,23728392,24.3,40
n100k_d768_l2,100000,768,l2,multicluster,0.0500,0.0500,5000,C_acorn_g32,acorn,ACORN,16,32,16,250,10,0.9370,2537.3,374.79,528.96,599.54,605.29,394.13,1065,995,6770,13209,19981,15206,4774,0,10,242975.0,30656776,24.3,40
n100k_d768_l2,100000,768,l2,multicluster,0.0500,0.0500,5000,A_std_standard,std,STANDARD,16,1,32,500,10,0.0910,1469.8,686.08,726.54,737.33,744.54,680.37,2056,2056,2056,0,2056,0,0,509,0,41699.6,14033032,25.8,32
n100k_d768_l2,100000,768,l2,multicluster,0.0500,0.0500,5000,B_std_acorn1,std,ACORN,16,1,32,500,10,0.7260,878.1,1157.25,1306.96,1397.88,1690.83,1138.81,1153,1049,13753,97166,110921,71590,39330,0,10,41699.6,14033032,25.8,32
n100k_d768_l2,100000,768,l2,multicluster,0.0500,0.0500,5000,D_large24_standard,large,STANDARD,24,1,48,500,10,0.0970,1448.9,694.29,733.21,776.17,785.96,690.16,2097,2097,2097,0,2097,0,0,507,1,36202.3,20424136,32.9,48
n100k_d768_l2,100000,768,l2,multicluster,0.0500,0.0500,5000,E_large24_acorn1,large,ACORN,24,1,48,500,10,0.9340,613.4,1627.58,1884.83,1970.00,2035.46,1630.19,1220,1108,18334,176657,194992,125746,69246,0,10,36202.3,20424136,32.9,48
n100k_d768_l2,100000,768,l2,multicluster,0.0500,0.0500,5000,D_large48_standard,large,STANDARD,48,1,96,500,10,0.0950,1435.1,701.08,736.42,746.42,786.62,696.81,2175,2175,2175,0,2175,0,0,505,2,26936.8,39618184,41.1,96
n100k_d768_l2,100000,768,l2,multicluster,0.0500,0.0500,5000,E_large48_acorn1,large,ACORN,48,1,96,500,10,0.9270,373.3,2564.75,3699.00,4872.92,5097.21,2678.56,1691,1469,26824,334464,361290,227647,133642,0,10,26936.8,39618184,41.1,96
n100k_d768_l2,100000,768,l2,multicluster,0.0500,0.0500,5000,C_acorn_g4,acorn,ACORN,16,4,16,500,10,0.7020,1373.5,722.54,904.17,954.92,977.79,728.07,1080,1024,12901,35828,48730,38880,9850,0,10,35004.5,18532104,24.2,40
n100k_d768_l2,100000,768,l2,multicluster,0.0500,0.0500,5000,C_acorn_g8,acorn,ACORN,16,8,16,500,10,0.7010,1387.5,712.12,884.17,975.21,1021.92,720.73,1058,999,13018,36200,49220,38805,10414,0,10,55273.2,20264200,24.3,40
n100k_d768_l2,100000,768,l2,multicluster,0.0500,0.0500,5000,C_acorn_g16,acorn,ACORN,16,16,16,500,10,0.9380,1368.6,713.83,873.38,964.83,1016.67,730.66,1067,998,13339,36589,49929,39167,10761,0,10,95724.5,23728392,24.3,40
n100k_d768_l2,100000,768,l2,multicluster,0.0500,0.0500,5000,C_acorn_g32,acorn,ACORN,16,32,16,500,10,0.9380,1365.8,717.04,899.88,970.96,1024.46,732.16,1068,998,13458,36746,50206,39259,10946,0,10,242975.0,30656776,24.3,40
n100k_d768_l2,100000,768,l2,multicluster,0.0500,0.0500,5000,F_exact,exact,EXACT,16,0,0,0,100,1.0000,1070.8,920.33,1014.38,1025.88,1034.50,933.86,5000,0,0,0,100000,0,0,0,100,0.0,0,0.0,0
n100k_d768_l2,100000,768,l2,multicluster,0.0500,0.0500,5000,A_std_standard,std,STANDARD,16,1,32,50,100,0.0722,5313.9,187.33,205.17,208.08,209.75,188.19,1084,1084,1084,0,1084,0,0,60,9,41699.6,14033032,25.8,32
n100k_d768_l2,100000,768,l2,multicluster,0.0500,0.0500,5000,B_std_acorn1,std,ACORN,16,1,32,50,100,0.6092,4925.0,198.58,255.92,315.38,316.79,203.05,959,855,512,4128,4641,2645,1995,0,100,41699.6,14033032,25.8,32
n100k_d768_l2,100000,768,l2,multicluster,0.0500,0.0500,5000,D_large24_standard,large,STANDARD,24,1,48,50,100,0.0773,4496.9,220.71,252.67,292.62,307.88,222.38,1324,1324,1324,0,1324,0,0,58,9,36202.3,20424136,32.9,48
n100k_d768_l2,100000,768,l2,multicluster,0.0500,0.0500,5000,E_large24_acorn1,large,ACORN,24,1,48,50,100,0.8784,3893.7,247.12,369.42,399.12,417.04,256.83,1063,950,774,8006,8782,5148,3633,0,100,36202.3,20424136,32.9,48
n100k_d768_l2,100000,768,l2,multicluster,0.0500,0.0500,5000,D_large48_standard,large,STANDARD,48,1,96,50,100,0.0833,4041.1,249.04,265.21,269.96,272.33,247.46,1587,1587,1587,0,1587,0,0,56,9,26936.8,39618184,41.1,96
n100k_d768_l2,100000,768,l2,multicluster,0.0500,0.0500,5000,E_large48_acorn1,large,ACORN,48,1,96,50,100,0.7315,2634.4,362.04,491.62,593.75,599.29,379.59,1296,1073,1724,23192,24917,14732,10185,0,100,26936.8,39618184,41.1,96
n100k_d768_l2,100000,768,l2,multicluster,0.0500,0.0500,5000,C_acorn_g4,acorn,ACORN,16,4,16,50,100,0.5282,6366.8,145.46,228.29,248.42,248.50,157.06,747,691,1290,1219,2511,1833,678,0,100,35004.5,18532104,24.2,40
n100k_d768_l2,100000,768,l2,multicluster,0.0500,0.0500,5000,C_acorn_g8,acorn,ACORN,16,8,16,50,100,0.5339,6270.4,150.46,233.62,259.92,263.75,159.48,755,696,1408,1203,2612,1816,796,0,100,55273.2,20264200,24.3,40
n100k_d768_l2,100000,768,l2,multicluster,0.0500,0.0500,5000,C_acorn_g16,acorn,ACORN,16,16,16,50,100,0.6935,6136.1,151.25,235.88,250.79,266.25,162.97,761,692,1642,1210,2853,1837,1016,0,100,95724.5,23728392,24.3,40
n100k_d768_l2,100000,768,l2,multicluster,0.0500,0.0500,5000,C_acorn_g32,acorn,ACORN,16,32,16,50,100,0.6989,6108.7,151.21,234.21,255.46,263.83,163.70,761,691,1769,1210,2980,1842,1138,0,100,242975.0,30656776,24.3,40
n100k_d768_l2,100000,768,l2,multicluster,0.0500,0.0500,5000,A_std_standard,std,STANDARD,16,1,32,100,100,0.0847,3791.2,265.83,284.88,292.42,305.88,263.77,1503,1503,1503,0,1503,0,0,109,9,41699.6,14033032,25.8,32
n100k_d768_l2,100000,768,l2,multicluster,0.0500,0.0500,5000,B_std_acorn1,std,ACORN,16,1,32,100,100,0.7034,3227.9,299.88,411.58,483.42,507.00,309.80,1101,996,1686,12467,14155,8749,5405,0,100,41699.6,14033032,25.8,32
n100k_d768_l2,100000,768,l2,multicluster,0.0500,0.0500,5000,D_large24_standard,large,STANDARD,24,1,48,100,100,0.0873,3351.3,300.12,324.96,376.33,378.62,298.39,1730,1730,1730,0,1730,0,0,107,9,36202.3,20424136,32.9,48
n100k_d768_l2,100000,768,l2,multicluster,0.0500,0.0500,5000,E_large24_acorn1,large,ACORN,24,1,48,100,100,0.9232,2521.1,385.71,534.75,567.62,585.21,396.65,1135,1022,2616,25529,28146,17677,10469,0,100,36202.3,20424136,32.9,48
n100k_d768_l2,100000,768,l2,multicluster,0.0500,0.0500,5000,D_large48_standard,large,STANDARD,48,1,96,100,100,0.0897,3103.4,324.54,346.12,366.54,366.58,322.23,1932,1932,1932,0,1932,0,0,106,9,26936.8,39618184,41.1,96
n100k_d768_l2,100000,768,l2,multicluster,0.0500,0.0500,5000,E_large48_acorn1,large,ACORN,48,1,96,100,100,0.7965,1571.4,610.38,876.75,1087.79,1116.54,636.36,1391,1168,4541,58235,62778,38619,24158,0,100,26936.8,39618184,41.1,96
n100k_d768_l2,100000,768,l2,multicluster,0.0500,0.0500,5000,C_acorn_g4,acorn,ACORN,16,4,16,100,100,0.6340,4648.3,200.71,299.88,362.42,369.67,215.13,932,876,2419,2655,5075,3818,1256,0,100,35004.5,18532104,24.2,40
n100k_d768_l2,100000,768,l2,multicluster,0.0500,0.0500,5000,C_acorn_g8,acorn,ACORN,16,8,16,100,100,0.6377,4602.3,201.79,316.58,359.25,391.21,217.28,942,882,2550,2650,5202,3818,1384,0,100,55273.2,20264200,24.3,40
n100k_d768_l2,100000,768,l2,multicluster,0.0500,0.0500,5000,C_acorn_g16,acorn,ACORN,16,16,16,100,100,0.8456,4545.5,203.25,302.17,332.92,373.08,220.00,949,880,2790,2691,5483,3850,1632,0,100,95724.5,23728392,24.3,40
n100k_d768_l2,100000,768,l2,multicluster,0.0500,0.0500,5000,C_acorn_g32,acorn,ACORN,16,32,16,100,100,0.8491,4522.9,210.00,308.42,340.25,354.92,221.10,949,879,2913,2659,5574,3842,1731,0,100,242975.0,30656776,24.3,40
n100k_d768_l2,100000,768,l2,multicluster,0.0500,0.0500,5000,A_std_standard,std,STANDARD,16,1,32,250,100,0.0896,2267.1,444.38,471.38,477.54,486.29,441.10,1924,1924,1924,0,1924,0,0,259,9,41699.6,14033032,25.8,32
n100k_d768_l2,100000,768,l2,multicluster,0.0500,0.0500,5000,B_std_acorn1,std,ACORN,16,1,32,250,100,0.7130,1624.9,612.58,755.58,882.04,885.71,615.43,1125,1021,6216,44207,50424,32279,18145,0,100,41699.6,14033032,25.8,32
n100k_d768_l2,100000,768,l2,multicluster,0.0500,0.0500,5000,D_large24_standard,large,STANDARD,24,1,48,250,100,0.0905,2173.7,461.75,494.62,553.62,564.42,460.05,2038,2038,2038,0,2038,0,0,257,9,36202.3,20424136,32.9,48
n100k_d768_l2,100000,768,l2,multicluster,0.0500,0.0500,5000,E_large24_acorn1,large,ACORN,24,1,48,250,100,0.9285,1177.2,833.17,1053.92,1185.12,1246.21,849.45,1158,1046,8535,82194,90730,58248,32482,0,100,36202.3,20424136,32.9,48
n100k_d768_l2,100000,768,l2,multicluster,0.0500,0.0500,5000,D_large48_standard,large,STANDARD,48,1,96,250,100,0.0922,2123.8,476.46,504.29,514.58,515.67,470.86,2136,2136,2136,0,2136,0,0,255,9,26936.8,39618184,41.1,96
n100k_d768_l2,100000,768,l2,multicluster,0.0500,0.0500,5000,E_large48_acorn1,large,ACORN,48,1,96,250,100,0.8615,713.6,1372.71,1829.50,2253.29,2644.00,1401.31,1543,1321,12772,160425,173199,108473,64726,0,100,26936.8,39618184,41.1,96
n100k_d768_l2,100000,768,l2,multicluster,0.0500,0.0500,5000,C_acorn_g4,acorn,ACORN,16,4,16,250,100,0.7001,2532.6,378.96,524.04,606.83,634.96,394.85,1051,995,6228,12842,19072,14979,4092,0,100,35004.5,18532104,24.2,40
n100k_d768_l2,100000,768,l2,multicluster,0.0500,0.0500,5000,C_acorn_g8,acorn,ACORN,16,8,16,250,100,0.7008,2523.9,372.21,537.00,620.38,665.62,396.21,1055,996,6364,12894,19260,14927,4332,0,100,55273.2,20264200,24.3,40
n100k_d768_l2,100000,768,l2,multicluster,0.0500,0.0500,5000,C_acorn_g16,acorn,ACORN,16,16,16,250,100,0.9317,2473.4,383.21,529.58,598.04,661.00,404.31,1064,995,6635,13108,19745,15115,4630,0,100,95724.5,23728392,24.3,40
n100k_d768_l2,100000,768,l2,multicluster,0.0500,0.0500,5000,C_acorn_g32,acorn,ACORN,16,32,16,250,100,0.9324,2457.9,389.33,556.08,601.92,641.38,406.85,1065,995,6770,13209,19981,15206,4774,0,100,242975.0,30656776,24.3,40
n100k_d768_l2,100000,768,l2,multicluster,0.0500,0.0500,5000,A_std_standard,std,STANDARD,16,1,32,500,100,0.0902,1460.6,687.79,726.67,738.58,748.96,684.63,2056,2056,2056,0,2056,0,0,509,9,41699.6,14033032,25.8,32
n100k_d768_l2,100000,768,l2,multicluster,0.0500,0.0500,5000,B_std_acorn1,std,ACORN,16,1,32,500,100,0.7224,868.3,1156.71,1329.96,1513.25,1818.71,1151.69,1153,1049,13753,97166,110921,71590,39330,0,100,41699.6,14033032,25.8,32
n100k_d768_l2,100000,768,l2,multicluster,0.0500,0.0500,5000,D_large24_standard,large,STANDARD,24,1,48,500,100,0.0913,1443.0,695.29,741.08,790.12,799.79,692.99,2097,2097,2097,0,2097,0,0,507,9,36202.3,20424136,32.9,48
n100k_d768_l2,100000,768,l2,multicluster,0.0500,0.0500,5000,E_large24_acorn1,large,ACORN,24,1,48,500,100,0.9300,611.9,1633.71,1925.88,2016.96,2088.42,1634.18,1220,1108,18334,176657,194992,125746,69246,0,100,36202.3,20424136,32.9,48
n100k_d768_l2,100000,768,l2,multicluster,0.0500,0.0500,5000,D_large48_standard,large,STANDARD,48,1,96,500,100,0.0941,1434.9,701.92,738.29,740.75,763.79,696.89,2175,2175,2175,0,2175,0,0,505,10,26936.8,39618184,41.1,96
n100k_d768_l2,100000,768,l2,multicluster,0.0500,0.0500,5000,E_large48_acorn1,large,ACORN,48,1,96,500,100,0.9251,370.8,2574.38,3796.54,4831.88,5072.04,2696.52,1691,1469,26824,334464,361290,227647,133642,0,100,26936.8,39618184,41.1,96
n100k_d768_l2,100000,768,l2,multicluster,0.0500,0.0500,5000,C_acorn_g4,acorn,ACORN,16,4,16,500,100,0.7042,1364.4,728.54,892.58,962.79,1004.46,732.94,1080,1024,12901,35828,48730,38880,9850,0,100,35004.5,18532104,24.2,40
n100k_d768_l2,100000,768,l2,multicluster,0.0500,0.0500,5000,C_acorn_g8,acorn,ACORN,16,8,16,500,100,0.7020,1347.9,739.00,885.83,976.50,1058.21,741.91,1058,999,13018,36200,49220,38805,10414,0,100,55273.2,20264200,24.3,40
n100k_d768_l2,100000,768,l2,multicluster,0.0500,0.0500,5000,C_acorn_g16,acorn,ACORN,16,16,16,500,100,0.9326,1348.1,728.67,911.25,958.12,1008.58,741.76,1067,998,13339,36589,49929,39167,10761,0,100,95724.5,23728392,24.3,40
n100k_d768_l2,100000,768,l2,multicluster,0.0500,0.0500,5000,C_acorn_g32,acorn,ACORN,16,32,16,500,100,0.9333,1334.9,743.58,920.29,977.96,1028.42,749.12,1068,998,13458,36746,50206,39259,10946,0,100,242975.0,30656776,24.3,40
n100k_d768_l2,100000,768,l2,multicluster,0.0200,0.0200,2000,F_exact,exact,EXACT,16,0,0,0,10,1.0000,2655.9,366.50,438.12,458.79,460.42,376.52,2000,0,0,0,100000,0,0,0,10,0.0,0,0.0,0
n100k_d768_l2,100000,768,l2,multicluster,0.0200,0.0200,2000,A_std_standard,std,STANDARD,16,1,32,50,10,0.1160,5690.2,176.62,194.96,199.21,199.29,175.74,1084,1084,1084,0,1084,0,0,60,1,41699.6,14033032,25.8,32
n100k_d768_l2,100000,768,l2,multicluster,0.0200,0.0200,2000,B_std_acorn1,std,ACORN,16,1,32,50,10,0.0000,244675.3,4.00,4.67,5.00,5.08,4.09,1,1,62,1282,1345,0,1345,0,0,41699.6,14033032,25.8,32
n100k_d768_l2,100000,768,l2,multicluster,0.0200,0.0200,2000,D_large24_standard,large,STANDARD,24,1,48,50,10,0.1250,4752.7,208.38,232.25,281.96,291.21,210.41,1324,1324,1324,0,1324,0,0,58,1,36202.3,20424136,32.9,48
n100k_d768_l2,100000,768,l2,multicluster,0.0200,0.0200,2000,E_large24_acorn1,large,ACORN,24,1,48,50,10,0.2050,3638.2,263.46,336.25,429.83,487.58,274.86,469,400,1878,38076,39955,13123,26832,0,10,36202.3,20424136,32.9,48
n100k_d768_l2,100000,768,l2,multicluster,0.0200,0.0200,2000,D_large48_standard,large,STANDARD,48,1,96,50,10,0.1250,4180.9,240.29,258.38,267.04,285.08,239.18,1587,1587,1587,0,1587,0,0,56,1,26936.8,39618184,41.1,96
n100k_d768_l2,100000,768,l2,multicluster,0.0200,0.0200,2000,E_large48_acorn1,large,ACORN,48,1,96,50,10,0.7980,1843.3,526.25,657.88,746.50,751.04,542.52,475,400,2918,82093,85013,26281,58731,0,10,26936.8,39618184,41.1,96
n100k_d768_l2,100000,768,l2,multicluster,0.0200,0.0200,2000,C_acorn_g4,acorn,ACORN,16,4,16,50,10,0.0000,396353.5,2.50,2.79,3.04,3.04,2.52,1,1,176,273,450,0,450,0,0,35004.5,18532104,24.2,40
n100k_d768_l2,100000,768,l2,multicluster,0.0200,0.0200,2000,C_acorn_g8,acorn,ACORN,16,8,16,50,10,0.1480,12385.1,79.42,91.04,100.50,117.71,80.74,385,361,1777,3347,5125,2361,2764,0,10,55273.2,20264200,24.3,40
n100k_d768_l2,100000,768,l2,multicluster,0.0200,0.0200,2000,C_acorn_g16,acorn,ACORN,16,16,16,50,10,0.2790,11268.8,85.25,106.25,121.29,220.33,88.74,413,385,2100,3105,5206,2181,3025,0,10,95724.5,23728392,24.3,40
n100k_d768_l2,100000,768,l2,multicluster,0.0200,0.0200,2000,C_acorn_g32,acorn,ACORN,16,32,16,50,10,0.2660,11168.8,85.54,100.54,204.71,206.29,89.54,395,360,2448,3292,5741,2287,3454,0,10,242975.0,30656776,24.3,40
n100k_d768_l2,100000,768,l2,multicluster,0.0200,0.0200,2000,A_std_standard,std,STANDARD,16,1,32,100,10,0.1280,3740.3,269.29,293.08,299.42,303.25,267.36,1503,1503,1503,0,1503,0,0,109,1,41699.6,14033032,25.8,32
n100k_d768_l2,100000,768,l2,multicluster,0.0200,0.0200,2000,B_std_acorn1,std,ACORN,16,1,32,100,10,0.0000,262378.4,3.79,3.96,4.08,4.33,3.81,1,1,62,1282,1345,0,1345,0,0,41699.6,14033032,25.8,32
n100k_d768_l2,100000,768,l2,multicluster,0.0200,0.0200,2000,D_large24_standard,large,STANDARD,24,1,48,100,10,0.1280,3294.6,303.62,351.08,378.38,419.88,303.53,1730,1730,1730,0,1730,0,0,107,1,36202.3,20424136,32.9,48
n100k_d768_l2,100000,768,l2,multicluster,0.0200,0.0200,2000,E_large24_acorn1,large,ACORN,24,1,48,100,10,0.2050,1841.6,521.04,674.42,891.58,891.67,543.01,469,400,4069,84401,88472,29466,59006,0,10,36202.3,20424136,32.9,48
n100k_d768_l2,100000,768,l2,multicluster,0.0200,0.0200,2000,D_large48_standard,large,STANDARD,48,1,96,100,10,0.1300,3076.1,327.58,349.67,359.33,365.29,325.09,1932,1932,1932,0,1932,0,0,106,1,26936.8,39618184,41.1,96
n100k_d768_l2,100000,768,l2,multicluster,0.0200,0.0200,2000,E_large48_acorn1,large,ACORN,48,1,96,100,10,0.7980,964.7,1027.75,1174.29,1268.71,1308.25,1036.63,475,400,6022,170394,176418,55740,120678,0,10,26936.8,39618184,41.1,96
n100k_d768_l2,100000,768,l2,multicluster,0.0200,0.0200,2000,C_acorn_g4,acorn,ACORN,16,4,16,100,10,0.0000,402962.6,2.42,2.83,3.00,3.12,2.48,1,1,176,273,450,0,450,0,0,35004.5,18532104,24.2,40
n100k_d768_l2,100000,768,l2,multicluster,0.0200,0.0200,2000,C_acorn_g8,acorn,ACORN,16,8,16,100,10,0.1500,6747.3,144.96,168.04,198.75,200.92,148.21,391,367,3190,12306,15497,8056,7441,0,10,55273.2,20264200,24.3,40
n100k_d768_l2,100000,768,l2,multicluster,0.0200,0.0200,2000,C_acorn_g16,acorn,ACORN,16,16,16,100,10,0.2870,6253.4,155.83,179.71,239.38,336.25,159.91,426,398,3467,10910,14379,7070,7308,0,10,95724.5,23728392,24.3,40
n100k_d768_l2,100000,768,l2,multicluster,0.0200,0.0200,2000,C_acorn_g32,acorn,ACORN,16,32,16,100,10,0.2730,6192.1,156.83,182.00,317.00,344.04,161.50,405,370,3824,11489,15314,7384,7929,0,10,242975.0,30656776,24.3,40
n100k_d768_l2,100000,768,l2,multicluster,0.0200,0.0200,2000,A_std_standard,std,STANDARD,16,1,32,250,10,0.1300,2265.4,443.58,474.38,476.71,478.62,441.43,1924,1924,1924,0,1924,0,0,259,1,41699.6,14033032,25.8,32
n100k_d768_l2,100000,768,l2,multicluster,0.0200,0.0200,2000,B_std_acorn1,std,ACORN,16,1,32,250,10,0.0000,264581.8,3.75,3.96,4.04,4.33,3.78,1,1,62,1282,1345,0,1345,0,0,41699.6,14033032,25.8,32
n100k_d768_l2,100000,768,l2,multicluster,0.0200,0.0200,2000,D_large24_standard,large,STANDARD,24,1,48,250,10,0.1310,2168.1,464.08,501.25,544.21,550.38,461.23,2038,2038,2038,0,2038,0,0,257,1,36202.3,20424136,32.9,48
n100k_d768_l2,100000,768,l2,multicluster,0.0200,0.0200,2000,E_large24_acorn1,large,ACORN,24,1,48,250,10,0.2050,756.4,1289.12,1511.92,1750.21,1783.42,1322.10,469,400,10660,223494,234155,78525,155630,0,10,36202.3,20424136,32.9,48
n100k_d768_l2,100000,768,l2,multicluster,0.0200,0.0200,2000,D_large48_standard,large,STANDARD,48,1,96,250,10,0.1310,2136.6,472.71,497.54,513.00,531.12,468.04,2136,2136,2136,0,2136,0,0,255,1,26936.8,39618184,41.1,96
n100k_d768_l2,100000,768,l2,multicluster,0.0200,0.0200,2000,E_large48_acorn1,large,ACORN,48,1,96,250,10,0.7980,404.3,2467.17,2748.46,2814.54,2832.33,2473.29,475,400,15382,434757,450141,143988,306152,0,10,26936.8,39618184,41.1,96
n100k_d768_l2,100000,768,l2,multicluster,0.0200,0.0200,2000,C_acorn_g4,acorn,ACORN,16,4,16,250,10,0.0000,429649.2,2.21,2.88,2.96,3.12,2.33,1,1,176,273,450,0,450,0,0,35004.5,18532104,24.2,40
n100k_d768_l2,100000,768,l2,multicluster,0.0200,0.0200,2000,C_acorn_g8,acorn,ACORN,16,8,16,250,10,0.1500,2819.0,352.08,373.21,386.08,406.96,354.73,391,368,7453,40490,47944,25865,22078,0,10,55273.2,20264200,24.3,40
n100k_d768_l2,100000,768,l2,multicluster,0.0200,0.0200,2000,C_acorn_g16,acorn,ACORN,16,16,16,250,10,0.2870,2560.7,380.62,431.12,491.04,641.29,390.52,426,398,7658,37835,45494,23757,21737,0,10,95724.5,23728392,24.3,40
n100k_d768_l2,100000,768,l2,multicluster,0.0200,0.0200,2000,C_acorn_g32,acorn,ACORN,16,32,16,250,10,0.2730,2569.6,384.54,430.21,660.04,664.38,389.17,405,370,7996,38171,46169,23879,22289,0,10,242975.0,30656776,24.3,40
n100k_d768_l2,100000,768,l2,multicluster,0.0200,0.0200,2000,A_std_standard,std,STANDARD,16,1,32,500,10,0.1320,1465.9,688.04,724.42,737.92,758.54,682.16,2056,2056,2056,0,2056,0,0,509,1,41699.6,14033032,25.8,32
n100k_d768_l2,100000,768,l2,multicluster,0.0200,0.0200,2000,B_std_acorn1,std,ACORN,16,1,32,500,10,0.0000,248017.1,4.00,4.29,4.46,4.96,4.03,1,1,62,1282,1345,0,1345,0,0,41699.6,14033032,25.8,32
n100k_d768_l2,100000,768,l2,multicluster,0.0200,0.0200,2000,D_large24_standard,large,STANDARD,24,1,48,500,10,0.1340,1453.7,690.92,732.79,785.75,795.88,687.90,2097,2097,2097,0,2097,0,0,507,1,36202.3,20424136,32.9,48
n100k_d768_l2,100000,768,l2,multicluster,0.0200,0.0200,2000,E_large24_acorn1,large,ACORN,24,1,48,500,10,0.2050,468.6,2102.79,2397.88,2573.71,2626.00,2133.80,469,400,17253,363392,380647,127809,252837,0,10,36202.3,20424136,32.9,48
n100k_d768_l2,100000,768,l2,multicluster,0.0200,0.0200,2000,D_large48_standard,large,STANDARD,48,1,96,500,10,0.1350,1440.6,696.29,735.58,769.54,769.79,694.18,2175,2175,2175,0,2175,0,0,505,1,26936.8,39618184,41.1,96
n100k_d768_l2,100000,768,l2,multicluster,0.0200,0.0200,2000,E_large48_acorn1,large,ACORN,48,1,96,500,10,0.7980,255.8,3905.54,4199.75,4253.25,4300.62,3908.80,475,400,24680,697988,722670,231737,490932,0,10,26936.8,39618184,41.1,96
n100k_d768_l2,100000,768,l2,multicluster,0.0200,0.0200,2000,C_acorn_g4,acorn,ACORN,16,4,16,500,10,0.0000,400269.0,2.33,2.79,3.08,11.92,2.50,1,1,176,273,450,0,450,0,0,35004.5,18532104,24.2,40
n100k_d768_l2,100000,768,l2,multicluster,0.0200,0.0200,2000,C_acorn_g8,acorn,ACORN,16,8,16,500,10,0.1500,1912.3,520.08,543.83,559.04,596.88,522.94,391,368,10749,61868,72618,39372,33245,0,10,55273.2,20264200,24.3,40
n100k_d768_l2,100000,768,l2,multicluster,0.0200,0.0200,2000,C_acorn_g16,acorn,ACORN,16,16,16,500,10,0.2870,1561.6,633.71,726.58,789.79,950.04,640.37,426,398,11842,65276,77119,40649,36469,0,10,95724.5,23728392,24.3,40
n100k_d768_l2,100000,768,l2,multicluster,0.0200,0.0200,2000,C_acorn_g32,acorn,ACORN,16,32,16,500,10,0.2730,1723.8,594.58,675.00,798.67,945.04,580.12,405,370,11294,58974,70270,36717,33553,0,10,242975.0,30656776,24.3,40
n100k_d768_l2,100000,768,l2,multicluster,0.0200,0.0200,2000,F_exact,exact,EXACT,16,0,0,0,100,1.0000,2651.4,367.04,436.83,447.58,457.29,377.15,2000,0,0,0,100000,0,0,0,100,0.0,0,0.0,0
n100k_d768_l2,100000,768,l2,multicluster,0.0200,0.0200,2000,A_std_standard,std,STANDARD,16,1,32,50,100,0.1082,5294.1,189.79,205.42,209.79,211.83,188.89,1084,1084,1084,0,1084,0,0,60,13,41699.6,14033032,25.8,32
n100k_d768_l2,100000,768,l2,multicluster,0.0200,0.0200,2000,B_std_acorn1,std,ACORN,16,1,32,50,100,0.0000,276593.0,3.54,4.29,4.46,4.50,3.62,1,1,62,1282,1345,0,1345,0,0,41699.6,14033032,25.8,32
n100k_d768_l2,100000,768,l2,multicluster,0.0200,0.0200,2000,D_large24_standard,large,STANDARD,24,1,48,50,100,0.1156,4487.3,221.79,246.29,296.58,297.88,222.85,1324,1324,1324,0,1324,0,0,58,13,36202.3,20424136,32.9,48
n100k_d768_l2,100000,768,l2,multicluster,0.0200,0.0200,2000,E_large24_acorn1,large,ACORN,24,1,48,50,100,0.2043,3475.0,277.38,359.92,403.29,550.21,287.77,469,400,1878,38076,39955,13123,26832,0,100,36202.3,20424136,32.9,48
n100k_d768_l2,100000,768,l2,multicluster,0.0200,0.0200,2000,D_large48_standard,large,STANDARD,48,1,96,50,100,0.1204,3944.3,257.46,273.29,277.04,279.67,253.53,1587,1587,1587,0,1587,0,0,56,13,26936.8,39618184,41.1,96
n100k_d768_l2,100000,768,l2,multicluster,0.0200,0.0200,2000,E_large48_acorn1,large,ACORN,48,1,96,50,100,0.7893,1784.0,547.88,682.71,738.12,792.00,560.54,475,400,2918,82093,85013,26281,58731,0,100,26936.8,39618184,41.1,96
n100k_d768_l2,100000,768,l2,multicluster,0.0200,0.0200,2000,C_acorn_g4,acorn,ACORN,16,4,16,50,100,0.0000,420086.9,2.33,2.71,2.83,2.88,2.38,1,1,176,273,450,0,450,0,0,35004.5,18532104,24.2,40
n100k_d768_l2,100000,768,l2,multicluster,0.0200,0.0200,2000,C_acorn_g8,acorn,ACORN,16,8,16,50,100,0.1480,10906.9,90.92,102.75,104.54,111.71,91.69,385,361,1777,3347,5125,2361,2764,0,100,55273.2,20264200,24.3,40
n100k_d768_l2,100000,768,l2,multicluster,0.0200,0.0200,2000,C_acorn_g16,acorn,ACORN,16,16,16,50,100,0.2779,9788.7,99.33,118.12,124.58,224.54,102.16,413,385,2100,3105,5206,2181,3025,0,100,95724.5,23728392,24.3,40
n100k_d768_l2,100000,768,l2,multicluster,0.0200,0.0200,2000,C_acorn_g32,acorn,ACORN,16,32,16,50,100,0.2683,9845.5,98.50,112.88,213.54,216.96,101.57,395,360,2448,3292,5741,2287,3454,0,100,242975.0,30656776,24.3,40
n100k_d768_l2,100000,768,l2,multicluster,0.0200,0.0200,2000,A_std_standard,std,STANDARD,16,1,32,100,100,0.1253,3703.3,272.00,292.08,298.46,309.29,270.03,1503,1503,1503,0,1503,0,0,109,13,41699.6,14033032,25.8,32
n100k_d768_l2,100000,768,l2,multicluster,0.0200,0.0200,2000,B_std_acorn1,std,ACORN,16,1,32,100,100,0.0000,235154.1,3.71,5.29,5.42,5.46,4.25,1,1,62,1282,1345,0,1345,0,0,41699.6,14033032,25.8,32
n100k_d768_l2,100000,768,l2,multicluster,0.0200,0.0200,2000,D_large24_standard,large,STANDARD,24,1,48,100,100,0.1271,3291.3,304.83,340.25,385.42,386.79,303.83,1730,1730,1730,0,1730,0,0,107,13,36202.3,20424136,32.9,48
n100k_d768_l2,100000,768,l2,multicluster,0.0200,0.0200,2000,E_large24_acorn1,large,ACORN,24,1,48,100,100,0.2043,1843.4,523.25,655.08,735.71,879.12,542.46,469,400,4069,84401,88472,29466,59006,0,100,36202.3,20424136,32.9,48
n100k_d768_l2,100000,768,l2,multicluster,0.0200,0.0200,2000,D_large48_standard,large,STANDARD,48,1,96,100,100,0.1294,3048.5,330.62,353.50,363.83,364.75,328.03,1932,1932,1932,0,1932,0,0,106,13,26936.8,39618184,41.1,96
n100k_d768_l2,100000,768,l2,multicluster,0.0200,0.0200,2000,E_large48_acorn1,large,ACORN,48,1,96,100,100,0.7893,952.5,1039.33,1227.62,1277.67,1338.38,1049.90,475,400,6022,170394,176418,55740,120678,0,100,26936.8,39618184,41.1,96
n100k_d768_l2,100000,768,l2,multicluster,0.0200,0.0200,2000,C_acorn_g4,acorn,ACORN,16,4,16,100,100,0.0000,412491.9,2.38,2.71,2.88,2.92,2.42,1,1,176,273,450,0,450,0,0,35004.5,18532104,24.2,40
n100k_d768_l2,100000,768,l2,multicluster,0.0200,0.0200,2000,C_acorn_g8,acorn,ACORN,16,8,16,100,100,0.1506,6644.0,148.54,166.67,174.96,181.38,150.51,391,367,3190,12306,15497,8056,7441,0,100,55273.2,20264200,24.3,40
n100k_d768_l2,100000,768,l2,multicluster,0.0200,0.0200,2000,C_acorn_g16,acorn,ACORN,16,16,16,100,100,0.2863,6057.5,160.79,182.12,206.75,342.71,165.08,426,398,3467,10910,14379,7070,7308,0,100,95724.5,23728392,24.3,40
n100k_d768_l2,100000,768,l2,multicluster,0.0200,0.0200,2000,C_acorn_g32,acorn,ACORN,16,32,16,100,100,0.2745,5991.8,162.71,186.83,324.67,350.04,166.89,405,370,3824,11489,15314,7384,7929,0,100,242975.0,30656776,24.3,40
n100k_d768_l2,100000,768,l2,multicluster,0.0200,0.0200,2000,A_std_standard,std,STANDARD,16,1,32,250,100,0.1295,2259.1,445.88,477.92,491.38,506.25,442.65,1924,1924,1924,0,1924,0,0,259,13,41699.6,14033032,25.8,32
n100k_d768_l2,100000,768,l2,multicluster,0.0200,0.0200,2000,B_std_acorn1,std,ACORN,16,1,32,250,100,0.0000,263620.6,3.71,4.50,4.58,4.62,3.79,1,1,62,1282,1345,0,1345,0,0,41699.6,14033032,25.8,32
n100k_d768_l2,100000,768,l2,multicluster,0.0200,0.0200,2000,D_large24_standard,large,STANDARD,24,1,48,250,100,0.1302,2158.8,465.88,497.12,561.29,581.33,463.22,2038,2038,2038,0,2038,0,0,257,13,36202.3,20424136,32.9,48
n100k_d768_l2,100000,768,l2,multicluster,0.0200,0.0200,2000,E_large24_acorn1,large,ACORN,24,1,48,250,100,0.2043,737.7,1313.08,1550.96,1698.25,1830.00,1355.56,469,400,10660,223494,234155,78525,155630,0,100,36202.3,20424136,32.9,48
n100k_d768_l2,100000,768,l2,multicluster,0.0200,0.0200,2000,D_large48_standard,large,STANDARD,48,1,96,250,100,0.1311,2126.9,472.29,508.71,519.21,521.33,470.16,2136,2136,2136,0,2136,0,0,255,13,26936.8,39618184,41.1,96
n100k_d768_l2,100000,768,l2,multicluster,0.0200,0.0200,2000,E_large48_acorn1,large,ACORN,48,1,96,250,100,0.7893,403.1,2479.42,2713.04,2782.25,2860.42,2481.03,475,400,15382,434757,450141,143988,306152,0,100,26936.8,39618184,41.1,96
n100k_d768_l2,100000,768,l2,multicluster,0.0200,0.0200,2000,C_acorn_g4,acorn,ACORN,16,4,16,250,100,0.0000,412941.6,2.42,2.75,2.79,2.83,2.42,1,1,176,273,450,0,450,0,0,35004.5,18532104,24.2,40
n100k_d768_l2,100000,768,l2,multicluster,0.0200,0.0200,2000,C_acorn_g8,acorn,ACORN,16,8,16,250,100,0.1506,2768.8,359.25,378.00,396.75,411.71,361.16,391,368,7453,40490,47944,25865,22078,0,100,55273.2,20264200,24.3,40
n100k_d768_l2,100000,768,l2,multicluster,0.0200,0.0200,2000,C_acorn_g16,acorn,ACORN,16,16,16,250,100,0.2863,2498.7,394.88,456.71,530.46,707.46,400.22,426,398,7658,37835,45494,23757,21737,0,100,95724.5,23728392,24.3,40
n100k_d768_l2,100000,768,l2,multicluster,0.0200,0.0200,2000,C_acorn_g32,acorn,ACORN,16,32,16,250,100,0.2747,2512.2,391.12,447.38,667.38,680.83,398.06,405,370,7996,38171,46169,23879,22289,0,100,242975.0,30656776,24.3,40
n100k_d768_l2,100000,768,l2,multicluster,0.0200,0.0200,2000,A_std_standard,std,STANDARD,16,1,32,500,100,0.1299,1468.4,682.29,723.50,749.50,751.71,681.02,2056,2056,2056,0,2056,0,0,509,13,41699.6,14033032,25.8,32
n100k_d768_l2,100000,768,l2,multicluster,0.0200,0.0200,2000,B_std_acorn1,std,ACORN,16,1,32,500,100,0.0000,241086.4,4.00,4.50,10.21,10.62,4.15,1,1,62,1282,1345,0,1345,0,0,41699.6,14033032,25.8,32
n100k_d768_l2,100000,768,l2,multicluster,0.0200,0.0200,2000,D_large24_standard,large,STANDARD,24,1,48,500,100,0.1312,1447.1,693.58,743.21,795.46,808.83,691.03,2097,2097,2097,0,2097,0,0,507,13,36202.3,20424136,32.9,48
n100k_d768_l2,100000,768,l2,multicluster,0.0200,0.0200,2000,E_large24_acorn1,large,ACORN,24,1,48,500,100,0.2043,466.8,2110.12,2392.88,2632.79,2712.79,2142.30,469,400,17253,363392,380647,127809,252837,0,100,36202.3,20424136,32.9,48
n100k_d768_l2,100000,768,l2,multicluster,0.0200,0.0200,2000,D_large48_standard,large,STANDARD,48,1,96,500,100,0.1326,1428.2,704.75,742.92,754.08,766.79,700.19,2175,2175,2175,0,2175,0,0,505,13,26936.8,39618184,41.1,96
n100k_d768_l2,100000,768,l2,multicluster,0.0200,0.0200,2000,E_large48_acorn1,large,ACORN,48,1,96,500,100,0.7893,255.4,3900.71,4200.33,4242.29,4298.42,3915.74,475,400,24680,697988,722670,231737,490932,0,100,26936.8,39618184,41.1,96
n100k_d768_l2,100000,768,l2,multicluster,0.0200,0.0200,2000,C_acorn_g4,acorn,ACORN,16,4,16,500,100,0.0000,403629.4,2.46,2.75,2.92,3.04,2.48,1,1,176,273,450,0,450,0,0,35004.5,18532104,24.2,40
n100k_d768_l2,100000,768,l2,multicluster,0.0200,0.0200,2000,C_acorn_g8,acorn,ACORN,16,8,16,500,100,0.1506,1859.5,534.46,562.17,567.46,606.75,537.78,391,368,10749,61868,72618,39372,33245,0,100,55273.2,20264200,24.3,40
n100k_d768_l2,100000,768,l2,multicluster,0.0200,0.0200,2000,C_acorn_g16,acorn,ACORN,16,16,16,500,100,0.2863,1537.4,646.04,737.75,786.12,954.92,650.45,426,398,11842,65276,77119,40649,36469,0,100,95724.5,23728392,24.3,40
n100k_d768_l2,100000,768,l2,multicluster,0.0200,0.0200,2000,C_acorn_g32,acorn,ACORN,16,32,16,500,100,0.2747,1697.0,594.17,707.92,788.50,974.17,589.28,405,370,11294,58974,70270,36717,33553,0,100,242975.0,30656776,24.3,40
n100k_d768_l2,100000,768,l2,multicluster,0.0100,0.0100,1000,F_exact,exact,EXACT,16,0,0,0,10,1.0000,4295.7,229.83,244.12,253.29,260.04,232.79,1000,0,0,0,100000,0,0,0,10,0.0,0,0.0,0
n100k_d768_l2,100000,768,l2,multicluster,0.0100,0.0100,1000,A_std_standard,std,STANDARD,16,1,32,50,10,0.1270,5694.0,176.50,195.42,203.83,204.50,175.62,1084,1084,1084,0,1084,0,0,60,1,41699.6,14033032,25.8,32
n100k_d768_l2,100000,768,l2,multicluster,0.0100,0.0100,1000,B_std_acorn1,std,ACORN,16,1,32,50,10,0.5070,5346.7,183.38,212.58,235.25,358.71,187.03,275,198,1499,29628,31129,6318,24810,0,10,41699.6,14033032,25.8,32
n100k_d768_l2,100000,768,l2,multicluster,0.0100,0.0100,1000,D_large24_standard,large,STANDARD,24,1,48,50,10,0.1350,4769.0,209.75,232.33,281.88,286.75,209.69,1324,1324,1324,0,1324,0,0,58,1,36202.3,20424136,32.9,48
n100k_d768_l2,100000,768,l2,multicluster,0.0100,0.0100,1000,E_large24_acorn1,large,ACORN,24,1,48,50,10,0.3070,3269.8,300.75,342.46,367.92,407.38,305.83,302,200,2251,59129,61381,12088,49293,0,10,36202.3,20424136,32.9,48
n100k_d768_l2,100000,768,l2,multicluster,0.0100,0.0100,1000,D_large48_standard,large,STANDARD,48,1,96,50,10,0.1370,4155.3,241.62,262.79,273.21,276.46,240.65,1587,1587,1587,0,1587,0,0,56,1,26936.8,39618184,41.1,96
n100k_d768_l2,100000,768,l2,multicluster,0.0100,0.0100,1000,E_large48_acorn1,large,ACORN,48,1,96,50,10,0.3600,1848.7,531.88,602.54,666.58,816.25,540.92,369,200,3428,121266,124695,23335,101359,0,10,26936.8,39618184,41.1,96
n100k_d768_l2,100000,768,l2,multicluster,0.0100,0.0100,1000,C_acorn_g4,acorn,ACORN,16,4,16,50,10,0.2930,12666.3,76.33,91.29,103.62,205.88,78.95,214,196,1608,6696,8306,2926,5379,0,10,35004.5,18532104,24.2,40
n100k_d768_l2,100000,768,l2,multicluster,0.0100,0.0100,1000,C_acorn_g8,acorn,ACORN,16,8,16,50,10,0.2920,12702.1,77.67,91.33,107.08,116.25,78.73,217,196,1820,6721,8543,2861,5681,0,10,55273.2,20264200,24.3,40
n100k_d768_l2,100000,768,l2,multicluster,0.0100,0.0100,1000,C_acorn_g16,acorn,ACORN,16,16,16,50,10,0.5080,11755.5,82.71,99.33,106.29,180.75,85.07,226,197,2308,6717,9027,2925,6101,0,10,95724.5,23728392,24.3,40
n100k_d768_l2,100000,768,l2,multicluster,0.0100,0.0100,1000,C_acorn_g32,acorn,ACORN,16,32,16,50,10,0.3000,12126.1,81.42,95.67,101.71,120.50,82.47,233,197,2396,6836,9233,2942,6291,0,10,242975.0,30656776,24.3,40
n100k_d768_l2,100000,768,l2,multicluster,0.0100,0.0100,1000,A_std_standard,std,STANDARD,16,1,32,100,10,0.1370,3731.3,270.42,289.67,296.54,299.92,268.00,1503,1503,1503,0,1503,0,0,109,1,41699.6,14033032,25.8,32
n100k_d768_l2,100000,768,l2,multicluster,0.0100,0.0100,1000,B_std_acorn1,std,ACORN,16,1,32,100,10,0.5070,2876.0,343.29,399.83,452.50,546.25,347.70,275,198,3094,62463,65558,13470,52088,0,10,41699.6,14033032,25.8,32
n100k_d768_l2,100000,768,l2,multicluster,0.0100,0.0100,1000,D_large24_standard,large,STANDARD,24,1,48,100,10,0.1390,3321.5,302.12,325.50,395.75,399.88,301.07,1730,1730,1730,0,1730,0,0,107,1,36202.3,20424136,32.9,48
n100k_d768_l2,100000,768,l2,multicluster,0.0100,0.0100,1000,E_large24_acorn1,large,ACORN,24,1,48,100,10,0.3070,1740.1,571.46,628.50,648.33,675.79,574.68,302,200,4569,122303,126873,25104,101768,0,10,36202.3,20424136,32.9,48
n100k_d768_l2,100000,768,l2,multicluster,0.0100,0.0100,1000,D_large48_standard,large,STANDARD,48,1,96,100,10,0.1400,3076.0,326.88,350.92,358.83,358.88,325.10,1932,1932,1932,0,1932,0,0,106,1,26936.8,39618184,41.1,96
n100k_d768_l2,100000,768,l2,multicluster,0.0100,0.0100,1000,E_large48_acorn1,large,ACORN,48,1,96,100,10,0.3640,964.5,1021.50,1132.46,1292.46,1301.08,1036.85,375,206,6904,245555,252460,48032,204428,0,10,26936.8,39618184,41.1,96
n100k_d768_l2,100000,768,l2,multicluster,0.0100,0.0100,1000,C_acorn_g4,acorn,ACORN,16,4,16,100,10,0.2930,6846.1,142.71,163.67,176.00,333.12,146.07,214,196,2991,16644,19636,7141,12494,0,10,35004.5,18532104,24.2,40
n100k_d768_l2,100000,768,l2,multicluster,0.0100,0.0100,1000,C_acorn_g8,acorn,ACORN,16,8,16,100,10,0.2920,6849.5,142.67,170.08,189.67,198.33,146.00,217,196,3201,16677,19879,6960,12919,0,10,55273.2,20264200,24.3,40
n100k_d768_l2,100000,768,l2,multicluster,0.0100,0.0100,1000,C_acorn_g16,acorn,ACORN,16,16,16,100,10,0.5080,6223.5,154.21,207.54,227.00,308.58,160.68,226,197,3692,16745,20438,7118,13320,0,10,95724.5,23728392,24.3,40
n100k_d768_l2,100000,768,l2,multicluster,0.0100,0.0100,1000,C_acorn_g32,acorn,ACORN,16,32,16,100,10,0.3000,6589.5,145.58,190.33,229.50,319.50,151.76,233,198,3773,16688,20463,7027,13435,0,10,242975.0,30656776,24.3,40
n100k_d768_l2,100000,768,l2,multicluster,0.0100,0.0100,1000,A_std_standard,std,STANDARD,16,1,32,250,10,0.1400,2264.4,443.33,496.04,511.17,518.92,441.61,1924,1924,1924,0,1924,0,0,259,1,41699.6,14033032,25.8,32
n100k_d768_l2,100000,768,l2,multicluster,0.0100,0.0100,1000,B_std_acorn1,std,ACORN,16,1,32,250,10,0.5070,1510.3,649.83,746.12,806.96,856.67,662.11,275,198,6247,126849,133098,27512,105586,0,10,41699.6,14033032,25.8,32
n100k_d768_l2,100000,768,l2,multicluster,0.0100,0.0100,1000,D_large24_standard,large,STANDARD,24,1,48,250,10,0.1400,2164.5,462.58,509.00,550.17,550.67,461.99,2038,2038,2038,0,2038,0,0,257,1,36202.3,20424136,32.9,48
n100k_d768_l2,100000,768,l2,multicluster,0.0100,0.0100,1000,E_large24_acorn1,large,ACORN,24,1,48,250,10,0.3070,899.1,1104.08,1209.58,1254.46,1259.67,1112.16,302,200,9214,248631,257847,51117,206730,0,10,36202.3,20424136,32.9,48
n100k_d768_l2,100000,768,l2,multicluster,0.0100,0.0100,1000,D_large48_standard,large,STANDARD,48,1,96,250,10,0.1400,2116.1,474.54,504.21,521.29,528.62,472.58,2136,2136,2136,0,2136,0,0,255,1,26936.8,39618184,41.1,96
n100k_d768_l2,100000,768,l2,multicluster,0.0100,0.0100,1000,E_large48_acorn1,large,ACORN,48,1,96,250,10,0.3640,457.1,2014.08,2772.00,2833.96,2991.21,2187.61,422,254,14710,524781,539492,103712,435779,0,10,26936.8,39618184,41.1,96
n100k_d768_l2,100000,768,l2,multicluster,0.0100,0.0100,1000,C_acorn_g4,acorn,ACORN,16,4,16,250,10,0.2930,3498.7,276.79,342.38,364.29,512.38,285.82,214,196,5691,36378,42070,15528,26542,0,10,35004.5,18532104,24.2,40
n100k_d768_l2,100000,768,l2,multicluster,0.0100,0.0100,1000,C_acorn_g8,acorn,ACORN,16,8,16,250,10,0.2920,3515.0,275.29,323.92,376.25,389.33,284.50,217,196,5913,36472,42386,15165,27221,0,10,55273.2,20264200,24.3,40
n100k_d768_l2,100000,768,l2,multicluster,0.0100,0.0100,1000,C_acorn_g16,acorn,ACORN,16,16,16,250,10,0.5080,3263.7,303.88,369.04,383.50,499.96,306.40,226,197,6454,37194,43650,15678,27972,0,10,95724.5,23728392,24.3,40
n100k_d768_l2,100000,768,l2,multicluster,0.0100,0.0100,1000,C_acorn_g32,acorn,ACORN,16,32,16,250,10,0.3000,3427.2,285.46,330.29,372.42,384.79,291.78,233,198,6550,37327,43878,15580,28297,0,10,242975.0,30656776,24.3,40
n100k_d768_l2,100000,768,l2,multicluster,0.0100,0.0100,1000,A_std_standard,std,STANDARD,16,1,32,500,10,0.1400,1469.9,682.17,728.88,740.42,765.33,680.31,2056,2056,2056,0,2056,0,0,509,1,41699.6,14033032,25.8,32
n100k_d768_l2,100000,768,l2,multicluster,0.0100,0.0100,1000,B_std_acorn1,std,ACORN,16,1,32,500,10,0.5070,1500.2,658.67,740.00,756.21,872.67,666.58,275,198,6247,126849,133098,27512,105586,0,10,41699.6,14033032,25.8,32
n100k_d768_l2,100000,768,l2,multicluster,0.0100,0.0100,1000,D_large24_standard,large,STANDARD,24,1,48,500,10,0.1400,1454.7,693.67,733.75,792.50,817.12,687.44,2097,2097,2097,0,2097,0,0,507,1,36202.3,20424136,32.9,48
n100k_d768_l2,100000,768,l2,multicluster,0.0100,0.0100,1000,E_large24_acorn1,large,ACORN,24,1,48,500,10,0.3070,890.2,1120.96,1221.92,1231.75,1244.38,1123.34,302,200,9214,248631,257847,51117,206730,0,10,36202.3,20424136,32.9,48
n100k_d768_l2,100000,768,l2,multicluster,0.0100,0.0100,1000,D_large48_standard,large,STANDARD,48,1,96,500,10,0.1400,1436.7,698.50,747.12,753.75,802.38,696.02,2175,2175,2175,0,2175,0,0,505,1,26936.8,39618184,41.1,96
n100k_d768_l2,100000,768,l2,multicluster,0.0100,0.0100,1000,E_large48_acorn1,large,ACORN,48,1,96,500,10,0.3640,387.4,2003.83,4260.25,4565.33,4577.92,2581.37,422,254,17505,624840,642347,123699,518647,0,10,26936.8,39618184,41.1,96
n100k_d768_l2,100000,768,l2,multicluster,0.0100,0.0100,1000,C_acorn_g4,acorn,ACORN,16,4,16,500,10,0.2930,3539.8,275.92,328.50,358.62,530.29,282.50,214,196,5691,36378,42070,15528,26542,0,10,35004.5,18532104,24.2,40
n100k_d768_l2,100000,768,l2,multicluster,0.0100,0.0100,1000,C_acorn_g8,acorn,ACORN,16,8,16,500,10,0.2920,3509.3,279.25,328.29,371.67,454.92,284.96,217,196,5913,36472,42386,15165,27221,0,10,55273.2,20264200,24.3,40
n100k_d768_l2,100000,768,l2,multicluster,0.0100,0.0100,1000,C_acorn_g16,acorn,ACORN,16,16,16,500,10,0.5080,3265.9,300.08,374.79,425.46,491.38,306.20,226,197,6454,37194,43650,15678,27972,0,10,95724.5,23728392,24.3,40
n100k_d768_l2,100000,768,l2,multicluster,0.0100,0.0100,1000,C_acorn_g32,acorn,ACORN,16,32,16,500,10,0.3000,3452.3,284.42,329.25,396.25,400.25,289.67,233,198,6550,37327,43878,15580,28297,0,10,242975.0,30656776,24.3,40
n100k_d768_l2,100000,768,l2,multicluster,0.0050,0.0050,500,F_exact,exact,EXACT,16,0,0,0,10,1.0000,5897.1,166.83,182.12,203.21,220.71,169.58,500,0,0,0,100000,0,0,0,10,0.0,0,0.0,0
n100k_d768_l2,100000,768,l2,multicluster,0.0050,0.0050,500,A_std_standard,std,STANDARD,16,1,32,50,10,0.0850,5622.1,178.92,194.79,199.29,200.75,177.87,1084,1084,1084,0,1084,0,0,60,0,41699.6,14033032,25.8,32
n100k_d768_l2,100000,768,l2,multicluster,0.0050,0.0050,500,B_std_acorn1,std,ACORN,16,1,32,50,10,0.1860,6366.5,154.12,174.83,217.50,219.54,157.07,142,100,1572,36376,37949,5071,32877,0,10,41699.6,14033032,25.8,32
n100k_d768_l2,100000,768,l2,multicluster,0.0050,0.0050,500,D_large24_standard,large,STANDARD,24,1,48,50,10,0.0880,4799.6,207.50,240.46,279.38,283.12,208.35,1324,1324,1324,0,1324,0,0,58,0,36202.3,20424136,32.9,48
n100k_d768_l2,100000,768,l2,multicluster,0.0050,0.0050,500,E_large24_acorn1,large,ACORN,24,1,48,50,10,0.1860,3656.6,268.92,318.25,382.62,401.71,273.48,157,100,2381,73218,75600,8978,66622,0,10,36202.3,20424136,32.9,48
n100k_d768_l2,100000,768,l2,multicluster,0.0050,0.0050,500,D_large48_standard,large,STANDARD,48,1,96,50,10,0.0900,4141.6,242.42,264.88,281.96,297.17,241.45,1587,1587,1587,0,1587,0,0,56,0,26936.8,39618184,41.1,96
n100k_d768_l2,100000,768,l2,multicluster,0.0050,0.0050,500,E_large48_acorn1,large,ACORN,48,1,96,50,10,0.7750,1713.2,564.92,744.71,829.29,968.62,583.70,155,116,3825,155390,159216,18061,141155,0,10,26936.8,39618184,41.1,96
n100k_d768_l2,100000,768,l2,multicluster,0.0050,0.0050,500,C_acorn_g4,acorn,ACORN,16,4,16,50,10,0.0000,449870.9,2.21,2.42,2.58,2.67,2.22,1,1,176,273,450,0,450,0,0,35004.5,18532104,24.2,40
n100k_d768_l2,100000,768,l2,multicluster,0.0050,0.0050,500,C_acorn_g8,acorn,ACORN,16,8,16,50,10,0.0000,488398.1,2.04,2.08,2.12,2.17,2.05,1,1,300,178,479,0,479,0,0,55273.2,20264200,24.3,40
n100k_d768_l2,100000,768,l2,multicluster,0.0050,0.0050,500,C_acorn_g16,acorn,ACORN,16,16,16,50,10,0.3830,13275.5,70.54,100.00,138.75,183.67,75.33,108,99,2494,9601,12096,2745,9350,0,10,95724.5,23728392,24.3,40
n100k_d768_l2,100000,768,l2,multicluster,0.0050,0.0050,500,C_acorn_g32,acorn,ACORN,16,32,16,50,10,0.5610,12971.8,74.71,95.62,122.62,191.62,77.09,111,100,3123,9772,12897,2709,10188,0,10,242975.0,30656776,24.3,40
n100k_d768_l2,100000,768,l2,multicluster,0.0050,0.0050,500,A_std_standard,std,STANDARD,16,1,32,100,10,0.0890,3716.3,270.88,295.29,317.04,324.62,269.09,1503,1503,1503,0,1503,0,0,109,0,41699.6,14033032,25.8,32
n100k_d768_l2,100000,768,l2,multicluster,0.0050,0.0050,500,B_std_acorn1,std,ACORN,16,1,32,100,10,0.1860,3348.8,296.21,318.71,350.75,370.33,298.61,142,100,3168,74208,77377,10425,66952,0,10,41699.6,14033032,25.8,32
n100k_d768_l2,100000,768,l2,multicluster,0.0050,0.0050,500,D_large24_standard,large,STANDARD,24,1,48,100,10,0.0900,3298.3,301.92,353.12,381.25,384.62,303.19,1730,1730,1730,0,1730,0,0,107,0,36202.3,20424136,32.9,48
n100k_d768_l2,100000,768,l2,multicluster,0.0050,0.0050,500,E_large24_acorn1,large,ACORN,24,1,48,100,10,0.1860,1886.9,528.75,562.38,601.33,682.67,529.96,157,100,4757,148281,153040,18243,134796,0,10,36202.3,20424136,32.9,48
n100k_d768_l2,100000,768,l2,multicluster,0.0050,0.0050,500,D_large48_standard,large,STANDARD,48,1,96,100,10,0.0900,3059.2,328.17,355.38,381.33,414.62,326.88,1932,1932,1932,0,1932,0,0,106,0,26936.8,39618184,41.1,96
n100k_d768_l2,100000,768,l2,multicluster,0.0050,0.0050,500,E_large48_acorn1,large,ACORN,48,1,96,100,10,0.7880,920.1,1067.12,1231.21,1344.08,1846.71,1086.80,181,142,7400,301402,308803,35350,273453,0,10,26936.8,39618184,41.1,96
n100k_d768_l2,100000,768,l2,multicluster,0.0050,0.0050,500,C_acorn_g4,acorn,ACORN,16,4,16,100,10,0.0000,529818.2,1.88,2.04,2.17,2.33,1.89,1,1,176,273,450,0,450,0,0,35004.5,18532104,24.2,40
n100k_d768_l2,100000,768,l2,multicluster,0.0050,0.0050,500,C_acorn_g8,acorn,ACORN,16,8,16,100,10,0.0000,559299.8,1.79,1.83,1.83,2.00,1.79,1,1,300,178,479,0,479,0,0,55273.2,20264200,24.3,40
n100k_d768_l2,100000,768,l2,multicluster,0.0050,0.0050,500,C_acorn_g16,acorn,ACORN,16,16,16,100,10,0.3830,7355.1,132.79,156.62,181.04,264.58,135.96,108,99,3890,20839,24731,5991,18739,0,10,95724.5,23728392,24.3,40
n100k_d768_l2,100000,768,l2,multicluster,0.0050,0.0050,500,C_acorn_g32,acorn,ACORN,16,32,16,100,10,0.5610,7285.5,134.96,150.71,157.92,304.62,137.26,111,100,4525,20777,25303,5787,19516,0,10,242975.0,30656776,24.3,40
n100k_d768_l2,100000,768,l2,multicluster,0.0050,0.0050,500,A_std_standard,std,STANDARD,16,1,32,250,10,0.0900,2263.0,444.21,481.71,511.46,514.79,441.90,1924,1924,1924,0,1924,0,0,259,0,41699.6,14033032,25.8,32
n100k_d768_l2,100000,768,l2,multicluster,0.0050,0.0050,500,B_std_acorn1,std,ACORN,16,1,32,250,10,0.1860,3397.1,293.79,313.50,348.83,414.00,294.37,142,100,3168,74208,77377,10425,66952,0,10,41699.6,14033032,25.8,32
n100k_d768_l2,100000,768,l2,multicluster,0.0050,0.0050,500,D_large24_standard,large,STANDARD,24,1,48,250,10,0.0900,2168.2,463.83,512.54,546.04,553.00,461.22,2038,2038,2038,0,2038,0,0,257,0,36202.3,20424136,32.9,48
n100k_d768_l2,100000,768,l2,multicluster,0.0050,0.0050,500,E_large24_acorn1,large,ACORN,24,1,48,250,10,0.1860,1860.9,529.29,562.21,683.17,911.42,537.37,157,100,4757,148281,153040,18243,134796,0,10,36202.3,20424136,32.9,48
n100k_d768_l2,100000,768,l2,multicluster,0.0050,0.0050,500,D_large48_standard,large,STANDARD,48,1,96,250,10,0.0930,2122.7,470.83,508.46,548.38,551.38,471.10,2136,2136,2136,0,2136,0,0,255,0,26936.8,39618184,41.1,96
n100k_d768_l2,100000,768,l2,multicluster,0.0050,0.0050,500,E_large48_acorn1,large,ACORN,48,1,96,250,10,0.8040,458.4,2092.75,2820.08,2898.71,2930.04,2181.42,258,219,14809,603533,618344,71239,547104,0,10,26936.8,39618184,41.1,96
n100k_d768_l2,100000,768,l2,multicluster,0.0050,0.0050,500,C_acorn_g4,acorn,ACORN,16,4,16,250,10,0.0000,441501.1,2.21,2.54,2.75,2.88,2.27,1,1,176,273,450,0,450,0,0,35004.5,18532104,24.2,40
n100k_d768_l2,100000,768,l2,multicluster,0.0050,0.0050,500,C_acorn_g8,acorn,ACORN,16,8,16,250,10,0.0000,501255.6,2.00,2.04,2.08,2.08,1.99,1,1,300,178,479,0,479,0,0,55273.2,20264200,24.3,40
n100k_d768_l2,100000,768,l2,multicluster,0.0050,0.0050,500,C_acorn_g16,acorn,ACORN,16,16,16,250,10,0.3830,7236.2,134.58,160.17,195.38,296.08,138.19,108,99,3890,20839,24731,5991,18739,0,10,95724.5,23728392,24.3,40
n100k_d768_l2,100000,768,l2,multicluster,0.0050,0.0050,500,C_acorn_g32,acorn,ACORN,16,32,16,250,10,0.5610,7249.6,136.54,154.08,162.00,304.00,137.94,111,100,4525,20777,25303,5787,19516,0,10,242975.0,30656776,24.3,40
n100k_d768_l2,100000,768,l2,multicluster,0.0050,0.0050,500,A_std_standard,std,STANDARD,16,1,32,500,10,0.0910,1462.9,684.25,748.75,780.96,783.83,683.58,2056,2056,2056,0,2056,0,0,509,0,41699.6,14033032,25.8,32
n100k_d768_l2,100000,768,l2,multicluster,0.0050,0.0050,500,B_std_acorn1,std,ACORN,16,1,32,500,10,0.1860,3410.7,291.38,318.25,344.42,415.67,293.19,142,100,3168,74208,77377,10425,66952,0,10,41699.6,14033032,25.8,32
n100k_d768_l2,100000,768,l2,multicluster,0.0050,0.0050,500,D_large24_standard,large,STANDARD,24,1,48,500,10,0.0900,1449.2,690.71,752.79,778.33,789.62,690.04,2097,2097,2097,0,2097,0,0,507,0,36202.3,20424136,32.9,48
n100k_d768_l2,100000,768,l2,multicluster,0.0050,0.0050,500,E_large24_acorn1,large,ACORN,24,1,48,500,10,0.1860,1884.3,525.08,585.08,644.25,646.50,530.70,157,100,4757,148281,153040,18243,134796,0,10,36202.3,20424136,32.9,48
n100k_d768_l2,100000,768,l2,multicluster,0.0050,0.0050,500,D_large48_standard,large,STANDARD,48,1,96,500,10,0.0980,1428.0,702.62,752.08,781.75,794.83,700.28,2175,2175,2175,0,2175,0,0,505,1,26936.8,39618184,41.1,96
n100k_d768_l2,100000,768,l2,multicluster,0.0050,0.0050,500,E_large48_acorn1,large,ACORN,48,1,96,500,10,0.8040,430.7,2093.54,3332.88,3443.58,3480.04,2321.61,258,219,15799,643785,659585,76019,583566,0,10,26936.8,39618184,41.1,96
n100k_d768_l2,100000,768,l2,multicluster,0.0050,0.0050,500,C_acorn_g4,acorn,ACORN,16,4,16,500,10,0.0000,430642.8,2.25,2.67,2.75,2.79,2.32,1,1,176,273,450,0,450,0,0,35004.5,18532104,24.2,40
n100k_d768_l2,100000,768,l2,multicluster,0.0050,0.0050,500,C_acorn_g8,acorn,ACORN,16,8,16,500,10,0.0000,487111.0,2.08,2.17,2.17,2.21,2.05,1,1,300,178,479,0,479,0,0,55273.2,20264200,24.3,40
n100k_d768_l2,100000,768,l2,multicluster,0.0050,0.0050,500,C_acorn_g16,acorn,ACORN,16,16,16,500,10,0.3830,7240.6,133.25,166.46,197.17,294.08,138.11,108,99,3890,20839,24731,5991,18739,0,10,95724.5,23728392,24.3,40
n100k_d768_l2,100000,768,l2,multicluster,0.0050,0.0050,500,C_acorn_g32,acorn,ACORN,16,32,16,500,10,0.5610,7205.0,136.38,153.67,193.75,298.96,138.79,111,100,4525,20777,25303,5787,19516,0,10,242975.0,30656776,24.3,40
n100k_d768_l2,100000,768,l2,multicluster,0.0010,0.0010,100,F_exact,exact,EXACT,16,0,0,0,10,1.0000,8522.6,116.04,125.88,130.29,134.75,117.34,100,0,0,0,100000,0,0,0,10,0.0,0,0.0,0
n100k_d768_l2,100000,768,l2,multicluster,0.0010,0.0010,100,A_std_standard,std,STANDARD,16,1,32,50,10,0.1190,5637.0,177.83,196.96,207.46,207.58,177.40,1084,1084,1084,0,1084,0,0,60,1,41699.6,14033032,25.8,32
n100k_d768_l2,100000,768,l2,multicluster,0.0010,0.0010,100,B_std_acorn1,std,ACORN,16,1,32,50,10,0.0000,262469.3,3.79,3.96,4.00,4.54,3.81,1,1,62,1282,1345,0,1345,0,0,41699.6,14033032,25.8,32
n100k_d768_l2,100000,768,l2,multicluster,0.0010,0.0010,100,D_large24_standard,large,STANDARD,24,1,48,50,10,0.1260,4738.5,209.71,229.75,283.75,289.88,211.04,1324,1324,1324,0,1324,0,0,58,1,36202.3,20424136,32.9,48
n100k_d768_l2,100000,768,l2,multicluster,0.0010,0.0010,100,E_large24_acorn1,large,ACORN,24,1,48,50,10,0.0000,217705.1,4.38,4.62,12.00,13.04,4.59,1,1,71,1620,1692,0,1692,0,0,36202.3,20424136,32.9,48
n100k_d768_l2,100000,768,l2,multicluster,0.0010,0.0010,100,D_large48_standard,large,STANDARD,48,1,96,50,10,0.1290,4180.7,242.21,258.17,262.54,275.00,239.19,1587,1587,1587,0,1587,0,0,56,1,26936.8,39618184,41.1,96
n100k_d768_l2,100000,768,l2,multicluster,0.0010,0.0010,100,E_large48_acorn1,large,ACORN,48,1,96,50,10,0.0000,87966.9,11.38,11.54,11.67,11.67,11.37,1,1,116,4599,4716,0,4716,0,0,26936.8,39618184,41.1,96
n100k_d768_l2,100000,768,l2,multicluster,0.0010,0.0010,100,C_acorn_g4,acorn,ACORN,16,4,16,50,10,0.0000,522640.8,1.92,2.04,2.08,2.21,1.91,1,1,176,273,450,0,450,0,0,35004.5,18532104,24.2,40
n100k_d768_l2,100000,768,l2,multicluster,0.0010,0.0010,100,C_acorn_g8,acorn,ACORN,16,8,16,50,10,0.0000,524131.0,1.88,2.04,2.08,2.08,1.91,1,1,300,178,479,0,479,0,0,55273.2,20264200,24.3,40
n100k_d768_l2,100000,768,l2,multicluster,0.0010,0.0010,100,C_acorn_g16,acorn,ACORN,16,16,16,50,10,0.0000,432355.8,2.29,2.38,2.38,2.38,2.31,1,1,556,179,736,0,736,0,0,95724.5,23728392,24.3,40
n100k_d768_l2,100000,768,l2,multicluster,0.0010,0.0010,100,C_acorn_g32,acorn,ACORN,16,32,16,50,10,0.0000,337463.9,2.96,3.00,3.08,3.08,2.96,1,1,881,218,1100,0,1100,0,0,242975.0,30656776,24.3,40
n100k_d768_l2,100000,768,l2,multicluster,0.0010,0.0010,100,A_std_standard,std,STANDARD,16,1,32,100,10,0.1290,3769.1,267.50,290.46,296.46,315.38,265.31,1503,1503,1503,0,1503,0,0,109,1,41699.6,14033032,25.8,32
n100k_d768_l2,100000,768,l2,multicluster,0.0010,0.0010,100,B_std_acorn1,std,ACORN,16,1,32,100,10,0.0000,230022.0,4.25,4.75,5.08,5.33,4.35,1,1,62,1282,1345,0,1345,0,0,41699.6,14033032,25.8,32
n100k_d768_l2,100000,768,l2,multicluster,0.0010,0.0010,100,D_large24_standard,large,STANDARD,24,1,48,100,10,0.1300,3319.3,302.46,327.62,399.00,402.04,301.27,1730,1730,1730,0,1730,0,0,107,1,36202.3,20424136,32.9,48
n100k_d768_l2,100000,768,l2,multicluster,0.0010,0.0010,100,E_large24_acorn1,large,ACORN,24,1,48,100,10,0.0000,223818.8,4.42,4.75,5.54,5.67,4.47,1,1,71,1620,1692,0,1692,0,0,36202.3,20424136,32.9,48
n100k_d768_l2,100000,768,l2,multicluster,0.0010,0.0010,100,D_large48_standard,large,STANDARD,48,1,96,100,10,0.1300,3064.5,327.29,351.62,357.29,358.04,326.32,1932,1932,1932,0,1932,0,0,106,1,26936.8,39618184,41.1,96
n100k_d768_l2,100000,768,l2,multicluster,0.0010,0.0010,100,E_large48_acorn1,large,ACORN,48,1,96,100,10,0.0000,109409.4,9.00,9.79,11.12,11.21,9.14,1,1,116,4599,4716,0,4716,0,0,26936.8,39618184,41.1,96
n100k_d768_l2,100000,768,l2,multicluster,0.0010,0.0010,100,C_acorn_g4,acorn,ACORN,16,4,16,100,10,0.0000,536673.6,1.88,1.92,1.96,2.12,1.86,1,1,176,273,450,0,450,0,0,35004.5,18532104,24.2,40
n100k_d768_l2,100000,768,l2,multicluster,0.0010,0.0010,100,C_acorn_g8,acorn,ACORN,16,8,16,100,10,0.0000,561927.2,1.79,1.83,1.83,1.92,1.78,1,1,300,178,479,0,479,0,0,55273.2,20264200,24.3,40
n100k_d768_l2,100000,768,l2,multicluster,0.0010,0.0010,100,C_acorn_g16,acorn,ACORN,16,16,16,100,10,0.0000,466646.4,2.12,2.21,2.21,2.25,2.14,1,1,556,179,736,0,736,0,0,95724.5,23728392,24.3,40
n100k_d768_l2,100000,768,l2,multicluster,0.0010,0.0010,100,C_acorn_g32,acorn,ACORN,16,32,16,100,10,0.0000,374589.4,2.67,2.71,2.75,2.79,2.67,1,1,881,218,1100,0,1100,0,0,242975.0,30656776,24.3,40
n100k_d768_l2,100000,768,l2,multicluster,0.0010,0.0010,100,A_std_standard,std,STANDARD,16,1,32,250,10,0.1300,2268.2,445.88,472.08,484.00,492.79,440.89,1924,1924,1924,0,1924,0,0,259,1,41699.6,14033032,25.8,32
n100k_d768_l2,100000,768,l2,multicluster,0.0010,0.0010,100,B_std_acorn1,std,ACORN,16,1,32,250,10,0.0000,262434.8,3.75,4.04,4.08,4.38,3.81,1,1,62,1282,1345,0,1345,0,0,41699.6,14033032,25.8,32
n100k_d768_l2,100000,768,l2,multicluster,0.0010,0.0010,100,D_large24_standard,large,STANDARD,24,1,48,250,10,0.1300,2172.9,461.79,499.04,553.42,566.04,460.22,2038,2038,2038,0,2038,0,0,257,1,36202.3,20424136,32.9,48
n100k_d768_l2,100000,768,l2,multicluster,0.0010,0.0010,100,E_large24_acorn1,large,ACORN,24,1,48,250,10,0.0000,215535.4,4.54,5.12,5.29,5.71,4.64,1,1,71,1620,1692,0,1692,0,0,36202.3,20424136,32.9,48
n100k_d768_l2,100000,768,l2,multicluster,0.0010,0.0010,100,D_large48_standard,large,STANDARD,48,1,96,250,10,0.1300,2131.2,473.25,504.88,517.92,518.83,469.21,2136,2136,2136,0,2136,0,0,255,1,26936.8,39618184,41.1,96
n100k_d768_l2,100000,768,l2,multicluster,0.0010,0.0010,100,E_large48_acorn1,large,ACORN,48,1,96,250,10,0.0000,109274.6,9.12,9.50,9.67,9.67,9.15,1,1,116,4599,4716,0,4716,0,0,26936.8,39618184,41.1,96
n100k_d768_l2,100000,768,l2,multicluster,0.0010,0.0010,100,C_acorn_g4,acorn,ACORN,16,4,16,250,10,0.0000,521972.4,1.92,1.96,2.04,2.12,1.92,1,1,176,273,450,0,450,0,0,35004.5,18532104,24.2,40
n100k_d768_l2,100000,768,l2,multicluster,0.0010,0.0010,100,C_acorn_g8,acorn,ACORN,16,8,16,250,10,0.0000,527014.8,1.83,1.92,1.96,8.71,1.90,1,1,300,178,479,0,479,0,0,55273.2,20264200,24.3,40
n100k_d768_l2,100000,768,l2,multicluster,0.0010,0.0010,100,C_acorn_g16,acorn,ACORN,16,16,16,250,10,0.0000,455923.6,2.17,2.29,2.33,2.42,2.19,1,1,556,179,736,0,736,0,0,95724.5,23728392,24.3,40
n100k_d768_l2,100000,768,l2,multicluster,0.0010,0.0010,100,C_acorn_g32,acorn,ACORN,16,32,16,250,10,0.0000,338320.2,2.71,2.88,10.88,17.46,2.96,1,1,881,218,1100,0,1100,0,0,242975.0,30656776,24.3,40
n100k_d768_l2,100000,768,l2,multicluster,0.0010,0.0010,100,A_std_standard,std,STANDARD,16,1,32,500,10,0.1300,1475.1,680.25,723.50,736.12,743.29,677.91,2056,2056,2056,0,2056,0,0,509,1,41699.6,14033032,25.8,32
n100k_d768_l2,100000,768,l2,multicluster,0.0010,0.0010,100,B_std_acorn1,std,ACORN,16,1,32,500,10,0.0000,246532.5,3.54,4.38,8.42,46.12,4.06,1,1,62,1282,1345,0,1345,0,0,41699.6,14033032,25.8,32
n100k_d768_l2,100000,768,l2,multicluster,0.0010,0.0010,100,D_large24_standard,large,STANDARD,24,1,48,500,10,0.1300,1447.9,689.92,757.71,789.88,841.04,690.64,2097,2097,2097,0,2097,0,0,507,1,36202.3,20424136,32.9,48
n100k_d768_l2,100000,768,l2,multicluster,0.0010,0.0010,100,E_large24_acorn1,large,ACORN,24,1,48,500,10,0.0000,216958.3,4.54,4.92,5.00,5.25,4.61,1,1,71,1620,1692,0,1692,0,0,36202.3,20424136,32.9,48
n100k_d768_l2,100000,768,l2,multicluster,0.0010,0.0010,100,D_large48_standard,large,STANDARD,48,1,96,500,10,0.1300,1427.2,701.96,752.58,775.75,777.17,700.66,2175,2175,2175,0,2175,0,0,505,1,26936.8,39618184,41.1,96
n100k_d768_l2,100000,768,l2,multicluster,0.0010,0.0010,100,E_large48_acorn1,large,ACORN,48,1,96,500,10,0.0000,104293.4,9.50,9.88,10.54,13.79,9.59,1,1,116,4599,4716,0,4716,0,0,26936.8,39618184,41.1,96
n100k_d768_l2,100000,768,l2,multicluster,0.0010,0.0010,100,C_acorn_g4,acorn,ACORN,16,4,16,500,10,0.0000,459065.2,2.17,2.25,2.33,2.54,2.18,1,1,176,273,450,0,450,0,0,35004.5,18532104,24.2,40
n100k_d768_l2,100000,768,l2,multicluster,0.0010,0.0010,100,C_acorn_g8,acorn,ACORN,16,8,16,500,10,0.0000,467374.9,2.12,2.25,2.29,2.29,2.14,1,1,300,178,479,0,479,0,0,55273.2,20264200,24.3,40
n100k_d768_l2,100000,768,l2,multicluster,0.0010,0.0010,100,C_acorn_g16,acorn,ACORN,16,16,16,500,10,0.0000,380288.9,2.54,2.67,2.71,11.71,2.63,1,1,556,179,736,0,736,0,0,95724.5,23728392,24.3,40
n100k_d768_l2,100000,768,l2,multicluster,0.0010,0.0010,100,C_acorn_g32,acorn,ACORN,16,32,16,500,10,0.0000,299059.2,3.17,3.33,9.04,9.42,3.34,1,1,881,218,1100,0,1100,0,0,242975.0,30656776,24.3,40
