tag,n,d,metric,filter,sel_target,sel_actual,cand,baseline,graph,mode,M,gamma,M_beta,ef,k,recall,qps,p50_us,p95_us,p99_us,max_us,mean_us,ndis,nodes_visited,first_hop,second_hop,sel_checks,accepted,rejected,hops,results_returned,build_ms,graph_bytes,avg_deg0,max_deg0
n100k_d128_ip,100000,128,ip,random,0.5000,0.5000,50000,F_exact,exact,EXACT,16,0,0,0,10,1.0000,227.3,4392.25,4511.92,4528.38,4538.62,4398.87,50000,0,0,0,100000,0,0,0,10,0.0,0,0.0,0
n100k_d128_ip,100000,128,ip,random,0.5000,0.5000,50000,A_std_standard,std,STANDARD,16,1,32,50,10,0.8890,14228.3,70.08,83.58,127.46,128.46,70.28,1037,1037,1037,0,1037,0,0,59,10,11836.8,14033032,24.5,32
n100k_d128_ip,100000,128,ip,random,0.5000,0.5000,50000,B_std_acorn1,std,ACORN,16,1,32,50,10,0.8540,6511.2,152.88,216.62,235.21,239.46,153.58,1038,923,598,5131,5730,2957,2773,0,10,11836.8,14033032,24.5,32
n100k_d128_ip,100000,128,ip,random,0.5000,0.5000,50000,D_large24_standard,large,STANDARD,24,1,48,50,10,0.9420,12307.1,81.25,96.58,151.42,172.88,81.25,1209,1209,1209,0,1209,0,0,57,10,10422.4,20424136,30.4,48
n100k_d128_ip,100000,128,ip,random,0.5000,0.5000,50000,E_large24_acorn1,large,ACORN,24,1,48,50,10,0.9800,4563.8,212.75,302.67,362.83,462.21,219.12,1177,1034,905,11226,12133,6232,5900,0,10,10422.4,20424136,30.4,48
n100k_d128_ip,100000,128,ip,random,0.5000,0.5000,50000,D_large48_standard,large,STANDARD,48,1,96,50,10,0.9580,11197.5,89.54,101.25,171.46,175.21,89.31,1433,1433,1433,0,1433,0,0,56,10,9627.1,39618184,35.7,96
n100k_d128_ip,100000,128,ip,random,0.5000,0.5000,50000,E_large48_acorn1,large,ACORN,48,1,96,50,10,1.0000,2455.3,391.92,526.00,657.79,697.00,407.27,1509,1302,1618,32228,33848,17280,16567,0,10,9627.1,39618184,35.7,96
n100k_d128_ip,100000,128,ip,random,0.5000,0.5000,50000,C_acorn_g4,acorn,ACORN,16,4,16,50,10,0.8000,9583.7,105.21,117.92,159.83,206.50,104.34,737,647,1282,2325,3608,1845,1763,0,10,12336.4,18532104,24.5,40
n100k_d128_ip,100000,128,ip,random,0.5000,0.5000,50000,C_acorn_g8,acorn,ACORN,16,8,16,50,10,0.7770,9156.8,106.46,136.83,211.58,302.12,109.21,735,645,1271,2312,3585,1833,1752,0,10,19233.8,20264200,24.6,40
n100k_d128_ip,100000,128,ip,random,0.5000,0.5000,50000,C_acorn_g16,acorn,ACORN,16,16,16,50,10,0.8150,9344.1,106.83,150.12,169.54,195.38,107.02,775,685,1286,2335,3622,1850,1771,0,10,39363.7,23728392,24.6,40
n100k_d128_ip,100000,128,ip,random,0.5000,0.5000,50000,C_acorn_g32,acorn,ACORN,16,32,16,50,10,0.6430,9093.7,106.12,157.58,198.83,212.38,109.97,821,742,1327,2546,3874,1967,1907,0,10,99104.9,30656776,24.6,40
n100k_d128_ip,100000,128,ip,random,0.5000,0.5000,50000,A_std_standard,std,STANDARD,16,1,32,100,10,0.9710,8129.7,123.08,146.00,208.58,265.62,123.01,1461,1461,1461,0,1461,0,0,108,10,11836.8,14033032,24.5,32
n100k_d128_ip,100000,128,ip,random,0.5000,0.5000,50000,B_std_acorn1,std,ACORN,16,1,32,100,10,0.9380,2911.6,335.04,493.58,543.54,617.83,343.46,1205,1090,1858,20695,22555,11653,10901,0,10,11836.8,14033032,24.5,32
n100k_d128_ip,100000,128,ip,random,0.5000,0.5000,50000,D_large24_standard,large,STANDARD,24,1,48,100,10,0.9940,7615.6,130.38,152.88,210.96,290.54,131.31,1631,1631,1631,0,1631,0,0,107,10,10422.4,20424136,30.4,48
n100k_d128_ip,100000,128,ip,random,0.5000,0.5000,50000,E_large24_acorn1,large,ACORN,24,1,48,100,10,1.0000,2044.7,488.33,572.50,764.96,875.67,489.06,1235,1092,2614,39836,42452,21798,20654,0,10,10422.4,20424136,30.4,48
n100k_d128_ip,100000,128,ip,random,0.5000,0.5000,50000,D_large48_standard,large,STANDARD,48,1,96,100,10,0.9910,7275.7,138.62,162.25,173.79,245.88,137.44,1814,1814,1814,0,1814,0,0,106,10,9627.1,39618184,35.7,96
n100k_d128_ip,100000,128,ip,random,0.5000,0.5000,50000,E_large48_acorn1,large,ACORN,48,1,96,100,10,1.0000,1264.5,777.00,934.25,1075.00,1083.46,790.80,1537,1329,3725,78239,81966,41856,40109,0,10,9627.1,39618184,35.7,96
n100k_d128_ip,100000,128,ip,random,0.5000,0.5000,50000,C_acorn_g4,acorn,ACORN,16,4,16,100,10,0.8620,5461.7,181.92,217.67,261.92,301.38,183.09,922,832,2427,4916,7344,3757,3586,0,10,12336.4,18532104,24.5,40
n100k_d128_ip,100000,128,ip,random,0.5000,0.5000,50000,C_acorn_g8,acorn,ACORN,16,8,16,100,10,0.8430,5517.9,182.29,218.62,279.58,309.04,181.23,934,844,2462,5011,7474,3829,3644,0,10,19233.8,20264200,24.6,40
n100k_d128_ip,100000,128,ip,random,0.5000,0.5000,50000,C_acorn_g16,acorn,ACORN,16,16,16,100,10,0.8860,5401.4,184.33,243.38,280.33,324.21,185.14,976,885,2434,4844,7280,3721,3558,0,10,39363.7,23728392,24.6,40
n100k_d128_ip,100000,128,ip,random,0.5000,0.5000,50000,C_acorn_g32,acorn,ACORN,16,32,16,100,10,0.6970,5211.7,186.25,281.17,356.46,379.75,191.87,1037,957,2501,5112,7615,3872,3743,0,10,99104.9,30656776,24.6,40
n100k_d128_ip,100000,128,ip,random,0.5000,0.5000,50000,A_std_standard,std,STANDARD,16,1,32,250,10,0.9900,4037.8,251.29,276.75,366.88,419.00,247.66,1920,1920,1920,0,1920,0,0,258,10,11836.8,14033032,24.5,32
n100k_d128_ip,100000,128,ip,random,0.5000,0.5000,50000,B_std_acorn1,std,ACORN,16,1,32,250,10,0.9780,1130.6,835.71,1128.71,1813.75,1884.46,884.45,1289,1174,5999,75326,81327,41982,39345,0,10,11836.8,14033032,24.5,32
n100k_d128_ip,100000,128,ip,random,0.5000,0.5000,50000,D_large24_standard,large,STANDARD,24,1,48,250,10,1.0000,3907.5,258.17,295.00,368.54,386.46,255.92,1994,1994,1994,0,1994,0,0,257,10,10422.4,20424136,30.4,48
n100k_d128_ip,100000,128,ip,random,0.5000,0.5000,50000,E_large24_acorn1,large,ACORN,24,1,48,250,10,1.0000,831.4,1181.50,1421.04,1636.71,1799.62,1202.78,1258,1115,7600,123704,131306,67431,63875,0,10,10422.4,20424136,30.4,48
n100k_d128_ip,100000,128,ip,random,0.5000,0.5000,50000,D_large48_standard,large,STANDARD,48,1,96,250,10,1.0000,3838.1,264.04,287.92,379.92,398.54,260.55,2102,2102,2102,0,2102,0,0,255,10,9627.1,39618184,35.7,96
n100k_d128_ip,100000,128,ip,random,0.5000,0.5000,50000,E_large48_acorn1,large,ACORN,48,1,96,250,10,1.0000,555.8,1787.58,2014.62,2213.46,2361.75,1799.26,1629,1422,9711,208192,217904,111289,106614,0,10,9627.1,39618184,35.7,96
n100k_d128_ip,100000,128,ip,random,0.5000,0.5000,50000,C_acorn_g4,acorn,ACORN,16,4,16,250,10,0.8960,2334.2,423.88,528.33,690.67,774.71,428.41,1094,1004,6197,16774,22973,11801,11171,0,10,12336.4,18532104,24.5,40
n100k_d128_ip,100000,128,ip,random,0.5000,0.5000,50000,C_acorn_g8,acorn,ACORN,16,8,16,250,10,0.8590,2363.0,425.17,505.96,593.67,699.21,423.20,1070,980,6128,16816,22945,11800,11145,0,10,19233.8,20264200,24.6,40
n100k_d128_ip,100000,128,ip,random,0.5000,0.5000,50000,C_acorn_g16,acorn,ACORN,16,16,16,250,10,0.8970,2342.6,425.38,511.42,623.33,878.67,426.87,1129,1038,6156,16594,22751,11694,11057,0,10,39363.7,23728392,24.6,40
n100k_d128_ip,100000,128,ip,random,0.5000,0.5000,50000,C_acorn_g32,acorn,ACORN,16,32,16,250,10,0.7540,2214.2,435.29,658.79,747.54,965.67,451.63,1233,1153,6374,17394,23770,12142,11627,0,10,99104.9,30656776,24.6,40
n100k_d128_ip,100000,128,ip,random,0.5000,0.5000,50000,A_std_standard,std,STANDARD,16,1,32,500,10,0.9990,2052.2,483.88,577.33,647.75,1042.75,487.29,2087,2087,2087,0,2087,0,0,513,10,11836.8,14033032,24.5,32
n100k_d128_ip,100000,128,ip,random,0.5000,0.5000,50000,B_std_acorn1,std,ACORN,16,1,32,500,10,0.9980,580.8,1636.50,2501.75,2828.71,3058.17,1721.67,1340,1225,12496,161193,173691,89629,84062,0,10,11836.8,14033032,24.5,32
n100k_d128_ip,100000,128,ip,random,0.5000,0.5000,50000,D_large24_standard,large,STANDARD,24,1,48,500,10,1.0000,2014.0,492.29,552.92,657.42,666.25,496.53,2074,2074,2074,0,2074,0,0,507,10,10422.4,20424136,30.4,48
n100k_d128_ip,100000,128,ip,random,0.5000,0.5000,50000,E_large24_acorn1,large,ACORN,24,1,48,500,10,1.0000,427.7,2319.67,2547.62,2858.96,2934.25,2337.91,1302,1159,15492,256778,272272,139756,132515,0,10,10422.4,20424136,30.4,48
n100k_d128_ip,100000,128,ip,random,0.5000,0.5000,50000,D_large48_standard,large,STANDARD,48,1,96,500,10,1.0000,2005.4,496.38,564.29,619.96,670.33,498.66,2169,2169,2169,0,2169,0,0,505,10,9627.1,39618184,35.7,96
n100k_d128_ip,100000,128,ip,random,0.5000,0.5000,50000,E_large48_acorn1,large,ACORN,48,1,96,500,10,1.0000,293.9,3399.42,3680.04,3852.62,3860.12,3402.46,1762,1554,19010,410567,429578,219442,210136,0,10,9627.1,39618184,35.7,96
n100k_d128_ip,100000,128,ip,random,0.5000,0.5000,50000,C_acorn_g4,acorn,ACORN,16,4,16,500,10,0.8980,1142.0,865.92,1046.08,1282.58,1302.38,875.63,1188,1097,12334,40122,52457,27032,25425,0,10,12336.4,18532104,24.5,40
n100k_d128_ip,100000,128,ip,random,0.5000,0.5000,50000,C_acorn_g8,acorn,ACORN,16,8,16,500,10,0.8690,1150.4,868.38,1015.58,1187.67,1306.88,869.24,1142,1051,12311,41064,53376,27504,25871,0,10,19233.8,20264200,24.6,40
n100k_d128_ip,100000,128,ip,random,0.5000,0.5000,50000,C_acorn_g16,acorn,ACORN,16,16,16,500,10,0.9070,1132.0,869.79,1030.54,1325.08,1534.83,883.41,1174,1083,12447,41608,54057,27859,26198,0,10,39363.7,23728392,24.6,40
n100k_d128_ip,100000,128,ip,random,0.5000,0.5000,50000,C_acorn_g32,acorn,ACORN,16,32,16,500,10,0.7940,1069.5,896.17,1362.96,1542.04,1921.00,935.03,1336,1256,12896,43170,56068,28728,27339,0,10,99104.9,30656776,24.6,40
n100k_d128_ip,100000,128,ip,random,0.5000,0.5000,50000,F_exact,exact,EXACT,16,0,0,0,100,1.0000,226.5,4417.46,4516.29,4540.58,4560.50,4415.15,50000,0,0,0,100000,0,0,0,100,0.0,0,0.0,0
n100k_d128_ip,100000,128,ip,random,0.5000,0.5000,50000,A_std_standard,std,STANDARD,16,1,32,50,100,0.7932,10733.4,92.58,109.38,123.50,194.96,93.17,1038,1038,1038,0,1038,0,0,59,100,11836.8,14033032,24.5,32
n100k_d128_ip,100000,128,ip,random,0.5000,0.5000,50000,B_std_acorn1,std,ACORN,16,1,32,50,100,0.8451,5614.4,175.71,225.50,260.17,341.71,178.11,1038,923,598,5131,5730,2957,2773,0,100,11836.8,14033032,24.5,32
n100k_d128_ip,100000,128,ip,random,0.5000,0.5000,50000,D_large24_standard,large,STANDARD,24,1,48,50,100,0.8645,9572.5,104.96,116.79,140.33,224.67,104.47,1209,1209,1209,0,1209,0,0,57,100,10422.4,20424136,30.4,48
n100k_d128_ip,100000,128,ip,random,0.5000,0.5000,50000,E_large24_acorn1,large,ACORN,24,1,48,50,100,0.9796,4162.7,233.96,316.75,344.21,511.42,240.23,1177,1034,905,11226,12133,6232,5900,0,100,10422.4,20424136,30.4,48
n100k_d128_ip,100000,128,ip,random,0.5000,0.5000,50000,D_large48_standard,large,STANDARD,48,1,96,50,100,0.9113,8811.7,111.71,143.58,169.17,217.71,113.49,1433,1433,1433,0,1433,0,0,56,100,9627.1,39618184,35.7,96
n100k_d128_ip,100000,128,ip,random,0.5000,0.5000,50000,E_large48_acorn1,large,ACORN,48,1,96,50,100,0.9994,2276.2,419.83,600.42,718.54,726.71,439.32,1509,1302,1618,32229,33849,17281,16568,0,100,9627.1,39618184,35.7,96
n100k_d128_ip,100000,128,ip,random,0.5000,0.5000,50000,C_acorn_g4,acorn,ACORN,16,4,16,50,100,0.7451,7947.3,125.08,153.96,222.79,245.50,125.83,737,647,1282,2325,3609,1845,1763,0,100,12336.4,18532104,24.5,40
n100k_d128_ip,100000,128,ip,random,0.5000,0.5000,50000,C_acorn_g8,acorn,ACORN,16,8,16,50,100,0.7358,8209.2,123.33,147.00,165.17,167.46,121.81,735,645,1271,2312,3585,1833,1752,0,99,19233.8,20264200,24.6,40
n100k_d128_ip,100000,128,ip,random,0.5000,0.5000,50000,C_acorn_g16,acorn,ACORN,16,16,16,50,100,0.7718,7834.7,124.88,161.92,208.75,264.50,127.64,775,685,1286,2335,3622,1850,1771,0,100,39363.7,23728392,24.6,40
n100k_d128_ip,100000,128,ip,random,0.5000,0.5000,50000,C_acorn_g32,acorn,ACORN,16,32,16,50,100,0.6102,7579.5,125.21,183.83,226.54,231.83,131.93,821,742,1327,2546,3874,1967,1907,0,100,99104.9,30656776,24.6,40
n100k_d128_ip,100000,128,ip,random,0.5000,0.5000,50000,A_std_standard,std,STANDARD,16,1,32,100,100,0.9328,7407.2,134.83,154.17,217.83,259.67,135.00,1461,1461,1461,0,1461,0,0,108,100,11836.8,14033032,24.5,32
n100k_d128_ip,100000,128,ip,random,0.5000,0.5000,50000,B_std_acorn1,std,ACORN,16,1,32,100,100,0.9378,2791.8,349.54,483.25,587.21,647.00,358.20,1205,1090,1858,20695,22555,11653,10901,0,100,11836.8,14033032,24.5,32
n100k_d128_ip,100000,128,ip,random,0.5000,0.5000,50000,D_large24_standard,large,STANDARD,24,1,48,100,100,0.9731,6935.4,147.58,168.58,205.96,236.88,144.19,1631,1631,1631,0,1631,0,0,107,100,10422.4,20424136,30.4,48
n100k_d128_ip,100000,128,ip,random,0.5000,0.5000,50000,E_large24_acorn1,large,ACORN,24,1,48,100,100,0.9994,1988.3,489.38,596.79,765.96,1224.71,502.94,1235,1092,2614,39836,42452,21798,20654,0,100,10422.4,20424136,30.4,48
n100k_d128_ip,100000,128,ip,random,0.5000,0.5000,50000,D_large48_standard,large,STANDARD,48,1,96,100,100,0.9829,6513.6,153.62,182.79,275.54,290.71,153.52,1814,1814,1814,0,1814,0,0,106,100,9627.1,39618184,35.7,96
n100k_d128_ip,100000,128,ip,random,0.5000,0.5000,50000,E_large48_acorn1,large,ACORN,48,1,96,100,100,0.9999,1209.4,807.00,1024.08,1148.67,1277.58,826.88,1537,1329,3725,78239,81966,41856,40109,0,100,9627.1,39618184,35.7,96
n100k_d128_ip,100000,128,ip,random,0.5000,0.5000,50000,C_acorn_g4,acorn,ACORN,16,4,16,100,100,0.8377,5326.8,189.62,218.83,285.38,310.17,187.73,922,832,2427,4916,7344,3757,3586,0,100,12336.4,18532104,24.5,40
n100k_d128_ip,100000,128,ip,random,0.5000,0.5000,50000,C_acorn_g8,acorn,ACORN,16,8,16,100,100,0.8331,5179.9,193.17,250.71,305.96,345.79,193.05,934,844,2462,5011,7474,3829,3644,0,99,19233.8,20264200,24.6,40
n100k_d128_ip,100000,128,ip,random,0.5000,0.5000,50000,C_acorn_g16,acorn,ACORN,16,16,16,100,100,0.8668,5264.1,187.83,247.21,320.62,323.17,189.97,976,885,2434,4844,7280,3721,3558,0,100,39363.7,23728392,24.6,40
n100k_d128_ip,100000,128,ip,random,0.5000,0.5000,50000,C_acorn_g32,acorn,ACORN,16,32,16,100,100,0.6860,4935.6,194.12,301.62,335.17,367.79,202.61,1037,957,2501,5112,7615,3872,3743,0,100,99104.9,30656776,24.6,40
n100k_d128_ip,100000,128,ip,random,0.5000,0.5000,50000,A_std_standard,std,STANDARD,16,1,32,250,100,0.9854,3818.3,264.38,300.88,372.46,407.21,261.90,1920,1920,1920,0,1920,0,0,258,100,11836.8,14033032,24.5,32
n100k_d128_ip,100000,128,ip,random,0.5000,0.5000,50000,B_std_acorn1,std,ACORN,16,1,32,250,100,0.9781,1104.7,860.46,1237.58,1806.83,1865.96,905.24,1289,1174,5999,75326,81327,41982,39345,0,100,11836.8,14033032,24.5,32
n100k_d128_ip,100000,128,ip,random,0.5000,0.5000,50000,D_large24_standard,large,STANDARD,24,1,48,250,100,0.9983,3723.7,270.42,303.58,383.21,416.62,268.55,1994,1994,1994,0,1994,0,0,257,100,10422.4,20424136,30.4,48
n100k_d128_ip,100000,128,ip,random,0.5000,0.5000,50000,E_large24_acorn1,large,ACORN,24,1,48,250,100,0.9994,821.6,1200.21,1422.79,1539.08,1644.75,1217.11,1258,1115,7600,123704,131306,67431,63875,0,100,10422.4,20424136,30.4,48
n100k_d128_ip,100000,128,ip,random,0.5000,0.5000,50000,D_large48_standard,large,STANDARD,48,1,96,250,100,0.9997,3628.7,276.71,314.08,380.17,440.46,275.58,2102,2102,2102,0,2102,0,0,255,100,9627.1,39618184,35.7,96
n100k_d128_ip,100000,128,ip,random,0.5000,0.5000,50000,E_large48_acorn1,large,ACORN,48,1,96,250,100,0.9999,546.9,1807.83,2044.83,2276.50,2358.46,1828.38,1629,1422,9711,208192,217904,111289,106614,0,100,9627.1,39618184,35.7,96
n100k_d128_ip,100000,128,ip,random,0.5000,0.5000,50000,C_acorn_g4,acorn,ACORN,16,4,16,250,100,0.8882,2285.6,434.58,547.79,723.25,787.42,437.53,1094,1004,6197,16774,22973,11801,11171,0,100,12336.4,18532104,24.5,40
n100k_d128_ip,100000,128,ip,random,0.5000,0.5000,50000,C_acorn_g8,acorn,ACORN,16,8,16,250,100,0.8649,2297.2,441.96,519.04,556.33,654.17,435.31,1070,980,6128,16816,22945,11800,11145,0,99,19233.8,20264200,24.6,40
n100k_d128_ip,100000,128,ip,random,0.5000,0.5000,50000,C_acorn_g16,acorn,ACORN,16,16,16,250,100,0.8972,2286.7,438.50,524.25,588.62,782.33,437.31,1129,1038,6156,16594,22751,11694,11057,0,100,39363.7,23728392,24.6,40
n100k_d128_ip,100000,128,ip,random,0.5000,0.5000,50000,C_acorn_g32,acorn,ACORN,16,32,16,250,100,0.7586,2133.3,444.96,689.46,788.33,798.21,468.75,1233,1153,6374,17394,23770,12142,11627,0,100,99104.9,30656776,24.6,40
n100k_d128_ip,100000,128,ip,random,0.5000,0.5000,50000,A_std_standard,std,STANDARD,16,1,32,500,100,0.9981,1992.6,499.62,536.79,684.33,1077.58,501.87,2087,2087,2087,0,2087,0,0,513,100,11836.8,14033032,24.5,32
n100k_d128_ip,100000,128,ip,random,0.5000,0.5000,50000,B_std_acorn1,std,ACORN,16,1,32,500,100,0.9981,571.8,1653.96,2645.67,2744.21,3279.58,1749.00,1340,1225,12496,161193,173691,89629,84062,0,100,11836.8,14033032,24.5,32
n100k_d128_ip,100000,128,ip,random,0.5000,0.5000,50000,D_large24_standard,large,STANDARD,24,1,48,500,100,0.9994,1993.5,504.08,562.83,620.96,627.25,501.63,2074,2074,2074,0,2074,0,0,507,100,10422.4,20424136,30.4,48
n100k_d128_ip,100000,128,ip,random,0.5000,0.5000,50000,E_large24_acorn1,large,ACORN,24,1,48,500,100,0.9994,423.6,2345.92,2581.67,2749.25,2802.50,2360.80,1302,1159,15492,256778,272272,139756,132515,0,100,10422.4,20424136,30.4,48
n100k_d128_ip,100000,128,ip,random,0.5000,0.5000,50000,D_large48_standard,large,STANDARD,48,1,96,500,100,0.9999,1948.0,511.75,580.83,668.50,672.38,513.34,2169,2169,2169,0,2169,0,0,505,100,9627.1,39618184,35.7,96
n100k_d128_ip,100000,128,ip,random,0.5000,0.5000,50000,E_large48_acorn1,large,ACORN,48,1,96,500,100,0.9999,292.0,3403.83,3715.04,3913.79,3997.17,3424.21,1762,1554,19010,410567,429578,219442,210136,0,100,9627.1,39618184,35.7,96
n100k_d128_ip,100000,128,ip,random,0.5000,0.5000,50000,C_acorn_g4,acorn,ACORN,16,4,16,500,100,0.8908,1128.7,882.33,1027.33,1211.08,1419.58,886.00,1188,1097,12334,40122,52457,27032,25425,0,100,12336.4,18532104,24.5,40
n100k_d128_ip,100000,128,ip,random,0.5000,0.5000,50000,C_acorn_g8,acorn,ACORN,16,8,16,500,100,0.8751,1125.5,888.29,1068.92,1170.88,1508.33,888.51,1142,1051,12311,41064,53376,27504,25871,0,99,19233.8,20264200,24.6,40
n100k_d128_ip,100000,128,ip,random,0.5000,0.5000,50000,C_acorn_g16,acorn,ACORN,16,16,16,500,100,0.9073,1121.8,874.92,1033.33,1472.96,1740.71,891.46,1174,1083,12447,41608,54057,27859,26198,0,100,39363.7,23728392,24.6,40
n100k_d128_ip,100000,128,ip,random,0.5000,0.5000,50000,C_acorn_g32,acorn,ACORN,16,32,16,500,100,0.7987,1048.6,909.67,1432.50,1533.42,1973.17,953.63,1336,1256,12896,43170,56068,28728,27339,0,100,99104.9,30656776,24.6,40
n100k_d128_ip,100000,128,ip,random,0.2500,0.2500,25000,F_exact,exact,EXACT,16,0,0,0,10,1.0000,435.0,2306.75,2397.12,2434.71,2435.79,2298.88,25000,0,0,0,100000,0,0,0,10,0.0,0,0.0,0
n100k_d128_ip,100000,128,ip,random,0.2500,0.2500,25000,A_std_standard,std,STANDARD,16,1,32,50,10,0.8800,14147.0,69.83,83.00,122.92,178.75,70.69,1037,1037,1037,0,1037,0,0,59,10,11836.8,14033032,24.5,32
n100k_d128_ip,100000,128,ip,random,0.2500,0.2500,25000,B_std_acorn1,std,ACORN,16,1,32,50,10,0.9690,4359.5,227.50,312.71,364.79,369.83,229.39,660,533,1152,19460,20613,5609,15004,0,10,11836.8,14033032,24.5,32
n100k_d128_ip,100000,128,ip,random,0.2500,0.2500,25000,D_large24_standard,large,STANDARD,24,1,48,50,10,0.9280,12629.8,80.17,92.25,107.12,137.83,79.18,1209,1209,1209,0,1209,0,0,57,10,10422.4,20424136,30.4,48
n100k_d128_ip,100000,128,ip,random,0.2500,0.2500,25000,E_large24_acorn1,large,ACORN,24,1,48,50,10,0.9300,3170.9,315.88,386.79,440.21,468.54,315.37,664,508,1500,34295,35796,9622,26174,0,10,10422.4,20424136,30.4,48
n100k_d128_ip,100000,128,ip,random,0.2500,0.2500,25000,D_large48_standard,large,STANDARD,48,1,96,50,10,0.9450,11104.5,90.21,102.00,119.50,192.79,90.05,1433,1433,1433,0,1433,0,0,56,10,9627.1,39618184,35.7,96
n100k_d128_ip,100000,128,ip,random,0.2500,0.2500,25000,E_large48_acorn1,large,ACORN,48,1,96,50,10,1.0000,2084.7,469.71,590.08,778.54,843.12,479.68,819,586,2034,62908,64943,17348,47594,0,10,9627.1,39618184,35.7,96
n100k_d128_ip,100000,128,ip,random,0.2500,0.2500,25000,C_acorn_g4,acorn,ACORN,16,4,16,50,10,0.7490,9232.7,108.00,138.79,204.08,211.29,108.31,480,406,1525,4967,6494,1779,4714,0,10,12336.4,18532104,24.5,40
n100k_d128_ip,100000,128,ip,random,0.2500,0.2500,25000,C_acorn_g8,acorn,ACORN,16,8,16,50,10,0.7520,9111.7,107.12,147.75,168.29,273.67,109.75,485,406,1524,4819,6345,1736,4608,0,10,19233.8,20264200,24.6,40
n100k_d128_ip,100000,128,ip,random,0.2500,0.2500,25000,C_acorn_g16,acorn,ACORN,16,16,16,50,10,0.7940,9476.7,106.25,125.29,165.42,194.54,105.52,503,423,1516,4798,6315,1728,4586,0,10,39363.7,23728392,24.6,40
n100k_d128_ip,100000,128,ip,random,0.2500,0.2500,25000,C_acorn_g32,acorn,ACORN,16,32,16,50,10,0.4420,10070.8,95.71,144.96,218.42,255.54,99.30,504,433,1457,4661,6120,1724,4395,0,10,99104.9,30656776,24.6,40
n100k_d128_ip,100000,128,ip,random,0.2500,0.2500,25000,A_std_standard,std,STANDARD,16,1,32,100,10,0.9590,8133.6,122.54,150.21,207.33,248.79,122.95,1461,1461,1461,0,1461,0,0,108,10,11836.8,14033032,24.5,32
n100k_d128_ip,100000,128,ip,random,0.2500,0.2500,25000,B_std_acorn1,std,ACORN,16,1,32,100,10,0.9890,2310.0,427.83,557.08,646.25,722.38,432.90,675,548,2498,46254,48754,13275,35478,0,10,11836.8,14033032,24.5,32
n100k_d128_ip,100000,128,ip,random,0.2500,0.2500,25000,D_large24_standard,large,STANDARD,24,1,48,100,10,0.9920,7739.9,130.79,154.58,175.58,189.75,129.20,1631,1631,1631,0,1631,0,0,107,10,10422.4,20424136,30.4,48
n100k_d128_ip,100000,128,ip,random,0.2500,0.2500,25000,E_large24_acorn1,large,ACORN,24,1,48,100,10,0.9400,1685.0,591.67,703.92,917.33,948.12,593.46,676,520,3184,77087,80273,21581,58691,0,10,10422.4,20424136,30.4,48
n100k_d128_ip,100000,128,ip,random,0.2500,0.2500,25000,D_large48_standard,large,STANDARD,48,1,96,100,10,0.9890,7138.2,139.46,165.75,236.67,296.12,140.09,1814,1814,1814,0,1814,0,0,106,10,9627.1,39618184,35.7,96
n100k_d128_ip,100000,128,ip,random,0.2500,0.2500,25000,E_large48_acorn1,large,ACORN,48,1,96,100,10,1.0000,1153.1,853.67,1077.79,1155.12,1195.88,867.21,843,610,4063,128915,132979,35530,97448,0,10,9627.1,39618184,35.7,96
n100k_d128_ip,100000,128,ip,random,0.2500,0.2500,25000,C_acorn_g4,acorn,ACORN,16,4,16,100,10,0.7830,5081.1,197.38,252.12,320.92,354.46,196.81,551,477,2796,11163,13960,3830,10130,0,10,12336.4,18532104,24.5,40
n100k_d128_ip,100000,128,ip,random,0.2500,0.2500,25000,C_acorn_g8,acorn,ACORN,16,8,16,100,10,0.7940,5111.0,195.75,278.46,322.46,343.25,195.66,554,475,2781,10943,13725,3770,9955,0,10,19233.8,20264200,24.6,40
n100k_d128_ip,100000,128,ip,random,0.2500,0.2500,25000,C_acorn_g16,acorn,ACORN,16,16,16,100,10,0.8240,5313.4,189.92,230.46,252.62,264.79,188.20,570,491,2751,10665,13417,3679,9737,0,10,39363.7,23728392,24.6,40
n100k_d128_ip,100000,128,ip,random,0.2500,0.2500,25000,C_acorn_g32,acorn,ACORN,16,32,16,100,10,0.5480,5009.3,182.33,357.25,485.38,524.38,199.63,623,552,2887,11185,14073,3938,10135,0,10,99104.9,30656776,24.6,40
n100k_d128_ip,100000,128,ip,random,0.2500,0.2500,25000,A_std_standard,std,STANDARD,16,1,32,250,10,0.9870,3983.2,250.17,292.83,364.38,385.42,251.05,1920,1920,1920,0,1920,0,0,258,10,11836.8,14033032,24.5,32
n100k_d128_ip,100000,128,ip,random,0.2500,0.2500,25000,B_std_acorn1,std,ACORN,16,1,32,250,10,0.9990,1038.4,947.38,1140.75,1250.21,1469.33,962.98,689,562,6335,122802,129138,35152,93985,0,10,11836.8,14033032,24.5,32
n100k_d128_ip,100000,128,ip,random,0.2500,0.2500,25000,D_large24_standard,large,STANDARD,24,1,48,250,10,1.0000,3890.2,258.04,291.12,352.04,404.04,257.06,1994,1994,1994,0,1994,0,0,257,10,10422.4,20424136,30.4,48
n100k_d128_ip,100000,128,ip,random,0.2500,0.2500,25000,E_large24_acorn1,large,ACORN,24,1,48,250,10,0.9600,740.0,1316.88,1548.58,1913.17,2682.46,1351.38,711,555,8069,201409,209479,56283,153195,0,10,10422.4,20424136,30.4,48
n100k_d128_ip,100000,128,ip,random,0.2500,0.2500,25000,D_large48_standard,large,STANDARD,48,1,96,250,10,1.0000,3819.7,261.46,294.12,442.58,450.58,261.80,2102,2102,2102,0,2102,0,0,255,10,9627.1,39618184,35.7,96
n100k_d128_ip,100000,128,ip,random,0.2500,0.2500,25000,E_large48_acorn1,large,ACORN,48,1,96,250,10,1.0000,530.5,1860.88,2177.38,2222.42,2340.92,1884.95,918,684,9744,314480,324225,86669,237556,0,10,9627.1,39618184,35.7,96
n100k_d128_ip,100000,128,ip,random,0.2500,0.2500,25000,C_acorn_g4,acorn,ACORN,16,4,16,250,10,0.7960,2224.5,449.38,588.29,614.46,669.00,449.53,612,538,6522,32132,38655,10633,28021,0,10,12336.4,18532104,24.5,40
n100k_d128_ip,100000,128,ip,random,0.2500,0.2500,25000,C_acorn_g8,acorn,ACORN,16,8,16,250,10,0.7970,2210.7,457.42,557.38,649.12,686.96,452.35,590,510,6450,32365,38817,10702,28114,0,10,19233.8,20264200,24.6,40
n100k_d128_ip,100000,128,ip,random,0.2500,0.2500,25000,C_acorn_g16,acorn,ACORN,16,16,16,250,10,0.8380,2176.1,458.33,543.75,681.96,692.83,459.53,603,523,6496,32672,39170,10780,28389,0,10,39363.7,23728392,24.6,40
n100k_d128_ip,100000,128,ip,random,0.2500,0.2500,25000,C_acorn_g32,acorn,ACORN,16,32,16,250,10,0.5590,2101.5,454.33,698.17,839.67,1111.46,475.84,690,619,6720,33144,39865,11166,28698,0,10,99104.9,30656776,24.6,40
n100k_d128_ip,100000,128,ip,random,0.2500,0.2500,25000,A_std_standard,std,STANDARD,16,1,32,500,10,0.9990,2045.1,487.00,559.46,648.71,1018.88,488.98,2087,2087,2087,0,2087,0,0,513,10,11836.8,14033032,24.5,32
n100k_d128_ip,100000,128,ip,random,0.2500,0.2500,25000,B_std_acorn1,std,ACORN,16,1,32,500,10,0.9990,562.3,1748.50,2001.62,2296.17,2357.04,1778.36,878,752,12046,235117,247164,67309,179855,0,10,11836.8,14033032,24.5,32
n100k_d128_ip,100000,128,ip,random,0.2500,0.2500,25000,D_large24_standard,large,STANDARD,24,1,48,500,10,1.0000,2029.1,494.62,577.62,650.62,681.29,492.82,2074,2074,2074,0,2074,0,0,507,10,10422.4,20424136,30.4,48
n100k_d128_ip,100000,128,ip,random,0.2500,0.2500,25000,E_large24_acorn1,large,ACORN,24,1,48,500,10,0.9900,392.1,2454.83,2756.88,4946.33,5361.33,2550.12,966,811,15557,390638,406196,109096,297100,0,10,10422.4,20424136,30.4,48
n100k_d128_ip,100000,128,ip,random,0.2500,0.2500,25000,D_large48_standard,large,STANDARD,48,1,96,500,10,1.0000,2009.9,494.92,547.08,628.54,645.08,497.55,2169,2169,2169,0,2169,0,0,505,10,9627.1,39618184,35.7,96
n100k_d128_ip,100000,128,ip,random,0.2500,0.2500,25000,E_large48_acorn1,large,ACORN,48,1,96,500,10,1.0000,296.3,3362.96,3654.46,3937.79,4051.96,3374.51,1259,1026,17718,573315,591034,158213,432820,0,10,9627.1,39618184,35.7,96
n100k_d128_ip,100000,128,ip,random,0.2500,0.2500,25000,C_acorn_g4,acorn,ACORN,16,4,16,500,10,0.7960,1111.7,896.00,1073.96,1144.08,1209.71,899.55,764,689,12497,65925,78423,21552,56870,0,10,12336.4,18532104,24.5,40
n100k_d128_ip,100000,128,ip,random,0.2500,0.2500,25000,C_acorn_g8,acorn,ACORN,16,8,16,500,10,0.8200,1095.8,910.71,1059.58,1523.46,1686.00,912.54,758,679,12579,67329,79910,21961,57949,0,10,19233.8,20264200,24.6,40
n100k_d128_ip,100000,128,ip,random,0.2500,0.2500,25000,C_acorn_g16,acorn,ACORN,16,16,16,500,10,0.8570,1089.7,902.08,1101.92,1549.79,1604.29,917.71,763,683,12649,67991,80642,22196,58445,0,10,39363.7,23728392,24.6,40
n100k_d128_ip,100000,128,ip,random,0.2500,0.2500,25000,C_acorn_g32,acorn,ACORN,16,32,16,500,10,0.5780,1019.6,936.25,1389.00,1679.67,1996.50,980.75,829,758,13068,70120,83190,23280,59909,0,10,99104.9,30656776,24.6,40
n100k_d128_ip,100000,128,ip,random,0.2500,0.2500,25000,F_exact,exact,EXACT,16,0,0,0,100,1.0000,435.9,2302.00,2404.54,2438.08,2438.38,2294.28,25000,0,0,0,100000,0,0,0,100,0.0,0,0.0,0
n100k_d128_ip,100000,128,ip,random,0.2500,0.2500,25000,A_std_standard,std,STANDARD,16,1,32,50,100,0.7359,11173.6,88.88,102.75,164.04,176.79,89.50,1038,1038,1038,0,1038,0,0,59,100,11836.8,14033032,24.5,32
n100k_d128_ip,100000,128,ip,random,0.2500,0.2500,25000,B_std_acorn1,std,ACORN,16,1,32,50,100,0.9683,4045.6,244.62,329.46,371.46,373.04,247.18,660,533,1153,19472,20626,5613,15013,0,100,11836.8,14033032,24.5,32
n100k_d128_ip,100000,128,ip,random,0.2500,0.2500,25000,D_large24_standard,large,STANDARD,24,1,48,50,100,0.8200,9812.3,102.21,113.17,119.42,227.67,101.91,1209,1209,1209,0,1209,0,0,57,100,10422.4,20424136,30.4,48
n100k_d128_ip,100000,128,ip,random,0.2500,0.2500,25000,E_large24_acorn1,large,ACORN,24,1,48,50,100,0.9298,3026.0,331.04,371.25,457.92,534.83,330.47,664,508,1501,34312,35815,9627,26187,0,100,10422.4,20424136,30.4,48
n100k_d128_ip,100000,128,ip,random,0.2500,0.2500,25000,D_large48_standard,large,STANDARD,48,1,96,50,100,0.8680,8870.6,111.04,137.21,188.50,220.17,112.73,1433,1433,1433,0,1433,0,0,56,100,9627.1,39618184,35.7,96
n100k_d128_ip,100000,128,ip,random,0.2500,0.2500,25000,E_large48_acorn1,large,ACORN,48,1,96,50,100,1.0000,1999.4,496.17,616.08,659.12,852.50,500.15,819,586,2035,62930,64966,17354,47611,0,100,9627.1,39618184,35.7,96
n100k_d128_ip,100000,128,ip,random,0.2500,0.2500,25000,C_acorn_g4,acorn,ACORN,16,4,16,50,100,0.7237,8104.9,122.12,161.96,186.58,237.38,123.38,480,406,1525,4968,6495,1779,4715,0,100,12336.4,18532104,24.5,40
n100k_d128_ip,100000,128,ip,random,0.2500,0.2500,25000,C_acorn_g8,acorn,ACORN,16,8,16,50,100,0.7223,8055.3,123.46,182.62,207.50,217.96,124.14,485,406,1524,4821,6346,1737,4609,0,99,19233.8,20264200,24.6,40
n100k_d128_ip,100000,128,ip,random,0.2500,0.2500,25000,C_acorn_g16,acorn,ACORN,16,16,16,50,100,0.7735,8111.0,123.08,154.04,192.38,276.46,123.29,503,423,1516,4798,6315,1729,4586,0,100,39363.7,23728392,24.6,40
n100k_d128_ip,100000,128,ip,random,0.2500,0.2500,25000,C_acorn_g32,acorn,ACORN,16,32,16,50,100,0.4146,8633.2,113.17,152.00,194.54,252.58,115.83,505,433,1457,4666,6125,1726,4399,0,100,99104.9,30656776,24.6,40
n100k_d128_ip,100000,128,ip,random,0.2500,0.2500,25000,A_std_standard,std,STANDARD,16,1,32,100,100,0.8991,7562.7,132.46,150.38,204.88,234.42,132.23,1461,1461,1461,0,1461,0,0,108,100,11836.8,14033032,24.5,32
n100k_d128_ip,100000,128,ip,random,0.2500,0.2500,25000,B_std_acorn1,std,ACORN,16,1,32,100,100,0.9890,2274.5,430.08,539.46,656.17,762.08,439.66,675,548,2498,46254,48754,13275,35478,0,100,11836.8,14033032,24.5,32
n100k_d128_ip,100000,128,ip,random,0.2500,0.2500,25000,D_large24_standard,large,STANDARD,24,1,48,100,100,0.9524,6967.1,142.50,163.38,246.00,283.50,143.53,1631,1631,1631,0,1631,0,0,107,100,10422.4,20424136,30.4,48
n100k_d128_ip,100000,128,ip,random,0.2500,0.2500,25000,E_large24_acorn1,large,ACORN,24,1,48,100,100,0.9399,1649.8,604.04,728.08,894.83,924.29,606.14,676,520,3184,77087,80273,21581,58691,0,100,10422.4,20424136,30.4,48
n100k_d128_ip,100000,128,ip,random,0.2500,0.2500,25000,D_large48_standard,large,STANDARD,48,1,96,100,100,0.9729,6664.0,150.58,174.50,216.75,273.71,150.06,1814,1814,1814,0,1814,0,0,106,100,9627.1,39618184,35.7,96
n100k_d128_ip,100000,128,ip,random,0.2500,0.2500,25000,E_large48_acorn1,large,ACORN,48,1,96,100,100,1.0000,1134.9,880.50,1023.67,1074.42,1291.67,881.10,843,610,4063,128915,132979,35530,97448,0,100,9627.1,39618184,35.7,96
n100k_d128_ip,100000,128,ip,random,0.2500,0.2500,25000,C_acorn_g4,acorn,ACORN,16,4,16,100,100,0.7704,4917.2,197.88,272.67,373.08,382.96,203.37,551,477,2796,11163,13960,3830,10130,0,100,12336.4,18532104,24.5,40
n100k_d128_ip,100000,128,ip,random,0.2500,0.2500,25000,C_acorn_g8,acorn,ACORN,16,8,16,100,100,0.7855,4985.0,200.33,268.83,316.42,344.38,200.60,554,475,2781,10943,13725,3770,9955,0,99,19233.8,20264200,24.6,40
n100k_d128_ip,100000,128,ip,random,0.2500,0.2500,25000,C_acorn_g16,acorn,ACORN,16,16,16,100,100,0.8205,4956.4,196.83,251.12,347.62,364.62,201.76,570,491,2751,10665,13417,3679,9737,0,100,39363.7,23728392,24.6,40
n100k_d128_ip,100000,128,ip,random,0.2500,0.2500,25000,C_acorn_g32,acorn,ACORN,16,32,16,100,100,0.5407,4807.3,189.25,349.92,399.54,413.42,208.02,623,552,2887,11185,14073,3938,10135,0,100,99104.9,30656776,24.6,40
n100k_d128_ip,100000,128,ip,random,0.2500,0.2500,25000,A_std_standard,std,STANDARD,16,1,32,250,100,0.9815,3768.9,265.54,305.08,426.62,438.83,265.33,1920,1920,1920,0,1920,0,0,258,100,11836.8,14033032,24.5,32
n100k_d128_ip,100000,128,ip,random,0.2500,0.2500,25000,B_std_acorn1,std,ACORN,16,1,32,250,100,0.9991,1021.2,965.62,1146.12,1409.50,1523.79,979.26,689,562,6335,122802,129138,35152,93985,0,100,11836.8,14033032,24.5,32
n100k_d128_ip,100000,128,ip,random,0.2500,0.2500,25000,D_large24_standard,large,STANDARD,24,1,48,250,100,0.9980,3716.8,271.54,305.04,408.96,412.54,269.05,1994,1994,1994,0,1994,0,0,257,100,10422.4,20424136,30.4,48
n100k_d128_ip,100000,128,ip,random,0.2500,0.2500,25000,E_large24_acorn1,large,ACORN,24,1,48,250,100,0.9599,736.8,1333.58,1541.04,1850.29,2717.79,1357.21,711,555,8069,201409,209479,56283,153195,0,100,10422.4,20424136,30.4,48
n100k_d128_ip,100000,128,ip,random,0.2500,0.2500,25000,D_large48_standard,large,STANDARD,48,1,96,250,100,0.9992,3735.9,271.67,308.42,347.29,351.12,267.67,2102,2102,2102,0,2102,0,0,255,100,9627.1,39618184,35.7,96
n100k_d128_ip,100000,128,ip,random,0.2500,0.2500,25000,E_large48_acorn1,large,ACORN,48,1,96,250,100,1.0000,526.6,1881.75,2130.42,2230.42,2311.71,1899.09,918,684,9744,314480,324225,86669,237556,0,100,9627.1,39618184,35.7,96
n100k_d128_ip,100000,128,ip,random,0.2500,0.2500,25000,C_acorn_g4,acorn,ACORN,16,4,16,250,100,0.7894,2136.1,466.46,648.38,698.83,701.25,468.14,612,538,6522,32132,38655,10633,28021,0,100,12336.4,18532104,24.5,40
n100k_d128_ip,100000,128,ip,random,0.2500,0.2500,25000,C_acorn_g8,acorn,ACORN,16,8,16,250,100,0.7954,2163.3,461.08,555.71,652.96,665.54,462.25,590,510,6450,32365,38817,10702,28114,0,99,19233.8,20264200,24.6,40
n100k_d128_ip,100000,128,ip,random,0.2500,0.2500,25000,C_acorn_g16,acorn,ACORN,16,16,16,250,100,0.8380,2145.9,472.12,565.92,647.12,696.88,466.01,603,523,6496,32672,39170,10780,28389,0,100,39363.7,23728392,24.6,40
n100k_d128_ip,100000,128,ip,random,0.2500,0.2500,25000,C_acorn_g32,acorn,ACORN,16,32,16,250,100,0.5571,2053.4,468.33,705.21,932.50,1044.00,487.01,690,619,6720,33144,39865,11166,28698,0,100,99104.9,30656776,24.6,40
n100k_d128_ip,100000,128,ip,random,0.2500,0.2500,25000,A_std_standard,std,STANDARD,16,1,32,500,100,0.9985,1990.0,494.54,574.29,669.25,1107.38,502.52,2087,2087,2087,0,2087,0,0,513,100,11836.8,14033032,24.5,32
n100k_d128_ip,100000,128,ip,random,0.2500,0.2500,25000,B_std_acorn1,std,ACORN,16,1,32,500,100,0.9991,558.5,1763.21,2026.67,2109.71,2491.21,1790.65,878,752,12046,235117,247164,67309,179855,0,100,11836.8,14033032,24.5,32
n100k_d128_ip,100000,128,ip,random,0.2500,0.2500,25000,D_large24_standard,large,STANDARD,24,1,48,500,100,0.9997,2011.6,500.42,543.38,621.29,649.54,497.12,2074,2074,2074,0,2074,0,0,507,100,10422.4,20424136,30.4,48
n100k_d128_ip,100000,128,ip,random,0.2500,0.2500,25000,E_large24_acorn1,large,ACORN,24,1,48,500,100,0.9899,390.1,2441.75,2844.04,5173.46,5498.38,2563.51,966,811,15557,390638,406196,109096,297100,0,100,10422.4,20424136,30.4,48
n100k_d128_ip,100000,128,ip,random,0.2500,0.2500,25000,D_large48_standard,large,STANDARD,48,1,96,500,100,1.0000,1948.6,510.71,559.67,675.58,693.42,513.19,2169,2169,2169,0,2169,0,0,505,100,9627.1,39618184,35.7,96
n100k_d128_ip,100000,128,ip,random,0.2500,0.2500,25000,E_large48_acorn1,large,ACORN,48,1,96,500,100,1.0000,294.7,3378.50,3722.96,3868.96,3960.88,3393.43,1259,1026,17718,573315,591034,158213,432820,0,100,9627.1,39618184,35.7,96
n100k_d128_ip,100000,128,ip,random,0.2500,0.2500,25000,C_acorn_g4,acorn,ACORN,16,4,16,500,100,0.7943,1094.8,908.38,1088.71,1182.67,1230.17,913.38,764,689,12497,65925,78423,21552,56870,0,100,12336.4,18532104,24.5,40
n100k_d128_ip,100000,128,ip,random,0.2500,0.2500,25000,C_acorn_g8,acorn,ACORN,16,8,16,500,100,0.8189,1081.0,925.29,1107.67,1553.25,1610.33,925.04,758,679,12579,67329,79910,21961,57949,0,99,19233.8,20264200,24.6,40
n100k_d128_ip,100000,128,ip,random,0.2500,0.2500,25000,C_acorn_g16,acorn,ACORN,16,16,16,500,100,0.8566,1082.2,913.71,1110.92,1630.83,1724.71,924.06,763,683,12649,67991,80642,22196,58445,0,100,39363.7,23728392,24.6,40
n100k_d128_ip,100000,128,ip,random,0.2500,0.2500,25000,C_acorn_g32,acorn,ACORN,16,32,16,500,100,0.5777,1016.3,937.25,1311.79,1707.79,1924.75,983.96,829,758,13068,70120,83190,23280,59909,0,100,99104.9,30656776,24.6,40
n100k_d128_ip,100000,128,ip,random,0.1000,0.1000,10000,F_exact,exact,EXACT,16,0,0,0,10,1.0000,1109.3,884.88,986.04,1001.42,1091.12,901.51,10000,0,0,0,100000,0,0,0,10,0.0,0,0.0,0
n100k_d128_ip,100000,128,ip,random,0.1000,0.1000,10000,A_std_standard,std,STANDARD,16,1,32,50,10,0.8010,13816.9,71.67,88.08,126.79,175.83,72.37,1037,1037,1037,0,1037,0,0,59,10,11836.8,14033032,24.5,32
n100k_d128_ip,100000,128,ip,random,0.1000,0.1000,10000,B_std_acorn1,std,ACORN,16,1,32,50,10,0.6300,4478.6,220.75,310.67,387.71,474.71,223.28,359,229,1394,31083,32479,4056,28422,0,10,11836.8,14033032,24.5,32
n100k_d128_ip,100000,128,ip,random,0.1000,0.1000,10000,D_large24_standard,large,STANDARD,24,1,48,50,10,0.8930,12346.9,81.21,94.88,120.75,146.75,80.99,1209,1209,1209,0,1209,0,0,57,10,10422.4,20424136,30.4,48
n100k_d128_ip,100000,128,ip,random,0.1000,0.1000,10000,E_large24_acorn1,large,ACORN,24,1,48,50,10,0.8400,3096.7,320.17,449.50,589.58,653.29,322.92,346,223,1755,51012,52768,6381,46387,0,10,10422.4,20424136,30.4,48
n100k_d128_ip,100000,128,ip,random,0.1000,0.1000,10000,D_large48_standard,large,STANDARD,48,1,96,50,10,0.9210,11245.2,89.88,102.62,140.00,160.71,88.93,1433,1433,1433,0,1433,0,0,56,10,9627.1,39618184,35.7,96
n100k_d128_ip,100000,128,ip,random,0.1000,0.1000,10000,E_large48_acorn1,large,ACORN,48,1,96,50,10,0.9600,2201.4,444.96,610.62,638.75,705.71,454.26,485,271,2161,82435,84597,10030,74567,0,10,9627.1,39618184,35.7,96
n100k_d128_ip,100000,128,ip,random,0.1000,0.1000,10000,C_acorn_g4,acorn,ACORN,16,4,16,50,10,0.3810,11186.0,85.17,133.54,166.38,199.71,89.40,211,182,1585,8199,9786,1234,8551,0,10,12336.4,18532104,24.5,40
n100k_d128_ip,100000,128,ip,random,0.1000,0.1000,10000,C_acorn_g8,acorn,ACORN,16,8,16,50,10,0.6890,9395.9,104.54,150.96,172.92,228.71,106.43,244,185,1892,8487,10381,1329,9051,0,10,19233.8,20264200,24.6,40
n100k_d128_ip,100000,128,ip,random,0.1000,0.1000,10000,C_acorn_g16,acorn,ACORN,16,16,16,50,10,0.7190,9434.1,108.29,144.46,169.04,173.42,106.00,256,185,1990,8459,10451,1322,9128,0,10,39363.7,23728392,24.6,40
n100k_d128_ip,100000,128,ip,random,0.1000,0.1000,10000,C_acorn_g32,acorn,ACORN,16,32,16,50,10,0.6100,9151.5,108.46,155.04,227.58,251.92,109.27,262,191,2016,8494,10511,1326,9185,0,9,99104.9,30656776,24.6,40
n100k_d128_ip,100000,128,ip,random,0.1000,0.1000,10000,A_std_standard,std,STANDARD,16,1,32,100,10,0.9250,8296.1,121.88,135.12,194.04,247.71,120.54,1461,1461,1461,0,1461,0,0,108,10,11836.8,14033032,24.5,32
n100k_d128_ip,100000,128,ip,random,0.1000,0.1000,10000,B_std_acorn1,std,ACORN,16,1,32,100,10,0.6600,2476.6,391.62,587.67,633.46,687.50,403.78,373,244,2700,62417,65119,8123,56996,0,10,11836.8,14033032,24.5,32
n100k_d128_ip,100000,128,ip,random,0.1000,0.1000,10000,D_large24_standard,large,STANDARD,24,1,48,100,10,0.9770,7641.2,131.00,156.96,187.33,278.92,130.87,1631,1631,1631,0,1631,0,0,107,10,10422.4,20424136,30.4,48
n100k_d128_ip,100000,128,ip,random,0.1000,0.1000,10000,E_large24_acorn1,large,ACORN,24,1,48,100,10,0.8600,1737.3,564.29,810.83,1011.75,1084.79,575.61,358,235,3370,100461,103832,12539,91292,0,10,10422.4,20424136,30.4,48
n100k_d128_ip,100000,128,ip,random,0.1000,0.1000,10000,D_large48_standard,large,STANDARD,48,1,96,100,10,0.9820,7178.3,139.29,172.83,208.67,230.79,139.31,1814,1814,1814,0,1814,0,0,106,10,9627.1,39618184,35.7,96
n100k_d128_ip,100000,128,ip,random,0.1000,0.1000,10000,E_large48_acorn1,large,ACORN,48,1,96,100,10,0.9600,1292.2,763.42,995.08,1025.04,1030.88,773.90,504,290,4004,154875,158880,18831,140049,0,10,9627.1,39618184,35.7,96
n100k_d128_ip,100000,128,ip,random,0.1000,0.1000,10000,C_acorn_g4,acorn,ACORN,16,4,16,100,10,0.3880,6186.1,158.67,249.04,334.04,367.88,161.65,230,202,2773,16499,19274,2438,16836,0,10,12336.4,18532104,24.5,40
n100k_d128_ip,100000,128,ip,random,0.1000,0.1000,10000,C_acorn_g8,acorn,ACORN,16,8,16,100,10,0.7110,5357.9,189.29,253.33,329.08,334.12,186.64,262,202,3142,17631,20774,2664,18109,0,10,19233.8,20264200,24.6,40
n100k_d128_ip,100000,128,ip,random,0.1000,0.1000,10000,C_acorn_g16,acorn,ACORN,16,16,16,100,10,0.7370,5383.9,187.29,254.62,320.17,375.88,185.74,272,201,3221,17333,20555,2610,17945,0,10,39363.7,23728392,24.6,40
n100k_d128_ip,100000,128,ip,random,0.1000,0.1000,10000,C_acorn_g32,acorn,ACORN,16,32,16,100,10,0.6400,5341.2,183.38,285.29,360.33,410.67,187.22,286,215,3240,17304,20545,2613,17932,0,9,99104.9,30656776,24.6,40
n100k_d128_ip,100000,128,ip,random,0.1000,0.1000,10000,A_std_standard,std,STANDARD,16,1,32,250,10,0.9870,4078.0,246.58,284.42,343.71,354.50,245.22,1920,1920,1920,0,1920,0,0,258,10,11836.8,14033032,24.5,32
n100k_d128_ip,100000,128,ip,random,0.1000,0.1000,10000,B_std_acorn1,std,ACORN,16,1,32,250,10,0.7100,1073.8,905.62,1289.25,1389.00,1947.71,931.31,602,473,6440,150762,157204,19602,137601,0,10,11836.8,14033032,24.5,32
n100k_d128_ip,100000,128,ip,random,0.1000,0.1000,10000,D_large24_standard,large,STANDARD,24,1,48,250,10,1.0000,3973.9,252.04,281.38,345.71,375.71,251.64,1994,1994,1994,0,1994,0,0,257,10,10422.4,20424136,30.4,48
n100k_d128_ip,100000,128,ip,random,0.1000,0.1000,10000,E_large24_acorn1,large,ACORN,24,1,48,250,10,0.8700,799.3,1232.92,1484.88,1872.38,1889.71,1251.03,586,463,7740,233098,240840,29069,211770,0,10,10422.4,20424136,30.4,48
n100k_d128_ip,100000,128,ip,random,0.1000,0.1000,10000,D_large48_standard,large,STANDARD,48,1,96,250,10,0.9980,3865.3,261.96,293.67,341.38,363.08,258.71,2102,2102,2102,0,2102,0,0,255,10,9627.1,39618184,35.7,96
n100k_d128_ip,100000,128,ip,random,0.1000,0.1000,10000,E_large48_acorn1,large,ACORN,48,1,96,250,10,1.0000,584.1,1692.38,1994.75,2491.75,2663.62,1711.93,847,633,9062,352814,361877,42973,318904,0,10,9627.1,39618184,35.7,96
n100k_d128_ip,100000,128,ip,random,0.1000,0.1000,10000,C_acorn_g4,acorn,ACORN,16,4,16,250,10,0.4000,2701.5,369.21,594.88,642.54,653.04,370.16,351,323,6171,39987,46160,5841,40318,0,10,12336.4,18532104,24.5,40
n100k_d128_ip,100000,128,ip,random,0.1000,0.1000,10000,C_acorn_g8,acorn,ACORN,16,8,16,250,10,0.7200,2436.2,406.17,553.08,640.00,690.08,410.47,409,349,6596,41397,47995,6129,41865,0,10,19233.8,20264200,24.6,40
n100k_d128_ip,100000,128,ip,random,0.1000,0.1000,10000,C_acorn_g16,acorn,ACORN,16,16,16,250,10,0.7490,2432.4,408.58,594.33,685.38,720.58,411.12,439,368,6719,41186,47907,6076,41830,0,10,39363.7,23728392,24.6,40
n100k_d128_ip,100000,128,ip,random,0.1000,0.1000,10000,C_acorn_g32,acorn,ACORN,16,32,16,250,10,0.6610,2321.9,439.12,628.67,787.21,841.71,430.68,476,405,6876,42109,48987,6276,42711,0,9,99104.9,30656776,24.6,40
n100k_d128_ip,100000,128,ip,random,0.1000,0.1000,10000,A_std_standard,std,STANDARD,16,1,32,500,10,1.0000,2058.0,482.25,552.04,615.29,1069.71,485.91,2087,2087,2087,0,2087,0,0,513,10,11836.8,14033032,24.5,32
n100k_d128_ip,100000,128,ip,random,0.1000,0.1000,10000,B_std_acorn1,std,ACORN,16,1,32,500,10,0.7900,508.8,1862.29,2555.08,2809.88,3561.46,1965.31,971,841,13358,314373,327733,40903,286829,0,10,11836.8,14033032,24.5,32
n100k_d128_ip,100000,128,ip,random,0.1000,0.1000,10000,D_large24_standard,large,STANDARD,24,1,48,500,10,1.0000,2053.9,486.71,554.42,638.96,640.71,486.88,2074,2074,2074,0,2074,0,0,507,10,10422.4,20424136,30.4,48
n100k_d128_ip,100000,128,ip,random,0.1000,0.1000,10000,E_large24_acorn1,large,ACORN,24,1,48,500,10,0.9500,375.6,2518.46,3899.83,4565.04,4719.04,2662.21,985,862,16176,489597,505775,60960,444814,0,10,10422.4,20424136,30.4,48
n100k_d128_ip,100000,128,ip,random,0.1000,0.1000,10000,D_large48_standard,large,STANDARD,48,1,96,500,10,1.0000,2001.9,502.67,546.67,646.79,660.83,499.53,2169,2169,2169,0,2169,0,0,505,10,9627.1,39618184,35.7,96
n100k_d128_ip,100000,128,ip,random,0.1000,0.1000,10000,E_large48_acorn1,large,ACORN,48,1,96,500,10,1.0000,295.2,3415.08,3708.29,3800.71,3801.88,3387.67,1335,1121,17575,685935,703512,83230,620281,0,10,9627.1,39618184,35.7,96
n100k_d128_ip,100000,128,ip,random,0.1000,0.1000,10000,C_acorn_g4,acorn,ACORN,16,4,16,500,10,0.4300,1666.2,607.79,996.33,1157.42,1399.00,600.18,488,459,9690,64110,73802,9322,64479,0,10,12336.4,18532104,24.5,40
n100k_d128_ip,100000,128,ip,random,0.1000,0.1000,10000,C_acorn_g8,acorn,ACORN,16,8,16,500,10,0.7290,1314.8,805.75,1242.46,1576.38,1729.88,760.58,594,534,11231,73824,85057,10858,74198,0,10,19233.8,20264200,24.6,40
n100k_d128_ip,100000,128,ip,random,0.1000,0.1000,10000,C_acorn_g16,acorn,ACORN,16,16,16,500,10,0.7490,1445.7,752.42,1039.21,1278.96,1448.96,691.69,605,534,10934,70417,81353,10377,70976,0,10,39363.7,23728392,24.6,40
n100k_d128_ip,100000,128,ip,random,0.1000,0.1000,10000,C_acorn_g32,acorn,ACORN,16,32,16,500,10,0.6910,1155.0,888.38,1270.21,1459.54,1508.75,865.79,718,647,12722,82915,95639,12293,83345,0,9,99104.9,30656776,24.6,40
n100k_d128_ip,100000,128,ip,random,0.1000,0.1000,10000,F_exact,exact,EXACT,16,0,0,0,100,1.0000,1108.0,885.08,991.38,1009.04,1031.08,902.53,10000,0,0,0,100000,0,0,0,100,0.0,0,0.0,0
n100k_d128_ip,100000,128,ip,random,0.1000,0.1000,10000,A_std_standard,std,STANDARD,16,1,32,50,100,0.6152,11442.1,86.62,103.08,158.17,164.75,87.40,1038,1038,1038,0,1038,0,0,59,91,11836.8,14033032,24.5,32
n100k_d128_ip,100000,128,ip,random,0.1000,0.1000,10000,B_std_acorn1,std,ACORN,16,1,32,50,100,0.6286,4191.9,232.67,353.46,429.25,445.71,238.55,359,229,1394,31083,32479,4056,28422,0,100,11836.8,14033032,24.5,32
n100k_d128_ip,100000,128,ip,random,0.1000,0.1000,10000,D_large24_standard,large,STANDARD,24,1,48,50,100,0.7098,10211.8,97.96,113.08,147.17,191.96,97.93,1209,1209,1209,0,1209,0,0,57,99,10422.4,20424136,30.4,48
n100k_d128_ip,100000,128,ip,random,0.1000,0.1000,10000,E_large24_acorn1,large,ACORN,24,1,48,50,100,0.8396,2933.0,329.46,500.08,614.54,651.54,340.95,346,223,1755,51012,52768,6381,46387,0,100,10422.4,20424136,30.4,48
n100k_d128_ip,100000,128,ip,random,0.1000,0.1000,10000,D_large48_standard,large,STANDARD,48,1,96,50,100,0.7714,9198.9,107.58,125.25,181.21,268.67,108.71,1433,1433,1433,0,1433,0,0,56,100,9627.1,39618184,35.7,96
n100k_d128_ip,100000,128,ip,random,0.1000,0.1000,10000,E_large48_acorn1,large,ACORN,48,1,96,50,100,0.9600,2101.3,466.50,644.46,693.33,729.58,475.90,485,271,2161,82435,84597,10030,74567,0,100,9627.1,39618184,35.7,96
n100k_d128_ip,100000,128,ip,random,0.1000,0.1000,10000,C_acorn_g4,acorn,ACORN,16,4,16,50,100,0.3731,9846.4,96.00,154.38,214.33,281.79,101.56,211,182,1585,8199,9786,1234,8551,0,98,12336.4,18532104,24.5,40
n100k_d128_ip,100000,128,ip,random,0.1000,0.1000,10000,C_acorn_g8,acorn,ACORN,16,8,16,50,100,0.6748,8329.8,117.75,173.00,254.58,300.21,120.05,244,185,1892,8487,10380,1329,9051,0,100,19233.8,20264200,24.6,40
n100k_d128_ip,100000,128,ip,random,0.1000,0.1000,10000,C_acorn_g16,acorn,ACORN,16,16,16,50,100,0.7026,8517.1,116.54,153.58,183.54,258.71,117.41,256,185,1990,8459,10450,1322,9128,0,100,39363.7,23728392,24.6,40
n100k_d128_ip,100000,128,ip,random,0.1000,0.1000,10000,C_acorn_g32,acorn,ACORN,16,32,16,50,100,0.5896,8384.3,120.12,175.04,229.46,269.54,119.27,262,191,2016,8494,10511,1326,9185,0,97,99104.9,30656776,24.6,40
n100k_d128_ip,100000,128,ip,random,0.1000,0.1000,10000,A_std_standard,std,STANDARD,16,1,32,100,100,0.8197,7807.5,130.33,147.42,201.50,201.96,128.08,1461,1461,1461,0,1461,0,0,108,99,11836.8,14033032,24.5,32
n100k_d128_ip,100000,128,ip,random,0.1000,0.1000,10000,B_std_acorn1,std,ACORN,16,1,32,100,100,0.6591,2427.8,404.12,567.83,635.42,690.96,411.90,373,244,2700,62417,65119,8123,56996,0,100,11836.8,14033032,24.5,32
n100k_d128_ip,100000,128,ip,random,0.1000,0.1000,10000,D_large24_standard,large,STANDARD,24,1,48,100,100,0.8983,7063.7,140.58,164.00,216.42,250.71,141.57,1631,1631,1631,0,1631,0,0,107,100,10422.4,20424136,30.4,48
n100k_d128_ip,100000,128,ip,random,0.1000,0.1000,10000,E_large24_acorn1,large,ACORN,24,1,48,100,100,0.8597,1725.5,563.58,801.21,913.54,918.75,579.53,358,235,3370,100461,103832,12539,91292,0,100,10422.4,20424136,30.4,48
n100k_d128_ip,100000,128,ip,random,0.1000,0.1000,10000,D_large48_standard,large,STANDARD,48,1,96,100,100,0.9317,6760.3,148.00,171.21,202.88,268.42,147.92,1814,1814,1814,0,1814,0,0,106,100,9627.1,39618184,35.7,96
n100k_d128_ip,100000,128,ip,random,0.1000,0.1000,10000,E_large48_acorn1,large,ACORN,48,1,96,100,100,0.9600,1268.7,781.92,992.54,1085.79,1149.33,788.19,504,290,4004,154875,158880,18831,140049,0,100,9627.1,39618184,35.7,96
n100k_d128_ip,100000,128,ip,random,0.1000,0.1000,10000,C_acorn_g4,acorn,ACORN,16,4,16,100,100,0.3885,6072.3,161.71,247.58,278.75,308.08,164.68,230,202,2773,16499,19274,2438,16836,0,98,12336.4,18532104,24.5,40
n100k_d128_ip,100000,128,ip,random,0.1000,0.1000,10000,C_acorn_g8,acorn,ACORN,16,8,16,100,100,0.7118,5138.3,195.12,282.25,352.62,354.25,194.62,262,202,3142,17631,20774,2664,18109,0,100,19233.8,20264200,24.6,40
n100k_d128_ip,100000,128,ip,random,0.1000,0.1000,10000,C_acorn_g16,acorn,ACORN,16,16,16,100,100,0.7303,5249.5,195.71,259.71,285.42,326.67,190.49,272,201,3221,17333,20555,2610,17945,0,100,39363.7,23728392,24.6,40
n100k_d128_ip,100000,128,ip,random,0.1000,0.1000,10000,C_acorn_g32,acorn,ACORN,16,32,16,100,100,0.6309,5184.1,190.83,266.42,406.00,572.50,192.90,286,215,3240,17304,20545,2613,17932,0,97,99104.9,30656776,24.6,40
n100k_d128_ip,100000,128,ip,random,0.1000,0.1000,10000,A_std_standard,std,STANDARD,16,1,32,250,100,0.9668,3825.3,259.29,299.88,361.92,412.17,261.42,1920,1920,1920,0,1920,0,0,258,100,11836.8,14033032,24.5,32
n100k_d128_ip,100000,128,ip,random,0.1000,0.1000,10000,B_std_acorn1,std,ACORN,16,1,32,250,100,0.7091,1055.6,923.33,1311.38,1588.62,1962.83,947.33,602,473,6440,150762,157204,19602,137601,0,100,11836.8,14033032,24.5,32
n100k_d128_ip,100000,128,ip,random,0.1000,0.1000,10000,D_large24_standard,large,STANDARD,24,1,48,250,100,0.9918,3734.7,267.96,304.79,395.46,450.54,267.76,1994,1994,1994,0,1994,0,0,257,100,10422.4,20424136,30.4,48
n100k_d128_ip,100000,128,ip,random,0.1000,0.1000,10000,E_large24_acorn1,large,ACORN,24,1,48,250,100,0.8697,784.7,1260.38,1526.75,1840.46,1920.54,1274.29,586,463,7740,233098,240840,29069,211770,0,100,10422.4,20424136,30.4,48
n100k_d128_ip,100000,128,ip,random,0.1000,0.1000,10000,D_large48_standard,large,STANDARD,48,1,96,250,100,0.9966,3696.0,271.33,300.83,363.46,410.54,270.56,2102,2102,2102,0,2102,0,0,255,100,9627.1,39618184,35.7,96
n100k_d128_ip,100000,128,ip,random,0.1000,0.1000,10000,E_large48_acorn1,large,ACORN,48,1,96,250,100,1.0000,578.1,1698.33,2011.25,2585.38,2728.25,1729.68,847,633,9062,352814,361877,42973,318904,0,100,9627.1,39618184,35.7,96
n100k_d128_ip,100000,128,ip,random,0.1000,0.1000,10000,C_acorn_g4,acorn,ACORN,16,4,16,250,100,0.4014,2703.9,375.38,521.29,632.71,649.04,369.84,351,323,6171,39987,46160,5841,40318,0,98,12336.4,18532104,24.5,40
n100k_d128_ip,100000,128,ip,random,0.1000,0.1000,10000,C_acorn_g8,acorn,ACORN,16,8,16,250,100,0.7209,2377.7,416.12,570.58,636.25,675.46,420.58,409,349,6596,41397,47995,6129,41865,0,100,19233.8,20264200,24.6,40
n100k_d128_ip,100000,128,ip,random,0.1000,0.1000,10000,C_acorn_g16,acorn,ACORN,16,16,16,250,100,0.7456,2377.9,431.00,596.62,660.04,874.92,420.54,439,368,6719,41186,47907,6076,41830,0,100,39363.7,23728392,24.6,40
n100k_d128_ip,100000,128,ip,random,0.1000,0.1000,10000,C_acorn_g32,acorn,ACORN,16,32,16,250,100,0.6558,2249.8,459.67,661.62,762.33,777.21,444.48,476,405,6876,42109,48987,6276,42711,0,97,99104.9,30656776,24.6,40
n100k_d128_ip,100000,128,ip,random,0.1000,0.1000,10000,A_std_standard,std,STANDARD,16,1,32,500,100,0.9966,2005.7,491.12,559.92,688.33,1046.58,498.58,2087,2087,2087,0,2087,0,0,513,100,11836.8,14033032,24.5,32
n100k_d128_ip,100000,128,ip,random,0.1000,0.1000,10000,B_std_acorn1,std,ACORN,16,1,32,500,100,0.7891,501.3,1868.04,2702.17,2853.46,3536.83,1994.68,971,841,13358,314373,327733,40903,286829,0,100,11836.8,14033032,24.5,32
n100k_d128_ip,100000,128,ip,random,0.1000,0.1000,10000,D_large24_standard,large,STANDARD,24,1,48,500,100,0.9994,2011.6,498.88,562.38,625.58,680.08,497.12,2074,2074,2074,0,2074,0,0,507,100,10422.4,20424136,30.4,48
n100k_d128_ip,100000,128,ip,random,0.1000,0.1000,10000,E_large24_acorn1,large,ACORN,24,1,48,500,100,0.9497,371.4,2567.50,3891.33,4812.08,5080.21,2692.69,985,862,16176,489597,505775,60960,444814,0,100,10422.4,20424136,30.4,48
n100k_d128_ip,100000,128,ip,random,0.1000,0.1000,10000,D_large48_standard,large,STANDARD,48,1,96,500,100,0.9999,1959.0,508.33,590.00,666.88,675.25,510.47,2169,2169,2169,0,2169,0,0,505,100,9627.1,39618184,35.7,96
n100k_d128_ip,100000,128,ip,random,0.1000,0.1000,10000,E_large48_acorn1,large,ACORN,48,1,96,500,100,1.0000,293.7,3398.83,3734.21,3855.12,3881.71,3404.34,1335,1121,17575,685935,703512,83230,620281,0,100,9627.1,39618184,35.7,96
n100k_d128_ip,100000,128,ip,random,0.1000,0.1000,10000,C_acorn_g4,acorn,ACORN,16,4,16,500,100,0.4314,1647.9,600.42,1061.12,1319.42,1411.25,606.84,488,459,9690,64110,73802,9322,64479,0,98,12336.4,18532104,24.5,40
n100k_d128_ip,100000,128,ip,random,0.1000,0.1000,10000,C_acorn_g8,acorn,ACORN,16,8,16,500,100,0.7302,1353.2,789.79,1189.33,1328.29,1567.17,739.00,594,534,11231,73824,85057,10858,74198,0,100,19233.8,20264200,24.6,40
n100k_d128_ip,100000,128,ip,random,0.1000,0.1000,10000,C_acorn_g16,acorn,ACORN,16,16,16,500,100,0.7456,1414.6,764.83,1061.88,1294.00,1450.62,706.91,605,534,10934,70417,81353,10377,70976,0,100,39363.7,23728392,24.6,40
n100k_d128_ip,100000,128,ip,random,0.1000,0.1000,10000,C_acorn_g32,acorn,ACORN,16,32,16,500,100,0.6856,1141.0,915.88,1271.08,1353.17,1362.38,876.40,718,647,12722,82915,95639,12293,83345,0,97,99104.9,30656776,24.6,40
n100k_d128_ip,100000,128,ip,random,0.0500,0.0500,5000,F_exact,exact,EXACT,16,0,0,0,10,1.0000,2096.2,463.88,567.58,613.42,650.29,477.04,5000,0,0,0,100000,0,0,0,10,0.0,0,0.0,0
n100k_d128_ip,100000,128,ip,random,0.0500,0.0500,5000,A_std_standard,std,STANDARD,16,1,32,50,10,0.8030,14172.0,70.29,82.58,125.33,131.75,70.56,1037,1037,1037,0,1037,0,0,59,10,11836.8,14033032,24.5,32
n100k_d128_ip,100000,128,ip,random,0.0500,0.0500,5000,B_std_acorn1,std,ACORN,16,1,32,50,10,0.3500,5500.8,168.50,270.54,326.92,465.17,181.79,201,106,1382,33266,34650,2745,31904,0,10,11836.8,14033032,24.5,32
n100k_d128_ip,100000,128,ip,random,0.0500,0.0500,5000,D_large24_standard,large,STANDARD,24,1,48,50,10,0.8880,12711.4,79.46,93.38,112.17,132.54,78.67,1209,1209,1209,0,1209,0,0,57,10,10422.4,20424136,30.4,48
n100k_d128_ip,100000,128,ip,random,0.0500,0.0500,5000,E_large24_acorn1,large,ACORN,24,1,48,50,10,0.6000,3589.2,274.96,388.33,463.04,565.12,278.61,213,109,1694,52770,54466,4059,50406,0,10,10422.4,20424136,30.4,48
n100k_d128_ip,100000,128,ip,random,0.0500,0.0500,5000,D_large48_standard,large,STANDARD,48,1,96,50,10,0.9110,11301.7,88.83,103.12,139.54,201.75,88.48,1433,1433,1433,0,1433,0,0,56,10,9627.1,39618184,35.7,96
n100k_d128_ip,100000,128,ip,random,0.0500,0.0500,5000,E_large48_acorn1,large,ACORN,48,1,96,50,10,0.9100,2246.6,428.42,686.00,812.96,868.46,445.13,381,157,2228,89792,92022,6633,85389,0,10,9627.1,39618184,35.7,96
n100k_d128_ip,100000,128,ip,random,0.0500,0.0500,5000,C_acorn_g4,acorn,ACORN,16,4,16,50,10,0.3120,12798.3,65.25,145.67,235.04,244.46,78.14,117,98,1570,9981,11552,975,10577,0,9,12336.4,18532104,24.5,40
n100k_d128_ip,100000,128,ip,random,0.0500,0.0500,5000,C_acorn_g8,acorn,ACORN,16,8,16,50,10,0.3900,11895.8,72.33,148.12,182.04,194.21,84.06,128,98,1823,10087,11911,1001,10910,0,10,19233.8,20264200,24.6,40
n100k_d128_ip,100000,128,ip,random,0.0500,0.0500,5000,C_acorn_g16,acorn,ACORN,16,16,16,50,10,0.6140,10735.8,88.83,146.12,173.62,196.17,93.15,152,97,2248,9825,12074,1007,11067,0,10,39363.7,23728392,24.6,40
n100k_d128_ip,100000,128,ip,random,0.0500,0.0500,5000,C_acorn_g32,acorn,ACORN,16,32,16,50,10,0.6830,10173.7,97.04,142.83,156.71,229.38,98.29,163,96,2374,9920,12296,1009,11286,0,9,99104.9,30656776,24.6,40
n100k_d128_ip,100000,128,ip,random,0.0500,0.0500,5000,A_std_standard,std,STANDARD,16,1,32,100,10,0.9330,8421.4,120.08,139.08,189.12,199.88,118.75,1461,1461,1461,0,1461,0,0,108,10,11836.8,14033032,24.5,32
n100k_d128_ip,100000,128,ip,random,0.0500,0.0500,5000,B_std_acorn1,std,ACORN,16,1,32,100,10,0.3500,2929.7,329.96,479.83,583.33,853.38,341.33,251,156,2607,63824,66432,5237,61195,0,10,11836.8,14033032,24.5,32
n100k_d128_ip,100000,128,ip,random,0.0500,0.0500,5000,D_large24_standard,large,STANDARD,24,1,48,100,10,0.9840,7882.0,130.58,142.62,144.00,153.67,126.87,1631,1631,1631,0,1631,0,0,107,10,10422.4,20424136,30.4,48
n100k_d128_ip,100000,128,ip,random,0.0500,0.0500,5000,E_large24_acorn1,large,ACORN,24,1,48,100,10,0.6600,1854.8,519.04,818.29,1060.62,1120.71,539.13,274,169,3357,106289,109647,8150,101497,0,10,10422.4,20424136,30.4,48
n100k_d128_ip,100000,128,ip,random,0.0500,0.0500,5000,D_large48_standard,large,STANDARD,48,1,96,100,10,0.9830,7223.1,139.96,157.83,248.17,273.46,138.44,1814,1814,1814,0,1814,0,0,106,10,9627.1,39618184,35.7,96
n100k_d128_ip,100000,128,ip,random,0.0500,0.0500,5000,E_large48_acorn1,large,ACORN,48,1,96,100,10,0.9600,1314.1,715.00,1191.75,1328.00,1438.25,760.95,448,225,4045,165056,169103,12188,156914,0,10,9627.1,39618184,35.7,96
n100k_d128_ip,100000,128,ip,random,0.0500,0.0500,5000,C_acorn_g4,acorn,ACORN,16,4,16,100,10,0.3190,7133.1,125.42,225.88,313.75,325.08,140.19,147,128,2740,19155,21897,1844,20053,0,9,12336.4,18532104,24.5,40
n100k_d128_ip,100000,128,ip,random,0.0500,0.0500,5000,C_acorn_g8,acorn,ACORN,16,8,16,100,10,0.3990,6854.4,133.33,229.08,259.58,337.08,145.89,144,114,2950,18738,21689,1815,19874,0,10,19233.8,20264200,24.6,40
n100k_d128_ip,100000,128,ip,random,0.0500,0.0500,5000,C_acorn_g16,acorn,ACORN,16,16,16,100,10,0.6570,6195.3,159.92,236.83,299.71,369.33,161.41,173,118,3454,18808,22263,1859,20404,0,10,39363.7,23728392,24.6,40
n100k_d128_ip,100000,128,ip,random,0.0500,0.0500,5000,C_acorn_g32,acorn,ACORN,16,32,16,100,10,0.7260,5752.7,173.54,248.79,338.50,406.67,173.83,191,125,3569,18952,22522,1857,20665,0,9,99104.9,30656776,24.6,40
n100k_d128_ip,100000,128,ip,random,0.0500,0.0500,5000,A_std_standard,std,STANDARD,16,1,32,250,10,0.9880,4021.9,249.67,290.62,352.79,422.00,248.64,1920,1920,1920,0,1920,0,0,258,10,11836.8,14033032,24.5,32
n100k_d128_ip,100000,128,ip,random,0.0500,0.0500,5000,B_std_acorn1,std,ACORN,16,1,32,250,10,0.3600,1273.0,816.54,1046.83,1126.83,1137.75,785.57,394,300,5912,146226,152139,12223,139915,0,10,11836.8,14033032,24.5,32
n100k_d128_ip,100000,128,ip,random,0.0500,0.0500,5000,D_large24_standard,large,STANDARD,24,1,48,250,10,0.9990,3946.2,254.46,288.12,386.33,396.38,253.41,1994,1994,1994,0,1994,0,0,257,10,10422.4,20424136,30.4,48
n100k_d128_ip,100000,128,ip,random,0.0500,0.0500,5000,E_large24_acorn1,large,ACORN,24,1,48,250,10,0.7000,769.4,1301.92,1661.54,1726.38,1770.92,1299.67,504,399,8026,255731,263759,19731,244027,0,10,10422.4,20424136,30.4,48
n100k_d128_ip,100000,128,ip,random,0.0500,0.0500,5000,D_large48_standard,large,STANDARD,48,1,96,250,10,1.0000,3820.7,262.08,295.79,386.29,433.79,261.73,2102,2102,2102,0,2102,0,0,255,10,9627.1,39618184,35.7,96
n100k_d128_ip,100000,128,ip,random,0.0500,0.0500,5000,E_large48_acorn1,large,ACORN,48,1,96,250,10,1.0000,553.9,1791.33,2218.71,2313.75,2653.92,1805.36,730,507,9380,384891,394273,28109,366164,0,10,9627.1,39618184,35.7,96
n100k_d128_ip,100000,128,ip,random,0.0500,0.0500,5000,C_acorn_g4,acorn,ACORN,16,4,16,250,10,0.3190,3551.4,296.75,511.71,570.71,639.04,281.58,249,230,5365,39340,44706,3841,40864,0,9,12336.4,18532104,24.5,40
n100k_d128_ip,100000,128,ip,random,0.0500,0.0500,5000,C_acorn_g8,acorn,ACORN,16,8,16,250,10,0.3990,3934.4,250.00,481.75,599.29,632.71,254.17,225,195,4863,33058,37923,3220,34702,0,10,19233.8,20264200,24.6,40
n100k_d128_ip,100000,128,ip,random,0.0500,0.0500,5000,C_acorn_g16,acorn,ACORN,16,16,16,250,10,0.6570,4048.5,223.58,445.21,573.38,600.75,247.00,230,175,4965,30174,35141,2935,32205,0,10,39363.7,23728392,24.6,40
n100k_d128_ip,100000,128,ip,random,0.0500,0.0500,5000,C_acorn_g32,acorn,ACORN,16,32,16,250,10,0.7260,3054.2,336.04,571.50,598.17,602.38,327.42,309,243,6083,38173,44258,3679,40578,0,9,99104.9,30656776,24.6,40
n100k_d128_ip,100000,128,ip,random,0.0500,0.0500,5000,A_std_standard,std,STANDARD,16,1,32,500,10,1.0000,2036.2,486.25,612.96,659.04,1025.46,491.11,2087,2087,2087,0,2087,0,0,513,10,11836.8,14033032,24.5,32
n100k_d128_ip,100000,128,ip,random,0.0500,0.0500,5000,B_std_acorn1,std,ACORN,16,1,32,500,10,0.3600,835.0,1159.46,2012.25,2104.29,2487.21,1197.57,481,387,9092,225603,234696,18863,215832,0,10,11836.8,14033032,24.5,32
n100k_d128_ip,100000,128,ip,random,0.0500,0.0500,5000,D_large24_standard,large,STANDARD,24,1,48,500,10,1.0000,2069.3,487.38,544.88,602.42,634.29,483.26,2074,2074,2074,0,2074,0,0,507,10,10422.4,20424136,30.4,48
n100k_d128_ip,100000,128,ip,random,0.0500,0.0500,5000,E_large24_acorn1,large,ACORN,24,1,48,500,10,0.7400,380.4,2641.58,3249.92,3424.96,4238.67,2629.15,821,717,15737,502675,518413,38997,479415,0,10,10422.4,20424136,30.4,48
n100k_d128_ip,100000,128,ip,random,0.0500,0.0500,5000,D_large48_standard,large,STANDARD,48,1,96,500,10,1.0000,1946.5,505.92,630.88,671.75,695.42,513.74,2169,2169,2169,0,2169,0,0,505,10,9627.1,39618184,35.7,96
n100k_d128_ip,100000,128,ip,random,0.0500,0.0500,5000,E_large48_acorn1,large,ACORN,48,1,96,500,10,1.0000,263.6,3761.67,4339.62,4463.88,4466.42,3794.34,1105,881,18326,753976,772303,55047,717255,0,10,9627.1,39618184,35.7,96
n100k_d128_ip,100000,128,ip,random,0.0500,0.0500,5000,C_acorn_g4,acorn,ACORN,16,4,16,500,10,0.3190,2632.8,354.58,785.21,917.04,1167.50,379.82,287,267,6965,51774,58741,5047,53694,0,9,12336.4,18532104,24.5,40
n100k_d128_ip,100000,128,ip,random,0.0500,0.0500,5000,C_acorn_g8,acorn,ACORN,16,8,16,500,10,0.4060,2609.3,285.75,1125.50,1255.83,1297.50,383.25,283,252,6641,46459,53102,4480,48622,0,10,19233.8,20264200,24.6,40
n100k_d128_ip,100000,128,ip,random,0.0500,0.0500,5000,C_acorn_g16,acorn,ACORN,16,16,16,500,10,0.6570,3133.6,228.50,829.12,1121.46,1327.12,319.12,263,208,5917,37304,43222,3588,39634,0,10,39363.7,23728392,24.6,40
n100k_d128_ip,100000,128,ip,random,0.0500,0.0500,5000,C_acorn_g32,acorn,ACORN,16,32,16,500,10,0.7260,1769.0,683.25,1004.92,1089.12,1405.88,565.31,445,379,9613,65396,75011,6200,68810,0,9,99104.9,30656776,24.6,40
n100k_d128_ip,100000,128,ip,random,0.0500,0.0500,5000,F_exact,exact,EXACT,16,0,0,0,100,1.0000,2107.9,461.75,532.75,580.54,647.17,474.41,5000,0,0,0,100000,0,0,0,100,0.0,0,0.0,0
n100k_d128_ip,100000,128,ip,random,0.0500,0.0500,5000,A_std_standard,std,STANDARD,16,1,32,50,100,0.4676,11818.5,84.17,101.75,149.29,156.92,84.61,1038,1038,1038,0,1038,0,0,59,48,11836.8,14033032,24.5,32
n100k_d128_ip,100000,128,ip,random,0.0500,0.0500,5000,B_std_acorn1,std,ACORN,16,1,32,50,100,0.3436,5091.6,185.25,312.54,329.17,375.12,196.40,201,106,1382,33274,34657,2745,31911,0,95,11836.8,14033032,24.5,32
n100k_d128_ip,100000,128,ip,random,0.0500,0.0500,5000,D_large24_standard,large,STANDARD,24,1,48,50,100,0.5567,10523.9,95.04,111.00,127.83,160.96,95.02,1209,1209,1209,0,1209,0,0,57,56,10422.4,20424136,30.4,48
n100k_d128_ip,100000,128,ip,random,0.0500,0.0500,5000,E_large24_acorn1,large,ACORN,24,1,48,50,100,0.5847,3448.6,288.83,378.67,490.62,622.67,289.97,213,109,1694,52770,54466,4059,50406,0,98,10422.4,20424136,30.4,48
n100k_d128_ip,100000,128,ip,random,0.0500,0.0500,5000,D_large48_standard,large,STANDARD,48,1,96,50,100,0.6371,9632.1,102.79,120.08,155.08,212.62,103.82,1433,1433,1433,0,1433,0,0,56,65,9627.1,39618184,35.7,96
n100k_d128_ip,100000,128,ip,random,0.0500,0.0500,5000,E_large48_acorn1,large,ACORN,48,1,96,50,100,0.8889,2203.6,432.88,702.04,764.50,898.71,453.79,381,157,2229,89817,92047,6634,85412,0,99,9627.1,39618184,35.7,96
n100k_d128_ip,100000,128,ip,random,0.0500,0.0500,5000,C_acorn_g4,acorn,ACORN,16,4,16,50,100,0.3000,11590.3,74.04,150.54,247.92,255.04,86.28,117,98,1570,9981,11552,975,10577,0,90,12336.4,18532104,24.5,40
n100k_d128_ip,100000,128,ip,random,0.0500,0.0500,5000,C_acorn_g8,acorn,ACORN,16,8,16,50,100,0.3801,11251.1,78.71,146.46,152.42,154.58,88.88,128,98,1823,10087,11911,1001,10910,0,93,19233.8,20264200,24.6,40
n100k_d128_ip,100000,128,ip,random,0.0500,0.0500,5000,C_acorn_g16,acorn,ACORN,16,16,16,50,100,0.5681,10140.6,94.42,140.71,170.67,262.08,98.61,152,97,2248,9825,12074,1007,11067,0,93,39363.7,23728392,24.6,40
n100k_d128_ip,100000,128,ip,random,0.0500,0.0500,5000,C_acorn_g32,acorn,ACORN,16,32,16,50,100,0.6269,9763.1,101.00,148.50,152.88,180.33,102.43,163,96,2374,9920,12296,1009,11286,0,92,99104.9,30656776,24.6,40
n100k_d128_ip,100000,128,ip,random,0.0500,0.0500,5000,A_std_standard,std,STANDARD,16,1,32,100,100,0.6754,7933.7,126.00,155.67,193.75,195.08,126.04,1461,1461,1461,0,1461,0,0,108,69,11836.8,14033032,24.5,32
n100k_d128_ip,100000,128,ip,random,0.0500,0.0500,5000,B_std_acorn1,std,ACORN,16,1,32,100,100,0.3465,2931.0,341.17,465.62,548.83,643.04,341.18,251,156,2607,63824,66432,5237,61195,0,98,11836.8,14033032,24.5,32
n100k_d128_ip,100000,128,ip,random,0.0500,0.0500,5000,D_large24_standard,large,STANDARD,24,1,48,100,100,0.7595,7388.3,135.96,157.71,202.71,216.79,135.35,1631,1631,1631,0,1631,0,0,107,77,10422.4,20424136,30.4,48
n100k_d128_ip,100000,128,ip,random,0.0500,0.0500,5000,E_large24_acorn1,large,ACORN,24,1,48,100,100,0.6536,1822.3,515.25,931.67,1146.42,1161.58,548.76,274,169,3357,106289,109647,8150,101497,0,99,10422.4,20424136,30.4,48
n100k_d128_ip,100000,128,ip,random,0.0500,0.0500,5000,D_large48_standard,large,STANDARD,48,1,96,100,100,0.8216,7058.7,143.83,159.17,183.83,265.79,141.67,1814,1814,1814,0,1814,0,0,106,84,9627.1,39618184,35.7,96
n100k_d128_ip,100000,128,ip,random,0.0500,0.0500,5000,E_large48_acorn1,large,ACORN,48,1,96,100,100,0.9576,1301.8,728.67,1052.08,1348.88,1448.33,768.19,448,225,4045,165056,169103,12188,156914,0,100,9627.1,39618184,35.7,96
n100k_d128_ip,100000,128,ip,random,0.0500,0.0500,5000,C_acorn_g4,acorn,ACORN,16,4,16,100,100,0.3166,6922.6,130.83,228.79,271.42,332.58,144.45,147,128,2740,19155,21897,1844,20053,0,96,12336.4,18532104,24.5,40
n100k_d128_ip,100000,128,ip,random,0.0500,0.0500,5000,C_acorn_g8,acorn,ACORN,16,8,16,100,100,0.3996,6769.0,137.54,235.88,257.67,262.12,147.73,144,114,2950,18738,21689,1815,19874,0,96,19233.8,20264200,24.6,40
n100k_d128_ip,100000,128,ip,random,0.0500,0.0500,5000,C_acorn_g16,acorn,ACORN,16,16,16,100,100,0.6261,6168.5,161.83,244.17,311.21,369.00,162.11,173,118,3454,18808,22263,1859,20404,0,97,39363.7,23728392,24.6,40
n100k_d128_ip,100000,128,ip,random,0.0500,0.0500,5000,C_acorn_g32,acorn,ACORN,16,32,16,100,100,0.6885,5830.4,165.21,253.54,282.83,415.75,171.51,191,125,3569,18952,22522,1857,20665,0,96,99104.9,30656776,24.6,40
n100k_d128_ip,100000,128,ip,random,0.0500,0.0500,5000,A_std_standard,std,STANDARD,16,1,32,250,100,0.8842,3937.2,256.83,297.67,372.58,384.71,253.99,1920,1920,1920,0,1920,0,0,258,91,11836.8,14033032,24.5,32
n100k_d128_ip,100000,128,ip,random,0.0500,0.0500,5000,B_std_acorn1,std,ACORN,16,1,32,250,100,0.3568,1271.2,815.46,1039.71,1183.08,1224.33,786.64,394,300,5912,146226,152139,12223,139915,0,98,11836.8,14033032,24.5,32
n100k_d128_ip,100000,128,ip,random,0.0500,0.0500,5000,D_large24_standard,large,STANDARD,24,1,48,250,100,0.9258,3841.2,263.71,288.25,367.54,394.25,260.34,1994,1994,1994,0,1994,0,0,257,93,10422.4,20424136,30.4,48
n100k_d128_ip,100000,128,ip,random,0.0500,0.0500,5000,E_large24_acorn1,large,ACORN,24,1,48,250,100,0.6940,753.8,1310.04,1702.75,1911.29,1914.00,1326.56,504,399,8026,255731,263759,19731,244027,0,99,10422.4,20424136,30.4,48
n100k_d128_ip,100000,128,ip,random,0.0500,0.0500,5000,D_large48_standard,large,STANDARD,48,1,96,250,100,0.9418,3717.7,271.42,303.33,377.62,419.21,268.99,2102,2102,2102,0,2102,0,0,255,95,9627.1,39618184,35.7,96
n100k_d128_ip,100000,128,ip,random,0.0500,0.0500,5000,E_large48_acorn1,large,ACORN,48,1,96,250,100,0.9958,551.7,1813.92,2108.92,2212.54,2339.46,1812.59,730,507,9380,384891,394273,28109,366164,0,100,9627.1,39618184,35.7,96
n100k_d128_ip,100000,128,ip,random,0.0500,0.0500,5000,C_acorn_g4,acorn,ACORN,16,4,16,250,100,0.3171,3500.2,301.50,468.62,583.54,593.75,285.70,249,230,5365,39340,44706,3841,40864,0,96,12336.4,18532104,24.5,40
n100k_d128_ip,100000,128,ip,random,0.0500,0.0500,5000,C_acorn_g8,acorn,ACORN,16,8,16,250,100,0.4009,3888.3,255.96,439.08,578.79,652.62,257.18,225,195,4863,33058,37923,3220,34702,0,96,19233.8,20264200,24.6,40
n100k_d128_ip,100000,128,ip,random,0.0500,0.0500,5000,C_acorn_g16,acorn,ACORN,16,16,16,250,100,0.6263,4004.8,231.25,487.12,591.54,599.00,249.70,230,175,4965,30174,35141,2935,32205,0,97,39363.7,23728392,24.6,40
n100k_d128_ip,100000,128,ip,random,0.0500,0.0500,5000,C_acorn_g32,acorn,ACORN,16,32,16,250,100,0.6932,3016.4,344.92,580.75,611.79,653.00,331.52,309,243,6083,38173,44258,3679,40578,0,96,99104.9,30656776,24.6,40
n100k_d128_ip,100000,128,ip,random,0.0500,0.0500,5000,A_std_standard,std,STANDARD,16,1,32,500,100,0.9495,2011.2,492.00,597.83,650.21,1054.29,497.23,2087,2087,2087,0,2087,0,0,513,95,11836.8,14033032,24.5,32
n100k_d128_ip,100000,128,ip,random,0.0500,0.0500,5000,B_std_acorn1,std,ACORN,16,1,32,500,100,0.3568,823.2,1148.71,1989.08,2222.88,2293.46,1214.78,481,387,9092,225603,234696,18863,215832,0,98,11836.8,14033032,24.5,32
n100k_d128_ip,100000,128,ip,random,0.0500,0.0500,5000,D_large24_standard,large,STANDARD,24,1,48,500,100,0.9574,2024.2,494.96,537.71,631.21,653.21,494.01,2074,2074,2074,0,2074,0,0,507,96,10422.4,20424136,30.4,48
n100k_d128_ip,100000,128,ip,random,0.0500,0.0500,5000,E_large24_acorn1,large,ACORN,24,1,48,500,100,0.7344,380.2,2617.33,3205.62,3403.92,4522.08,2630.11,821,717,15737,502675,518413,38997,479415,0,99,10422.4,20424136,30.4,48
n100k_d128_ip,100000,128,ip,random,0.0500,0.0500,5000,D_large48_standard,large,STANDARD,48,1,96,500,100,0.9592,1961.0,508.12,603.83,671.79,681.54,509.95,2169,2169,2169,0,2169,0,0,505,96,9627.1,39618184,35.7,96
n100k_d128_ip,100000,128,ip,random,0.0500,0.0500,5000,E_large48_acorn1,large,ACORN,48,1,96,500,100,0.9978,273.2,3668.83,4044.96,4176.25,4273.96,3660.30,1105,881,18326,753976,772303,55047,717255,0,100,9627.1,39618184,35.7,96
n100k_d128_ip,100000,128,ip,random,0.0500,0.0500,5000,C_acorn_g4,acorn,ACORN,16,4,16,500,100,0.3171,2668.0,366.29,707.96,758.83,935.54,374.81,287,267,6965,51774,58741,5047,53694,0,96,12336.4,18532104,24.5,40
n100k_d128_ip,100000,128,ip,random,0.0500,0.0500,5000,C_acorn_g8,acorn,ACORN,16,8,16,500,100,0.4092,2745.9,259.83,954.00,1029.50,1322.08,364.18,283,252,6641,46459,53102,4480,48622,0,96,19233.8,20264200,24.6,40
n100k_d128_ip,100000,128,ip,random,0.0500,0.0500,5000,C_acorn_g16,acorn,ACORN,16,16,16,500,100,0.6263,3249.0,234.12,722.12,1057.54,1186.12,307.78,263,208,5917,37304,43222,3588,39634,0,97,39363.7,23728392,24.6,40
n100k_d128_ip,100000,128,ip,random,0.0500,0.0500,5000,C_acorn_g32,acorn,ACORN,16,32,16,500,100,0.6942,1788.6,688.58,956.83,1154.38,1393.50,559.08,445,379,9613,65396,75011,6200,68810,0,96,99104.9,30656776,24.6,40
n100k_d128_ip,100000,128,ip,random,0.0200,0.0200,2000,F_exact,exact,EXACT,16,0,0,0,10,1.0000,4132.6,236.75,262.46,336.58,373.04,241.98,2000,0,0,0,100000,0,0,0,10,0.0,0,0.0,0
n100k_d128_ip,100000,128,ip,random,0.0200,0.0200,2000,A_std_standard,std,STANDARD,16,1,32,50,10,0.7110,13889.5,71.62,86.33,137.00,169.25,72.00,1037,1037,1037,0,1037,0,0,59,10,11836.8,14033032,24.5,32
n100k_d128_ip,100000,128,ip,random,0.0200,0.0200,2000,B_std_acorn1,std,ACORN,16,1,32,50,10,0.0300,11279.5,86.33,94.04,162.58,183.42,88.66,44,44,1091,27751,28843,1400,27443,0,10,11836.8,14033032,24.5,32
n100k_d128_ip,100000,128,ip,random,0.0200,0.0200,2000,D_large24_standard,large,STANDARD,24,1,48,50,10,0.7790,12370.2,81.83,93.75,114.29,132.88,80.84,1209,1209,1209,0,1209,0,0,57,10,10422.4,20424136,30.4,48
n100k_d128_ip,100000,128,ip,random,0.0200,0.0200,2000,E_large24_acorn1,large,ACORN,24,1,48,50,10,0.1900,4466.0,213.71,333.88,390.00,450.25,223.92,137,76,1606,51790,53398,2417,50981,0,10,10422.4,20424136,30.4,48
n100k_d128_ip,100000,128,ip,random,0.0200,0.0200,2000,D_large48_standard,large,STANDARD,48,1,96,50,10,0.8450,11394.2,88.50,101.62,126.08,133.67,87.76,1433,1433,1433,0,1433,0,0,56,10,9627.1,39618184,35.7,96
n100k_d128_ip,100000,128,ip,random,0.0200,0.0200,2000,E_large48_acorn1,large,ACORN,48,1,96,50,10,0.7000,2590.4,378.00,520.38,661.42,662.88,386.04,160,115,1985,84471,86457,3593,82864,0,10,9627.1,39618184,35.7,96
n100k_d128_ip,100000,128,ip,random,0.0200,0.0200,2000,C_acorn_g4,acorn,ACORN,16,4,16,50,10,0.0410,24007.9,40.54,45.58,52.29,84.04,41.65,56,55,1461,9746,11208,621,10587,0,10,12336.4,18532104,24.5,40
n100k_d128_ip,100000,128,ip,random,0.0200,0.0200,2000,C_acorn_g8,acorn,ACORN,16,8,16,50,10,0.0780,30106.5,33.21,61.50,126.96,215.17,33.22,38,29,1229,6118,7349,411,6937,0,8,19233.8,20264200,24.6,40
n100k_d128_ip,100000,128,ip,random,0.0200,0.0200,2000,C_acorn_g16,acorn,ACORN,16,16,16,50,10,0.2970,24176.0,34.83,95.08,139.38,140.04,41.36,50,32,1844,6531,8376,423,7953,0,8,39363.7,23728392,24.6,40
n100k_d128_ip,100000,128,ip,random,0.0200,0.0200,2000,C_acorn_g32,acorn,ACORN,16,32,16,50,10,0.5040,15865.9,60.29,118.62,136.79,209.25,63.03,74,40,2639,7419,10060,502,9557,0,8,99104.9,30656776,24.6,40
n100k_d128_ip,100000,128,ip,random,0.0200,0.0200,2000,A_std_standard,std,STANDARD,16,1,32,100,10,0.8810,8302.7,121.33,146.08,201.00,221.96,120.44,1461,1461,1461,0,1461,0,0,108,10,11836.8,14033032,24.5,32
n100k_d128_ip,100000,128,ip,random,0.0200,0.0200,2000,B_std_acorn1,std,ACORN,16,1,32,100,10,0.0300,11219.3,84.21,106.75,198.00,277.21,89.13,44,44,1091,27751,28843,1400,27443,0,10,11836.8,14033032,24.5,32
n100k_d128_ip,100000,128,ip,random,0.0200,0.0200,2000,D_large24_standard,large,STANDARD,24,1,48,100,10,0.9360,7767.3,131.46,145.79,166.79,199.46,128.74,1631,1631,1631,0,1631,0,0,107,10,10422.4,20424136,30.4,48
n100k_d128_ip,100000,128,ip,random,0.0200,0.0200,2000,E_large24_acorn1,large,ACORN,24,1,48,100,10,0.1900,2684.5,336.25,637.79,721.25,880.96,372.50,157,96,2685,87399,90085,4107,85978,0,10,10422.4,20424136,30.4,48
n100k_d128_ip,100000,128,ip,random,0.0200,0.0200,2000,D_large48_standard,large,STANDARD,48,1,96,100,10,0.9590,7417.3,137.88,157.21,171.38,192.04,134.82,1814,1814,1814,0,1814,0,0,106,10,9627.1,39618184,35.7,96
n100k_d128_ip,100000,128,ip,random,0.0200,0.0200,2000,E_large48_acorn1,large,ACORN,48,1,96,100,10,0.7600,1310.0,749.92,1004.71,1099.71,1102.33,763.36,242,197,4032,172232,176265,7404,168861,0,10,9627.1,39618184,35.7,96
n100k_d128_ip,100000,128,ip,random,0.0200,0.0200,2000,C_acorn_g4,acorn,ACORN,16,4,16,100,10,0.0410,20618.6,45.83,49.29,74.96,220.54,48.50,59,58,1628,10835,12464,688,11776,0,10,12336.4,18532104,24.5,40
n100k_d128_ip,100000,128,ip,random,0.0200,0.0200,2000,C_acorn_g8,acorn,ACORN,16,8,16,100,10,0.0780,33695.1,33.04,41.83,101.21,128.79,29.68,38,29,1229,6118,7349,411,6937,0,8,19233.8,20264200,24.6,40
n100k_d128_ip,100000,128,ip,random,0.0200,0.0200,2000,C_acorn_g16,acorn,ACORN,16,16,16,100,10,0.2970,21891.0,36.33,105.38,149.75,212.29,45.68,51,32,1860,6661,8523,431,8091,0,8,39363.7,23728392,24.6,40
n100k_d128_ip,100000,128,ip,random,0.0200,0.0200,2000,C_acorn_g32,acorn,ACORN,16,32,16,100,10,0.5130,14251.4,70.92,127.46,187.00,195.71,70.17,85,51,2983,10189,13173,677,12495,0,8,99104.9,30656776,24.6,40
n100k_d128_ip,100000,128,ip,random,0.0200,0.0200,2000,A_std_standard,std,STANDARD,16,1,32,250,10,0.9740,4033.9,249.83,288.46,365.21,396.29,247.90,1920,1920,1920,0,1920,0,0,258,10,11836.8,14033032,24.5,32
n100k_d128_ip,100000,128,ip,random,0.0200,0.0200,2000,B_std_acorn1,std,ACORN,16,1,32,250,10,0.0300,11163.3,87.00,98.54,133.25,163.04,89.58,44,44,1091,27751,28843,1400,27443,0,10,11836.8,14033032,24.5,32
n100k_d128_ip,100000,128,ip,random,0.0200,0.0200,2000,D_large24_standard,large,STANDARD,24,1,48,250,10,0.9900,3971.7,255.83,285.71,335.58,363.17,251.78,1994,1994,1994,0,1994,0,0,257,10,10422.4,20424136,30.4,48
n100k_d128_ip,100000,128,ip,random,0.0200,0.0200,2000,E_large24_acorn1,large,ACORN,24,1,48,250,10,0.1900,1839.9,352.17,1198.67,1413.46,1639.00,543.50,192,131,3923,128305,132229,6059,126170,0,10,10422.4,20424136,30.4,48
n100k_d128_ip,100000,128,ip,random,0.0200,0.0200,2000,D_large48_standard,large,STANDARD,48,1,96,250,10,0.9990,3837.5,263.29,290.04,392.00,416.83,260.59,2102,2102,2102,0,2102,0,0,255,10,9627.1,39618184,35.7,96
n100k_d128_ip,100000,128,ip,random,0.0200,0.0200,2000,E_large48_acorn1,large,ACORN,48,1,96,250,10,0.8200,549.3,1825.92,2143.46,2538.50,2689.54,1820.65,435,390,9485,405378,414864,17538,397326,0,10,9627.1,39618184,35.7,96
n100k_d128_ip,100000,128,ip,random,0.0200,0.0200,2000,C_acorn_g4,acorn,ACORN,16,4,16,250,10,0.0410,20786.2,44.96,51.75,89.67,200.21,48.11,59,58,1628,10835,12464,688,11776,0,10,12336.4,18532104,24.5,40
n100k_d128_ip,100000,128,ip,random,0.0200,0.0200,2000,C_acorn_g8,acorn,ACORN,16,8,16,250,10,0.0780,34587.1,32.25,38.58,101.12,126.38,28.91,38,29,1229,6118,7349,411,6937,0,8,19233.8,20264200,24.6,40
n100k_d128_ip,100000,128,ip,random,0.0200,0.0200,2000,C_acorn_g16,acorn,ACORN,16,16,16,250,10,0.2970,21680.2,36.38,105.00,197.54,203.08,46.12,51,32,1860,6661,8523,431,8091,0,8,39363.7,23728392,24.6,40
n100k_d128_ip,100000,128,ip,random,0.0200,0.0200,2000,C_acorn_g32,acorn,ACORN,16,32,16,250,10,0.5130,12054.6,77.08,171.12,265.71,451.62,82.96,90,56,3165,11551,14717,761,13955,0,8,99104.9,30656776,24.6,40
n100k_d128_ip,100000,128,ip,random,0.0200,0.0200,2000,A_std_standard,std,STANDARD,16,1,32,500,10,0.9980,2052.6,482.08,552.83,745.67,1009.75,487.19,2087,2087,2087,0,2087,0,0,513,10,11836.8,14033032,24.5,32
n100k_d128_ip,100000,128,ip,random,0.0200,0.0200,2000,B_std_acorn1,std,ACORN,16,1,32,500,10,0.0300,11433.1,84.79,95.00,145.54,194.33,87.46,44,44,1091,27751,28843,1400,27443,0,10,11836.8,14033032,24.5,32
n100k_d128_ip,100000,128,ip,random,0.0200,0.0200,2000,D_large24_standard,large,STANDARD,24,1,48,500,10,0.9960,2055.3,487.42,535.62,632.79,632.83,486.55,2074,2074,2074,0,2074,0,0,507,10,10422.4,20424136,30.4,48
n100k_d128_ip,100000,128,ip,random,0.0200,0.0200,2000,E_large24_acorn1,large,ACORN,24,1,48,500,10,0.1900,1643.5,357.58,1585.58,1723.96,2062.83,608.45,202,141,4369,143076,147447,6781,140665,0,10,10422.4,20424136,30.4,48
n100k_d128_ip,100000,128,ip,random,0.0200,0.0200,2000,D_large48_standard,large,STANDARD,48,1,96,500,10,1.0000,2019.4,494.79,570.17,634.38,655.42,495.19,2169,2169,2169,0,2169,0,0,505,10,9627.1,39618184,35.7,96
n100k_d128_ip,100000,128,ip,random,0.0200,0.0200,2000,E_large48_acorn1,large,ACORN,48,1,96,500,10,0.8600,263.6,3735.42,4474.71,5735.54,5750.25,3793.76,737,692,18505,792068,810574,34139,776434,0,10,9627.1,39618184,35.7,96
n100k_d128_ip,100000,128,ip,random,0.0200,0.0200,2000,C_acorn_g4,acorn,ACORN,16,4,16,500,10,0.0410,15731.3,46.88,113.29,305.38,308.96,63.57,59,58,1628,10835,12464,688,11776,0,10,12336.4,18532104,24.5,40
n100k_d128_ip,100000,128,ip,random,0.0200,0.0200,2000,C_acorn_g8,acorn,ACORN,16,8,16,500,10,0.0780,32211.3,32.58,60.67,107.71,136.12,31.05,38,29,1229,6118,7349,411,6937,0,8,19233.8,20264200,24.6,40
n100k_d128_ip,100000,128,ip,random,0.0200,0.0200,2000,C_acorn_g16,acorn,ACORN,16,16,16,500,10,0.2970,21032.3,36.50,115.75,208.67,210.71,47.55,51,32,1860,6661,8523,431,8091,0,8,39363.7,23728392,24.6,40
n100k_d128_ip,100000,128,ip,random,0.0200,0.0200,2000,C_acorn_g32,acorn,ACORN,16,32,16,500,10,0.5130,11658.6,80.58,176.04,312.42,547.08,85.77,90,56,3165,11551,14717,761,13955,0,8,99104.9,30656776,24.6,40
n100k_d128_ip,100000,128,ip,random,0.0200,0.0200,2000,F_exact,exact,EXACT,16,0,0,0,100,1.0000,4136.5,237.08,261.04,302.79,342.04,241.75,2000,0,0,0,100000,0,0,0,100,0.0,0,0.0,0
n100k_d128_ip,100000,128,ip,random,0.0200,0.0200,2000,A_std_standard,std,STANDARD,16,1,32,50,100,0.1915,11821.1,84.50,102.83,162.00,189.25,84.59,1038,1038,1038,0,1038,0,0,59,19,11836.8,14033032,24.5,32
n100k_d128_ip,100000,128,ip,random,0.0200,0.0200,2000,B_std_acorn1,std,ACORN,16,1,32,50,100,0.0143,10974.9,87.25,111.12,151.92,240.17,91.12,44,44,1091,27751,28843,1400,27443,0,43,11836.8,14033032,24.5,32
n100k_d128_ip,100000,128,ip,random,0.0200,0.0200,2000,D_large24_standard,large,STANDARD,24,1,48,50,100,0.2280,10745.1,92.88,111.58,157.25,159.25,93.07,1209,1209,1209,0,1209,0,0,57,22,10422.4,20424136,30.4,48
n100k_d128_ip,100000,128,ip,random,0.0200,0.0200,2000,E_large24_acorn1,large,ACORN,24,1,48,50,100,0.1979,4358.1,211.75,329.00,398.08,422.92,229.46,137,76,1606,51790,53398,2417,50981,0,75,10422.4,20424136,30.4,48
n100k_d128_ip,100000,128,ip,random,0.0200,0.0200,2000,D_large48_standard,large,STANDARD,48,1,96,50,100,0.2659,9443.4,103.21,130.75,163.79,183.54,105.89,1433,1433,1433,0,1433,0,0,56,26,9627.1,39618184,35.7,96
n100k_d128_ip,100000,128,ip,random,0.0200,0.0200,2000,E_large48_acorn1,large,ACORN,48,1,96,50,100,0.5426,2528.6,381.88,547.79,593.79,691.46,395.48,160,115,1985,84471,86457,3593,82864,0,93,9627.1,39618184,35.7,96
n100k_d128_ip,100000,128,ip,random,0.0200,0.0200,2000,C_acorn_g4,acorn,ACORN,16,4,16,50,100,0.1092,22836.7,42.58,50.75,58.46,82.67,43.79,56,55,1461,9746,11208,621,10587,0,55,12336.4,18532104,24.5,40
n100k_d128_ip,100000,128,ip,random,0.0200,0.0200,2000,C_acorn_g8,acorn,ACORN,16,8,16,50,100,0.1229,32577.2,33.88,45.75,97.71,126.83,30.70,38,29,1229,6118,7349,411,6937,0,29,19233.8,20264200,24.6,40
n100k_d128_ip,100000,128,ip,random,0.0200,0.0200,2000,C_acorn_g16,acorn,ACORN,16,16,16,50,100,0.1907,22733.3,36.38,106.08,145.79,158.33,43.99,50,32,1844,6531,8376,423,7953,0,32,39363.7,23728392,24.6,40
n100k_d128_ip,100000,128,ip,random,0.0200,0.0200,2000,C_acorn_g32,acorn,ACORN,16,32,16,50,100,0.2658,16074.7,63.38,122.62,139.92,148.42,62.21,74,40,2639,7419,10060,502,9557,0,40,99104.9,30656776,24.6,40
n100k_d128_ip,100000,128,ip,random,0.0200,0.0200,2000,A_std_standard,std,STANDARD,16,1,32,100,100,0.2775,8170.6,123.62,147.79,185.12,200.88,122.39,1461,1461,1461,0,1461,0,0,108,28,11836.8,14033032,24.5,32
n100k_d128_ip,100000,128,ip,random,0.0200,0.0200,2000,B_std_acorn1,std,ACORN,16,1,32,100,100,0.0143,10630.4,87.29,134.25,201.71,286.17,94.07,44,44,1091,27751,28843,1400,27443,0,43,11836.8,14033032,24.5,32
n100k_d128_ip,100000,128,ip,random,0.0200,0.0200,2000,D_large24_standard,large,STANDARD,24,1,48,100,100,0.3156,7622.3,135.25,149.25,173.04,210.04,131.19,1631,1631,1631,0,1631,0,0,107,31,10422.4,20424136,30.4,48
n100k_d128_ip,100000,128,ip,random,0.0200,0.0200,2000,E_large24_acorn1,large,ACORN,24,1,48,100,100,0.2088,2627.1,349.71,599.42,746.08,834.75,380.64,157,96,2685,87399,90085,4107,85978,0,82,10422.4,20424136,30.4,48
n100k_d128_ip,100000,128,ip,random,0.0200,0.0200,2000,D_large48_standard,large,STANDARD,48,1,96,100,100,0.3388,7062.8,140.92,172.04,202.50,277.17,141.59,1814,1814,1814,0,1814,0,0,106,34,9627.1,39618184,35.7,96
n100k_d128_ip,100000,128,ip,random,0.0200,0.0200,2000,E_large48_acorn1,large,ACORN,48,1,96,100,100,0.6949,1292.6,762.58,1006.08,1084.29,1184.17,773.62,242,197,4032,172232,176265,7404,168861,0,100,9627.1,39618184,35.7,96
n100k_d128_ip,100000,128,ip,random,0.0200,0.0200,2000,C_acorn_g4,acorn,ACORN,16,4,16,100,100,0.1094,20502.9,46.71,56.04,95.33,102.04,48.77,59,58,1628,10835,12464,688,11776,0,58,12336.4,18532104,24.5,40
n100k_d128_ip,100000,128,ip,random,0.0200,0.0200,2000,C_acorn_g8,acorn,ACORN,16,8,16,100,100,0.1229,33459.8,33.21,43.58,98.83,126.42,29.89,38,29,1229,6118,7349,411,6937,0,29,19233.8,20264200,24.6,40
n100k_d128_ip,100000,128,ip,random,0.0200,0.0200,2000,C_acorn_g16,acorn,ACORN,16,16,16,100,100,0.1911,20964.2,38.00,127.46,156.79,201.71,47.70,51,32,1860,6661,8523,431,8091,0,32,39363.7,23728392,24.6,40
n100k_d128_ip,100000,128,ip,random,0.0200,0.0200,2000,C_acorn_g32,acorn,ACORN,16,32,16,100,100,0.2765,12948.3,77.21,143.17,216.88,252.04,77.23,85,51,2983,10189,13173,677,12495,0,48,99104.9,30656776,24.6,40
n100k_d128_ip,100000,128,ip,random,0.0200,0.0200,2000,A_std_standard,std,STANDARD,16,1,32,250,100,0.3669,4004.7,252.21,287.88,341.17,378.88,249.70,1920,1920,1920,0,1920,0,0,258,37,11836.8,14033032,24.5,32
n100k_d128_ip,100000,128,ip,random,0.0200,0.0200,2000,B_std_acorn1,std,ACORN,16,1,32,250,100,0.0143,11245.2,86.54,101.25,149.58,197.83,88.93,44,44,1091,27751,28843,1400,27443,0,43,11836.8,14033032,24.5,32
n100k_d128_ip,100000,128,ip,random,0.0200,0.0200,2000,D_large24_standard,large,STANDARD,24,1,48,250,100,0.3866,3867.2,260.12,298.92,336.96,404.75,258.59,1994,1994,1994,0,1994,0,0,257,38,10422.4,20424136,30.4,48
n100k_d128_ip,100000,128,ip,random,0.0200,0.0200,2000,E_large24_acorn1,large,ACORN,24,1,48,250,100,0.2096,1830.0,360.71,1200.42,1359.96,1459.42,546.45,192,131,3923,128305,132229,6059,126170,0,82,10422.4,20424136,30.4,48
n100k_d128_ip,100000,128,ip,random,0.0200,0.0200,2000,D_large48_standard,large,STANDARD,48,1,96,250,100,0.3940,3735.0,268.67,312.75,412.42,414.46,267.74,2102,2102,2102,0,2102,0,0,255,39,9627.1,39618184,35.7,96
n100k_d128_ip,100000,128,ip,random,0.0200,0.0200,2000,E_large48_acorn1,large,ACORN,48,1,96,250,100,0.7768,541.4,1830.54,2178.75,2464.04,2596.75,1846.95,435,390,9485,405378,414864,17538,397326,0,100,9627.1,39618184,35.7,96
n100k_d128_ip,100000,128,ip,random,0.0200,0.0200,2000,C_acorn_g4,acorn,ACORN,16,4,16,250,100,0.1094,20030.2,46.92,55.62,89.92,203.62,49.92,59,58,1628,10835,12464,688,11776,0,58,12336.4,18532104,24.5,40
n100k_d128_ip,100000,128,ip,random,0.0200,0.0200,2000,C_acorn_g8,acorn,ACORN,16,8,16,250,100,0.1229,33186.8,33.62,40.33,101.92,128.46,30.13,38,29,1229,6118,7349,411,6937,0,29,19233.8,20264200,24.6,40
n100k_d128_ip,100000,128,ip,random,0.0200,0.0200,2000,C_acorn_g16,acorn,ACORN,16,16,16,250,100,0.1911,21733.0,37.00,112.33,158.75,217.71,46.01,51,32,1860,6661,8523,431,8091,0,32,39363.7,23728392,24.6,40
n100k_d128_ip,100000,128,ip,random,0.0200,0.0200,2000,C_acorn_g32,acorn,ACORN,16,32,16,250,100,0.2765,11871.3,79.50,180.17,300.12,458.29,84.24,90,56,3165,11551,14717,761,13955,0,48,99104.9,30656776,24.6,40
n100k_d128_ip,100000,128,ip,random,0.0200,0.0200,2000,A_std_standard,std,STANDARD,16,1,32,500,100,0.4007,2029.3,487.67,558.75,642.67,1043.67,492.77,2087,2087,2087,0,2087,0,0,513,40,11836.8,14033032,24.5,32
n100k_d128_ip,100000,128,ip,random,0.0200,0.0200,2000,B_std_acorn1,std,ACORN,16,1,32,500,100,0.0143,10967.6,86.88,122.12,161.50,213.17,91.18,44,44,1091,27751,28843,1400,27443,0,43,11836.8,14033032,24.5,32
n100k_d128_ip,100000,128,ip,random,0.0200,0.0200,2000,D_large24_standard,large,STANDARD,24,1,48,500,100,0.4029,2027.8,492.62,560.75,650.33,658.42,493.15,2074,2074,2074,0,2074,0,0,507,40,10422.4,20424136,30.4,48
n100k_d128_ip,100000,128,ip,random,0.0200,0.0200,2000,E_large24_acorn1,large,ACORN,24,1,48,500,100,0.2096,1632.2,356.75,1525.96,1787.46,1944.25,612.67,202,141,4369,143076,147447,6781,140665,0,82,10422.4,20424136,30.4,48
n100k_d128_ip,100000,128,ip,random,0.0200,0.0200,2000,D_large48_standard,large,STANDARD,48,1,96,500,100,0.4057,1988.7,502.25,606.25,664.54,678.12,502.84,2169,2169,2169,0,2169,0,0,505,41,9627.1,39618184,35.7,96
n100k_d128_ip,100000,128,ip,random,0.0200,0.0200,2000,E_large48_acorn1,large,ACORN,48,1,96,500,100,0.8419,268.9,3687.92,4087.67,4467.33,4889.92,3718.51,737,692,18505,792068,810574,34139,776434,0,100,9627.1,39618184,35.7,96
n100k_d128_ip,100000,128,ip,random,0.0200,0.0200,2000,C_acorn_g4,acorn,ACORN,16,4,16,500,100,0.1094,19741.4,47.38,61.00,107.79,162.38,50.65,59,58,1628,10835,12464,688,11776,0,58,12336.4,18532104,24.5,40
n100k_d128_ip,100000,128,ip,random,0.0200,0.0200,2000,C_acorn_g8,acorn,ACORN,16,8,16,500,100,0.1229,31554.0,34.12,55.71,101.62,130.42,31.69,38,29,1229,6118,7349,411,6937,0,29,19233.8,20264200,24.6,40
n100k_d128_ip,100000,128,ip,random,0.0200,0.0200,2000,C_acorn_g16,acorn,ACORN,16,16,16,500,100,0.1911,22599.7,36.88,111.04,140.54,207.54,44.25,51,32,1860,6661,8523,431,8091,0,32,39363.7,23728392,24.6,40
n100k_d128_ip,100000,128,ip,random,0.0200,0.0200,2000,C_acorn_g32,acorn,ACORN,16,32,16,500,100,0.2765,11724.0,82.71,178.50,294.62,486.12,85.30,90,56,3165,11551,14717,761,13955,0,48,99104.9,30656776,24.6,40
n100k_d128_ip,100000,128,ip,random,0.0100,0.0100,1000,F_exact,exact,EXACT,16,0,0,0,10,1.0000,5810.8,168.00,190.46,233.08,311.46,172.09,1000,0,0,0,100000,0,0,0,10,0.0,0,0.0,0
n100k_d128_ip,100000,128,ip,random,0.0100,0.0100,1000,A_std_standard,std,STANDARD,16,1,32,50,10,0.5930,13902.1,71.79,89.92,129.29,138.46,71.93,1037,1037,1037,0,1037,0,0,59,8,11836.8,14033032,24.5,32
n100k_d128_ip,100000,128,ip,random,0.0100,0.0100,1000,B_std_acorn1,std,ACORN,16,1,32,50,10,0.0020,257817.0,3.83,4.50,4.75,4.83,3.88,2,2,52,1046,1099,14,1085,0,1,11836.8,14033032,24.5,32
n100k_d128_ip,100000,128,ip,random,0.0100,0.0100,1000,D_large24_standard,large,STANDARD,24,1,48,50,10,0.6800,12581.0,80.58,91.50,114.38,143.58,79.48,1209,1209,1209,0,1209,0,0,57,9,10422.4,20424136,30.4,48
n100k_d128_ip,100000,128,ip,random,0.0100,0.0100,1000,E_large24_acorn1,large,ACORN,24,1,48,50,10,0.0300,11321.2,85.50,124.54,162.54,214.21,88.33,42,24,848,27414,28264,1108,27155,0,10,10422.4,20424136,30.4,48
n100k_d128_ip,100000,128,ip,random,0.0100,0.0100,1000,D_large48_standard,large,STANDARD,48,1,96,50,10,0.7590,11249.8,89.33,106.67,127.46,160.54,88.89,1433,1433,1433,0,1433,0,0,56,9,9627.1,39618184,35.7,96
n100k_d128_ip,100000,128,ip,random,0.0100,0.0100,1000,E_large48_acorn1,large,ACORN,48,1,96,50,10,0.2800,2816.5,341.00,544.17,718.42,890.71,355.06,224,78,2199,94812,97013,3077,93935,0,10,9627.1,39618184,35.7,96
n100k_d128_ip,100000,128,ip,random,0.0100,0.0100,1000,C_acorn_g4,acorn,ACORN,16,4,16,50,10,0.0000,546573.5,1.83,2.00,2.04,2.21,1.83,2,1,229,45,275,3,272,0,1,12336.4,18532104,24.5,40
n100k_d128_ip,100000,128,ip,random,0.0100,0.0100,1000,C_acorn_g8,acorn,ACORN,16,8,16,50,10,0.0290,80313.0,3.71,40.12,78.96,93.17,12.45,11,7,751,2054,2807,104,2702,0,4,19233.8,20264200,24.6,40
n100k_d128_ip,100000,128,ip,random,0.0100,0.0100,1000,C_acorn_g16,acorn,ACORN,16,16,16,50,10,0.1290,50797.9,20.00,33.58,66.17,71.29,19.69,22,13,1426,3484,4912,189,4723,0,8,39363.7,23728392,24.6,40
n100k_d128_ip,100000,128,ip,random,0.0100,0.0100,1000,C_acorn_g32,acorn,ACORN,16,32,16,50,10,0.2320,45589.4,21.83,50.88,74.88,78.33,21.93,32,12,2246,2918,5165,171,4994,0,7,99104.9,30656776,24.6,40
n100k_d128_ip,100000,128,ip,random,0.0100,0.0100,1000,A_std_standard,std,STANDARD,16,1,32,100,10,0.8050,8269.4,120.71,142.67,185.21,258.50,120.93,1461,1461,1461,0,1461,0,0,108,9,11836.8,14033032,24.5,32
n100k_d128_ip,100000,128,ip,random,0.0100,0.0100,1000,B_std_acorn1,std,ACORN,16,1,32,100,10,0.0020,257205.0,3.88,4.17,4.25,4.46,3.89,2,2,52,1046,1099,14,1085,0,1,11836.8,14033032,24.5,32
n100k_d128_ip,100000,128,ip,random,0.0100,0.0100,1000,D_large24_standard,large,STANDARD,24,1,48,100,10,0.8800,7612.5,134.04,159.17,165.62,195.21,131.36,1631,1631,1631,0,1631,0,0,107,9,10422.4,20424136,30.4,48
n100k_d128_ip,100000,128,ip,random,0.0100,0.0100,1000,E_large24_acorn1,large,ACORN,24,1,48,100,10,0.0300,11259.8,84.71,125.33,223.12,270.96,88.81,42,24,848,27414,28264,1108,27155,0,10,10422.4,20424136,30.4,48
n100k_d128_ip,100000,128,ip,random,0.0100,0.0100,1000,D_large48_standard,large,STANDARD,48,1,96,100,10,0.9160,7288.5,138.67,153.58,164.25,227.17,137.20,1814,1814,1814,0,1814,0,0,106,9,9627.1,39618184,35.7,96
n100k_d128_ip,100000,128,ip,random,0.0100,0.0100,1000,E_large48_acorn1,large,ACORN,48,1,96,100,10,0.3000,1572.0,649.29,953.67,1032.42,1202.96,636.12,271,125,3871,167321,171194,5458,165735,0,10,9627.1,39618184,35.7,96
n100k_d128_ip,100000,128,ip,random,0.0100,0.0100,1000,C_acorn_g4,acorn,ACORN,16,4,16,100,10,0.0000,528627.8,1.88,2.08,2.21,2.29,1.89,2,1,229,45,275,3,272,0,1,12336.4,18532104,24.5,40
n100k_d128_ip,100000,128,ip,random,0.0100,0.0100,1000,C_acorn_g8,acorn,ACORN,16,8,16,100,10,0.0290,93084.1,3.62,23.38,25.04,94.29,10.74,11,7,751,2054,2807,104,2702,0,4,19233.8,20264200,24.6,40
n100k_d128_ip,100000,128,ip,random,0.0100,0.0100,1000,C_acorn_g16,acorn,ACORN,16,16,16,100,10,0.1290,49707.9,20.12,37.25,66.79,70.29,20.12,22,13,1426,3484,4912,189,4723,0,8,39363.7,23728392,24.6,40
n100k_d128_ip,100000,128,ip,random,0.0100,0.0100,1000,C_acorn_g32,acorn,ACORN,16,32,16,100,10,0.2320,44789.3,21.96,50.42,78.08,78.17,22.33,32,12,2246,2918,5165,171,4994,0,7,99104.9,30656776,24.6,40
n100k_d128_ip,100000,128,ip,random,0.0100,0.0100,1000,A_std_standard,std,STANDARD,16,1,32,250,10,0.9670,4061.6,249.71,283.25,339.46,358.62,246.21,1920,1920,1920,0,1920,0,0,258,10,11836.8,14033032,24.5,32
n100k_d128_ip,100000,128,ip,random,0.0100,0.0100,1000,B_std_acorn1,std,ACORN,16,1,32,250,10,0.0020,237196.7,4.17,4.58,4.83,4.88,4.22,2,2,52,1046,1099,14,1085,0,1,11836.8,14033032,24.5,32
n100k_d128_ip,100000,128,ip,random,0.0100,0.0100,1000,D_large24_standard,large,STANDARD,24,1,48,250,10,0.9920,3968.3,254.33,288.88,317.71,399.08,252.00,1994,1994,1994,0,1994,0,0,257,9,10422.4,20424136,30.4,48
n100k_d128_ip,100000,128,ip,random,0.0100,0.0100,1000,E_large24_acorn1,large,ACORN,24,1,48,250,10,0.0300,11502.3,85.42,122.79,161.38,200.38,86.94,42,24,848,27414,28264,1108,27155,0,10,10422.4,20424136,30.4,48
n100k_d128_ip,100000,128,ip,random,0.0100,0.0100,1000,D_large48_standard,large,STANDARD,48,1,96,250,10,0.9940,3824.2,260.92,300.92,366.79,401.04,261.49,2102,2102,2102,0,2102,0,0,255,10,9627.1,39618184,35.7,96
n100k_d128_ip,100000,128,ip,random,0.0100,0.0100,1000,E_large48_acorn1,large,ACORN,48,1,96,250,10,0.3400,683.5,1629.50,1892.46,1959.29,2088.17,1463.08,395,249,8635,374458,383095,12195,370899,0,10,9627.1,39618184,35.7,96
n100k_d128_ip,100000,128,ip,random,0.0100,0.0100,1000,C_acorn_g4,acorn,ACORN,16,4,16,250,10,0.0000,522084.2,1.92,2.08,2.12,2.33,1.92,2,1,229,45,275,3,272,0,1,12336.4,18532104,24.5,40
n100k_d128_ip,100000,128,ip,random,0.0100,0.0100,1000,C_acorn_g8,acorn,ACORN,16,8,16,250,10,0.0290,92403.1,3.67,23.83,27.62,93.00,10.82,11,7,751,2054,2807,104,2702,0,4,19233.8,20264200,24.6,40
n100k_d128_ip,100000,128,ip,random,0.0100,0.0100,1000,C_acorn_g16,acorn,ACORN,16,16,16,250,10,0.1290,51146.5,19.92,35.25,66.58,71.04,19.55,22,13,1426,3484,4912,189,4723,0,8,39363.7,23728392,24.6,40
n100k_d128_ip,100000,128,ip,random,0.0100,0.0100,1000,C_acorn_g32,acorn,ACORN,16,32,16,250,10,0.2320,45758.7,21.67,50.21,74.75,77.00,21.85,32,12,2246,2918,5165,171,4994,0,7,99104.9,30656776,24.6,40
n100k_d128_ip,100000,128,ip,random,0.0100,0.0100,1000,A_std_standard,std,STANDARD,16,1,32,500,10,0.9990,2036.9,482.67,576.75,647.04,1180.75,490.94,2087,2087,2087,0,2087,0,0,513,10,11836.8,14033032,24.5,32
n100k_d128_ip,100000,128,ip,random,0.0100,0.0100,1000,B_std_acorn1,std,ACORN,16,1,32,500,10,0.0020,203318.2,4.88,5.17,5.42,7.38,4.92,2,2,52,1046,1099,14,1085,0,1,11836.8,14033032,24.5,32
n100k_d128_ip,100000,128,ip,random,0.0100,0.0100,1000,D_large24_standard,large,STANDARD,24,1,48,500,10,0.9980,2027.2,492.42,548.71,660.79,676.96,493.29,2074,2074,2074,0,2074,0,0,507,10,10422.4,20424136,30.4,48
n100k_d128_ip,100000,128,ip,random,0.0100,0.0100,1000,E_large24_acorn1,large,ACORN,24,1,48,500,10,0.0300,11335.9,85.83,99.00,187.71,224.38,88.22,42,24,848,27414,28264,1108,27155,0,10,10422.4,20424136,30.4,48
n100k_d128_ip,100000,128,ip,random,0.0100,0.0100,1000,D_large48_standard,large,STANDARD,48,1,96,500,10,0.9990,1918.5,504.71,665.79,794.33,821.25,521.24,2169,2169,2169,0,2169,0,0,505,10,9627.1,39618184,35.7,96
n100k_d128_ip,100000,128,ip,random,0.0100,0.0100,1000,E_large48_acorn1,large,ACORN,48,1,96,500,10,0.3400,457.9,2312.50,3141.54,4003.75,4353.38,2183.90,459,313,11497,498435,509934,16196,493737,0,10,9627.1,39618184,35.7,96
n100k_d128_ip,100000,128,ip,random,0.0100,0.0100,1000,C_acorn_g4,acorn,ACORN,16,4,16,500,10,0.0000,511522.0,1.92,2.04,2.33,5.67,1.95,2,1,229,45,275,3,272,0,1,12336.4,18532104,24.5,40
n100k_d128_ip,100000,128,ip,random,0.0100,0.0100,1000,C_acorn_g8,acorn,ACORN,16,8,16,500,10,0.0290,74822.6,3.75,31.04,102.67,134.29,13.36,11,7,751,2054,2807,104,2702,0,4,19233.8,20264200,24.6,40
n100k_d128_ip,100000,128,ip,random,0.0100,0.0100,1000,C_acorn_g16,acorn,ACORN,16,16,16,500,10,0.1290,50990.1,19.96,34.96,70.25,73.04,19.61,22,13,1426,3484,4912,189,4723,0,8,39363.7,23728392,24.6,40
n100k_d128_ip,100000,128,ip,random,0.0100,0.0100,1000,C_acorn_g32,acorn,ACORN,16,32,16,500,10,0.2320,45366.1,21.83,51.46,75.46,76.17,22.04,32,12,2246,2918,5165,171,4994,0,7,99104.9,30656776,24.6,40
n100k_d128_ip,100000,128,ip,random,0.0050,0.0050,500,F_exact,exact,EXACT,16,0,0,0,10,1.0000,7037.0,135.21,163.04,273.58,318.00,142.11,500,0,0,0,100000,0,0,0,10,0.0,0,0.0,0
n100k_d128_ip,100000,128,ip,random,0.0050,0.0050,500,A_std_standard,std,STANDARD,16,1,32,50,10,0.4290,13185.8,74.29,94.71,151.04,196.67,75.84,1037,1037,1037,0,1037,0,0,59,4,11836.8,14033032,24.5,32
n100k_d128_ip,100000,128,ip,random,0.0050,0.0050,500,B_std_acorn1,std,ACORN,16,1,32,50,10,0.0390,61544.8,21.58,23.08,26.67,61.00,16.25,39,6,215,4845,5061,188,4873,0,6,11836.8,14033032,24.5,32
n100k_d128_ip,100000,128,ip,random,0.0050,0.0050,500,D_large24_standard,large,STANDARD,24,1,48,50,10,0.5280,11879.7,83.04,102.42,175.25,179.58,84.18,1209,1209,1209,0,1209,0,0,57,5,10422.4,20424136,30.4,48
n100k_d128_ip,100000,128,ip,random,0.0050,0.0050,500,E_large24_acorn1,large,ACORN,24,1,48,50,10,0.0330,32913.7,30.25,31.58,32.25,32.75,30.38,42,11,343,10042,10386,342,10043,0,10,10422.4,20424136,30.4,48
n100k_d128_ip,100000,128,ip,random,0.0050,0.0050,500,D_large48_standard,large,STANDARD,48,1,96,50,10,0.6140,10496.8,90.38,149.58,187.12,210.38,95.27,1433,1433,1433,0,1433,0,0,56,6,9627.1,39618184,35.7,96
n100k_d128_ip,100000,128,ip,random,0.0050,0.0050,500,E_large48_acorn1,large,ACORN,48,1,96,50,10,0.0650,7957.3,120.62,131.88,272.46,300.62,125.67,22,22,968,44198,45167,1072,44095,0,10,9627.1,39618184,35.7,96
n100k_d128_ip,100000,128,ip,random,0.0050,0.0050,500,C_acorn_g4,acorn,ACORN,16,4,16,50,10,0.0370,120644.7,8.33,8.96,9.25,9.33,8.29,10,7,446,1925,2373,81,2292,0,7,12336.4,18532104,24.5,40
n100k_d128_ip,100000,128,ip,random,0.0050,0.0050,500,C_acorn_g8,acorn,ACORN,16,8,16,50,10,0.0180,186059.7,6.08,7.54,7.79,15.92,5.37,6,3,577,791,1370,35,1334,0,3,19233.8,20264200,24.6,40
n100k_d128_ip,100000,128,ip,random,0.0050,0.0050,500,C_acorn_g16,acorn,ACORN,16,16,16,50,10,0.0350,82127.2,13.79,16.75,17.54,23.58,12.18,12,9,1068,2581,3651,119,3531,0,8,39363.7,23728392,24.6,40
n100k_d128_ip,100000,128,ip,random,0.0050,0.0050,500,C_acorn_g32,acorn,ACORN,16,32,16,50,10,0.0320,79997.6,9.67,24.00,66.79,67.83,12.50,9,5,1449,1714,3165,73,3092,0,5,99104.9,30656776,24.6,40
n100k_d128_ip,100000,128,ip,random,0.0050,0.0050,500,A_std_standard,std,STANDARD,16,1,32,100,10,0.6340,7946.6,124.54,148.38,199.54,273.71,125.84,1461,1461,1461,0,1461,0,0,108,6,11836.8,14033032,24.5,32
n100k_d128_ip,100000,128,ip,random,0.0050,0.0050,500,B_std_acorn1,std,ACORN,16,1,32,100,10,0.0390,62140.6,21.67,23.04,25.00,54.75,16.09,39,6,215,4845,5061,188,4873,0,6,11836.8,14033032,24.5,32
n100k_d128_ip,100000,128,ip,random,0.0050,0.0050,500,D_large24_standard,large,STANDARD,24,1,48,100,10,0.7270,7284.8,135.33,170.79,223.83,276.92,137.27,1631,1631,1631,0,1631,0,0,107,7,10422.4,20424136,30.4,48
n100k_d128_ip,100000,128,ip,random,0.0050,0.0050,500,E_large24_acorn1,large,ACORN,24,1,48,100,10,0.0330,25477.7,30.50,102.58,152.88,227.83,39.25,42,11,343,10042,10386,342,10043,0,10,10422.4,20424136,30.4,48
n100k_d128_ip,100000,128,ip,random,0.0050,0.0050,500,D_large48_standard,large,STANDARD,48,1,96,100,10,0.7870,6908.7,142.33,196.96,266.21,282.29,144.74,1814,1814,1814,0,1814,0,0,106,8,9627.1,39618184,35.7,96
n100k_d128_ip,100000,128,ip,random,0.0050,0.0050,500,E_large48_acorn1,large,ACORN,48,1,96,100,10,0.0650,7721.3,120.46,183.29,337.54,343.88,129.51,22,22,968,44198,45167,1072,44095,0,10,9627.1,39618184,35.7,96
n100k_d128_ip,100000,128,ip,random,0.0050,0.0050,500,C_acorn_g4,acorn,ACORN,16,4,16,100,10,0.0370,120561.4,8.38,9.00,9.33,9.50,8.29,10,7,446,1925,2373,81,2292,0,7,12336.4,18532104,24.5,40
n100k_d128_ip,100000,128,ip,random,0.0050,0.0050,500,C_acorn_g8,acorn,ACORN,16,8,16,100,10,0.0180,186235.0,6.00,7.46,7.88,15.25,5.37,6,3,577,791,1370,35,1334,0,3,19233.8,20264200,24.6,40
n100k_d128_ip,100000,128,ip,random,0.0050,0.0050,500,C_acorn_g16,acorn,ACORN,16,16,16,100,10,0.0350,82999.1,13.75,16.46,16.88,22.88,12.05,12,9,1068,2581,3651,119,3531,0,8,39363.7,23728392,24.6,40
n100k_d128_ip,100000,128,ip,random,0.0050,0.0050,500,C_acorn_g32,acorn,ACORN,16,32,16,100,10,0.0320,81361.5,9.71,21.17,47.67,72.50,12.29,9,5,1449,1714,3165,73,3092,0,5,99104.9,30656776,24.6,40
n100k_d128_ip,100000,128,ip,random,0.0050,0.0050,500,A_std_standard,std,STANDARD,16,1,32,250,10,0.8300,3905.5,256.50,309.38,379.17,434.67,256.05,1920,1920,1920,0,1920,0,0,258,8,11836.8,14033032,24.5,32
n100k_d128_ip,100000,128,ip,random,0.0050,0.0050,500,B_std_acorn1,std,ACORN,16,1,32,250,10,0.0390,62033.2,21.75,22.67,26.38,54.38,16.12,39,6,215,4845,5061,188,4873,0,6,11836.8,14033032,24.5,32
n100k_d128_ip,100000,128,ip,random,0.0050,0.0050,500,D_large24_standard,large,STANDARD,24,1,48,250,10,0.8800,3442.0,273.33,415.58,503.88,598.50,290.53,1994,1994,1994,0,1994,0,0,257,8,10422.4,20424136,30.4,48
n100k_d128_ip,100000,128,ip,random,0.0050,0.0050,500,E_large24_acorn1,large,ACORN,24,1,48,250,10,0.0330,23597.9,30.96,99.12,107.46,128.54,42.38,42,11,343,10042,10386,342,10043,0,10,10422.4,20424136,30.4,48
n100k_d128_ip,100000,128,ip,random,0.0050,0.0050,500,D_large48_standard,large,STANDARD,48,1,96,250,10,0.8910,3256.1,281.62,464.25,672.25,1383.92,307.12,2102,2102,2102,0,2102,0,0,255,8,9627.1,39618184,35.7,96
n100k_d128_ip,100000,128,ip,random,0.0050,0.0050,500,E_large48_acorn1,large,ACORN,48,1,96,250,10,0.0650,7351.8,126.42,154.12,394.33,411.38,136.02,22,22,968,44198,45167,1072,44095,0,10,9627.1,39618184,35.7,96
n100k_d128_ip,100000,128,ip,random,0.0050,0.0050,500,C_acorn_g4,acorn,ACORN,16,4,16,250,10,0.0370,106852.2,8.50,11.83,28.21,53.58,9.36,10,7,446,1925,2373,81,2292,0,7,12336.4,18532104,24.5,40
n100k_d128_ip,100000,128,ip,random,0.0050,0.0050,500,C_acorn_g8,acorn,ACORN,16,8,16,250,10,0.0180,183752.9,6.08,7.67,11.50,15.38,5.44,6,3,577,791,1370,35,1334,0,3,19233.8,20264200,24.6,40
n100k_d128_ip,100000,128,ip,random,0.0050,0.0050,500,C_acorn_g16,acorn,ACORN,16,16,16,250,10,0.0350,81309.1,13.83,16.92,22.46,25.42,12.30,12,9,1068,2581,3651,119,3531,0,8,39363.7,23728392,24.6,40
n100k_d128_ip,100000,128,ip,random,0.0050,0.0050,500,C_acorn_g32,acorn,ACORN,16,32,16,250,10,0.0320,94711.4,9.71,15.21,19.96,30.92,10.56,9,5,1449,1714,3165,73,3092,0,5,99104.9,30656776,24.6,40
n100k_d128_ip,100000,128,ip,random,0.0050,0.0050,500,A_std_standard,std,STANDARD,16,1,32,500,10,0.9050,1873.8,501.08,680.62,767.54,1082.67,533.69,2087,2087,2087,0,2087,0,0,513,9,11836.8,14033032,24.5,32
n100k_d128_ip,100000,128,ip,random,0.0050,0.0050,500,B_std_acorn1,std,ACORN,16,1,32,500,10,0.0390,62333.1,21.71,22.58,23.83,54.17,16.04,39,6,215,4845,5061,188,4873,0,6,11836.8,14033032,24.5,32
n100k_d128_ip,100000,128,ip,random,0.0050,0.0050,500,D_large24_standard,large,STANDARD,24,1,48,500,10,0.9080,1773.6,520.17,743.83,940.25,2115.33,563.81,2074,2074,2074,0,2074,0,0,507,9,10422.4,20424136,30.4,48
n100k_d128_ip,100000,128,ip,random,0.0050,0.0050,500,E_large24_acorn1,large,ACORN,24,1,48,500,10,0.0330,26896.5,34.00,47.50,113.08,114.79,37.18,42,11,343,10042,10386,342,10043,0,10,10422.4,20424136,30.4,48
n100k_d128_ip,100000,128,ip,random,0.0050,0.0050,500,D_large48_standard,large,STANDARD,48,1,96,500,10,0.9110,1787.7,541.96,707.54,859.58,866.50,559.38,2169,2169,2169,0,2169,0,0,505,9,9627.1,39618184,35.7,96
n100k_d128_ip,100000,128,ip,random,0.0050,0.0050,500,E_large48_acorn1,large,ACORN,48,1,96,500,10,0.0650,6326.0,122.79,311.50,378.62,395.54,158.08,22,22,968,44198,45167,1072,44095,0,10,9627.1,39618184,35.7,96
n100k_d128_ip,100000,128,ip,random,0.0050,0.0050,500,C_acorn_g4,acorn,ACORN,16,4,16,500,10,0.0370,119343.7,8.42,9.08,9.33,9.46,8.38,10,7,446,1925,2373,81,2292,0,7,12336.4,18532104,24.5,40
n100k_d128_ip,100000,128,ip,random,0.0050,0.0050,500,C_acorn_g8,acorn,ACORN,16,8,16,500,10,0.0180,185529.1,6.08,7.50,7.92,15.88,5.39,6,3,577,791,1370,35,1334,0,3,19233.8,20264200,24.6,40
n100k_d128_ip,100000,128,ip,random,0.0050,0.0050,500,C_acorn_g16,acorn,ACORN,16,16,16,500,10,0.0350,67294.9,14.08,23.79,55.83,106.88,14.86,12,9,1068,2581,3651,119,3531,0,8,39363.7,23728392,24.6,40
n100k_d128_ip,100000,128,ip,random,0.0050,0.0050,500,C_acorn_g32,acorn,ACORN,16,32,16,500,10,0.0320,95938.5,9.71,15.00,15.33,33.79,10.42,9,5,1449,1714,3165,73,3092,0,5,99104.9,30656776,24.6,40
n100k_d128_ip,100000,128,ip,random,0.0010,0.0010,100,F_exact,exact,EXACT,16,0,0,0,10,1.0000,8729.7,110.04,147.08,200.25,224.62,114.55,100,0,0,0,100000,0,0,0,10,0.0,0,0.0,0
n100k_d128_ip,100000,128,ip,random,0.0010,0.0010,100,A_std_standard,std,STANDARD,16,1,32,50,10,0.0950,13123.2,74.75,107.62,147.42,154.46,76.20,1037,1037,1037,0,1037,0,0,59,0,11836.8,14033032,24.5,32
n100k_d128_ip,100000,128,ip,random,0.0010,0.0010,100,B_std_acorn1,std,ACORN,16,1,32,50,10,0.0000,423500.9,2.33,2.54,2.71,3.04,2.36,1,1,36,625,662,0,662,0,0,11836.8,14033032,24.5,32
n100k_d128_ip,100000,128,ip,random,0.0010,0.0010,100,D_large24_standard,large,STANDARD,24,1,48,50,10,0.1030,12040.1,81.92,96.88,169.25,191.75,83.06,1209,1209,1209,0,1209,0,0,57,1,10422.4,20424136,30.4,48
n100k_d128_ip,100000,128,ip,random,0.0010,0.0010,100,E_large24_acorn1,large,ACORN,24,1,48,50,10,0.0000,202516.1,5.71,5.92,5.96,6.42,4.94,1,1,68,1282,1351,0,1351,0,0,10422.4,20424136,30.4,48
n100k_d128_ip,100000,128,ip,random,0.0010,0.0010,100,D_large48_standard,large,STANDARD,48,1,96,50,10,0.1160,10742.8,92.96,110.71,152.92,198.38,93.09,1433,1433,1433,0,1433,0,0,56,1,9627.1,39618184,35.7,96
n100k_d128_ip,100000,128,ip,random,0.0010,0.0010,100,E_large48_acorn1,large,ACORN,48,1,96,50,10,0.0170,36104.9,27.25,27.75,39.75,47.75,27.70,4,4,229,10350,10580,116,10464,0,3,9627.1,39618184,35.7,96
n100k_d128_ip,100000,128,ip,random,0.0010,0.0010,100,C_acorn_g4,acorn,ACORN,16,4,16,50,10,0.0000,386904.1,2.46,3.00,3.12,3.21,2.58,1,1,182,536,719,0,719,0,0,12336.4,18532104,24.5,40
n100k_d128_ip,100000,128,ip,random,0.0010,0.0010,100,C_acorn_g8,acorn,ACORN,16,8,16,50,10,0.0000,385292.6,2.58,2.67,2.83,2.88,2.60,1,1,311,588,900,0,900,0,0,19233.8,20264200,24.6,40
n100k_d128_ip,100000,128,ip,random,0.0010,0.0010,100,C_acorn_g16,acorn,ACORN,16,16,16,50,10,0.0000,330210.6,3.04,3.08,3.17,3.17,3.03,1,1,570,606,1177,0,1177,0,0,39363.7,23728392,24.6,40
n100k_d128_ip,100000,128,ip,random,0.0010,0.0010,100,C_acorn_g32,acorn,ACORN,16,32,16,50,10,0.0000,367545.7,2.71,2.75,2.83,2.88,2.72,1,1,911,236,1148,0,1148,0,0,99104.9,30656776,24.6,40
n100k_d128_ip,100000,128,ip,random,0.0010,0.0010,100,A_std_standard,std,STANDARD,16,1,32,100,10,0.1330,7781.9,126.04,174.54,211.29,255.96,128.50,1461,1461,1461,0,1461,0,0,108,1,11836.8,14033032,24.5,32
n100k_d128_ip,100000,128,ip,random,0.0010,0.0010,100,B_std_acorn1,std,ACORN,16,1,32,100,10,0.0000,332917.2,3.00,3.25,3.38,3.79,3.00,1,1,36,625,662,0,662,0,0,11836.8,14033032,24.5,32
n100k_d128_ip,100000,128,ip,random,0.0010,0.0010,100,D_large24_standard,large,STANDARD,24,1,48,100,10,0.1490,7310.7,135.58,173.00,257.33,261.92,136.78,1631,1631,1631,0,1631,0,0,107,1,10422.4,20424136,30.4,48
n100k_d128_ip,100000,128,ip,random,0.0010,0.0010,100,E_large24_acorn1,large,ACORN,24,1,48,100,10,0.0000,187308.7,6.25,6.50,6.58,6.67,5.34,1,1,68,1282,1351,0,1351,0,0,10422.4,20424136,30.4,48
n100k_d128_ip,100000,128,ip,random,0.0010,0.0010,100,D_large48_standard,large,STANDARD,48,1,96,100,10,0.1610,6825.0,144.21,184.54,271.08,294.29,146.52,1814,1814,1814,0,1814,0,0,106,1,9627.1,39618184,35.7,96
n100k_d128_ip,100000,128,ip,random,0.0010,0.0010,100,E_large48_acorn1,large,ACORN,48,1,96,100,10,0.0170,36357.6,27.33,27.83,36.04,38.75,27.50,4,4,229,10350,10580,116,10464,0,3,9627.1,39618184,35.7,96
n100k_d128_ip,100000,128,ip,random,0.0010,0.0010,100,C_acorn_g4,acorn,ACORN,16,4,16,100,10,0.0000,370594.1,2.50,3.12,3.33,10.38,2.70,1,1,182,536,719,0,719,0,0,12336.4,18532104,24.5,40
n100k_d128_ip,100000,128,ip,random,0.0010,0.0010,100,C_acorn_g8,acorn,ACORN,16,8,16,100,10,0.0000,361440.1,2.75,2.83,2.96,2.96,2.77,1,1,311,588,900,0,900,0,0,19233.8,20264200,24.6,40
n100k_d128_ip,100000,128,ip,random,0.0010,0.0010,100,C_acorn_g16,acorn,ACORN,16,16,16,100,10,0.0000,276881.8,3.62,3.71,3.71,3.71,3.61,1,1,570,606,1177,0,1177,0,0,39363.7,23728392,24.6,40
n100k_d128_ip,100000,128,ip,random,0.0010,0.0010,100,C_acorn_g32,acorn,ACORN,16,32,16,100,10,0.0000,307528.6,3.00,3.71,3.83,8.21,3.25,1,1,911,236,1148,0,1148,0,0,99104.9,30656776,24.6,40
n100k_d128_ip,100000,128,ip,random,0.0010,0.0010,100,A_std_standard,std,STANDARD,16,1,32,250,10,0.1790,3906.5,256.08,298.38,462.29,554.96,255.98,1920,1920,1920,0,1920,0,0,258,1,11836.8,14033032,24.5,32
n100k_d128_ip,100000,128,ip,random,0.0010,0.0010,100,B_std_acorn1,std,ACORN,16,1,32,250,10,0.0000,312585.0,3.17,3.46,3.67,4.12,3.20,1,1,36,625,662,0,662,0,0,11836.8,14033032,24.5,32
n100k_d128_ip,100000,128,ip,random,0.0010,0.0010,100,D_large24_standard,large,STANDARD,24,1,48,250,10,0.1900,3743.0,262.88,325.38,414.46,417.42,267.16,1994,1994,1994,0,1994,0,0,257,1,10422.4,20424136,30.4,48
n100k_d128_ip,100000,128,ip,random,0.0010,0.0010,100,E_large24_acorn1,large,ACORN,24,1,48,250,10,0.0000,211510.8,4.71,4.96,5.17,5.50,4.73,1,1,68,1282,1351,0,1351,0,0,10422.4,20424136,30.4,48
n100k_d128_ip,100000,128,ip,random,0.0010,0.0010,100,D_large48_standard,large,STANDARD,48,1,96,250,10,0.1920,3404.6,277.12,411.71,467.88,1403.67,293.72,2102,2102,2102,0,2102,0,0,255,1,9627.1,39618184,35.7,96
n100k_d128_ip,100000,128,ip,random,0.0010,0.0010,100,E_large48_acorn1,large,ACORN,48,1,96,250,10,0.0170,33504.7,27.33,45.54,76.38,109.58,29.85,4,4,229,10350,10580,116,10464,0,3,9627.1,39618184,35.7,96
n100k_d128_ip,100000,128,ip,random,0.0010,0.0010,100,C_acorn_g4,acorn,ACORN,16,4,16,250,10,0.0000,339700.5,2.92,3.08,3.17,3.25,2.94,1,1,182,536,719,0,719,0,0,12336.4,18532104,24.5,40
n100k_d128_ip,100000,128,ip,random,0.0010,0.0010,100,C_acorn_g8,acorn,ACORN,16,8,16,250,10,0.0000,311483.8,3.21,3.25,3.29,3.33,3.21,1,1,311,588,900,0,900,0,0,19233.8,20264200,24.6,40
n100k_d128_ip,100000,128,ip,random,0.0010,0.0010,100,C_acorn_g16,acorn,ACORN,16,16,16,250,10,0.0000,304758.2,3.21,3.33,4.71,7.38,3.28,1,1,570,606,1177,0,1177,0,0,39363.7,23728392,24.6,40
n100k_d128_ip,100000,128,ip,random,0.0010,0.0010,100,C_acorn_g32,acorn,ACORN,16,32,16,250,10,0.0000,325339.7,3.04,3.17,3.29,3.50,3.07,1,1,911,236,1148,0,1148,0,0,99104.9,30656776,24.6,40
n100k_d128_ip,100000,128,ip,random,0.0010,0.0010,100,A_std_standard,std,STANDARD,16,1,32,500,10,0.1970,1916.5,500.46,710.96,855.54,1041.08,521.78,2087,2087,2087,0,2087,0,0,513,2,11836.8,14033032,24.5,32
n100k_d128_ip,100000,128,ip,random,0.0010,0.0010,100,B_std_acorn1,std,ACORN,16,1,32,500,10,0.0000,293856.6,3.42,3.62,3.88,4.21,3.40,1,1,36,625,662,0,662,0,0,11836.8,14033032,24.5,32
n100k_d128_ip,100000,128,ip,random,0.0010,0.0010,100,D_large24_standard,large,STANDARD,24,1,48,500,10,0.1970,2013.3,490.29,590.58,689.58,902.29,496.70,2074,2074,2074,0,2074,0,0,507,1,10422.4,20424136,30.4,48
n100k_d128_ip,100000,128,ip,random,0.0010,0.0010,100,E_large24_acorn1,large,ACORN,24,1,48,500,10,0.0000,236757.6,4.21,4.38,4.79,5.04,4.22,1,1,68,1282,1351,0,1351,0,0,10422.4,20424136,30.4,48
n100k_d128_ip,100000,128,ip,random,0.0010,0.0010,100,D_large48_standard,large,STANDARD,48,1,96,500,10,0.1970,2029.6,491.50,562.67,608.12,616.88,492.70,2169,2169,2169,0,2169,0,0,505,1,9627.1,39618184,35.7,96
n100k_d128_ip,100000,128,ip,random,0.0010,0.0010,100,E_large48_acorn1,large,ACORN,48,1,96,500,10,0.0170,36329.0,27.46,28.17,29.50,29.88,27.53,4,4,229,10350,10580,116,10464,0,3,9627.1,39618184,35.7,96
n100k_d128_ip,100000,128,ip,random,0.0010,0.0010,100,C_acorn_g4,acorn,ACORN,16,4,16,500,10,0.0000,371860.6,2.54,3.12,3.21,3.25,2.69,1,1,182,536,719,0,719,0,0,12336.4,18532104,24.5,40
n100k_d128_ip,100000,128,ip,random,0.0010,0.0010,100,C_acorn_g8,acorn,ACORN,16,8,16,500,10,0.0000,366406.4,2.71,2.79,2.88,2.92,2.73,1,1,311,588,900,0,900,0,0,19233.8,20264200,24.6,40
n100k_d128_ip,100000,128,ip,random,0.0010,0.0010,100,C_acorn_g16,acorn,ACORN,16,16,16,500,10,0.0000,321448.3,3.12,3.17,3.21,3.21,3.11,1,1,570,606,1177,0,1177,0,0,39363.7,23728392,24.6,40
n100k_d128_ip,100000,128,ip,random,0.0010,0.0010,100,C_acorn_g32,acorn,ACORN,16,32,16,500,10,0.0000,357090.6,2.79,2.88,2.96,3.00,2.80,1,1,911,236,1148,0,1148,0,0,99104.9,30656776,24.6,40
n100k_d128_ip,100000,128,ip,correlated,0.5000,0.5000,50000,F_exact,exact,EXACT,16,0,0,0,10,1.0000,226.0,4411.17,4573.92,4745.79,5186.92,4425.71,50000,0,0,0,100000,0,0,0,10,0.0,0,0.0,0
n100k_d128_ip,100000,128,ip,correlated,0.5000,0.5000,50000,A_std_standard,std,STANDARD,16,1,32,50,10,0.5960,14065.4,70.33,91.71,116.04,128.12,71.10,1037,1037,1037,0,1037,0,0,59,6,11836.8,14033032,24.5,32
n100k_d128_ip,100000,128,ip,correlated,0.5000,0.5000,50000,B_std_acorn1,std,ACORN,16,1,32,50,10,0.6080,8212.4,111.42,196.71,290.71,305.17,121.77,1166,1050,471,3715,4187,2345,1842,0,10,11836.8,14033032,24.5,32
n100k_d128_ip,100000,128,ip,correlated,0.5000,0.5000,50000,D_large24_standard,large,STANDARD,24,1,48,50,10,0.6350,12640.7,80.38,91.96,105.00,146.58,79.11,1209,1209,1209,0,1209,0,0,57,6,10422.4,20424136,30.4,48
n100k_d128_ip,100000,128,ip,correlated,0.5000,0.5000,50000,E_large24_acorn1,large,ACORN,24,1,48,50,10,0.7110,6065.8,137.62,339.96,410.00,469.08,164.86,1424,1272,705,7803,8509,3991,4518,0,10,10422.4,20424136,30.4,48
n100k_d128_ip,100000,128,ip,correlated,0.5000,0.5000,50000,D_large48_standard,large,STANDARD,48,1,96,50,10,0.6470,10099.1,98.46,117.75,186.88,212.58,99.02,1433,1433,1433,0,1433,0,0,56,7,9627.1,39618184,35.7,96
n100k_d128_ip,100000,128,ip,correlated,0.5000,0.5000,50000,E_large48_acorn1,large,ACORN,48,1,96,50,10,0.8300,4051.8,208.00,428.00,508.08,661.67,246.80,1796,1588,1190,15616,16807,7327,9480,0,10,9627.1,39618184,35.7,96
n100k_d128_ip,100000,128,ip,correlated,0.5000,0.5000,50000,C_acorn_g4,acorn,ACORN,16,4,16,50,10,0.3620,12145.0,76.62,127.38,207.33,226.54,82.34,858,782,1187,1036,2225,1848,376,0,10,12336.4,18532104,24.5,40
n100k_d128_ip,100000,128,ip,correlated,0.5000,0.5000,50000,C_acorn_g8,acorn,ACORN,16,8,16,50,10,0.4350,10997.8,88.00,128.33,187.96,204.71,90.93,895,816,1184,1140,2326,1861,465,0,10,19233.8,20264200,24.6,40
n100k_d128_ip,100000,128,ip,correlated,0.5000,0.5000,50000,C_acorn_g16,acorn,ACORN,16,16,16,50,10,0.4810,11456.6,83.75,126.75,171.88,227.88,87.29,892,810,1184,1255,2440,1833,606,0,10,39363.7,23728392,24.6,40
n100k_d128_ip,100000,128,ip,correlated,0.5000,0.5000,50000,C_acorn_g32,acorn,ACORN,16,32,16,50,10,0.4700,10992.7,85.88,149.67,201.38,225.08,90.97,899,819,1214,1533,2748,1871,876,0,10,99104.9,30656776,24.6,40
n100k_d128_ip,100000,128,ip,correlated,0.5000,0.5000,50000,A_std_standard,std,STANDARD,16,1,32,100,10,0.6560,7767.9,125.12,177.42,235.21,289.67,128.74,1461,1461,1461,0,1461,0,0,108,7,11836.8,14033032,24.5,32
n100k_d128_ip,100000,128,ip,correlated,0.5000,0.5000,50000,B_std_acorn1,std,ACORN,16,1,32,100,10,0.7510,4175.1,209.96,411.21,492.75,799.08,239.51,1550,1434,1193,8908,10102,5234,4867,0,10,11836.8,14033032,24.5,32
n100k_d128_ip,100000,128,ip,correlated,0.5000,0.5000,50000,D_large24_standard,large,STANDARD,24,1,48,100,10,0.6820,6698.8,142.08,203.33,248.54,500.33,149.28,1631,1631,1631,0,1631,0,0,107,7,10422.4,20424136,30.4,48
n100k_d128_ip,100000,128,ip,correlated,0.5000,0.5000,50000,E_large24_acorn1,large,ACORN,24,1,48,100,10,0.8410,3210.7,229.17,639.83,786.83,885.54,311.46,1771,1619,1854,17321,19177,8816,10360,0,10,10422.4,20424136,30.4,48
n100k_d128_ip,100000,128,ip,correlated,0.5000,0.5000,50000,D_large48_standard,large,STANDARD,48,1,96,100,10,0.6830,6716.8,146.17,183.08,319.12,328.54,148.88,1814,1814,1814,0,1814,0,0,106,7,9627.1,39618184,35.7,96
n100k_d128_ip,100000,128,ip,correlated,0.5000,0.5000,50000,E_large48_acorn1,large,ACORN,48,1,96,100,10,0.9540,2220.3,368.46,932.38,1107.46,1136.12,450.39,2154,1946,3124,32081,35206,15582,19624,0,10,9627.1,39618184,35.7,96
n100k_d128_ip,100000,128,ip,correlated,0.5000,0.5000,50000,C_acorn_g4,acorn,ACORN,16,4,16,100,10,0.4470,6470.4,150.79,231.00,307.92,313.92,154.55,1188,1111,2296,2206,4504,3662,842,0,10,12336.4,18532104,24.5,40
n100k_d128_ip,100000,128,ip,correlated,0.5000,0.5000,50000,C_acorn_g8,acorn,ACORN,16,8,16,100,10,0.5250,5775.6,162.75,309.71,410.75,460.83,173.14,1230,1151,2294,2557,4852,3705,1146,0,10,19233.8,20264200,24.6,40
n100k_d128_ip,100000,128,ip,correlated,0.5000,0.5000,50000,C_acorn_g16,acorn,ACORN,16,16,16,100,10,0.5680,6128.9,160.67,250.67,300.42,336.96,163.16,1239,1157,2246,2491,4739,3613,1125,0,10,39363.7,23728392,24.6,40
n100k_d128_ip,100000,128,ip,correlated,0.5000,0.5000,50000,C_acorn_g32,acorn,ACORN,16,32,16,100,10,0.5520,6425.1,150.71,247.54,285.42,335.79,155.64,1224,1145,2261,2894,5156,3615,1541,0,10,99104.9,30656776,24.6,40
n100k_d128_ip,100000,128,ip,correlated,0.5000,0.5000,50000,A_std_standard,std,STANDARD,16,1,32,250,10,0.6820,3818.8,258.04,352.46,425.08,452.88,261.86,1920,1920,1920,0,1920,0,0,258,7,11836.8,14033032,24.5,32
n100k_d128_ip,100000,128,ip,correlated,0.5000,0.5000,50000,B_std_acorn1,std,ACORN,16,1,32,250,10,0.8380,2082.6,374.12,843.33,918.58,1040.58,480.17,1913,1797,4664,25053,29719,15148,14570,0,10,11836.8,14033032,24.5,32
n100k_d128_ip,100000,128,ip,correlated,0.5000,0.5000,50000,D_large24_standard,large,STANDARD,24,1,48,250,10,0.6970,3768.4,264.29,326.12,428.38,455.92,265.37,1994,1994,1994,0,1994,0,0,257,7,10422.4,20424136,30.4,48
n100k_d128_ip,100000,128,ip,correlated,0.5000,0.5000,50000,E_large24_acorn1,large,ACORN,24,1,48,250,10,0.8780,1645.2,426.92,1351.75,1523.92,1558.04,607.83,2011,1860,6469,41155,47626,22782,24843,0,10,10422.4,20424136,30.4,48
n100k_d128_ip,100000,128,ip,correlated,0.5000,0.5000,50000,D_large48_standard,large,STANDARD,48,1,96,250,10,0.7010,3806.0,262.62,299.50,354.21,400.42,262.74,2102,2102,2102,0,2102,0,0,255,8,9627.1,39618184,35.7,96
n100k_d128_ip,100000,128,ip,correlated,0.5000,0.5000,50000,E_large48_acorn1,large,ACORN,48,1,96,250,10,0.9700,1315.5,501.04,1604.12,1816.58,1896.83,760.17,2440,2233,9004,70045,79050,35673,43377,0,10,9627.1,39618184,35.7,96
n100k_d128_ip,100000,128,ip,correlated,0.5000,0.5000,50000,C_acorn_g4,acorn,ACORN,16,4,16,250,10,0.4810,3244.7,310.08,434.00,459.92,521.96,308.19,1625,1548,5780,5736,11517,9276,2241,0,10,12336.4,18532104,24.5,40
n100k_d128_ip,100000,128,ip,correlated,0.5000,0.5000,50000,C_acorn_g8,acorn,ACORN,16,8,16,250,10,0.5910,2981.3,317.92,581.62,605.83,686.83,335.42,1697,1618,5749,6946,12697,9338,3359,0,10,19233.8,20264200,24.6,40
n100k_d128_ip,100000,128,ip,correlated,0.5000,0.5000,50000,C_acorn_g16,acorn,ACORN,16,16,16,250,10,0.6210,3145.4,312.92,431.79,469.04,556.46,317.92,1703,1621,5593,6239,11833,9078,2755,0,10,39363.7,23728392,24.6,40
n100k_d128_ip,100000,128,ip,correlated,0.5000,0.5000,50000,C_acorn_g32,acorn,ACORN,16,32,16,250,10,0.6040,3011.4,319.71,463.46,496.83,661.17,332.07,1727,1648,5682,7230,12914,9272,3641,0,10,99104.9,30656776,24.6,40
n100k_d128_ip,100000,128,ip,correlated,0.5000,0.5000,50000,A_std_standard,std,STANDARD,16,1,32,500,10,0.6990,2041.8,484.12,612.46,618.75,1104.88,489.77,2087,2087,2087,0,2087,0,0,513,7,11836.8,14033032,24.5,32
n100k_d128_ip,100000,128,ip,correlated,0.5000,0.5000,50000,B_std_acorn1,std,ACORN,16,1,32,500,10,0.8400,1174.2,619.54,1611.54,1713.92,1845.33,851.62,2053,1937,10947,47968,58917,29922,28994,0,10,11836.8,14033032,24.5,32
n100k_d128_ip,100000,128,ip,correlated,0.5000,0.5000,50000,D_large24_standard,large,STANDARD,24,1,48,500,10,0.7020,2061.3,487.79,546.21,619.33,620.17,485.13,2074,2074,2074,0,2074,0,0,507,7,10422.4,20424136,30.4,48
n100k_d128_ip,100000,128,ip,correlated,0.5000,0.5000,50000,E_large24_acorn1,large,ACORN,24,1,48,500,10,0.9000,956.4,636.58,2327.62,2604.42,3802.75,1045.55,2140,1989,14507,81501,96010,45269,50740,0,10,10422.4,20424136,30.4,48
n100k_d128_ip,100000,128,ip,correlated,0.5000,0.5000,50000,D_large48_standard,large,STANDARD,48,1,96,500,10,0.7050,2009.1,496.42,583.92,650.08,677.38,497.74,2169,2169,2169,0,2169,0,0,505,9,9627.1,39618184,35.7,96
n100k_d128_ip,100000,128,ip,correlated,0.5000,0.5000,50000,E_large48_acorn1,large,ACORN,48,1,96,500,10,0.9710,730.7,874.67,3096.62,3266.71,3272.04,1368.46,2691,2483,18174,126458,144633,65157,79476,0,10,9627.1,39618184,35.7,96
n100k_d128_ip,100000,128,ip,correlated,0.5000,0.5000,50000,C_acorn_g4,acorn,ACORN,16,4,16,500,10,0.4910,1685.2,580.67,847.83,875.79,882.88,593.41,1872,1796,11535,10766,22302,17662,4640,0,10,12336.4,18532104,24.5,40
n100k_d128_ip,100000,128,ip,correlated,0.5000,0.5000,50000,C_acorn_g8,acorn,ACORN,16,8,16,500,10,0.6120,1545.2,602.33,987.71,1044.25,1124.38,647.18,1969,1889,11888,13614,25503,18398,7105,0,10,19233.8,20264200,24.6,40
n100k_d128_ip,100000,128,ip,correlated,0.5000,0.5000,50000,C_acorn_g16,acorn,ACORN,16,16,16,500,10,0.6330,1578.1,594.00,882.29,1079.42,1103.88,633.69,2020,1938,11871,12077,23949,18253,5696,0,10,39363.7,23728392,24.6,40
n100k_d128_ip,100000,128,ip,correlated,0.5000,0.5000,50000,C_acorn_g32,acorn,ACORN,16,32,16,500,10,0.6340,1554.5,600.00,913.96,1034.29,1310.08,643.28,1983,1903,11825,13784,25611,18258,7353,0,10,99104.9,30656776,24.6,40
n100k_d128_ip,100000,128,ip,correlated,0.5000,0.5000,50000,F_exact,exact,EXACT,16,0,0,0,100,1.0000,227.4,4390.62,4522.25,4565.75,4624.75,4397.52,50000,0,0,0,100000,0,0,0,100,0.0,0,0.0,0
n100k_d128_ip,100000,128,ip,correlated,0.5000,0.5000,50000,A_std_standard,std,STANDARD,16,1,32,50,100,0.4924,11281.4,88.88,105.08,142.50,177.29,88.64,1038,1038,1038,0,1038,0,0,59,60,11836.8,14033032,24.5,32
n100k_d128_ip,100000,128,ip,correlated,0.5000,0.5000,50000,B_std_acorn1,std,ACORN,16,1,32,50,100,0.5989,6959.4,134.33,225.67,255.04,311.75,143.69,1166,1050,471,3715,4187,2345,1842,0,100,11836.8,14033032,24.5,32
n100k_d128_ip,100000,128,ip,correlated,0.5000,0.5000,50000,D_large24_standard,large,STANDARD,24,1,48,50,100,0.5368,10198.4,100.00,114.17,123.17,179.00,98.05,1209,1209,1209,0,1209,0,0,57,61,10422.4,20424136,30.4,48
n100k_d128_ip,100000,128,ip,correlated,0.5000,0.5000,50000,E_large24_acorn1,large,ACORN,24,1,48,50,100,0.7293,5201.6,163.50,378.17,481.00,482.83,192.25,1424,1273,706,7805,8513,3994,4518,0,99,10422.4,20424136,30.4,48
n100k_d128_ip,100000,128,ip,correlated,0.5000,0.5000,50000,D_large48_standard,large,STANDARD,48,1,96,50,100,0.5609,9298.2,108.71,129.08,179.67,191.75,107.55,1433,1433,1433,0,1433,0,0,56,61,9627.1,39618184,35.7,96
n100k_d128_ip,100000,128,ip,correlated,0.5000,0.5000,50000,E_large48_acorn1,large,ACORN,48,1,96,50,100,0.8149,3854.2,226.50,435.62,453.42,499.79,259.46,1796,1588,1190,15616,16808,7328,9480,0,100,9627.1,39618184,35.7,96
n100k_d128_ip,100000,128,ip,correlated,0.5000,0.5000,50000,C_acorn_g4,acorn,ACORN,16,4,16,50,100,0.3387,10012.2,95.79,147.83,188.33,202.83,99.88,858,782,1187,1037,2226,1849,376,0,99,12336.4,18532104,24.5,40
n100k_d128_ip,100000,128,ip,correlated,0.5000,0.5000,50000,C_acorn_g8,acorn,ACORN,16,8,16,50,100,0.4178,9123.9,104.21,148.88,226.12,242.08,109.60,895,816,1184,1140,2326,1861,465,0,100,19233.8,20264200,24.6,40
n100k_d128_ip,100000,128,ip,correlated,0.5000,0.5000,50000,C_acorn_g16,acorn,ACORN,16,16,16,50,100,0.4459,9368.5,110.21,146.08,184.58,186.88,106.74,892,810,1184,1256,2441,1834,607,0,100,39363.7,23728392,24.6,40
n100k_d128_ip,100000,128,ip,correlated,0.5000,0.5000,50000,C_acorn_g32,acorn,ACORN,16,32,16,50,100,0.4533,9330.2,101.83,168.92,230.00,230.67,107.18,899,819,1214,1533,2748,1871,876,0,100,99104.9,30656776,24.6,40
n100k_d128_ip,100000,128,ip,correlated,0.5000,0.5000,50000,A_std_standard,std,STANDARD,16,1,32,100,100,0.5715,7657.7,130.08,159.83,182.17,215.88,130.59,1461,1461,1461,0,1461,0,0,108,60,11836.8,14033032,24.5,32
n100k_d128_ip,100000,128,ip,correlated,0.5000,0.5000,50000,B_std_acorn1,std,ACORN,16,1,32,100,100,0.7504,4391.0,199.38,379.17,520.67,643.29,227.74,1550,1434,1193,8908,10102,5234,4867,0,100,11836.8,14033032,24.5,32
n100k_d128_ip,100000,128,ip,correlated,0.5000,0.5000,50000,D_large24_standard,large,STANDARD,24,1,48,100,100,0.6003,7129.0,142.04,165.46,227.12,246.83,140.27,1631,1631,1631,0,1631,0,0,107,62,10422.4,20424136,30.4,48
n100k_d128_ip,100000,128,ip,correlated,0.5000,0.5000,50000,E_large24_acorn1,large,ACORN,24,1,48,100,100,0.8650,3398.9,224.71,579.17,798.25,798.33,294.21,1771,1619,1854,17321,19177,8816,10360,0,100,10422.4,20424136,30.4,48
n100k_d128_ip,100000,128,ip,correlated,0.5000,0.5000,50000,D_large48_standard,large,STANDARD,48,1,96,100,100,0.6067,6709.8,149.58,190.42,236.00,248.42,149.04,1814,1814,1814,0,1814,0,0,106,62,9627.1,39618184,35.7,96
n100k_d128_ip,100000,128,ip,correlated,0.5000,0.5000,50000,E_large48_acorn1,large,ACORN,48,1,96,100,100,0.9449,2446.5,319.71,743.96,817.58,955.54,408.75,2154,1946,3124,32081,35206,15582,19624,0,100,9627.1,39618184,35.7,96
n100k_d128_ip,100000,128,ip,correlated,0.5000,0.5000,50000,C_acorn_g4,acorn,ACORN,16,4,16,100,100,0.4250,6589.3,151.88,213.29,245.67,256.21,151.76,1188,1111,2296,2206,4504,3662,842,0,100,12336.4,18532104,24.5,40
n100k_d128_ip,100000,128,ip,correlated,0.5000,0.5000,50000,C_acorn_g8,acorn,ACORN,16,8,16,100,100,0.5146,6158.6,158.08,250.38,301.46,313.50,162.38,1230,1151,2294,2557,4852,3705,1146,0,100,19233.8,20264200,24.6,40
n100k_d128_ip,100000,128,ip,correlated,0.5000,0.5000,50000,C_acorn_g16,acorn,ACORN,16,16,16,100,100,0.5501,6188.0,162.96,235.00,305.42,344.88,161.60,1239,1157,2246,2491,4739,3613,1125,0,100,39363.7,23728392,24.6,40
n100k_d128_ip,100000,128,ip,correlated,0.5000,0.5000,50000,C_acorn_g32,acorn,ACORN,16,32,16,100,100,0.5490,6185.9,159.50,242.67,283.42,304.92,161.66,1224,1145,2261,2894,5156,3615,1541,0,100,99104.9,30656776,24.6,40
n100k_d128_ip,100000,128,ip,correlated,0.5000,0.5000,50000,A_std_standard,std,STANDARD,16,1,32,250,100,0.6052,3882.1,256.58,299.58,378.29,378.96,257.59,1920,1920,1920,0,1920,0,0,258,61,11836.8,14033032,24.5,32
n100k_d128_ip,100000,128,ip,correlated,0.5000,0.5000,50000,B_std_acorn1,std,ACORN,16,1,32,250,100,0.8550,2124.6,367.38,849.42,985.21,1030.54,470.67,1913,1797,4664,25053,29719,15148,14570,0,100,11836.8,14033032,24.5,32
n100k_d128_ip,100000,128,ip,correlated,0.5000,0.5000,50000,D_large24_standard,large,STANDARD,24,1,48,250,100,0.6195,3754.0,266.58,301.38,383.50,402.08,266.38,1994,1994,1994,0,1994,0,0,257,62,10422.4,20424136,30.4,48
n100k_d128_ip,100000,128,ip,correlated,0.5000,0.5000,50000,E_large24_acorn1,large,ACORN,24,1,48,250,100,0.9229,1721.9,403.96,1220.42,1497.71,1530.17,580.75,2011,1860,6469,41155,47626,22782,24843,0,100,10422.4,20424136,30.4,48
n100k_d128_ip,100000,128,ip,correlated,0.5000,0.5000,50000,D_large48_standard,large,STANDARD,48,1,96,250,100,0.6221,3691.2,274.42,317.25,352.38,411.96,270.91,2102,2102,2102,0,2102,0,0,255,64,9627.1,39618184,35.7,96
n100k_d128_ip,100000,128,ip,correlated,0.5000,0.5000,50000,E_large48_acorn1,large,ACORN,48,1,96,250,100,0.9860,1278.3,534.17,1637.58,1727.96,2053.79,782.26,2440,2233,9004,70045,79050,35673,43377,0,100,9627.1,39618184,35.7,96
n100k_d128_ip,100000,128,ip,correlated,0.5000,0.5000,50000,C_acorn_g4,acorn,ACORN,16,4,16,250,100,0.4840,3133.7,321.04,440.38,475.75,565.21,319.11,1625,1548,5780,5736,11517,9276,2241,0,100,12336.4,18532104,24.5,40
n100k_d128_ip,100000,128,ip,correlated,0.5000,0.5000,50000,C_acorn_g8,acorn,ACORN,16,8,16,250,100,0.6015,2861.4,332.46,556.17,599.46,604.79,349.48,1697,1618,5749,6946,12697,9338,3359,0,100,19233.8,20264200,24.6,40
n100k_d128_ip,100000,128,ip,correlated,0.5000,0.5000,50000,C_acorn_g16,acorn,ACORN,16,16,16,250,100,0.6334,3011.5,326.33,456.00,486.25,546.29,332.06,1703,1621,5593,6239,11833,9078,2755,0,100,39363.7,23728392,24.6,40
n100k_d128_ip,100000,128,ip,correlated,0.5000,0.5000,50000,C_acorn_g32,acorn,ACORN,16,32,16,250,100,0.6398,2910.2,330.38,514.12,542.29,558.92,343.62,1727,1648,5682,7230,12914,9272,3641,0,100,99104.9,30656776,24.6,40
n100k_d128_ip,100000,128,ip,correlated,0.5000,0.5000,50000,A_std_standard,std,STANDARD,16,1,32,500,100,0.6198,2005.7,496.88,575.25,700.62,1049.04,498.58,2087,2087,2087,0,2087,0,0,513,62,11836.8,14033032,24.5,32
n100k_d128_ip,100000,128,ip,correlated,0.5000,0.5000,50000,B_std_acorn1,std,ACORN,16,1,32,500,100,0.8623,1146.4,644.38,1637.33,1703.54,2053.71,872.32,2053,1937,10947,47968,58917,29922,28994,0,100,11836.8,14033032,24.5,32
n100k_d128_ip,100000,128,ip,correlated,0.5000,0.5000,50000,D_large24_standard,large,STANDARD,24,1,48,500,100,0.6229,2005.4,501.83,589.79,647.12,648.71,498.66,2074,2074,2074,0,2074,0,0,507,63,10422.4,20424136,30.4,48
n100k_d128_ip,100000,128,ip,correlated,0.5000,0.5000,50000,E_large24_acorn1,large,ACORN,24,1,48,500,100,0.9464,933.0,649.12,2357.96,2559.46,4108.17,1071.79,2140,1989,14507,81501,96010,45269,50740,0,100,10422.4,20424136,30.4,48
n100k_d128_ip,100000,128,ip,correlated,0.5000,0.5000,50000,D_large48_standard,large,STANDARD,48,1,96,500,100,0.6257,1934.8,512.46,571.17,667.83,686.46,516.86,2169,2169,2169,0,2169,0,0,505,67,9627.1,39618184,35.7,96
n100k_d128_ip,100000,128,ip,correlated,0.5000,0.5000,50000,E_large48_acorn1,large,ACORN,48,1,96,500,100,0.9893,731.3,805.58,3025.46,3239.12,3298.25,1367.39,2691,2483,18174,126458,144633,65157,79476,0,100,9627.1,39618184,35.7,96
n100k_d128_ip,100000,128,ip,correlated,0.5000,0.5000,50000,C_acorn_g4,acorn,ACORN,16,4,16,500,100,0.4964,1628.8,602.33,869.21,921.67,973.08,613.93,1872,1796,11535,10766,22302,17662,4640,0,100,12336.4,18532104,24.5,40
n100k_d128_ip,100000,128,ip,correlated,0.5000,0.5000,50000,C_acorn_g8,acorn,ACORN,16,8,16,500,100,0.6244,1486.0,621.96,1023.46,1103.08,1143.29,672.93,1969,1889,11888,13614,25503,18398,7105,0,100,19233.8,20264200,24.6,40
n100k_d128_ip,100000,128,ip,correlated,0.5000,0.5000,50000,C_acorn_g16,acorn,ACORN,16,16,16,500,100,0.6509,1537.2,620.79,872.00,1049.42,1064.88,650.52,2020,1938,11871,12077,23949,18253,5696,0,100,39363.7,23728392,24.6,40
n100k_d128_ip,100000,128,ip,correlated,0.5000,0.5000,50000,C_acorn_g32,acorn,ACORN,16,32,16,500,100,0.6781,1513.3,610.62,946.46,1076.17,1243.08,660.82,1983,1903,11825,13784,25611,18258,7353,0,100,99104.9,30656776,24.6,40
n100k_d128_ip,100000,128,ip,correlated,0.2500,0.2500,25000,F_exact,exact,EXACT,16,0,0,0,10,1.0000,436.8,2300.33,2402.79,2450.29,2460.79,2289.16,25000,0,0,0,100000,0,0,0,10,0.0,0,0.0,0
n100k_d128_ip,100000,128,ip,correlated,0.2500,0.2500,25000,A_std_standard,std,STANDARD,16,1,32,50,10,0.4260,15085.9,67.42,77.67,92.00,120.54,66.29,1037,1037,1037,0,1037,0,0,59,4,11836.8,14033032,24.5,32
n100k_d128_ip,100000,128,ip,correlated,0.2500,0.2500,25000,B_std_acorn1,std,ACORN,16,1,32,50,10,0.4850,8728.8,94.42,259.92,311.54,331.88,114.56,1073,954,536,6094,6632,2210,4422,0,10,11836.8,14033032,24.5,32
n100k_d128_ip,100000,128,ip,correlated,0.2500,0.2500,25000,D_large24_standard,large,STANDARD,24,1,48,50,10,0.4480,12423.3,80.75,90.25,114.29,154.50,80.49,1209,1209,1209,0,1209,0,0,57,4,10422.4,20424136,30.4,48
n100k_d128_ip,100000,128,ip,correlated,0.2500,0.2500,25000,E_large24_acorn1,large,ACORN,24,1,48,50,10,0.6980,5704.7,144.38,321.92,423.17,454.96,175.29,1055,935,926,18268,19196,3780,15416,0,10,10422.4,20424136,30.4,48
n100k_d128_ip,100000,128,ip,correlated,0.2500,0.2500,25000,D_large48_standard,large,STANDARD,48,1,96,50,10,0.4560,11341.4,88.83,104.29,136.71,161.08,88.17,1433,1433,1433,0,1433,0,0,56,5,9627.1,39618184,35.7,96
n100k_d128_ip,100000,128,ip,correlated,0.2500,0.2500,25000,E_large48_acorn1,large,ACORN,48,1,96,50,10,0.7220,3859.3,227.71,479.04,706.33,921.67,259.12,1629,1398,1388,28361,29751,7402,22348,0,10,9627.1,39618184,35.7,96
n100k_d128_ip,100000,128,ip,correlated,0.2500,0.2500,25000,C_acorn_g4,acorn,ACORN,16,4,16,50,10,0.1970,15440.7,60.33,100.38,107.75,107.83,64.76,891,817,1136,780,1917,1820,96,0,10,12336.4,18532104,24.5,40
n100k_d128_ip,100000,128,ip,correlated,0.2500,0.2500,25000,C_acorn_g8,acorn,ACORN,16,8,16,50,10,0.2070,14531.8,63.21,107.46,142.88,144.08,68.81,879,802,1156,865,2023,1809,214,0,10,19233.8,20264200,24.6,40
n100k_d128_ip,100000,128,ip,correlated,0.2500,0.2500,25000,C_acorn_g16,acorn,ACORN,16,16,16,50,10,0.2010,14056.4,64.92,106.88,149.00,165.38,71.14,890,813,1204,1139,2345,1847,497,0,10,39363.7,23728392,24.6,40
n100k_d128_ip,100000,128,ip,correlated,0.2500,0.2500,25000,C_acorn_g32,acorn,ACORN,16,32,16,50,10,0.2820,13108.4,69.58,132.67,169.71,188.75,76.29,810,732,1283,1542,2826,1814,1012,0,10,99104.9,30656776,24.6,40
n100k_d128_ip,100000,128,ip,correlated,0.2500,0.2500,25000,A_std_standard,std,STANDARD,16,1,32,100,10,0.4650,8160.5,121.88,147.42,204.96,250.54,122.54,1461,1461,1461,0,1461,0,0,108,5,11836.8,14033032,24.5,32
n100k_d128_ip,100000,128,ip,correlated,0.2500,0.2500,25000,B_std_acorn1,std,ACORN,16,1,32,100,10,0.6030,4770.0,181.12,433.79,530.88,573.92,209.65,1429,1309,1314,13474,14790,5041,9749,0,10,11836.8,14033032,24.5,32
n100k_d128_ip,100000,128,ip,correlated,0.2500,0.2500,25000,D_large24_standard,large,STANDARD,24,1,48,100,10,0.4750,7728.9,130.08,149.12,167.00,220.12,129.38,1631,1631,1631,0,1631,0,0,107,4,10422.4,20424136,30.4,48
n100k_d128_ip,100000,128,ip,correlated,0.2500,0.2500,25000,E_large24_acorn1,large,ACORN,24,1,48,100,10,0.7620,3332.7,242.75,529.67,651.08,753.33,300.06,1320,1200,2118,34880,37000,8358,28642,0,10,10422.4,20424136,30.4,48
n100k_d128_ip,100000,128,ip,correlated,0.2500,0.2500,25000,D_large48_standard,large,STANDARD,48,1,96,100,10,0.4760,7375.4,137.88,153.17,157.54,259.04,135.58,1814,1814,1814,0,1814,0,0,106,5,9627.1,39618184,35.7,96
n100k_d128_ip,100000,128,ip,correlated,0.2500,0.2500,25000,E_large48_acorn1,large,ACORN,48,1,96,100,10,0.7830,2175.2,414.21,866.88,1041.38,1045.54,459.72,1865,1633,3297,57765,61063,15746,45317,0,10,9627.1,39618184,35.7,96
n100k_d128_ip,100000,128,ip,correlated,0.2500,0.2500,25000,C_acorn_g4,acorn,ACORN,16,4,16,100,10,0.2260,8429.5,108.21,178.33,229.25,277.62,118.63,1259,1185,2189,1576,3767,3631,135,0,10,12336.4,18532104,24.5,40
n100k_d128_ip,100000,128,ip,correlated,0.2500,0.2500,25000,C_acorn_g8,acorn,ACORN,16,8,16,100,10,0.2420,8545.9,108.83,171.50,206.42,244.58,117.02,1216,1139,2173,1705,3880,3537,342,0,10,19233.8,20264200,24.6,40
n100k_d128_ip,100000,128,ip,correlated,0.2500,0.2500,25000,C_acorn_g16,acorn,ACORN,16,16,16,100,10,0.2420,8178.6,110.50,189.33,250.75,288.83,122.27,1215,1138,2223,2211,4435,3560,874,0,10,39363.7,23728392,24.6,40
n100k_d128_ip,100000,128,ip,correlated,0.2500,0.2500,25000,C_acorn_g32,acorn,ACORN,16,32,16,100,10,0.3450,7115.6,129.17,224.67,285.62,362.54,140.54,1219,1142,2502,3141,5644,3768,1875,0,10,99104.9,30656776,24.6,40
n100k_d128_ip,100000,128,ip,correlated,0.2500,0.2500,25000,A_std_standard,std,STANDARD,16,1,32,250,10,0.4760,4030.2,249.17,289.54,387.79,394.88,248.13,1920,1920,1920,0,1920,0,0,258,5,11836.8,14033032,24.5,32
n100k_d128_ip,100000,128,ip,correlated,0.2500,0.2500,25000,B_std_acorn1,std,ACORN,16,1,32,250,10,0.6930,2158.1,351.33,883.21,1047.38,1327.04,463.38,1882,1763,4631,31294,35927,14909,21018,0,10,11836.8,14033032,24.5,32
n100k_d128_ip,100000,128,ip,correlated,0.2500,0.2500,25000,D_large24_standard,large,STANDARD,24,1,48,250,10,0.4760,3909.0,257.00,293.54,393.50,420.12,255.82,1994,1994,1994,0,1994,0,0,257,5,10422.4,20424136,30.4,48
n100k_d128_ip,100000,128,ip,correlated,0.2500,0.2500,25000,E_large24_acorn1,large,ACORN,24,1,48,250,10,0.7940,1617.4,578.04,1063.42,1249.58,1288.67,618.29,1801,1681,6335,64190,70526,22836,47690,0,10,10422.4,20424136,30.4,48
n100k_d128_ip,100000,128,ip,correlated,0.2500,0.2500,25000,D_large48_standard,large,STANDARD,48,1,96,250,10,0.4870,3883.1,259.92,298.67,368.33,375.62,257.53,2102,2102,2102,0,2102,0,0,255,6,9627.1,39618184,35.7,96
n100k_d128_ip,100000,128,ip,correlated,0.2500,0.2500,25000,E_large48_acorn1,large,ACORN,48,1,96,250,10,0.8150,1097.4,952.96,1733.21,1913.62,2024.17,911.21,2319,2087,8642,112111,120755,37482,83272,0,10,9627.1,39618184,35.7,96
n100k_d128_ip,100000,128,ip,correlated,0.2500,0.2500,25000,C_acorn_g4,acorn,ACORN,16,4,16,250,10,0.2600,3722.2,250.38,368.17,739.83,850.38,268.66,1790,1715,5495,3801,9298,8957,340,0,10,12336.4,18532104,24.5,40
n100k_d128_ip,100000,128,ip,correlated,0.2500,0.2500,25000,C_acorn_g8,acorn,ACORN,16,8,16,250,10,0.2660,3835.0,248.25,353.79,495.83,558.29,260.76,1712,1634,5432,4059,9493,8753,739,0,10,19233.8,20264200,24.6,40
n100k_d128_ip,100000,128,ip,correlated,0.2500,0.2500,25000,C_acorn_g16,acorn,ACORN,16,16,16,250,10,0.2840,3656.1,254.33,423.75,544.04,669.54,273.52,1732,1654,5507,5487,10995,8720,2274,0,10,39363.7,23728392,24.6,40
n100k_d128_ip,100000,128,ip,correlated,0.2500,0.2500,25000,C_acorn_g32,acorn,ACORN,16,32,16,250,10,0.3940,3381.1,271.67,524.21,697.67,719.33,295.77,1716,1638,5772,6399,12172,9067,3105,0,10,99104.9,30656776,24.6,40
n100k_d128_ip,100000,128,ip,correlated,0.2500,0.2500,25000,A_std_standard,std,STANDARD,16,1,32,500,10,0.4820,2047.9,481.83,576.29,638.54,1043.88,488.31,2087,2087,2087,0,2087,0,0,513,5,11836.8,14033032,24.5,32
n100k_d128_ip,100000,128,ip,correlated,0.2500,0.2500,25000,B_std_acorn1,std,ACORN,16,1,32,500,10,0.7170,1160.5,656.21,1513.71,1831.67,2324.00,861.72,2018,1898,10871,55196,66069,30483,35585,0,10,11836.8,14033032,24.5,32
n100k_d128_ip,100000,128,ip,correlated,0.2500,0.2500,25000,D_large24_standard,large,STANDARD,24,1,48,500,10,0.4820,2026.4,492.33,552.00,658.17,695.88,493.48,2074,2074,2074,0,2074,0,0,507,5,10422.4,20424136,30.4,48
n100k_d128_ip,100000,128,ip,correlated,0.2500,0.2500,25000,E_large24_acorn1,large,ACORN,24,1,48,500,10,0.8200,871.4,989.71,2141.54,2290.79,2307.92,1147.63,2020,1901,14162,107820,121984,48821,73163,0,10,10422.4,20424136,30.4,48
n100k_d128_ip,100000,128,ip,correlated,0.2500,0.2500,25000,D_large48_standard,large,STANDARD,48,1,96,500,10,0.4920,2000.3,502.92,569.62,652.00,667.25,499.93,2169,2169,2169,0,2169,0,0,505,7,9627.1,39618184,35.7,96
n100k_d128_ip,100000,128,ip,correlated,0.2500,0.2500,25000,E_large48_acorn1,large,ACORN,48,1,96,500,10,0.8460,615.5,1497.58,3146.04,3402.62,3491.54,1624.73,2690,2458,18007,183119,201127,72896,128231,0,10,9627.1,39618184,35.7,96
n100k_d128_ip,100000,128,ip,correlated,0.2500,0.2500,25000,C_acorn_g4,acorn,ACORN,16,4,16,500,10,0.2970,1793.7,506.92,748.62,1336.33,1419.04,557.51,2166,2091,11626,7321,18948,17597,1351,0,10,12336.4,18532104,24.5,40
n100k_d128_ip,100000,128,ip,correlated,0.2500,0.2500,25000,C_acorn_g8,acorn,ACORN,16,8,16,500,10,0.2940,1885.1,506.12,720.25,842.92,901.08,530.47,2045,1968,11364,6937,18302,16844,1457,0,10,19233.8,20264200,24.6,40
n100k_d128_ip,100000,128,ip,correlated,0.2500,0.2500,25000,C_acorn_g16,acorn,ACORN,16,16,16,500,10,0.2990,1851.2,504.83,771.00,876.00,1414.62,540.20,2074,1997,11484,8670,20156,16925,3231,0,10,39363.7,23728392,24.6,40
n100k_d128_ip,100000,128,ip,correlated,0.2500,0.2500,25000,C_acorn_g32,acorn,ACORN,16,32,16,500,10,0.4350,1722.2,545.46,952.83,1258.12,1284.12,580.67,1962,1884,11479,11353,22833,17247,5586,0,10,99104.9,30656776,24.6,40
n100k_d128_ip,100000,128,ip,correlated,0.2500,0.2500,25000,F_exact,exact,EXACT,16,0,0,0,100,1.0000,436.7,2294.17,2382.21,2422.04,2450.62,2289.84,25000,0,0,0,100000,0,0,0,100,0.0,0,0.0,0
n100k_d128_ip,100000,128,ip,correlated,0.2500,0.2500,25000,A_std_standard,std,STANDARD,16,1,32,50,100,0.3380,11897.2,82.21,105.17,133.12,155.75,84.05,1038,1038,1038,0,1038,0,0,59,41,11836.8,14033032,24.5,32
n100k_d128_ip,100000,128,ip,correlated,0.2500,0.2500,25000,B_std_acorn1,std,ACORN,16,1,32,50,100,0.4981,7382.7,114.62,270.96,340.00,361.62,135.45,1073,954,536,6094,6632,2210,4422,0,100,11836.8,14033032,24.5,32
n100k_d128_ip,100000,128,ip,correlated,0.2500,0.2500,25000,D_large24_standard,large,STANDARD,24,1,48,50,100,0.3706,10437.4,93.71,120.62,149.83,150.04,95.81,1209,1209,1209,0,1209,0,0,57,42,10422.4,20424136,30.4,48
n100k_d128_ip,100000,128,ip,correlated,0.2500,0.2500,25000,E_large24_acorn1,large,ACORN,24,1,48,50,100,0.7101,5029.4,165.88,373.42,416.83,428.17,198.83,1055,935,926,18268,19196,3780,15416,0,100,10422.4,20424136,30.4,48
n100k_d128_ip,100000,128,ip,correlated,0.2500,0.2500,25000,D_large48_standard,large,STANDARD,48,1,96,50,100,0.3962,9696.7,102.17,124.25,136.50,172.71,103.13,1433,1433,1433,0,1433,0,0,56,44,9627.1,39618184,35.7,96
n100k_d128_ip,100000,128,ip,correlated,0.2500,0.2500,25000,E_large48_acorn1,large,ACORN,48,1,96,50,100,0.7249,3558.9,250.25,472.21,756.92,774.21,280.99,1629,1398,1388,28362,29752,7403,22348,0,99,9627.1,39618184,35.7,96
n100k_d128_ip,100000,128,ip,correlated,0.2500,0.2500,25000,C_acorn_g4,acorn,ACORN,16,4,16,50,100,0.1865,11258.2,82.29,126.62,171.12,182.83,88.82,891,817,1136,780,1917,1821,96,0,99,12336.4,18532104,24.5,40
n100k_d128_ip,100000,128,ip,correlated,0.2500,0.2500,25000,C_acorn_g8,acorn,ACORN,16,8,16,50,100,0.1953,11400.2,82.50,123.75,145.92,196.17,87.72,879,802,1156,865,2023,1809,214,0,100,19233.8,20264200,24.6,40
n100k_d128_ip,100000,128,ip,correlated,0.2500,0.2500,25000,C_acorn_g16,acorn,ACORN,16,16,16,50,100,0.2020,10939.8,83.83,130.46,190.58,215.58,91.41,890,813,1204,1139,2345,1847,497,0,100,39363.7,23728392,24.6,40
n100k_d128_ip,100000,128,ip,correlated,0.2500,0.2500,25000,C_acorn_g32,acorn,ACORN,16,32,16,50,100,0.2776,10557.0,91.58,154.17,206.38,228.71,94.72,810,732,1283,1542,2826,1814,1012,0,99,99104.9,30656776,24.6,40
n100k_d128_ip,100000,128,ip,correlated,0.2500,0.2500,25000,A_std_standard,std,STANDARD,16,1,32,100,100,0.4096,7754.5,126.54,164.71,223.12,226.71,128.96,1461,1461,1461,0,1461,0,0,108,45,11836.8,14033032,24.5,32
n100k_d128_ip,100000,128,ip,correlated,0.2500,0.2500,25000,B_std_acorn1,std,ACORN,16,1,32,100,100,0.6221,4589.1,190.54,432.67,532.00,689.38,217.91,1429,1309,1314,13474,14790,5041,9749,0,100,11836.8,14033032,24.5,32
n100k_d128_ip,100000,128,ip,correlated,0.2500,0.2500,25000,D_large24_standard,large,STANDARD,24,1,48,100,100,0.4307,7264.1,137.00,166.29,254.83,271.71,137.66,1631,1631,1631,0,1631,0,0,107,44,10422.4,20424136,30.4,48
n100k_d128_ip,100000,128,ip,correlated,0.2500,0.2500,25000,E_large24_acorn1,large,ACORN,24,1,48,100,100,0.7866,3178.5,273.04,548.33,640.08,728.29,314.62,1320,1200,2118,34880,37000,8358,28642,0,100,10422.4,20424136,30.4,48
n100k_d128_ip,100000,128,ip,correlated,0.2500,0.2500,25000,D_large48_standard,large,STANDARD,48,1,96,100,100,0.4419,6937.6,143.71,172.33,200.17,217.17,144.14,1814,1814,1814,0,1814,0,0,106,46,9627.1,39618184,35.7,96
n100k_d128_ip,100000,128,ip,correlated,0.2500,0.2500,25000,E_large48_acorn1,large,ACORN,48,1,96,100,100,0.8077,2142.6,447.04,908.67,931.21,1058.71,466.73,1865,1633,3297,57765,61063,15746,45317,0,100,9627.1,39618184,35.7,96
n100k_d128_ip,100000,128,ip,correlated,0.2500,0.2500,25000,C_acorn_g4,acorn,ACORN,16,4,16,100,100,0.2283,7837.2,116.88,193.04,227.54,230.25,127.60,1259,1185,2189,1576,3767,3631,135,0,100,12336.4,18532104,24.5,40
n100k_d128_ip,100000,128,ip,correlated,0.2500,0.2500,25000,C_acorn_g8,acorn,ACORN,16,8,16,100,100,0.2373,7741.8,121.38,181.29,232.88,241.25,129.17,1216,1139,2173,1705,3880,3537,342,0,100,19233.8,20264200,24.6,40
n100k_d128_ip,100000,128,ip,correlated,0.2500,0.2500,25000,C_acorn_g16,acorn,ACORN,16,16,16,100,100,0.2459,7543.8,120.75,202.54,259.58,370.29,132.56,1215,1138,2223,2211,4435,3560,874,0,100,39363.7,23728392,24.6,40
n100k_d128_ip,100000,128,ip,correlated,0.2500,0.2500,25000,C_acorn_g32,acorn,ACORN,16,32,16,100,100,0.3431,6813.6,132.54,241.50,277.67,380.33,146.77,1219,1142,2502,3141,5644,3768,1875,0,100,99104.9,30656776,24.6,40
n100k_d128_ip,100000,128,ip,correlated,0.2500,0.2500,25000,A_std_standard,std,STANDARD,16,1,32,250,100,0.4558,3906.6,254.08,296.08,359.08,361.75,255.98,1920,1920,1920,0,1920,0,0,258,47,11836.8,14033032,24.5,32
n100k_d128_ip,100000,128,ip,correlated,0.2500,0.2500,25000,B_std_acorn1,std,ACORN,16,1,32,250,100,0.7145,2111.8,365.04,881.04,1160.88,1336.92,473.53,1882,1763,4631,31294,35927,14909,21018,0,100,11836.8,14033032,24.5,32
n100k_d128_ip,100000,128,ip,correlated,0.2500,0.2500,25000,D_large24_standard,large,STANDARD,24,1,48,250,100,0.4608,3839.0,261.71,298.96,335.79,401.04,260.48,1994,1994,1994,0,1994,0,0,257,46,10422.4,20424136,30.4,48
n100k_d128_ip,100000,128,ip,correlated,0.2500,0.2500,25000,E_large24_acorn1,large,ACORN,24,1,48,250,100,0.8274,1593.3,577.33,1045.00,1203.50,1306.04,627.64,1801,1681,6335,64190,70526,22836,47690,0,100,10422.4,20424136,30.4,48
n100k_d128_ip,100000,128,ip,correlated,0.2500,0.2500,25000,D_large48_standard,large,STANDARD,48,1,96,250,100,0.4649,3742.0,269.08,303.62,423.17,425.25,267.23,2102,2102,2102,0,2102,0,0,255,48,9627.1,39618184,35.7,96
n100k_d128_ip,100000,128,ip,correlated,0.2500,0.2500,25000,E_large48_acorn1,large,ACORN,48,1,96,250,100,0.8453,1066.7,965.83,1756.21,1890.29,2103.58,937.48,2319,2087,8642,112111,120755,37482,83272,0,100,9627.1,39618184,35.7,96
n100k_d128_ip,100000,128,ip,correlated,0.2500,0.2500,25000,C_acorn_g4,acorn,ACORN,16,4,16,250,100,0.2682,3600.7,256.71,385.79,870.12,883.25,277.73,1790,1715,5495,3801,9298,8957,340,0,100,12336.4,18532104,24.5,40
n100k_d128_ip,100000,128,ip,correlated,0.2500,0.2500,25000,C_acorn_g8,acorn,ACORN,16,8,16,250,100,0.2767,3603.2,261.04,387.50,532.42,537.00,277.53,1712,1634,5432,4059,9493,8753,739,0,100,19233.8,20264200,24.6,40
n100k_d128_ip,100000,128,ip,correlated,0.2500,0.2500,25000,C_acorn_g16,acorn,ACORN,16,16,16,250,100,0.3082,3519.7,262.62,429.46,655.67,664.71,284.12,1732,1654,5507,5487,10995,8720,2274,0,100,39363.7,23728392,24.6,40
n100k_d128_ip,100000,128,ip,correlated,0.2500,0.2500,25000,C_acorn_g32,acorn,ACORN,16,32,16,250,100,0.4057,2927.7,316.92,559.92,757.54,845.79,341.57,1716,1638,5772,6399,12172,9067,3105,0,100,99104.9,30656776,24.6,40
n100k_d128_ip,100000,128,ip,correlated,0.2500,0.2500,25000,A_std_standard,std,STANDARD,16,1,32,500,100,0.4644,2023.8,490.00,601.54,655.46,1071.25,494.12,2087,2087,2087,0,2087,0,0,513,48,11836.8,14033032,24.5,32
n100k_d128_ip,100000,128,ip,correlated,0.2500,0.2500,25000,B_std_acorn1,std,ACORN,16,1,32,500,100,0.7418,1139.6,661.50,1483.00,1880.83,2201.75,877.52,2018,1898,10871,55196,66069,30483,35585,0,100,11836.8,14033032,24.5,32
n100k_d128_ip,100000,128,ip,correlated,0.2500,0.2500,25000,D_large24_standard,large,STANDARD,24,1,48,500,100,0.4657,2012.1,497.17,547.08,632.29,644.79,496.98,2074,2074,2074,0,2074,0,0,507,47,10422.4,20424136,30.4,48
n100k_d128_ip,100000,128,ip,correlated,0.2500,0.2500,25000,E_large24_acorn1,large,ACORN,24,1,48,500,100,0.8521,862.7,1010.17,2113.38,2358.54,2531.58,1159.11,2020,1901,14162,107820,121984,48821,73163,0,100,10422.4,20424136,30.4,48
n100k_d128_ip,100000,128,ip,correlated,0.2500,0.2500,25000,D_large48_standard,large,STANDARD,48,1,96,500,100,0.4701,1955.9,507.58,582.46,651.79,684.92,511.28,2169,2169,2169,0,2169,0,0,505,50,9627.1,39618184,35.7,96
n100k_d128_ip,100000,128,ip,correlated,0.2500,0.2500,25000,E_large48_acorn1,large,ACORN,48,1,96,500,100,0.8736,606.9,1494.25,3180.29,3484.08,3568.17,1647.69,2690,2458,18007,183119,201127,72896,128231,0,100,9627.1,39618184,35.7,96
n100k_d128_ip,100000,128,ip,correlated,0.2500,0.2500,25000,C_acorn_g4,acorn,ACORN,16,4,16,500,100,0.3099,1732.1,529.33,763.42,1409.46,1470.67,577.33,2166,2091,11626,7321,18948,17597,1351,0,100,12336.4,18532104,24.5,40
n100k_d128_ip,100000,128,ip,correlated,0.2500,0.2500,25000,C_acorn_g8,acorn,ACORN,16,8,16,500,100,0.3072,1826.3,533.42,744.00,843.58,879.00,547.56,2045,1968,11364,6937,18302,16844,1457,0,100,19233.8,20264200,24.6,40
n100k_d128_ip,100000,128,ip,correlated,0.2500,0.2500,25000,C_acorn_g16,acorn,ACORN,16,16,16,500,100,0.3264,1779.0,528.17,850.04,1052.38,1471.67,562.12,2074,1997,11484,8670,20156,16925,3231,0,100,39363.7,23728392,24.6,40
n100k_d128_ip,100000,128,ip,correlated,0.2500,0.2500,25000,C_acorn_g32,acorn,ACORN,16,32,16,500,100,0.4438,1675.0,564.88,990.83,1240.21,1317.50,597.03,1962,1884,11479,11353,22833,17247,5586,0,100,99104.9,30656776,24.6,40
n100k_d128_ip,100000,128,ip,correlated,0.1000,0.1000,10000,F_exact,exact,EXACT,16,0,0,0,10,1.0000,1117.4,887.04,987.33,1014.54,1016.71,894.94,10000,0,0,0,100000,0,0,0,10,0.0,0,0.0,0
n100k_d128_ip,100000,128,ip,correlated,0.1000,0.1000,10000,A_std_standard,std,STANDARD,16,1,32,50,10,0.1750,14294.3,70.12,80.92,129.83,153.17,69.96,1037,1037,1037,0,1037,0,0,59,2,11836.8,14033032,24.5,32
n100k_d128_ip,100000,128,ip,correlated,0.1000,0.1000,10000,B_std_acorn1,std,ACORN,16,1,32,50,10,0.5560,10380.7,80.33,170.50,187.54,233.79,96.33,1066,942,541,5074,5617,2431,3185,0,10,11836.8,14033032,24.5,32
n100k_d128_ip,100000,128,ip,correlated,0.1000,0.1000,10000,D_large24_standard,large,STANDARD,24,1,48,50,10,0.1880,12561.4,80.25,90.00,124.08,157.21,79.61,1209,1209,1209,0,1209,0,0,57,2,10422.4,20424136,30.4,48
n100k_d128_ip,100000,128,ip,correlated,0.1000,0.1000,10000,E_large24_acorn1,large,ACORN,24,1,48,50,10,0.6360,8056.2,100.96,252.75,264.92,305.54,124.13,1221,1115,695,7876,8572,3629,4943,0,10,10422.4,20424136,30.4,48
n100k_d128_ip,100000,128,ip,correlated,0.1000,0.1000,10000,D_large48_standard,large,STANDARD,48,1,96,50,10,0.1890,11326.7,87.67,102.54,123.50,202.04,88.29,1433,1433,1433,0,1433,0,0,56,2,9627.1,39618184,35.7,96
n100k_d128_ip,100000,128,ip,correlated,0.1000,0.1000,10000,E_large48_acorn1,large,ACORN,48,1,96,50,10,0.6740,5334.3,139.54,357.12,400.17,402.00,187.47,1569,1332,1171,18404,19577,7384,12192,0,10,9627.1,39618184,35.7,96
n100k_d128_ip,100000,128,ip,correlated,0.1000,0.1000,10000,C_acorn_g4,acorn,ACORN,16,4,16,50,10,0.3190,15062.3,57.42,113.96,162.29,196.25,66.39,809,763,1295,1296,2592,1814,777,0,10,12336.4,18532104,24.5,40
n100k_d128_ip,100000,128,ip,correlated,0.1000,0.1000,10000,C_acorn_g8,acorn,ACORN,16,8,16,50,10,0.3920,16898.1,56.54,91.46,113.38,120.33,59.18,764,703,1403,1119,2524,1762,761,0,10,19233.8,20264200,24.6,40
n100k_d128_ip,100000,128,ip,correlated,0.1000,0.1000,10000,C_acorn_g16,acorn,ACORN,16,16,16,50,10,0.4550,14920.1,61.08,100.96,117.17,161.88,67.02,863,796,1423,1105,2530,1797,733,0,10,39363.7,23728392,24.6,40
n100k_d128_ip,100000,128,ip,correlated,0.1000,0.1000,10000,C_acorn_g32,acorn,ACORN,16,32,16,50,10,0.4300,13955.1,66.12,104.00,170.58,213.38,71.66,859,788,1460,1196,2658,1808,849,0,10,99104.9,30656776,24.6,40
n100k_d128_ip,100000,128,ip,correlated,0.1000,0.1000,10000,A_std_standard,std,STANDARD,16,1,32,100,10,0.1930,8149.5,123.04,146.17,191.92,255.42,122.71,1461,1461,1461,0,1461,0,0,108,2,11836.8,14033032,24.5,32
n100k_d128_ip,100000,128,ip,correlated,0.1000,0.1000,10000,B_std_acorn1,std,ACORN,16,1,32,100,10,0.6690,5591.6,143.17,321.17,398.42,401.67,178.84,1402,1279,1294,11335,12630,5534,7096,0,10,11836.8,14033032,24.5,32
n100k_d128_ip,100000,128,ip,correlated,0.1000,0.1000,10000,D_large24_standard,large,STANDARD,24,1,48,100,10,0.2010,7898.2,127.75,146.62,158.21,226.04,126.61,1631,1631,1631,0,1631,0,0,107,2,10422.4,20424136,30.4,48
n100k_d128_ip,100000,128,ip,correlated,0.1000,0.1000,10000,E_large24_acorn1,large,ACORN,24,1,48,100,10,0.7530,4126.9,171.50,467.50,668.25,717.00,242.31,1498,1392,1835,19250,21086,8976,12110,0,10,10422.4,20424136,30.4,48
n100k_d128_ip,100000,128,ip,correlated,0.1000,0.1000,10000,D_large48_standard,large,STANDARD,48,1,96,100,10,0.1980,7286.9,137.71,171.50,201.00,213.29,137.23,1814,1814,1814,0,1814,0,0,106,2,9627.1,39618184,35.7,96
n100k_d128_ip,100000,128,ip,correlated,0.1000,0.1000,10000,E_large48_acorn1,large,ACORN,48,1,96,100,10,0.7750,2972.2,241.54,666.79,801.50,850.58,336.45,1810,1573,2858,38276,41136,16143,24992,0,10,9627.1,39618184,35.7,96
n100k_d128_ip,100000,128,ip,correlated,0.1000,0.1000,10000,C_acorn_g4,acorn,ACORN,16,4,16,100,10,0.3940,8516.4,103.79,194.29,221.96,342.33,117.42,1075,1029,2349,2676,5026,3475,1550,0,10,12336.4,18532104,24.5,40
n100k_d128_ip,100000,128,ip,correlated,0.1000,0.1000,10000,C_acorn_g8,acorn,ACORN,16,8,16,100,10,0.4610,9430.4,102.71,165.71,197.58,199.42,106.04,1028,967,2419,2188,4609,3362,1246,0,10,19233.8,20264200,24.6,40
n100k_d128_ip,100000,128,ip,correlated,0.1000,0.1000,10000,C_acorn_g16,acorn,ACORN,16,16,16,100,10,0.5230,8504.0,104.21,178.83,223.21,316.38,117.59,1175,1108,2464,2304,4769,3500,1269,0,10,39363.7,23728392,24.6,40
n100k_d128_ip,100000,128,ip,correlated,0.1000,0.1000,10000,C_acorn_g32,acorn,ACORN,16,32,16,100,10,0.5690,7747.1,114.75,226.25,262.83,317.58,129.08,1187,1116,2615,3019,5636,3657,1978,0,10,99104.9,30656776,24.6,40
n100k_d128_ip,100000,128,ip,correlated,0.1000,0.1000,10000,A_std_standard,std,STANDARD,16,1,32,250,10,0.2050,4033.0,248.96,282.12,387.88,411.71,247.95,1920,1920,1920,0,1920,0,0,258,2,11836.8,14033032,24.5,32
n100k_d128_ip,100000,128,ip,correlated,0.1000,0.1000,10000,B_std_acorn1,std,ACORN,16,1,32,250,10,0.7270,2437.4,324.96,769.17,848.21,866.46,410.28,1675,1552,4585,31273,35859,17046,18812,0,10,11836.8,14033032,24.5,32
n100k_d128_ip,100000,128,ip,correlated,0.1000,0.1000,10000,D_large24_standard,large,STANDARD,24,1,48,250,10,0.2070,3913.4,256.92,290.04,383.17,408.25,255.53,1994,1994,1994,0,1994,0,0,257,2,10422.4,20424136,30.4,48
n100k_d128_ip,100000,128,ip,correlated,0.1000,0.1000,10000,E_large24_acorn1,large,ACORN,24,1,48,250,10,0.7910,1817.2,406.12,1096.75,1249.75,1250.12,550.31,1688,1582,6234,55281,61516,28169,33347,0,10,10422.4,20424136,30.4,48
n100k_d128_ip,100000,128,ip,correlated,0.1000,0.1000,10000,D_large48_standard,large,STANDARD,48,1,96,250,10,0.2100,3871.7,259.88,289.92,378.21,379.83,258.29,2102,2102,2102,0,2102,0,0,255,3,9627.1,39618184,35.7,96
n100k_d128_ip,100000,128,ip,correlated,0.1000,0.1000,10000,E_large48_acorn1,large,ACORN,48,1,96,250,10,0.8530,1296.1,545.08,1641.92,1807.46,2262.54,771.56,2077,1841,8301,96078,104380,43470,60910,0,10,9627.1,39618184,35.7,96
n100k_d128_ip,100000,128,ip,correlated,0.1000,0.1000,10000,C_acorn_g4,acorn,ACORN,16,4,16,250,10,0.5180,3523.3,236.38,503.29,564.62,625.79,283.82,1429,1383,6013,9034,15048,9101,5946,0,10,12336.4,18532104,24.5,40
n100k_d128_ip,100000,128,ip,correlated,0.1000,0.1000,10000,C_acorn_g8,acorn,ACORN,16,8,16,250,10,0.5460,4111.1,230.75,390.29,481.17,694.62,243.24,1361,1301,5503,6190,11695,8337,3358,0,10,19233.8,20264200,24.6,40
n100k_d128_ip,100000,128,ip,correlated,0.1000,0.1000,10000,C_acorn_g16,acorn,ACORN,16,16,16,250,10,0.6340,3685.2,251.62,415.79,475.58,645.71,271.35,1575,1507,5804,6349,12154,8915,3238,0,10,39363.7,23728392,24.6,40
n100k_d128_ip,100000,128,ip,correlated,0.1000,0.1000,10000,C_acorn_g32,acorn,ACORN,16,32,16,250,10,0.7260,3216.9,279.75,503.71,617.00,656.54,310.86,1576,1505,6129,9426,15556,9340,6216,0,10,99104.9,30656776,24.6,40
n100k_d128_ip,100000,128,ip,correlated,0.1000,0.1000,10000,A_std_standard,std,STANDARD,16,1,32,500,10,0.2120,2041.1,481.67,597.62,657.88,1033.04,489.92,2087,2087,2087,0,2087,0,0,513,2,11836.8,14033032,24.5,32
n100k_d128_ip,100000,128,ip,correlated,0.1000,0.1000,10000,B_std_acorn1,std,ACORN,16,1,32,500,10,0.7390,1220.2,650.88,1520.96,1667.21,1713.08,819.55,1897,1774,10539,62043,72583,36129,36453,0,10,11836.8,14033032,24.5,32
n100k_d128_ip,100000,128,ip,correlated,0.1000,0.1000,10000,D_large24_standard,large,STANDARD,24,1,48,500,10,0.2120,2058.7,487.21,554.96,576.75,619.00,485.73,2074,2074,2074,0,2074,0,0,507,2,10422.4,20424136,30.4,48
n100k_d128_ip,100000,128,ip,correlated,0.1000,0.1000,10000,E_large24_acorn1,large,ACORN,24,1,48,500,10,0.8070,888.4,900.71,2153.83,2300.71,2412.17,1125.67,1940,1835,13773,112905,126680,59500,67179,0,10,10422.4,20424136,30.4,48
n100k_d128_ip,100000,128,ip,correlated,0.1000,0.1000,10000,D_large48_standard,large,STANDARD,48,1,96,500,10,0.2180,1996.4,499.08,599.71,649.71,660.17,500.89,2169,2169,2169,0,2169,0,0,505,4,9627.1,39618184,35.7,96
n100k_d128_ip,100000,128,ip,correlated,0.1000,0.1000,10000,E_large48_acorn1,large,ACORN,48,1,96,500,10,0.8950,663.6,1237.08,2890.04,4145.46,4378.79,1506.88,2530,2293,17160,182815,199977,87867,112109,0,10,9627.1,39618184,35.7,96
n100k_d128_ip,100000,128,ip,correlated,0.1000,0.1000,10000,C_acorn_g4,acorn,ACORN,16,4,16,500,10,0.5300,1756.1,519.79,875.04,1030.42,1031.04,569.45,1569,1523,11785,18177,29963,18059,11904,0,10,12336.4,18532104,24.5,40
n100k_d128_ip,100000,128,ip,correlated,0.1000,0.1000,10000,C_acorn_g8,acorn,ACORN,16,8,16,500,10,0.5580,1953.8,486.71,848.96,1062.25,1100.92,511.82,1499,1438,10916,13782,24699,17157,7542,0,10,19233.8,20264200,24.6,40
n100k_d128_ip,100000,128,ip,correlated,0.1000,0.1000,10000,C_acorn_g16,acorn,ACORN,16,16,16,500,10,0.6760,1705.9,538.88,929.04,1101.58,1122.83,586.21,1765,1698,11995,15867,27864,18796,9067,0,10,39363.7,23728392,24.6,40
n100k_d128_ip,100000,128,ip,correlated,0.1000,0.1000,10000,C_acorn_g32,acorn,ACORN,16,32,16,500,10,0.7480,1624.1,557.29,926.88,1097.75,1131.12,615.71,1740,1669,11922,19054,30978,18742,12235,0,10,99104.9,30656776,24.6,40
n100k_d128_ip,100000,128,ip,correlated,0.1000,0.1000,10000,F_exact,exact,EXACT,16,0,0,0,100,1.0000,1110.5,886.46,996.04,1062.83,1073.42,900.50,10000,0,0,0,100000,0,0,0,100,0.0,0,0.0,0
n100k_d128_ip,100000,128,ip,correlated,0.1000,0.1000,10000,A_std_standard,std,STANDARD,16,1,32,50,100,0.1406,12161.6,81.62,100.12,115.54,152.46,82.23,1038,1038,1038,0,1038,0,0,59,17,11836.8,14033032,24.5,32
n100k_d128_ip,100000,128,ip,correlated,0.1000,0.1000,10000,B_std_acorn1,std,ACORN,16,1,32,50,100,0.5662,8381.5,105.04,200.54,233.42,238.25,119.31,1066,942,541,5074,5617,2431,3185,0,100,11836.8,14033032,24.5,32
n100k_d128_ip,100000,128,ip,correlated,0.1000,0.1000,10000,D_large24_standard,large,STANDARD,24,1,48,50,100,0.1518,10692.5,91.83,114.83,169.21,181.79,93.52,1209,1209,1209,0,1209,0,0,57,17,10422.4,20424136,30.4,48
n100k_d128_ip,100000,128,ip,correlated,0.1000,0.1000,10000,E_large24_acorn1,large,ACORN,24,1,48,50,100,0.6281,6764.3,124.25,272.96,321.29,329.33,147.84,1221,1115,695,7876,8572,3629,4943,0,100,10422.4,20424136,30.4,48
n100k_d128_ip,100000,128,ip,correlated,0.1000,0.1000,10000,D_large48_standard,large,STANDARD,48,1,96,50,100,0.1612,9835.7,100.92,126.12,137.96,152.00,101.67,1433,1433,1433,0,1433,0,0,56,18,9627.1,39618184,35.7,96
n100k_d128_ip,100000,128,ip,correlated,0.1000,0.1000,10000,E_large48_acorn1,large,ACORN,48,1,96,50,100,0.6882,4727.0,167.46,384.25,438.25,441.83,211.55,1569,1332,1171,18404,19577,7384,12192,0,100,9627.1,39618184,35.7,96
n100k_d128_ip,100000,128,ip,correlated,0.1000,0.1000,10000,C_acorn_g4,acorn,ACORN,16,4,16,50,100,0.3197,11609.6,77.21,144.50,178.92,198.62,86.14,809,763,1295,1296,2592,1814,777,0,100,12336.4,18532104,24.5,40
n100k_d128_ip,100000,128,ip,correlated,0.1000,0.1000,10000,C_acorn_g8,acorn,ACORN,16,8,16,50,100,0.3645,12606.0,77.33,121.71,132.83,159.08,79.33,764,703,1403,1119,2524,1762,761,0,98,19233.8,20264200,24.6,40
n100k_d128_ip,100000,128,ip,correlated,0.1000,0.1000,10000,C_acorn_g16,acorn,ACORN,16,16,16,50,100,0.4125,11413.4,81.29,122.04,142.08,248.17,87.62,863,796,1423,1105,2530,1797,733,0,100,39363.7,23728392,24.6,40
n100k_d128_ip,100000,128,ip,correlated,0.1000,0.1000,10000,C_acorn_g32,acorn,ACORN,16,32,16,50,100,0.4208,11149.2,83.38,121.92,135.12,299.38,89.69,859,788,1460,1196,2658,1808,849,0,100,99104.9,30656776,24.6,40
n100k_d128_ip,100000,128,ip,correlated,0.1000,0.1000,10000,A_std_standard,std,STANDARD,16,1,32,100,100,0.1659,8104.0,122.96,148.58,195.50,211.00,123.40,1461,1461,1461,0,1461,0,0,108,17,11836.8,14033032,24.5,32
n100k_d128_ip,100000,128,ip,correlated,0.1000,0.1000,10000,B_std_acorn1,std,ACORN,16,1,32,100,100,0.6950,5272.1,152.54,338.46,374.83,410.75,189.68,1402,1279,1294,11335,12630,5534,7096,0,100,11836.8,14033032,24.5,32
n100k_d128_ip,100000,128,ip,correlated,0.1000,0.1000,10000,D_large24_standard,large,STANDARD,24,1,48,100,100,0.1732,7556.3,132.83,154.79,209.25,214.54,132.34,1631,1631,1631,0,1631,0,0,107,18,10422.4,20424136,30.4,48
n100k_d128_ip,100000,128,ip,correlated,0.1000,0.1000,10000,E_large24_acorn1,large,ACORN,24,1,48,100,100,0.7466,4014.6,187.96,518.08,656.83,702.58,249.09,1498,1392,1835,19250,21086,8976,12110,0,100,10422.4,20424136,30.4,48
n100k_d128_ip,100000,128,ip,correlated,0.1000,0.1000,10000,D_large48_standard,large,STANDARD,48,1,96,100,100,0.1766,7205.2,139.83,162.67,183.21,239.12,138.79,1814,1814,1814,0,1814,0,0,106,18,9627.1,39618184,35.7,96
n100k_d128_ip,100000,128,ip,correlated,0.1000,0.1000,10000,E_large48_acorn1,large,ACORN,48,1,96,100,100,0.7876,2861.7,258.25,705.79,771.92,1003.62,349.44,1810,1573,2858,38276,41136,16143,24992,0,100,9627.1,39618184,35.7,96
n100k_d128_ip,100000,128,ip,correlated,0.1000,0.1000,10000,C_acorn_g4,acorn,ACORN,16,4,16,100,100,0.4010,7940.9,111.17,223.38,287.29,322.25,125.93,1075,1029,2349,2676,5026,3475,1550,0,100,12336.4,18532104,24.5,40
n100k_d128_ip,100000,128,ip,correlated,0.1000,0.1000,10000,C_acorn_g8,acorn,ACORN,16,8,16,100,100,0.4544,8261.1,114.71,186.17,214.33,339.79,121.05,1028,967,2419,2188,4609,3362,1246,0,98,19233.8,20264200,24.6,40
n100k_d128_ip,100000,128,ip,correlated,0.1000,0.1000,10000,C_acorn_g16,acorn,ACORN,16,16,16,100,100,0.5257,7810.2,117.96,190.21,239.33,325.21,128.04,1175,1108,2464,2304,4769,3500,1269,0,100,39363.7,23728392,24.6,40
n100k_d128_ip,100000,128,ip,correlated,0.1000,0.1000,10000,C_acorn_g32,acorn,ACORN,16,32,16,100,100,0.5830,7242.8,123.33,243.71,286.88,346.46,138.07,1187,1116,2615,3019,5636,3657,1978,0,100,99104.9,30656776,24.6,40
n100k_d128_ip,100000,128,ip,correlated,0.1000,0.1000,10000,A_std_standard,std,STANDARD,16,1,32,250,100,0.1797,3992.1,250.71,285.79,356.46,417.67,250.50,1920,1920,1920,0,1920,0,0,258,18,11836.8,14033032,24.5,32
n100k_d128_ip,100000,128,ip,correlated,0.1000,0.1000,10000,B_std_acorn1,std,ACORN,16,1,32,250,100,0.7662,2354.7,334.75,779.29,852.79,950.96,424.69,1675,1552,4585,31273,35859,17046,18812,0,100,11836.8,14033032,24.5,32
n100k_d128_ip,100000,128,ip,correlated,0.1000,0.1000,10000,D_large24_standard,large,STANDARD,24,1,48,250,100,0.1814,3937.3,258.04,285.08,375.75,409.79,253.98,1994,1994,1994,0,1994,0,0,257,18,10422.4,20424136,30.4,48
n100k_d128_ip,100000,128,ip,correlated,0.1000,0.1000,10000,E_large24_acorn1,large,ACORN,24,1,48,250,100,0.8002,1754.7,426.33,1120.58,1251.75,1388.29,569.89,1688,1582,6234,55281,61516,28169,33347,0,100,10422.4,20424136,30.4,48
n100k_d128_ip,100000,128,ip,correlated,0.1000,0.1000,10000,D_large48_standard,large,STANDARD,48,1,96,250,100,0.1846,3810.0,265.88,289.04,387.00,408.71,262.47,2102,2102,2102,0,2102,0,0,255,19,9627.1,39618184,35.7,96
n100k_d128_ip,100000,128,ip,correlated,0.1000,0.1000,10000,E_large48_acorn1,large,ACORN,48,1,96,250,100,0.8596,1264.6,594.92,1576.96,2001.08,2389.79,790.79,2077,1841,8301,96078,104380,43470,60910,0,100,9627.1,39618184,35.7,96
n100k_d128_ip,100000,128,ip,correlated,0.1000,0.1000,10000,C_acorn_g4,acorn,ACORN,16,4,16,250,100,0.5223,3300.0,256.21,545.04,637.79,662.29,303.03,1429,1383,6013,9034,15048,9101,5946,0,100,12336.4,18532104,24.5,40
n100k_d128_ip,100000,128,ip,correlated,0.1000,0.1000,10000,C_acorn_g8,acorn,ACORN,16,8,16,250,100,0.5534,3934.8,238.62,416.42,574.67,715.96,254.14,1361,1301,5503,6190,11695,8337,3358,0,98,19233.8,20264200,24.6,40
n100k_d128_ip,100000,128,ip,correlated,0.1000,0.1000,10000,C_acorn_g16,acorn,ACORN,16,16,16,250,100,0.6447,3544.2,257.75,435.25,507.67,659.92,282.15,1575,1507,5804,6349,12154,8915,3238,0,100,39363.7,23728392,24.6,40
n100k_d128_ip,100000,128,ip,correlated,0.1000,0.1000,10000,C_acorn_g32,acorn,ACORN,16,32,16,250,100,0.7444,3062.7,284.12,569.50,643.21,658.96,326.51,1576,1505,6129,9426,15556,9340,6216,0,100,99104.9,30656776,24.6,40
n100k_d128_ip,100000,128,ip,correlated,0.1000,0.1000,10000,A_std_standard,std,STANDARD,16,1,32,500,100,0.1827,2032.0,488.29,576.75,634.12,1048.12,492.14,2087,2087,2087,0,2087,0,0,513,18,11836.8,14033032,24.5,32
n100k_d128_ip,100000,128,ip,correlated,0.1000,0.1000,10000,B_std_acorn1,std,ACORN,16,1,32,500,100,0.7760,1198.1,684.67,1507.21,1624.67,1670.29,834.62,1897,1774,10539,62043,72583,36129,36453,0,100,11836.8,14033032,24.5,32
n100k_d128_ip,100000,128,ip,correlated,0.1000,0.1000,10000,D_large24_standard,large,STANDARD,24,1,48,500,100,0.1835,2025.4,494.71,545.00,640.29,645.88,493.72,2074,2074,2074,0,2074,0,0,507,18,10422.4,20424136,30.4,48
n100k_d128_ip,100000,128,ip,correlated,0.1000,0.1000,10000,E_large24_acorn1,large,ACORN,24,1,48,500,100,0.8241,876.2,918.62,2183.21,2298.04,2387.96,1141.26,1940,1835,13773,112905,126680,59500,67179,0,100,10422.4,20424136,30.4,48
n100k_d128_ip,100000,128,ip,correlated,0.1000,0.1000,10000,D_large48_standard,large,STANDARD,48,1,96,500,100,0.1874,2000.5,500.12,572.92,627.50,665.42,499.87,2169,2169,2169,0,2169,0,0,505,21,9627.1,39618184,35.7,96
n100k_d128_ip,100000,128,ip,correlated,0.1000,0.1000,10000,E_large48_acorn1,large,ACORN,48,1,96,500,100,0.9077,654.6,1239.42,3132.71,4042.96,4270.88,1527.69,2530,2293,17160,182815,199977,87867,112109,0,100,9627.1,39618184,35.7,96
n100k_d128_ip,100000,128,ip,correlated,0.1000,0.1000,10000,C_acorn_g4,acorn,ACORN,16,4,16,500,100,0.5510,1701.6,533.83,912.50,1047.17,1054.54,587.69,1569,1523,11785,18177,29963,18059,11904,0,100,12336.4,18532104,24.5,40
n100k_d128_ip,100000,128,ip,correlated,0.1000,0.1000,10000,C_acorn_g8,acorn,ACORN,16,8,16,500,100,0.5811,1903.6,501.50,857.08,1165.38,1234.08,525.33,1499,1438,10916,13782,24699,17157,7542,0,98,19233.8,20264200,24.6,40
n100k_d128_ip,100000,128,ip,correlated,0.1000,0.1000,10000,C_acorn_g16,acorn,ACORN,16,16,16,500,100,0.7072,1669.8,546.46,934.54,1109.17,1136.54,598.88,1765,1698,11995,15867,27864,18796,9067,0,100,39363.7,23728392,24.6,40
n100k_d128_ip,100000,128,ip,correlated,0.1000,0.1000,10000,C_acorn_g32,acorn,ACORN,16,32,16,500,100,0.7786,1580.0,579.83,935.29,1061.79,1065.33,632.93,1740,1669,11922,19054,30978,18742,12235,0,100,99104.9,30656776,24.6,40
n100k_d128_ip,100000,128,ip,correlated,0.0500,0.0500,5000,F_exact,exact,EXACT,16,0,0,0,10,1.0000,2104.2,462.17,551.92,613.92,657.50,475.25,5000,0,0,0,100000,0,0,0,10,0.0,0,0.0,0
n100k_d128_ip,100000,128,ip,correlated,0.0500,0.0500,5000,A_std_standard,std,STANDARD,16,1,32,50,10,0.0290,14461.2,69.04,81.58,102.54,127.04,69.15,1037,1037,1037,0,1037,0,0,59,0,11836.8,14033032,24.5,32
n100k_d128_ip,100000,128,ip,correlated,0.0500,0.0500,5000,B_std_acorn1,std,ACORN,16,1,32,50,10,0.1360,17203.1,56.08,67.92,87.17,143.17,58.13,1156,1076,407,2087,2496,1897,598,0,10,11836.8,14033032,24.5,32
n100k_d128_ip,100000,128,ip,correlated,0.0500,0.0500,5000,D_large24_standard,large,STANDARD,24,1,48,50,10,0.0320,12706.0,79.92,91.17,108.33,146.04,78.70,1209,1209,1209,0,1209,0,0,57,0,10422.4,20424136,30.4,48
n100k_d128_ip,100000,128,ip,correlated,0.0500,0.0500,5000,E_large24_acorn1,large,ACORN,24,1,48,50,10,0.6110,10865.8,89.96,112.21,132.67,181.00,92.03,1257,1150,594,4654,5249,3311,1937,0,10,10422.4,20424136,30.4,48
n100k_d128_ip,100000,128,ip,correlated,0.0500,0.0500,5000,D_large48_standard,large,STANDARD,48,1,96,50,10,0.0340,11575.1,86.42,102.62,127.29,146.08,86.39,1433,1433,1433,0,1433,0,0,56,0,9627.1,39618184,35.7,96
n100k_d128_ip,100000,128,ip,correlated,0.0500,0.0500,5000,E_large48_acorn1,large,ACORN,48,1,96,50,10,0.7650,6754.5,147.50,191.00,204.79,264.04,148.05,1579,1355,1058,12125,13185,7347,5837,0,10,9627.1,39618184,35.7,96
n100k_d128_ip,100000,128,ip,correlated,0.0500,0.0500,5000,C_acorn_g4,acorn,ACORN,16,4,16,50,10,0.1260,19276.6,49.67,62.25,122.00,127.96,51.88,869,825,1189,811,2001,1810,191,0,10,12336.4,18532104,24.5,40
n100k_d128_ip,100000,128,ip,correlated,0.0500,0.0500,5000,C_acorn_g8,acorn,ACORN,16,8,16,50,10,0.1270,19625.8,48.54,62.21,107.29,138.12,50.95,869,825,1310,816,2127,1816,311,0,10,19233.8,20264200,24.6,40
n100k_d128_ip,100000,128,ip,correlated,0.0500,0.0500,5000,C_acorn_g16,acorn,ACORN,16,16,16,50,10,0.5650,16186.8,59.79,75.33,91.46,103.04,61.78,828,781,1717,1289,3007,1783,1224,0,10,39363.7,23728392,24.6,40
n100k_d128_ip,100000,128,ip,correlated,0.0500,0.0500,5000,C_acorn_g32,acorn,ACORN,16,32,16,50,10,0.5860,15188.6,62.29,82.04,108.75,245.25,65.84,832,775,1776,1303,3080,1767,1313,0,10,99104.9,30656776,24.6,40
n100k_d128_ip,100000,128,ip,correlated,0.0500,0.0500,5000,A_std_standard,std,STANDARD,16,1,32,100,10,0.0370,8232.2,121.17,154.25,213.71,265.33,121.47,1461,1461,1461,0,1461,0,0,108,0,11836.8,14033032,24.5,32
n100k_d128_ip,100000,128,ip,correlated,0.0500,0.0500,5000,B_std_acorn1,std,ACORN,16,1,32,100,10,0.2030,9812.9,98.33,115.88,132.71,249.08,101.91,1590,1510,960,3318,4279,3647,632,0,10,11836.8,14033032,24.5,32
n100k_d128_ip,100000,128,ip,correlated,0.0500,0.0500,5000,D_large24_standard,large,STANDARD,24,1,48,100,10,0.0390,7749.4,130.08,157.58,212.29,267.00,129.04,1631,1631,1631,0,1631,0,0,107,0,10422.4,20424136,30.4,48
n100k_d128_ip,100000,128,ip,correlated,0.0500,0.0500,5000,E_large24_acorn1,large,ACORN,24,1,48,100,10,0.7250,5512.1,189.88,229.50,275.08,373.92,181.42,1527,1420,1721,12754,14476,9187,5288,0,10,10422.4,20424136,30.4,48
n100k_d128_ip,100000,128,ip,correlated,0.0500,0.0500,5000,D_large48_standard,large,STANDARD,48,1,96,100,10,0.0380,7240.7,139.92,159.08,223.29,267.42,138.11,1814,1814,1814,0,1814,0,0,106,0,9627.1,39618184,35.7,96
n100k_d128_ip,100000,128,ip,correlated,0.0500,0.0500,5000,E_large48_acorn1,large,ACORN,48,1,96,100,10,0.8190,3506.3,311.83,389.12,406.92,471.42,285.20,1697,1473,2680,28438,31119,18390,12729,0,10,9627.1,39618184,35.7,96
n100k_d128_ip,100000,128,ip,correlated,0.0500,0.0500,5000,C_acorn_g4,acorn,ACORN,16,4,16,100,10,0.1720,11240.9,86.29,99.33,119.21,231.83,88.96,1202,1158,2197,1595,3793,3539,253,0,10,12336.4,18532104,24.5,40
n100k_d128_ip,100000,128,ip,correlated,0.0500,0.0500,5000,C_acorn_g8,acorn,ACORN,16,8,16,100,10,0.1820,11199.3,85.88,101.21,117.00,252.92,89.29,1206,1162,2310,1612,3923,3526,396,0,10,19233.8,20264200,24.6,40
n100k_d128_ip,100000,128,ip,correlated,0.0500,0.0500,5000,C_acorn_g16,acorn,ACORN,16,16,16,100,10,0.7100,8933.0,105.79,144.08,187.46,267.50,111.94,1112,1065,2754,2552,5308,3470,1838,0,10,39363.7,23728392,24.6,40
n100k_d128_ip,100000,128,ip,correlated,0.0500,0.0500,5000,C_acorn_g32,acorn,ACORN,16,32,16,100,10,0.7170,8972.5,107.58,146.42,177.54,182.71,111.45,1121,1064,2822,2632,5455,3467,1987,0,10,99104.9,30656776,24.6,40
n100k_d128_ip,100000,128,ip,correlated,0.0500,0.0500,5000,A_std_standard,std,STANDARD,16,1,32,250,10,0.0390,4062.0,248.67,276.33,371.50,373.38,246.19,1920,1920,1920,0,1920,0,0,258,0,11836.8,14033032,24.5,32
n100k_d128_ip,100000,128,ip,correlated,0.0500,0.0500,5000,B_std_acorn1,std,ACORN,16,1,32,250,10,0.2310,4604.1,209.83,263.46,382.00,412.12,217.20,1963,1883,4063,6225,10290,9514,776,0,10,11836.8,14033032,24.5,32
n100k_d128_ip,100000,128,ip,correlated,0.0500,0.0500,5000,D_large24_standard,large,STANDARD,24,1,48,250,10,0.0410,3917.2,257.25,284.92,404.71,429.25,255.29,1994,1994,1994,0,1994,0,0,257,0,10422.4,20424136,30.4,48
n100k_d128_ip,100000,128,ip,correlated,0.0500,0.0500,5000,E_large24_acorn1,large,ACORN,24,1,48,250,10,0.7390,2066.4,547.79,655.33,738.25,754.75,483.93,1620,1513,6151,45129,51281,32046,19235,0,10,10422.4,20424136,30.4,48
n100k_d128_ip,100000,128,ip,correlated,0.0500,0.0500,5000,D_large48_standard,large,STANDARD,48,1,96,250,10,0.0420,3833.4,262.29,295.58,394.54,401.50,260.87,2102,2102,2102,0,2102,0,0,255,0,9627.1,39618184,35.7,96
n100k_d128_ip,100000,128,ip,correlated,0.0500,0.0500,5000,E_large48_acorn1,large,ACORN,48,1,96,250,10,0.8670,1380.1,838.08,992.92,1059.04,1068.17,724.60,1848,1625,8204,80206,88412,53621,34790,0,10,9627.1,39618184,35.7,96
n100k_d128_ip,100000,128,ip,correlated,0.0500,0.0500,5000,C_acorn_g4,acorn,ACORN,16,4,16,250,10,0.2230,5061.3,192.83,225.17,292.00,304.17,197.58,1682,1638,5401,3728,9130,8669,461,0,10,12336.4,18532104,24.5,40
n100k_d128_ip,100000,128,ip,correlated,0.0500,0.0500,5000,C_acorn_g8,acorn,ACORN,16,8,16,250,10,0.2280,5021.7,193.29,236.12,306.12,313.92,199.13,1699,1654,5548,3868,9417,8754,663,0,10,19233.8,20264200,24.6,40
n100k_d128_ip,100000,128,ip,correlated,0.0500,0.0500,5000,C_acorn_g16,acorn,ACORN,16,16,16,250,10,0.8300,3957.3,241.00,333.71,391.83,464.21,252.70,1445,1398,6118,7167,13286,9133,4153,0,10,39363.7,23728392,24.6,40
n100k_d128_ip,100000,128,ip,correlated,0.0500,0.0500,5000,C_acorn_g32,acorn,ACORN,16,32,16,250,10,0.8120,3964.6,242.46,322.29,407.29,444.21,252.23,1456,1400,6178,7326,13505,9123,4381,0,10,99104.9,30656776,24.6,40
n100k_d128_ip,100000,128,ip,correlated,0.0500,0.0500,5000,A_std_standard,std,STANDARD,16,1,32,500,10,0.0400,2061.0,481.33,585.42,645.08,1042.21,485.20,2087,2087,2087,0,2087,0,0,513,0,11836.8,14033032,24.5,32
n100k_d128_ip,100000,128,ip,correlated,0.0500,0.0500,5000,B_std_acorn1,std,ACORN,16,1,32,500,10,0.2320,2331.0,417.04,508.67,600.71,614.08,429.00,2027,1947,10167,8824,18992,17998,994,0,10,11836.8,14033032,24.5,32
n100k_d128_ip,100000,128,ip,correlated,0.0500,0.0500,5000,D_large24_standard,large,STANDARD,24,1,48,500,10,0.0420,2053.1,488.04,583.25,608.46,620.29,487.06,2074,2074,2074,0,2074,0,0,507,0,10422.4,20424136,30.4,48
n100k_d128_ip,100000,128,ip,correlated,0.0500,0.0500,5000,E_large24_acorn1,large,ACORN,24,1,48,500,10,0.7420,960.2,1218.88,1402.75,1434.25,1502.38,1041.45,1632,1525,13790,99585,113376,70381,42994,0,10,10422.4,20424136,30.4,48
n100k_d128_ip,100000,128,ip,correlated,0.0500,0.0500,5000,D_large48_standard,large,STANDARD,48,1,96,500,10,0.0430,2022.5,495.58,575.79,644.46,661.08,494.44,2169,2169,2169,0,2169,0,0,505,1,9627.1,39618184,35.7,96
n100k_d128_ip,100000,128,ip,correlated,0.0500,0.0500,5000,E_large48_acorn1,large,ACORN,48,1,96,500,10,0.8730,668.8,1792.67,2013.46,2257.88,2415.25,1495.29,1961,1737,17257,162242,179501,109688,69813,0,10,9627.1,39618184,35.7,96
n100k_d128_ip,100000,128,ip,correlated,0.0500,0.0500,5000,C_acorn_g4,acorn,ACORN,16,4,16,500,10,0.2320,2370.1,411.21,493.29,586.25,598.38,421.92,1937,1893,11219,6310,17531,16678,852,0,10,12336.4,18532104,24.5,40
n100k_d128_ip,100000,128,ip,correlated,0.0500,0.0500,5000,C_acorn_g8,acorn,ACORN,16,8,16,500,10,0.2320,2360.1,415.21,485.75,581.50,601.17,423.71,1945,1901,11412,6702,18115,16915,1200,0,10,19233.8,20264200,24.6,40
n100k_d128_ip,100000,128,ip,correlated,0.0500,0.0500,5000,C_acorn_g16,acorn,ACORN,16,16,16,500,10,0.8490,1840.4,530.50,655.25,741.00,744.83,543.37,1559,1513,12123,17490,29614,20299,9314,0,10,39363.7,23728392,24.6,40
n100k_d128_ip,100000,128,ip,correlated,0.0500,0.0500,5000,C_acorn_g32,acorn,ACORN,16,32,16,500,10,0.8360,1832.7,537.00,655.83,705.96,717.71,545.65,1560,1504,12185,17869,30055,20346,9709,0,10,99104.9,30656776,24.6,40
n100k_d128_ip,100000,128,ip,correlated,0.0500,0.0500,5000,F_exact,exact,EXACT,16,0,0,0,100,1.0000,2118.8,460.88,530.79,600.46,620.46,471.97,5000,0,0,0,100000,0,0,0,100,0.0,0,0.0,0
n100k_d128_ip,100000,128,ip,correlated,0.0500,0.0500,5000,A_std_standard,std,STANDARD,16,1,32,50,100,0.0240,12271.5,81.62,96.46,133.17,152.62,81.49,1038,1038,1038,0,1038,0,0,59,3,11836.8,14033032,24.5,32
n100k_d128_ip,100000,128,ip,correlated,0.0500,0.0500,5000,B_std_acorn1,std,ACORN,16,1,32,50,100,0.1641,12785.7,77.21,87.54,107.29,108.58,78.21,1156,1076,407,2087,2496,1897,598,0,100,11836.8,14033032,24.5,32
n100k_d128_ip,100000,128,ip,correlated,0.0500,0.0500,5000,D_large24_standard,large,STANDARD,24,1,48,50,100,0.0268,10934.6,90.42,112.04,123.08,205.96,91.45,1209,1209,1209,0,1209,0,0,57,3,10422.4,20424136,30.4,48
n100k_d128_ip,100000,128,ip,correlated,0.0500,0.0500,5000,E_large24_acorn1,large,ACORN,24,1,48,50,100,0.6713,8665.1,113.08,139.75,195.92,205.88,115.41,1257,1150,594,4653,5249,3311,1937,0,100,10422.4,20424136,30.4,48
n100k_d128_ip,100000,128,ip,correlated,0.0500,0.0500,5000,D_large48_standard,large,STANDARD,48,1,96,50,100,0.0287,10054.1,99.75,118.83,132.54,237.58,99.46,1433,1433,1433,0,1433,0,0,56,3,9627.1,39618184,35.7,96
n100k_d128_ip,100000,128,ip,correlated,0.0500,0.0500,5000,E_large48_acorn1,large,ACORN,48,1,96,50,100,0.8568,5877.6,167.54,201.96,273.25,274.62,170.14,1579,1355,1058,12124,13184,7347,5837,0,100,9627.1,39618184,35.7,96
n100k_d128_ip,100000,128,ip,correlated,0.0500,0.0500,5000,C_acorn_g4,acorn,ACORN,16,4,16,50,100,0.1463,14481.5,66.88,77.25,114.92,149.67,69.05,869,825,1189,811,2002,1810,191,0,100,12336.4,18532104,24.5,40
n100k_d128_ip,100000,128,ip,correlated,0.0500,0.0500,5000,C_acorn_g8,acorn,ACORN,16,8,16,50,100,0.1478,14451.8,68.08,79.04,87.88,131.25,69.20,869,825,1310,816,2127,1816,311,0,100,19233.8,20264200,24.6,40
n100k_d128_ip,100000,128,ip,correlated,0.0500,0.0500,5000,C_acorn_g16,acorn,ACORN,16,16,16,50,100,0.6197,12080.7,80.42,105.04,122.50,137.54,82.78,828,781,1717,1289,3007,1783,1224,0,100,39363.7,23728392,24.6,40
n100k_d128_ip,100000,128,ip,correlated,0.0500,0.0500,5000,C_acorn_g32,acorn,ACORN,16,32,16,50,100,0.6085,12073.0,80.25,107.42,124.88,126.46,82.83,832,775,1776,1303,3080,1767,1313,0,100,99104.9,30656776,24.6,40
n100k_d128_ip,100000,128,ip,correlated,0.0500,0.0500,5000,A_std_standard,std,STANDARD,16,1,32,100,100,0.0292,8358.4,120.21,142.96,186.29,204.42,119.64,1461,1461,1461,0,1461,0,0,108,3,11836.8,14033032,24.5,32
n100k_d128_ip,100000,128,ip,correlated,0.0500,0.0500,5000,B_std_acorn1,std,ACORN,16,1,32,100,100,0.2212,9166.1,107.83,121.46,144.12,163.17,109.10,1590,1510,960,3318,4279,3647,632,0,100,11836.8,14033032,24.5,32
n100k_d128_ip,100000,128,ip,correlated,0.0500,0.0500,5000,D_large24_standard,large,STANDARD,24,1,48,100,100,0.0303,7626.5,130.25,158.71,187.83,316.67,131.12,1631,1631,1631,0,1631,0,0,107,3,10422.4,20424136,30.4,48
n100k_d128_ip,100000,128,ip,correlated,0.0500,0.0500,5000,E_large24_acorn1,large,ACORN,24,1,48,100,100,0.8005,5208.2,198.62,241.12,301.21,356.50,192.00,1527,1420,1721,12754,14476,9187,5288,0,100,10422.4,20424136,30.4,48
n100k_d128_ip,100000,128,ip,correlated,0.0500,0.0500,5000,D_large48_standard,large,STANDARD,48,1,96,100,100,0.0312,7097.4,139.00,171.25,242.75,276.00,140.90,1814,1814,1814,0,1814,0,0,106,3,9627.1,39618184,35.7,96
n100k_d128_ip,100000,128,ip,correlated,0.0500,0.0500,5000,E_large48_acorn1,large,ACORN,48,1,96,100,100,0.9124,3386.9,315.04,368.46,475.21,495.42,295.25,1697,1473,2680,28438,31119,18390,12729,0,100,9627.1,39618184,35.7,96
n100k_d128_ip,100000,128,ip,correlated,0.0500,0.0500,5000,C_acorn_g4,acorn,ACORN,16,4,16,100,100,0.1906,10286.6,94.50,110.46,129.17,231.46,97.21,1202,1158,2197,1595,3793,3539,253,0,100,12336.4,18532104,24.5,40
n100k_d128_ip,100000,128,ip,correlated,0.0500,0.0500,5000,C_acorn_g8,acorn,ACORN,16,8,16,100,100,0.1960,10388.4,93.83,107.79,125.75,193.79,96.26,1206,1162,2310,1612,3923,3526,396,0,100,19233.8,20264200,24.6,40
n100k_d128_ip,100000,128,ip,correlated,0.0500,0.0500,5000,C_acorn_g16,acorn,ACORN,16,16,16,100,100,0.7782,8589.0,113.33,144.08,177.38,197.54,116.43,1112,1065,2754,2552,5308,3470,1838,0,100,39363.7,23728392,24.6,40
n100k_d128_ip,100000,128,ip,correlated,0.0500,0.0500,5000,C_acorn_g32,acorn,ACORN,16,32,16,100,100,0.7666,8317.6,115.92,150.83,179.71,212.38,120.23,1121,1064,2822,2632,5455,3467,1987,0,100,99104.9,30656776,24.6,40
n100k_d128_ip,100000,128,ip,correlated,0.0500,0.0500,5000,A_std_standard,std,STANDARD,16,1,32,250,100,0.0308,3997.2,250.17,288.00,379.62,398.08,250.17,1920,1920,1920,0,1920,0,0,258,3,11836.8,14033032,24.5,32
n100k_d128_ip,100000,128,ip,correlated,0.0500,0.0500,5000,B_std_acorn1,std,ACORN,16,1,32,250,100,0.2622,4460.8,219.58,260.50,295.92,320.58,224.18,1963,1883,4063,6225,10290,9514,776,0,100,11836.8,14033032,24.5,32
n100k_d128_ip,100000,128,ip,correlated,0.0500,0.0500,5000,D_large24_standard,large,STANDARD,24,1,48,250,100,0.0312,3938.5,256.75,289.25,353.96,403.00,253.90,1994,1994,1994,0,1994,0,0,257,3,10422.4,20424136,30.4,48
n100k_d128_ip,100000,128,ip,correlated,0.0500,0.0500,5000,E_large24_acorn1,large,ACORN,24,1,48,250,100,0.8307,2005.2,563.71,666.04,744.25,886.79,498.70,1620,1513,6151,45129,51281,32046,19235,0,100,10422.4,20424136,30.4,48
n100k_d128_ip,100000,128,ip,correlated,0.0500,0.0500,5000,D_large48_standard,large,STANDARD,48,1,96,250,100,0.0321,3864.1,262.00,304.71,332.17,353.17,258.79,2102,2102,2102,0,2102,0,0,255,3,9627.1,39618184,35.7,96
n100k_d128_ip,100000,128,ip,correlated,0.0500,0.0500,5000,E_large48_acorn1,large,ACORN,48,1,96,250,100,0.9652,1354.7,848.54,1012.08,1075.96,1084.83,738.16,1848,1625,8204,80206,88412,53621,34790,0,100,9627.1,39618184,35.7,96
n100k_d128_ip,100000,128,ip,correlated,0.0500,0.0500,5000,C_acorn_g4,acorn,ACORN,16,4,16,250,100,0.2449,4731.3,205.96,237.17,311.12,371.42,211.36,1682,1638,5401,3728,9130,8669,461,0,100,12336.4,18532104,24.5,40
n100k_d128_ip,100000,128,ip,correlated,0.0500,0.0500,5000,C_acorn_g8,acorn,ACORN,16,8,16,250,100,0.2495,4545.4,211.17,250.54,419.21,461.71,220.00,1699,1654,5548,3868,9417,8754,663,0,100,19233.8,20264200,24.6,40
n100k_d128_ip,100000,128,ip,correlated,0.0500,0.0500,5000,C_acorn_g16,acorn,ACORN,16,16,16,250,100,0.9243,3807.8,252.21,335.25,380.96,394.29,262.62,1445,1398,6118,7167,13286,9133,4153,0,100,39363.7,23728392,24.6,40
n100k_d128_ip,100000,128,ip,correlated,0.0500,0.0500,5000,C_acorn_g32,acorn,ACORN,16,32,16,250,100,0.9125,3692.7,260.58,355.79,381.21,393.42,270.80,1456,1400,6178,7326,13505,9123,4381,0,100,99104.9,30656776,24.6,40
n100k_d128_ip,100000,128,ip,correlated,0.0500,0.0500,5000,A_std_standard,std,STANDARD,16,1,32,500,100,0.0314,2050.1,483.67,586.62,604.08,1043.17,487.79,2087,2087,2087,0,2087,0,0,513,3,11836.8,14033032,24.5,32
n100k_d128_ip,100000,128,ip,correlated,0.0500,0.0500,5000,B_std_acorn1,std,ACORN,16,1,32,500,100,0.2666,2259.7,430.29,531.58,577.88,621.54,442.53,2027,1947,10167,8824,18992,17998,994,0,100,11836.8,14033032,24.5,32
n100k_d128_ip,100000,128,ip,correlated,0.0500,0.0500,5000,D_large24_standard,large,STANDARD,24,1,48,500,100,0.0317,2049.5,490.25,531.21,602.33,611.83,487.93,2074,2074,2074,0,2074,0,0,507,3,10422.4,20424136,30.4,48
n100k_d128_ip,100000,128,ip,correlated,0.0500,0.0500,5000,E_large24_acorn1,large,ACORN,24,1,48,500,100,0.8344,948.0,1225.12,1415.71,1448.25,1518.75,1054.82,1632,1525,13790,99585,113376,70381,42994,0,100,10422.4,20424136,30.4,48
n100k_d128_ip,100000,128,ip,correlated,0.0500,0.0500,5000,D_large48_standard,large,STANDARD,48,1,96,500,100,0.0332,2000.5,496.71,553.67,647.92,658.29,499.87,2169,2169,2169,0,2169,0,0,505,4,9627.1,39618184,35.7,96
n100k_d128_ip,100000,128,ip,correlated,0.0500,0.0500,5000,E_large48_acorn1,large,ACORN,48,1,96,500,100,0.9775,668.2,1824.25,2038.96,2140.96,2172.58,1496.64,1961,1737,17257,162242,179501,109688,69813,0,100,9627.1,39618184,35.7,96
n100k_d128_ip,100000,128,ip,correlated,0.0500,0.0500,5000,C_acorn_g4,acorn,ACORN,16,4,16,500,100,0.2658,2284.2,425.25,506.33,602.67,624.29,437.79,1937,1893,11219,6310,17531,16678,852,0,100,12336.4,18532104,24.5,40
n100k_d128_ip,100000,128,ip,correlated,0.0500,0.0500,5000,C_acorn_g8,acorn,ACORN,16,8,16,500,100,0.2669,2285.2,424.62,529.46,592.58,593.17,437.61,1945,1901,11412,6702,18115,16915,1200,0,100,19233.8,20264200,24.6,40
n100k_d128_ip,100000,128,ip,correlated,0.0500,0.0500,5000,C_acorn_g16,acorn,ACORN,16,16,16,500,100,0.9521,1789.8,546.88,674.08,737.00,782.92,558.73,1559,1513,12123,17490,29614,20299,9314,0,100,39363.7,23728392,24.6,40
n100k_d128_ip,100000,128,ip,correlated,0.0500,0.0500,5000,C_acorn_g32,acorn,ACORN,16,32,16,500,100,0.9402,1771.3,548.46,686.46,698.79,773.54,564.54,1560,1504,12185,17869,30055,20346,9709,0,100,99104.9,30656776,24.6,40
n100k_d128_ip,100000,128,ip,correlated,0.0200,0.0200,2000,F_exact,exact,EXACT,16,0,0,0,10,1.0000,4107.4,237.79,267.88,319.25,422.46,243.46,2000,0,0,0,100000,0,0,0,10,0.0,0,0.0,0
n100k_d128_ip,100000,128,ip,correlated,0.0200,0.0200,2000,A_std_standard,std,STANDARD,16,1,32,50,10,0.0400,14301.8,69.62,85.46,107.88,140.67,69.92,1037,1037,1037,0,1037,0,0,59,0,11836.8,14033032,24.5,32
n100k_d128_ip,100000,128,ip,correlated,0.0200,0.0200,2000,B_std_acorn1,std,ACORN,16,1,32,50,10,0.4460,16462.0,58.25,73.04,122.92,163.42,60.75,1176,1090,390,2076,2467,1897,570,0,10,11836.8,14033032,24.5,32
n100k_d128_ip,100000,128,ip,correlated,0.0200,0.0200,2000,D_large24_standard,large,STANDARD,24,1,48,50,10,0.0420,12782.5,79.54,93.17,106.83,110.62,78.23,1209,1209,1209,0,1209,0,0,57,0,10422.4,20424136,30.4,48
n100k_d128_ip,100000,128,ip,correlated,0.0200,0.0200,2000,E_large24_acorn1,large,ACORN,24,1,48,50,10,0.5350,14149.5,67.62,89.29,106.88,157.71,70.67,1374,1279,520,2748,3270,2684,585,0,10,10422.4,20424136,30.4,48
n100k_d128_ip,100000,128,ip,correlated,0.0200,0.0200,2000,D_large48_standard,large,STANDARD,48,1,96,50,10,0.0450,11381.0,87.88,100.67,128.88,230.92,87.87,1433,1433,1433,0,1433,0,0,56,0,9627.1,39618184,35.7,96
n100k_d128_ip,100000,128,ip,correlated,0.0200,0.0200,2000,E_large48_acorn1,large,ACORN,48,1,96,50,10,0.6400,9524.9,100.58,139.00,185.79,201.88,104.99,1815,1599,1078,9641,10721,4944,5776,0,10,9627.1,39618184,35.7,96
n100k_d128_ip,100000,128,ip,correlated,0.0200,0.0200,2000,C_acorn_g4,acorn,ACORN,16,4,16,50,10,0.5170,19784.7,48.17,62.50,75.25,109.62,50.54,864,817,1206,834,2041,1802,239,0,10,12336.4,18532104,24.5,40
n100k_d128_ip,100000,128,ip,correlated,0.0200,0.0200,2000,C_acorn_g8,acorn,ACORN,16,8,16,50,10,0.4880,19261.3,48.25,66.33,85.46,191.75,51.92,874,824,1318,868,2188,1802,385,0,10,19233.8,20264200,24.6,40
n100k_d128_ip,100000,128,ip,correlated,0.0200,0.0200,2000,C_acorn_g16,acorn,ACORN,16,16,16,50,10,0.4610,19982.5,48.92,58.79,68.71,69.54,50.04,867,818,1576,866,2444,1826,618,0,10,39363.7,23728392,24.6,40
n100k_d128_ip,100000,128,ip,correlated,0.0200,0.0200,2000,C_acorn_g32,acorn,ACORN,16,32,16,50,10,0.4760,19115.3,50.67,63.79,97.17,105.08,52.31,877,828,1765,844,2610,1821,789,0,10,99104.9,30656776,24.6,40
n100k_d128_ip,100000,128,ip,correlated,0.0200,0.0200,2000,A_std_standard,std,STANDARD,16,1,32,100,10,0.0460,8396.7,120.92,136.92,195.00,202.42,119.09,1461,1461,1461,0,1461,0,0,108,0,11836.8,14033032,24.5,32
n100k_d128_ip,100000,128,ip,correlated,0.0200,0.0200,2000,B_std_acorn1,std,ACORN,16,1,32,100,10,0.5980,10025.9,96.79,119.29,138.92,140.54,99.74,1603,1517,953,3289,4244,3621,622,0,10,11836.8,14033032,24.5,32
n100k_d128_ip,100000,128,ip,correlated,0.0200,0.0200,2000,D_large24_standard,large,STANDARD,24,1,48,100,10,0.0470,7992.8,128.21,138.75,147.79,190.75,125.11,1631,1631,1631,0,1631,0,0,107,0,10422.4,20424136,30.4,48
n100k_d128_ip,100000,128,ip,correlated,0.0200,0.0200,2000,E_large24_acorn1,large,ACORN,24,1,48,100,10,0.6640,8763.8,109.83,128.71,195.67,260.04,114.11,1762,1667,1498,4496,5996,5294,702,0,10,10422.4,20424136,30.4,48
n100k_d128_ip,100000,128,ip,correlated,0.0200,0.0200,2000,D_large48_standard,large,STANDARD,48,1,96,100,10,0.0550,7392.6,138.79,157.75,172.00,213.46,135.27,1814,1814,1814,0,1814,0,0,106,0,9627.1,39618184,35.7,96
n100k_d128_ip,100000,128,ip,correlated,0.0200,0.0200,2000,E_large48_acorn1,large,ACORN,48,1,96,100,10,0.7270,6600.2,143.96,200.21,237.12,258.38,151.51,2051,1836,2701,12410,15112,8525,6587,0,10,9627.1,39618184,35.7,96
n100k_d128_ip,100000,128,ip,correlated,0.0200,0.0200,2000,C_acorn_g4,acorn,ACORN,16,4,16,100,10,0.6010,11150.2,86.00,107.38,118.92,243.29,89.68,1197,1149,2217,1702,3921,3541,379,0,10,12336.4,18532104,24.5,40
n100k_d128_ip,100000,128,ip,correlated,0.0200,0.0200,2000,C_acorn_g8,acorn,ACORN,16,8,16,100,10,0.5910,11340.4,84.92,105.96,128.38,134.58,88.18,1209,1159,2331,1757,4090,3539,550,0,10,19233.8,20264200,24.6,40
n100k_d128_ip,100000,128,ip,correlated,0.0200,0.0200,2000,C_acorn_g16,acorn,ACORN,16,16,16,100,10,0.5650,11112.1,85.54,109.88,157.17,223.00,89.99,1204,1154,2599,1791,4391,3612,778,0,10,39363.7,23728392,24.6,40
n100k_d128_ip,100000,128,ip,correlated,0.0200,0.0200,2000,C_acorn_g32,acorn,ACORN,16,32,16,100,10,0.5760,11201.2,86.96,104.67,129.54,137.50,89.28,1210,1161,2781,1734,4517,3579,937,0,10,99104.9,30656776,24.6,40
n100k_d128_ip,100000,128,ip,correlated,0.0200,0.0200,2000,A_std_standard,std,STANDARD,16,1,32,250,10,0.0530,4074.1,248.50,274.88,349.92,383.92,245.45,1920,1920,1920,0,1920,0,0,258,0,11836.8,14033032,24.5,32
n100k_d128_ip,100000,128,ip,correlated,0.0200,0.0200,2000,B_std_acorn1,std,ACORN,16,1,32,250,10,0.6990,4764.7,204.12,227.79,332.79,366.42,209.88,1963,1877,4128,5670,9799,9080,719,0,10,11836.8,14033032,24.5,32
n100k_d128_ip,100000,128,ip,correlated,0.0200,0.0200,2000,D_large24_standard,large,STANDARD,24,1,48,250,10,0.0580,3985.6,253.50,290.12,322.29,416.46,250.90,1994,1994,1994,0,1994,0,0,257,0,10422.4,20424136,30.4,48
n100k_d128_ip,100000,128,ip,correlated,0.0200,0.0200,2000,E_large24_acorn1,large,ACORN,24,1,48,250,10,0.7090,4516.9,217.62,238.21,282.75,303.42,221.39,2007,1912,5786,7118,12905,11946,959,0,10,10422.4,20424136,30.4,48
n100k_d128_ip,100000,128,ip,correlated,0.0200,0.0200,2000,D_large48_standard,large,STANDARD,48,1,96,250,10,0.0610,3844.2,262.42,294.62,370.29,433.00,260.13,2102,2102,2102,0,2102,0,0,255,1,9627.1,39618184,35.7,96
n100k_d128_ip,100000,128,ip,correlated,0.0200,0.0200,2000,E_large48_acorn1,large,ACORN,48,1,96,250,10,0.7430,3878.2,249.75,322.62,370.46,371.00,257.85,2151,1935,8073,16188,24263,15832,8431,0,10,9627.1,39618184,35.7,96
n100k_d128_ip,100000,128,ip,correlated,0.0200,0.0200,2000,C_acorn_g4,acorn,ACORN,16,4,16,250,10,0.7000,5016.0,195.29,228.25,292.33,299.21,199.36,1681,1633,5466,4534,10001,8977,1024,0,10,12336.4,18532104,24.5,40
n100k_d128_ip,100000,128,ip,correlated,0.0200,0.0200,2000,C_acorn_g8,acorn,ACORN,16,8,16,250,10,0.6920,4921.2,195.92,237.38,313.75,324.33,203.20,1697,1647,5587,4303,9891,8837,1054,0,10,19233.8,20264200,24.6,40
n100k_d128_ip,100000,128,ip,correlated,0.0200,0.0200,2000,C_acorn_g16,acorn,ACORN,16,16,16,250,10,0.6650,4964.8,196.17,226.29,303.79,309.46,201.42,1692,1643,5856,4463,10320,9013,1306,0,10,39363.7,23728392,24.6,40
n100k_d128_ip,100000,128,ip,correlated,0.0200,0.0200,2000,C_acorn_g32,acorn,ACORN,16,32,16,250,10,0.6900,4858.3,199.75,247.12,333.67,358.75,205.83,1696,1647,6032,4326,10359,8882,1477,0,10,99104.9,30656776,24.6,40
n100k_d128_ip,100000,128,ip,correlated,0.0200,0.0200,2000,A_std_standard,std,STANDARD,16,1,32,500,10,0.0640,2055.9,482.92,550.17,603.50,1016.12,486.40,2087,2087,2087,0,2087,0,0,513,0,11836.8,14033032,24.5,32
n100k_d128_ip,100000,128,ip,correlated,0.0200,0.0200,2000,B_std_acorn1,std,ACORN,16,1,32,500,10,0.7080,2392.3,410.12,492.38,544.62,572.25,418.01,2029,1943,10235,7033,17270,16396,873,0,10,11836.8,14033032,24.5,32
n100k_d128_ip,100000,128,ip,correlated,0.0200,0.0200,2000,D_large24_standard,large,STANDARD,24,1,48,500,10,0.0640,2066.7,486.29,542.25,568.38,625.67,483.86,2074,2074,2074,0,2074,0,0,507,0,10422.4,20424136,30.4,48
n100k_d128_ip,100000,128,ip,correlated,0.0200,0.0200,2000,E_large24_acorn1,large,ACORN,24,1,48,500,10,0.7100,2314.7,423.50,503.71,573.04,582.92,432.02,2044,1949,13450,8585,22037,20680,1356,0,10,10422.4,20424136,30.4,48
n100k_d128_ip,100000,128,ip,correlated,0.0200,0.0200,2000,D_large48_standard,large,STANDARD,48,1,96,500,10,0.0620,2016.8,495.46,559.17,609.46,646.25,495.84,2169,2169,2169,0,2169,0,0,505,1,9627.1,39618184,35.7,96
n100k_d128_ip,100000,128,ip,correlated,0.0200,0.0200,2000,E_large48_acorn1,large,ACORN,48,1,96,500,10,0.7640,2040.4,472.71,579.21,717.71,739.25,490.11,2170,1955,17287,21040,38328,26454,11873,0,10,9627.1,39618184,35.7,96
n100k_d128_ip,100000,128,ip,correlated,0.0200,0.0200,2000,C_acorn_g4,acorn,ACORN,16,4,16,500,10,0.7260,2332.9,417.79,488.50,569.38,576.50,428.65,1937,1889,11309,8259,19570,17471,2098,0,10,12336.4,18532104,24.5,40
n100k_d128_ip,100000,128,ip,correlated,0.0200,0.0200,2000,C_acorn_g8,acorn,ACORN,16,8,16,500,10,0.7240,2334.4,416.29,533.83,587.75,642.38,428.38,1946,1896,11444,7344,18790,16890,1899,0,10,19233.8,20264200,24.6,40
n100k_d128_ip,100000,128,ip,correlated,0.0200,0.0200,2000,C_acorn_g16,acorn,ACORN,16,16,16,500,10,0.7140,2339.4,416.88,514.46,562.62,581.08,427.47,1945,1895,11705,7804,19511,17361,2149,0,10,39363.7,23728392,24.6,40
n100k_d128_ip,100000,128,ip,correlated,0.0200,0.0200,2000,C_acorn_g32,acorn,ACORN,16,32,16,500,10,0.7130,2343.2,415.08,488.83,569.08,569.96,426.77,1944,1895,11900,7496,19398,17036,2361,0,10,99104.9,30656776,24.6,40
n100k_d128_ip,100000,128,ip,correlated,0.0200,0.0200,2000,F_exact,exact,EXACT,16,0,0,0,100,1.0000,4086.1,238.21,273.21,370.17,378.21,244.73,2000,0,0,0,100000,0,0,0,100,0.0,0,0.0,0
n100k_d128_ip,100000,128,ip,correlated,0.0200,0.0200,2000,A_std_standard,std,STANDARD,16,1,32,50,100,0.0274,12028.9,82.71,96.12,165.71,195.33,83.13,1038,1038,1038,0,1038,0,0,59,4,11836.8,14033032,24.5,32
n100k_d128_ip,100000,128,ip,correlated,0.0200,0.0200,2000,B_std_acorn1,std,ACORN,16,1,32,50,100,0.5834,12433.4,78.96,91.62,115.42,162.04,80.43,1176,1090,390,2076,2467,1897,570,0,100,11836.8,14033032,24.5,32
n100k_d128_ip,100000,128,ip,correlated,0.0200,0.0200,2000,D_large24_standard,large,STANDARD,24,1,48,50,100,0.0278,11207.5,90.46,109.71,124.79,148.42,89.23,1209,1209,1209,0,1209,0,0,57,3,10422.4,20424136,30.4,48
n100k_d128_ip,100000,128,ip,correlated,0.0200,0.0200,2000,E_large24_acorn1,large,ACORN,24,1,48,50,100,0.6604,11145.8,87.67,103.58,130.83,174.12,89.72,1374,1279,520,2748,3270,2684,585,0,100,10422.4,20424136,30.4,48
n100k_d128_ip,100000,128,ip,correlated,0.0200,0.0200,2000,D_large48_standard,large,STANDARD,48,1,96,50,100,0.0304,9381.9,103.29,140.29,246.96,255.75,106.59,1433,1433,1433,0,1433,0,0,56,3,9627.1,39618184,35.7,96
n100k_d128_ip,100000,128,ip,correlated,0.0200,0.0200,2000,E_large48_acorn1,large,ACORN,48,1,96,50,100,0.8006,7854.7,122.92,159.25,231.79,231.96,127.31,1815,1599,1078,9641,10721,4944,5776,0,100,9627.1,39618184,35.7,96
n100k_d128_ip,100000,128,ip,correlated,0.0200,0.0200,2000,C_acorn_g4,acorn,ACORN,16,4,16,50,100,0.5552,14206.8,67.42,85.71,118.92,135.38,70.39,864,817,1206,834,2041,1802,239,0,100,12336.4,18532104,24.5,40
n100k_d128_ip,100000,128,ip,correlated,0.0200,0.0200,2000,C_acorn_g8,acorn,ACORN,16,8,16,50,100,0.5451,14487.6,67.54,77.21,96.21,136.79,69.02,873,823,1317,868,2187,1801,385,0,100,19233.8,20264200,24.6,40
n100k_d128_ip,100000,128,ip,correlated,0.0200,0.0200,2000,C_acorn_g16,acorn,ACORN,16,16,16,50,100,0.5387,14274.9,68.21,80.92,92.75,146.83,70.05,867,818,1576,866,2444,1826,618,0,100,39363.7,23728392,24.6,40
n100k_d128_ip,100000,128,ip,correlated,0.0200,0.0200,2000,C_acorn_g32,acorn,ACORN,16,32,16,50,100,0.5444,13806.6,70.00,85.92,100.00,200.75,72.43,877,828,1765,844,2610,1821,789,0,100,99104.9,30656776,24.6,40
n100k_d128_ip,100000,128,ip,correlated,0.0200,0.0200,2000,A_std_standard,std,STANDARD,16,1,32,100,100,0.0321,8226.9,123.29,147.67,207.17,250.04,121.55,1461,1461,1461,0,1461,0,0,108,4,11836.8,14033032,24.5,32
n100k_d128_ip,100000,128,ip,correlated,0.0200,0.0200,2000,B_std_acorn1,std,ACORN,16,1,32,100,100,0.7786,8685.0,110.00,143.46,168.25,299.04,115.14,1603,1517,953,3289,4244,3621,622,0,100,11836.8,14033032,24.5,32
n100k_d128_ip,100000,128,ip,correlated,0.0200,0.0200,2000,D_large24_standard,large,STANDARD,24,1,48,100,100,0.0315,7791.9,131.88,146.54,179.38,215.67,128.34,1631,1631,1631,0,1631,0,0,107,3,10422.4,20424136,30.4,48
n100k_d128_ip,100000,128,ip,correlated,0.0200,0.0200,2000,E_large24_acorn1,large,ACORN,24,1,48,100,100,0.8327,8113.7,121.33,139.08,150.21,203.71,123.25,1762,1667,1498,4496,5996,5294,702,0,100,10422.4,20424136,30.4,48
n100k_d128_ip,100000,128,ip,correlated,0.0200,0.0200,2000,D_large48_standard,large,STANDARD,48,1,96,100,100,0.0341,7170.9,139.79,165.58,230.04,274.46,139.45,1814,1814,1814,0,1814,0,0,106,3,9627.1,39618184,35.7,96
n100k_d128_ip,100000,128,ip,correlated,0.0200,0.0200,2000,E_large48_acorn1,large,ACORN,48,1,96,100,100,0.8942,6117.1,154.46,219.42,339.04,357.75,163.48,2051,1836,2701,12410,15112,8525,6587,0,100,9627.1,39618184,35.7,96
n100k_d128_ip,100000,128,ip,correlated,0.0200,0.0200,2000,C_acorn_g4,acorn,ACORN,16,4,16,100,100,0.6935,10314.0,94.12,111.08,118.83,276.33,96.96,1197,1149,2217,1702,3921,3541,379,0,100,12336.4,18532104,24.5,40
n100k_d128_ip,100000,128,ip,correlated,0.0200,0.0200,2000,C_acorn_g8,acorn,ACORN,16,8,16,100,100,0.6924,10034.2,96.42,114.71,144.92,261.04,99.66,1209,1159,2331,1757,4090,3539,550,0,100,19233.8,20264200,24.6,40
n100k_d128_ip,100000,128,ip,correlated,0.0200,0.0200,2000,C_acorn_g16,acorn,ACORN,16,16,16,100,100,0.6921,10128.4,93.46,113.67,216.75,218.71,98.73,1204,1154,2599,1791,4391,3612,778,0,100,39363.7,23728392,24.6,40
n100k_d128_ip,100000,128,ip,correlated,0.0200,0.0200,2000,C_acorn_g32,acorn,ACORN,16,32,16,100,100,0.6982,10169.7,95.42,112.71,133.38,199.79,98.33,1210,1161,2781,1734,4517,3579,937,0,100,99104.9,30656776,24.6,40
n100k_d128_ip,100000,128,ip,correlated,0.0200,0.0200,2000,A_std_standard,std,STANDARD,16,1,32,250,100,0.0344,4036.5,250.08,290.67,363.96,376.54,247.74,1920,1920,1920,0,1920,0,0,258,4,11836.8,14033032,24.5,32
n100k_d128_ip,100000,128,ip,correlated,0.0200,0.0200,2000,B_std_acorn1,std,ACORN,16,1,32,250,100,0.9036,4400.8,218.88,257.54,386.12,423.17,227.23,1963,1877,4128,5670,9799,9080,719,0,100,11836.8,14033032,24.5,32
n100k_d128_ip,100000,128,ip,correlated,0.0200,0.0200,2000,D_large24_standard,large,STANDARD,24,1,48,250,100,0.0343,3967.3,251.62,293.62,357.29,377.88,252.06,1994,1994,1994,0,1994,0,0,257,3,10422.4,20424136,30.4,48
n100k_d128_ip,100000,128,ip,correlated,0.0200,0.0200,2000,E_large24_acorn1,large,ACORN,24,1,48,250,100,0.9120,4215.0,231.50,259.58,366.08,425.21,237.25,2007,1912,5786,7118,12905,11946,959,0,100,10422.4,20424136,30.4,48
n100k_d128_ip,100000,128,ip,correlated,0.0200,0.0200,2000,D_large48_standard,large,STANDARD,48,1,96,250,100,0.0365,3844.1,261.75,298.96,404.54,439.92,260.14,2102,2102,2102,0,2102,0,0,255,4,9627.1,39618184,35.7,96
n100k_d128_ip,100000,128,ip,correlated,0.0200,0.0200,2000,E_large48_acorn1,large,ACORN,48,1,96,250,100,0.9224,3659.6,267.21,336.00,413.17,414.75,273.26,2151,1935,8073,16188,24263,15832,8431,0,100,9627.1,39618184,35.7,96
n100k_d128_ip,100000,128,ip,correlated,0.0200,0.0200,2000,C_acorn_g4,acorn,ACORN,16,4,16,250,100,0.8570,4638.8,209.46,248.79,312.67,331.33,215.57,1681,1633,5466,4534,10001,8977,1024,0,100,12336.4,18532104,24.5,40
n100k_d128_ip,100000,128,ip,correlated,0.0200,0.0200,2000,C_acorn_g8,acorn,ACORN,16,8,16,250,100,0.8624,4640.5,210.21,257.38,295.92,320.46,215.49,1697,1647,5587,4303,9891,8837,1054,0,100,19233.8,20264200,24.6,40
n100k_d128_ip,100000,128,ip,correlated,0.0200,0.0200,2000,C_acorn_g16,acorn,ACORN,16,16,16,250,100,0.8524,4649.2,209.58,251.83,319.00,339.29,215.09,1692,1643,5856,4463,10320,9013,1306,0,100,39363.7,23728392,24.6,40
n100k_d128_ip,100000,128,ip,correlated,0.0200,0.0200,2000,C_acorn_g32,acorn,ACORN,16,32,16,250,100,0.8633,4629.9,210.58,248.46,320.62,361.25,215.99,1696,1647,6032,4326,10359,8882,1477,0,100,99104.9,30656776,24.6,40
n100k_d128_ip,100000,128,ip,correlated,0.0200,0.0200,2000,A_std_standard,std,STANDARD,16,1,32,500,100,0.0367,2047.4,485.08,567.33,632.17,1036.12,488.42,2087,2087,2087,0,2087,0,0,513,4,11836.8,14033032,24.5,32
n100k_d128_ip,100000,128,ip,correlated,0.0200,0.0200,2000,B_std_acorn1,std,ACORN,16,1,32,500,100,0.9172,2285.7,426.42,511.38,593.54,613.12,437.51,2029,1943,10235,7033,17270,16396,873,0,100,11836.8,14033032,24.5,32
n100k_d128_ip,100000,128,ip,correlated,0.0200,0.0200,2000,D_large24_standard,large,STANDARD,24,1,48,500,100,0.0356,2047.4,489.12,545.96,634.21,641.88,488.43,2074,2074,2074,0,2074,0,0,507,3,10422.4,20424136,30.4,48
n100k_d128_ip,100000,128,ip,correlated,0.0200,0.0200,2000,E_large24_acorn1,large,ACORN,24,1,48,500,100,0.9184,2212.2,441.67,538.54,634.58,658.42,452.04,2044,1949,13450,8585,22037,20680,1356,0,100,10422.4,20424136,30.4,48
n100k_d128_ip,100000,128,ip,correlated,0.0200,0.0200,2000,D_large48_standard,large,STANDARD,48,1,96,500,100,0.0385,2002.9,498.29,571.04,625.58,699.96,499.27,2169,2169,2169,0,2169,0,0,505,4,9627.1,39618184,35.7,96
n100k_d128_ip,100000,128,ip,correlated,0.0200,0.0200,2000,E_large48_acorn1,large,ACORN,48,1,96,500,100,0.9310,1974.4,489.38,604.25,654.17,663.00,506.47,2170,1955,17287,21040,38328,26454,11873,0,100,9627.1,39618184,35.7,96
n100k_d128_ip,100000,128,ip,correlated,0.0200,0.0200,2000,C_acorn_g4,acorn,ACORN,16,4,16,500,100,0.9150,2244.0,432.67,543.25,611.96,632.17,445.63,1937,1889,11309,8259,19570,17471,2098,0,100,12336.4,18532104,24.5,40
n100k_d128_ip,100000,128,ip,correlated,0.0200,0.0200,2000,C_acorn_g8,acorn,ACORN,16,8,16,500,100,0.9145,2278.4,427.50,504.83,590.58,615.92,438.90,1946,1896,11444,7344,18790,16890,1899,0,100,19233.8,20264200,24.6,40
n100k_d128_ip,100000,128,ip,correlated,0.0200,0.0200,2000,C_acorn_g16,acorn,ACORN,16,16,16,500,100,0.9124,2264.2,433.71,523.04,605.83,608.71,441.65,1945,1895,11705,7804,19511,17361,2149,0,100,39363.7,23728392,24.6,40
n100k_d128_ip,100000,128,ip,correlated,0.0200,0.0200,2000,C_acorn_g32,acorn,ACORN,16,32,16,500,100,0.9142,2257.5,432.46,515.46,601.88,602.17,442.97,1944,1895,11900,7496,19398,17036,2361,0,100,99104.9,30656776,24.6,40
n100k_d128_ip,100000,128,ip,correlated,0.0100,0.0100,1000,F_exact,exact,EXACT,16,0,0,0,10,1.0000,5819.7,168.17,176.62,234.46,300.12,171.83,1000,0,0,0,100000,0,0,0,10,0.0,0,0.0,0
n100k_d128_ip,100000,128,ip,correlated,0.0100,0.0100,1000,A_std_standard,std,STANDARD,16,1,32,50,10,0.0620,14003.0,70.96,83.58,128.08,130.17,71.41,1037,1037,1037,0,1037,0,0,59,0,11836.8,14033032,24.5,32
n100k_d128_ip,100000,128,ip,correlated,0.0100,0.0100,1000,B_std_acorn1,std,ACORN,16,1,32,50,10,0.4380,7948.4,119.67,173.17,221.92,246.46,125.81,479,406,1074,18208,19283,3992,15290,0,10,11836.8,14033032,24.5,32
n100k_d128_ip,100000,128,ip,correlated,0.0100,0.0100,1000,D_large24_standard,large,STANDARD,24,1,48,50,10,0.0650,12569.1,80.25,94.00,103.29,159.00,79.56,1209,1209,1209,0,1209,0,0,57,0,10422.4,20424136,30.4,48
n100k_d128_ip,100000,128,ip,correlated,0.0100,0.0100,1000,E_large24_acorn1,large,ACORN,24,1,48,50,10,0.6730,5484.7,171.21,254.67,321.79,413.75,182.33,383,309,1407,34565,35974,5891,30082,0,10,10422.4,20424136,30.4,48
n100k_d128_ip,100000,128,ip,correlated,0.0100,0.0100,1000,D_large48_standard,large,STANDARD,48,1,96,50,10,0.0790,11363.2,87.46,113.50,127.67,166.21,88.00,1433,1433,1433,0,1433,0,0,56,0,9627.1,39618184,35.7,96
n100k_d128_ip,100000,128,ip,correlated,0.0100,0.0100,1000,E_large48_acorn1,large,ACORN,48,1,96,50,10,0.7200,3624.1,253.17,403.62,430.04,460.21,275.93,513,337,1756,59872,61630,9229,52400,0,10,9627.1,39618184,35.7,96
n100k_d128_ip,100000,128,ip,correlated,0.0100,0.0100,1000,C_acorn_g4,acorn,ACORN,16,4,16,50,10,0.0000,313387.3,3.12,3.42,3.58,3.75,3.19,1,1,182,536,719,0,719,0,0,12336.4,18532104,24.5,40
n100k_d128_ip,100000,128,ip,correlated,0.0100,0.0100,1000,C_acorn_g8,acorn,ACORN,16,8,16,50,10,0.0000,334642.9,2.79,3.38,3.38,14.08,2.99,1,1,311,588,900,0,900,0,0,19233.8,20264200,24.6,40
n100k_d128_ip,100000,128,ip,correlated,0.0100,0.0100,1000,C_acorn_g16,acorn,ACORN,16,16,16,50,10,0.6310,15562.6,58.88,95.83,122.75,129.42,64.26,311,271,1985,6205,8192,1330,6862,0,10,39363.7,23728392,24.6,40
n100k_d128_ip,100000,128,ip,correlated,0.0100,0.0100,1000,C_acorn_g32,acorn,ACORN,16,32,16,50,10,0.6290,15772.2,58.67,93.17,124.29,143.83,63.40,318,272,2193,6049,8244,1360,6883,0,10,99104.9,30656776,24.6,40
n100k_d128_ip,100000,128,ip,correlated,0.0100,0.0100,1000,A_std_standard,std,STANDARD,16,1,32,100,10,0.0780,8322.7,121.00,141.46,179.29,194.75,120.15,1461,1461,1461,0,1461,0,0,108,0,11836.8,14033032,24.5,32
n100k_d128_ip,100000,128,ip,correlated,0.0100,0.0100,1000,B_std_acorn1,std,ACORN,16,1,32,100,10,0.4410,3823.9,241.46,393.67,441.67,446.42,261.51,483,410,2307,41574,43882,9281,34600,0,10,11836.8,14033032,24.5,32
n100k_d128_ip,100000,128,ip,correlated,0.0100,0.0100,1000,D_large24_standard,large,STANDARD,24,1,48,100,10,0.0810,7695.7,130.58,161.88,184.21,255.29,129.94,1631,1631,1631,0,1631,0,0,107,0,10422.4,20424136,30.4,48
n100k_d128_ip,100000,128,ip,correlated,0.0100,0.0100,1000,E_large24_acorn1,large,ACORN,24,1,48,100,10,0.6740,2710.4,342.50,505.88,550.08,562.17,368.95,383,310,2915,73957,76874,12724,64149,0,10,10422.4,20424136,30.4,48
n100k_d128_ip,100000,128,ip,correlated,0.0100,0.0100,1000,D_large48_standard,large,STANDARD,48,1,96,100,10,0.0870,7408.8,139.54,150.79,157.04,192.21,134.97,1814,1814,1814,0,1814,0,0,106,0,9627.1,39618184,35.7,96
n100k_d128_ip,100000,128,ip,correlated,0.0100,0.0100,1000,E_large48_acorn1,large,ACORN,48,1,96,100,10,0.7660,1862.2,506.62,701.17,817.92,975.67,536.99,531,354,3566,122360,125927,19768,106158,0,10,9627.1,39618184,35.7,96
n100k_d128_ip,100000,128,ip,correlated,0.0100,0.0100,1000,C_acorn_g4,acorn,ACORN,16,4,16,100,10,0.0000,315874.9,3.17,3.42,3.50,3.58,3.17,1,1,182,536,719,0,719,0,0,12336.4,18532104,24.5,40
n100k_d128_ip,100000,128,ip,correlated,0.0100,0.0100,1000,C_acorn_g8,acorn,ACORN,16,8,16,100,10,0.0000,327422.3,2.92,3.42,3.42,3.46,3.05,1,1,311,588,900,0,900,0,0,19233.8,20264200,24.6,40
n100k_d128_ip,100000,128,ip,correlated,0.0100,0.0100,1000,C_acorn_g16,acorn,ACORN,16,16,16,100,10,0.6600,8909.6,101.38,162.17,221.96,243.71,112.24,341,301,3190,13009,16201,2745,13455,0,10,39363.7,23728392,24.6,40
n100k_d128_ip,100000,128,ip,correlated,0.0100,0.0100,1000,C_acorn_g32,acorn,ACORN,16,32,16,100,10,0.6670,8567.8,106.46,180.46,230.75,277.17,116.72,350,305,3399,12813,16213,2795,13418,0,10,99104.9,30656776,24.6,40
n100k_d128_ip,100000,128,ip,correlated,0.0100,0.0100,1000,A_std_standard,std,STANDARD,16,1,32,250,10,0.0920,4069.6,248.79,279.62,341.50,392.83,245.73,1920,1920,1920,0,1920,0,0,258,1,11836.8,14033032,24.5,32
n100k_d128_ip,100000,128,ip,correlated,0.0100,0.0100,1000,B_std_acorn1,std,ACORN,16,1,32,250,10,0.4410,1560.2,618.54,765.38,851.29,871.25,640.95,483,410,5909,109466,115377,24804,90572,0,10,11836.8,14033032,24.5,32
n100k_d128_ip,100000,128,ip,correlated,0.0100,0.0100,1000,D_large24_standard,large,STANDARD,24,1,48,250,10,0.0900,3961.7,253.83,279.54,399.54,407.46,252.42,1994,1994,1994,0,1994,0,0,257,0,10422.4,20424136,30.4,48
n100k_d128_ip,100000,128,ip,correlated,0.0100,0.0100,1000,E_large24_acorn1,large,ACORN,24,1,48,250,10,0.6740,1182.4,830.25,1080.25,1189.12,1399.17,845.73,383,310,6926,177674,184602,31639,152963,0,10,10422.4,20424136,30.4,48
n100k_d128_ip,100000,128,ip,correlated,0.0100,0.0100,1000,D_large48_standard,large,STANDARD,48,1,96,250,10,0.0920,3902.6,257.17,289.12,311.50,382.54,256.24,2102,2102,2102,0,2102,0,0,255,1,9627.1,39618184,35.7,96
n100k_d128_ip,100000,128,ip,correlated,0.0100,0.0100,1000,E_large48_acorn1,large,ACORN,48,1,96,250,10,0.9270,724.3,1333.92,1752.79,2063.62,2146.04,1380.55,629,453,9052,309153,318207,52725,265481,0,10,9627.1,39618184,35.7,96
n100k_d128_ip,100000,128,ip,correlated,0.0100,0.0100,1000,C_acorn_g4,acorn,ACORN,16,4,16,250,10,0.0000,347670.1,2.83,3.38,3.58,3.67,2.88,1,1,182,536,719,0,719,0,0,12336.4,18532104,24.5,40
n100k_d128_ip,100000,128,ip,correlated,0.0100,0.0100,1000,C_acorn_g8,acorn,ACORN,16,8,16,250,10,0.0000,343347.6,2.92,3.00,3.04,3.17,2.91,1,1,311,588,900,0,900,0,0,19233.8,20264200,24.6,40
n100k_d128_ip,100000,128,ip,correlated,0.0100,0.0100,1000,C_acorn_g16,acorn,ACORN,16,16,16,250,10,0.6620,3807.2,245.58,398.54,515.58,524.79,262.66,348,308,6399,31321,37721,6843,30878,0,10,39363.7,23728392,24.6,40
n100k_d128_ip,100000,128,ip,correlated,0.0100,0.0100,1000,C_acorn_g32,acorn,ACORN,16,32,16,250,10,0.6760,3750.8,246.75,407.42,490.38,529.58,266.61,359,314,6695,32061,38758,7084,31673,0,10,99104.9,30656776,24.6,40
n100k_d128_ip,100000,128,ip,correlated,0.0100,0.0100,1000,A_std_standard,std,STANDARD,16,1,32,500,10,0.0940,2052.7,481.92,591.42,665.88,1066.21,487.16,2087,2087,2087,0,2087,0,0,513,1,11836.8,14033032,24.5,32
n100k_d128_ip,100000,128,ip,correlated,0.0100,0.0100,1000,B_std_acorn1,std,ACORN,16,1,32,500,10,0.4410,937.9,1234.75,1501.62,1592.46,1662.92,1066.27,483,410,9637,175467,185106,42192,142913,0,10,11836.8,14033032,24.5,32
n100k_d128_ip,100000,128,ip,correlated,0.0100,0.0100,1000,D_large24_standard,large,STANDARD,24,1,48,500,10,0.0910,2051.0,488.75,539.62,647.54,648.88,487.58,2074,2074,2074,0,2074,0,0,507,0,10422.4,20424136,30.4,48
n100k_d128_ip,100000,128,ip,correlated,0.0100,0.0100,1000,E_large24_acorn1,large,ACORN,24,1,48,500,10,0.6740,886.6,1018.25,2073.38,2211.75,2418.25,1127.85,383,310,9035,229289,238325,42874,195451,0,10,10422.4,20424136,30.4,48
n100k_d128_ip,100000,128,ip,correlated,0.0100,0.0100,1000,D_large48_standard,large,STANDARD,48,1,96,500,10,0.0950,2008.1,497.38,569.58,656.96,657.38,497.99,2169,2169,2169,0,2169,0,0,505,1,9627.1,39618184,35.7,96
n100k_d128_ip,100000,128,ip,correlated,0.0100,0.0100,1000,E_large48_acorn1,large,ACORN,48,1,96,500,10,0.9700,360.2,2752.25,3056.88,3314.08,3488.96,2775.92,1118,942,17723,601379,619103,102569,516534,0,10,9627.1,39618184,35.7,96
n100k_d128_ip,100000,128,ip,correlated,0.0100,0.0100,1000,C_acorn_g4,acorn,ACORN,16,4,16,500,10,0.0000,294012.1,3.38,3.62,3.75,3.79,3.40,1,1,182,536,719,0,719,0,0,12336.4,18532104,24.5,40
n100k_d128_ip,100000,128,ip,correlated,0.0100,0.0100,1000,C_acorn_g8,acorn,ACORN,16,8,16,500,10,0.0000,306825.6,3.46,3.54,3.58,3.75,3.26,1,1,311,588,900,0,900,0,0,19233.8,20264200,24.6,40
n100k_d128_ip,100000,128,ip,correlated,0.0100,0.0100,1000,C_acorn_g16,acorn,ACORN,16,16,16,500,10,0.6620,2712.6,305.88,769.71,854.00,949.12,368.65,349,308,8129,40485,48615,9246,39369,0,10,39363.7,23728392,24.6,40
n100k_d128_ip,100000,128,ip,correlated,0.0100,0.0100,1000,C_acorn_g32,acorn,ACORN,16,32,16,500,10,0.6760,2798.9,303.71,773.58,817.71,931.50,357.28,360,314,8482,41809,50293,9608,40684,0,10,99104.9,30656776,24.6,40
n100k_d128_ip,100000,128,ip,correlated,0.0050,0.0050,500,F_exact,exact,EXACT,16,0,0,0,10,1.0000,7209.1,136.00,147.50,177.62,259.00,138.71,500,0,0,0,100000,0,0,0,10,0.0,0,0.0,0
n100k_d128_ip,100000,128,ip,correlated,0.0050,0.0050,500,A_std_standard,std,STANDARD,16,1,32,50,10,0.0190,13806.0,71.25,85.42,127.54,183.71,72.43,1037,1037,1037,0,1037,0,0,59,0,11836.8,14033032,24.5,32
n100k_d128_ip,100000,128,ip,correlated,0.0050,0.0050,500,B_std_acorn1,std,ACORN,16,1,32,50,10,0.0000,436994.2,2.25,2.38,2.62,3.12,2.29,1,1,36,625,662,0,662,0,0,11836.8,14033032,24.5,32
n100k_d128_ip,100000,128,ip,correlated,0.0050,0.0050,500,D_large24_standard,large,STANDARD,24,1,48,50,10,0.0200,12674.0,80.12,89.79,154.92,163.83,78.90,1209,1209,1209,0,1209,0,0,57,0,10422.4,20424136,30.4,48
n100k_d128_ip,100000,128,ip,correlated,0.0050,0.0050,500,E_large24_acorn1,large,ACORN,24,1,48,50,10,0.0000,248268.9,3.83,6.04,6.33,6.33,4.03,1,1,68,1282,1351,0,1351,0,0,10422.4,20424136,30.4,48
n100k_d128_ip,100000,128,ip,correlated,0.0050,0.0050,500,D_large48_standard,large,STANDARD,48,1,96,50,10,0.0220,11283.7,88.46,104.79,139.92,195.67,88.62,1433,1433,1433,0,1433,0,0,56,0,9627.1,39618184,35.7,96
n100k_d128_ip,100000,128,ip,correlated,0.0050,0.0050,500,E_large48_acorn1,large,ACORN,48,1,96,50,10,0.0000,88135.1,10.21,19.79,19.88,19.96,11.35,1,1,115,5264,5380,0,5380,0,0,9627.1,39618184,35.7,96
n100k_d128_ip,100000,128,ip,correlated,0.0050,0.0050,500,C_acorn_g4,acorn,ACORN,16,4,16,50,10,0.0000,394080.9,2.54,2.62,2.71,2.92,2.54,1,1,182,536,719,0,719,0,0,12336.4,18532104,24.5,40
n100k_d128_ip,100000,128,ip,correlated,0.0050,0.0050,500,C_acorn_g8,acorn,ACORN,16,8,16,50,10,0.0000,368550.8,2.71,2.79,2.83,2.96,2.71,1,1,311,588,900,0,900,0,0,19233.8,20264200,24.6,40
n100k_d128_ip,100000,128,ip,correlated,0.0050,0.0050,500,C_acorn_g16,acorn,ACORN,16,16,16,50,10,0.0000,292073.1,3.21,3.54,8.75,14.88,3.42,1,1,570,606,1177,0,1177,0,0,39363.7,23728392,24.6,40
n100k_d128_ip,100000,128,ip,correlated,0.0050,0.0050,500,C_acorn_g32,acorn,ACORN,16,32,16,50,10,0.3890,16982.6,56.62,70.21,76.25,94.12,58.88,395,358,2999,4836,7836,1563,6272,0,10,99104.9,30656776,24.6,40
n100k_d128_ip,100000,128,ip,correlated,0.0050,0.0050,500,A_std_standard,std,STANDARD,16,1,32,100,10,0.0260,8205.5,120.96,144.38,196.71,276.29,121.87,1461,1461,1461,0,1461,0,0,108,0,11836.8,14033032,24.5,32
n100k_d128_ip,100000,128,ip,correlated,0.0050,0.0050,500,B_std_acorn1,std,ACORN,16,1,32,100,10,0.0000,338741.9,2.54,3.96,4.08,4.17,2.95,1,1,36,625,662,0,662,0,0,11836.8,14033032,24.5,32
n100k_d128_ip,100000,128,ip,correlated,0.0050,0.0050,500,D_large24_standard,large,STANDARD,24,1,48,100,10,0.0240,7877.8,129.42,140.79,158.75,253.42,126.94,1631,1631,1631,0,1631,0,0,107,0,10422.4,20424136,30.4,48
n100k_d128_ip,100000,128,ip,correlated,0.0050,0.0050,500,E_large24_acorn1,large,ACORN,24,1,48,100,10,0.0000,225542.2,3.62,5.88,5.92,6.04,4.43,1,1,68,1282,1351,0,1351,0,0,10422.4,20424136,30.4,48
n100k_d128_ip,100000,128,ip,correlated,0.0050,0.0050,500,D_large48_standard,large,STANDARD,48,1,96,100,10,0.0240,7347.0,137.29,149.92,166.62,284.17,136.11,1814,1814,1814,0,1814,0,0,106,0,9627.1,39618184,35.7,96
n100k_d128_ip,100000,128,ip,correlated,0.0050,0.0050,500,E_large48_acorn1,large,ACORN,48,1,96,100,10,0.0000,81552.1,10.50,19.83,19.83,19.88,12.26,1,1,115,5264,5380,0,5380,0,0,9627.1,39618184,35.7,96
n100k_d128_ip,100000,128,ip,correlated,0.0050,0.0050,500,C_acorn_g4,acorn,ACORN,16,4,16,100,10,0.0000,380646.4,2.62,2.67,2.79,3.00,2.63,1,1,182,536,719,0,719,0,0,12336.4,18532104,24.5,40
n100k_d128_ip,100000,128,ip,correlated,0.0050,0.0050,500,C_acorn_g8,acorn,ACORN,16,8,16,100,10,0.0000,349099.8,2.88,2.92,3.08,3.17,2.86,1,1,311,588,900,0,900,0,0,19233.8,20264200,24.6,40
n100k_d128_ip,100000,128,ip,correlated,0.0050,0.0050,500,C_acorn_g16,acorn,ACORN,16,16,16,100,10,0.0000,299139.7,3.33,3.42,3.46,3.50,3.34,1,1,570,606,1177,0,1177,0,0,39363.7,23728392,24.6,40
n100k_d128_ip,100000,128,ip,correlated,0.0050,0.0050,500,C_acorn_g32,acorn,ACORN,16,32,16,100,10,0.4240,9250.3,103.42,151.58,169.62,173.83,108.10,443,407,4197,10526,14724,3247,11476,0,10,99104.9,30656776,24.6,40
n100k_d128_ip,100000,128,ip,correlated,0.0050,0.0050,500,A_std_standard,std,STANDARD,16,1,32,250,10,0.0270,4083.9,248.12,288.62,338.88,349.08,244.86,1920,1920,1920,0,1920,0,0,258,0,11836.8,14033032,24.5,32
n100k_d128_ip,100000,128,ip,correlated,0.0050,0.0050,500,B_std_acorn1,std,ACORN,16,1,32,250,10,0.0000,276849.6,3.58,3.75,3.96,4.38,3.61,1,1,36,625,662,0,662,0,0,11836.8,14033032,24.5,32
n100k_d128_ip,100000,128,ip,correlated,0.0050,0.0050,500,D_large24_standard,large,STANDARD,24,1,48,250,10,0.0270,3930.6,255.08,292.50,365.83,389.62,254.41,1994,1994,1994,0,1994,0,0,257,0,10422.4,20424136,30.4,48
n100k_d128_ip,100000,128,ip,correlated,0.0050,0.0050,500,E_large24_acorn1,large,ACORN,24,1,48,250,10,0.0000,242521.3,4.04,4.38,5.25,5.46,4.12,1,1,68,1282,1351,0,1351,0,0,10422.4,20424136,30.4,48
n100k_d128_ip,100000,128,ip,correlated,0.0050,0.0050,500,D_large48_standard,large,STANDARD,48,1,96,250,10,0.0270,3888.1,260.00,297.96,331.58,342.54,257.20,2102,2102,2102,0,2102,0,0,255,0,9627.1,39618184,35.7,96
n100k_d128_ip,100000,128,ip,correlated,0.0050,0.0050,500,E_large48_acorn1,large,ACORN,48,1,96,250,10,0.0000,89435.4,10.33,19.75,19.83,19.88,11.18,1,1,115,5264,5380,0,5380,0,0,9627.1,39618184,35.7,96
n100k_d128_ip,100000,128,ip,correlated,0.0050,0.0050,500,C_acorn_g4,acorn,ACORN,16,4,16,250,10,0.0000,404923.9,2.46,2.54,2.71,2.83,2.47,1,1,182,536,719,0,719,0,0,12336.4,18532104,24.5,40
n100k_d128_ip,100000,128,ip,correlated,0.0050,0.0050,500,C_acorn_g8,acorn,ACORN,16,8,16,250,10,0.0000,362710.5,2.75,2.88,3.38,3.38,2.76,1,1,311,588,900,0,900,0,0,19233.8,20264200,24.6,40
n100k_d128_ip,100000,128,ip,correlated,0.0050,0.0050,500,C_acorn_g16,acorn,ACORN,16,16,16,250,10,0.0000,230837.1,3.25,9.50,24.50,51.96,4.33,1,1,570,606,1177,0,1177,0,0,39363.7,23728392,24.6,40
n100k_d128_ip,100000,128,ip,correlated,0.0050,0.0050,500,C_acorn_g32,acorn,ACORN,16,32,16,250,10,0.4300,3739.8,256.71,327.54,440.00,442.50,267.39,461,425,7865,30749,38615,9051,29563,0,10,99104.9,30656776,24.6,40
n100k_d128_ip,100000,128,ip,correlated,0.0050,0.0050,500,A_std_standard,std,STANDARD,16,1,32,500,10,0.0270,2061.9,479.92,606.62,666.12,1035.54,484.99,2087,2087,2087,0,2087,0,0,513,0,11836.8,14033032,24.5,32
n100k_d128_ip,100000,128,ip,correlated,0.0050,0.0050,500,B_std_acorn1,std,ACORN,16,1,32,500,10,0.0000,300190.3,3.29,3.58,3.71,4.17,3.33,1,1,36,625,662,0,662,0,0,11836.8,14033032,24.5,32
n100k_d128_ip,100000,128,ip,correlated,0.0050,0.0050,500,D_large24_standard,large,STANDARD,24,1,48,500,10,0.0270,1989.8,496.54,607.21,719.42,822.67,502.56,2074,2074,2074,0,2074,0,0,507,0,10422.4,20424136,30.4,48
n100k_d128_ip,100000,128,ip,correlated,0.0050,0.0050,500,E_large24_acorn1,large,ACORN,24,1,48,500,10,0.0000,259768.6,3.83,3.96,4.08,4.58,3.85,1,1,68,1282,1351,0,1351,0,0,10422.4,20424136,30.4,48
n100k_d128_ip,100000,128,ip,correlated,0.0050,0.0050,500,D_large48_standard,large,STANDARD,48,1,96,500,10,0.0270,1925.6,511.12,658.42,715.96,735.79,519.33,2169,2169,2169,0,2169,0,0,505,0,9627.1,39618184,35.7,96
n100k_d128_ip,100000,128,ip,correlated,0.0050,0.0050,500,E_large48_acorn1,large,ACORN,48,1,96,500,10,0.0000,76067.1,13.04,13.29,15.33,19.33,13.15,1,1,115,5264,5380,0,5380,0,0,9627.1,39618184,35.7,96
n100k_d128_ip,100000,128,ip,correlated,0.0050,0.0050,500,C_acorn_g4,acorn,ACORN,16,4,16,500,10,0.0000,391584.1,2.54,2.67,2.71,2.92,2.55,1,1,182,536,719,0,719,0,0,12336.4,18532104,24.5,40
n100k_d128_ip,100000,128,ip,correlated,0.0050,0.0050,500,C_acorn_g8,acorn,ACORN,16,8,16,500,10,0.0000,344874.0,2.83,3.50,3.58,3.58,2.90,1,1,311,588,900,0,900,0,0,19233.8,20264200,24.6,40
n100k_d128_ip,100000,128,ip,correlated,0.0050,0.0050,500,C_acorn_g16,acorn,ACORN,16,16,16,500,10,0.0000,293905.9,3.33,4.12,4.12,4.12,3.40,1,1,570,606,1177,0,1177,0,0,39363.7,23728392,24.6,40
n100k_d128_ip,100000,128,ip,correlated,0.0050,0.0050,500,C_acorn_g32,acorn,ACORN,16,32,16,500,10,0.4320,1991.2,467.54,649.71,881.42,932.00,502.22,463,427,12163,54307,66472,15785,50687,0,10,99104.9,30656776,24.6,40
n100k_d128_ip,100000,128,ip,correlated,0.0010,0.0010,100,F_exact,exact,EXACT,16,0,0,0,10,1.0000,8410.6,112.71,163.83,173.71,174.92,118.90,100,0,0,0,100000,0,0,0,10,0.0,0,0.0,0
n100k_d128_ip,100000,128,ip,correlated,0.0010,0.0010,100,A_std_standard,std,STANDARD,16,1,32,50,10,0.0200,11131.0,78.46,148.17,243.38,246.17,89.84,1037,1037,1037,0,1037,0,0,59,0,11836.8,14033032,24.5,32
n100k_d128_ip,100000,128,ip,correlated,0.0010,0.0010,100,B_std_acorn1,std,ACORN,16,1,32,50,10,0.0000,288045.0,3.54,3.67,3.83,3.96,3.47,1,1,36,625,662,0,662,0,0,11836.8,14033032,24.5,32
n100k_d128_ip,100000,128,ip,correlated,0.0010,0.0010,100,D_large24_standard,large,STANDARD,24,1,48,50,10,0.0220,12101.6,82.21,93.50,178.67,182.58,82.63,1209,1209,1209,0,1209,0,0,57,0,10422.4,20424136,30.4,48
n100k_d128_ip,100000,128,ip,correlated,0.0010,0.0010,100,E_large24_acorn1,large,ACORN,24,1,48,50,10,0.0000,270789.9,3.67,3.83,3.96,4.58,3.69,1,1,68,1282,1351,0,1351,0,0,10422.4,20424136,30.4,48
n100k_d128_ip,100000,128,ip,correlated,0.0010,0.0010,100,D_large48_standard,large,STANDARD,48,1,96,50,10,0.0240,8299.7,115.04,177.33,206.00,225.25,120.49,1433,1433,1433,0,1433,0,0,56,0,9627.1,39618184,35.7,96
n100k_d128_ip,100000,128,ip,correlated,0.0010,0.0010,100,E_large48_acorn1,large,ACORN,48,1,96,50,10,0.0000,70331.5,11.88,19.75,42.92,70.46,14.22,1,1,115,5264,5380,0,5380,0,0,9627.1,39618184,35.7,96
n100k_d128_ip,100000,128,ip,correlated,0.0010,0.0010,100,C_acorn_g4,acorn,ACORN,16,4,16,50,10,0.0000,383584.1,2.33,2.88,6.71,20.04,2.61,1,1,182,536,719,0,719,0,0,12336.4,18532104,24.5,40
n100k_d128_ip,100000,128,ip,correlated,0.0010,0.0010,100,C_acorn_g8,acorn,ACORN,16,8,16,50,10,0.0000,315169.1,2.67,3.12,13.96,19.25,3.17,1,1,311,588,900,0,900,0,0,19233.8,20264200,24.6,40
n100k_d128_ip,100000,128,ip,correlated,0.0010,0.0010,100,C_acorn_g16,acorn,ACORN,16,16,16,50,10,0.0000,242817.5,3.58,4.38,17.79,27.42,4.12,1,1,570,606,1177,0,1177,0,0,39363.7,23728392,24.6,40
n100k_d128_ip,100000,128,ip,correlated,0.0010,0.0010,100,C_acorn_g32,acorn,ACORN,16,32,16,50,10,0.0000,274004.1,3.17,6.21,15.00,17.25,3.65,1,1,911,236,1148,0,1148,0,0,99104.9,30656776,24.6,40
n100k_d128_ip,100000,128,ip,correlated,0.0010,0.0010,100,A_std_standard,std,STANDARD,16,1,32,100,10,0.0230,6222.6,150.79,247.38,301.21,348.33,160.71,1461,1461,1461,0,1461,0,0,108,0,11836.8,14033032,24.5,32
n100k_d128_ip,100000,128,ip,correlated,0.0010,0.0010,100,B_std_acorn1,std,ACORN,16,1,32,100,10,0.0000,389170.2,2.38,2.62,3.96,15.29,2.57,1,1,36,625,662,0,662,0,0,11836.8,14033032,24.5,32
n100k_d128_ip,100000,128,ip,correlated,0.0010,0.0010,100,D_large24_standard,large,STANDARD,24,1,48,100,10,0.0290,5205.5,178.00,291.54,346.46,369.42,192.10,1631,1631,1631,0,1631,0,0,107,0,10422.4,20424136,30.4,48
n100k_d128_ip,100000,128,ip,correlated,0.0010,0.0010,100,E_large24_acorn1,large,ACORN,24,1,48,100,10,0.0000,147493.7,3.88,24.25,32.71,47.08,6.78,1,1,68,1282,1351,0,1351,0,0,10422.4,20424136,30.4,48
n100k_d128_ip,100000,128,ip,correlated,0.0010,0.0010,100,D_large48_standard,large,STANDARD,48,1,96,100,10,0.0330,5052.7,194.21,298.79,322.62,361.12,197.91,1814,1814,1814,0,1814,0,0,106,0,9627.1,39618184,35.7,96
n100k_d128_ip,100000,128,ip,correlated,0.0010,0.0010,100,E_large48_acorn1,large,ACORN,48,1,96,100,10,0.0000,70917.8,10.42,35.04,44.58,46.71,14.10,1,1,115,5264,5380,0,5380,0,0,9627.1,39618184,35.7,96
n100k_d128_ip,100000,128,ip,correlated,0.0010,0.0010,100,C_acorn_g4,acorn,ACORN,16,4,16,100,10,0.0000,365850.1,2.38,2.92,10.75,12.62,2.73,1,1,182,536,719,0,719,0,0,12336.4,18532104,24.5,40
n100k_d128_ip,100000,128,ip,correlated,0.0010,0.0010,100,C_acorn_g8,acorn,ACORN,16,8,16,100,10,0.0000,248832.4,2.75,5.79,34.38,39.88,4.02,1,1,311,588,900,0,900,0,0,19233.8,20264200,24.6,40
n100k_d128_ip,100000,128,ip,correlated,0.0010,0.0010,100,C_acorn_g16,acorn,ACORN,16,16,16,100,10,0.0000,193326.4,5.04,11.17,18.54,24.33,5.17,1,1,570,606,1177,0,1177,0,0,39363.7,23728392,24.6,40
n100k_d128_ip,100000,128,ip,correlated,0.0010,0.0010,100,C_acorn_g32,acorn,ACORN,16,32,16,100,10,0.0000,304952.4,2.83,5.25,5.71,9.12,3.28,1,1,911,236,1148,0,1148,0,0,99104.9,30656776,24.6,40
n100k_d128_ip,100000,128,ip,correlated,0.0010,0.0010,100,A_std_standard,std,STANDARD,16,1,32,250,10,0.0320,2033.0,325.00,893.92,2756.21,9986.96,491.89,1920,1920,1920,0,1920,0,0,258,0,11836.8,14033032,24.5,32
n100k_d128_ip,100000,128,ip,correlated,0.0010,0.0010,100,B_std_acorn1,std,ACORN,16,1,32,250,10,0.0000,397145.3,2.50,2.75,2.96,3.04,2.52,1,1,36,625,662,0,662,0,0,11836.8,14033032,24.5,32
n100k_d128_ip,100000,128,ip,correlated,0.0010,0.0010,100,D_large24_standard,large,STANDARD,24,1,48,250,10,0.0350,2303.4,360.17,958.08,1506.83,1659.08,434.13,1994,1994,1994,0,1994,0,0,257,0,10422.4,20424136,30.4,48
n100k_d128_ip,100000,128,ip,correlated,0.0010,0.0010,100,E_large24_acorn1,large,ACORN,24,1,48,250,10,0.0000,166435.9,5.79,6.75,7.79,7.92,6.01,1,1,68,1282,1351,0,1351,0,0,10422.4,20424136,30.4,48
n100k_d128_ip,100000,128,ip,correlated,0.0010,0.0010,100,D_large48_standard,large,STANDARD,48,1,96,250,10,0.0360,2155.6,419.46,728.38,903.50,1388.33,463.91,2102,2102,2102,0,2102,0,0,255,0,9627.1,39618184,35.7,96
n100k_d128_ip,100000,128,ip,correlated,0.0010,0.0010,100,E_large48_acorn1,large,ACORN,48,1,96,250,10,0.0000,59121.9,15.79,16.96,29.38,93.54,16.91,1,1,115,5264,5380,0,5380,0,0,9627.1,39618184,35.7,96
n100k_d128_ip,100000,128,ip,correlated,0.0010,0.0010,100,C_acorn_g4,acorn,ACORN,16,4,16,250,10,0.0000,308801.1,3.21,3.38,3.96,4.00,3.24,1,1,182,536,719,0,719,0,0,12336.4,18532104,24.5,40
n100k_d128_ip,100000,128,ip,correlated,0.0010,0.0010,100,C_acorn_g8,acorn,ACORN,16,8,16,250,10,0.0000,268400.9,3.67,4.33,4.50,4.58,3.73,1,1,311,588,900,0,900,0,0,19233.8,20264200,24.6,40
n100k_d128_ip,100000,128,ip,correlated,0.0010,0.0010,100,C_acorn_g16,acorn,ACORN,16,16,16,250,10,0.0000,194630.5,4.46,5.38,15.92,47.08,5.14,1,1,570,606,1177,0,1177,0,0,39363.7,23728392,24.6,40
n100k_d128_ip,100000,128,ip,correlated,0.0010,0.0010,100,C_acorn_g32,acorn,ACORN,16,32,16,250,10,0.0000,205478.5,3.96,4.12,4.58,94.17,4.87,1,1,911,236,1148,0,1148,0,0,99104.9,30656776,24.6,40
n100k_d128_ip,100000,128,ip,correlated,0.0010,0.0010,100,A_std_standard,std,STANDARD,16,1,32,500,10,0.0350,1463.5,650.29,925.12,1384.92,1474.54,683.29,2087,2087,2087,0,2087,0,0,513,0,11836.8,14033032,24.5,32
n100k_d128_ip,100000,128,ip,correlated,0.0010,0.0010,100,B_std_acorn1,std,ACORN,16,1,32,500,10,0.0000,230591.7,4.29,4.67,5.33,5.50,4.34,1,1,36,625,662,0,662,0,0,11836.8,14033032,24.5,32
n100k_d128_ip,100000,128,ip,correlated,0.0010,0.0010,100,D_large24_standard,large,STANDARD,24,1,48,500,10,0.0370,1715.8,574.79,734.96,849.38,860.29,582.80,2074,2074,2074,0,2074,0,0,507,0,10422.4,20424136,30.4,48
n100k_d128_ip,100000,128,ip,correlated,0.0010,0.0010,100,E_large24_acorn1,large,ACORN,24,1,48,500,10,0.0000,126896.6,4.83,16.04,45.38,52.79,7.88,1,1,68,1282,1351,0,1351,0,0,10422.4,20424136,30.4,48
n100k_d128_ip,100000,128,ip,correlated,0.0010,0.0010,100,D_large48_standard,large,STANDARD,48,1,96,500,10,0.0360,1795.0,542.33,709.46,822.08,880.71,557.10,2169,2169,2169,0,2169,0,0,505,0,9627.1,39618184,35.7,96
n100k_d128_ip,100000,128,ip,correlated,0.0010,0.0010,100,E_large48_acorn1,large,ACORN,48,1,96,500,10,0.0000,73994.0,10.29,31.88,39.12,48.71,13.51,1,1,115,5264,5380,0,5380,0,0,9627.1,39618184,35.7,96
n100k_d128_ip,100000,128,ip,correlated,0.0010,0.0010,100,C_acorn_g4,acorn,ACORN,16,4,16,500,10,0.0000,404042.0,2.46,2.62,2.79,2.96,2.47,1,1,182,536,719,0,719,0,0,12336.4,18532104,24.5,40
n100k_d128_ip,100000,128,ip,correlated,0.0010,0.0010,100,C_acorn_g8,acorn,ACORN,16,8,16,500,10,0.0000,365743.0,2.71,2.83,2.96,3.04,2.73,1,1,311,588,900,0,900,0,0,19233.8,20264200,24.6,40
n100k_d128_ip,100000,128,ip,correlated,0.0010,0.0010,100,C_acorn_g16,acorn,ACORN,16,16,16,500,10,0.0000,308961.4,3.21,3.33,3.33,3.38,3.24,1,1,570,606,1177,0,1177,0,0,39363.7,23728392,24.6,40
n100k_d128_ip,100000,128,ip,correlated,0.0010,0.0010,100,C_acorn_g32,acorn,ACORN,16,32,16,500,10,0.0000,324324.7,3.08,3.17,3.17,3.21,3.08,1,1,911,236,1148,0,1148,0,0,99104.9,30656776,24.6,40
n100k_d128_ip,100000,128,ip,cluster,0.5000,0.5000,50000,F_exact,exact,EXACT,16,0,0,0,10,1.0000,207.7,4769.21,5661.25,5763.62,5768.79,4815.34,50000,0,0,0,100000,0,0,0,10,0.0,0,0.0,0
n100k_d128_ip,100000,128,ip,cluster,0.5000,0.5000,50000,A_std_standard,std,STANDARD,16,1,32,50,10,0.6060,11932.0,78.50,126.25,151.88,160.67,83.81,1037,1037,1037,0,1037,0,0,59,6,11836.8,14033032,24.5,32
n100k_d128_ip,100000,128,ip,cluster,0.5000,0.5000,50000,B_std_acorn1,std,ACORN,16,1,32,50,10,0.6230,6736.7,123.96,286.46,366.33,403.67,148.44,1111,1006,511,5673,6186,2397,3789,0,10,11836.8,14033032,24.5,32
n100k_d128_ip,100000,128,ip,cluster,0.5000,0.5000,50000,D_large24_standard,large,STANDARD,24,1,48,50,10,0.6480,10862.6,85.12,142.38,198.75,217.92,92.06,1209,1209,1209,0,1209,0,0,57,6,10422.4,20424136,30.4,48
n100k_d128_ip,100000,128,ip,cluster,0.5000,0.5000,50000,E_large24_acorn1,large,ACORN,24,1,48,50,10,0.7330,5910.1,140.29,334.58,490.88,519.08,169.20,1331,1192,652,8249,8902,3477,5424,0,10,10422.4,20424136,30.4,48
n100k_d128_ip,100000,128,ip,cluster,0.5000,0.5000,50000,D_large48_standard,large,STANDARD,48,1,96,50,10,0.6500,10621.4,92.08,123.58,150.54,157.21,94.15,1433,1433,1433,0,1433,0,0,56,7,9627.1,39618184,35.7,96
n100k_d128_ip,100000,128,ip,cluster,0.5000,0.5000,50000,E_large48_acorn1,large,ACORN,48,1,96,50,10,0.8200,4103.4,208.29,479.12,534.67,633.83,243.70,1876,1663,1157,14697,15856,6653,9203,0,10,9627.1,39618184,35.7,96
n100k_d128_ip,100000,128,ip,cluster,0.5000,0.5000,50000,C_acorn_g4,acorn,ACORN,16,4,16,50,10,0.5720,10320.8,94.17,157.58,174.17,198.67,96.89,878,790,1176,1403,2580,1861,719,0,10,12336.4,18532104,24.5,40
n100k_d128_ip,100000,128,ip,cluster,0.5000,0.5000,50000,C_acorn_g8,acorn,ACORN,16,8,16,50,10,0.5740,8060.0,109.25,211.04,299.08,353.33,124.07,895,808,1182,1399,2582,1868,713,0,10,19233.8,20264200,24.6,40
n100k_d128_ip,100000,128,ip,cluster,0.5000,0.5000,50000,C_acorn_g16,acorn,ACORN,16,16,16,50,10,0.5870,9008.4,100.04,188.54,336.17,350.04,111.01,911,824,1190,1444,2635,1873,761,0,10,39363.7,23728392,24.6,40
n100k_d128_ip,100000,128,ip,cluster,0.5000,0.5000,50000,C_acorn_g32,acorn,ACORN,16,32,16,50,10,0.5570,10720.3,86.71,143.54,207.17,254.92,93.28,868,783,1191,1492,2684,1818,865,0,10,99104.9,30656776,24.6,40
n100k_d128_ip,100000,128,ip,cluster,0.5000,0.5000,50000,A_std_standard,std,STANDARD,16,1,32,100,10,0.6810,7460.5,130.54,185.33,241.71,327.92,134.04,1461,1461,1461,0,1461,0,0,108,7,11836.8,14033032,24.5,32
n100k_d128_ip,100000,128,ip,cluster,0.5000,0.5000,50000,B_std_acorn1,std,ACORN,16,1,32,100,10,0.7660,4068.2,201.83,450.54,565.58,630.54,245.81,1512,1407,1214,11093,12309,4916,7392,0,10,11836.8,14033032,24.5,32
n100k_d128_ip,100000,128,ip,cluster,0.5000,0.5000,50000,D_large24_standard,large,STANDARD,24,1,48,100,10,0.6900,7636.7,133.54,153.96,174.21,198.92,130.95,1631,1631,1631,0,1631,0,0,107,7,10422.4,20424136,30.4,48
n100k_d128_ip,100000,128,ip,cluster,0.5000,0.5000,50000,E_large24_acorn1,large,ACORN,24,1,48,100,10,0.8450,3841.4,212.96,547.96,607.62,657.33,260.32,1686,1547,1725,16169,17896,7329,10566,0,10,10422.4,20424136,30.4,48
n100k_d128_ip,100000,128,ip,cluster,0.5000,0.5000,50000,D_large48_standard,large,STANDARD,48,1,96,100,10,0.6930,7303.5,139.21,158.29,185.83,244.12,136.92,1814,1814,1814,0,1814,0,0,106,8,9627.1,39618184,35.7,96
n100k_d128_ip,100000,128,ip,cluster,0.5000,0.5000,50000,E_large48_acorn1,large,ACORN,48,1,96,100,10,0.8800,2793.1,271.62,807.17,934.50,998.00,358.03,2153,1941,2978,28747,31727,12951,18776,0,10,9627.1,39618184,35.7,96
n100k_d128_ip,100000,128,ip,cluster,0.5000,0.5000,50000,C_acorn_g4,acorn,ACORN,16,4,16,100,10,0.6440,6505.8,148.88,229.79,284.04,302.83,153.71,1180,1092,2210,2865,5076,3567,1509,0,10,12336.4,18532104,24.5,40
n100k_d128_ip,100000,128,ip,cluster,0.5000,0.5000,50000,C_acorn_g8,acorn,ACORN,16,8,16,100,10,0.6610,6508.6,147.58,228.71,290.88,352.62,153.64,1218,1131,2237,2857,5095,3613,1481,0,10,19233.8,20264200,24.6,40
n100k_d128_ip,100000,128,ip,cluster,0.5000,0.5000,50000,C_acorn_g16,acorn,ACORN,16,16,16,100,10,0.6790,6488.1,151.33,223.29,250.08,256.42,154.13,1237,1150,2235,2913,5149,3617,1531,0,10,39363.7,23728392,24.6,40
n100k_d128_ip,100000,128,ip,cluster,0.5000,0.5000,50000,C_acorn_g32,acorn,ACORN,16,32,16,100,10,0.6470,6408.3,145.25,252.62,316.04,359.50,156.05,1207,1122,2304,3303,5609,3638,1970,0,10,99104.9,30656776,24.6,40
n100k_d128_ip,100000,128,ip,cluster,0.5000,0.5000,50000,A_std_standard,std,STANDARD,16,1,32,250,10,0.6970,3994.2,253.38,315.83,345.50,349.79,250.36,1920,1920,1920,0,1920,0,0,258,7,11836.8,14033032,24.5,32
n100k_d128_ip,100000,128,ip,cluster,0.5000,0.5000,50000,B_std_acorn1,std,ACORN,16,1,32,250,10,0.8410,2240.3,349.46,863.29,920.58,1181.25,446.37,1929,1825,4581,25604,30187,13444,16742,0,10,11836.8,14033032,24.5,32
n100k_d128_ip,100000,128,ip,cluster,0.5000,0.5000,50000,D_large24_standard,large,STANDARD,24,1,48,250,10,0.7000,3895.6,255.75,297.21,395.12,436.42,256.70,1994,1994,1994,0,1994,0,0,257,7,10422.4,20424136,30.4,48
n100k_d128_ip,100000,128,ip,cluster,0.5000,0.5000,50000,E_large24_acorn1,large,ACORN,24,1,48,250,10,0.9070,1795.9,395.38,1203.38,1512.75,1862.54,556.81,2030,1892,6312,38587,44901,19221,25679,0,10,10422.4,20424136,30.4,48
n100k_d128_ip,100000,128,ip,cluster,0.5000,0.5000,50000,D_large48_standard,large,STANDARD,48,1,96,250,10,0.7030,3878.7,258.21,293.08,327.83,636.83,257.82,2102,2102,2102,0,2102,0,0,255,8,9627.1,39618184,35.7,96
n100k_d128_ip,100000,128,ip,cluster,0.5000,0.5000,50000,E_large48_acorn1,large,ACORN,48,1,96,250,10,0.9380,1516.8,437.29,1589.71,1677.67,1870.00,659.30,2616,2403,8838,61304,70144,29120,41024,0,10,9627.1,39618184,35.7,96
n100k_d128_ip,100000,128,ip,cluster,0.5000,0.5000,50000,C_acorn_g4,acorn,ACORN,16,4,16,250,10,0.7200,3103.2,314.71,465.96,500.33,514.21,322.24,1641,1554,5575,7009,12585,8856,3729,0,10,12336.4,18532104,24.5,40
n100k_d128_ip,100000,128,ip,cluster,0.5000,0.5000,50000,C_acorn_g8,acorn,ACORN,16,8,16,250,10,0.7230,2726.3,326.54,687.21,1007.46,1112.92,366.80,1676,1588,5626,7490,13117,8920,4197,0,10,19233.8,20264200,24.6,40
n100k_d128_ip,100000,128,ip,cluster,0.5000,0.5000,50000,C_acorn_g16,acorn,ACORN,16,16,16,250,10,0.7440,2610.5,339.33,592.62,875.33,1077.33,383.07,1779,1692,5649,7291,12942,9060,3881,0,10,39363.7,23728392,24.6,40
n100k_d128_ip,100000,128,ip,cluster,0.5000,0.5000,50000,C_acorn_g32,acorn,ACORN,16,32,16,250,10,0.6990,2595.2,342.38,656.38,1009.88,1020.79,385.33,1688,1603,5679,8315,13995,8984,5011,0,10,99104.9,30656776,24.6,40
n100k_d128_ip,100000,128,ip,cluster,0.5000,0.5000,50000,A_std_standard,std,STANDARD,16,1,32,500,10,0.7110,1822.8,509.12,766.75,1175.46,1222.46,548.62,2087,2087,2087,0,2087,0,0,513,7,11836.8,14033032,24.5,32
n100k_d128_ip,100000,128,ip,cluster,0.5000,0.5000,50000,B_std_acorn1,std,ACORN,16,1,32,500,10,0.8920,1166.1,649.00,1690.79,2048.79,2175.25,857.54,2326,2221,10799,39628,50428,25595,24833,0,10,11836.8,14033032,24.5,32
n100k_d128_ip,100000,128,ip,cluster,0.5000,0.5000,50000,D_large24_standard,large,STANDARD,24,1,48,500,10,0.7020,1922.9,503.75,676.88,754.42,766.71,520.04,2074,2074,2074,0,2074,0,0,507,8,10422.4,20424136,30.4,48
n100k_d128_ip,100000,128,ip,cluster,0.5000,0.5000,50000,E_large24_acorn1,large,ACORN,24,1,48,500,10,0.9110,1080.4,661.88,2178.88,2417.08,3155.00,925.58,2442,2304,14015,57544,71560,35226,36334,0,10,10422.4,20424136,30.4,48
n100k_d128_ip,100000,128,ip,cluster,0.5000,0.5000,50000,D_large48_standard,large,STANDARD,48,1,96,500,10,0.7100,1855.9,512.38,710.42,810.12,1170.04,538.84,2169,2169,2169,0,2169,0,0,505,9,9627.1,39618184,35.7,96
n100k_d128_ip,100000,128,ip,cluster,0.5000,0.5000,50000,E_large48_acorn1,large,ACORN,48,1,96,500,10,0.9610,853.3,781.29,2609.88,3219.04,4320.04,1171.89,3134,2921,18338,91976,110316,52093,58222,0,10,9627.1,39618184,35.7,96
n100k_d128_ip,100000,128,ip,cluster,0.5000,0.5000,50000,C_acorn_g4,acorn,ACORN,16,4,16,500,10,0.7340,1512.0,614.42,972.21,1150.79,1261.71,661.39,1966,1878,11589,11270,22861,17250,5610,0,10,12336.4,18532104,24.5,40
n100k_d128_ip,100000,128,ip,cluster,0.5000,0.5000,50000,C_acorn_g8,acorn,ACORN,16,8,16,500,10,0.7470,1461.8,619.08,1045.21,1143.21,1275.08,684.10,2071,1983,11740,11846,23587,17512,6074,0,10,19233.8,20264200,24.6,40
n100k_d128_ip,100000,128,ip,cluster,0.5000,0.5000,50000,C_acorn_g16,acorn,ACORN,16,16,16,500,10,0.7670,1341.9,653.25,1341.54,1665.71,1723.88,745.21,2172,2085,11675,11777,23453,17672,5781,0,10,39363.7,23728392,24.6,40
n100k_d128_ip,100000,128,ip,cluster,0.5000,0.5000,50000,C_acorn_g32,acorn,ACORN,16,32,16,500,10,0.7410,1306.3,655.25,1283.67,1567.08,1696.62,765.52,2093,2008,11900,13456,25357,17853,7504,0,10,99104.9,30656776,24.6,40
n100k_d128_ip,100000,128,ip,cluster,0.5000,0.5000,50000,F_exact,exact,EXACT,16,0,0,0,100,1.0000,224.3,4461.21,4574.71,4617.54,4637.33,4458.08,50000,0,0,0,100000,0,0,0,100,0.0,0,0.0,0
n100k_d128_ip,100000,128,ip,cluster,0.5000,0.5000,50000,A_std_standard,std,STANDARD,16,1,32,50,100,0.5302,10979.2,90.46,112.21,140.62,170.08,91.08,1038,1038,1038,0,1038,0,0,59,66,11836.8,14033032,24.5,32
n100k_d128_ip,100000,128,ip,cluster,0.5000,0.5000,50000,B_std_acorn1,std,ACORN,16,1,32,50,100,0.5880,6193.5,141.25,275.96,377.62,381.46,161.46,1111,1006,511,5673,6186,2397,3789,0,100,11836.8,14033032,24.5,32
n100k_d128_ip,100000,128,ip,cluster,0.5000,0.5000,50000,D_large24_standard,large,STANDARD,24,1,48,50,100,0.5734,9941.3,100.08,123.38,142.50,186.25,100.59,1209,1209,1209,0,1209,0,0,57,65,10422.4,20424136,30.4,48
n100k_d128_ip,100000,128,ip,cluster,0.5000,0.5000,50000,E_large24_acorn1,large,ACORN,24,1,48,50,100,0.7020,5228.4,162.50,356.46,461.58,502.08,191.26,1331,1192,652,8257,8911,3478,5432,0,100,10422.4,20424136,30.4,48
n100k_d128_ip,100000,128,ip,cluster,0.5000,0.5000,50000,D_large48_standard,large,STANDARD,48,1,96,50,100,0.6002,9325.3,108.67,124.38,129.25,199.00,107.23,1433,1433,1433,0,1433,0,0,56,66,9627.1,39618184,35.7,96
n100k_d128_ip,100000,128,ip,cluster,0.5000,0.5000,50000,E_large48_acorn1,large,ACORN,48,1,96,50,100,0.8114,3742.3,230.92,514.83,559.79,783.83,267.22,1875,1663,1158,14703,15862,6653,9208,0,100,9627.1,39618184,35.7,96
n100k_d128_ip,100000,128,ip,cluster,0.5000,0.5000,50000,C_acorn_g4,acorn,ACORN,16,4,16,50,100,0.5174,8706.5,113.62,158.00,175.79,188.79,114.86,879,791,1176,1404,2582,1862,719,0,100,12336.4,18532104,24.5,40
n100k_d128_ip,100000,128,ip,cluster,0.5000,0.5000,50000,C_acorn_g8,acorn,ACORN,16,8,16,50,100,0.5121,8900.1,106.75,159.33,201.83,230.42,112.36,895,808,1182,1399,2582,1868,713,0,100,19233.8,20264200,24.6,40
n100k_d128_ip,100000,128,ip,cluster,0.5000,0.5000,50000,C_acorn_g16,acorn,ACORN,16,16,16,50,100,0.5361,8711.1,112.83,154.42,181.79,312.67,114.80,911,824,1190,1444,2635,1873,761,0,100,39363.7,23728392,24.6,40
n100k_d128_ip,100000,128,ip,cluster,0.5000,0.5000,50000,C_acorn_g32,acorn,ACORN,16,32,16,50,100,0.4995,9127.7,107.79,152.08,191.79,244.42,109.56,868,783,1191,1492,2684,1818,865,0,100,99104.9,30656776,24.6,40
n100k_d128_ip,100000,128,ip,cluster,0.5000,0.5000,50000,A_std_standard,std,STANDARD,16,1,32,100,100,0.6208,7425.4,133.58,161.17,227.62,245.71,134.67,1461,1461,1461,0,1461,0,0,108,66,11836.8,14033032,24.5,32
n100k_d128_ip,100000,128,ip,cluster,0.5000,0.5000,50000,B_std_acorn1,std,ACORN,16,1,32,100,100,0.7492,4077.0,208.83,447.58,458.71,529.88,245.28,1512,1407,1214,11093,12309,4916,7392,0,100,11836.8,14033032,24.5,32
n100k_d128_ip,100000,128,ip,cluster,0.5000,0.5000,50000,D_large24_standard,large,STANDARD,24,1,48,100,100,0.6400,7011.0,141.88,178.67,206.62,275.04,142.63,1631,1631,1631,0,1631,0,0,107,65,10422.4,20424136,30.4,48
n100k_d128_ip,100000,128,ip,cluster,0.5000,0.5000,50000,E_large24_acorn1,large,ACORN,24,1,48,100,100,0.8372,3587.0,232.75,586.00,644.46,681.83,278.78,1686,1547,1725,16169,17896,7329,10566,0,100,10422.4,20424136,30.4,48
n100k_d128_ip,100000,128,ip,cluster,0.5000,0.5000,50000,D_large48_standard,large,STANDARD,48,1,96,100,100,0.6484,6520.3,153.04,186.42,254.17,294.08,153.37,1814,1814,1814,0,1814,0,0,106,67,9627.1,39618184,35.7,96
n100k_d128_ip,100000,128,ip,cluster,0.5000,0.5000,50000,E_large48_acorn1,large,ACORN,48,1,96,100,100,0.8778,2571.8,306.79,854.46,921.88,931.08,388.84,2153,1941,2978,28747,31727,12951,18776,0,100,9627.1,39618184,35.7,96
n100k_d128_ip,100000,128,ip,cluster,0.5000,0.5000,50000,C_acorn_g4,acorn,ACORN,16,4,16,100,100,0.6083,5968.2,166.38,241.33,283.50,301.25,167.55,1180,1092,2210,2865,5076,3567,1509,0,100,12336.4,18532104,24.5,40
n100k_d128_ip,100000,128,ip,cluster,0.5000,0.5000,50000,C_acorn_g8,acorn,ACORN,16,8,16,100,100,0.6191,5955.2,162.04,243.75,307.58,351.12,167.92,1218,1131,2237,2857,5095,3613,1481,0,100,19233.8,20264200,24.6,40
n100k_d128_ip,100000,128,ip,cluster,0.5000,0.5000,50000,C_acorn_g16,acorn,ACORN,16,16,16,100,100,0.6351,5923.0,162.25,236.58,272.75,277.67,168.83,1237,1150,2235,2913,5149,3617,1531,0,100,39363.7,23728392,24.6,40
n100k_d128_ip,100000,128,ip,cluster,0.5000,0.5000,50000,C_acorn_g32,acorn,ACORN,16,32,16,100,100,0.5978,5826.1,166.17,269.46,337.29,418.29,171.64,1207,1122,2304,3303,5609,3638,1970,0,100,99104.9,30656776,24.6,40
n100k_d128_ip,100000,128,ip,cluster,0.5000,0.5000,50000,A_std_standard,std,STANDARD,16,1,32,250,100,0.6569,3703.7,268.96,329.46,393.00,418.08,270.00,1920,1920,1920,0,1920,0,0,258,67,11836.8,14033032,24.5,32
n100k_d128_ip,100000,128,ip,cluster,0.5000,0.5000,50000,B_std_acorn1,std,ACORN,16,1,32,250,100,0.8460,2019.1,385.71,918.88,1227.54,1499.67,495.26,1929,1825,4581,25604,30187,13444,16742,0,100,11836.8,14033032,24.5,32
n100k_d128_ip,100000,128,ip,cluster,0.5000,0.5000,50000,D_large24_standard,large,STANDARD,24,1,48,250,100,0.6593,3476.1,285.25,396.67,439.17,463.42,287.67,1994,1994,1994,0,1994,0,0,257,66,10422.4,20424136,30.4,48
n100k_d128_ip,100000,128,ip,cluster,0.5000,0.5000,50000,E_large24_acorn1,large,ACORN,24,1,48,250,100,0.9078,1701.0,404.67,1286.21,1847.17,2526.12,587.90,2030,1892,6312,38587,44901,19221,25679,0,100,10422.4,20424136,30.4,48
n100k_d128_ip,100000,128,ip,cluster,0.5000,0.5000,50000,D_large48_standard,large,STANDARD,48,1,96,250,100,0.6629,2864.7,330.00,469.17,552.92,571.38,349.08,2102,2102,2102,0,2102,0,0,255,68,9627.1,39618184,35.7,96
n100k_d128_ip,100000,128,ip,cluster,0.5000,0.5000,50000,E_large48_acorn1,large,ACORN,48,1,96,250,100,0.9456,948.0,706.46,2340.42,4032.29,6060.62,1054.88,2616,2403,8838,61304,70144,29120,41024,0,100,9627.1,39618184,35.7,96
n100k_d128_ip,100000,128,ip,cluster,0.5000,0.5000,50000,C_acorn_g4,acorn,ACORN,16,4,16,250,100,0.6953,2200.0,426.58,638.88,826.00,852.96,454.54,1641,1554,5575,7009,12585,8856,3729,0,100,12336.4,18532104,24.5,40
n100k_d128_ip,100000,128,ip,cluster,0.5000,0.5000,50000,C_acorn_g8,acorn,ACORN,16,8,16,250,100,0.7083,2581.5,353.88,591.04,660.00,746.83,387.37,1676,1588,5626,7490,13117,8920,4197,0,100,19233.8,20264200,24.6,40
n100k_d128_ip,100000,128,ip,cluster,0.5000,0.5000,50000,C_acorn_g16,acorn,ACORN,16,16,16,250,100,0.7288,2571.2,355.12,600.46,753.17,1023.58,388.92,1779,1692,5649,7291,12942,9060,3881,0,100,39363.7,23728392,24.6,40
n100k_d128_ip,100000,128,ip,cluster,0.5000,0.5000,50000,C_acorn_g32,acorn,ACORN,16,32,16,250,100,0.6830,2504.7,358.62,623.21,722.79,1303.71,399.25,1688,1603,5679,8315,13995,8984,5011,0,100,99104.9,30656776,24.6,40
n100k_d128_ip,100000,128,ip,cluster,0.5000,0.5000,50000,A_std_standard,std,STANDARD,16,1,32,500,100,0.6676,1829.6,519.29,761.29,1064.71,1112.00,546.58,2087,2087,2087,0,2087,0,0,513,67,11836.8,14033032,24.5,32
n100k_d128_ip,100000,128,ip,cluster,0.5000,0.5000,50000,B_std_acorn1,std,ACORN,16,1,32,500,100,0.8931,1098.9,696.62,1788.79,2209.58,2337.42,910.00,2326,2221,10799,39628,50428,25595,24833,0,100,11836.8,14033032,24.5,32
n100k_d128_ip,100000,128,ip,cluster,0.5000,0.5000,50000,D_large24_standard,large,STANDARD,24,1,48,500,100,0.6622,1759.9,540.25,743.50,816.29,1078.62,568.22,2074,2074,2074,0,2074,0,0,507,67,10422.4,20424136,30.4,48
n100k_d128_ip,100000,128,ip,cluster,0.5000,0.5000,50000,E_large24_acorn1,large,ACORN,24,1,48,500,100,0.9184,788.9,948.58,3015.29,3631.75,4251.25,1267.63,2442,2304,14015,57544,71560,35226,36334,0,100,10422.4,20424136,30.4,48
n100k_d128_ip,100000,128,ip,cluster,0.5000,0.5000,50000,D_large48_standard,large,STANDARD,48,1,96,500,100,0.6667,1598.5,602.29,843.42,988.71,1179.67,625.60,2169,2169,2169,0,2169,0,0,505,70,9627.1,39618184,35.7,96
n100k_d128_ip,100000,128,ip,cluster,0.5000,0.5000,50000,E_large48_acorn1,large,ACORN,48,1,96,500,100,0.9744,579.4,1190.79,4147.12,5269.38,7753.71,1725.82,3134,2921,18338,91976,110316,52093,58222,0,100,9627.1,39618184,35.7,96
n100k_d128_ip,100000,128,ip,cluster,0.5000,0.5000,50000,C_acorn_g4,acorn,ACORN,16,4,16,500,100,0.7185,974.6,943.75,1689.50,2025.08,3237.25,1026.02,1966,1878,11589,11270,22861,17250,5610,0,100,12336.4,18532104,24.5,40
n100k_d128_ip,100000,128,ip,cluster,0.5000,0.5000,50000,C_acorn_g8,acorn,ACORN,16,8,16,500,100,0.7370,1059.1,891.92,1558.75,1822.58,1926.25,944.20,2071,1983,11740,11846,23587,17512,6074,0,100,19233.8,20264200,24.6,40
n100k_d128_ip,100000,128,ip,cluster,0.5000,0.5000,50000,C_acorn_g16,acorn,ACORN,16,16,16,500,100,0.7603,1163.1,781.12,1212.83,1518.21,1699.58,859.74,2172,2085,11675,11777,23453,17672,5781,0,100,39363.7,23728392,24.6,40
n100k_d128_ip,100000,128,ip,cluster,0.5000,0.5000,50000,C_acorn_g32,acorn,ACORN,16,32,16,500,100,0.7335,1053.3,880.79,1489.21,1804.50,1886.62,949.36,2093,2008,11900,13456,25357,17853,7504,0,100,99104.9,30656776,24.6,40
n100k_d128_ip,100000,128,ip,cluster,0.2500,0.2500,25000,F_exact,exact,EXACT,16,0,0,0,10,1.0000,355.3,2743.67,3278.88,3445.38,3585.54,2814.81,25000,0,0,0,100000,0,0,0,10,0.0,0,0.0,0
n100k_d128_ip,100000,128,ip,cluster,0.2500,0.2500,25000,A_std_standard,std,STANDARD,16,1,32,50,10,0.4020,13470.3,75.33,82.75,86.88,142.25,74.24,1037,1037,1037,0,1037,0,0,59,4,11836.8,14033032,24.5,32
n100k_d128_ip,100000,128,ip,cluster,0.2500,0.2500,25000,B_std_acorn1,std,ACORN,16,1,32,50,10,0.5890,6569.8,127.96,277.96,302.62,329.12,152.21,936,806,711,10326,11038,2623,8414,0,10,11836.8,14033032,24.5,32
n100k_d128_ip,100000,128,ip,cluster,0.2500,0.2500,25000,D_large24_standard,large,STANDARD,24,1,48,50,10,0.4190,12212.6,83.29,94.00,104.83,112.00,81.88,1209,1209,1209,0,1209,0,0,57,4,10422.4,20424136,30.4,48
n100k_d128_ip,100000,128,ip,cluster,0.2500,0.2500,25000,E_large24_acorn1,large,ACORN,24,1,48,50,10,0.6680,4879.6,166.17,361.67,392.83,418.67,204.94,1107,966,927,16984,17913,4210,13702,0,10,10422.4,20424136,30.4,48
n100k_d128_ip,100000,128,ip,cluster,0.2500,0.2500,25000,D_large48_standard,large,STANDARD,48,1,96,50,10,0.4330,11136.7,91.58,103.25,104.54,109.75,89.79,1433,1433,1433,0,1433,0,0,56,5,9627.1,39618184,35.7,96
n100k_d128_ip,100000,128,ip,cluster,0.2500,0.2500,25000,E_large48_acorn1,large,ACORN,48,1,96,50,10,0.7480,3178.3,299.50,526.58,644.92,966.12,314.64,1451,1209,1468,34569,36038,8071,27966,0,10,9627.1,39618184,35.7,96
n100k_d128_ip,100000,128,ip,cluster,0.2500,0.2500,25000,C_acorn_g4,acorn,ACORN,16,4,16,50,10,0.4080,12214.4,79.04,120.04,135.79,136.71,81.87,761,685,1215,2137,3354,1734,1620,0,10,12336.4,18532104,24.5,40
n100k_d128_ip,100000,128,ip,cluster,0.2500,0.2500,25000,C_acorn_g8,acorn,ACORN,16,8,16,50,10,0.4290,11563.0,83.38,133.25,154.71,155.71,86.48,745,669,1253,2302,3556,1732,1823,0,10,19233.8,20264200,24.6,40
n100k_d128_ip,100000,128,ip,cluster,0.2500,0.2500,25000,C_acorn_g16,acorn,ACORN,16,16,16,50,10,0.4710,11622.9,85.33,126.25,148.67,164.17,86.04,762,684,1276,2517,3795,1744,2051,0,10,39363.7,23728392,24.6,40
n100k_d128_ip,100000,128,ip,cluster,0.2500,0.2500,25000,C_acorn_g32,acorn,ACORN,16,32,16,50,10,0.5440,10158.4,90.83,155.92,187.00,214.00,98.44,762,688,1510,3032,4544,1795,2748,0,10,99104.9,30656776,24.6,40
n100k_d128_ip,100000,128,ip,cluster,0.2500,0.2500,25000,A_std_standard,std,STANDARD,16,1,32,100,10,0.4450,7790.7,130.88,139.96,168.62,204.00,128.36,1461,1461,1461,0,1461,0,0,108,4,11836.8,14033032,24.5,32
n100k_d128_ip,100000,128,ip,cluster,0.2500,0.2500,25000,B_std_acorn1,std,ACORN,16,1,32,100,10,0.6880,3508.8,261.08,482.46,579.75,915.71,284.99,1231,1101,1604,21674,23279,5893,17386,0,10,11836.8,14033032,24.5,32
n100k_d128_ip,100000,128,ip,cluster,0.2500,0.2500,25000,D_large24_standard,large,STANDARD,24,1,48,100,10,0.4570,7480.3,137.79,149.92,154.54,156.58,133.68,1631,1631,1631,0,1631,0,0,107,4,10422.4,20424136,30.4,48
n100k_d128_ip,100000,128,ip,cluster,0.2500,0.2500,25000,E_large24_acorn1,large,ACORN,24,1,48,100,10,0.7610,2751.7,369.21,623.12,690.29,858.46,363.41,1354,1213,2220,36958,39180,9721,29458,0,10,10422.4,20424136,30.4,48
n100k_d128_ip,100000,128,ip,cluster,0.2500,0.2500,25000,D_large48_standard,large,STANDARD,48,1,96,100,10,0.4630,7059.5,145.29,157.83,160.29,161.92,141.65,1814,1814,1814,0,1814,0,0,106,5,9627.1,39618184,35.7,96
n100k_d128_ip,100000,128,ip,cluster,0.2500,0.2500,25000,E_large48_acorn1,large,ACORN,48,1,96,100,10,0.8070,1920.8,543.50,867.38,1096.42,1374.04,520.62,1686,1444,3248,66570,69820,16462,53357,0,10,9627.1,39618184,35.7,96
n100k_d128_ip,100000,128,ip,cluster,0.2500,0.2500,25000,C_acorn_g4,acorn,ACORN,16,4,16,100,10,0.4690,6842.6,145.75,202.25,219.42,248.54,146.14,1009,933,2277,4334,6613,3390,3223,0,10,12336.4,18532104,24.5,40
n100k_d128_ip,100000,128,ip,cluster,0.2500,0.2500,25000,C_acorn_g8,acorn,ACORN,16,8,16,100,10,0.5010,6695.3,143.96,207.62,228.67,337.25,149.36,1003,927,2356,4762,7120,3428,3691,0,10,19233.8,20264200,24.6,40
n100k_d128_ip,100000,128,ip,cluster,0.2500,0.2500,25000,C_acorn_g16,acorn,ACORN,16,16,16,100,10,0.5500,6403.4,154.29,226.29,306.88,344.71,156.17,1057,979,2426,5255,7683,3504,4178,0,10,39363.7,23728392,24.6,40
n100k_d128_ip,100000,128,ip,cluster,0.2500,0.2500,25000,C_acorn_g32,acorn,ACORN,16,32,16,100,10,0.6370,5805.1,164.08,265.25,314.08,316.08,172.26,1025,951,2673,6221,8895,3510,5385,0,10,99104.9,30656776,24.6,40
n100k_d128_ip,100000,128,ip,cluster,0.2500,0.2500,25000,A_std_standard,std,STANDARD,16,1,32,250,10,0.4640,3918.0,260.58,272.67,293.46,358.88,255.23,1920,1920,1920,0,1920,0,0,258,4,11836.8,14033032,24.5,32
n100k_d128_ip,100000,128,ip,cluster,0.2500,0.2500,25000,B_std_acorn1,std,ACORN,16,1,32,250,10,0.7270,1780.7,598.17,889.29,1002.21,1339.58,561.58,1727,1597,4787,46635,51423,16747,34675,0,10,11836.8,14033032,24.5,32
n100k_d128_ip,100000,128,ip,cluster,0.2500,0.2500,25000,D_large24_standard,large,STANDARD,24,1,48,250,10,0.4700,3887.6,264.21,275.79,281.21,301.79,257.23,1994,1994,1994,0,1994,0,0,257,5,10422.4,20424136,30.4,48
n100k_d128_ip,100000,128,ip,cluster,0.2500,0.2500,25000,E_large24_acorn1,large,ACORN,24,1,48,250,10,0.8130,1364.7,789.21,1352.42,1471.54,1581.96,732.79,1856,1715,6493,82969,89464,26067,63397,0,10,10422.4,20424136,30.4,48
n100k_d128_ip,100000,128,ip,cluster,0.2500,0.2500,25000,D_large48_standard,large,STANDARD,48,1,96,250,10,0.4700,3711.8,273.75,290.12,303.12,303.50,269.41,2102,2102,2102,0,2102,0,0,255,6,9627.1,39618184,35.7,96
n100k_d128_ip,100000,128,ip,cluster,0.2500,0.2500,25000,E_large48_acorn1,large,ACORN,48,1,96,250,10,0.8610,987.2,1130.92,1725.29,1819.92,1865.21,1012.99,2265,2024,8579,137669,146250,40506,105744,0,10,9627.1,39618184,35.7,96
n100k_d128_ip,100000,128,ip,cluster,0.2500,0.2500,25000,C_acorn_g4,acorn,ACORN,16,4,16,250,10,0.5070,3085.7,327.17,464.71,504.96,512.42,324.07,1324,1248,5401,10172,15575,8571,7003,0,10,12336.4,18532104,24.5,40
n100k_d128_ip,100000,128,ip,cluster,0.2500,0.2500,25000,C_acorn_g8,acorn,ACORN,16,8,16,250,10,0.5530,3253.0,301.17,427.88,542.08,578.79,307.41,1359,1284,5816,12397,18214,8995,9218,0,10,19233.8,20264200,24.6,40
n100k_d128_ip,100000,128,ip,cluster,0.2500,0.2500,25000,C_acorn_g16,acorn,ACORN,16,16,16,250,10,0.6220,3036.3,330.12,439.46,521.04,565.62,329.35,1469,1392,5884,13138,19024,9068,9955,0,10,39363.7,23728392,24.6,40
n100k_d128_ip,100000,128,ip,cluster,0.2500,0.2500,25000,C_acorn_g32,acorn,ACORN,16,32,16,250,10,0.7000,2866.3,338.00,478.29,529.21,576.67,348.89,1426,1351,6047,14720,20769,8858,11910,0,10,99104.9,30656776,24.6,40
n100k_d128_ip,100000,128,ip,cluster,0.2500,0.2500,25000,A_std_standard,std,STANDARD,16,1,32,500,10,0.4660,2086.7,476.38,509.50,609.21,1043.33,479.24,2087,2087,2087,0,2087,0,0,513,5,11836.8,14033032,24.5,32
n100k_d128_ip,100000,128,ip,cluster,0.2500,0.2500,25000,B_std_acorn1,std,ACORN,16,1,32,500,10,0.7570,1081.3,870.00,1568.62,1804.92,1820.00,924.79,2022,1891,10920,80056,90977,34788,56189,0,10,11836.8,14033032,24.5,32
n100k_d128_ip,100000,128,ip,cluster,0.2500,0.2500,25000,D_large24_standard,large,STANDARD,24,1,48,500,10,0.4750,2106.8,478.96,497.21,513.00,519.96,474.65,2074,2074,2074,0,2074,0,0,507,5,10422.4,20424136,30.4,48
n100k_d128_ip,100000,128,ip,cluster,0.2500,0.2500,25000,E_large24_acorn1,large,ACORN,24,1,48,500,10,0.8340,818.0,1221.50,2079.92,2268.62,2549.17,1222.44,2237,2096,13984,137581,151566,51451,100115,0,10,10422.4,20424136,30.4,48
n100k_d128_ip,100000,128,ip,cluster,0.2500,0.2500,25000,D_large48_standard,large,STANDARD,48,1,96,500,10,0.4750,2059.1,490.29,517.12,536.42,536.46,485.66,2169,2169,2169,0,2169,0,0,505,7,9627.1,39618184,35.7,96
n100k_d128_ip,100000,128,ip,cluster,0.2500,0.2500,25000,E_large48_acorn1,large,ACORN,48,1,96,500,10,0.9220,596.6,1632.33,2923.00,3038.54,3173.75,1676.15,2770,2528,17410,229150,246562,77490,169072,0,10,9627.1,39618184,35.7,96
n100k_d128_ip,100000,128,ip,cluster,0.2500,0.2500,25000,C_acorn_g4,acorn,ACORN,16,4,16,500,10,0.5220,1837.3,562.25,765.96,897.04,908.96,544.29,1488,1412,10690,18648,29339,17189,12149,0,10,12336.4,18532104,24.5,40
n100k_d128_ip,100000,128,ip,cluster,0.2500,0.2500,25000,C_acorn_g8,acorn,ACORN,16,8,16,500,10,0.5840,1700.1,576.83,809.88,925.79,976.12,588.20,1546,1470,11497,24129,35628,18183,17444,0,10,19233.8,20264200,24.6,40
n100k_d128_ip,100000,128,ip,cluster,0.2500,0.2500,25000,C_acorn_g16,acorn,ACORN,16,16,16,500,10,0.6520,1580.0,626.67,847.62,895.54,1319.67,632.93,1853,1775,11932,24029,35963,18856,17106,0,10,39363.7,23728392,24.6,40
n100k_d128_ip,100000,128,ip,cluster,0.2500,0.2500,25000,C_acorn_g32,acorn,ACORN,16,32,16,500,10,0.7100,1536.2,628.92,827.46,924.67,1126.12,650.98,1810,1735,12021,25192,37215,18718,18496,0,10,99104.9,30656776,24.6,40
n100k_d128_ip,100000,128,ip,cluster,0.2500,0.2500,25000,F_exact,exact,EXACT,16,0,0,0,100,1.0000,449.2,2219.50,2293.33,2378.25,2438.21,2226.32,25000,0,0,0,100000,0,0,0,100,0.0,0,0.0,0
n100k_d128_ip,100000,128,ip,cluster,0.2500,0.2500,25000,A_std_standard,std,STANDARD,16,1,32,50,100,0.3145,11546.3,87.00,96.79,118.50,162.08,86.61,1038,1038,1038,0,1038,0,0,59,39,11836.8,14033032,24.5,32
n100k_d128_ip,100000,128,ip,cluster,0.2500,0.2500,25000,B_std_acorn1,std,ACORN,16,1,32,50,100,0.6000,6947.7,124.67,264.08,294.25,328.79,143.93,936,806,711,10326,11038,2623,8414,0,99,11836.8,14033032,24.5,32
n100k_d128_ip,100000,128,ip,cluster,0.2500,0.2500,25000,D_large24_standard,large,STANDARD,24,1,48,50,100,0.3440,10557.3,94.96,106.62,110.38,114.96,94.72,1209,1209,1209,0,1209,0,0,57,40,10422.4,20424136,30.4,48
n100k_d128_ip,100000,128,ip,cluster,0.2500,0.2500,25000,E_large24_acorn1,large,ACORN,24,1,48,50,100,0.6958,5118.5,167.54,336.00,370.46,373.75,195.37,1107,966,927,16984,17913,4210,13702,0,100,10422.4,20424136,30.4,48
n100k_d128_ip,100000,128,ip,cluster,0.2500,0.2500,25000,D_large48_standard,large,STANDARD,48,1,96,50,100,0.3656,9466.3,105.38,124.75,134.33,134.83,105.64,1433,1433,1433,0,1433,0,0,56,41,9627.1,39618184,35.7,96
n100k_d128_ip,100000,128,ip,cluster,0.2500,0.2500,25000,E_large48_acorn1,large,ACORN,48,1,96,50,100,0.7818,3448.6,286.08,443.96,519.92,771.46,289.98,1451,1209,1468,34569,36039,8072,27966,0,100,9627.1,39618184,35.7,96
n100k_d128_ip,100000,128,ip,cluster,0.2500,0.2500,25000,C_acorn_g4,acorn,ACORN,16,4,16,50,100,0.4121,9695.0,101.50,139.79,169.12,176.67,103.15,761,685,1215,2137,3354,1734,1620,0,100,12336.4,18532104,24.5,40
n100k_d128_ip,100000,128,ip,cluster,0.2500,0.2500,25000,C_acorn_g8,acorn,ACORN,16,8,16,50,100,0.4189,10375.9,94.17,137.33,162.46,172.54,96.38,745,669,1253,2302,3556,1732,1823,0,100,19233.8,20264200,24.6,40
n100k_d128_ip,100000,128,ip,cluster,0.2500,0.2500,25000,C_acorn_g16,acorn,ACORN,16,16,16,50,100,0.4573,10040.3,95.33,137.17,181.00,189.17,99.60,762,684,1276,2517,3795,1744,2051,0,100,39363.7,23728392,24.6,40
n100k_d128_ip,100000,128,ip,cluster,0.2500,0.2500,25000,C_acorn_g32,acorn,ACORN,16,32,16,50,100,0.5541,8735.4,107.75,180.08,201.17,240.25,114.48,762,688,1510,3032,4544,1795,2748,0,100,99104.9,30656776,24.6,40
n100k_d128_ip,100000,128,ip,cluster,0.2500,0.2500,25000,A_std_standard,std,STANDARD,16,1,32,100,100,0.3857,8086.3,123.88,140.38,145.75,191.75,123.67,1461,1461,1461,0,1461,0,0,108,42,11836.8,14033032,24.5,32
n100k_d128_ip,100000,128,ip,cluster,0.2500,0.2500,25000,B_std_acorn1,std,ACORN,16,1,32,100,100,0.7175,4156.1,225.58,407.75,516.12,745.75,240.61,1231,1101,1604,21674,23279,5893,17386,0,100,11836.8,14033032,24.5,32
n100k_d128_ip,100000,128,ip,cluster,0.2500,0.2500,25000,D_large24_standard,large,STANDARD,24,1,48,100,100,0.4049,7425.1,136.38,151.25,155.92,159.25,134.68,1631,1631,1631,0,1631,0,0,107,42,10422.4,20424136,30.4,48
n100k_d128_ip,100000,128,ip,cluster,0.2500,0.2500,25000,E_large24_acorn1,large,ACORN,24,1,48,100,100,0.8041,3087.3,336.04,556.12,581.17,762.50,323.90,1354,1213,2220,36958,39180,9721,29458,0,100,10422.4,20424136,30.4,48
n100k_d128_ip,100000,128,ip,cluster,0.2500,0.2500,25000,D_large48_standard,large,STANDARD,48,1,96,100,100,0.4167,6958.1,143.42,162.50,184.08,186.75,143.72,1814,1814,1814,0,1814,0,0,106,43,9627.1,39618184,35.7,96
n100k_d128_ip,100000,128,ip,cluster,0.2500,0.2500,25000,E_large48_acorn1,large,ACORN,48,1,96,100,100,0.8522,2128.0,525.42,727.42,944.92,1226.12,469.92,1686,1444,3248,66570,69820,16462,53357,0,100,9627.1,39618184,35.7,96
n100k_d128_ip,100000,128,ip,cluster,0.2500,0.2500,25000,C_acorn_g4,acorn,ACORN,16,4,16,100,100,0.4814,7025.6,136.71,205.29,223.25,235.50,142.34,1009,933,2277,4334,6613,3390,3223,0,100,12336.4,18532104,24.5,40
n100k_d128_ip,100000,128,ip,cluster,0.2500,0.2500,25000,C_acorn_g8,acorn,ACORN,16,8,16,100,100,0.5083,6930.3,134.71,202.54,233.46,366.12,144.29,1003,927,2356,4762,7120,3428,3691,0,100,19233.8,20264200,24.6,40
n100k_d128_ip,100000,128,ip,cluster,0.2500,0.2500,25000,C_acorn_g16,acorn,ACORN,16,16,16,100,100,0.5585,6525.8,148.17,224.83,281.38,333.92,153.24,1057,979,2426,5255,7683,3504,4178,0,100,39363.7,23728392,24.6,40
n100k_d128_ip,100000,128,ip,cluster,0.2500,0.2500,25000,C_acorn_g32,acorn,ACORN,16,32,16,100,100,0.6666,5995.7,158.79,257.62,281.21,313.75,166.79,1025,951,2673,6221,8895,3510,5385,0,100,99104.9,30656776,24.6,40
n100k_d128_ip,100000,128,ip,cluster,0.2500,0.2500,25000,A_std_standard,std,STANDARD,16,1,32,250,100,0.4267,3981.4,253.08,277.75,284.21,352.88,251.17,1920,1920,1920,0,1920,0,0,258,44,11836.8,14033032,24.5,32
n100k_d128_ip,100000,128,ip,cluster,0.2500,0.2500,25000,B_std_acorn1,std,ACORN,16,1,32,250,100,0.7691,1978.9,524.38,743.54,926.08,1201.75,505.33,1727,1597,4787,46635,51423,16747,34675,0,100,11836.8,14033032,24.5,32
n100k_d128_ip,100000,128,ip,cluster,0.2500,0.2500,25000,D_large24_standard,large,STANDARD,24,1,48,250,100,0.4336,3872.8,259.38,288.00,294.17,294.67,258.21,1994,1994,1994,0,1994,0,0,257,44,10422.4,20424136,30.4,48
n100k_d128_ip,100000,128,ip,cluster,0.2500,0.2500,25000,E_large24_acorn1,large,ACORN,24,1,48,250,100,0.8696,1447.7,707.58,1212.08,1399.17,1421.04,690.76,1856,1715,6493,82969,89464,26067,63397,0,100,10422.4,20424136,30.4,48
n100k_d128_ip,100000,128,ip,cluster,0.2500,0.2500,25000,D_large48_standard,large,STANDARD,48,1,96,250,100,0.4378,3791.1,264.83,286.38,299.46,300.12,263.78,2102,2102,2102,0,2102,0,0,255,45,9627.1,39618184,35.7,96
n100k_d128_ip,100000,128,ip,cluster,0.2500,0.2500,25000,E_large48_acorn1,large,ACORN,48,1,96,250,100,0.9011,1036.4,1073.88,1572.17,1685.25,1698.00,964.89,2265,2024,8579,137669,146250,40506,105744,0,100,9627.1,39618184,35.7,96
n100k_d128_ip,100000,128,ip,cluster,0.2500,0.2500,25000,C_acorn_g4,acorn,ACORN,16,4,16,250,100,0.5397,3436.8,295.92,401.96,445.79,510.21,290.97,1324,1248,5401,10172,15575,8571,7003,0,100,12336.4,18532104,24.5,40
n100k_d128_ip,100000,128,ip,cluster,0.2500,0.2500,25000,C_acorn_g8,acorn,ACORN,16,8,16,250,100,0.5736,3166.4,310.71,432.96,552.71,588.88,315.81,1359,1284,5816,12397,18214,8995,9218,0,100,19233.8,20264200,24.6,40
n100k_d128_ip,100000,128,ip,cluster,0.2500,0.2500,25000,C_acorn_g16,acorn,ACORN,16,16,16,250,100,0.6475,2941.0,336.96,477.62,522.00,583.00,340.02,1469,1392,5884,13138,19024,9068,9955,0,100,39363.7,23728392,24.6,40
n100k_d128_ip,100000,128,ip,cluster,0.2500,0.2500,25000,C_acorn_g32,acorn,ACORN,16,32,16,250,100,0.7424,2863.2,344.17,448.12,512.79,576.46,349.26,1426,1351,6047,14720,20769,8858,11910,0,100,99104.9,30656776,24.6,40
n100k_d128_ip,100000,128,ip,cluster,0.2500,0.2500,25000,A_std_standard,std,STANDARD,16,1,32,500,100,0.4366,2079.3,478.96,509.33,591.25,1068.42,480.92,2087,2087,2087,0,2087,0,0,513,45,11836.8,14033032,24.5,32
n100k_d128_ip,100000,128,ip,cluster,0.2500,0.2500,25000,B_std_acorn1,std,ACORN,16,1,32,500,100,0.8028,1064.5,872.12,1550.38,1763.50,1880.58,939.42,2022,1891,10920,80056,90977,34788,56189,0,100,11836.8,14033032,24.5,32
n100k_d128_ip,100000,128,ip,cluster,0.2500,0.2500,25000,D_large24_standard,large,STANDARD,24,1,48,500,100,0.4396,2064.2,488.38,515.17,528.21,530.00,484.45,2074,2074,2074,0,2074,0,0,507,44,10422.4,20424136,30.4,48
n100k_d128_ip,100000,128,ip,cluster,0.2500,0.2500,25000,E_large24_acorn1,large,ACORN,24,1,48,500,100,0.8914,807.0,1219.54,2134.21,2325.25,2568.17,1239.09,2237,2096,13984,137581,151566,51451,100115,0,100,10422.4,20424136,30.4,48
n100k_d128_ip,100000,128,ip,cluster,0.2500,0.2500,25000,D_large48_standard,large,STANDARD,48,1,96,500,100,0.4429,2019.9,497.33,524.46,537.42,542.67,495.08,2169,2169,2169,0,2169,0,0,505,47,9627.1,39618184,35.7,96
n100k_d128_ip,100000,128,ip,cluster,0.2500,0.2500,25000,E_large48_acorn1,large,ACORN,48,1,96,500,100,0.9395,585.4,1657.29,2934.79,3038.58,3199.54,1708.22,2770,2528,17410,229150,246562,77490,169072,0,100,9627.1,39618184,35.7,96
n100k_d128_ip,100000,128,ip,cluster,0.2500,0.2500,25000,C_acorn_g4,acorn,ACORN,16,4,16,500,100,0.5536,1808.1,585.04,768.75,911.25,927.79,553.06,1488,1412,10690,18648,29339,17189,12149,0,100,12336.4,18532104,24.5,40
n100k_d128_ip,100000,128,ip,cluster,0.2500,0.2500,25000,C_acorn_g8,acorn,ACORN,16,8,16,500,100,0.6110,1626.4,605.79,833.75,953.83,984.12,614.84,1546,1470,11497,24129,35628,18183,17444,0,100,19233.8,20264200,24.6,40
n100k_d128_ip,100000,128,ip,cluster,0.2500,0.2500,25000,C_acorn_g16,acorn,ACORN,16,16,16,500,100,0.6885,1544.6,642.83,853.92,915.58,1352.00,647.41,1853,1775,11932,24029,35963,18856,17106,0,100,39363.7,23728392,24.6,40
n100k_d128_ip,100000,128,ip,cluster,0.2500,0.2500,25000,C_acorn_g32,acorn,ACORN,16,32,16,500,100,0.7560,1506.2,639.33,832.83,928.04,1111.29,663.94,1810,1735,12021,25192,37215,18718,18496,0,100,99104.9,30656776,24.6,40
n100k_d128_ip,100000,128,ip,cluster,0.1000,0.1000,10000,F_exact,exact,EXACT,16,0,0,0,10,1.0000,1124.7,865.58,983.38,1110.00,1111.50,889.15,10000,0,0,0,100000,0,0,0,10,0.0,0,0.0,0
n100k_d128_ip,100000,128,ip,cluster,0.1000,0.1000,10000,A_std_standard,std,STANDARD,16,1,32,50,10,0.1790,14080.4,73.17,81.79,86.71,115.38,71.02,1037,1037,1037,0,1037,0,0,59,2,11836.8,14033032,24.5,32
n100k_d128_ip,100000,128,ip,cluster,0.1000,0.1000,10000,B_std_acorn1,std,ACORN,16,1,32,50,10,0.4630,8562.6,115.92,209.67,248.38,326.38,116.79,747,653,804,13121,13927,2775,11151,0,10,11836.8,14033032,24.5,32
n100k_d128_ip,100000,128,ip,cluster,0.1000,0.1000,10000,D_large24_standard,large,STANDARD,24,1,48,50,10,0.1920,12850.9,79.79,84.62,90.04,95.42,77.82,1209,1209,1209,0,1209,0,0,57,2,10422.4,20424136,30.4,48
n100k_d128_ip,100000,128,ip,cluster,0.1000,0.1000,10000,E_large24_acorn1,large,ACORN,24,1,48,50,10,0.6310,5887.1,180.46,298.08,318.12,318.25,169.86,783,661,1096,23753,24850,4664,20185,0,10,10422.4,20424136,30.4,48
n100k_d128_ip,100000,128,ip,cluster,0.1000,0.1000,10000,D_large48_standard,large,STANDARD,48,1,96,50,10,0.2070,11300.4,90.54,98.79,101.33,102.71,88.49,1433,1433,1433,0,1433,0,0,56,2,9627.1,39618184,35.7,96
n100k_d128_ip,100000,128,ip,cluster,0.1000,0.1000,10000,E_large48_acorn1,large,ACORN,48,1,96,50,10,0.8010,3788.9,258.12,447.21,525.04,613.17,263.93,1052,840,1566,44367,45935,7956,37978,0,10,9627.1,39618184,35.7,96
n100k_d128_ip,100000,128,ip,cluster,0.1000,0.1000,10000,C_acorn_g4,acorn,ACORN,16,4,16,50,10,0.3230,15019.1,62.42,90.96,111.46,172.54,66.58,546,498,1316,3715,5032,1546,3486,0,10,12336.4,18532104,24.5,40
n100k_d128_ip,100000,128,ip,cluster,0.1000,0.1000,10000,C_acorn_g8,acorn,ACORN,16,8,16,50,10,0.3690,14117.3,65.00,108.38,135.50,161.62,70.83,604,546,1420,3468,4890,1610,3279,0,10,19233.8,20264200,24.6,40
n100k_d128_ip,100000,128,ip,cluster,0.1000,0.1000,10000,C_acorn_g16,acorn,ACORN,16,16,16,50,10,0.5260,12567.1,70.83,139.42,177.54,221.92,79.57,625,563,1544,4015,5560,1666,3894,0,10,39363.7,23728392,24.6,40
n100k_d128_ip,100000,128,ip,cluster,0.1000,0.1000,10000,C_acorn_g32,acorn,ACORN,16,32,16,50,10,0.3940,13239.4,69.21,116.54,140.83,141.88,75.53,555,500,1565,4437,6004,1628,4375,0,10,99104.9,30656776,24.6,40
n100k_d128_ip,100000,128,ip,cluster,0.1000,0.1000,10000,A_std_standard,std,STANDARD,16,1,32,100,10,0.2010,8335.2,121.42,135.75,144.67,208.08,119.97,1461,1461,1461,0,1461,0,0,108,2,11836.8,14033032,24.5,32
n100k_d128_ip,100000,128,ip,cluster,0.1000,0.1000,10000,B_std_acorn1,std,ACORN,16,1,32,100,10,0.5220,4407.2,236.04,392.96,427.88,473.21,226.90,962,868,1788,28635,30424,6260,24164,0,10,11836.8,14033032,24.5,32
n100k_d128_ip,100000,128,ip,cluster,0.1000,0.1000,10000,D_large24_standard,large,STANDARD,24,1,48,100,10,0.2160,7773.0,127.54,147.33,149.67,174.38,128.65,1631,1631,1631,0,1631,0,0,107,2,10422.4,20424136,30.4,48
n100k_d128_ip,100000,128,ip,cluster,0.1000,0.1000,10000,E_large24_acorn1,large,ACORN,24,1,48,100,10,0.6860,3201.2,341.83,499.71,550.50,560.58,312.38,941,820,2433,50525,52959,10305,42654,0,10,10422.4,20424136,30.4,48
n100k_d128_ip,100000,128,ip,cluster,0.1000,0.1000,10000,D_large48_standard,large,STANDARD,48,1,96,100,10,0.2180,7179.8,140.71,164.25,172.71,176.58,139.28,1814,1814,1814,0,1814,0,0,106,2,9627.1,39618184,35.7,96
n100k_d128_ip,100000,128,ip,cluster,0.1000,0.1000,10000,E_large48_acorn1,large,ACORN,48,1,96,100,10,0.8360,2156.0,510.25,725.67,844.33,1161.21,463.81,1164,951,3330,88748,92079,15895,76184,0,10,9627.1,39618184,35.7,96
n100k_d128_ip,100000,128,ip,cluster,0.1000,0.1000,10000,C_acorn_g4,acorn,ACORN,16,4,16,100,10,0.3690,8493.0,113.29,161.12,239.54,340.33,117.74,701,653,2439,7846,10286,3099,7187,0,10,12336.4,18532104,24.5,40
n100k_d128_ip,100000,128,ip,cluster,0.1000,0.1000,10000,C_acorn_g8,acorn,ACORN,16,8,16,100,10,0.4060,8131.5,113.29,190.21,236.04,249.96,122.98,789,731,2538,7314,9853,3221,6631,0,10,19233.8,20264200,24.6,40
n100k_d128_ip,100000,128,ip,cluster,0.1000,0.1000,10000,C_acorn_g16,acorn,ACORN,16,16,16,100,10,0.5820,7302.3,126.00,241.12,290.46,333.38,136.94,813,752,2677,8166,10845,3236,7608,0,10,39363.7,23728392,24.6,40
n100k_d128_ip,100000,128,ip,cluster,0.1000,0.1000,10000,C_acorn_g32,acorn,ACORN,16,32,16,100,10,0.4400,7586.1,121.38,198.75,247.92,261.96,131.82,713,658,2732,9161,11894,3259,8635,0,10,99104.9,30656776,24.6,40
n100k_d128_ip,100000,128,ip,cluster,0.1000,0.1000,10000,A_std_standard,std,STANDARD,16,1,32,250,10,0.2180,4101.0,246.67,270.96,301.62,341.25,243.84,1920,1920,1920,0,1920,0,0,258,2,11836.8,14033032,24.5,32
n100k_d128_ip,100000,128,ip,cluster,0.1000,0.1000,10000,B_std_acorn1,std,ACORN,16,1,32,250,10,0.5760,1763.0,623.04,885.25,1281.71,1403.50,567.21,1224,1130,5363,76007,81371,18157,63214,0,10,11836.8,14033032,24.5,32
n100k_d128_ip,100000,128,ip,cluster,0.1000,0.1000,10000,D_large24_standard,large,STANDARD,24,1,48,250,10,0.2230,3990.8,252.62,275.83,280.00,300.42,250.58,1994,1994,1994,0,1994,0,0,257,2,10422.4,20424136,30.4,48
n100k_d128_ip,100000,128,ip,cluster,0.1000,0.1000,10000,E_large24_acorn1,large,ACORN,24,1,48,250,10,0.7150,1346.2,886.54,1146.29,1172.08,1324.83,742.82,1249,1127,6907,127681,134590,27553,107037,0,10,10422.4,20424136,30.4,48
n100k_d128_ip,100000,128,ip,cluster,0.1000,0.1000,10000,D_large48_standard,large,STANDARD,48,1,96,250,10,0.2290,3878.5,258.33,283.96,290.79,292.58,257.83,2102,2102,2102,0,2102,0,0,255,3,9627.1,39618184,35.7,96
n100k_d128_ip,100000,128,ip,cluster,0.1000,0.1000,10000,E_large48_acorn1,large,ACORN,48,1,96,250,10,0.8680,942.9,1240.00,1565.04,1694.42,1872.00,1060.56,1454,1241,8663,211754,220418,39903,180515,0,10,9627.1,39618184,35.7,96
n100k_d128_ip,100000,128,ip,cluster,0.1000,0.1000,10000,C_acorn_g4,acorn,ACORN,16,4,16,250,10,0.3880,3854.4,260.00,350.62,384.88,524.46,259.44,882,834,5710,19800,25512,7872,17639,0,10,12336.4,18532104,24.5,40
n100k_d128_ip,100000,128,ip,cluster,0.1000,0.1000,10000,C_acorn_g8,acorn,ACORN,16,8,16,250,10,0.4330,3618.6,268.21,390.92,468.58,533.75,276.35,1034,976,5996,19296,25293,8247,17046,0,10,19233.8,20264200,24.6,40
n100k_d128_ip,100000,128,ip,cluster,0.1000,0.1000,10000,C_acorn_g16,acorn,ACORN,16,16,16,250,10,0.6150,3334.2,295.58,402.96,490.88,670.92,299.92,1092,1030,6079,20046,26127,8123,18003,0,10,39363.7,23728392,24.6,40
n100k_d128_ip,100000,128,ip,cluster,0.1000,0.1000,10000,C_acorn_g32,acorn,ACORN,16,32,16,250,10,0.4740,3356.5,286.00,438.71,487.83,565.38,297.93,959,905,6285,23999,30285,8490,21795,0,10,99104.9,30656776,24.6,40
n100k_d128_ip,100000,128,ip,cluster,0.1000,0.1000,10000,A_std_standard,std,STANDARD,16,1,32,500,10,0.2200,2106.9,474.25,496.04,606.50,1024.21,474.63,2087,2087,2087,0,2087,0,0,513,2,11836.8,14033032,24.5,32
n100k_d128_ip,100000,128,ip,cluster,0.1000,0.1000,10000,B_std_acorn1,std,ACORN,16,1,32,500,10,0.5880,992.7,969.42,1642.29,2191.04,2707.04,1007.40,1908,1814,10911,121610,132523,35337,97185,0,10,11836.8,14033032,24.5,32
n100k_d128_ip,100000,128,ip,cluster,0.1000,0.1000,10000,D_large24_standard,large,STANDARD,24,1,48,500,10,0.2290,2103.8,480.83,502.75,522.67,523.62,475.33,2074,2074,2074,0,2074,0,0,507,3,10422.4,20424136,30.4,48
n100k_d128_ip,100000,128,ip,cluster,0.1000,0.1000,10000,E_large24_acorn1,large,ACORN,24,1,48,500,10,0.7440,702.0,1355.58,2594.08,2913.50,3041.79,1424.44,1951,1830,14445,221617,236063,54141,181922,0,10,10422.4,20424136,30.4,48
n100k_d128_ip,100000,128,ip,cluster,0.1000,0.1000,10000,D_large48_standard,large,STANDARD,48,1,96,500,10,0.2350,2057.5,490.38,514.33,524.42,527.29,486.03,2169,2169,2169,0,2169,0,0,505,5,9627.1,39618184,35.7,96
n100k_d128_ip,100000,128,ip,cluster,0.1000,0.1000,10000,E_large48_acorn1,large,ACORN,48,1,96,500,10,0.9390,513.5,2332.00,2877.12,3188.17,3422.46,1947.26,2225,2013,17175,365853,383029,76065,306964,0,10,9627.1,39618184,35.7,96
n100k_d128_ip,100000,128,ip,cluster,0.1000,0.1000,10000,C_acorn_g4,acorn,ACORN,16,4,16,500,10,0.3940,2372.9,405.67,701.50,738.25,1002.50,421.42,980,932,9286,26566,35854,13457,22396,0,10,12336.4,18532104,24.5,40
n100k_d128_ip,100000,128,ip,cluster,0.1000,0.1000,10000,C_acorn_g8,acorn,ACORN,16,8,16,500,10,0.4390,2100.5,426.12,764.83,1037.67,1094.58,476.07,1194,1136,10427,26977,37405,15077,22328,0,10,19233.8,20264200,24.6,40
n100k_d128_ip,100000,128,ip,cluster,0.1000,0.1000,10000,C_acorn_g16,acorn,ACORN,16,16,16,500,10,0.6470,1671.0,598.54,789.54,1030.42,1230.96,598.46,1343,1282,12193,40091,52285,16626,35659,0,10,39363.7,23728392,24.6,40
n100k_d128_ip,100000,128,ip,cluster,0.1000,0.1000,10000,C_acorn_g32,acorn,ACORN,16,32,16,500,10,0.4950,1671.2,559.88,927.96,1040.25,1086.54,598.38,1759,1704,12036,36766,48804,17557,31247,0,10,99104.9,30656776,24.6,40
n100k_d128_ip,100000,128,ip,cluster,0.1000,0.1000,10000,F_exact,exact,EXACT,16,0,0,0,100,1.0000,1160.9,860.83,886.00,894.29,898.79,861.37,10000,0,0,0,100000,0,0,0,100,0.0,0,0.0,0
n100k_d128_ip,100000,128,ip,cluster,0.1000,0.1000,10000,A_std_standard,std,STANDARD,16,1,32,50,100,0.1461,12027.4,84.42,93.04,100.38,155.29,83.14,1038,1038,1038,0,1038,0,0,59,20,11836.8,14033032,24.5,32
n100k_d128_ip,100000,128,ip,cluster,0.1000,0.1000,10000,B_std_acorn1,std,ACORN,16,1,32,50,100,0.4522,7426.4,128.54,226.00,276.79,357.04,134.65,747,653,804,13121,13927,2775,11151,0,98,11836.8,14033032,24.5,32
n100k_d128_ip,100000,128,ip,cluster,0.1000,0.1000,10000,D_large24_standard,large,STANDARD,24,1,48,50,100,0.1626,10724.6,93.62,107.58,115.00,120.08,93.24,1209,1209,1209,0,1209,0,0,57,19,10422.4,20424136,30.4,48
n100k_d128_ip,100000,128,ip,cluster,0.1000,0.1000,10000,E_large24_acorn1,large,ACORN,24,1,48,50,100,0.6332,5391.3,189.92,302.75,325.33,355.00,185.49,783,661,1096,23753,24850,4664,20185,0,100,10422.4,20424136,30.4,48
n100k_d128_ip,100000,128,ip,cluster,0.1000,0.1000,10000,D_large48_standard,large,STANDARD,48,1,96,50,100,0.1775,9806.5,102.33,115.96,122.62,139.50,101.97,1433,1433,1433,0,1433,0,0,56,20,9627.1,39618184,35.7,96
n100k_d128_ip,100000,128,ip,cluster,0.1000,0.1000,10000,E_large48_acorn1,large,ACORN,48,1,96,50,100,0.7946,3602.0,278.25,461.92,546.08,644.54,277.62,1052,840,1566,44367,45935,7956,37978,0,100,9627.1,39618184,35.7,96
n100k_d128_ip,100000,128,ip,cluster,0.1000,0.1000,10000,C_acorn_g4,acorn,ACORN,16,4,16,50,100,0.3203,12209.0,78.00,107.50,128.33,201.83,81.91,546,498,1316,3715,5032,1546,3486,0,98,12336.4,18532104,24.5,40
n100k_d128_ip,100000,128,ip,cluster,0.1000,0.1000,10000,C_acorn_g8,acorn,ACORN,16,8,16,50,100,0.3731,11760.4,79.25,122.79,146.21,175.67,85.03,604,546,1420,3468,4890,1610,3279,0,99,19233.8,20264200,24.6,40
n100k_d128_ip,100000,128,ip,cluster,0.1000,0.1000,10000,C_acorn_g16,acorn,ACORN,16,16,16,50,100,0.5152,10385.2,87.67,147.50,202.25,242.25,96.29,625,563,1544,4015,5560,1666,3894,0,99,39363.7,23728392,24.6,40
n100k_d128_ip,100000,128,ip,cluster,0.1000,0.1000,10000,C_acorn_g32,acorn,ACORN,16,32,16,50,100,0.3935,11107.8,85.12,138.75,149.38,163.42,90.03,555,500,1565,4437,6004,1628,4375,0,99,99104.9,30656776,24.6,40
n100k_d128_ip,100000,128,ip,cluster,0.1000,0.1000,10000,A_std_standard,std,STANDARD,16,1,32,100,100,0.1837,8091.1,123.29,140.50,149.21,204.62,123.59,1461,1461,1461,0,1461,0,0,108,21,11836.8,14033032,24.5,32
n100k_d128_ip,100000,128,ip,cluster,0.1000,0.1000,10000,B_std_acorn1,std,ACORN,16,1,32,100,100,0.5135,4249.0,240.04,410.04,441.12,483.88,235.35,962,868,1788,28635,30424,6260,24164,0,100,11836.8,14033032,24.5,32
n100k_d128_ip,100000,128,ip,cluster,0.1000,0.1000,10000,D_large24_standard,large,STANDARD,24,1,48,100,100,0.1935,7588.3,132.12,151.38,160.58,169.62,131.78,1631,1631,1631,0,1631,0,0,107,20,10422.4,20424136,30.4,48
n100k_d128_ip,100000,128,ip,cluster,0.1000,0.1000,10000,E_large24_acorn1,large,ACORN,24,1,48,100,100,0.6852,3143.3,344.12,507.46,548.83,575.08,318.13,941,820,2433,50525,52959,10305,42654,0,100,10422.4,20424136,30.4,48
n100k_d128_ip,100000,128,ip,cluster,0.1000,0.1000,10000,D_large48_standard,large,STANDARD,48,1,96,100,100,0.2011,7127.1,140.54,162.54,171.46,173.12,140.31,1814,1814,1814,0,1814,0,0,106,21,9627.1,39618184,35.7,96
n100k_d128_ip,100000,128,ip,cluster,0.1000,0.1000,10000,E_large48_acorn1,large,ACORN,48,1,96,100,100,0.8383,2120.5,504.25,756.46,868.79,1144.58,471.58,1164,951,3330,88748,92079,15895,76184,0,100,9627.1,39618184,35.7,96
n100k_d128_ip,100000,128,ip,cluster,0.1000,0.1000,10000,C_acorn_g4,acorn,ACORN,16,4,16,100,100,0.3663,8098.1,116.21,169.92,248.42,358.12,123.49,701,653,2439,7846,10286,3099,7187,0,98,12336.4,18532104,24.5,40
n100k_d128_ip,100000,128,ip,cluster,0.1000,0.1000,10000,C_acorn_g8,acorn,ACORN,16,8,16,100,100,0.4128,7797.4,118.79,198.71,237.75,256.75,128.25,789,731,2538,7314,9853,3221,6631,0,100,19233.8,20264200,24.6,40
n100k_d128_ip,100000,128,ip,cluster,0.1000,0.1000,10000,C_acorn_g16,acorn,ACORN,16,16,16,100,100,0.5788,6936.1,132.08,250.62,308.00,344.58,144.17,813,752,2677,8166,10845,3236,7608,0,100,39363.7,23728392,24.6,40
n100k_d128_ip,100000,128,ip,cluster,0.1000,0.1000,10000,C_acorn_g32,acorn,ACORN,16,32,16,100,100,0.4360,7100.3,130.04,218.88,250.29,278.38,140.84,713,658,2732,9161,11894,3259,8635,0,99,99104.9,30656776,24.6,40
n100k_d128_ip,100000,128,ip,cluster,0.1000,0.1000,10000,A_std_standard,std,STANDARD,16,1,32,250,100,0.2077,4074.0,247.67,267.67,285.42,358.29,245.46,1920,1920,1920,0,1920,0,0,258,22,11836.8,14033032,24.5,32
n100k_d128_ip,100000,128,ip,cluster,0.1000,0.1000,10000,B_std_acorn1,std,ACORN,16,1,32,250,100,0.5739,1830.9,615.92,847.67,1277.12,1316.75,546.18,1224,1130,5363,76007,81371,18157,63214,0,100,11836.8,14033032,24.5,32
n100k_d128_ip,100000,128,ip,cluster,0.1000,0.1000,10000,D_large24_standard,large,STANDARD,24,1,48,250,100,0.2092,3947.6,254.83,278.29,283.75,292.08,253.32,1994,1994,1994,0,1994,0,0,257,21,10422.4,20424136,30.4,48
n100k_d128_ip,100000,128,ip,cluster,0.1000,0.1000,10000,E_large24_acorn1,large,ACORN,24,1,48,250,100,0.7211,1341.8,902.38,1144.29,1173.04,1175.96,745.29,1249,1127,6907,127681,134590,27553,107037,0,100,10422.4,20424136,30.4,48
n100k_d128_ip,100000,128,ip,cluster,0.1000,0.1000,10000,D_large48_standard,large,STANDARD,48,1,96,250,100,0.2120,3838.1,263.62,283.46,292.42,301.50,260.54,2102,2102,2102,0,2102,0,0,255,22,9627.1,39618184,35.7,96
n100k_d128_ip,100000,128,ip,cluster,0.1000,0.1000,10000,E_large48_acorn1,large,ACORN,48,1,96,250,100,0.8784,935.4,1245.04,1564.62,1711.62,2139.17,1069.06,1454,1241,8663,211754,220418,39903,180515,0,100,9627.1,39618184,35.7,96
n100k_d128_ip,100000,128,ip,cluster,0.1000,0.1000,10000,C_acorn_g4,acorn,ACORN,16,4,16,250,100,0.3983,3738.7,268.21,365.54,402.62,545.29,267.47,882,834,5710,19800,25512,7872,17639,0,98,12336.4,18532104,24.5,40
n100k_d128_ip,100000,128,ip,cluster,0.1000,0.1000,10000,C_acorn_g8,acorn,ACORN,16,8,16,250,100,0.4503,3505.8,279.38,403.92,470.83,525.79,285.24,1034,976,5996,19296,25293,8247,17046,0,100,19233.8,20264200,24.6,40
n100k_d128_ip,100000,128,ip,cluster,0.1000,0.1000,10000,C_acorn_g16,acorn,ACORN,16,16,16,250,100,0.6248,3253.6,301.75,429.79,498.46,682.12,307.35,1092,1030,6079,20046,26127,8123,18003,0,100,39363.7,23728392,24.6,40
n100k_d128_ip,100000,128,ip,cluster,0.1000,0.1000,10000,C_acorn_g32,acorn,ACORN,16,32,16,250,100,0.4809,3252.8,291.33,450.96,493.21,577.29,307.42,959,905,6285,23999,30285,8490,21795,0,99,99104.9,30656776,24.6,40
n100k_d128_ip,100000,128,ip,cluster,0.1000,0.1000,10000,A_std_standard,std,STANDARD,16,1,32,500,100,0.2104,2115.4,471.33,497.42,616.42,1044.54,472.71,2087,2087,2087,0,2087,0,0,513,22,11836.8,14033032,24.5,32
n100k_d128_ip,100000,128,ip,cluster,0.1000,0.1000,10000,B_std_acorn1,std,ACORN,16,1,32,500,100,0.5868,1001.8,945.38,1574.75,2180.42,2744.83,998.22,1908,1814,10911,121610,132523,35337,97185,0,100,11836.8,14033032,24.5,32
n100k_d128_ip,100000,128,ip,cluster,0.1000,0.1000,10000,D_large24_standard,large,STANDARD,24,1,48,500,100,0.2123,2103.7,478.88,500.17,519.33,524.58,475.35,2074,2074,2074,0,2074,0,0,507,21,10422.4,20424136,30.4,48
n100k_d128_ip,100000,128,ip,cluster,0.1000,0.1000,10000,E_large24_acorn1,large,ACORN,24,1,48,500,100,0.7633,710.0,1355.92,2534.17,2802.08,2899.29,1408.36,1951,1830,14445,221617,236063,54141,181922,0,100,10422.4,20424136,30.4,48
n100k_d128_ip,100000,128,ip,cluster,0.1000,0.1000,10000,D_large48_standard,large,STANDARD,48,1,96,500,100,0.2171,2053.6,489.21,517.54,528.21,538.58,486.96,2169,2169,2169,0,2169,0,0,505,24,9627.1,39618184,35.7,96
n100k_d128_ip,100000,128,ip,cluster,0.1000,0.1000,10000,E_large48_acorn1,large,ACORN,48,1,96,500,100,0.9360,507.5,2396.62,2892.88,3204.83,3472.88,1970.58,2225,2013,17175,365853,383029,76065,306964,0,100,9627.1,39618184,35.7,96
n100k_d128_ip,100000,128,ip,cluster,0.1000,0.1000,10000,C_acorn_g4,acorn,ACORN,16,4,16,500,100,0.4059,2323.2,418.12,715.50,745.00,1010.67,430.43,980,932,9286,26566,35854,13457,22396,0,98,12336.4,18532104,24.5,40
n100k_d128_ip,100000,128,ip,cluster,0.1000,0.1000,10000,C_acorn_g8,acorn,ACORN,16,8,16,500,100,0.4567,2059.5,442.92,795.50,1054.42,1109.38,485.55,1194,1136,10427,26977,37405,15077,22328,0,100,19233.8,20264200,24.6,40
n100k_d128_ip,100000,128,ip,cluster,0.1000,0.1000,10000,C_acorn_g16,acorn,ACORN,16,16,16,500,100,0.6559,1632.5,613.42,825.04,1033.79,1242.58,612.54,1343,1282,12193,40091,52285,16626,35659,0,100,39363.7,23728392,24.6,40
n100k_d128_ip,100000,128,ip,cluster,0.1000,0.1000,10000,C_acorn_g32,acorn,ACORN,16,32,16,500,100,0.5107,1635.3,567.12,945.33,1052.75,1058.88,611.52,1759,1704,12036,36766,48804,17557,31247,0,99,99104.9,30656776,24.6,40
n100k_d128_ip,100000,128,ip,cluster,0.0500,0.0500,5000,F_exact,exact,EXACT,16,0,0,0,10,1.0000,2170.1,459.50,480.29,494.38,500.75,460.82,5000,0,0,0,100000,0,0,0,10,0.0,0,0.0,0
n100k_d128_ip,100000,128,ip,cluster,0.0500,0.0500,5000,A_std_standard,std,STANDARD,16,1,32,50,10,0.0860,14314.8,70.75,80.83,85.79,128.00,69.86,1037,1037,1037,0,1037,0,0,59,1,11836.8,14033032,24.5,32
n100k_d128_ip,100000,128,ip,cluster,0.0500,0.0500,5000,B_std_acorn1,std,ACORN,16,1,32,50,10,0.7990,9807.0,101.92,147.96,248.46,253.88,101.97,849,753,730,8814,9546,2991,6554,0,10,11836.8,14033032,24.5,32
n100k_d128_ip,100000,128,ip,cluster,0.0500,0.0500,5000,D_large24_standard,large,STANDARD,24,1,48,50,10,0.0940,12632.1,80.50,86.50,88.67,110.46,79.16,1209,1209,1209,0,1209,0,0,57,1,10422.4,20424136,30.4,48
n100k_d128_ip,100000,128,ip,cluster,0.0500,0.0500,5000,E_large24_acorn1,large,ACORN,24,1,48,50,10,0.7880,7630.5,140.04,183.54,212.50,224.33,131.05,957,848,927,13224,14152,5099,9053,0,10,10422.4,20424136,30.4,48
n100k_d128_ip,100000,128,ip,cluster,0.0500,0.0500,5000,D_large48_standard,large,STANDARD,48,1,96,50,10,0.0960,11441.5,88.38,96.62,105.88,117.75,87.40,1433,1433,1433,0,1433,0,0,56,1,9627.1,39618184,35.7,96
n100k_d128_ip,100000,128,ip,cluster,0.0500,0.0500,5000,E_large48_acorn1,large,ACORN,48,1,96,50,10,0.8840,4459.3,229.54,307.33,495.33,623.71,224.25,1220,1003,1468,31906,33376,9986,23389,0,10,9627.1,39618184,35.7,96
n100k_d128_ip,100000,128,ip,cluster,0.0500,0.0500,5000,C_acorn_g4,acorn,ACORN,16,4,16,50,10,0.6280,16058.7,59.62,84.04,98.75,113.92,62.27,632,582,1333,2396,3730,1710,2020,0,10,12336.4,18532104,24.5,40
n100k_d128_ip,100000,128,ip,cluster,0.0500,0.0500,5000,C_acorn_g8,acorn,ACORN,16,8,16,50,10,0.8090,14729.4,63.79,94.62,103.12,133.38,67.89,616,553,1526,3165,4692,1649,3043,0,10,19233.8,20264200,24.6,40
n100k_d128_ip,100000,128,ip,cluster,0.0500,0.0500,5000,C_acorn_g16,acorn,ACORN,16,16,16,50,10,0.7990,14664.0,65.08,92.08,105.33,125.75,68.19,625,559,1732,3141,4874,1645,3229,0,10,39363.7,23728392,24.6,40
n100k_d128_ip,100000,128,ip,cluster,0.0500,0.0500,5000,C_acorn_g32,acorn,ACORN,16,32,16,50,10,0.6950,16271.0,63.29,87.96,102.21,104.67,61.46,602,535,1875,2393,4270,1596,2673,0,9,99104.9,30656776,24.6,40
n100k_d128_ip,100000,128,ip,cluster,0.0500,0.0500,5000,A_std_standard,std,STANDARD,16,1,32,100,10,0.0950,8356.0,121.54,130.83,135.38,189.83,119.67,1461,1461,1461,0,1461,0,0,108,1,11836.8,14033032,24.5,32
n100k_d128_ip,100000,128,ip,cluster,0.0500,0.0500,5000,B_std_acorn1,std,ACORN,16,1,32,100,10,0.9370,4885.3,217.21,285.88,365.21,482.42,204.69,1031,935,1792,22795,24589,7777,16812,0,10,11836.8,14033032,24.5,32
n100k_d128_ip,100000,128,ip,cluster,0.0500,0.0500,5000,D_large24_standard,large,STANDARD,24,1,48,100,10,0.1000,7807.6,130.08,142.38,145.00,146.96,128.08,1631,1631,1631,0,1631,0,0,107,1,10422.4,20424136,30.4,48
n100k_d128_ip,100000,128,ip,cluster,0.0500,0.0500,5000,E_large24_acorn1,large,ACORN,24,1,48,100,10,0.8450,3675.3,307.50,370.12,449.83,553.67,272.09,1099,991,2308,34124,36434,13197,23236,0,10,10422.4,20424136,30.4,48
n100k_d128_ip,100000,128,ip,cluster,0.0500,0.0500,5000,D_large48_standard,large,STANDARD,48,1,96,100,10,0.1040,7312.5,138.08,151.62,161.38,170.62,136.75,1814,1814,1814,0,1814,0,0,106,1,9627.1,39618184,35.7,96
n100k_d128_ip,100000,128,ip,cluster,0.0500,0.0500,5000,E_large48_acorn1,large,ACORN,48,1,96,100,10,0.9350,2293.4,470.00,621.21,712.67,818.21,436.03,1314,1097,3240,67340,70581,23205,47376,0,10,9627.1,39618184,35.7,96
n100k_d128_ip,100000,128,ip,cluster,0.0500,0.0500,5000,C_acorn_g4,acorn,ACORN,16,4,16,100,10,0.7630,8754.4,108.71,147.75,192.42,248.79,114.23,824,774,2493,5214,7709,3495,4214,0,10,12336.4,18532104,24.5,40
n100k_d128_ip,100000,128,ip,cluster,0.0500,0.0500,5000,C_acorn_g8,acorn,ACORN,16,8,16,100,10,0.8840,8809.6,109.04,161.42,167.92,168.29,113.51,774,712,2569,6042,8612,3270,5342,0,10,19233.8,20264200,24.6,40
n100k_d128_ip,100000,128,ip,cluster,0.0500,0.0500,5000,C_acorn_g16,acorn,ACORN,16,16,16,100,10,0.9280,8150.0,115.12,166.71,177.00,262.17,122.70,863,797,2892,6325,9218,3409,5809,0,10,39363.7,23728392,24.6,40
n100k_d128_ip,100000,128,ip,cluster,0.0500,0.0500,5000,C_acorn_g32,acorn,ACORN,16,32,16,100,10,0.8250,8967.6,113.12,159.42,205.62,222.21,111.51,807,740,2908,5004,7913,3248,4665,0,9,99104.9,30656776,24.6,40
n100k_d128_ip,100000,128,ip,cluster,0.0500,0.0500,5000,A_std_standard,std,STANDARD,16,1,32,250,10,0.1040,4109.7,246.29,267.04,289.54,338.38,243.33,1920,1920,1920,0,1920,0,0,258,1,11836.8,14033032,24.5,32
n100k_d128_ip,100000,128,ip,cluster,0.0500,0.0500,5000,B_std_acorn1,std,ACORN,16,1,32,250,10,0.9700,1935.7,570.46,658.38,722.04,945.75,516.61,1149,1053,5321,62834,68156,25234,42922,0,10,11836.8,14033032,24.5,32
n100k_d128_ip,100000,128,ip,cluster,0.0500,0.0500,5000,D_large24_standard,large,STANDARD,24,1,48,250,10,0.1030,4010.4,252.00,273.54,277.50,281.88,249.35,1994,1994,1994,0,1994,0,0,257,1,10422.4,20424136,30.4,48
n100k_d128_ip,100000,128,ip,cluster,0.0500,0.0500,5000,E_large24_acorn1,large,ACORN,24,1,48,250,10,0.9060,1348.7,838.58,975.08,1435.42,1514.00,741.47,1237,1128,6966,103632,110600,41697,68902,0,10,10422.4,20424136,30.4,48
n100k_d128_ip,100000,128,ip,cluster,0.0500,0.0500,5000,D_large48_standard,large,STANDARD,48,1,96,250,10,0.1120,3897.0,258.54,279.08,286.62,286.79,256.61,2102,2102,2102,0,2102,0,0,255,1,9627.1,39618184,35.7,96
n100k_d128_ip,100000,128,ip,cluster,0.0500,0.0500,5000,E_large48_acorn1,large,ACORN,48,1,96,250,10,0.9670,922.7,1211.04,1381.96,1444.79,1751.54,1083.75,1446,1230,8659,170697,179357,65824,113533,0,10,9627.1,39618184,35.7,96
n100k_d128_ip,100000,128,ip,cluster,0.0500,0.0500,5000,C_acorn_g4,acorn,ACORN,16,4,16,250,10,0.8360,3615.0,265.00,361.08,484.83,497.67,276.63,1008,958,6104,16358,22463,9867,12596,0,10,12336.4,18532104,24.5,40
n100k_d128_ip,100000,128,ip,cluster,0.0500,0.0500,5000,C_acorn_g8,acorn,ACORN,16,8,16,250,10,0.9250,3913.5,266.17,344.42,390.21,394.38,255.53,918,856,5767,16239,22007,9087,12920,0,10,19233.8,20264200,24.6,40
n100k_d128_ip,100000,128,ip,cluster,0.0500,0.0500,5000,C_acorn_g16,acorn,ACORN,16,16,16,250,10,0.9860,3543.2,274.58,356.21,400.92,439.71,282.23,1108,1041,6427,17299,23728,9648,14079,0,10,39363.7,23728392,24.6,40
n100k_d128_ip,100000,128,ip,cluster,0.0500,0.0500,5000,C_acorn_g32,acorn,ACORN,16,32,16,250,10,0.8970,3877.6,272.58,373.12,415.08,431.08,257.89,992,925,6083,14904,20988,8894,12093,0,9,99104.9,30656776,24.6,40
n100k_d128_ip,100000,128,ip,cluster,0.0500,0.0500,5000,A_std_standard,std,STANDARD,16,1,32,500,10,0.1050,2124.5,469.33,499.58,601.21,1025.75,470.69,2087,2087,2087,0,2087,0,0,513,1,11836.8,14033032,24.5,32
n100k_d128_ip,100000,128,ip,cluster,0.0500,0.0500,5000,B_std_acorn1,std,ACORN,16,1,32,500,10,0.9970,897.6,1235.62,1352.88,1642.21,1799.08,1114.12,1258,1162,11621,135617,147239,56839,90399,0,10,11836.8,14033032,24.5,32
n100k_d128_ip,100000,128,ip,cluster,0.0500,0.0500,5000,D_large24_standard,large,STANDARD,24,1,48,500,10,0.1070,2118.6,474.96,500.46,513.12,525.25,472.02,2074,2074,2074,0,2074,0,0,507,1,10422.4,20424136,30.4,48
n100k_d128_ip,100000,128,ip,cluster,0.0500,0.0500,5000,E_large24_acorn1,large,ACORN,24,1,48,500,10,0.9570,637.0,1754.00,1920.42,2499.17,2668.71,1569.87,1323,1215,14778,220615,235395,90151,145243,0,10,10422.4,20424136,30.4,48
n100k_d128_ip,100000,128,ip,cluster,0.0500,0.0500,5000,D_large48_standard,large,STANDARD,48,1,96,500,10,0.1170,2081.5,485.71,510.04,521.88,522.75,480.42,2169,2169,2169,0,2169,0,0,505,2,9627.1,39618184,35.7,96
n100k_d128_ip,100000,128,ip,cluster,0.0500,0.0500,5000,E_large48_acorn1,large,ACORN,48,1,96,500,10,0.9870,456.1,2465.33,2660.33,2843.50,2897.21,2192.33,1598,1382,17681,342294,359977,136950,223026,0,10,9627.1,39618184,35.7,96
n100k_d128_ip,100000,128,ip,cluster,0.0500,0.0500,5000,C_acorn_g4,acorn,ACORN,16,4,16,500,10,0.8560,1715.6,579.62,698.96,804.83,841.12,582.88,1067,1018,12265,37881,50148,21948,28199,0,10,12336.4,18532104,24.5,40
n100k_d128_ip,100000,128,ip,cluster,0.0500,0.0500,5000,C_acorn_g8,acorn,ACORN,16,8,16,500,10,0.9300,1871.0,577.71,709.08,806.04,817.17,534.47,983,921,11273,35205,46479,19977,26502,0,10,19233.8,20264200,24.6,40
n100k_d128_ip,100000,128,ip,cluster,0.0500,0.0500,5000,C_acorn_g16,acorn,ACORN,16,16,16,500,10,0.9960,1632.6,603.29,719.54,826.42,853.38,612.52,1228,1162,12504,38474,50979,21607,29372,0,10,39363.7,23728392,24.6,40
n100k_d128_ip,100000,128,ip,cluster,0.0500,0.0500,5000,C_acorn_g32,acorn,ACORN,16,32,16,500,10,0.9020,1822.9,594.12,747.75,850.54,859.67,548.57,1101,1035,11619,33958,45579,19691,25887,0,9,99104.9,30656776,24.6,40
n100k_d128_ip,100000,128,ip,cluster,0.0500,0.0500,5000,F_exact,exact,EXACT,16,0,0,0,100,1.0000,2164.6,461.42,470.62,474.88,475.79,461.98,5000,0,0,0,100000,0,0,0,100,0.0,0,0.0,0
n100k_d128_ip,100000,128,ip,cluster,0.0500,0.0500,5000,A_std_standard,std,STANDARD,16,1,32,50,100,0.0755,12202.1,82.58,90.96,102.04,153.38,81.95,1038,1038,1038,0,1038,0,0,59,10,11836.8,14033032,24.5,32
n100k_d128_ip,100000,128,ip,cluster,0.0500,0.0500,5000,B_std_acorn1,std,ACORN,16,1,32,50,100,0.7941,8503.9,117.25,166.96,249.46,266.83,117.59,849,753,730,8814,9546,2991,6554,0,99,11836.8,14033032,24.5,32
n100k_d128_ip,100000,128,ip,cluster,0.0500,0.0500,5000,D_large24_standard,large,STANDARD,24,1,48,50,100,0.0821,11000.4,92.04,104.42,110.33,116.17,90.91,1209,1209,1209,0,1209,0,0,57,9,10422.4,20424136,30.4,48
n100k_d128_ip,100000,128,ip,cluster,0.0500,0.0500,5000,E_large24_acorn1,large,ACORN,24,1,48,50,100,0.7933,6716.3,156.79,196.08,222.17,232.88,148.89,957,848,927,13224,14152,5099,9053,0,100,10422.4,20424136,30.4,48
n100k_d128_ip,100000,128,ip,cluster,0.0500,0.0500,5000,D_large48_standard,large,STANDARD,48,1,96,50,100,0.0876,9987.9,101.21,113.67,121.62,121.62,100.12,1433,1433,1433,0,1433,0,0,56,9,9627.1,39618184,35.7,96
n100k_d128_ip,100000,128,ip,cluster,0.0500,0.0500,5000,E_large48_acorn1,large,ACORN,48,1,96,50,100,0.8901,4089.3,246.46,327.12,531.88,664.17,244.54,1220,1003,1468,31907,33376,9986,23389,0,100,9627.1,39618184,35.7,96
n100k_d128_ip,100000,128,ip,cluster,0.0500,0.0500,5000,C_acorn_g4,acorn,ACORN,16,4,16,50,100,0.6368,12745.7,76.38,103.00,116.54,137.75,78.46,632,582,1333,2396,3730,1710,2020,0,99,12336.4,18532104,24.5,40
n100k_d128_ip,100000,128,ip,cluster,0.0500,0.0500,5000,C_acorn_g8,acorn,ACORN,16,8,16,50,100,0.7183,12207.8,79.08,110.79,120.92,137.25,81.91,616,553,1526,3165,4692,1649,3043,0,96,19233.8,20264200,24.6,40
n100k_d128_ip,100000,128,ip,cluster,0.0500,0.0500,5000,C_acorn_g16,acorn,ACORN,16,16,16,50,100,0.7469,11925.9,81.75,112.04,124.79,134.25,83.85,625,559,1732,3141,4875,1645,3230,0,99,39363.7,23728392,24.6,40
n100k_d128_ip,100000,128,ip,cluster,0.0500,0.0500,5000,C_acorn_g32,acorn,ACORN,16,32,16,50,100,0.6709,13163.5,79.46,104.75,117.58,128.67,75.97,602,535,1875,2393,4270,1596,2673,0,90,99104.9,30656776,24.6,40
n100k_d128_ip,100000,128,ip,cluster,0.0500,0.0500,5000,A_std_standard,std,STANDARD,16,1,32,100,100,0.0904,8204.1,122.67,139.29,146.62,190.25,121.89,1461,1461,1461,0,1461,0,0,108,10,11836.8,14033032,24.5,32
n100k_d128_ip,100000,128,ip,cluster,0.0500,0.0500,5000,B_std_acorn1,std,ACORN,16,1,32,100,100,0.9271,4653.6,225.54,298.00,379.00,493.62,214.89,1031,935,1792,22795,24589,7777,16812,0,100,11836.8,14033032,24.5,32
n100k_d128_ip,100000,128,ip,cluster,0.0500,0.0500,5000,D_large24_standard,large,STANDARD,24,1,48,100,100,0.0936,7689.2,131.46,144.42,158.62,160.25,130.05,1631,1631,1631,0,1631,0,0,107,9,10422.4,20424136,30.4,48
n100k_d128_ip,100000,128,ip,cluster,0.0500,0.0500,5000,E_large24_acorn1,large,ACORN,24,1,48,100,100,0.8697,3578.3,314.17,376.04,463.79,555.00,279.46,1099,991,2308,34124,36434,13197,23236,0,100,10422.4,20424136,30.4,48
n100k_d128_ip,100000,128,ip,cluster,0.0500,0.0500,5000,D_large48_standard,large,STANDARD,48,1,96,100,100,0.0957,7200.9,140.04,154.54,166.38,172.50,138.87,1814,1814,1814,0,1814,0,0,106,9,9627.1,39618184,35.7,96
n100k_d128_ip,100000,128,ip,cluster,0.0500,0.0500,5000,E_large48_acorn1,large,ACORN,48,1,96,100,100,0.9438,2240.9,478.42,614.92,750.46,839.00,446.24,1314,1097,3240,67340,70581,23205,47376,0,100,9627.1,39618184,35.7,96
n100k_d128_ip,100000,128,ip,cluster,0.0500,0.0500,5000,C_acorn_g4,acorn,ACORN,16,4,16,100,100,0.7683,8268.4,114.71,154.54,205.83,239.29,120.94,824,774,2493,5214,7709,3495,4214,0,100,12336.4,18532104,24.5,40
n100k_d128_ip,100000,128,ip,cluster,0.0500,0.0500,5000,C_acorn_g8,acorn,ACORN,16,8,16,100,100,0.8304,8363.0,116.33,167.71,178.42,179.79,119.57,774,712,2569,6042,8612,3270,5342,0,96,19233.8,20264200,24.6,40
n100k_d128_ip,100000,128,ip,cluster,0.0500,0.0500,5000,C_acorn_g16,acorn,ACORN,16,16,16,100,100,0.8964,7696.1,122.25,167.46,185.54,279.71,129.94,863,797,2892,6325,9218,3409,5809,0,100,39363.7,23728392,24.6,40
n100k_d128_ip,100000,128,ip,cluster,0.0500,0.0500,5000,C_acorn_g32,acorn,ACORN,16,32,16,100,100,0.8103,8493.2,119.29,169.54,220.62,231.29,117.74,807,740,2908,5004,7913,3248,4665,0,90,99104.9,30656776,24.6,40
n100k_d128_ip,100000,128,ip,cluster,0.0500,0.0500,5000,A_std_standard,std,STANDARD,16,1,32,250,100,0.0967,4067.5,247.33,275.25,287.12,340.00,245.85,1920,1920,1920,0,1920,0,0,258,10,11836.8,14033032,24.5,32
n100k_d128_ip,100000,128,ip,cluster,0.0500,0.0500,5000,B_std_acorn1,std,ACORN,16,1,32,250,100,0.9613,1907.4,579.83,662.33,735.62,959.42,524.28,1149,1053,5321,62834,68156,25234,42922,0,100,11836.8,14033032,24.5,32
n100k_d128_ip,100000,128,ip,cluster,0.0500,0.0500,5000,D_large24_standard,large,STANDARD,24,1,48,250,100,0.0972,3999.1,252.83,272.54,283.17,290.25,250.06,1994,1994,1994,0,1994,0,0,257,9,10422.4,20424136,30.4,48
n100k_d128_ip,100000,128,ip,cluster,0.0500,0.0500,5000,E_large24_acorn1,large,ACORN,24,1,48,250,100,0.9268,1328.1,851.12,973.38,1476.38,1540.75,752.96,1237,1128,6966,103632,110600,41697,68902,0,100,10422.4,20424136,30.4,48
n100k_d128_ip,100000,128,ip,cluster,0.0500,0.0500,5000,D_large48_standard,large,STANDARD,48,1,96,250,100,0.1002,3891.3,259.54,282.21,287.08,296.50,256.99,2102,2102,2102,0,2102,0,0,255,10,9627.1,39618184,35.7,96
n100k_d128_ip,100000,128,ip,cluster,0.0500,0.0500,5000,E_large48_acorn1,large,ACORN,48,1,96,250,100,0.9751,908.2,1225.17,1395.50,1476.46,1865.71,1101.03,1446,1230,8659,170697,179357,65824,113533,0,100,9627.1,39618184,35.7,96
n100k_d128_ip,100000,128,ip,cluster,0.0500,0.0500,5000,C_acorn_g4,acorn,ACORN,16,4,16,250,100,0.8486,3545.0,272.96,360.83,466.12,495.12,282.09,1008,958,6104,16358,22463,9867,12596,0,100,12336.4,18532104,24.5,40
n100k_d128_ip,100000,128,ip,cluster,0.0500,0.0500,5000,C_acorn_g8,acorn,ACORN,16,8,16,250,100,0.8941,3759.0,274.75,358.71,405.25,405.75,266.03,918,856,5767,16239,22007,9087,12920,0,96,19233.8,20264200,24.6,40
n100k_d128_ip,100000,128,ip,cluster,0.0500,0.0500,5000,C_acorn_g16,acorn,ACORN,16,16,16,250,100,0.9814,3378.2,290.58,368.46,417.17,453.58,296.02,1108,1041,6427,17299,23728,9648,14079,0,100,39363.7,23728392,24.6,40
n100k_d128_ip,100000,128,ip,cluster,0.0500,0.0500,5000,C_acorn_g32,acorn,ACORN,16,32,16,250,100,0.8838,3784.4,279.17,378.08,419.04,423.12,264.24,992,925,6083,14904,20988,8894,12093,0,90,99104.9,30656776,24.6,40
n100k_d128_ip,100000,128,ip,cluster,0.0500,0.0500,5000,A_std_standard,std,STANDARD,16,1,32,500,100,0.0980,2114.8,471.58,501.38,604.58,1022.17,472.85,2087,2087,2087,0,2087,0,0,513,10,11836.8,14033032,24.5,32
n100k_d128_ip,100000,128,ip,cluster,0.0500,0.0500,5000,B_std_acorn1,std,ACORN,16,1,32,500,100,0.9946,881.5,1250.29,1442.67,1644.21,1830.12,1134.49,1258,1162,11621,135617,147239,56839,90399,0,100,11836.8,14033032,24.5,32
n100k_d128_ip,100000,128,ip,cluster,0.0500,0.0500,5000,D_large24_standard,large,STANDARD,24,1,48,500,100,0.0983,2096.6,478.12,510.83,529.88,532.67,476.96,2074,2074,2074,0,2074,0,0,507,10,10422.4,20424136,30.4,48
n100k_d128_ip,100000,128,ip,cluster,0.0500,0.0500,5000,E_large24_acorn1,large,ACORN,24,1,48,500,100,0.9656,632.0,1772.92,1934.21,2536.75,2688.96,1582.38,1323,1215,14778,220615,235395,90151,145243,0,100,10422.4,20424136,30.4,48
n100k_d128_ip,100000,128,ip,cluster,0.0500,0.0500,5000,D_large48_standard,large,STANDARD,48,1,96,500,100,0.1024,2068.6,487.33,512.12,523.12,533.83,483.41,2169,2169,2169,0,2169,0,0,505,11,9627.1,39618184,35.7,96
n100k_d128_ip,100000,128,ip,cluster,0.0500,0.0500,5000,E_large48_acorn1,large,ACORN,48,1,96,500,100,0.9915,452.7,2496.25,2672.38,2887.04,2903.00,2209.08,1598,1382,17681,342294,359977,136950,223026,0,100,9627.1,39618184,35.7,96
n100k_d128_ip,100000,128,ip,cluster,0.0500,0.0500,5000,C_acorn_g4,acorn,ACORN,16,4,16,500,100,0.8702,1670.1,596.71,711.83,840.04,844.54,598.77,1067,1018,12265,37881,50148,21948,28199,0,100,12336.4,18532104,24.5,40
n100k_d128_ip,100000,128,ip,cluster,0.0500,0.0500,5000,C_acorn_g8,acorn,ACORN,16,8,16,500,100,0.9031,1821.4,597.17,727.12,813.83,825.25,549.02,983,921,11273,35205,46479,19977,26502,0,96,19233.8,20264200,24.6,40
n100k_d128_ip,100000,128,ip,cluster,0.0500,0.0500,5000,C_acorn_g16,acorn,ACORN,16,16,16,500,100,0.9943,1624.6,608.54,724.71,818.29,861.88,615.55,1228,1162,12504,38474,50979,21607,29372,0,100,39363.7,23728392,24.6,40
n100k_d128_ip,100000,128,ip,cluster,0.0500,0.0500,5000,C_acorn_g32,acorn,ACORN,16,32,16,500,100,0.8952,1787.1,605.25,740.46,844.71,880.96,559.56,1101,1035,11619,33958,45579,19691,25887,0,90,99104.9,30656776,24.6,40
n100k_d128_ip,100000,128,ip,cluster,0.0200,0.0200,2000,F_exact,exact,EXACT,16,0,0,0,10,1.0000,4253.7,235.21,237.29,241.38,242.38,235.09,2000,0,0,0,100000,0,0,0,10,0.0,0,0.0,0
n100k_d128_ip,100000,128,ip,cluster,0.0200,0.0200,2000,A_std_standard,std,STANDARD,16,1,32,50,10,0.0280,14274.7,71.00,77.83,83.88,132.62,70.05,1037,1037,1037,0,1037,0,0,59,0,11836.8,14033032,24.5,32
n100k_d128_ip,100000,128,ip,cluster,0.0200,0.0200,2000,B_std_acorn1,std,ACORN,16,1,32,50,10,0.6380,17618.2,55.83,66.75,75.17,75.67,56.76,1149,1083,369,2085,2455,1883,571,0,10,11836.8,14033032,24.5,32
n100k_d128_ip,100000,128,ip,cluster,0.0200,0.0200,2000,D_large24_standard,large,STANDARD,24,1,48,50,10,0.0280,12907.3,79.08,85.33,88.50,89.29,77.48,1209,1209,1209,0,1209,0,0,57,0,10422.4,20424136,30.4,48
n100k_d128_ip,100000,128,ip,cluster,0.0200,0.0200,2000,E_large24_acorn1,large,ACORN,24,1,48,50,10,0.7500,15057.3,65.33,76.62,81.29,81.96,66.41,1353,1270,501,2958,3460,2709,750,0,10,10422.4,20424136,30.4,48
n100k_d128_ip,100000,128,ip,cluster,0.0200,0.0200,2000,D_large48_standard,large,STANDARD,48,1,96,50,10,0.0300,11668.9,87.00,95.08,98.67,99.17,85.70,1433,1433,1433,0,1433,0,0,56,0,9627.1,39618184,35.7,96
n100k_d128_ip,100000,128,ip,cluster,0.0200,0.0200,2000,E_large48_acorn1,large,ACORN,48,1,96,50,10,0.9090,10847.7,91.21,99.96,114.12,115.00,92.19,1726,1638,1027,6891,7919,5086,2833,0,10,9627.1,39618184,35.7,96
n100k_d128_ip,100000,128,ip,cluster,0.0200,0.0200,2000,C_acorn_g4,acorn,ACORN,16,4,16,50,10,0.0000,301316.5,3.08,3.79,3.83,4.00,3.32,1,1,182,536,719,0,719,0,0,12336.4,18532104,24.5,40
n100k_d128_ip,100000,128,ip,cluster,0.0200,0.0200,2000,C_acorn_g8,acorn,ACORN,16,8,16,50,10,0.0000,336471.5,2.96,3.04,3.08,3.21,2.97,1,1,311,588,900,0,900,0,0,19233.8,20264200,24.6,40
n100k_d128_ip,100000,128,ip,cluster,0.0200,0.0200,2000,C_acorn_g16,acorn,ACORN,16,16,16,50,10,0.6610,20445.9,47.62,57.17,65.58,68.21,48.91,871,823,1624,789,2414,1820,594,0,10,39363.7,23728392,24.6,40
n100k_d128_ip,100000,128,ip,cluster,0.0200,0.0200,2000,C_acorn_g32,acorn,ACORN,16,32,16,50,10,0.2480,29221.2,33.96,37.08,42.08,43.25,34.22,486,435,1819,812,2633,1830,802,0,10,99104.9,30656776,24.6,40
n100k_d128_ip,100000,128,ip,cluster,0.0200,0.0200,2000,A_std_standard,std,STANDARD,16,1,32,100,10,0.0300,8496.2,118.83,131.67,134.38,187.25,117.70,1461,1461,1461,0,1461,0,0,108,0,11836.8,14033032,24.5,32
n100k_d128_ip,100000,128,ip,cluster,0.0200,0.0200,2000,B_std_acorn1,std,ACORN,16,1,32,100,10,0.8560,10063.4,98.21,107.38,117.71,124.29,99.37,1604,1538,910,3438,4350,3709,640,0,10,11836.8,14033032,24.5,32
n100k_d128_ip,100000,128,ip,cluster,0.0200,0.0200,2000,D_large24_standard,large,STANDARD,24,1,48,100,10,0.0300,7896.6,128.83,140.92,143.88,146.42,126.64,1631,1631,1631,0,1631,0,0,107,0,10422.4,20424136,30.4,48
n100k_d128_ip,100000,128,ip,cluster,0.0200,0.0200,2000,E_large24_acorn1,large,ACORN,24,1,48,100,10,0.9070,9099.8,108.62,119.17,129.75,130.00,109.89,1759,1677,1436,4898,6336,5476,859,0,10,10422.4,20424136,30.4,48
n100k_d128_ip,100000,128,ip,cluster,0.0200,0.0200,2000,D_large48_standard,large,STANDARD,48,1,96,100,10,0.0300,7261.7,139.96,152.88,157.71,157.88,137.71,1814,1814,1814,0,1814,0,0,106,0,9627.1,39618184,35.7,96
n100k_d128_ip,100000,128,ip,cluster,0.0200,0.0200,2000,E_large48_acorn1,large,ACORN,48,1,96,100,10,0.9790,7428.5,133.17,144.54,161.12,163.71,134.62,1969,1881,2719,9414,12135,9100,3034,0,10,9627.1,39618184,35.7,96
n100k_d128_ip,100000,128,ip,cluster,0.0200,0.0200,2000,C_acorn_g4,acorn,ACORN,16,4,16,100,10,0.0000,292292.5,3.42,3.75,3.88,3.96,3.42,1,1,182,536,719,0,719,0,0,12336.4,18532104,24.5,40
n100k_d128_ip,100000,128,ip,cluster,0.0200,0.0200,2000,C_acorn_g8,acorn,ACORN,16,8,16,100,10,0.0000,306118.4,3.42,3.50,3.62,7.29,3.27,1,1,311,588,900,0,900,0,0,19233.8,20264200,24.6,40
n100k_d128_ip,100000,128,ip,cluster,0.0200,0.0200,2000,C_acorn_g16,acorn,ACORN,16,16,16,100,10,0.8020,11751.5,83.71,95.88,107.12,107.62,85.10,1221,1172,2632,1539,4173,3562,610,0,10,39363.7,23728392,24.6,40
n100k_d128_ip,100000,128,ip,cluster,0.0200,0.0200,2000,C_acorn_g32,acorn,ACORN,16,32,16,100,10,0.2790,17283.8,57.62,60.21,64.38,65.00,57.86,568,517,2993,1524,4519,3613,906,0,10,99104.9,30656776,24.6,40
n100k_d128_ip,100000,128,ip,cluster,0.0200,0.0200,2000,A_std_standard,std,STANDARD,16,1,32,250,10,0.0300,4139.1,244.21,266.54,272.00,336.17,241.60,1920,1920,1920,0,1920,0,0,258,0,11836.8,14033032,24.5,32
n100k_d128_ip,100000,128,ip,cluster,0.0200,0.0200,2000,B_std_acorn1,std,ACORN,16,1,32,250,10,0.9900,4855.4,205.12,212.83,232.67,250.79,205.96,1989,1924,4025,6516,10543,9709,833,0,10,11836.8,14033032,24.5,32
n100k_d128_ip,100000,128,ip,cluster,0.0200,0.0200,2000,D_large24_standard,large,STANDARD,24,1,48,250,10,0.0300,3976.5,254.29,276.33,281.08,282.54,251.48,1994,1994,1994,0,1994,0,0,257,0,10422.4,20424136,30.4,48
n100k_d128_ip,100000,128,ip,cluster,0.0200,0.0200,2000,E_large24_acorn1,large,ACORN,24,1,48,250,10,0.9920,4541.1,218.58,236.46,241.79,254.75,220.21,2038,1955,5722,8635,14358,13181,1176,0,10,10422.4,20424136,30.4,48
n100k_d128_ip,100000,128,ip,cluster,0.0200,0.0200,2000,D_large48_standard,large,STANDARD,48,1,96,250,10,0.0300,3954.0,255.25,276.50,285.67,288.21,252.91,2102,2102,2102,0,2102,0,0,255,0,9627.1,39618184,35.7,96
n100k_d128_ip,100000,128,ip,cluster,0.0200,0.0200,2000,E_large48_acorn1,large,ACORN,48,1,96,250,10,1.0000,4117.5,240.79,257.25,268.00,277.92,242.87,2070,1982,8355,13457,21814,18058,3755,0,10,9627.1,39618184,35.7,96
n100k_d128_ip,100000,128,ip,cluster,0.0200,0.0200,2000,C_acorn_g4,acorn,ACORN,16,4,16,250,10,0.0000,291044.6,3.12,3.96,4.21,28.00,3.44,1,1,182,536,719,0,719,0,0,12336.4,18532104,24.5,40
n100k_d128_ip,100000,128,ip,cluster,0.0200,0.0200,2000,C_acorn_g8,acorn,ACORN,16,8,16,250,10,0.0000,377473.9,2.62,2.75,2.79,2.88,2.65,1,1,311,588,900,0,900,0,0,19233.8,20264200,24.6,40
n100k_d128_ip,100000,128,ip,cluster,0.0200,0.0200,2000,C_acorn_g16,acorn,ACORN,16,16,16,250,10,0.9490,5180.6,190.83,211.00,224.29,229.12,193.03,1736,1688,5900,3700,9602,8924,677,0,10,39363.7,23728392,24.6,40
n100k_d128_ip,100000,128,ip,cluster,0.0200,0.0200,2000,C_acorn_g32,acorn,ACORN,16,32,16,250,10,0.2810,7694.4,129.83,133.50,147.42,174.17,129.97,595,544,6799,3087,9888,8662,1225,0,10,99104.9,30656776,24.6,40
n100k_d128_ip,100000,128,ip,cluster,0.0200,0.0200,2000,A_std_standard,std,STANDARD,16,1,32,500,10,0.0310,2112.8,473.62,499.50,602.83,1029.29,473.31,2087,2087,2087,0,2087,0,0,513,0,11836.8,14033032,24.5,32
n100k_d128_ip,100000,128,ip,cluster,0.0200,0.0200,2000,B_std_acorn1,std,ACORN,16,1,32,500,10,1.0000,2429.2,409.79,433.00,438.17,443.58,411.66,2056,1990,10271,9307,19579,18462,1117,0,10,11836.8,14033032,24.5,32
n100k_d128_ip,100000,128,ip,cluster,0.0200,0.0200,2000,D_large24_standard,large,STANDARD,24,1,48,500,10,0.0300,2110.5,477.88,504.79,514.83,534.29,473.82,2074,2074,2074,0,2074,0,0,507,0,10422.4,20424136,30.4,48
n100k_d128_ip,100000,128,ip,cluster,0.0200,0.0200,2000,E_large24_acorn1,large,ACORN,24,1,48,500,10,1.0000,2315.7,429.42,454.33,472.46,483.38,431.84,2078,1995,13592,12292,25886,24187,1698,0,10,10422.4,20424136,30.4,48
n100k_d128_ip,100000,128,ip,cluster,0.0200,0.0200,2000,D_large48_standard,large,STANDARD,48,1,96,500,10,0.0300,2060.1,490.17,516.25,528.00,536.04,485.41,2169,2169,2169,0,2169,0,0,505,0,9627.1,39618184,35.7,96
n100k_d128_ip,100000,128,ip,cluster,0.0200,0.0200,2000,E_large48_acorn1,large,ACORN,48,1,96,500,10,1.0000,2159.7,461.71,481.17,495.67,501.67,463.03,2086,1998,18001,18572,36574,31526,5048,0,10,9627.1,39618184,35.7,96
n100k_d128_ip,100000,128,ip,cluster,0.0200,0.0200,2000,C_acorn_g4,acorn,ACORN,16,4,16,500,10,0.0000,296190.1,3.38,3.58,3.88,4.29,3.38,1,1,182,536,719,0,719,0,0,12336.4,18532104,24.5,40
n100k_d128_ip,100000,128,ip,cluster,0.0200,0.0200,2000,C_acorn_g8,acorn,ACORN,16,8,16,500,10,0.0000,309318.8,3.21,3.42,3.50,3.62,3.23,1,1,311,588,900,0,900,0,0,19233.8,20264200,24.6,40
n100k_d128_ip,100000,128,ip,cluster,0.0200,0.0200,2000,C_acorn_g16,acorn,ACORN,16,16,16,500,10,0.9970,2467.4,401.92,430.96,457.50,498.83,405.28,1989,1941,11787,6492,18281,17482,798,0,10,39363.7,23728392,24.6,40
n100k_d128_ip,100000,128,ip,cluster,0.0200,0.0200,2000,C_acorn_g32,acorn,ACORN,16,32,16,500,10,0.2810,3433.0,289.75,299.42,330.88,362.50,291.29,596,545,13229,5288,18518,16949,1569,0,10,99104.9,30656776,24.6,40
n100k_d128_ip,100000,128,ip,cluster,0.0200,0.0200,2000,F_exact,exact,EXACT,16,0,0,0,100,1.0000,4195.2,236.83,245.17,278.62,287.25,238.37,2000,0,0,0,100000,0,0,0,100,0.0,0,0.0,0
n100k_d128_ip,100000,128,ip,cluster,0.0200,0.0200,2000,A_std_standard,std,STANDARD,16,1,32,50,100,0.0259,12197.2,82.75,90.92,94.71,158.17,81.99,1038,1038,1038,0,1038,0,0,59,3,11836.8,14033032,24.5,32
n100k_d128_ip,100000,128,ip,cluster,0.0200,0.0200,2000,B_std_acorn1,std,ACORN,16,1,32,50,100,0.6297,13072.6,74.92,88.38,97.38,118.12,76.50,1149,1083,369,2085,2455,1883,571,0,100,11836.8,14033032,24.5,32
n100k_d128_ip,100000,128,ip,cluster,0.0200,0.0200,2000,D_large24_standard,large,STANDARD,24,1,48,50,100,0.0276,11165.6,91.12,99.79,108.62,116.54,89.56,1209,1209,1209,0,1209,0,0,57,3,10422.4,20424136,30.4,48
n100k_d128_ip,100000,128,ip,cluster,0.0200,0.0200,2000,E_large24_acorn1,large,ACORN,24,1,48,50,100,0.7063,11440.5,86.25,99.12,104.46,109.79,87.41,1353,1270,501,2958,3460,2709,750,0,100,10422.4,20424136,30.4,48
n100k_d128_ip,100000,128,ip,cluster,0.0200,0.0200,2000,D_large48_standard,large,STANDARD,48,1,96,50,100,0.0288,10138.6,99.92,114.83,126.96,130.29,98.63,1433,1433,1433,0,1433,0,0,56,3,9627.1,39618184,35.7,96
n100k_d128_ip,100000,128,ip,cluster,0.0200,0.0200,2000,E_large48_acorn1,large,ACORN,48,1,96,50,100,0.8743,8649.7,114.38,132.25,145.71,147.42,115.61,1726,1638,1027,6891,7919,5086,2833,0,100,9627.1,39618184,35.7,96
n100k_d128_ip,100000,128,ip,cluster,0.0200,0.0200,2000,C_acorn_g4,acorn,ACORN,16,4,16,50,100,0.0000,277393.3,3.67,3.88,3.96,4.04,3.60,1,1,182,536,719,0,719,0,0,12336.4,18532104,24.5,40
n100k_d128_ip,100000,128,ip,cluster,0.0200,0.0200,2000,C_acorn_g8,acorn,ACORN,16,8,16,50,100,0.0000,335711.3,2.96,3.08,3.12,3.33,2.98,1,1,311,588,900,0,900,0,0,19233.8,20264200,24.6,40
n100k_d128_ip,100000,128,ip,cluster,0.0200,0.0200,2000,C_acorn_g16,acorn,ACORN,16,16,16,50,100,0.5979,14806.7,66.21,80.83,85.29,97.42,67.54,871,823,1624,789,2414,1820,594,0,100,39363.7,23728392,24.6,40
n100k_d128_ip,100000,128,ip,cluster,0.0200,0.0200,2000,C_acorn_g32,acorn,ACORN,16,32,16,50,100,0.2550,21046.5,47.12,51.00,54.58,56.12,47.51,486,435,1819,812,2633,1830,802,0,100,99104.9,30656776,24.6,40
n100k_d128_ip,100000,128,ip,cluster,0.0200,0.0200,2000,A_std_standard,std,STANDARD,16,1,32,100,100,0.0284,8310.7,121.88,135.54,151.04,190.67,120.33,1461,1461,1461,0,1461,0,0,108,3,11836.8,14033032,24.5,32
n100k_d128_ip,100000,128,ip,cluster,0.0200,0.0200,2000,B_std_acorn1,std,ACORN,16,1,32,100,100,0.8462,9250.7,106.88,117.25,127.75,132.33,108.10,1604,1538,910,3438,4350,3709,640,0,100,11836.8,14033032,24.5,32
n100k_d128_ip,100000,128,ip,cluster,0.0200,0.0200,2000,D_large24_standard,large,STANDARD,24,1,48,100,100,0.0298,7761.5,130.83,143.92,157.17,174.83,128.84,1631,1631,1631,0,1631,0,0,107,3,10422.4,20424136,30.4,48
n100k_d128_ip,100000,128,ip,cluster,0.0200,0.0200,2000,E_large24_acorn1,large,ACORN,24,1,48,100,100,0.8945,8266.7,119.00,136.00,156.21,157.83,120.97,1759,1677,1436,4898,6336,5476,859,0,100,10422.4,20424136,30.4,48
n100k_d128_ip,100000,128,ip,cluster,0.0200,0.0200,2000,D_large48_standard,large,STANDARD,48,1,96,100,100,0.0299,7315.7,138.17,156.12,167.12,181.46,136.69,1814,1814,1814,0,1814,0,0,106,3,9627.1,39618184,35.7,96
n100k_d128_ip,100000,128,ip,cluster,0.0200,0.0200,2000,E_large48_acorn1,large,ACORN,48,1,96,100,100,0.9738,6837.4,143.88,160.88,172.71,173.88,146.26,1969,1881,2719,9414,12135,9100,3034,0,100,9627.1,39618184,35.7,96
n100k_d128_ip,100000,128,ip,cluster,0.0200,0.0200,2000,C_acorn_g4,acorn,ACORN,16,4,16,100,100,0.0000,286329.5,3.46,3.79,3.88,3.96,3.49,1,1,182,536,719,0,719,0,0,12336.4,18532104,24.5,40
n100k_d128_ip,100000,128,ip,cluster,0.0200,0.0200,2000,C_acorn_g8,acorn,ACORN,16,8,16,100,100,0.0000,322101.6,2.92,3.67,3.75,3.75,3.10,1,1,311,588,900,0,900,0,0,19233.8,20264200,24.6,40
n100k_d128_ip,100000,128,ip,cluster,0.0200,0.0200,2000,C_acorn_g16,acorn,ACORN,16,16,16,100,100,0.7548,10579.4,92.92,109.67,114.58,116.71,94.52,1221,1172,2632,1539,4173,3562,610,0,100,39363.7,23728392,24.6,40
n100k_d128_ip,100000,128,ip,cluster,0.0200,0.0200,2000,C_acorn_g32,acorn,ACORN,16,32,16,100,100,0.2833,15692.3,63.21,68.79,69.96,75.50,63.73,568,517,2993,1524,4519,3613,906,0,100,99104.9,30656776,24.6,40
n100k_d128_ip,100000,128,ip,cluster,0.0200,0.0200,2000,A_std_standard,std,STANDARD,16,1,32,250,100,0.0301,4078.7,246.33,268.42,288.17,335.58,245.18,1920,1920,1920,0,1920,0,0,258,3,11836.8,14033032,24.5,32
n100k_d128_ip,100000,128,ip,cluster,0.0200,0.0200,2000,B_std_acorn1,std,ACORN,16,1,32,250,100,0.9868,4569.7,217.79,232.75,242.50,248.25,218.83,1989,1924,4025,6516,10543,9709,833,0,100,11836.8,14033032,24.5,32
n100k_d128_ip,100000,128,ip,cluster,0.0200,0.0200,2000,D_large24_standard,large,STANDARD,24,1,48,250,100,0.0300,4027.2,250.04,274.25,289.67,295.08,248.31,1994,1994,1994,0,1994,0,0,257,3,10422.4,20424136,30.4,48
n100k_d128_ip,100000,128,ip,cluster,0.0200,0.0200,2000,E_large24_acorn1,large,ACORN,24,1,48,250,100,0.9925,4280.9,231.92,247.50,254.46,271.54,233.60,2038,1955,5722,8635,14358,13181,1176,0,100,10422.4,20424136,30.4,48
n100k_d128_ip,100000,128,ip,cluster,0.0200,0.0200,2000,D_large48_standard,large,STANDARD,48,1,96,250,100,0.0300,3894.8,256.58,283.04,300.96,304.54,256.75,2102,2102,2102,0,2102,0,0,255,3,9627.1,39618184,35.7,96
n100k_d128_ip,100000,128,ip,cluster,0.0200,0.0200,2000,E_large48_acorn1,large,ACORN,48,1,96,250,100,0.9989,3907.7,253.67,270.50,283.88,291.08,255.90,2070,1982,8355,13457,21814,18058,3755,0,100,9627.1,39618184,35.7,96
n100k_d128_ip,100000,128,ip,cluster,0.0200,0.0200,2000,C_acorn_g4,acorn,ACORN,16,4,16,250,100,0.0000,323702.1,3.04,3.38,3.62,3.75,3.09,1,1,182,536,719,0,719,0,0,12336.4,18532104,24.5,40
n100k_d128_ip,100000,128,ip,cluster,0.0200,0.0200,2000,C_acorn_g8,acorn,ACORN,16,8,16,250,100,0.0000,331485.9,3.00,3.17,3.33,3.38,3.02,1,1,311,588,900,0,900,0,0,19233.8,20264200,24.6,40
n100k_d128_ip,100000,128,ip,cluster,0.0200,0.0200,2000,C_acorn_g16,acorn,ACORN,16,16,16,250,100,0.9318,4873.2,203.75,224.04,236.92,241.54,205.20,1736,1688,5900,3700,9602,8924,677,0,100,39363.7,23728392,24.6,40
n100k_d128_ip,100000,128,ip,cluster,0.0200,0.0200,2000,C_acorn_g32,acorn,ACORN,16,32,16,250,100,0.2895,7161.0,139.08,145.54,156.54,184.83,139.65,595,544,6799,3087,9888,8662,1225,0,100,99104.9,30656776,24.6,40
n100k_d128_ip,100000,128,ip,cluster,0.0200,0.0200,2000,A_std_standard,std,STANDARD,16,1,32,500,100,0.0302,2098.7,474.54,509.83,607.08,1020.25,476.48,2087,2087,2087,0,2087,0,0,513,3,11836.8,14033032,24.5,32
n100k_d128_ip,100000,128,ip,cluster,0.0200,0.0200,2000,B_std_acorn1,std,ACORN,16,1,32,500,100,0.9993,2348.8,423.96,445.50,464.33,472.00,425.75,2056,1990,10271,9307,19579,18462,1117,0,100,11836.8,14033032,24.5,32
n100k_d128_ip,100000,128,ip,cluster,0.0200,0.0200,2000,D_large24_standard,large,STANDARD,24,1,48,500,100,0.0300,2079.7,483.38,512.17,520.08,535.00,480.84,2074,2074,2074,0,2074,0,0,507,3,10422.4,20424136,30.4,48
n100k_d128_ip,100000,128,ip,cluster,0.0200,0.0200,2000,E_large24_acorn1,large,ACORN,24,1,48,500,100,0.9997,2233.2,445.25,469.50,478.75,487.58,447.80,2078,1995,13592,12292,25886,24187,1698,0,100,10422.4,20424136,30.4,48
n100k_d128_ip,100000,128,ip,cluster,0.0200,0.0200,2000,D_large48_standard,large,STANDARD,48,1,96,500,100,0.0305,2059.1,489.75,510.96,536.54,545.17,485.65,2169,2169,2169,0,2169,0,0,505,3,9627.1,39618184,35.7,96
n100k_d128_ip,100000,128,ip,cluster,0.0200,0.0200,2000,E_large48_acorn1,large,ACORN,48,1,96,500,100,1.0000,2083.2,477.21,510.92,521.54,522.92,480.03,2086,1998,18001,18572,36574,31526,5048,0,100,9627.1,39618184,35.7,96
n100k_d128_ip,100000,128,ip,cluster,0.0200,0.0200,2000,C_acorn_g4,acorn,ACORN,16,4,16,500,100,0.0000,281560.1,3.38,3.88,4.29,17.38,3.55,1,1,182,536,719,0,719,0,0,12336.4,18532104,24.5,40
n100k_d128_ip,100000,128,ip,cluster,0.0200,0.0200,2000,C_acorn_g8,acorn,ACORN,16,8,16,500,100,0.0000,324103.9,3.04,3.50,3.54,3.58,3.09,1,1,311,588,900,0,900,0,0,19233.8,20264200,24.6,40
n100k_d128_ip,100000,128,ip,cluster,0.0200,0.0200,2000,C_acorn_g16,acorn,ACORN,16,16,16,500,100,0.9912,2392.9,415.00,448.08,462.17,470.08,417.91,1989,1941,11787,6492,18281,17482,798,0,100,39363.7,23728392,24.6,40
n100k_d128_ip,100000,128,ip,cluster,0.0200,0.0200,2000,C_acorn_g32,acorn,ACORN,16,32,16,500,100,0.2895,3320.7,299.54,316.46,353.92,354.58,301.14,596,545,13229,5288,18518,16949,1569,0,100,99104.9,30656776,24.6,40
n100k_d128_ip,100000,128,ip,cluster,0.0100,0.0100,1000,F_exact,exact,EXACT,16,0,0,0,10,1.0000,5928.0,168.04,169.54,180.88,221.25,168.69,1000,0,0,0,100000,0,0,0,10,0.0,0,0.0,0
n100k_d128_ip,100000,128,ip,cluster,0.0100,0.0100,1000,A_std_standard,std,STANDARD,16,1,32,50,10,0.0170,14018.2,71.96,82.50,106.50,132.71,71.34,1037,1037,1037,0,1037,0,0,59,0,11836.8,14033032,24.5,32
n100k_d128_ip,100000,128,ip,cluster,0.0100,0.0100,1000,B_std_acorn1,std,ACORN,16,1,32,50,10,0.0000,434150.3,2.29,2.42,2.54,3.08,2.30,1,1,36,625,662,0,662,0,0,11836.8,14033032,24.5,32
n100k_d128_ip,100000,128,ip,cluster,0.0100,0.0100,1000,D_large24_standard,large,STANDARD,24,1,48,50,10,0.0190,12859.1,79.96,86.29,89.38,93.33,77.77,1209,1209,1209,0,1209,0,0,57,0,10422.4,20424136,30.4,48
n100k_d128_ip,100000,128,ip,cluster,0.0100,0.0100,1000,E_large24_acorn1,large,ACORN,24,1,48,50,10,0.0000,259293.1,3.83,4.08,4.25,4.79,3.86,1,1,68,1282,1351,0,1351,0,0,10422.4,20424136,30.4,48
n100k_d128_ip,100000,128,ip,cluster,0.0100,0.0100,1000,D_large48_standard,large,STANDARD,48,1,96,50,10,0.0190,11565.3,87.71,97.92,101.04,101.46,86.47,1433,1433,1433,0,1433,0,0,56,0,9627.1,39618184,35.7,96
n100k_d128_ip,100000,128,ip,cluster,0.0100,0.0100,1000,E_large48_acorn1,large,ACORN,48,1,96,50,10,0.9940,6287.2,158.29,173.58,193.75,216.96,159.05,1096,994,1519,19242,20762,11315,9446,0,10,9627.1,39618184,35.7,96
n100k_d128_ip,100000,128,ip,cluster,0.0100,0.0100,1000,C_acorn_g4,acorn,ACORN,16,4,16,50,10,0.0000,284760.7,3.67,4.04,4.21,4.29,3.51,1,1,182,536,719,0,719,0,0,12336.4,18532104,24.5,40
n100k_d128_ip,100000,128,ip,cluster,0.0100,0.0100,1000,C_acorn_g8,acorn,ACORN,16,8,16,50,10,0.5120,24350.9,40.58,46.08,48.54,50.67,41.07,394,390,1633,1747,3382,2089,1292,0,10,19233.8,20264200,24.6,40
n100k_d128_ip,100000,128,ip,cluster,0.0100,0.0100,1000,C_acorn_g16,acorn,ACORN,16,16,16,50,10,0.9030,18993.6,51.67,61.38,66.83,70.21,52.65,709,698,2060,1302,3363,1801,1562,0,10,39363.7,23728392,24.6,40
n100k_d128_ip,100000,128,ip,cluster,0.0100,0.0100,1000,C_acorn_g32,acorn,ACORN,16,32,16,50,10,0.0000,228614.3,4.58,4.79,4.92,4.96,4.37,1,1,911,236,1148,0,1148,0,0,99104.9,30656776,24.6,40
n100k_d128_ip,100000,128,ip,cluster,0.0100,0.0100,1000,A_std_standard,std,STANDARD,16,1,32,100,10,0.0200,8432.4,119.33,134.54,144.71,193.58,118.59,1461,1461,1461,0,1461,0,0,108,0,11836.8,14033032,24.5,32
n100k_d128_ip,100000,128,ip,cluster,0.0100,0.0100,1000,B_std_acorn1,std,ACORN,16,1,32,100,10,0.0000,399400.9,2.50,2.75,2.88,3.12,2.50,1,1,36,625,662,0,662,0,0,11836.8,14033032,24.5,32
n100k_d128_ip,100000,128,ip,cluster,0.0100,0.0100,1000,D_large24_standard,large,STANDARD,24,1,48,100,10,0.0200,7868.6,129.17,141.71,150.92,162.88,127.09,1631,1631,1631,0,1631,0,0,107,0,10422.4,20424136,30.4,48
n100k_d128_ip,100000,128,ip,cluster,0.0100,0.0100,1000,E_large24_acorn1,large,ACORN,24,1,48,100,10,0.0000,237717.2,4.17,4.42,4.67,5.04,4.21,1,1,68,1282,1351,0,1351,0,0,10422.4,20424136,30.4,48
n100k_d128_ip,100000,128,ip,cluster,0.0100,0.0100,1000,D_large48_standard,large,STANDARD,48,1,96,100,10,0.0200,7357.2,138.33,150.38,164.83,172.17,135.92,1814,1814,1814,0,1814,0,0,106,0,9627.1,39618184,35.7,96
n100k_d128_ip,100000,128,ip,cluster,0.0100,0.0100,1000,E_large48_acorn1,large,ACORN,48,1,96,100,10,1.0000,3065.4,324.79,361.92,374.08,383.00,326.23,1102,999,3742,43763,47507,28095,19411,0,10,9627.1,39618184,35.7,96
n100k_d128_ip,100000,128,ip,cluster,0.0100,0.0100,1000,C_acorn_g4,acorn,ACORN,16,4,16,100,10,0.0000,289295.8,3.04,4.04,4.25,16.62,3.46,1,1,182,536,719,0,719,0,0,12336.4,18532104,24.5,40
n100k_d128_ip,100000,128,ip,cluster,0.0100,0.0100,1000,C_acorn_g8,acorn,ACORN,16,8,16,100,10,0.5180,12777.4,77.08,84.67,106.12,128.88,78.26,415,411,2935,5787,8723,6026,2696,0,10,19233.8,20264200,24.6,40
n100k_d128_ip,100000,128,ip,cluster,0.0100,0.0100,1000,C_acorn_g16,acorn,ACORN,16,16,16,100,10,0.9670,10957.9,89.71,101.54,112.62,130.08,91.26,890,879,3224,2894,6119,3858,2261,0,10,39363.7,23728392,24.6,40
n100k_d128_ip,100000,128,ip,cluster,0.0100,0.0100,1000,C_acorn_g32,acorn,ACORN,16,32,16,100,10,0.0000,269693.7,3.25,4.62,4.71,4.83,3.71,1,1,911,236,1148,0,1148,0,0,99104.9,30656776,24.6,40
n100k_d128_ip,100000,128,ip,cluster,0.0100,0.0100,1000,A_std_standard,std,STANDARD,16,1,32,250,10,0.0200,4137.7,246.00,262.25,285.96,334.79,241.68,1920,1920,1920,0,1920,0,0,258,0,11836.8,14033032,24.5,32
n100k_d128_ip,100000,128,ip,cluster,0.0100,0.0100,1000,B_std_acorn1,std,ACORN,16,1,32,250,10,0.0000,319913.0,3.08,3.46,3.83,9.50,3.13,1,1,36,625,662,0,662,0,0,11836.8,14033032,24.5,32
n100k_d128_ip,100000,128,ip,cluster,0.0100,0.0100,1000,D_large24_standard,large,STANDARD,24,1,48,250,10,0.0200,4020.6,251.00,273.42,283.62,285.33,248.72,1994,1994,1994,0,1994,0,0,257,0,10422.4,20424136,30.4,48
n100k_d128_ip,100000,128,ip,cluster,0.0100,0.0100,1000,E_large24_acorn1,large,ACORN,24,1,48,250,10,0.0000,248706.1,3.96,4.38,4.58,5.04,4.02,1,1,68,1282,1351,0,1351,0,0,10422.4,20424136,30.4,48
n100k_d128_ip,100000,128,ip,cluster,0.0100,0.0100,1000,D_large48_standard,large,STANDARD,48,1,96,250,10,0.0200,3908.8,257.00,280.46,293.33,307.17,255.83,2102,2102,2102,0,2102,0,0,255,0,9627.1,39618184,35.7,96
n100k_d128_ip,100000,128,ip,cluster,0.0100,0.0100,1000,E_large48_acorn1,large,ACORN,48,1,96,250,10,1.0000,1169.8,850.42,905.58,941.25,954.88,854.84,1102,1000,10619,119295,129915,79690,50225,0,10,9627.1,39618184,35.7,96
n100k_d128_ip,100000,128,ip,cluster,0.0100,0.0100,1000,C_acorn_g4,acorn,ACORN,16,4,16,250,10,0.0000,283223.5,3.42,3.92,4.08,5.92,3.53,1,1,182,536,719,0,719,0,0,12336.4,18532104,24.5,40
n100k_d128_ip,100000,128,ip,cluster,0.0100,0.0100,1000,C_acorn_g8,acorn,ACORN,16,8,16,250,10,0.5180,4939.2,199.58,221.46,262.46,274.92,202.46,416,412,6977,20715,27693,20017,7675,0,10,19233.8,20264200,24.6,40
n100k_d128_ip,100000,128,ip,cluster,0.0100,0.0100,1000,C_acorn_g16,acorn,ACORN,16,16,16,250,10,0.9840,4388.8,226.83,242.21,257.08,258.50,227.85,998,987,7098,13806,20905,15093,5811,0,10,39363.7,23728392,24.6,40
n100k_d128_ip,100000,128,ip,cluster,0.0100,0.0100,1000,C_acorn_g32,acorn,ACORN,16,32,16,250,10,0.0000,219739.7,4.62,4.96,5.12,16.83,4.55,1,1,911,236,1148,0,1148,0,0,99104.9,30656776,24.6,40
n100k_d128_ip,100000,128,ip,cluster,0.0100,0.0100,1000,A_std_standard,std,STANDARD,16,1,32,500,10,0.0200,2116.6,469.42,503.58,588.62,1026.17,472.44,2087,2087,2087,0,2087,0,0,513,0,11836.8,14033032,24.5,32
n100k_d128_ip,100000,128,ip,cluster,0.0100,0.0100,1000,B_std_acorn1,std,ACORN,16,1,32,500,10,0.0000,310802.2,3.25,3.54,3.75,4.04,3.22,1,1,36,625,662,0,662,0,0,11836.8,14033032,24.5,32
n100k_d128_ip,100000,128,ip,cluster,0.0100,0.0100,1000,D_large24_standard,large,STANDARD,24,1,48,500,10,0.0210,2111.6,478.12,501.08,513.42,527.21,473.57,2074,2074,2074,0,2074,0,0,507,0,10422.4,20424136,30.4,48
n100k_d128_ip,100000,128,ip,cluster,0.0100,0.0100,1000,E_large24_acorn1,large,ACORN,24,1,48,500,10,0.0000,238306.3,4.12,4.46,4.75,5.17,4.20,1,1,68,1282,1351,0,1351,0,0,10422.4,20424136,30.4,48
n100k_d128_ip,100000,128,ip,cluster,0.0100,0.0100,1000,D_large48_standard,large,STANDARD,48,1,96,500,10,0.0210,2059.3,489.42,511.62,522.17,524.25,485.60,2169,2169,2169,0,2169,0,0,505,0,9627.1,39618184,35.7,96
n100k_d128_ip,100000,128,ip,cluster,0.0100,0.0100,1000,E_large48_acorn1,large,ACORN,48,1,96,500,10,1.0000,555.7,1791.96,1868.29,1920.12,1945.88,1799.43,1102,1000,22092,246655,268748,166353,102395,0,10,9627.1,39618184,35.7,96
n100k_d128_ip,100000,128,ip,cluster,0.0100,0.0100,1000,C_acorn_g4,acorn,ACORN,16,4,16,500,10,0.0000,273441.5,3.62,3.88,4.00,4.12,3.66,1,1,182,536,719,0,719,0,0,12336.4,18532104,24.5,40
n100k_d128_ip,100000,128,ip,cluster,0.0100,0.0100,1000,C_acorn_g8,acorn,ACORN,16,8,16,500,10,0.5180,2727.9,361.00,414.17,447.88,464.42,366.58,416,412,11388,37330,48720,35497,13222,0,10,19233.8,20264200,24.6,40
n100k_d128_ip,100000,128,ip,cluster,0.0100,0.0100,1000,C_acorn_g16,acorn,ACORN,16,16,16,500,10,0.9840,1869.0,529.67,581.96,613.17,617.96,535.06,1001,990,13835,38909,52745,39421,13324,0,10,39363.7,23728392,24.6,40
n100k_d128_ip,100000,128,ip,cluster,0.0100,0.0100,1000,C_acorn_g32,acorn,ACORN,16,32,16,500,10,0.0000,248064.5,4.00,4.54,4.62,4.75,4.03,1,1,911,236,1148,0,1148,0,0,99104.9,30656776,24.6,40
n100k_d128_ip,100000,128,ip,cluster,0.0050,0.0050,500,F_exact,exact,EXACT,16,0,0,0,10,1.0000,7390.3,134.62,136.50,153.79,154.12,135.31,500,0,0,0,100000,0,0,0,10,0.0,0,0.0,0
n100k_d128_ip,100000,128,ip,cluster,0.0050,0.0050,500,A_std_standard,std,STANDARD,16,1,32,50,10,0.0190,14128.5,71.29,78.71,84.79,134.75,70.78,1037,1037,1037,0,1037,0,0,59,0,11836.8,14033032,24.5,32
n100k_d128_ip,100000,128,ip,cluster,0.0050,0.0050,500,B_std_acorn1,std,ACORN,16,1,32,50,10,0.0000,420981.7,2.33,2.54,2.71,3.00,2.38,1,1,36,625,662,0,662,0,0,11836.8,14033032,24.5,32
n100k_d128_ip,100000,128,ip,cluster,0.0050,0.0050,500,D_large24_standard,large,STANDARD,24,1,48,50,10,0.0290,12772.5,80.33,86.88,92.92,98.54,78.29,1209,1209,1209,0,1209,0,0,57,0,10422.4,20424136,30.4,48
n100k_d128_ip,100000,128,ip,cluster,0.0050,0.0050,500,E_large24_acorn1,large,ACORN,24,1,48,50,10,1.0000,5272.9,188.38,206.46,232.46,249.88,189.65,555,499,1611,27138,28750,10508,18241,0,10,10422.4,20424136,30.4,48
n100k_d128_ip,100000,128,ip,cluster,0.0050,0.0050,500,D_large48_standard,large,STANDARD,48,1,96,50,10,0.0300,11480.0,88.42,97.96,102.21,104.21,87.11,1433,1433,1433,0,1433,0,0,56,0,9627.1,39618184,35.7,96
n100k_d128_ip,100000,128,ip,cluster,0.0050,0.0050,500,E_large48_acorn1,large,ACORN,48,1,96,50,10,0.0000,92836.0,10.12,10.33,23.08,46.21,10.77,1,1,115,5264,5380,0,5380,0,0,9627.1,39618184,35.7,96
n100k_d128_ip,100000,128,ip,cluster,0.0050,0.0050,500,C_acorn_g4,acorn,ACORN,16,4,16,50,10,0.0000,403834.8,2.42,2.79,3.04,3.04,2.48,1,1,182,536,719,0,719,0,0,12336.4,18532104,24.5,40
n100k_d128_ip,100000,128,ip,cluster,0.0050,0.0050,500,C_acorn_g8,acorn,ACORN,16,8,16,50,10,0.0000,371690.6,2.67,2.79,2.79,2.92,2.69,1,1,311,588,900,0,900,0,0,19233.8,20264200,24.6,40
n100k_d128_ip,100000,128,ip,cluster,0.0050,0.0050,500,C_acorn_g16,acorn,ACORN,16,16,16,50,10,0.0000,306002.2,3.25,3.33,4.08,4.08,3.27,1,1,570,606,1177,0,1177,0,0,39363.7,23728392,24.6,40
n100k_d128_ip,100000,128,ip,cluster,0.0050,0.0050,500,C_acorn_g32,acorn,ACORN,16,32,16,50,10,0.9670,18129.7,53.67,63.54,68.38,71.67,55.16,478,450,2739,2429,5169,1949,3220,0,10,99104.9,30656776,24.6,40
n100k_d128_ip,100000,128,ip,cluster,0.0050,0.0050,500,A_std_standard,std,STANDARD,16,1,32,100,10,0.0190,8435.6,121.38,134.04,143.08,188.12,118.55,1461,1461,1461,0,1461,0,0,108,0,11836.8,14033032,24.5,32
n100k_d128_ip,100000,128,ip,cluster,0.0050,0.0050,500,B_std_acorn1,std,ACORN,16,1,32,100,10,0.0000,385481.2,2.38,2.79,3.04,18.08,2.59,1,1,36,625,662,0,662,0,0,11836.8,14033032,24.5,32
n100k_d128_ip,100000,128,ip,cluster,0.0050,0.0050,500,D_large24_standard,large,STANDARD,24,1,48,100,10,0.0300,7831.9,131.17,140.33,160.58,171.00,127.68,1631,1631,1631,0,1631,0,0,107,0,10422.4,20424136,30.4,48
n100k_d128_ip,100000,128,ip,cluster,0.0050,0.0050,500,E_large24_acorn1,large,ACORN,24,1,48,100,10,1.0000,2496.9,399.12,419.38,459.58,461.62,400.50,555,500,3596,61494,65091,24313,40777,0,10,10422.4,20424136,30.4,48
n100k_d128_ip,100000,128,ip,cluster,0.0050,0.0050,500,D_large48_standard,large,STANDARD,48,1,96,100,10,0.0320,7398.8,136.92,151.17,155.42,158.12,135.16,1814,1814,1814,0,1814,0,0,106,0,9627.1,39618184,35.7,96
n100k_d128_ip,100000,128,ip,cluster,0.0050,0.0050,500,E_large48_acorn1,large,ACORN,48,1,96,100,10,0.0000,95681.5,10.12,10.29,14.58,37.46,10.45,1,1,115,5264,5380,0,5380,0,0,9627.1,39618184,35.7,96
n100k_d128_ip,100000,128,ip,cluster,0.0050,0.0050,500,C_acorn_g4,acorn,ACORN,16,4,16,100,10,0.0000,422532.8,2.38,2.42,2.50,2.79,2.37,1,1,182,536,719,0,719,0,0,12336.4,18532104,24.5,40
n100k_d128_ip,100000,128,ip,cluster,0.0050,0.0050,500,C_acorn_g8,acorn,ACORN,16,8,16,100,10,0.0000,378608.6,2.62,2.67,2.71,2.83,2.64,1,1,311,588,900,0,900,0,0,19233.8,20264200,24.6,40
n100k_d128_ip,100000,128,ip,cluster,0.0050,0.0050,500,C_acorn_g16,acorn,ACORN,16,16,16,100,10,0.0000,316538.8,3.17,3.21,3.29,3.29,3.16,1,1,570,606,1177,0,1177,0,0,39363.7,23728392,24.6,40
n100k_d128_ip,100000,128,ip,cluster,0.0050,0.0050,500,C_acorn_g32,acorn,ACORN,16,32,16,100,10,0.9870,9263.9,106.79,124.12,132.75,137.92,107.95,517,488,4075,8215,12292,5881,6410,0,10,99104.9,30656776,24.6,40
n100k_d128_ip,100000,128,ip,cluster,0.0050,0.0050,500,A_std_standard,std,STANDARD,16,1,32,250,10,0.0200,4142.5,244.29,266.46,272.17,340.04,241.40,1920,1920,1920,0,1920,0,0,258,0,11836.8,14033032,24.5,32
n100k_d128_ip,100000,128,ip,cluster,0.0050,0.0050,500,B_std_acorn1,std,ACORN,16,1,32,250,10,0.0000,234625.0,4.42,4.67,4.71,4.96,4.26,1,1,36,625,662,0,662,0,0,11836.8,14033032,24.5,32
n100k_d128_ip,100000,128,ip,cluster,0.0050,0.0050,500,D_large24_standard,large,STANDARD,24,1,48,250,10,0.0310,4000.2,253.54,274.92,278.83,289.88,249.99,1994,1994,1994,0,1994,0,0,257,0,10422.4,20424136,30.4,48
n100k_d128_ip,100000,128,ip,cluster,0.0050,0.0050,500,E_large24_acorn1,large,ACORN,24,1,48,250,10,1.0000,936.0,1062.33,1132.17,1148.12,1162.71,1068.42,555,500,9534,164818,174354,65824,108529,0,10,10422.4,20424136,30.4,48
n100k_d128_ip,100000,128,ip,cluster,0.0050,0.0050,500,D_large48_standard,large,STANDARD,48,1,96,250,10,0.0320,3937.2,254.42,281.21,286.62,296.79,253.99,2102,2102,2102,0,2102,0,0,255,0,9627.1,39618184,35.7,96
n100k_d128_ip,100000,128,ip,cluster,0.0050,0.0050,500,E_large48_acorn1,large,ACORN,48,1,96,250,10,0.0000,97847.2,10.21,10.38,10.46,10.67,10.22,1,1,115,5264,5380,0,5380,0,0,9627.1,39618184,35.7,96
n100k_d128_ip,100000,128,ip,cluster,0.0050,0.0050,500,C_acorn_g4,acorn,ACORN,16,4,16,250,10,0.0000,403289.2,2.46,2.54,2.67,2.83,2.48,1,1,182,536,719,0,719,0,0,12336.4,18532104,24.5,40
n100k_d128_ip,100000,128,ip,cluster,0.0050,0.0050,500,C_acorn_g8,acorn,ACORN,16,8,16,250,10,0.0000,371523.5,2.67,2.75,2.83,2.83,2.69,1,1,311,588,900,0,900,0,0,19233.8,20264200,24.6,40
n100k_d128_ip,100000,128,ip,cluster,0.0050,0.0050,500,C_acorn_g16,acorn,ACORN,16,16,16,250,10,0.0000,312581.1,3.21,3.25,3.33,3.33,3.20,1,1,570,606,1177,0,1177,0,0,39363.7,23728392,24.6,40
n100k_d128_ip,100000,128,ip,cluster,0.0050,0.0050,500,C_acorn_g32,acorn,ACORN,16,32,16,250,10,0.9880,3308.8,298.12,334.67,374.46,381.79,302.23,519,491,8185,31593,39780,21258,18521,0,10,99104.9,30656776,24.6,40
n100k_d128_ip,100000,128,ip,cluster,0.0050,0.0050,500,A_std_standard,std,STANDARD,16,1,32,500,10,0.0330,2109.4,472.83,504.62,623.00,1054.58,474.07,2087,2087,2087,0,2087,0,0,513,0,11836.8,14033032,24.5,32
n100k_d128_ip,100000,128,ip,cluster,0.0050,0.0050,500,B_std_acorn1,std,ACORN,16,1,32,500,10,0.0000,270455.2,3.71,3.88,4.00,4.38,3.70,1,1,36,625,662,0,662,0,0,11836.8,14033032,24.5,32
n100k_d128_ip,100000,128,ip,cluster,0.0050,0.0050,500,D_large24_standard,large,STANDARD,24,1,48,500,10,0.0310,2106.3,478.88,504.88,512.33,516.12,474.77,2074,2074,2074,0,2074,0,0,507,0,10422.4,20424136,30.4,48
n100k_d128_ip,100000,128,ip,cluster,0.0050,0.0050,500,E_large24_acorn1,large,ACORN,24,1,48,500,10,1.0000,450.6,2210.75,2285.79,2313.75,2368.25,2219.47,555,500,19363,334789,354154,134229,219925,0,10,10422.4,20424136,30.4,48
n100k_d128_ip,100000,128,ip,cluster,0.0050,0.0050,500,D_large48_standard,large,STANDARD,48,1,96,500,10,0.0320,2012.5,503.00,525.54,556.54,558.79,496.89,2169,2169,2169,0,2169,0,0,505,0,9627.1,39618184,35.7,96
n100k_d128_ip,100000,128,ip,cluster,0.0050,0.0050,500,E_large48_acorn1,large,ACORN,48,1,96,500,10,0.0000,96750.3,10.29,10.50,11.17,12.54,10.34,1,1,115,5264,5380,0,5380,0,0,9627.1,39618184,35.7,96
n100k_d128_ip,100000,128,ip,cluster,0.0050,0.0050,500,C_acorn_g4,acorn,ACORN,16,4,16,500,10,0.0000,408093.3,2.46,2.54,2.62,2.79,2.45,1,1,182,536,719,0,719,0,0,12336.4,18532104,24.5,40
n100k_d128_ip,100000,128,ip,cluster,0.0050,0.0050,500,C_acorn_g8,acorn,ACORN,16,8,16,500,10,0.0000,372840.8,2.67,2.75,2.83,2.96,2.68,1,1,311,588,900,0,900,0,0,19233.8,20264200,24.6,40
n100k_d128_ip,100000,128,ip,cluster,0.0050,0.0050,500,C_acorn_g16,acorn,ACORN,16,16,16,500,10,0.0000,300184.9,3.21,3.46,4.04,11.42,3.33,1,1,570,606,1177,0,1177,0,0,39363.7,23728392,24.6,40
n100k_d128_ip,100000,128,ip,cluster,0.0050,0.0050,500,C_acorn_g32,acorn,ACORN,16,32,16,500,10,0.9880,1493.3,660.17,734.04,800.96,806.71,669.66,519,491,14774,69769,84545,46361,38183,0,10,99104.9,30656776,24.6,40
n100k_d128_ip,100000,128,ip,cluster,0.0010,0.0010,100,F_exact,exact,EXACT,16,0,0,0,10,1.0000,9010.7,110.33,112.00,116.54,135.46,110.98,100,0,0,0,100000,0,0,0,10,0.0,0,0.0,0
n100k_d128_ip,100000,128,ip,cluster,0.0010,0.0010,100,A_std_standard,std,STANDARD,16,1,32,50,10,0.0280,14220.2,71.17,79.12,108.17,129.54,70.32,1037,1037,1037,0,1037,0,0,59,0,11836.8,14033032,24.5,32
n100k_d128_ip,100000,128,ip,cluster,0.0010,0.0010,100,B_std_acorn1,std,ACORN,16,1,32,50,10,0.0000,368046.2,2.71,2.88,3.04,3.42,2.72,1,1,36,625,662,0,662,0,0,11836.8,14033032,24.5,32
n100k_d128_ip,100000,128,ip,cluster,0.0010,0.0010,100,D_large24_standard,large,STANDARD,24,1,48,50,10,0.0300,12836.0,79.21,86.92,94.00,116.71,77.91,1209,1209,1209,0,1209,0,0,57,0,10422.4,20424136,30.4,48
n100k_d128_ip,100000,128,ip,cluster,0.0010,0.0010,100,E_large24_acorn1,large,ACORN,24,1,48,50,10,1.0000,4371.3,226.62,239.92,296.17,350.17,228.76,132,100,2287,63553,65841,8097,57743,0,10,10422.4,20424136,30.4,48
n100k_d128_ip,100000,128,ip,cluster,0.0010,0.0010,100,D_large48_standard,large,STANDARD,48,1,96,50,10,0.0290,11611.1,87.46,96.25,101.50,126.12,86.12,1433,1433,1433,0,1433,0,0,56,0,9627.1,39618184,35.7,96
n100k_d128_ip,100000,128,ip,cluster,0.0010,0.0010,100,E_large48_acorn1,large,ACORN,48,1,96,50,10,0.0000,93578.5,10.12,17.08,19.75,19.79,10.69,1,1,115,5264,5380,0,5380,0,0,9627.1,39618184,35.7,96
n100k_d128_ip,100000,128,ip,cluster,0.0010,0.0010,100,C_acorn_g4,acorn,ACORN,16,4,16,50,10,0.0000,422690.0,2.38,2.46,2.50,2.71,2.37,1,1,182,536,719,0,719,0,0,12336.4,18532104,24.5,40
n100k_d128_ip,100000,128,ip,cluster,0.0010,0.0010,100,C_acorn_g8,acorn,ACORN,16,8,16,50,10,0.0000,379201.6,2.62,2.71,2.75,2.88,2.64,1,1,311,588,900,0,900,0,0,19233.8,20264200,24.6,40
n100k_d128_ip,100000,128,ip,cluster,0.0010,0.0010,100,C_acorn_g16,acorn,ACORN,16,16,16,50,10,0.0000,316413.6,3.17,3.21,3.25,3.25,3.16,1,1,570,606,1177,0,1177,0,0,39363.7,23728392,24.6,40
n100k_d128_ip,100000,128,ip,cluster,0.0010,0.0010,100,C_acorn_g32,acorn,ACORN,16,32,16,50,10,0.0000,335288.1,2.96,3.04,3.08,3.08,2.98,1,1,911,236,1148,0,1148,0,0,99104.9,30656776,24.6,40
n100k_d128_ip,100000,128,ip,cluster,0.0010,0.0010,100,A_std_standard,std,STANDARD,16,1,32,100,10,0.0300,8349.1,120.42,133.17,158.12,191.67,119.77,1461,1461,1461,0,1461,0,0,108,0,11836.8,14033032,24.5,32
n100k_d128_ip,100000,128,ip,cluster,0.0010,0.0010,100,B_std_acorn1,std,ACORN,16,1,32,100,10,0.0000,395712.1,2.50,2.75,2.88,3.08,2.53,1,1,36,625,662,0,662,0,0,11836.8,14033032,24.5,32
n100k_d128_ip,100000,128,ip,cluster,0.0010,0.0010,100,D_large24_standard,large,STANDARD,24,1,48,100,10,0.0300,7888.8,128.46,141.12,144.21,150.58,126.76,1631,1631,1631,0,1631,0,0,107,0,10422.4,20424136,30.4,48
n100k_d128_ip,100000,128,ip,cluster,0.0010,0.0010,100,E_large24_acorn1,large,ACORN,24,1,48,100,10,1.0000,2196.2,452.75,499.58,528.29,547.25,455.32,132,100,4579,128324,132904,16373,116531,0,10,10422.4,20424136,30.4,48
n100k_d128_ip,100000,128,ip,cluster,0.0010,0.0010,100,D_large48_standard,large,STANDARD,48,1,96,100,10,0.0300,7457.8,136.67,147.54,150.50,153.38,134.09,1814,1814,1814,0,1814,0,0,106,0,9627.1,39618184,35.7,96
n100k_d128_ip,100000,128,ip,cluster,0.0010,0.0010,100,E_large48_acorn1,large,ACORN,48,1,96,100,10,0.0000,88368.7,10.25,19.92,19.96,20.04,11.32,1,1,115,5264,5380,0,5380,0,0,9627.1,39618184,35.7,96
n100k_d128_ip,100000,128,ip,cluster,0.0010,0.0010,100,C_acorn_g4,acorn,ACORN,16,4,16,100,10,0.0000,403980.0,2.46,2.54,2.62,2.83,2.48,1,1,182,536,719,0,719,0,0,12336.4,18532104,24.5,40
n100k_d128_ip,100000,128,ip,cluster,0.0010,0.0010,100,C_acorn_g8,acorn,ACORN,16,8,16,100,10,0.0000,366759.8,2.71,2.79,2.83,2.92,2.73,1,1,311,588,900,0,900,0,0,19233.8,20264200,24.6,40
n100k_d128_ip,100000,128,ip,cluster,0.0010,0.0010,100,C_acorn_g16,acorn,ACORN,16,16,16,100,10,0.0000,306006.9,3.25,3.29,3.38,3.42,3.27,1,1,570,606,1177,0,1177,0,0,39363.7,23728392,24.6,40
n100k_d128_ip,100000,128,ip,cluster,0.0010,0.0010,100,C_acorn_g32,acorn,ACORN,16,32,16,100,10,0.0000,324058.8,3.08,3.17,3.21,3.25,3.09,1,1,911,236,1148,0,1148,0,0,99104.9,30656776,24.6,40
n100k_d128_ip,100000,128,ip,cluster,0.0010,0.0010,100,A_std_standard,std,STANDARD,16,1,32,250,10,0.0300,4121.9,245.54,264.67,289.71,337.21,242.61,1920,1920,1920,0,1920,0,0,258,0,11836.8,14033032,24.5,32
n100k_d128_ip,100000,128,ip,cluster,0.0010,0.0010,100,B_std_acorn1,std,ACORN,16,1,32,250,10,0.0000,327421.2,3.00,3.38,3.62,3.79,3.05,1,1,36,625,662,0,662,0,0,11836.8,14033032,24.5,32
n100k_d128_ip,100000,128,ip,cluster,0.0010,0.0010,100,D_large24_standard,large,STANDARD,24,1,48,250,10,0.0300,4035.1,250.08,274.71,279.42,287.88,247.82,1994,1994,1994,0,1994,0,0,257,0,10422.4,20424136,30.4,48
n100k_d128_ip,100000,128,ip,cluster,0.0010,0.0010,100,E_large24_acorn1,large,ACORN,24,1,48,250,10,1.0000,2150.0,463.71,509.54,544.58,558.71,465.12,132,100,4579,128324,132904,16373,116531,0,10,10422.4,20424136,30.4,48
n100k_d128_ip,100000,128,ip,cluster,0.0010,0.0010,100,D_large48_standard,large,STANDARD,48,1,96,250,10,0.0300,3919.4,256.50,283.17,287.88,303.67,255.14,2102,2102,2102,0,2102,0,0,255,0,9627.1,39618184,35.7,96
n100k_d128_ip,100000,128,ip,cluster,0.0010,0.0010,100,E_large48_acorn1,large,ACORN,48,1,96,250,10,0.0000,97327.9,10.25,10.50,10.67,11.00,10.27,1,1,115,5264,5380,0,5380,0,0,9627.1,39618184,35.7,96
n100k_d128_ip,100000,128,ip,cluster,0.0010,0.0010,100,C_acorn_g4,acorn,ACORN,16,4,16,250,10,0.0000,404794.4,2.46,2.54,2.58,2.75,2.47,1,1,182,536,719,0,719,0,0,12336.4,18532104,24.5,40
n100k_d128_ip,100000,128,ip,cluster,0.0010,0.0010,100,C_acorn_g8,acorn,ACORN,16,8,16,250,10,0.0000,368053.0,2.71,2.79,2.79,2.83,2.72,1,1,311,588,900,0,900,0,0,19233.8,20264200,24.6,40
n100k_d128_ip,100000,128,ip,cluster,0.0010,0.0010,100,C_acorn_g16,acorn,ACORN,16,16,16,250,10,0.0000,308354.6,3.25,3.29,3.38,3.38,3.24,1,1,570,606,1177,0,1177,0,0,39363.7,23728392,24.6,40
n100k_d128_ip,100000,128,ip,cluster,0.0010,0.0010,100,C_acorn_g32,acorn,ACORN,16,32,16,250,10,0.0000,326485.8,3.04,3.17,3.29,3.42,3.06,1,1,911,236,1148,0,1148,0,0,99104.9,30656776,24.6,40
n100k_d128_ip,100000,128,ip,cluster,0.0010,0.0010,100,A_std_standard,std,STANDARD,16,1,32,500,10,0.0300,2117.0,470.38,504.46,641.17,1022.33,472.37,2087,2087,2087,0,2087,0,0,513,0,11836.8,14033032,24.5,32
n100k_d128_ip,100000,128,ip,cluster,0.0010,0.0010,100,B_std_acorn1,std,ACORN,16,1,32,500,10,0.0000,298317.8,3.33,3.58,3.67,4.00,3.35,1,1,36,625,662,0,662,0,0,11836.8,14033032,24.5,32
n100k_d128_ip,100000,128,ip,cluster,0.0010,0.0010,100,D_large24_standard,large,STANDARD,24,1,48,500,10,0.0300,2112.2,477.50,503.46,517.00,523.00,473.44,2074,2074,2074,0,2074,0,0,507,0,10422.4,20424136,30.4,48
n100k_d128_ip,100000,128,ip,cluster,0.0010,0.0010,100,E_large24_acorn1,large,ACORN,24,1,48,500,10,1.0000,2172.1,460.54,495.92,538.25,575.46,460.39,132,100,4579,128324,132904,16373,116531,0,10,10422.4,20424136,30.4,48
n100k_d128_ip,100000,128,ip,cluster,0.0010,0.0010,100,D_large48_standard,large,STANDARD,48,1,96,500,10,0.0300,2058.0,490.12,517.25,520.88,523.75,485.90,2169,2169,2169,0,2169,0,0,505,0,9627.1,39618184,35.7,96
n100k_d128_ip,100000,128,ip,cluster,0.0010,0.0010,100,E_large48_acorn1,large,ACORN,48,1,96,500,10,0.0000,88859.2,10.42,13.00,14.29,37.12,11.25,1,1,115,5264,5380,0,5380,0,0,9627.1,39618184,35.7,96
n100k_d128_ip,100000,128,ip,cluster,0.0010,0.0010,100,C_acorn_g4,acorn,ACORN,16,4,16,500,10,0.0000,408435.0,2.46,2.67,2.71,2.83,2.45,1,1,182,536,719,0,719,0,0,12336.4,18532104,24.5,40
n100k_d128_ip,100000,128,ip,cluster,0.0010,0.0010,100,C_acorn_g8,acorn,ACORN,16,8,16,500,10,0.0000,376055.8,2.67,2.79,2.79,2.83,2.66,1,1,311,588,900,0,900,0,0,19233.8,20264200,24.6,40
n100k_d128_ip,100000,128,ip,cluster,0.0010,0.0010,100,C_acorn_g16,acorn,ACORN,16,16,16,500,10,0.0000,313275.4,3.17,3.29,3.33,3.38,3.19,1,1,570,606,1177,0,1177,0,0,39363.7,23728392,24.6,40
n100k_d128_ip,100000,128,ip,cluster,0.0010,0.0010,100,C_acorn_g32,acorn,ACORN,16,32,16,500,10,0.0000,326797.4,3.04,3.17,3.21,3.21,3.06,1,1,911,236,1148,0,1148,0,0,99104.9,30656776,24.6,40
n100k_d128_ip,100000,128,ip,adversarial,0.5000,0.5000,50000,F_exact,exact,EXACT,16,0,0,0,10,1.0000,226.4,4413.29,4485.04,4493.92,4533.17,4417.29,50000,0,0,0,100000,0,0,0,10,0.0,0,0.0,0
n100k_d128_ip,100000,128,ip,adversarial,0.5000,0.5000,50000,A_std_standard,std,STANDARD,16,1,32,50,10,0.5790,14256.3,71.00,78.50,88.25,130.88,70.14,1037,1037,1037,0,1037,0,0,59,6,11836.8,14033032,24.5,32
n100k_d128_ip,100000,128,ip,adversarial,0.5000,0.5000,50000,B_std_acorn1,std,ACORN,16,1,32,50,10,0.6350,7736.6,113.08,239.75,254.79,284.00,129.26,1013,896,557,6142,6701,2481,4220,0,10,11836.8,14033032,24.5,32
n100k_d128_ip,100000,128,ip,adversarial,0.5000,0.5000,50000,D_large24_standard,large,STANDARD,24,1,48,50,10,0.6220,12538.7,81.33,90.25,93.58,108.33,79.75,1209,1209,1209,0,1209,0,0,57,6,10422.4,20424136,30.4,48
n100k_d128_ip,100000,128,ip,adversarial,0.5000,0.5000,50000,E_large24_acorn1,large,ACORN,24,1,48,50,10,0.6620,5704.5,145.17,308.46,347.71,375.25,175.30,1250,1094,804,11351,12157,4356,7800,0,10,10422.4,20424136,30.4,48
n100k_d128_ip,100000,128,ip,adversarial,0.5000,0.5000,50000,D_large48_standard,large,STANDARD,48,1,96,50,10,0.6340,11304.0,89.54,101.25,103.33,116.92,88.46,1433,1433,1433,0,1433,0,0,56,7,9627.1,39618184,35.7,96
n100k_d128_ip,100000,128,ip,adversarial,0.5000,0.5000,50000,E_large48_acorn1,large,ACORN,48,1,96,50,10,0.8000,3769.5,231.71,430.58,475.83,582.08,265.28,1592,1363,1324,23812,25137,8530,16606,0,10,9627.1,39618184,35.7,96
n100k_d128_ip,100000,128,ip,adversarial,0.5000,0.5000,50000,C_acorn_g4,acorn,ACORN,16,4,16,50,10,0.5500,11658.4,87.92,117.67,134.83,145.71,85.78,714,635,1264,2049,3314,1741,1573,0,10,12336.4,18532104,24.5,40
n100k_d128_ip,100000,128,ip,adversarial,0.5000,0.5000,50000,C_acorn_g8,acorn,ACORN,16,8,16,50,10,0.5410,11365.0,88.62,123.42,154.62,177.25,87.99,726,645,1296,2131,3429,1783,1646,0,10,19233.8,20264200,24.6,40
n100k_d128_ip,100000,128,ip,adversarial,0.5000,0.5000,50000,C_acorn_g16,acorn,ACORN,16,16,16,50,10,0.6030,11137.3,92.54,121.67,141.67,145.12,89.79,771,686,1297,2065,3364,1741,1622,0,10,39363.7,23728392,24.6,40
n100k_d128_ip,100000,128,ip,adversarial,0.5000,0.5000,50000,C_acorn_g32,acorn,ACORN,16,32,16,50,10,0.3960,11676.7,85.54,142.00,173.04,180.33,85.64,766,686,1251,2137,3389,1830,1558,0,10,99104.9,30656776,24.6,40
n100k_d128_ip,100000,128,ip,adversarial,0.5000,0.5000,50000,A_std_standard,std,STANDARD,16,1,32,100,10,0.6510,8306.9,121.50,135.75,154.38,191.46,120.38,1461,1461,1461,0,1461,0,0,108,6,11836.8,14033032,24.5,32
n100k_d128_ip,100000,128,ip,adversarial,0.5000,0.5000,50000,B_std_acorn1,std,ACORN,16,1,32,100,10,0.7500,4263.4,198.04,395.54,424.08,457.58,234.56,1335,1219,1356,14105,15462,5911,9551,0,10,11836.8,14033032,24.5,32
n100k_d128_ip,100000,128,ip,adversarial,0.5000,0.5000,50000,D_large24_standard,large,STANDARD,24,1,48,100,10,0.6660,7695.3,130.75,146.88,150.79,150.92,129.95,1631,1631,1631,0,1631,0,0,107,6,10422.4,20424136,30.4,48
n100k_d128_ip,100000,128,ip,adversarial,0.5000,0.5000,50000,E_large24_acorn1,large,ACORN,24,1,48,100,10,0.7590,3188.8,246.33,526.46,569.96,601.96,313.60,1500,1344,2053,26769,28824,10277,18547,0,10,10422.4,20424136,30.4,48
n100k_d128_ip,100000,128,ip,adversarial,0.5000,0.5000,50000,D_large48_standard,large,STANDARD,48,1,96,100,10,0.6730,7321.8,137.79,154.88,160.62,168.62,136.58,1814,1814,1814,0,1814,0,0,106,7,9627.1,39618184,35.7,96
n100k_d128_ip,100000,128,ip,adversarial,0.5000,0.5000,50000,E_large48_acorn1,large,ACORN,48,1,96,100,10,0.8350,2272.7,363.12,760.17,829.12,861.42,440.01,1804,1576,3105,46781,49888,17977,31910,0,10,9627.1,39618184,35.7,96
n100k_d128_ip,100000,128,ip,adversarial,0.5000,0.5000,50000,C_acorn_g4,acorn,ACORN,16,4,16,100,10,0.6070,6813.2,150.58,205.67,228.00,257.00,146.77,947,869,2326,4102,6429,3376,3053,0,10,12336.4,18532104,24.5,40
n100k_d128_ip,100000,128,ip,adversarial,0.5000,0.5000,50000,C_acorn_g8,acorn,ACORN,16,8,16,100,10,0.5920,6724.8,150.08,217.38,256.96,267.21,148.70,967,886,2365,4214,6581,3464,3117,0,10,19233.8,20264200,24.6,40
n100k_d128_ip,100000,128,ip,adversarial,0.5000,0.5000,50000,C_acorn_g16,acorn,ACORN,16,16,16,100,10,0.6620,6455.4,159.67,206.17,226.29,247.67,154.91,1026,941,2347,4187,6536,3397,3138,0,10,39363.7,23728392,24.6,40
n100k_d128_ip,100000,128,ip,adversarial,0.5000,0.5000,50000,C_acorn_g32,acorn,ACORN,16,32,16,100,10,0.4450,6807.6,144.17,227.00,250.62,293.12,146.90,1021,941,2295,4318,6614,3503,3111,0,10,99104.9,30656776,24.6,40
n100k_d128_ip,100000,128,ip,adversarial,0.5000,0.5000,50000,A_std_standard,std,STANDARD,16,1,32,250,10,0.6660,4114.1,246.46,268.25,275.21,337.21,243.07,1920,1920,1920,0,1920,0,0,258,6,11836.8,14033032,24.5,32
n100k_d128_ip,100000,128,ip,adversarial,0.5000,0.5000,50000,B_std_acorn1,std,ACORN,16,1,32,250,10,0.7910,2009.4,415.58,810.92,834.67,840.38,497.66,1637,1521,4712,37530,42243,17717,24526,0,10,11836.8,14033032,24.5,32
n100k_d128_ip,100000,128,ip,adversarial,0.5000,0.5000,50000,D_large24_standard,large,STANDARD,24,1,48,250,10,0.6760,4010.5,252.04,276.54,285.42,294.21,249.35,1994,1994,1994,0,1994,0,0,257,7,10422.4,20424136,30.4,48
n100k_d128_ip,100000,128,ip,adversarial,0.5000,0.5000,50000,E_large24_acorn1,large,ACORN,24,1,48,250,10,0.7920,1519.5,522.38,1123.75,1160.04,1187.08,658.10,1733,1576,6593,68192,74787,28572,46214,0,10,10422.4,20424136,30.4,48
n100k_d128_ip,100000,128,ip,adversarial,0.5000,0.5000,50000,D_large48_standard,large,STANDARD,48,1,96,250,10,0.6790,3902.0,257.96,281.79,290.54,297.04,256.28,2102,2102,2102,0,2102,0,0,255,8,9627.1,39618184,35.7,96
n100k_d128_ip,100000,128,ip,adversarial,0.5000,0.5000,50000,E_large48_acorn1,large,ACORN,48,1,96,250,10,0.8670,1103.1,723.83,1655.12,1742.67,1905.46,906.51,2108,1880,8799,108151,116951,45225,71726,0,10,9627.1,39618184,35.7,96
n100k_d128_ip,100000,128,ip,adversarial,0.5000,0.5000,50000,C_acorn_g4,acorn,ACORN,16,4,16,250,10,0.6580,3195.2,318.46,447.00,460.29,479.62,312.97,1239,1160,5638,10587,16226,8610,7616,0,10,12336.4,18532104,24.5,40
n100k_d128_ip,100000,128,ip,adversarial,0.5000,0.5000,50000,C_acorn_g8,acorn,ACORN,16,8,16,250,10,0.6400,3086.4,324.50,456.04,475.83,476.67,324.00,1282,1201,5706,10725,16433,8714,7719,0,10,19233.8,20264200,24.6,40
n100k_d128_ip,100000,128,ip,adversarial,0.5000,0.5000,50000,C_acorn_g16,acorn,ACORN,16,16,16,250,10,0.7040,3009.5,328.88,456.92,471.83,521.75,332.29,1373,1288,5705,11007,16714,8819,7894,0,10,39363.7,23728392,24.6,40
n100k_d128_ip,100000,128,ip,adversarial,0.5000,0.5000,50000,C_acorn_g32,acorn,ACORN,16,32,16,250,10,0.4920,3055.5,320.21,473.12,577.17,650.62,327.28,1425,1345,5686,11386,17074,9060,8013,0,10,99104.9,30656776,24.6,40
n100k_d128_ip,100000,128,ip,adversarial,0.5000,0.5000,50000,A_std_standard,std,STANDARD,16,1,32,500,10,0.6780,2108.1,473.54,504.12,597.21,1044.88,474.35,2087,2087,2087,0,2087,0,0,513,7,11836.8,14033032,24.5,32
n100k_d128_ip,100000,128,ip,adversarial,0.5000,0.5000,50000,B_std_acorn1,std,ACORN,16,1,32,500,10,0.8590,1054.9,804.50,1547.79,1764.83,2006.62,947.96,1873,1757,11015,72654,83670,37548,46122,0,10,11836.8,14033032,24.5,32
n100k_d128_ip,100000,128,ip,adversarial,0.5000,0.5000,50000,D_large24_standard,large,STANDARD,24,1,48,500,10,0.6790,2105.6,479.67,502.17,518.12,522.12,474.93,2074,2074,2074,0,2074,0,0,507,7,10422.4,20424136,30.4,48
n100k_d128_ip,100000,128,ip,adversarial,0.5000,0.5000,50000,E_large24_acorn1,large,ACORN,24,1,48,500,10,0.8120,842.0,1025.12,2126.92,2211.33,2559.96,1187.69,2024,1867,14451,118067,132519,56046,76473,0,10,10422.4,20424136,30.4,48
n100k_d128_ip,100000,128,ip,adversarial,0.5000,0.5000,50000,D_large48_standard,large,STANDARD,48,1,96,500,10,0.6840,2061.2,489.04,517.21,525.58,526.58,485.15,2169,2169,2169,0,2169,0,0,505,9,9627.1,39618184,35.7,96
n100k_d128_ip,100000,128,ip,adversarial,0.5000,0.5000,50000,E_large48_acorn1,large,ACORN,48,1,96,500,10,0.8870,627.1,1297.92,3070.58,3230.12,3277.46,1594.61,2490,2261,17812,186548,204362,85131,119231,0,10,9627.1,39618184,35.7,96
n100k_d128_ip,100000,128,ip,adversarial,0.5000,0.5000,50000,C_acorn_g4,acorn,ACORN,16,4,16,500,10,0.6790,1694.2,582.42,863.75,915.29,1283.00,590.26,1376,1297,11161,19603,30766,17367,13398,0,10,12336.4,18532104,24.5,40
n100k_d128_ip,100000,128,ip,adversarial,0.5000,0.5000,50000,C_acorn_g8,acorn,ACORN,16,8,16,500,10,0.6540,1675.0,597.42,849.29,908.96,911.75,597.03,1450,1369,11280,19317,30598,17292,13306,0,10,19233.8,20264200,24.6,40
n100k_d128_ip,100000,128,ip,adversarial,0.5000,0.5000,50000,C_acorn_g16,acorn,ACORN,16,16,16,500,10,0.7210,1556.1,622.50,864.00,999.54,1359.46,642.62,1657,1572,11684,20559,32244,18209,14035,0,10,39363.7,23728392,24.6,40
n100k_d128_ip,100000,128,ip,adversarial,0.5000,0.5000,50000,C_acorn_g32,acorn,ACORN,16,32,16,500,10,0.4980,1613.7,596.50,868.04,976.00,1073.46,619.68,1657,1577,11487,20986,32474,17872,14601,0,10,99104.9,30656776,24.6,40
n100k_d128_ip,100000,128,ip,adversarial,0.5000,0.5000,50000,F_exact,exact,EXACT,16,0,0,0,100,1.0000,226.6,4419.62,4472.25,4500.46,4517.79,4413.91,50000,0,0,0,100000,0,0,0,100,0.0,0,0.0,0
n100k_d128_ip,100000,128,ip,adversarial,0.5000,0.5000,50000,A_std_standard,std,STANDARD,16,1,32,50,100,0.4966,11458.9,89.33,98.96,110.29,155.71,87.27,1038,1038,1038,0,1038,0,0,59,61,11836.8,14033032,24.5,32
n100k_d128_ip,100000,128,ip,adversarial,0.5000,0.5000,50000,B_std_acorn1,std,ACORN,16,1,32,50,100,0.6166,6615.7,134.83,247.79,281.83,285.67,151.16,1013,896,557,6142,6701,2481,4220,0,98,11836.8,14033032,24.5,32
n100k_d128_ip,100000,128,ip,adversarial,0.5000,0.5000,50000,D_large24_standard,large,STANDARD,24,1,48,50,100,0.5478,10287.4,99.17,111.12,121.04,135.29,97.21,1209,1209,1209,0,1209,0,0,57,63,10422.4,20424136,30.4,48
n100k_d128_ip,100000,128,ip,adversarial,0.5000,0.5000,50000,E_large24_acorn1,large,ACORN,24,1,48,50,100,0.6678,5017.1,168.12,334.92,363.29,401.42,199.32,1250,1094,804,11351,12157,4356,7800,0,100,10422.4,20424136,30.4,48
n100k_d128_ip,100000,128,ip,adversarial,0.5000,0.5000,50000,D_large48_standard,large,STANDARD,48,1,96,50,100,0.5717,9415.2,107.71,122.79,135.12,144.29,106.21,1433,1433,1433,0,1433,0,0,56,64,9627.1,39618184,35.7,96
n100k_d128_ip,100000,128,ip,adversarial,0.5000,0.5000,50000,E_large48_acorn1,large,ACORN,48,1,96,50,100,0.7809,3455.1,266.42,445.42,474.83,630.62,289.43,1592,1363,1324,23812,25137,8530,16606,0,100,9627.1,39618184,35.7,96
n100k_d128_ip,100000,128,ip,adversarial,0.5000,0.5000,50000,C_acorn_g4,acorn,ACORN,16,4,16,50,100,0.5352,9421.6,110.54,137.58,148.38,158.04,106.14,714,635,1264,2052,3317,1741,1575,0,98,12336.4,18532104,24.5,40
n100k_d128_ip,100000,128,ip,adversarial,0.5000,0.5000,50000,C_acorn_g8,acorn,ACORN,16,8,16,50,100,0.5228,9541.7,107.50,138.00,159.79,222.96,104.80,726,645,1297,2132,3430,1783,1646,0,98,19233.8,20264200,24.6,40
n100k_d128_ip,100000,128,ip,adversarial,0.5000,0.5000,50000,C_acorn_g16,acorn,ACORN,16,16,16,50,100,0.5766,9207.1,111.33,140.42,151.75,172.46,108.61,771,686,1297,2065,3364,1741,1622,0,98,39363.7,23728392,24.6,40
n100k_d128_ip,100000,128,ip,adversarial,0.5000,0.5000,50000,C_acorn_g32,acorn,ACORN,16,32,16,50,100,0.3881,9628.8,104.71,160.83,211.88,222.38,103.85,766,686,1251,2137,3389,1830,1558,0,98,99104.9,30656776,24.6,40
n100k_d128_ip,100000,128,ip,adversarial,0.5000,0.5000,50000,A_std_standard,std,STANDARD,16,1,32,100,100,0.5878,7669.0,134.08,149.29,161.54,201.71,130.40,1461,1461,1461,0,1461,0,0,108,63,11836.8,14033032,24.5,32
n100k_d128_ip,100000,128,ip,adversarial,0.5000,0.5000,50000,B_std_acorn1,std,ACORN,16,1,32,100,100,0.7376,4092.3,207.58,404.58,422.00,493.42,244.36,1335,1219,1356,14105,15462,5911,9551,0,100,11836.8,14033032,24.5,32
n100k_d128_ip,100000,128,ip,adversarial,0.5000,0.5000,50000,D_large24_standard,large,STANDARD,24,1,48,100,100,0.6203,7309.8,139.04,155.96,162.71,172.00,136.80,1631,1631,1631,0,1631,0,0,107,64,10422.4,20424136,30.4,48
n100k_d128_ip,100000,128,ip,adversarial,0.5000,0.5000,50000,E_large24_acorn1,large,ACORN,24,1,48,100,100,0.7664,3076.0,263.42,542.04,605.33,620.58,325.10,1500,1344,2053,26769,28824,10277,18547,0,100,10422.4,20424136,30.4,48
n100k_d128_ip,100000,128,ip,adversarial,0.5000,0.5000,50000,D_large48_standard,large,STANDARD,48,1,96,100,100,0.6279,6827.9,150.08,162.38,166.96,167.42,146.46,1814,1814,1814,0,1814,0,0,106,65,9627.1,39618184,35.7,96
n100k_d128_ip,100000,128,ip,adversarial,0.5000,0.5000,50000,E_large48_acorn1,large,ACORN,48,1,96,100,100,0.8365,2206.5,379.83,772.04,811.92,882.96,453.21,1804,1576,3105,46781,49888,17977,31910,0,100,9627.1,39618184,35.7,96
n100k_d128_ip,100000,128,ip,adversarial,0.5000,0.5000,50000,C_acorn_g4,acorn,ACORN,16,4,16,100,100,0.6206,6423.4,160.29,210.67,233.96,263.29,155.68,947,869,2326,4102,6429,3376,3053,0,98,12336.4,18532104,24.5,40
n100k_d128_ip,100000,128,ip,adversarial,0.5000,0.5000,50000,C_acorn_g8,acorn,ACORN,16,8,16,100,100,0.6004,6360.0,159.58,221.12,268.46,272.38,157.23,967,886,2365,4214,6581,3464,3117,0,98,19233.8,20264200,24.6,40
n100k_d128_ip,100000,128,ip,adversarial,0.5000,0.5000,50000,C_acorn_g16,acorn,ACORN,16,16,16,100,100,0.6675,6145.8,165.21,210.38,231.75,251.79,162.71,1026,941,2347,4187,6536,3397,3138,0,98,39363.7,23728392,24.6,40
n100k_d128_ip,100000,128,ip,adversarial,0.5000,0.5000,50000,C_acorn_g32,acorn,ACORN,16,32,16,100,100,0.4430,6462.2,152.50,237.33,268.88,306.67,154.75,1021,941,2295,4318,6614,3503,3111,0,98,99104.9,30656776,24.6,40
n100k_d128_ip,100000,128,ip,adversarial,0.5000,0.5000,50000,A_std_standard,std,STANDARD,16,1,32,250,100,0.6312,3943.3,255.38,279.92,288.75,346.62,253.59,1920,1920,1920,0,1920,0,0,258,64,11836.8,14033032,24.5,32
n100k_d128_ip,100000,128,ip,adversarial,0.5000,0.5000,50000,B_std_acorn1,std,ACORN,16,1,32,250,100,0.8045,1960.5,422.25,829.25,855.71,860.79,510.07,1637,1521,4712,37530,42243,17717,24526,0,100,11836.8,14033032,24.5,32
n100k_d128_ip,100000,128,ip,adversarial,0.5000,0.5000,50000,D_large24_standard,large,STANDARD,24,1,48,250,100,0.6478,3851.2,261.08,289.88,296.67,319.29,259.66,1994,1994,1994,0,1994,0,0,257,65,10422.4,20424136,30.4,48
n100k_d128_ip,100000,128,ip,adversarial,0.5000,0.5000,50000,E_large24_acorn1,large,ACORN,24,1,48,250,100,0.8054,1484.2,559.04,1139.79,1174.00,1184.83,673.78,1733,1576,6593,68192,74787,28572,46214,0,100,10422.4,20424136,30.4,48
n100k_d128_ip,100000,128,ip,adversarial,0.5000,0.5000,50000,D_large48_standard,large,STANDARD,48,1,96,250,100,0.6503,3751.6,269.29,292.50,300.38,304.62,266.55,2102,2102,2102,0,2102,0,0,255,68,9627.1,39618184,35.7,96
n100k_d128_ip,100000,128,ip,adversarial,0.5000,0.5000,50000,E_large48_acorn1,large,ACORN,48,1,96,250,100,0.8756,1089.0,730.54,1667.00,1708.12,1903.04,918.27,2108,1880,8799,108151,116951,45225,71726,0,100,9627.1,39618184,35.7,96
n100k_d128_ip,100000,128,ip,adversarial,0.5000,0.5000,50000,C_acorn_g4,acorn,ACORN,16,4,16,250,100,0.6817,3075.2,331.50,445.83,475.67,486.25,325.18,1239,1160,5638,10587,16226,8610,7616,0,98,12336.4,18532104,24.5,40
n100k_d128_ip,100000,128,ip,adversarial,0.5000,0.5000,50000,C_acorn_g8,acorn,ACORN,16,8,16,250,100,0.6601,3020.1,332.92,463.00,483.96,497.79,331.11,1282,1201,5706,10725,16433,8714,7719,0,98,19233.8,20264200,24.6,40
n100k_d128_ip,100000,128,ip,adversarial,0.5000,0.5000,50000,C_acorn_g16,acorn,ACORN,16,16,16,250,100,0.7320,2907.0,343.38,468.42,488.21,505.33,344.00,1373,1288,5705,11007,16714,8819,7894,0,98,39363.7,23728392,24.6,40
n100k_d128_ip,100000,128,ip,adversarial,0.5000,0.5000,50000,C_acorn_g32,acorn,ACORN,16,32,16,250,100,0.5039,2958.0,329.92,481.33,579.71,669.50,338.07,1425,1345,5686,11386,17074,9060,8013,0,98,99104.9,30656776,24.6,40
n100k_d128_ip,100000,128,ip,adversarial,0.5000,0.5000,50000,A_std_standard,std,STANDARD,16,1,32,500,100,0.6478,2061.6,484.33,516.88,591.46,1058.42,485.06,2087,2087,2087,0,2087,0,0,513,65,11836.8,14033032,24.5,32
n100k_d128_ip,100000,128,ip,adversarial,0.5000,0.5000,50000,B_std_acorn1,std,ACORN,16,1,32,500,100,0.8632,1040.3,817.88,1546.17,1847.62,2024.71,961.24,1873,1757,11015,72654,83670,37548,46122,0,100,11836.8,14033032,24.5,32
n100k_d128_ip,100000,128,ip,adversarial,0.5000,0.5000,50000,D_large24_standard,large,STANDARD,24,1,48,500,100,0.6501,2051.1,493.12,517.75,529.33,537.88,487.55,2074,2074,2074,0,2074,0,0,507,66,10422.4,20424136,30.4,48
n100k_d128_ip,100000,128,ip,adversarial,0.5000,0.5000,50000,E_large24_acorn1,large,ACORN,24,1,48,500,100,0.8303,829.5,1039.42,2181.04,2226.42,2525.58,1205.60,2024,1867,14451,118067,132519,56046,76473,0,100,10422.4,20424136,30.4,48
n100k_d128_ip,100000,128,ip,adversarial,0.5000,0.5000,50000,D_large48_standard,large,STANDARD,48,1,96,500,100,0.6537,1996.9,502.21,525.67,543.96,546.42,500.77,2169,2169,2169,0,2169,0,0,505,72,9627.1,39618184,35.7,96
n100k_d128_ip,100000,128,ip,adversarial,0.5000,0.5000,50000,E_large48_acorn1,large,ACORN,48,1,96,500,100,0.8947,619.3,1318.71,3038.88,3196.04,3290.29,1614.66,2490,2261,17812,186548,204362,85131,119231,0,100,9627.1,39618184,35.7,96
n100k_d128_ip,100000,128,ip,adversarial,0.5000,0.5000,50000,C_acorn_g4,acorn,ACORN,16,4,16,500,100,0.7006,1655.8,599.58,863.29,929.83,1318.00,603.94,1376,1297,11161,19603,30766,17367,13398,0,98,12336.4,18532104,24.5,40
n100k_d128_ip,100000,128,ip,adversarial,0.5000,0.5000,50000,C_acorn_g8,acorn,ACORN,16,8,16,500,100,0.6780,1636.3,602.71,851.46,921.83,940.79,611.12,1450,1369,11280,19317,30598,17292,13306,0,98,19233.8,20264200,24.6,40
n100k_d128_ip,100000,128,ip,adversarial,0.5000,0.5000,50000,C_acorn_g16,acorn,ACORN,16,16,16,500,100,0.7461,1520.8,636.46,883.88,1010.33,1449.96,657.55,1657,1572,11684,20559,32244,18209,14035,0,98,39363.7,23728392,24.6,40
n100k_d128_ip,100000,128,ip,adversarial,0.5000,0.5000,50000,C_acorn_g32,acorn,ACORN,16,32,16,500,100,0.5138,1572.9,604.46,892.67,965.75,1148.38,635.78,1657,1577,11487,20986,32474,17872,14601,0,98,99104.9,30656776,24.6,40
n100k_d128_ip,100000,128,ip,adversarial,0.2500,0.2500,25000,F_exact,exact,EXACT,16,0,0,0,10,1.0000,443.5,2235.88,2428.62,2536.25,2561.79,2254.98,25000,0,0,0,100000,0,0,0,10,0.0,0,0.0,0
n100k_d128_ip,100000,128,ip,adversarial,0.2500,0.2500,25000,A_std_standard,std,STANDARD,16,1,32,50,10,0.3450,14069.2,73.08,84.38,98.08,139.04,71.08,1037,1037,1037,0,1037,0,0,59,4,11836.8,14033032,24.5,32
n100k_d128_ip,100000,128,ip,adversarial,0.2500,0.2500,25000,B_std_acorn1,std,ACORN,16,1,32,50,10,0.4240,9578.3,89.12,210.08,280.71,323.12,104.40,1076,958,533,5390,5924,2383,3540,0,10,11836.8,14033032,24.5,32
n100k_d128_ip,100000,128,ip,adversarial,0.2500,0.2500,25000,D_large24_standard,large,STANDARD,24,1,48,50,10,0.3860,12305.7,82.00,92.71,97.75,113.62,81.26,1209,1209,1209,0,1209,0,0,57,4,10422.4,20424136,30.4,48
n100k_d128_ip,100000,128,ip,adversarial,0.2500,0.2500,25000,E_large24_acorn1,large,ACORN,24,1,48,50,10,0.4120,7788.9,110.96,235.92,333.29,336.62,128.39,1230,1102,660,7912,8574,3570,5004,0,10,10422.4,20424136,30.4,48
n100k_d128_ip,100000,128,ip,adversarial,0.2500,0.2500,25000,D_large48_standard,large,STANDARD,48,1,96,50,10,0.4170,11123.9,90.71,102.75,114.17,115.29,89.90,1433,1433,1433,0,1433,0,0,56,5,9627.1,39618184,35.7,96
n100k_d128_ip,100000,128,ip,adversarial,0.2500,0.2500,25000,E_large48_acorn1,large,ACORN,48,1,96,50,10,0.5340,4899.6,173.33,372.67,434.25,454.12,204.10,1559,1319,1175,17800,18976,7456,11520,0,10,9627.1,39618184,35.7,96
n100k_d128_ip,100000,128,ip,adversarial,0.2500,0.2500,25000,C_acorn_g4,acorn,ACORN,16,4,16,50,10,0.2720,14152.1,65.38,105.33,120.92,184.96,70.66,761,707,1251,1352,2605,1753,852,0,10,12336.4,18532104,24.5,40
n100k_d128_ip,100000,128,ip,adversarial,0.2500,0.2500,25000,C_acorn_g8,acorn,ACORN,16,8,16,50,10,0.3330,13844.8,69.96,105.62,117.58,135.71,72.23,761,692,1376,1218,2595,1814,780,0,10,19233.8,20264200,24.6,40
n100k_d128_ip,100000,128,ip,adversarial,0.2500,0.2500,25000,C_acorn_g16,acorn,ACORN,16,16,16,50,10,0.3330,13731.6,70.46,106.04,114.71,125.96,72.82,780,707,1469,1302,2772,1792,979,0,10,39363.7,23728392,24.6,40
n100k_d128_ip,100000,128,ip,adversarial,0.2500,0.2500,25000,C_acorn_g32,acorn,ACORN,16,32,16,50,10,0.3330,12405.3,79.67,115.00,129.21,174.21,80.61,776,702,1348,1567,2917,1807,1110,0,10,99104.9,30656776,24.6,40
n100k_d128_ip,100000,128,ip,adversarial,0.2500,0.2500,25000,A_std_standard,std,STANDARD,16,1,32,100,10,0.4060,8281.5,121.79,134.04,135.92,190.62,120.75,1461,1461,1461,0,1461,0,0,108,4,11836.8,14033032,24.5,32
n100k_d128_ip,100000,128,ip,adversarial,0.2500,0.2500,25000,B_std_acorn1,std,ACORN,16,1,32,100,10,0.5210,4959.0,177.42,398.33,469.79,505.92,201.65,1455,1337,1256,11147,12404,5263,7141,0,10,11836.8,14033032,24.5,32
n100k_d128_ip,100000,128,ip,adversarial,0.2500,0.2500,25000,D_large24_standard,large,STANDARD,24,1,48,100,10,0.4450,7749.6,131.67,141.46,146.46,156.38,129.04,1631,1631,1631,0,1631,0,0,107,4,10422.4,20424136,30.4,48
n100k_d128_ip,100000,128,ip,adversarial,0.2500,0.2500,25000,E_large24_acorn1,large,ACORN,24,1,48,100,10,0.4710,4500.8,194.71,421.25,526.83,551.08,222.18,1512,1383,1742,17075,18819,8425,10393,0,10,10422.4,20424136,30.4,48
n100k_d128_ip,100000,128,ip,adversarial,0.2500,0.2500,25000,D_large48_standard,large,STANDARD,48,1,96,100,10,0.4560,7293.4,140.46,151.08,155.58,158.42,137.11,1814,1814,1814,0,1814,0,0,106,5,9627.1,39618184,35.7,96
n100k_d128_ip,100000,128,ip,adversarial,0.2500,0.2500,25000,E_large48_acorn1,large,ACORN,48,1,96,100,10,0.5610,2940.9,245.75,664.17,712.96,739.29,340.04,1729,1489,2839,36016,38857,15852,23004,0,10,9627.1,39618184,35.7,96
n100k_d128_ip,100000,128,ip,adversarial,0.2500,0.2500,25000,C_acorn_g4,acorn,ACORN,16,4,16,100,10,0.3230,8369.2,114.83,173.88,207.75,250.08,119.49,1020,965,2280,2707,4989,3425,1563,0,10,12336.4,18532104,24.5,40
n100k_d128_ip,100000,128,ip,adversarial,0.2500,0.2500,25000,C_acorn_g8,acorn,ACORN,16,8,16,100,10,0.3880,8337.3,115.50,168.96,202.00,225.08,119.94,1020,950,2438,2489,4928,3569,1359,0,10,19233.8,20264200,24.6,40
n100k_d128_ip,100000,128,ip,adversarial,0.2500,0.2500,25000,C_acorn_g16,acorn,ACORN,16,16,16,100,10,0.4000,8046.2,124.58,178.71,207.50,355.04,124.28,1067,993,2444,2508,4953,3383,1569,0,10,39363.7,23728392,24.6,40
n100k_d128_ip,100000,128,ip,adversarial,0.2500,0.2500,25000,C_acorn_g32,acorn,ACORN,16,32,16,100,10,0.3960,7394.5,130.00,188.71,231.58,317.54,135.24,1079,1004,2442,3192,5635,3592,2043,0,10,99104.9,30656776,24.6,40
n100k_d128_ip,100000,128,ip,adversarial,0.2500,0.2500,25000,A_std_standard,std,STANDARD,16,1,32,250,10,0.4530,4088.4,249.38,269.38,279.21,346.17,244.60,1920,1920,1920,0,1920,0,0,258,4,11836.8,14033032,24.5,32
n100k_d128_ip,100000,128,ip,adversarial,0.2500,0.2500,25000,B_std_acorn1,std,ACORN,16,1,32,250,10,0.5530,2449.2,332.46,777.50,837.42,893.79,408.30,1740,1622,4506,28075,32582,16313,16269,0,10,11836.8,14033032,24.5,32
n100k_d128_ip,100000,128,ip,adversarial,0.2500,0.2500,25000,D_large24_standard,large,STANDARD,24,1,48,250,10,0.4800,3939.7,256.38,279.96,282.33,285.67,253.83,1994,1994,1994,0,1994,0,0,257,5,10422.4,20424136,30.4,48
n100k_d128_ip,100000,128,ip,adversarial,0.2500,0.2500,25000,E_large24_acorn1,large,ACORN,24,1,48,250,10,0.4850,2076.0,381.17,1023.54,1082.88,1128.92,481.70,1678,1549,6045,45556,51602,25803,25798,0,10,10422.4,20424136,30.4,48
n100k_d128_ip,100000,128,ip,adversarial,0.2500,0.2500,25000,D_large48_standard,large,STANDARD,48,1,96,250,10,0.4880,3918.5,256.67,282.33,291.12,302.92,255.20,2102,2102,2102,0,2102,0,0,255,6,9627.1,39618184,35.7,96
n100k_d128_ip,100000,128,ip,adversarial,0.2500,0.2500,25000,E_large48_acorn1,large,ACORN,48,1,96,250,10,0.6220,1262.6,543.67,1563.42,1838.92,2485.71,792.03,1975,1735,8563,97380,105944,44745,61198,0,10,9627.1,39618184,35.7,96
n100k_d128_ip,100000,128,ip,adversarial,0.2500,0.2500,25000,C_acorn_g4,acorn,ACORN,16,4,16,250,10,0.3770,3900.7,246.38,395.29,411.38,444.67,256.36,1351,1296,5412,7305,12719,8610,4108,0,10,12336.4,18532104,24.5,40
n100k_d128_ip,100000,128,ip,adversarial,0.2500,0.2500,25000,C_acorn_g8,acorn,ACORN,16,8,16,250,10,0.4320,3917.1,250.83,390.00,418.12,502.62,255.29,1357,1288,5617,6387,12005,8703,3302,0,10,19233.8,20264200,24.6,40
n100k_d128_ip,100000,128,ip,adversarial,0.2500,0.2500,25000,C_acorn_g16,acorn,ACORN,16,16,16,250,10,0.4550,3824.7,264.96,391.92,450.54,600.04,261.46,1427,1353,5498,6643,12142,8350,3791,0,10,39363.7,23728392,24.6,40
n100k_d128_ip,100000,128,ip,adversarial,0.2500,0.2500,25000,C_acorn_g32,acorn,ACORN,16,32,16,250,10,0.4320,3421.0,286.67,408.79,487.83,515.29,292.31,1441,1366,5704,8577,14283,8962,5321,0,10,99104.9,30656776,24.6,40
n100k_d128_ip,100000,128,ip,adversarial,0.2500,0.2500,25000,A_std_standard,std,STANDARD,16,1,32,500,10,0.4790,2116.0,472.17,503.50,585.79,1023.54,472.59,2087,2087,2087,0,2087,0,0,513,5,11836.8,14033032,24.5,32
n100k_d128_ip,100000,128,ip,adversarial,0.2500,0.2500,25000,B_std_acorn1,std,ACORN,16,1,32,500,10,0.5650,1285.2,612.58,1478.29,1526.42,1607.12,778.12,1846,1728,10627,55467,66095,35315,30780,0,10,11836.8,14033032,24.5,32
n100k_d128_ip,100000,128,ip,adversarial,0.2500,0.2500,25000,D_large24_standard,large,STANDARD,24,1,48,500,10,0.4860,2107.5,478.29,502.21,512.79,513.29,474.51,2074,2074,2074,0,2074,0,0,507,5,10422.4,20424136,30.4,48
n100k_d128_ip,100000,128,ip,adversarial,0.2500,0.2500,25000,E_large24_acorn1,large,ACORN,24,1,48,500,10,0.4860,1077.3,738.88,1962.42,2082.46,2083.58,928.25,1756,1628,13503,89490,102995,54118,48876,0,10,10422.4,20424136,30.4,48
n100k_d128_ip,100000,128,ip,adversarial,0.2500,0.2500,25000,D_large48_standard,large,STANDARD,48,1,96,500,10,0.4980,2057.1,489.33,516.92,526.29,526.46,486.11,2169,2169,2169,0,2169,0,0,505,7,9627.1,39618184,35.7,96
n100k_d128_ip,100000,128,ip,adversarial,0.2500,0.2500,25000,E_large48_acorn1,large,ACORN,48,1,96,500,10,0.6850,650.9,1069.12,3228.71,3956.17,4144.75,1536.39,2356,2116,18343,189245,207589,91577,116011,0,10,9627.1,39618184,35.7,96
n100k_d128_ip,100000,128,ip,adversarial,0.2500,0.2500,25000,C_acorn_g4,acorn,ACORN,16,4,16,500,10,0.3890,1896.0,518.46,801.38,890.17,893.88,527.42,1528,1473,10987,15431,26420,17579,8840,0,10,12336.4,18532104,24.5,40
n100k_d128_ip,100000,128,ip,adversarial,0.2500,0.2500,25000,C_acorn_g8,acorn,ACORN,16,8,16,500,10,0.4460,2213.3,455.00,700.38,781.38,866.50,451.80,1547,1477,10832,11984,22817,16810,6006,0,10,19233.8,20264200,24.6,40
n100k_d128_ip,100000,128,ip,adversarial,0.2500,0.2500,25000,C_acorn_g16,acorn,ACORN,16,16,16,500,10,0.4680,2096.8,473.17,716.00,811.00,917.25,476.91,1578,1505,10964,13417,24383,16794,7589,0,10,39363.7,23728392,24.6,40
n100k_d128_ip,100000,128,ip,adversarial,0.2500,0.2500,25000,C_acorn_g32,acorn,ACORN,16,32,16,500,10,0.4400,1870.6,520.33,748.38,830.00,890.46,534.57,1595,1521,11528,17909,29439,18173,11265,0,10,99104.9,30656776,24.6,40
n100k_d128_ip,100000,128,ip,adversarial,0.2500,0.2500,25000,F_exact,exact,EXACT,16,0,0,0,100,1.0000,448.6,2230.04,2278.46,2296.42,2302.88,2229.06,25000,0,0,0,100000,0,0,0,100,0.0,0,0.0,0
n100k_d128_ip,100000,128,ip,adversarial,0.2500,0.2500,25000,A_std_standard,std,STANDARD,16,1,32,50,100,0.2549,11781.4,85.04,96.21,111.71,159.38,84.88,1038,1038,1038,0,1038,0,0,59,31,11836.8,14033032,24.5,32
n100k_d128_ip,100000,128,ip,adversarial,0.2500,0.2500,25000,B_std_acorn1,std,ACORN,16,1,32,50,100,0.4505,7993.8,112.96,205.83,312.42,349.54,125.10,1076,958,533,5390,5924,2383,3540,0,100,11836.8,14033032,24.5,32
n100k_d128_ip,100000,128,ip,adversarial,0.2500,0.2500,25000,D_large24_standard,large,STANDARD,24,1,48,50,100,0.2859,10434.1,94.88,115.12,119.38,135.25,95.84,1209,1209,1209,0,1209,0,0,57,32,10422.4,20424136,30.4,48
n100k_d128_ip,100000,128,ip,adversarial,0.2500,0.2500,25000,E_large24_acorn1,large,ACORN,24,1,48,50,100,0.4656,6441.4,140.92,266.17,343.04,355.88,155.25,1230,1102,661,7915,8578,3572,5005,0,99,10422.4,20424136,30.4,48
n100k_d128_ip,100000,128,ip,adversarial,0.2500,0.2500,25000,D_large48_standard,large,STANDARD,48,1,96,50,100,0.3052,9459.1,105.29,123.71,132.71,137.42,105.72,1433,1433,1433,0,1433,0,0,56,34,9627.1,39618184,35.7,96
n100k_d128_ip,100000,128,ip,adversarial,0.2500,0.2500,25000,E_large48_acorn1,large,ACORN,48,1,96,50,100,0.6023,4400.7,195.88,380.79,450.08,479.54,227.24,1559,1319,1174,17799,18975,7455,11520,0,100,9627.1,39618184,35.7,96
n100k_d128_ip,100000,128,ip,adversarial,0.2500,0.2500,25000,C_acorn_g4,acorn,ACORN,16,4,16,50,100,0.2715,11274.1,85.75,126.12,138.00,216.50,88.70,761,707,1251,1352,2605,1753,852,0,98,12336.4,18532104,24.5,40
n100k_d128_ip,100000,128,ip,adversarial,0.2500,0.2500,25000,C_acorn_g8,acorn,ACORN,16,8,16,50,100,0.3398,11256.9,88.25,121.33,129.17,151.54,88.83,761,692,1376,1218,2595,1814,780,0,100,19233.8,20264200,24.6,40
n100k_d128_ip,100000,128,ip,adversarial,0.2500,0.2500,25000,C_acorn_g16,acorn,ACORN,16,16,16,50,100,0.3650,11172.1,90.71,121.79,134.21,145.75,89.51,781,707,1469,1302,2772,1792,979,0,96,39363.7,23728392,24.6,40
n100k_d128_ip,100000,128,ip,adversarial,0.2500,0.2500,25000,C_acorn_g32,acorn,ACORN,16,32,16,50,100,0.3765,10574.8,94.58,126.54,142.88,196.67,94.56,776,702,1348,1567,2917,1807,1110,0,99,99104.9,30656776,24.6,40
n100k_d128_ip,100000,128,ip,adversarial,0.2500,0.2500,25000,A_std_standard,std,STANDARD,16,1,32,100,100,0.3028,8064.8,124.67,142.17,149.33,194.62,123.99,1461,1461,1461,0,1461,0,0,108,32,11836.8,14033032,24.5,32
n100k_d128_ip,100000,128,ip,adversarial,0.2500,0.2500,25000,B_std_acorn1,std,ACORN,16,1,32,100,100,0.5635,4880.6,179.08,388.88,474.50,499.21,204.89,1455,1337,1256,11147,12404,5263,7141,0,100,11836.8,14033032,24.5,32
n100k_d128_ip,100000,128,ip,adversarial,0.2500,0.2500,25000,D_large24_standard,large,STANDARD,24,1,48,100,100,0.3273,7399.0,137.83,157.50,159.46,159.67,135.15,1631,1631,1631,0,1631,0,0,107,34,10422.4,20424136,30.4,48
n100k_d128_ip,100000,128,ip,adversarial,0.2500,0.2500,25000,E_large24_acorn1,large,ACORN,24,1,48,100,100,0.5350,4330.0,202.33,431.42,532.62,555.58,230.95,1512,1383,1742,17075,18819,8425,10393,0,99,10422.4,20424136,30.4,48
n100k_d128_ip,100000,128,ip,adversarial,0.2500,0.2500,25000,D_large48_standard,large,STANDARD,48,1,96,100,100,0.3356,6914.5,147.33,165.62,169.00,170.46,144.62,1814,1814,1814,0,1814,0,0,106,35,9627.1,39618184,35.7,96
n100k_d128_ip,100000,128,ip,adversarial,0.2500,0.2500,25000,E_large48_acorn1,large,ACORN,48,1,96,100,100,0.6489,2883.5,251.46,657.96,730.08,733.21,346.81,1729,1489,2839,36016,38857,15852,23004,0,100,9627.1,39618184,35.7,96
n100k_d128_ip,100000,128,ip,adversarial,0.2500,0.2500,25000,C_acorn_g4,acorn,ACORN,16,4,16,100,100,0.3376,7867.0,122.12,184.12,210.92,251.21,127.11,1020,965,2280,2707,4989,3425,1563,0,98,12336.4,18532104,24.5,40
n100k_d128_ip,100000,128,ip,adversarial,0.2500,0.2500,25000,C_acorn_g8,acorn,ACORN,16,8,16,100,100,0.4206,7767.2,127.17,181.25,207.12,231.71,128.75,1020,950,2438,2489,4928,3569,1359,0,100,19233.8,20264200,24.6,40
n100k_d128_ip,100000,128,ip,adversarial,0.2500,0.2500,25000,C_acorn_g16,acorn,ACORN,16,16,16,100,100,0.4482,7591.8,130.33,190.38,214.04,370.12,131.72,1067,993,2444,2508,4953,3383,1569,0,96,39363.7,23728392,24.6,40
n100k_d128_ip,100000,128,ip,adversarial,0.2500,0.2500,25000,C_acorn_g32,acorn,ACORN,16,32,16,100,100,0.4643,7078.0,135.88,200.92,236.62,327.54,141.28,1079,1004,2442,3192,5635,3592,2043,0,99,99104.9,30656776,24.6,40
n100k_d128_ip,100000,128,ip,adversarial,0.2500,0.2500,25000,A_std_standard,std,STANDARD,16,1,32,250,100,0.3329,4065.7,249.12,275.21,286.67,338.50,245.96,1920,1920,1920,0,1920,0,0,258,34,11836.8,14033032,24.5,32
n100k_d128_ip,100000,128,ip,adversarial,0.2500,0.2500,25000,B_std_acorn1,std,ACORN,16,1,32,250,100,0.6158,2399.0,342.17,790.21,821.71,901.42,416.85,1740,1622,4506,28075,32582,16313,16269,0,100,11836.8,14033032,24.5,32
n100k_d128_ip,100000,128,ip,adversarial,0.2500,0.2500,25000,D_large24_standard,large,STANDARD,24,1,48,250,100,0.3482,3986.8,254.67,278.71,285.50,292.67,250.83,1994,1994,1994,0,1994,0,0,257,35,10422.4,20424136,30.4,48
n100k_d128_ip,100000,128,ip,adversarial,0.2500,0.2500,25000,E_large24_acorn1,large,ACORN,24,1,48,250,100,0.5654,2031.1,391.75,1014.25,1119.21,1166.29,492.34,1678,1549,6045,45556,51602,25803,25798,0,99,10422.4,20424136,30.4,48
n100k_d128_ip,100000,128,ip,adversarial,0.2500,0.2500,25000,D_large48_standard,large,STANDARD,48,1,96,250,100,0.3516,3875.8,261.33,288.29,297.00,298.58,258.01,2102,2102,2102,0,2102,0,0,255,37,9627.1,39618184,35.7,96
n100k_d128_ip,100000,128,ip,adversarial,0.2500,0.2500,25000,E_large48_acorn1,large,ACORN,48,1,96,250,100,0.7163,1269.4,535.33,1553.42,1780.38,2443.58,787.77,1975,1735,8563,97380,105944,44745,61198,0,100,9627.1,39618184,35.7,96
n100k_d128_ip,100000,128,ip,adversarial,0.2500,0.2500,25000,C_acorn_g4,acorn,ACORN,16,4,16,250,100,0.3923,3729.7,257.25,387.25,423.71,456.38,268.12,1351,1296,5412,7305,12719,8610,4108,0,98,12336.4,18532104,24.5,40
n100k_d128_ip,100000,128,ip,adversarial,0.2500,0.2500,25000,C_acorn_g8,acorn,ACORN,16,8,16,250,100,0.4940,3747.5,265.38,401.83,440.08,505.79,266.84,1357,1288,5617,6387,12005,8703,3302,0,100,19233.8,20264200,24.6,40
n100k_d128_ip,100000,128,ip,adversarial,0.2500,0.2500,25000,C_acorn_g16,acorn,ACORN,16,16,16,250,100,0.5269,3672.6,272.38,403.75,479.54,604.46,272.29,1427,1353,5498,6643,12142,8350,3791,0,96,39363.7,23728392,24.6,40
n100k_d128_ip,100000,128,ip,adversarial,0.2500,0.2500,25000,C_acorn_g32,acorn,ACORN,16,32,16,250,100,0.5427,3276.4,298.50,420.96,485.67,556.67,305.21,1441,1366,5704,8577,14283,8962,5321,0,99,99104.9,30656776,24.6,40
n100k_d128_ip,100000,128,ip,adversarial,0.2500,0.2500,25000,A_std_standard,std,STANDARD,16,1,32,500,100,0.3489,2115.3,469.88,503.04,594.25,1070.83,472.75,2087,2087,2087,0,2087,0,0,513,35,11836.8,14033032,24.5,32
n100k_d128_ip,100000,128,ip,adversarial,0.2500,0.2500,25000,B_std_acorn1,std,ACORN,16,1,32,500,100,0.6261,1265.4,638.92,1453.00,1611.83,1640.00,790.26,1846,1728,10627,55467,66095,35315,30780,0,100,11836.8,14033032,24.5,32
n100k_d128_ip,100000,128,ip,adversarial,0.2500,0.2500,25000,D_large24_standard,large,STANDARD,24,1,48,500,100,0.3515,2105.0,479.00,507.75,515.38,520.58,475.05,2074,2074,2074,0,2074,0,0,507,35,10422.4,20424136,30.4,48
n100k_d128_ip,100000,128,ip,adversarial,0.2500,0.2500,25000,E_large24_acorn1,large,ACORN,24,1,48,500,100,0.5688,1062.9,736.79,1975.79,2056.25,2153.54,940.81,1756,1628,13503,89490,102995,54118,48876,0,99,10422.4,20424136,30.4,48
n100k_d128_ip,100000,128,ip,adversarial,0.2500,0.2500,25000,D_large48_standard,large,STANDARD,48,1,96,500,100,0.3551,2054.7,489.25,513.42,530.21,531.00,486.68,2169,2169,2169,0,2169,0,0,505,39,9627.1,39618184,35.7,96
n100k_d128_ip,100000,128,ip,adversarial,0.2500,0.2500,25000,E_large48_acorn1,large,ACORN,48,1,96,500,100,0.8104,648.6,1132.38,3247.21,3994.92,4282.54,1541.87,2356,2116,18343,189245,207589,91577,116011,0,100,9627.1,39618184,35.7,96
n100k_d128_ip,100000,128,ip,adversarial,0.2500,0.2500,25000,C_acorn_g4,acorn,ACORN,16,4,16,500,100,0.4062,1874.7,530.12,777.33,803.79,866.50,533.43,1528,1473,10987,15431,26420,17579,8840,0,98,12336.4,18532104,24.5,40
n100k_d128_ip,100000,128,ip,adversarial,0.2500,0.2500,25000,C_acorn_g8,acorn,ACORN,16,8,16,500,100,0.5113,1964.4,540.62,780.46,851.79,929.00,509.07,1547,1477,10832,11984,22817,16810,6006,0,100,19233.8,20264200,24.6,40
n100k_d128_ip,100000,128,ip,adversarial,0.2500,0.2500,25000,C_acorn_g16,acorn,ACORN,16,16,16,500,100,0.5448,1874.2,543.88,805.54,873.04,962.79,533.57,1578,1505,10964,13417,24383,16794,7589,0,96,39363.7,23728392,24.6,40
n100k_d128_ip,100000,128,ip,adversarial,0.2500,0.2500,25000,C_acorn_g32,acorn,ACORN,16,32,16,500,100,0.5629,1692.6,566.42,825.08,899.79,923.92,590.81,1595,1521,11528,17909,29439,18173,11265,0,99,99104.9,30656776,24.6,40
n100k_d128_ip,100000,128,ip,adversarial,0.1000,0.1000,10000,F_exact,exact,EXACT,16,0,0,0,10,1.0000,1155.8,863.17,891.50,896.00,900.12,865.17,10000,0,0,0,100000,0,0,0,10,0.0,0,0.0,0
n100k_d128_ip,100000,128,ip,adversarial,0.1000,0.1000,10000,A_std_standard,std,STANDARD,16,1,32,50,10,0.1890,13849.9,74.12,81.38,88.12,135.33,72.20,1037,1037,1037,0,1037,0,0,59,2,11836.8,14033032,24.5,32
n100k_d128_ip,100000,128,ip,adversarial,0.1000,0.1000,10000,B_std_acorn1,std,ACORN,16,1,32,50,10,0.2530,11011.0,90.33,132.29,224.71,241.50,90.82,1013,915,564,5094,5659,2535,3124,0,10,11836.8,14033032,24.5,32
n100k_d128_ip,100000,128,ip,adversarial,0.1000,0.1000,10000,D_large24_standard,large,STANDARD,24,1,48,50,10,0.2140,11981.9,85.75,92.54,95.88,96.21,83.46,1209,1209,1209,0,1209,0,0,57,2,10422.4,20424136,30.4,48
n100k_d128_ip,100000,128,ip,adversarial,0.1000,0.1000,10000,E_large24_acorn1,large,ACORN,24,1,48,50,10,0.5030,7108.8,110.92,246.46,272.50,295.38,140.67,948,867,878,15136,16016,4169,11847,0,10,10422.4,20424136,30.4,48
n100k_d128_ip,100000,128,ip,adversarial,0.1000,0.1000,10000,D_large48_standard,large,STANDARD,48,1,96,50,10,0.2210,10884.6,92.92,105.33,107.12,114.29,91.87,1433,1433,1433,0,1433,0,0,56,2,9627.1,39618184,35.7,96
n100k_d128_ip,100000,128,ip,adversarial,0.1000,0.1000,10000,E_large48_acorn1,large,ACORN,48,1,96,50,10,0.3570,4338.0,236.00,350.62,418.42,419.83,230.52,994,796,1540,44129,45671,7698,37972,0,10,9627.1,39618184,35.7,96
n100k_d128_ip,100000,128,ip,adversarial,0.1000,0.1000,10000,C_acorn_g4,acorn,ACORN,16,4,16,50,10,0.0680,20511.9,48.12,83.67,99.50,120.29,48.75,611,577,1296,1050,2347,1857,490,0,10,12336.4,18532104,24.5,40
n100k_d128_ip,100000,128,ip,adversarial,0.1000,0.1000,10000,C_acorn_g8,acorn,ACORN,16,8,16,50,10,0.1660,15498.3,59.92,108.62,124.33,131.88,64.52,736,692,1435,1403,2839,1822,1017,0,10,19233.8,20264200,24.6,40
n100k_d128_ip,100000,128,ip,adversarial,0.1000,0.1000,10000,C_acorn_g16,acorn,ACORN,16,16,16,50,10,0.4830,12850.0,74.17,109.88,135.96,152.88,77.82,636,583,1939,2966,4906,1594,3311,0,9,39363.7,23728392,24.6,40
n100k_d128_ip,100000,128,ip,adversarial,0.1000,0.1000,10000,C_acorn_g32,acorn,ACORN,16,32,16,50,10,0.4190,15299.1,69.92,107.38,127.12,137.92,65.36,543,480,1649,2392,4042,1704,2337,0,10,99104.9,30656776,24.6,40
n100k_d128_ip,100000,128,ip,adversarial,0.1000,0.1000,10000,A_std_standard,std,STANDARD,16,1,32,100,10,0.2130,8233.0,122.33,134.71,141.17,209.83,121.46,1461,1461,1461,0,1461,0,0,108,2,11836.8,14033032,24.5,32
n100k_d128_ip,100000,128,ip,adversarial,0.1000,0.1000,10000,B_std_acorn1,std,ACORN,16,1,32,100,10,0.2850,5538.8,196.42,259.96,396.58,426.00,180.54,1257,1160,1419,13434,14855,6670,8185,0,10,11836.8,14033032,24.5,32
n100k_d128_ip,100000,128,ip,adversarial,0.1000,0.1000,10000,D_large24_standard,large,STANDARD,24,1,48,100,10,0.2310,7564.0,134.79,145.71,147.42,166.75,132.20,1631,1631,1631,0,1631,0,0,107,2,10422.4,20424136,30.4,48
n100k_d128_ip,100000,128,ip,adversarial,0.1000,0.1000,10000,E_large24_acorn1,large,ACORN,24,1,48,100,10,0.5350,3858.5,199.83,473.79,497.88,546.58,259.17,1123,1042,2122,33911,36034,10457,25576,0,10,10422.4,20424136,30.4,48
n100k_d128_ip,100000,128,ip,adversarial,0.1000,0.1000,10000,D_large48_standard,large,STANDARD,48,1,96,100,10,0.2330,7094.2,143.62,156.54,168.67,176.04,140.96,1814,1814,1814,0,1814,0,0,106,2,9627.1,39618184,35.7,96
n100k_d128_ip,100000,128,ip,adversarial,0.1000,0.1000,10000,E_large48_acorn1,large,ACORN,48,1,96,100,10,0.3840,2338.1,445.96,688.88,753.62,879.62,427.70,1240,1042,3380,84209,87590,17469,70121,0,10,9627.1,39618184,35.7,96
n100k_d128_ip,100000,128,ip,adversarial,0.1000,0.1000,10000,C_acorn_g4,acorn,ACORN,16,4,16,100,10,0.0770,12018.1,85.62,135.50,162.00,189.12,83.21,796,762,2420,2365,4786,3922,864,0,10,12336.4,18532104,24.5,40
n100k_d128_ip,100000,128,ip,adversarial,0.1000,0.1000,10000,C_acorn_g8,acorn,ACORN,16,8,16,100,10,0.1830,8944.8,104.17,177.50,220.08,226.29,111.80,982,938,2498,2921,5421,3652,1769,0,10,19233.8,20264200,24.6,40
n100k_d128_ip,100000,128,ip,adversarial,0.1000,0.1000,10000,C_acorn_g16,acorn,ACORN,16,16,16,100,10,0.5380,7498.8,125.83,194.12,208.79,230.46,133.35,819,766,3018,6174,9194,3184,6010,0,9,39363.7,23728392,24.6,40
n100k_d128_ip,100000,128,ip,adversarial,0.1000,0.1000,10000,C_acorn_g32,acorn,ACORN,16,32,16,100,10,0.4830,8993.7,120.71,193.96,235.17,241.54,111.19,696,633,2519,4507,7028,3061,3966,0,10,99104.9,30656776,24.6,40
n100k_d128_ip,100000,128,ip,adversarial,0.1000,0.1000,10000,A_std_standard,std,STANDARD,16,1,32,250,10,0.2230,4042.3,251.29,266.29,282.67,346.17,247.38,1920,1920,1920,0,1920,0,0,258,2,11836.8,14033032,24.5,32
n100k_d128_ip,100000,128,ip,adversarial,0.1000,0.1000,10000,B_std_acorn1,std,ACORN,16,1,32,250,10,0.2910,2211.7,522.75,658.46,850.00,878.04,452.13,1406,1308,4886,42470,47357,21943,25414,0,10,11836.8,14033032,24.5,32
n100k_d128_ip,100000,128,ip,adversarial,0.1000,0.1000,10000,D_large24_standard,large,STANDARD,24,1,48,250,10,0.2340,3913.6,260.25,276.25,284.17,285.54,255.52,1994,1994,1994,0,1994,0,0,257,2,10422.4,20424136,30.4,48
n100k_d128_ip,100000,128,ip,adversarial,0.1000,0.1000,10000,E_large24_acorn1,large,ACORN,24,1,48,250,10,0.5490,1646.0,549.33,1094.79,1149.08,1185.00,607.52,1182,1101,6201,86246,92449,32120,60328,0,10,10422.4,20424136,30.4,48
n100k_d128_ip,100000,128,ip,adversarial,0.1000,0.1000,10000,D_large48_standard,large,STANDARD,48,1,96,250,10,0.2360,3803.6,267.12,281.62,293.00,309.58,262.91,2102,2102,2102,0,2102,0,0,255,3,9627.1,39618184,35.7,96
n100k_d128_ip,100000,128,ip,adversarial,0.1000,0.1000,10000,E_large48_acorn1,large,ACORN,48,1,96,250,10,0.5120,950.9,1047.38,2323.00,2439.25,2502.96,1051.69,2063,1865,9702,181655,191359,54365,136993,0,10,9627.1,39618184,35.7,96
n100k_d128_ip,100000,128,ip,adversarial,0.1000,0.1000,10000,C_acorn_g4,acorn,ACORN,16,4,16,250,10,0.0850,5403.8,189.21,303.12,344.17,392.92,185.05,1038,1004,5903,6112,12016,10047,1969,0,10,12336.4,18532104,24.5,40
n100k_d128_ip,100000,128,ip,adversarial,0.1000,0.1000,10000,C_acorn_g8,acorn,ACORN,16,8,16,250,10,0.1980,4010.3,222.67,439.08,479.88,483.17,249.36,1293,1248,5874,8073,13949,9440,4508,0,10,19233.8,20264200,24.6,40
n100k_d128_ip,100000,128,ip,adversarial,0.1000,0.1000,10000,C_acorn_g16,acorn,ACORN,16,16,16,250,10,0.5730,3370.7,288.38,428.83,471.29,498.46,296.68,1014,961,6235,15962,22198,8308,13890,0,9,39363.7,23728392,24.6,40
n100k_d128_ip,100000,128,ip,adversarial,0.1000,0.1000,10000,C_acorn_g32,acorn,ACORN,16,32,16,250,10,0.5110,4124.3,281.04,418.08,486.38,512.88,242.46,855,792,5056,11460,16518,7280,9238,0,10,99104.9,30656776,24.6,40
n100k_d128_ip,100000,128,ip,adversarial,0.1000,0.1000,10000,A_std_standard,std,STANDARD,16,1,32,500,10,0.2340,2068.2,482.62,507.12,608.67,1063.92,483.52,2087,2087,2087,0,2087,0,0,513,2,11836.8,14033032,24.5,32
n100k_d128_ip,100000,128,ip,adversarial,0.1000,0.1000,10000,B_std_acorn1,std,ACORN,16,1,32,500,10,0.2910,1094.4,977.04,1322.46,1363.33,1462.12,913.76,1442,1344,10921,87625,98548,46890,51657,0,10,11836.8,14033032,24.5,32
n100k_d128_ip,100000,128,ip,adversarial,0.1000,0.1000,10000,D_large24_standard,large,STANDARD,24,1,48,500,10,0.2350,2094.0,482.46,506.88,514.21,521.54,477.56,2074,2074,2074,0,2074,0,0,507,2,10422.4,20424136,30.4,48
n100k_d128_ip,100000,128,ip,adversarial,0.1000,0.1000,10000,E_large24_acorn1,large,ACORN,24,1,48,500,10,0.5490,945.7,892.83,2108.17,2161.92,2179.29,1057.42,1190,1109,11923,138163,150088,64092,85996,0,10,10422.4,20424136,30.4,48
n100k_d128_ip,100000,128,ip,adversarial,0.1000,0.1000,10000,D_large48_standard,large,STANDARD,48,1,96,500,10,0.2370,2061.3,490.67,512.00,517.83,519.54,485.12,2169,2169,2169,0,2169,0,0,505,3,9627.1,39618184,35.7,96
n100k_d128_ip,100000,128,ip,adversarial,0.1000,0.1000,10000,E_large48_acorn1,large,ACORN,48,1,96,500,10,0.5670,513.3,1735.67,3824.75,4502.46,5891.75,1948.18,2375,2177,19310,296784,316095,114759,201335,0,10,9627.1,39618184,35.7,96
n100k_d128_ip,100000,128,ip,adversarial,0.1000,0.1000,10000,C_acorn_g4,acorn,ACORN,16,4,16,500,10,0.0850,3065.9,397.50,596.58,694.12,750.33,326.17,1155,1121,9623,8868,18492,15690,2802,0,10,12336.4,18532104,24.5,40
n100k_d128_ip,100000,128,ip,adversarial,0.1000,0.1000,10000,C_acorn_g8,acorn,ACORN,16,8,16,500,10,0.1990,2049.4,442.25,851.04,912.46,929.21,487.95,1425,1380,11213,15404,26618,17918,8700,0,10,19233.8,20264200,24.6,40
n100k_d128_ip,100000,128,ip,adversarial,0.1000,0.1000,10000,C_acorn_g16,acorn,ACORN,16,16,16,500,10,0.5790,1795.4,576.54,823.21,882.00,914.46,556.97,1079,1026,11108,29128,40237,17061,23175,0,9,39363.7,23728392,24.6,40
n100k_d128_ip,100000,128,ip,adversarial,0.1000,0.1000,10000,C_acorn_g32,acorn,ACORN,16,32,16,500,10,0.5160,2240.9,537.46,765.92,862.88,916.38,446.24,902,839,8963,21646,30611,14674,15936,0,10,99104.9,30656776,24.6,40
n100k_d128_ip,100000,128,ip,adversarial,0.1000,0.1000,10000,F_exact,exact,EXACT,16,0,0,0,100,1.0000,1162.2,859.21,881.71,893.29,893.71,860.42,10000,0,0,0,100000,0,0,0,100,0.0,0,0.0,0
n100k_d128_ip,100000,128,ip,adversarial,0.1000,0.1000,10000,A_std_standard,std,STANDARD,16,1,32,50,100,0.1541,11596.0,86.75,101.12,112.67,163.79,86.24,1038,1038,1038,0,1038,0,0,59,19,11836.8,14033032,24.5,32
n100k_d128_ip,100000,128,ip,adversarial,0.1000,0.1000,10000,B_std_acorn1,std,ACORN,16,1,32,50,100,0.2638,8975.0,111.25,152.04,247.21,248.42,111.42,1013,915,564,5094,5659,2535,3124,0,100,11836.8,14033032,24.5,32
n100k_d128_ip,100000,128,ip,adversarial,0.1000,0.1000,10000,D_large24_standard,large,STANDARD,24,1,48,50,100,0.1734,10268.7,97.67,115.92,118.92,121.96,97.38,1209,1209,1209,0,1209,0,0,57,20,10422.4,20424136,30.4,48
n100k_d128_ip,100000,128,ip,adversarial,0.1000,0.1000,10000,E_large24_acorn1,large,ACORN,24,1,48,50,100,0.5243,6184.1,139.71,262.33,285.29,320.00,161.71,948,867,878,15136,16016,4169,11847,0,100,10422.4,20424136,30.4,48
n100k_d128_ip,100000,128,ip,adversarial,0.1000,0.1000,10000,D_large48_standard,large,STANDARD,48,1,96,50,100,0.1836,9377.2,106.71,121.71,130.58,145.50,106.64,1433,1433,1433,0,1433,0,0,56,20,9627.1,39618184,35.7,96
n100k_d128_ip,100000,128,ip,adversarial,0.1000,0.1000,10000,E_large48_acorn1,large,ACORN,48,1,96,50,100,0.3771,3969.9,251.29,377.67,441.58,455.88,251.90,994,796,1540,44129,45671,7698,37972,0,99,9627.1,39618184,35.7,96
n100k_d128_ip,100000,128,ip,adversarial,0.1000,0.1000,10000,C_acorn_g4,acorn,ACORN,16,4,16,50,100,0.0646,15597.7,66.33,101.33,118.71,143.04,64.11,611,577,1296,1050,2347,1857,490,0,100,12336.4,18532104,24.5,40
n100k_d128_ip,100000,128,ip,adversarial,0.1000,0.1000,10000,C_acorn_g8,acorn,ACORN,16,8,16,50,100,0.1832,11825.3,80.88,128.42,142.33,142.50,84.56,736,692,1435,1403,2839,1822,1017,0,100,19233.8,20264200,24.6,40
n100k_d128_ip,100000,128,ip,adversarial,0.1000,0.1000,10000,C_acorn_g16,acorn,ACORN,16,16,16,50,100,0.4991,10409.6,94.17,124.96,135.96,143.79,96.07,636,583,1939,2966,4906,1594,3311,0,97,39363.7,23728392,24.6,40
n100k_d128_ip,100000,128,ip,adversarial,0.1000,0.1000,10000,C_acorn_g32,acorn,ACORN,16,32,16,50,100,0.4090,12487.8,88.38,126.71,136.04,148.71,80.08,543,480,1649,2392,4042,1704,2337,0,84,99104.9,30656776,24.6,40
n100k_d128_ip,100000,128,ip,adversarial,0.1000,0.1000,10000,A_std_standard,std,STANDARD,16,1,32,100,100,0.1879,7879.3,128.46,144.38,151.75,202.62,126.91,1461,1461,1461,0,1461,0,0,108,20,11836.8,14033032,24.5,32
n100k_d128_ip,100000,128,ip,adversarial,0.1000,0.1000,10000,B_std_acorn1,std,ACORN,16,1,32,100,100,0.3075,5160.6,205.79,269.12,410.54,439.79,193.77,1257,1160,1419,13434,14855,6670,8185,0,100,11836.8,14033032,24.5,32
n100k_d128_ip,100000,128,ip,adversarial,0.1000,0.1000,10000,D_large24_standard,large,STANDARD,24,1,48,100,100,0.2005,7525.3,134.88,154.58,161.21,171.83,132.89,1631,1631,1631,0,1631,0,0,107,20,10422.4,20424136,30.4,48
n100k_d128_ip,100000,128,ip,adversarial,0.1000,0.1000,10000,E_large24_acorn1,large,ACORN,24,1,48,100,100,0.5619,3714.3,218.08,472.33,512.08,556.75,269.23,1123,1042,2122,33911,36034,10457,25576,0,100,10422.4,20424136,30.4,48
n100k_d128_ip,100000,128,ip,adversarial,0.1000,0.1000,10000,D_large48_standard,large,STANDARD,48,1,96,100,100,0.2068,6970.7,145.04,164.25,172.58,173.62,143.46,1814,1814,1814,0,1814,0,0,106,21,9627.1,39618184,35.7,96
n100k_d128_ip,100000,128,ip,adversarial,0.1000,0.1000,10000,E_large48_acorn1,large,ACORN,48,1,96,100,100,0.4191,2238.8,453.42,726.08,791.54,896.54,446.67,1240,1042,3380,84209,87590,17469,70121,0,99,9627.1,39618184,35.7,96
n100k_d128_ip,100000,128,ip,adversarial,0.1000,0.1000,10000,C_acorn_g4,acorn,ACORN,16,4,16,100,100,0.0772,11272.2,92.00,145.92,171.92,200.79,88.71,796,762,2420,2365,4786,3922,864,0,100,12336.4,18532104,24.5,40
n100k_d128_ip,100000,128,ip,adversarial,0.1000,0.1000,10000,C_acorn_g8,acorn,ACORN,16,8,16,100,100,0.2108,8432.0,109.04,186.29,218.54,231.08,118.60,982,938,2498,2921,5421,3652,1769,0,100,19233.8,20264200,24.6,40
n100k_d128_ip,100000,128,ip,adversarial,0.1000,0.1000,10000,C_acorn_g16,acorn,ACORN,16,16,16,100,100,0.5713,7154.9,132.04,199.12,216.42,235.92,139.76,819,766,3018,6174,9194,3184,6010,0,97,39363.7,23728392,24.6,40
n100k_d128_ip,100000,128,ip,adversarial,0.1000,0.1000,10000,C_acorn_g32,acorn,ACORN,16,32,16,100,100,0.4831,8607.3,128.17,195.50,241.75,242.58,116.18,696,633,2519,4507,7028,3061,3966,0,84,99104.9,30656776,24.6,40
n100k_d128_ip,100000,128,ip,adversarial,0.1000,0.1000,10000,A_std_standard,std,STANDARD,16,1,32,250,100,0.2066,4036.4,250.21,276.33,298.75,350.21,247.74,1920,1920,1920,0,1920,0,0,258,20,11836.8,14033032,24.5,32
n100k_d128_ip,100000,128,ip,adversarial,0.1000,0.1000,10000,B_std_acorn1,std,ACORN,16,1,32,250,100,0.3247,2175.2,516.12,666.08,865.79,889.04,459.72,1406,1308,4886,42470,47357,21943,25414,0,100,11836.8,14033032,24.5,32
n100k_d128_ip,100000,128,ip,adversarial,0.1000,0.1000,10000,D_large24_standard,large,STANDARD,24,1,48,250,100,0.2145,3898.7,259.12,282.33,285.79,300.29,256.50,1994,1994,1994,0,1994,0,0,257,21,10422.4,20424136,30.4,48
n100k_d128_ip,100000,128,ip,adversarial,0.1000,0.1000,10000,E_large24_acorn1,large,ACORN,24,1,48,250,100,0.5720,1636.3,544.17,1106.83,1154.29,1200.75,611.15,1182,1101,6201,86246,92449,32120,60328,0,100,10422.4,20424136,30.4,48
n100k_d128_ip,100000,128,ip,adversarial,0.1000,0.1000,10000,D_large48_standard,large,STANDARD,48,1,96,250,100,0.2163,3817.1,266.54,287.21,295.25,296.42,261.98,2102,2102,2102,0,2102,0,0,255,22,9627.1,39618184,35.7,96
n100k_d128_ip,100000,128,ip,adversarial,0.1000,0.1000,10000,E_large48_acorn1,large,ACORN,48,1,96,250,100,0.5609,953.1,1048.08,2263.25,2437.92,2481.46,1049.22,2063,1865,9702,181655,191359,54365,136993,0,99,9627.1,39618184,35.7,96
n100k_d128_ip,100000,128,ip,adversarial,0.1000,0.1000,10000,C_acorn_g4,acorn,ACORN,16,4,16,250,100,0.0898,5161.3,201.58,302.29,368.12,410.21,193.75,1038,1004,5903,6112,12016,10047,1969,0,100,12336.4,18532104,24.5,40
n100k_d128_ip,100000,128,ip,adversarial,0.1000,0.1000,10000,C_acorn_g8,acorn,ACORN,16,8,16,250,100,0.2315,3865.2,233.75,434.00,500.21,500.50,258.72,1293,1248,5874,8073,13949,9440,4508,0,100,19233.8,20264200,24.6,40
n100k_d128_ip,100000,128,ip,adversarial,0.1000,0.1000,10000,C_acorn_g16,acorn,ACORN,16,16,16,250,100,0.6238,3309.2,296.92,426.92,476.25,493.83,302.19,1014,961,6235,15962,22198,8308,13890,0,97,39363.7,23728392,24.6,40
n100k_d128_ip,100000,128,ip,adversarial,0.1000,0.1000,10000,C_acorn_g32,acorn,ACORN,16,32,16,250,100,0.5314,4026.3,294.29,423.04,508.42,518.04,248.37,855,792,5056,11460,16518,7280,9238,0,84,99104.9,30656776,24.6,40
n100k_d128_ip,100000,128,ip,adversarial,0.1000,0.1000,10000,A_std_standard,std,STANDARD,16,1,32,500,100,0.2158,2096.3,473.79,511.92,610.83,1026.62,477.03,2087,2087,2087,0,2087,0,0,513,21,11836.8,14033032,24.5,32
n100k_d128_ip,100000,128,ip,adversarial,0.1000,0.1000,10000,B_std_acorn1,std,ACORN,16,1,32,500,100,0.3253,1087.5,1001.17,1328.04,1371.29,1378.21,919.56,1442,1344,10921,87625,98548,46890,51657,0,100,11836.8,14033032,24.5,32
n100k_d128_ip,100000,128,ip,adversarial,0.1000,0.1000,10000,D_large24_standard,large,STANDARD,24,1,48,500,100,0.2173,2084.2,482.67,515.67,525.88,534.46,479.80,2074,2074,2074,0,2074,0,0,507,21,10422.4,20424136,30.4,48
n100k_d128_ip,100000,128,ip,adversarial,0.1000,0.1000,10000,E_large24_acorn1,large,ACORN,24,1,48,500,100,0.5733,943.6,871.08,2102.21,2154.79,2175.67,1059.83,1190,1109,11923,138163,150088,64092,85996,0,100,10422.4,20424136,30.4,48
n100k_d128_ip,100000,128,ip,adversarial,0.1000,0.1000,10000,D_large48_standard,large,STANDARD,48,1,96,500,100,0.2189,2061.5,487.04,517.46,531.08,548.92,485.08,2169,2169,2169,0,2169,0,0,505,23,9627.1,39618184,35.7,96
n100k_d128_ip,100000,128,ip,adversarial,0.1000,0.1000,10000,E_large48_acorn1,large,ACORN,48,1,96,500,100,0.6158,509.9,1795.92,3929.04,4545.50,6065.58,1961.12,2375,2177,19310,296784,316095,114759,201335,0,99,9627.1,39618184,35.7,96
n100k_d128_ip,100000,128,ip,adversarial,0.1000,0.1000,10000,C_acorn_g4,acorn,ACORN,16,4,16,500,100,0.0919,3004.6,407.08,597.00,695.79,765.96,332.82,1155,1121,9623,8868,18492,15690,2802,0,100,12336.4,18532104,24.5,40
n100k_d128_ip,100000,128,ip,adversarial,0.1000,0.1000,10000,C_acorn_g8,acorn,ACORN,16,8,16,500,100,0.2355,2039.0,447.71,849.54,921.58,939.08,490.43,1425,1380,11213,15404,26618,17918,8700,0,100,19233.8,20264200,24.6,40
n100k_d128_ip,100000,128,ip,adversarial,0.1000,0.1000,10000,C_acorn_g16,acorn,ACORN,16,16,16,500,100,0.6316,1803.6,569.08,810.33,883.00,936.92,554.44,1079,1026,11108,29128,40237,17061,23175,0,97,39363.7,23728392,24.6,40
n100k_d128_ip,100000,128,ip,adversarial,0.1000,0.1000,10000,C_acorn_g32,acorn,ACORN,16,32,16,500,100,0.5387,2224.9,545.75,776.67,866.75,929.33,449.46,902,839,8963,21646,30611,14674,15936,0,84,99104.9,30656776,24.6,40
n100k_d128_ip,100000,128,ip,adversarial,0.0500,0.0500,5000,F_exact,exact,EXACT,16,0,0,0,10,1.0000,2172.0,458.71,474.75,495.17,496.67,460.40,5000,0,0,0,100000,0,0,0,10,0.0,0,0.0,0
n100k_d128_ip,100000,128,ip,adversarial,0.0500,0.0500,5000,A_std_standard,std,STANDARD,16,1,32,50,10,0.1490,14052.9,71.50,80.83,84.29,165.92,71.16,1037,1037,1037,0,1037,0,0,59,1,11836.8,14033032,24.5,32
n100k_d128_ip,100000,128,ip,adversarial,0.0500,0.0500,5000,B_std_acorn1,std,ACORN,16,1,32,50,10,0.0440,16273.6,60.29,70.46,76.75,77.67,61.45,1110,1034,408,2528,2937,2031,905,0,10,11836.8,14033032,24.5,32
n100k_d128_ip,100000,128,ip,adversarial,0.0500,0.0500,5000,D_large24_standard,large,STANDARD,24,1,48,50,10,0.1630,12626.0,80.46,90.29,95.25,99.21,79.20,1209,1209,1209,0,1209,0,0,57,1,10422.4,20424136,30.4,48
n100k_d128_ip,100000,128,ip,adversarial,0.0500,0.0500,5000,E_large24_acorn1,large,ACORN,24,1,48,50,10,0.2970,7211.6,142.50,187.38,223.25,233.08,138.67,914,839,948,14393,15343,5505,9837,0,10,10422.4,20424136,30.4,48
n100k_d128_ip,100000,128,ip,adversarial,0.0500,0.0500,5000,D_large48_standard,large,STANDARD,48,1,96,50,10,0.1790,11318.8,89.75,100.58,101.83,103.42,88.35,1433,1433,1433,0,1433,0,0,56,1,9627.1,39618184,35.7,96
n100k_d128_ip,100000,128,ip,adversarial,0.0500,0.0500,5000,E_large48_acorn1,large,ACORN,48,1,96,50,10,0.0980,7262.8,115.08,285.71,380.00,432.46,137.69,1589,1399,1091,14314,15406,7473,7933,0,10,9627.1,39618184,35.7,96
n100k_d128_ip,100000,128,ip,adversarial,0.0500,0.0500,5000,C_acorn_g4,acorn,ACORN,16,4,16,50,10,0.0550,20198.4,48.50,63.46,66.50,100.75,49.51,456,434,1348,3261,4610,2151,2459,0,10,12336.4,18532104,24.5,40
n100k_d128_ip,100000,128,ip,adversarial,0.0500,0.0500,5000,C_acorn_g8,acorn,ACORN,16,8,16,50,10,0.0440,19249.4,50.83,60.29,65.67,71.00,51.95,834,789,1256,1036,2294,1775,518,0,10,19233.8,20264200,24.6,40
n100k_d128_ip,100000,128,ip,adversarial,0.0500,0.0500,5000,C_acorn_g16,acorn,ACORN,16,16,16,50,10,0.3830,14572.4,65.25,104.12,118.58,123.00,68.62,503,467,1848,3781,5630,1371,4258,0,9,39363.7,23728392,24.6,40
n100k_d128_ip,100000,128,ip,adversarial,0.0500,0.0500,5000,C_acorn_g32,acorn,ACORN,16,32,16,50,10,0.3050,19255.8,63.79,98.50,111.50,126.12,51.93,386,337,1836,2661,4499,1370,3128,0,8,99104.9,30656776,24.6,40
n100k_d128_ip,100000,128,ip,adversarial,0.0500,0.0500,5000,A_std_standard,std,STANDARD,16,1,32,100,10,0.1770,8303.1,121.38,134.21,160.50,196.38,120.44,1461,1461,1461,0,1461,0,0,108,1,11836.8,14033032,24.5,32
n100k_d128_ip,100000,128,ip,adversarial,0.0500,0.0500,5000,B_std_acorn1,std,ACORN,16,1,32,100,10,0.0510,9130.5,108.29,119.83,126.04,147.67,109.52,1486,1410,1056,5002,6060,4568,1491,0,10,11836.8,14033032,24.5,32
n100k_d128_ip,100000,128,ip,adversarial,0.0500,0.0500,5000,D_large24_standard,large,STANDARD,24,1,48,100,10,0.1870,7744.1,130.58,143.75,147.92,149.88,129.13,1631,1631,1631,0,1631,0,0,107,1,10422.4,20424136,30.4,48
n100k_d128_ip,100000,128,ip,adversarial,0.0500,0.0500,5000,E_large24_acorn1,large,ACORN,24,1,48,100,10,0.3090,3457.6,321.50,381.54,423.33,473.17,289.22,1001,926,2306,37476,39784,14400,25384,0,10,10422.4,20424136,30.4,48
n100k_d128_ip,100000,128,ip,adversarial,0.0500,0.0500,5000,D_large48_standard,large,STANDARD,48,1,96,100,10,0.1920,7265.7,139.62,156.12,163.04,177.12,137.63,1814,1814,1814,0,1814,0,0,106,2,9627.1,39618184,35.7,96
n100k_d128_ip,100000,128,ip,adversarial,0.0500,0.0500,5000,E_large48_acorn1,large,ACORN,48,1,96,100,10,0.1140,3984.5,194.54,576.29,715.38,780.21,250.97,1763,1573,2692,29945,32638,18417,14220,0,10,9627.1,39618184,35.7,96
n100k_d128_ip,100000,128,ip,adversarial,0.0500,0.0500,5000,C_acorn_g4,acorn,ACORN,16,4,16,100,10,0.0620,11467.4,88.12,106.54,132.62,171.75,87.20,590,567,2491,6932,9425,4416,5009,0,10,12336.4,18532104,24.5,40
n100k_d128_ip,100000,128,ip,adversarial,0.0500,0.0500,5000,C_acorn_g8,acorn,ACORN,16,8,16,100,10,0.0540,11000.4,88.79,105.04,117.21,117.62,90.91,1139,1094,2264,1991,4256,3414,842,0,10,19233.8,20264200,24.6,40
n100k_d128_ip,100000,128,ip,adversarial,0.0500,0.0500,5000,C_acorn_g16,acorn,ACORN,16,16,16,100,10,0.4190,8548.2,111.96,179.33,209.88,219.75,116.98,643,606,2941,7756,10698,2749,7948,0,9,39363.7,23728392,24.6,40
n100k_d128_ip,100000,128,ip,adversarial,0.0500,0.0500,5000,C_acorn_g32,acorn,ACORN,16,32,16,100,10,0.3480,11914.3,107.21,172.25,189.71,232.62,83.93,485,436,2457,4410,6869,2265,4604,0,8,99104.9,30656776,24.6,40
n100k_d128_ip,100000,128,ip,adversarial,0.0500,0.0500,5000,A_std_standard,std,STANDARD,16,1,32,250,10,0.1940,4115.4,246.04,263.33,271.79,340.17,242.99,1920,1920,1920,0,1920,0,0,258,1,11836.8,14033032,24.5,32
n100k_d128_ip,100000,128,ip,adversarial,0.0500,0.0500,5000,B_std_acorn1,std,ACORN,16,1,32,250,10,0.0560,3805.4,262.00,276.46,288.12,294.58,262.78,1707,1631,4347,18550,22899,17965,4934,0,10,11836.8,14033032,24.5,32
n100k_d128_ip,100000,128,ip,adversarial,0.0500,0.0500,5000,D_large24_standard,large,STANDARD,24,1,48,250,10,0.1990,4010.2,252.83,271.33,276.17,276.25,249.36,1994,1994,1994,0,1994,0,0,257,2,10422.4,20424136,30.4,48
n100k_d128_ip,100000,128,ip,adversarial,0.0500,0.0500,5000,E_large24_acorn1,large,ACORN,24,1,48,250,10,0.3100,1333.9,861.46,945.38,981.38,1080.38,749.67,1033,958,6778,108617,115397,42994,72403,0,10,10422.4,20424136,30.4,48
n100k_d128_ip,100000,128,ip,adversarial,0.0500,0.0500,5000,D_large48_standard,large,STANDARD,48,1,96,250,10,0.2030,3874.5,261.00,279.79,290.62,291.50,258.10,2102,2102,2102,0,2102,0,0,255,2,9627.1,39618184,35.7,96
n100k_d128_ip,100000,128,ip,adversarial,0.0500,0.0500,5000,E_large48_acorn1,large,ACORN,48,1,96,250,10,0.1740,1444.8,460.00,1565.12,1718.92,2720.38,692.12,1934,1745,8489,94361,102852,58161,44691,0,10,9627.1,39618184,35.7,96
n100k_d128_ip,100000,128,ip,adversarial,0.0500,0.0500,5000,C_acorn_g4,acorn,ACORN,16,4,16,250,10,0.0660,6390.1,125.29,223.00,237.38,253.08,156.49,767,744,4526,10892,15419,8011,7408,0,10,12336.4,18532104,24.5,40
n100k_d128_ip,100000,128,ip,adversarial,0.0500,0.0500,5000,C_acorn_g8,acorn,ACORN,16,8,16,250,10,0.0570,4885.0,202.42,221.00,237.38,239.08,204.71,1541,1496,5546,5080,10628,8694,1933,0,10,19233.8,20264200,24.6,40
n100k_d128_ip,100000,128,ip,adversarial,0.0500,0.0500,5000,C_acorn_g16,acorn,ACORN,16,16,16,250,10,0.4460,4404.0,256.25,360.46,456.62,474.04,227.06,770,734,5314,14370,19685,6840,12844,0,9,39363.7,23728392,24.6,40
n100k_d128_ip,100000,128,ip,adversarial,0.0500,0.0500,5000,C_acorn_g32,acorn,ACORN,16,32,16,250,10,0.3680,5933.4,215.67,365.46,399.38,451.46,168.54,581,532,4260,9816,14077,5278,8799,0,8,99104.9,30656776,24.6,40
n100k_d128_ip,100000,128,ip,adversarial,0.0500,0.0500,5000,A_std_standard,std,STANDARD,16,1,32,500,10,0.2000,2112.9,470.96,505.62,591.75,1035.75,473.28,2087,2087,2087,0,2087,0,0,513,2,11836.8,14033032,24.5,32
n100k_d128_ip,100000,128,ip,adversarial,0.0500,0.0500,5000,B_std_acorn1,std,ACORN,16,1,32,500,10,0.0570,1775.5,560.29,592.00,600.46,614.38,563.21,1726,1650,10477,43385,53863,42544,11319,0,10,11836.8,14033032,24.5,32
n100k_d128_ip,100000,128,ip,adversarial,0.0500,0.0500,5000,D_large24_standard,large,STANDARD,24,1,48,500,10,0.2000,2115.5,476.08,501.92,514.88,515.58,472.70,2074,2074,2074,0,2074,0,0,507,2,10422.4,20424136,30.4,48
n100k_d128_ip,100000,128,ip,adversarial,0.0500,0.0500,5000,E_large24_acorn1,large,ACORN,24,1,48,500,10,0.3100,642.3,1796.42,1914.12,1989.50,2077.96,1556.87,1036,961,14283,223767,238052,89754,148298,0,10,10422.4,20424136,30.4,48
n100k_d128_ip,100000,128,ip,adversarial,0.0500,0.0500,5000,D_large48_standard,large,STANDARD,48,1,96,500,10,0.2040,2083.1,482.08,511.25,519.08,520.58,480.05,2169,2169,2169,0,2169,0,0,505,2,9627.1,39618184,35.7,96
n100k_d128_ip,100000,128,ip,adversarial,0.0500,0.0500,5000,E_large48_acorn1,large,ACORN,48,1,96,500,10,0.2410,639.0,950.33,3054.33,4198.29,5343.50,1564.87,2146,1957,19031,211388,230421,131878,98543,0,10,9627.1,39618184,35.7,96
n100k_d128_ip,100000,128,ip,adversarial,0.0500,0.0500,5000,C_acorn_g4,acorn,ACORN,16,4,16,500,10,0.0660,3839.9,128.88,453.62,475.08,478.00,260.42,834,811,7166,13809,20977,12583,8393,0,10,12336.4,18532104,24.5,40
n100k_d128_ip,100000,128,ip,adversarial,0.0500,0.0500,5000,C_acorn_g8,acorn,ACORN,16,8,16,500,10,0.0570,2319.8,430.17,445.79,460.83,463.25,431.06,1679,1634,11506,11860,23367,19135,4231,0,10,19233.8,20264200,24.6,40
n100k_d128_ip,100000,128,ip,adversarial,0.0500,0.0500,5000,C_acorn_g16,acorn,ACORN,16,16,16,500,10,0.4470,2312.1,505.75,721.04,886.42,893.21,432.51,806,770,9371,26484,35856,14519,21336,0,9,39363.7,23728392,24.6,40
n100k_d128_ip,100000,128,ip,adversarial,0.0500,0.0500,5000,C_acorn_g32,acorn,ACORN,16,32,16,500,10,0.3680,3069.0,446.71,711.04,822.75,892.75,325.84,607,558,7287,19116,26405,10852,15553,0,8,99104.9,30656776,24.6,40
n100k_d128_ip,100000,128,ip,adversarial,0.0500,0.0500,5000,F_exact,exact,EXACT,16,0,0,0,100,1.0000,2152.5,462.79,487.62,496.46,506.04,464.59,5000,0,0,0,100000,0,0,0,100,0.0,0,0.0,0
n100k_d128_ip,100000,128,ip,adversarial,0.0500,0.0500,5000,A_std_standard,std,STANDARD,16,1,32,50,100,0.0930,12261.7,82.12,91.79,96.96,149.79,81.55,1038,1038,1038,0,1038,0,0,59,11,11836.8,14033032,24.5,32
n100k_d128_ip,100000,128,ip,adversarial,0.0500,0.0500,5000,B_std_acorn1,std,ACORN,16,1,32,50,100,0.0610,12461.8,79.46,87.92,97.62,97.92,80.25,1110,1034,408,2528,2937,2031,905,0,100,11836.8,14033032,24.5,32
n100k_d128_ip,100000,128,ip,adversarial,0.0500,0.0500,5000,D_large24_standard,large,STANDARD,24,1,48,50,100,0.1082,11160.3,90.25,104.33,112.42,113.33,89.60,1209,1209,1209,0,1209,0,0,57,12,10422.4,20424136,30.4,48
n100k_d128_ip,100000,128,ip,adversarial,0.0500,0.0500,5000,E_large24_acorn1,large,ACORN,24,1,48,50,100,0.4032,6369.9,162.04,211.67,240.08,255.17,156.99,914,839,948,14393,15342,5505,9837,0,100,10422.4,20424136,30.4,48
n100k_d128_ip,100000,128,ip,adversarial,0.0500,0.0500,5000,D_large48_standard,large,STANDARD,48,1,96,50,100,0.1182,9954.8,100.79,116.29,122.46,147.29,100.45,1433,1433,1433,0,1433,0,0,56,13,9627.1,39618184,35.7,96
n100k_d128_ip,100000,128,ip,adversarial,0.0500,0.0500,5000,E_large48_acorn1,large,ACORN,48,1,96,50,100,0.1301,6280.8,135.54,302.17,418.50,463.75,159.22,1589,1399,1091,14314,15406,7473,7933,0,100,9627.1,39618184,35.7,96
n100k_d128_ip,100000,128,ip,adversarial,0.0500,0.0500,5000,C_acorn_g4,acorn,ACORN,16,4,16,50,100,0.0769,16153.6,59.42,86.33,101.54,107.00,61.91,456,434,1348,3261,4610,2151,2459,0,100,12336.4,18532104,24.5,40
n100k_d128_ip,100000,128,ip,adversarial,0.0500,0.0500,5000,C_acorn_g8,acorn,ACORN,16,8,16,50,100,0.0539,14400.7,68.46,79.67,83.96,88.21,69.44,834,789,1256,1036,2294,1775,518,0,100,19233.8,20264200,24.6,40
n100k_d128_ip,100000,128,ip,adversarial,0.0500,0.0500,5000,C_acorn_g16,acorn,ACORN,16,16,16,50,100,0.4617,12311.5,80.75,118.71,131.46,135.71,81.22,503,467,1848,3781,5630,1371,4258,0,96,39363.7,23728392,24.6,40
n100k_d128_ip,100000,128,ip,adversarial,0.0500,0.0500,5000,C_acorn_g32,acorn,ACORN,16,32,16,50,100,0.3471,16311.1,78.33,114.04,131.42,132.54,61.31,386,337,1836,2661,4499,1370,3128,0,64,99104.9,30656776,24.6,40
n100k_d128_ip,100000,128,ip,adversarial,0.0500,0.0500,5000,A_std_standard,std,STANDARD,16,1,32,100,100,0.1218,8154.3,122.42,144.88,154.29,188.83,122.64,1461,1461,1461,0,1461,0,0,108,13,11836.8,14033032,24.5,32
n100k_d128_ip,100000,128,ip,adversarial,0.0500,0.0500,5000,B_std_acorn1,std,ACORN,16,1,32,100,100,0.0770,8418.9,117.50,127.33,139.08,153.00,118.78,1486,1410,1056,5002,6060,4568,1491,0,100,11836.8,14033032,24.5,32
n100k_d128_ip,100000,128,ip,adversarial,0.0500,0.0500,5000,D_large24_standard,large,STANDARD,24,1,48,100,100,0.1329,7621.7,133.12,151.79,156.46,157.92,131.20,1631,1631,1631,0,1631,0,0,107,13,10422.4,20424136,30.4,48
n100k_d128_ip,100000,128,ip,adversarial,0.0500,0.0500,5000,E_large24_acorn1,large,ACORN,24,1,48,100,100,0.4149,3370.3,330.75,381.75,440.83,481.92,296.71,1001,926,2306,37476,39784,14400,25384,0,100,10422.4,20424136,30.4,48
n100k_d128_ip,100000,128,ip,adversarial,0.0500,0.0500,5000,D_large48_standard,large,STANDARD,48,1,96,100,100,0.1363,7077.2,141.33,163.04,170.83,190.92,141.30,1814,1814,1814,0,1814,0,0,106,14,9627.1,39618184,35.7,96
n100k_d128_ip,100000,128,ip,adversarial,0.0500,0.0500,5000,E_large48_acorn1,large,ACORN,48,1,96,100,100,0.1641,3805.0,204.62,612.62,738.54,804.58,262.81,1763,1573,2692,29945,32638,18417,14220,0,100,9627.1,39618184,35.7,96
n100k_d128_ip,100000,128,ip,adversarial,0.0500,0.0500,5000,C_acorn_g4,acorn,ACORN,16,4,16,100,100,0.0903,10961.5,90.12,114.04,120.54,175.25,91.23,590,567,2491,6932,9425,4416,5009,0,100,12336.4,18532104,24.5,40
n100k_d128_ip,100000,128,ip,adversarial,0.0500,0.0500,5000,C_acorn_g8,acorn,ACORN,16,8,16,100,100,0.0688,10237.6,96.29,107.71,116.21,125.67,97.68,1139,1094,2264,1991,4256,3414,842,0,100,19233.8,20264200,24.6,40
n100k_d128_ip,100000,128,ip,adversarial,0.0500,0.0500,5000,C_acorn_g16,acorn,ACORN,16,16,16,100,100,0.5274,8138.5,118.92,190.38,219.88,221.25,122.87,643,606,2941,7756,10698,2749,7948,0,98,39363.7,23728392,24.6,40
n100k_d128_ip,100000,128,ip,adversarial,0.0500,0.0500,5000,C_acorn_g32,acorn,ACORN,16,32,16,100,100,0.4036,11368.9,116.83,178.00,197.46,243.17,87.96,485,436,2457,4410,6869,2265,4604,0,64,99104.9,30656776,24.6,40
n100k_d128_ip,100000,128,ip,adversarial,0.0500,0.0500,5000,A_std_standard,std,STANDARD,16,1,32,250,100,0.1433,4069.7,247.92,277.88,294.71,336.00,245.72,1920,1920,1920,0,1920,0,0,258,14,11836.8,14033032,24.5,32
n100k_d128_ip,100000,128,ip,adversarial,0.0500,0.0500,5000,B_std_acorn1,std,ACORN,16,1,32,250,100,0.0825,3659.5,271.92,282.92,303.33,318.08,273.26,1707,1631,4347,18550,22899,17965,4934,0,100,11836.8,14033032,24.5,32
n100k_d128_ip,100000,128,ip,adversarial,0.0500,0.0500,5000,D_large24_standard,large,STANDARD,24,1,48,250,100,0.1470,4022.9,251.00,276.75,288.25,290.17,248.58,1994,1994,1994,0,1994,0,0,257,14,10422.4,20424136,30.4,48
n100k_d128_ip,100000,128,ip,adversarial,0.0500,0.0500,5000,E_large24_acorn1,large,ACORN,24,1,48,250,100,0.4173,1310.5,872.38,963.92,1031.04,1100.79,763.09,1033,958,6778,108617,115397,42994,72403,0,100,10422.4,20424136,30.4,48
n100k_d128_ip,100000,128,ip,adversarial,0.0500,0.0500,5000,D_large48_standard,large,STANDARD,48,1,96,250,100,0.1485,3889.0,259.75,284.71,290.08,304.54,257.14,2102,2102,2102,0,2102,0,0,255,15,9627.1,39618184,35.7,96
n100k_d128_ip,100000,128,ip,adversarial,0.0500,0.0500,5000,E_large48_acorn1,large,ACORN,48,1,96,250,100,0.2365,1418.7,469.08,1580.96,1703.17,2775.83,704.87,1934,1745,8489,94361,102852,58161,44691,0,100,9627.1,39618184,35.7,96
n100k_d128_ip,100000,128,ip,adversarial,0.0500,0.0500,5000,C_acorn_g4,acorn,ACORN,16,4,16,250,100,0.1017,6246.8,124.25,230.83,244.79,247.21,160.08,767,744,4526,10892,15419,8011,7408,0,100,12336.4,18532104,24.5,40
n100k_d128_ip,100000,128,ip,adversarial,0.0500,0.0500,5000,C_acorn_g8,acorn,ACORN,16,8,16,250,100,0.0794,4612.0,214.42,231.21,257.33,271.17,216.83,1541,1496,5546,5080,10628,8694,1933,0,100,19233.8,20264200,24.6,40
n100k_d128_ip,100000,128,ip,adversarial,0.0500,0.0500,5000,C_acorn_g16,acorn,ACORN,16,16,16,250,100,0.5621,4257.9,269.83,370.50,467.25,488.00,234.86,770,734,5314,14370,19685,6840,12844,0,98,39363.7,23728392,24.6,40
n100k_d128_ip,100000,128,ip,adversarial,0.0500,0.0500,5000,C_acorn_g32,acorn,ACORN,16,32,16,250,100,0.4359,5770.1,229.42,372.12,411.33,485.67,173.31,581,532,4260,9816,14077,5278,8799,0,64,99104.9,30656776,24.6,40
n100k_d128_ip,100000,128,ip,adversarial,0.0500,0.0500,5000,A_std_standard,std,STANDARD,16,1,32,500,100,0.1483,2115.0,470.71,503.17,587.62,1022.42,472.82,2087,2087,2087,0,2087,0,0,513,14,11836.8,14033032,24.5,32
n100k_d128_ip,100000,128,ip,adversarial,0.0500,0.0500,5000,B_std_acorn1,std,ACORN,16,1,32,500,100,0.0827,1732.9,574.71,607.75,616.46,633.08,577.06,1726,1650,10477,43385,53863,42544,11319,0,100,11836.8,14033032,24.5,32
n100k_d128_ip,100000,128,ip,adversarial,0.0500,0.0500,5000,D_large24_standard,large,STANDARD,24,1,48,500,100,0.1492,2114.0,477.88,505.96,515.79,517.88,473.03,2074,2074,2074,0,2074,0,0,507,15,10422.4,20424136,30.4,48
n100k_d128_ip,100000,128,ip,adversarial,0.0500,0.0500,5000,E_large24_acorn1,large,ACORN,24,1,48,500,100,0.4174,639.5,1802.92,1929.50,1999.25,2062.42,1563.79,1036,961,14283,223767,238052,89754,148298,0,100,10422.4,20424136,30.4,48
n100k_d128_ip,100000,128,ip,adversarial,0.0500,0.0500,5000,D_large48_standard,large,STANDARD,48,1,96,500,100,0.1503,2071.2,486.88,511.46,524.17,532.00,482.80,2169,2169,2169,0,2169,0,0,505,15,9627.1,39618184,35.7,96
n100k_d128_ip,100000,128,ip,adversarial,0.0500,0.0500,5000,E_large48_acorn1,large,ACORN,48,1,96,500,100,0.3109,630.5,957.29,3083.67,4308.92,5406.75,1585.96,2146,1957,19031,211388,230421,131878,98543,0,100,9627.1,39618184,35.7,96
n100k_d128_ip,100000,128,ip,adversarial,0.0500,0.0500,5000,C_acorn_g4,acorn,ACORN,16,4,16,500,100,0.1046,3700.5,150.17,467.71,488.62,490.42,270.24,834,811,7166,13809,20977,12583,8393,0,100,12336.4,18532104,24.5,40
n100k_d128_ip,100000,128,ip,adversarial,0.0500,0.0500,5000,C_acorn_g8,acorn,ACORN,16,8,16,500,100,0.0824,2236.5,445.88,473.50,483.04,489.00,447.12,1679,1634,11506,11860,23367,19135,4231,0,100,19233.8,20264200,24.6,40
n100k_d128_ip,100000,128,ip,adversarial,0.0500,0.0500,5000,C_acorn_g16,acorn,ACORN,16,16,16,500,100,0.5673,2262.4,520.12,732.04,891.83,922.75,442.01,806,770,9371,26484,35856,14519,21336,0,98,39363.7,23728392,24.6,40
n100k_d128_ip,100000,128,ip,adversarial,0.0500,0.0500,5000,C_acorn_g32,acorn,ACORN,16,32,16,500,100,0.4393,3014.9,461.96,728.71,833.58,894.12,331.69,607,558,7287,19116,26405,10852,15553,0,64,99104.9,30656776,24.6,40
n100k_d128_ip,100000,128,ip,adversarial,0.0200,0.0200,2000,F_exact,exact,EXACT,16,0,0,0,10,1.0000,4198.7,237.12,241.96,263.25,295.00,238.17,2000,0,0,0,100000,0,0,0,10,0.0,0,0.0,0
n100k_d128_ip,100000,128,ip,adversarial,0.0200,0.0200,2000,A_std_standard,std,STANDARD,16,1,32,50,10,0.0840,14121.8,71.71,78.92,85.17,129.33,70.81,1037,1037,1037,0,1037,0,0,59,0,11836.8,14033032,24.5,32
n100k_d128_ip,100000,128,ip,adversarial,0.0200,0.0200,2000,B_std_acorn1,std,ACORN,16,1,32,50,10,0.0000,413999.8,2.29,2.50,3.12,11.71,2.42,1,1,36,625,662,0,662,0,0,11836.8,14033032,24.5,32
n100k_d128_ip,100000,128,ip,adversarial,0.0200,0.0200,2000,D_large24_standard,large,STANDARD,24,1,48,50,10,0.0970,12684.8,79.46,90.67,97.75,109.08,78.83,1209,1209,1209,0,1209,0,0,57,1,10422.4,20424136,30.4,48
n100k_d128_ip,100000,128,ip,adversarial,0.0200,0.0200,2000,E_large24_acorn1,large,ACORN,24,1,48,50,10,0.1220,8296.3,119.38,134.25,145.67,145.79,120.54,963,894,881,11062,11945,5210,6735,0,10,10422.4,20424136,30.4,48
n100k_d128_ip,100000,128,ip,adversarial,0.0200,0.0200,2000,D_large48_standard,large,STANDARD,48,1,96,50,10,0.0960,11482.5,88.67,97.25,101.00,111.67,87.09,1433,1433,1433,0,1433,0,0,56,1,9627.1,39618184,35.7,96
n100k_d128_ip,100000,128,ip,adversarial,0.0200,0.0200,2000,E_large48_acorn1,large,ACORN,48,1,96,50,10,0.3320,4218.0,237.00,266.46,275.58,296.08,237.08,495,495,1636,52882,54519,8839,45680,0,10,9627.1,39618184,35.7,96
n100k_d128_ip,100000,128,ip,adversarial,0.0200,0.0200,2000,C_acorn_g4,acorn,ACORN,16,4,16,50,10,0.0000,324850.4,3.08,3.29,3.38,3.42,3.08,1,1,182,536,719,0,719,0,0,12336.4,18532104,24.5,40
n100k_d128_ip,100000,128,ip,adversarial,0.0200,0.0200,2000,C_acorn_g8,acorn,ACORN,16,8,16,50,10,0.0000,333883.1,3.00,3.08,3.17,3.21,3.00,1,1,311,588,900,0,900,0,0,19233.8,20264200,24.6,40
n100k_d128_ip,100000,128,ip,adversarial,0.0200,0.0200,2000,C_acorn_g16,acorn,ACORN,16,16,16,50,10,0.0000,290770.4,3.29,3.71,3.75,3.75,3.44,1,1,570,606,1177,0,1177,0,0,39363.7,23728392,24.6,40
n100k_d128_ip,100000,128,ip,adversarial,0.0200,0.0200,2000,C_acorn_g32,acorn,ACORN,16,32,16,50,10,0.1040,15916.7,61.58,73.83,88.17,94.71,62.83,669,627,1883,2378,4262,1681,2580,0,10,99104.9,30656776,24.6,40
n100k_d128_ip,100000,128,ip,adversarial,0.0200,0.0200,2000,A_std_standard,std,STANDARD,16,1,32,100,10,0.1000,8403.5,119.38,133.12,150.54,189.12,119.00,1461,1461,1461,0,1461,0,0,108,1,11836.8,14033032,24.5,32
n100k_d128_ip,100000,128,ip,adversarial,0.0200,0.0200,2000,B_std_acorn1,std,ACORN,16,1,32,100,10,0.0000,313798.3,3.67,4.00,4.04,4.04,3.19,1,1,36,625,662,0,662,0,0,11836.8,14033032,24.5,32
n100k_d128_ip,100000,128,ip,adversarial,0.0200,0.0200,2000,D_large24_standard,large,STANDARD,24,1,48,100,10,0.1120,7896.6,129.71,138.08,141.88,155.00,126.64,1631,1631,1631,0,1631,0,0,107,1,10422.4,20424136,30.4,48
n100k_d128_ip,100000,128,ip,adversarial,0.0200,0.0200,2000,E_large24_acorn1,large,ACORN,24,1,48,100,10,0.1240,3502.2,283.54,310.83,342.46,351.42,285.54,1004,936,2319,34235,36555,16034,20520,0,10,10422.4,20424136,30.4,48
n100k_d128_ip,100000,128,ip,adversarial,0.0200,0.0200,2000,D_large48_standard,large,STANDARD,48,1,96,100,10,0.1080,7365.3,138.12,152.58,156.75,159.67,135.77,1814,1814,1814,0,1814,0,0,106,1,9627.1,39618184,35.7,96
n100k_d128_ip,100000,128,ip,adversarial,0.0200,0.0200,2000,E_large48_acorn1,large,ACORN,48,1,96,100,10,0.3320,2132.7,463.12,528.33,586.96,624.38,468.88,498,498,3359,105708,109068,20077,88991,0,10,9627.1,39618184,35.7,96
n100k_d128_ip,100000,128,ip,adversarial,0.0200,0.0200,2000,C_acorn_g4,acorn,ACORN,16,4,16,100,10,0.0000,316089.6,3.17,3.38,3.46,3.58,3.16,1,1,182,536,719,0,719,0,0,12336.4,18532104,24.5,40
n100k_d128_ip,100000,128,ip,adversarial,0.0200,0.0200,2000,C_acorn_g8,acorn,ACORN,16,8,16,100,10,0.0000,335477.0,2.79,3.33,3.38,3.38,2.98,1,1,311,588,900,0,900,0,0,19233.8,20264200,24.6,40
n100k_d128_ip,100000,128,ip,adversarial,0.0200,0.0200,2000,C_acorn_g16,acorn,ACORN,16,16,16,100,10,0.0000,316871.8,3.17,3.21,3.25,3.25,3.16,1,1,570,606,1177,0,1177,0,0,39363.7,23728392,24.6,40
n100k_d128_ip,100000,128,ip,adversarial,0.0200,0.0200,2000,C_acorn_g32,acorn,ACORN,16,32,16,100,10,0.1230,9156.0,107.54,122.75,129.71,144.04,109.22,847,805,2981,4948,7931,3383,4547,0,10,99104.9,30656776,24.6,40
n100k_d128_ip,100000,128,ip,adversarial,0.0200,0.0200,2000,A_std_standard,std,STANDARD,16,1,32,250,10,0.1150,4162.5,244.12,261.17,268.46,328.92,240.24,1920,1920,1920,0,1920,0,0,258,1,11836.8,14033032,24.5,32
n100k_d128_ip,100000,128,ip,adversarial,0.0200,0.0200,2000,B_std_acorn1,std,ACORN,16,1,32,250,10,0.0000,316785.5,3.12,3.46,3.62,3.83,3.16,1,1,36,625,662,0,662,0,0,11836.8,14033032,24.5,32
n100k_d128_ip,100000,128,ip,adversarial,0.0200,0.0200,2000,D_large24_standard,large,STANDARD,24,1,48,250,10,0.1180,4040.9,249.21,273.92,287.62,292.54,247.47,1994,1994,1994,0,1994,0,0,257,1,10422.4,20424136,30.4,48
n100k_d128_ip,100000,128,ip,adversarial,0.0200,0.0200,2000,E_large24_acorn1,large,ACORN,24,1,48,250,10,0.1240,1242.5,802.00,840.50,878.46,887.29,804.82,1007,938,6875,107724,114600,50405,64195,0,10,10422.4,20424136,30.4,48
n100k_d128_ip,100000,128,ip,adversarial,0.0200,0.0200,2000,D_large48_standard,large,STANDARD,48,1,96,250,10,0.1200,3950.8,255.83,274.33,281.79,284.00,253.11,2102,2102,2102,0,2102,0,0,255,1,9627.1,39618184,35.7,96
n100k_d128_ip,100000,128,ip,adversarial,0.0200,0.0200,2000,E_large48_acorn1,large,ACORN,48,1,96,250,10,0.3320,801.2,1228.38,1600.08,1718.83,1922.92,1248.12,1033,1033,8698,238282,246982,65959,181023,0,10,9627.1,39618184,35.7,96
n100k_d128_ip,100000,128,ip,adversarial,0.0200,0.0200,2000,C_acorn_g4,acorn,ACORN,16,4,16,250,10,0.0000,285178.2,3.50,3.83,3.92,4.08,3.51,1,1,182,536,719,0,719,0,0,12336.4,18532104,24.5,40
n100k_d128_ip,100000,128,ip,adversarial,0.0200,0.0200,2000,C_acorn_g8,acorn,ACORN,16,8,16,250,10,0.0000,329538.2,3.04,3.08,3.25,3.29,3.03,1,1,311,588,900,0,900,0,0,19233.8,20264200,24.6,40
n100k_d128_ip,100000,128,ip,adversarial,0.0200,0.0200,2000,C_acorn_g16,acorn,ACORN,16,16,16,250,10,0.0000,294695.8,3.33,3.50,3.75,5.96,3.39,1,1,570,606,1177,0,1177,0,0,39363.7,23728392,24.6,40
n100k_d128_ip,100000,128,ip,adversarial,0.0200,0.0200,2000,C_acorn_g32,acorn,ACORN,16,32,16,250,10,0.1240,3817.3,260.38,285.58,305.29,307.71,261.97,966,924,6543,16138,22682,10107,12574,0,10,99104.9,30656776,24.6,40
n100k_d128_ip,100000,128,ip,adversarial,0.0200,0.0200,2000,A_std_standard,std,STANDARD,16,1,32,500,10,0.1180,2140.6,465.92,495.21,600.00,1022.96,467.16,2087,2087,2087,0,2087,0,0,513,1,11836.8,14033032,24.5,32
n100k_d128_ip,100000,128,ip,adversarial,0.0200,0.0200,2000,B_std_acorn1,std,ACORN,16,1,32,500,10,0.0000,282519.4,3.50,3.83,4.42,4.42,3.54,1,1,36,625,662,0,662,0,0,11836.8,14033032,24.5,32
n100k_d128_ip,100000,128,ip,adversarial,0.0200,0.0200,2000,D_large24_standard,large,STANDARD,24,1,48,500,10,0.1210,2129.5,472.00,500.54,507.88,526.54,469.58,2074,2074,2074,0,2074,0,0,507,1,10422.4,20424136,30.4,48
n100k_d128_ip,100000,128,ip,adversarial,0.0200,0.0200,2000,E_large24_acorn1,large,ACORN,24,1,48,500,10,0.1240,577.5,1721.33,1791.88,1866.42,2237.29,1731.56,1007,938,14474,227318,241793,106601,135192,0,10,10422.4,20424136,30.4,48
n100k_d128_ip,100000,128,ip,adversarial,0.0200,0.0200,2000,D_large48_standard,large,STANDARD,48,1,96,500,10,0.1230,2083.9,483.21,503.62,516.04,522.29,479.87,2169,2169,2169,0,2169,0,0,505,1,9627.1,39618184,35.7,96
n100k_d128_ip,100000,128,ip,adversarial,0.0200,0.0200,2000,E_large48_acorn1,large,ACORN,48,1,96,500,10,0.3320,385.7,2593.00,2798.46,2930.58,3227.92,2592.58,1033,1033,17569,427368,444938,153208,291729,0,10,9627.1,39618184,35.7,96
n100k_d128_ip,100000,128,ip,adversarial,0.0200,0.0200,2000,C_acorn_g4,acorn,ACORN,16,4,16,500,10,0.0000,299891.4,3.12,3.92,4.08,4.29,3.33,1,1,182,536,719,0,719,0,0,12336.4,18532104,24.5,40
n100k_d128_ip,100000,128,ip,adversarial,0.0200,0.0200,2000,C_acorn_g8,acorn,ACORN,16,8,16,500,10,0.0000,319399.0,3.12,3.33,3.38,3.38,3.13,1,1,311,588,900,0,900,0,0,19233.8,20264200,24.6,40
n100k_d128_ip,100000,128,ip,adversarial,0.0200,0.0200,2000,C_acorn_g16,acorn,ACORN,16,16,16,500,10,0.0000,288010.1,3.46,3.58,3.71,3.75,3.47,1,1,570,606,1177,0,1177,0,0,39363.7,23728392,24.6,40
n100k_d128_ip,100000,128,ip,adversarial,0.0200,0.0200,2000,C_acorn_g32,acorn,ACORN,16,32,16,500,10,0.1240,1709.8,580.25,631.83,657.75,660.25,584.87,978,936,12678,38864,51544,23254,28289,0,10,99104.9,30656776,24.6,40
n100k_d128_ip,100000,128,ip,adversarial,0.0200,0.0200,2000,F_exact,exact,EXACT,16,0,0,0,100,1.0000,4203.8,236.58,246.38,272.04,277.46,237.88,2000,0,0,0,100000,0,0,0,100,0.0,0,0.0,0
n100k_d128_ip,100000,128,ip,adversarial,0.0200,0.0200,2000,A_std_standard,std,STANDARD,16,1,32,50,100,0.0559,11928.5,84.17,97.21,115.46,158.42,83.83,1038,1038,1038,0,1038,0,0,59,7,11836.8,14033032,24.5,32
n100k_d128_ip,100000,128,ip,adversarial,0.0200,0.0200,2000,B_std_acorn1,std,ACORN,16,1,32,50,100,0.0000,375698.3,2.58,2.79,3.33,6.04,2.66,1,1,36,625,662,0,662,0,0,11836.8,14033032,24.5,32
n100k_d128_ip,100000,128,ip,adversarial,0.0200,0.0200,2000,D_large24_standard,large,STANDARD,24,1,48,50,100,0.0621,10958.7,91.62,109.17,115.29,127.08,91.25,1209,1209,1209,0,1209,0,0,57,7,10422.4,20424136,30.4,48
n100k_d128_ip,100000,128,ip,adversarial,0.0200,0.0200,2000,E_large24_acorn1,large,ACORN,24,1,48,50,100,0.2167,7161.9,138.17,160.00,173.67,175.08,139.63,963,894,881,11062,11945,5210,6735,0,100,10422.4,20424136,30.4,48
n100k_d128_ip,100000,128,ip,adversarial,0.0200,0.0200,2000,D_large48_standard,large,STANDARD,48,1,96,50,100,0.0645,10110.1,100.38,114.17,120.96,121.62,98.91,1433,1433,1433,0,1433,0,0,56,7,9627.1,39618184,35.7,96
n100k_d128_ip,100000,128,ip,adversarial,0.0200,0.0200,2000,E_large48_acorn1,large,ACORN,48,1,96,50,100,0.4319,3984.3,249.83,278.96,300.21,312.79,250.98,495,495,1636,52882,54519,8839,45680,0,100,9627.1,39618184,35.7,96
n100k_d128_ip,100000,128,ip,adversarial,0.0200,0.0200,2000,C_acorn_g4,acorn,ACORN,16,4,16,50,100,0.0000,368952.0,2.67,3.25,3.33,3.46,2.71,1,1,182,536,719,0,719,0,0,12336.4,18532104,24.5,40
n100k_d128_ip,100000,128,ip,adversarial,0.0200,0.0200,2000,C_acorn_g8,acorn,ACORN,16,8,16,50,100,0.0000,356242.1,2.79,2.83,2.96,3.12,2.81,1,1,311,588,900,0,900,0,0,19233.8,20264200,24.6,40
n100k_d128_ip,100000,128,ip,adversarial,0.0200,0.0200,2000,C_acorn_g16,acorn,ACORN,16,16,16,50,100,0.0000,306516.2,3.25,3.33,3.38,3.42,3.26,1,1,570,606,1177,0,1177,0,0,39363.7,23728392,24.6,40
n100k_d128_ip,100000,128,ip,adversarial,0.0200,0.0200,2000,C_acorn_g32,acorn,ACORN,16,32,16,50,100,0.1742,12568.9,78.38,90.92,104.38,114.88,79.56,669,627,1883,2378,4262,1681,2580,0,100,99104.9,30656776,24.6,40
n100k_d128_ip,100000,128,ip,adversarial,0.0200,0.0200,2000,A_std_standard,std,STANDARD,16,1,32,100,100,0.0671,8248.7,122.83,136.04,160.04,192.33,121.23,1461,1461,1461,0,1461,0,0,108,7,11836.8,14033032,24.5,32
n100k_d128_ip,100000,128,ip,adversarial,0.0200,0.0200,2000,B_std_acorn1,std,ACORN,16,1,32,100,100,0.0000,374470.1,2.67,2.79,2.92,3.12,2.67,1,1,36,625,662,0,662,0,0,11836.8,14033032,24.5,32
n100k_d128_ip,100000,128,ip,adversarial,0.0200,0.0200,2000,D_large24_standard,large,STANDARD,24,1,48,100,100,0.0708,7720.5,131.12,150.33,170.38,170.71,129.53,1631,1631,1631,0,1631,0,0,107,7,10422.4,20424136,30.4,48
n100k_d128_ip,100000,128,ip,adversarial,0.0200,0.0200,2000,E_large24_acorn1,large,ACORN,24,1,48,100,100,0.2227,3391.6,291.75,321.50,347.83,362.88,294.84,1004,936,2319,34235,36555,16034,20520,0,100,10422.4,20424136,30.4,48
n100k_d128_ip,100000,128,ip,adversarial,0.0200,0.0200,2000,D_large48_standard,large,STANDARD,48,1,96,100,100,0.0723,7221.4,139.38,157.25,164.33,166.79,138.48,1814,1814,1814,0,1814,0,0,106,7,9627.1,39618184,35.7,96
n100k_d128_ip,100000,128,ip,adversarial,0.0200,0.0200,2000,E_large48_acorn1,large,ACORN,48,1,96,100,100,0.4328,2104.0,467.67,549.25,581.96,600.29,475.29,498,498,3359,105708,109068,20077,88991,0,100,9627.1,39618184,35.7,96
n100k_d128_ip,100000,128,ip,adversarial,0.0200,0.0200,2000,C_acorn_g4,acorn,ACORN,16,4,16,100,100,0.0000,350470.2,2.62,3.29,3.38,3.38,2.85,1,1,182,536,719,0,719,0,0,12336.4,18532104,24.5,40
n100k_d128_ip,100000,128,ip,adversarial,0.0200,0.0200,2000,C_acorn_g8,acorn,ACORN,16,8,16,100,100,0.0000,363190.0,2.75,2.79,2.88,2.96,2.75,1,1,311,588,900,0,900,0,0,19233.8,20264200,24.6,40
n100k_d128_ip,100000,128,ip,adversarial,0.0200,0.0200,2000,C_acorn_g16,acorn,ACORN,16,16,16,100,100,0.0000,309634.9,3.21,3.29,3.29,3.33,3.23,1,1,570,606,1177,0,1177,0,0,39363.7,23728392,24.6,40
n100k_d128_ip,100000,128,ip,adversarial,0.0200,0.0200,2000,C_acorn_g32,acorn,ACORN,16,32,16,100,100,0.2062,8421.7,116.12,135.42,151.50,163.38,118.74,847,805,2981,4948,7931,3383,4547,0,100,99104.9,30656776,24.6,40
n100k_d128_ip,100000,128,ip,adversarial,0.0200,0.0200,2000,A_std_standard,std,STANDARD,16,1,32,250,100,0.0743,4117.5,246.25,270.38,279.38,347.25,242.86,1920,1920,1920,0,1920,0,0,258,7,11836.8,14033032,24.5,32
n100k_d128_ip,100000,128,ip,adversarial,0.0200,0.0200,2000,B_std_acorn1,std,ACORN,16,1,32,250,100,0.0000,313730.4,3.17,3.46,3.62,3.92,3.19,1,1,36,625,662,0,662,0,0,11836.8,14033032,24.5,32
n100k_d128_ip,100000,128,ip,adversarial,0.0200,0.0200,2000,D_large24_standard,large,STANDARD,24,1,48,250,100,0.0752,4015.7,254.04,272.92,283.17,287.92,249.02,1994,1994,1994,0,1994,0,0,257,7,10422.4,20424136,30.4,48
n100k_d128_ip,100000,128,ip,adversarial,0.0200,0.0200,2000,E_large24_acorn1,large,ACORN,24,1,48,250,100,0.2227,1215.9,819.54,856.96,868.92,885.92,822.42,1007,938,6875,107724,114600,50405,64195,0,100,10422.4,20424136,30.4,48
n100k_d128_ip,100000,128,ip,adversarial,0.0200,0.0200,2000,D_large48_standard,large,STANDARD,48,1,96,250,100,0.0755,3910.9,258.25,280.75,286.17,295.00,255.69,2102,2102,2102,0,2102,0,0,255,7,9627.1,39618184,35.7,96
n100k_d128_ip,100000,128,ip,adversarial,0.0200,0.0200,2000,E_large48_acorn1,large,ACORN,48,1,96,250,100,0.4514,790.9,1257.38,1623.29,1738.58,1966.71,1264.31,1033,1033,8698,238282,246982,65959,181023,0,100,9627.1,39618184,35.7,96
n100k_d128_ip,100000,128,ip,adversarial,0.0200,0.0200,2000,C_acorn_g4,acorn,ACORN,16,4,16,250,100,0.0000,279591.2,3.58,3.79,3.88,4.00,3.58,1,1,182,536,719,0,719,0,0,12336.4,18532104,24.5,40
n100k_d128_ip,100000,128,ip,adversarial,0.0200,0.0200,2000,C_acorn_g8,acorn,ACORN,16,8,16,250,100,0.0000,305813.2,3.08,3.79,3.83,3.92,3.27,1,1,311,588,900,0,900,0,0,19233.8,20264200,24.6,40
n100k_d128_ip,100000,128,ip,adversarial,0.0200,0.0200,2000,C_acorn_g16,acorn,ACORN,16,16,16,250,100,0.0000,289366.1,3.46,3.54,3.58,3.58,3.46,1,1,570,606,1177,0,1177,0,0,39363.7,23728392,24.6,40
n100k_d128_ip,100000,128,ip,adversarial,0.0200,0.0200,2000,C_acorn_g32,acorn,ACORN,16,32,16,250,100,0.2218,3603.5,274.67,303.33,332.21,334.79,277.51,966,924,6543,16138,22682,10107,12574,0,100,99104.9,30656776,24.6,40
n100k_d128_ip,100000,128,ip,adversarial,0.0200,0.0200,2000,A_std_standard,std,STANDARD,16,1,32,500,100,0.0749,2120.7,469.38,505.50,627.96,1015.58,471.55,2087,2087,2087,0,2087,0,0,513,7,11836.8,14033032,24.5,32
n100k_d128_ip,100000,128,ip,adversarial,0.0200,0.0200,2000,B_std_acorn1,std,ACORN,16,1,32,500,100,0.0000,378181.9,2.62,2.92,3.17,3.50,2.64,1,1,36,625,662,0,662,0,0,11836.8,14033032,24.5,32
n100k_d128_ip,100000,128,ip,adversarial,0.0200,0.0200,2000,D_large24_standard,large,STANDARD,24,1,48,500,100,0.0758,2112.6,475.79,503.75,511.33,512.54,473.35,2074,2074,2074,0,2074,0,0,507,7,10422.4,20424136,30.4,48
n100k_d128_ip,100000,128,ip,adversarial,0.0200,0.0200,2000,E_large24_acorn1,large,ACORN,24,1,48,500,100,0.2227,575.6,1735.12,1797.42,1806.08,1821.50,1737.32,1007,938,14474,227318,241793,106601,135192,0,100,10422.4,20424136,30.4,48
n100k_d128_ip,100000,128,ip,adversarial,0.0200,0.0200,2000,D_large48_standard,large,STANDARD,48,1,96,500,100,0.0760,2080.5,483.92,507.25,514.62,540.12,480.65,2169,2169,2169,0,2169,0,0,505,7,9627.1,39618184,35.7,96
n100k_d128_ip,100000,128,ip,adversarial,0.0200,0.0200,2000,E_large48_acorn1,large,ACORN,48,1,96,500,100,0.4514,385.4,2581.88,2825.46,2949.62,3175.71,2594.39,1033,1033,17569,427368,444938,153208,291729,0,100,9627.1,39618184,35.7,96
n100k_d128_ip,100000,128,ip,adversarial,0.0200,0.0200,2000,C_acorn_g4,acorn,ACORN,16,4,16,500,100,0.0000,317633.8,3.04,3.71,3.75,4.00,3.15,1,1,182,536,719,0,719,0,0,12336.4,18532104,24.5,40
n100k_d128_ip,100000,128,ip,adversarial,0.0200,0.0200,2000,C_acorn_g8,acorn,ACORN,16,8,16,500,100,0.0000,329628.3,3.00,3.21,3.33,3.38,3.03,1,1,311,588,900,0,900,0,0,19233.8,20264200,24.6,40
n100k_d128_ip,100000,128,ip,adversarial,0.0200,0.0200,2000,C_acorn_g16,acorn,ACORN,16,16,16,500,100,0.0000,286050.2,3.38,3.50,3.54,14.46,3.50,1,1,570,606,1177,0,1177,0,0,39363.7,23728392,24.6,40
n100k_d128_ip,100000,128,ip,adversarial,0.0200,0.0200,2000,C_acorn_g32,acorn,ACORN,16,32,16,500,100,0.2226,1682.6,588.71,637.04,681.96,697.04,594.30,978,936,12678,38864,51544,23254,28289,0,100,99104.9,30656776,24.6,40
n100k_d128_ip,100000,128,ip,adversarial,0.0100,0.0100,1000,F_exact,exact,EXACT,16,0,0,0,10,1.0000,5939.9,167.00,176.25,180.25,213.50,168.35,1000,0,0,0,100000,0,0,0,10,0.0,0,0.0,0
n100k_d128_ip,100000,128,ip,adversarial,0.0100,0.0100,1000,A_std_standard,std,STANDARD,16,1,32,50,10,0.0580,14074.9,71.71,78.42,90.29,131.17,71.05,1037,1037,1037,0,1037,0,0,59,0,11836.8,14033032,24.5,32
n100k_d128_ip,100000,128,ip,adversarial,0.0100,0.0100,1000,B_std_acorn1,std,ACORN,16,1,32,50,10,0.0000,421932.0,2.38,2.54,2.67,3.08,2.37,1,1,36,625,662,0,662,0,0,11836.8,14033032,24.5,32
n100k_d128_ip,100000,128,ip,adversarial,0.0100,0.0100,1000,D_large24_standard,large,STANDARD,24,1,48,50,10,0.0630,12948.1,79.08,85.08,90.00,90.50,77.23,1209,1209,1209,0,1209,0,0,57,0,10422.4,20424136,30.4,48
n100k_d128_ip,100000,128,ip,adversarial,0.0100,0.0100,1000,E_large24_acorn1,large,ACORN,24,1,48,50,10,0.2040,6642.1,149.12,168.29,192.04,192.54,150.56,605,539,1223,24005,25229,6681,18547,0,10,10422.4,20424136,30.4,48
n100k_d128_ip,100000,128,ip,adversarial,0.0100,0.0100,1000,D_large48_standard,large,STANDARD,48,1,96,50,10,0.0680,11593.0,87.96,97.12,100.83,105.38,86.26,1433,1433,1433,0,1433,0,0,56,0,9627.1,39618184,35.7,96
n100k_d128_ip,100000,128,ip,adversarial,0.0100,0.0100,1000,E_large48_acorn1,large,ACORN,48,1,96,50,10,0.4380,3953.2,241.92,371.46,394.62,395.04,252.96,300,300,1796,64789,66586,8048,58538,0,10,9627.1,39618184,35.7,96
n100k_d128_ip,100000,128,ip,adversarial,0.0100,0.0100,1000,C_acorn_g4,acorn,ACORN,16,4,16,50,10,0.0000,332358.4,3.00,3.12,3.25,3.25,3.01,1,1,182,536,719,0,719,0,0,12336.4,18532104,24.5,40
n100k_d128_ip,100000,128,ip,adversarial,0.0100,0.0100,1000,C_acorn_g8,acorn,ACORN,16,8,16,50,10,0.0000,349902.4,2.71,3.29,3.38,3.38,2.86,1,1,311,588,900,0,900,0,0,19233.8,20264200,24.6,40
n100k_d128_ip,100000,128,ip,adversarial,0.0100,0.0100,1000,C_acorn_g16,acorn,ACORN,16,16,16,50,10,0.0000,314879.3,3.17,3.25,3.33,3.33,3.18,1,1,570,606,1177,0,1177,0,0,39363.7,23728392,24.6,40
n100k_d128_ip,100000,128,ip,adversarial,0.0100,0.0100,1000,C_acorn_g32,acorn,ACORN,16,32,16,50,10,0.1760,17079.2,57.29,70.33,77.00,82.08,58.55,468,433,1962,3926,5889,1564,4324,0,10,99104.9,30656776,24.6,40
n100k_d128_ip,100000,128,ip,adversarial,0.0100,0.0100,1000,A_std_standard,std,STANDARD,16,1,32,100,10,0.0690,8444.5,119.38,129.00,152.00,190.88,118.42,1461,1461,1461,0,1461,0,0,108,0,11836.8,14033032,24.5,32
n100k_d128_ip,100000,128,ip,adversarial,0.0100,0.0100,1000,B_std_acorn1,std,ACORN,16,1,32,100,10,0.0000,322926.5,3.08,3.33,3.42,3.83,3.10,1,1,36,625,662,0,662,0,0,11836.8,14033032,24.5,32
n100k_d128_ip,100000,128,ip,adversarial,0.0100,0.0100,1000,D_large24_standard,large,STANDARD,24,1,48,100,10,0.0740,7833.4,129.96,143.33,147.21,157.33,127.66,1631,1631,1631,0,1631,0,0,107,0,10422.4,20424136,30.4,48
n100k_d128_ip,100000,128,ip,adversarial,0.0100,0.0100,1000,E_large24_acorn1,large,ACORN,24,1,48,100,10,0.2060,3173.2,314.38,356.88,368.42,387.58,315.14,609,542,2693,56343,59037,15663,43374,0,10,10422.4,20424136,30.4,48
n100k_d128_ip,100000,128,ip,adversarial,0.0100,0.0100,1000,D_large48_standard,large,STANDARD,48,1,96,100,10,0.0730,7384.8,138.21,150.50,153.50,156.50,135.41,1814,1814,1814,0,1814,0,0,106,0,9627.1,39618184,35.7,96
n100k_d128_ip,100000,128,ip,adversarial,0.0100,0.0100,1000,E_large48_acorn1,large,ACORN,48,1,96,100,10,0.4420,2013.6,485.12,606.62,653.62,706.50,496.61,576,576,3475,114518,117995,20691,97303,0,10,9627.1,39618184,35.7,96
n100k_d128_ip,100000,128,ip,adversarial,0.0100,0.0100,1000,C_acorn_g4,acorn,ACORN,16,4,16,100,10,0.0000,306642.2,3.25,3.42,3.62,3.67,3.26,1,1,182,536,719,0,719,0,0,12336.4,18532104,24.5,40
n100k_d128_ip,100000,128,ip,adversarial,0.0100,0.0100,1000,C_acorn_g8,acorn,ACORN,16,8,16,100,10,0.0000,338414.1,2.83,3.42,3.46,3.46,2.95,1,1,311,588,900,0,900,0,0,19233.8,20264200,24.6,40
n100k_d128_ip,100000,128,ip,adversarial,0.0100,0.0100,1000,C_acorn_g16,acorn,ACORN,16,16,16,100,10,0.0000,304026.2,3.29,3.38,3.38,3.42,3.29,1,1,570,606,1177,0,1177,0,0,39363.7,23728392,24.6,40
n100k_d128_ip,100000,128,ip,adversarial,0.0100,0.0100,1000,C_acorn_g32,acorn,ACORN,16,32,16,100,10,0.1900,9557.6,102.92,118.29,122.71,159.29,104.63,545,510,3135,8484,11620,3231,8388,0,10,99104.9,30656776,24.6,40
n100k_d128_ip,100000,128,ip,adversarial,0.0100,0.0100,1000,A_std_standard,std,STANDARD,16,1,32,250,10,0.0770,4146.6,243.67,261.96,278.50,342.21,241.16,1920,1920,1920,0,1920,0,0,258,0,11836.8,14033032,24.5,32
n100k_d128_ip,100000,128,ip,adversarial,0.0100,0.0100,1000,B_std_acorn1,std,ACORN,16,1,32,250,10,0.0000,266898.0,3.67,5.08,5.12,5.21,3.75,1,1,36,625,662,0,662,0,0,11836.8,14033032,24.5,32
n100k_d128_ip,100000,128,ip,adversarial,0.0100,0.0100,1000,D_large24_standard,large,STANDARD,24,1,48,250,10,0.0760,4057.7,248.96,270.38,276.75,283.08,246.44,1994,1994,1994,0,1994,0,0,257,0,10422.4,20424136,30.4,48
n100k_d128_ip,100000,128,ip,adversarial,0.0100,0.0100,1000,E_large24_acorn1,large,ACORN,24,1,48,250,10,0.2070,1200.6,831.00,877.17,910.04,912.12,832.90,609,543,7177,154759,161938,43013,118925,0,10,10422.4,20424136,30.4,48
n100k_d128_ip,100000,128,ip,adversarial,0.0100,0.0100,1000,D_large48_standard,large,STANDARD,48,1,96,250,10,0.0780,3933.3,256.42,277.46,292.21,296.46,254.24,2102,2102,2102,0,2102,0,0,255,0,9627.1,39618184,35.7,96
n100k_d128_ip,100000,128,ip,adversarial,0.0100,0.0100,1000,E_large48_acorn1,large,ACORN,48,1,96,250,10,0.4420,789.5,1253.62,1393.46,1431.96,1496.17,1266.61,576,576,8873,271154,280029,63870,216159,0,10,9627.1,39618184,35.7,96
n100k_d128_ip,100000,128,ip,adversarial,0.0100,0.0100,1000,C_acorn_g4,acorn,ACORN,16,4,16,250,10,0.0000,304796.3,3.25,3.58,3.67,3.83,3.28,1,1,182,536,719,0,719,0,0,12336.4,18532104,24.5,40
n100k_d128_ip,100000,128,ip,adversarial,0.0100,0.0100,1000,C_acorn_g8,acorn,ACORN,16,8,16,250,10,0.0000,310316.2,3.33,3.42,3.54,3.54,3.22,1,1,311,588,900,0,900,0,0,19233.8,20264200,24.6,40
n100k_d128_ip,100000,128,ip,adversarial,0.0100,0.0100,1000,C_acorn_g16,acorn,ACORN,16,16,16,250,10,0.0000,303759.3,3.29,3.38,3.42,3.42,3.29,1,1,570,606,1177,0,1177,0,0,39363.7,23728392,24.6,40
n100k_d128_ip,100000,128,ip,adversarial,0.0100,0.0100,1000,C_acorn_g32,acorn,ACORN,16,32,16,250,10,0.2010,3893.9,253.17,281.00,329.04,336.08,256.81,574,539,6791,26266,33059,9388,23670,0,10,99104.9,30656776,24.6,40
n100k_d128_ip,100000,128,ip,adversarial,0.0100,0.0100,1000,A_std_standard,std,STANDARD,16,1,32,500,10,0.0780,2135.4,467.54,495.71,584.50,1025.50,468.29,2087,2087,2087,0,2087,0,0,513,0,11836.8,14033032,24.5,32
n100k_d128_ip,100000,128,ip,adversarial,0.0100,0.0100,1000,B_std_acorn1,std,ACORN,16,1,32,500,10,0.0000,229752.5,3.83,5.12,5.21,5.25,4.35,1,1,36,625,662,0,662,0,0,11836.8,14033032,24.5,32
n100k_d128_ip,100000,128,ip,adversarial,0.0100,0.0100,1000,D_large24_standard,large,STANDARD,24,1,48,500,10,0.0800,2137.1,471.54,497.88,503.83,506.54,467.92,2074,2074,2074,0,2074,0,0,507,0,10422.4,20424136,30.4,48
n100k_d128_ip,100000,128,ip,adversarial,0.0100,0.0100,1000,E_large24_acorn1,large,ACORN,24,1,48,500,10,0.2070,583.3,1707.08,1775.04,1802.29,1814.29,1714.33,609,543,14490,311103,325594,86732,238862,0,10,10422.4,20424136,30.4,48
n100k_d128_ip,100000,128,ip,adversarial,0.0100,0.0100,1000,D_large48_standard,large,STANDARD,48,1,96,500,10,0.0800,2090.2,482.58,506.21,514.88,520.25,478.43,2169,2169,2169,0,2169,0,0,505,0,9627.1,39618184,35.7,96
n100k_d128_ip,100000,128,ip,adversarial,0.0100,0.0100,1000,E_large48_acorn1,large,ACORN,48,1,96,500,10,0.4420,391.3,2542.50,2635.96,2693.12,2729.92,2555.90,579,579,17725,522857,540584,132908,407675,0,10,9627.1,39618184,35.7,96
n100k_d128_ip,100000,128,ip,adversarial,0.0100,0.0100,1000,C_acorn_g4,acorn,ACORN,16,4,16,500,10,0.0000,331177.4,2.88,3.54,3.62,3.71,3.02,1,1,182,536,719,0,719,0,0,12336.4,18532104,24.5,40
n100k_d128_ip,100000,128,ip,adversarial,0.0100,0.0100,1000,C_acorn_g8,acorn,ACORN,16,8,16,500,10,0.0000,335715.8,2.96,3.04,3.12,3.17,2.98,1,1,311,588,900,0,900,0,0,19233.8,20264200,24.6,40
n100k_d128_ip,100000,128,ip,adversarial,0.0100,0.0100,1000,C_acorn_g16,acorn,ACORN,16,16,16,500,10,0.0000,294878.3,3.38,3.50,3.54,3.67,3.39,1,1,570,606,1177,0,1177,0,0,39363.7,23728392,24.6,40
n100k_d128_ip,100000,128,ip,adversarial,0.0100,0.0100,1000,C_acorn_g32,acorn,ACORN,16,32,16,500,10,0.2070,1771.1,557.12,609.08,651.67,720.96,564.63,577,541,12883,56267,69151,19881,49270,0,10,99104.9,30656776,24.6,40
n100k_d128_ip,100000,128,ip,adversarial,0.0050,0.0050,500,F_exact,exact,EXACT,16,0,0,0,10,1.0000,7467.7,133.88,134.75,135.21,142.29,133.91,500,0,0,0,100000,0,0,0,10,0.0,0,0.0,0
n100k_d128_ip,100000,128,ip,adversarial,0.0050,0.0050,500,A_std_standard,std,STANDARD,16,1,32,50,10,0.0540,14069.0,71.88,79.92,92.04,134.62,71.08,1037,1037,1037,0,1037,0,0,59,0,11836.8,14033032,24.5,32
n100k_d128_ip,100000,128,ip,adversarial,0.0050,0.0050,500,B_std_acorn1,std,ACORN,16,1,32,50,10,0.0000,375939.8,2.54,2.79,3.17,13.50,2.66,1,1,36,625,662,0,662,0,0,11836.8,14033032,24.5,32
n100k_d128_ip,100000,128,ip,adversarial,0.0050,0.0050,500,D_large24_standard,large,STANDARD,24,1,48,50,10,0.0610,12898.2,79.12,85.58,91.04,96.08,77.53,1209,1209,1209,0,1209,0,0,57,0,10422.4,20424136,30.4,48
n100k_d128_ip,100000,128,ip,adversarial,0.0050,0.0050,500,E_large24_acorn1,large,ACORN,24,1,48,50,10,0.2750,15808.5,62.46,64.25,78.54,100.33,63.26,24,19,688,21252,21941,783,21157,0,10,10422.4,20424136,30.4,48
n100k_d128_ip,100000,128,ip,adversarial,0.0050,0.0050,500,D_large48_standard,large,STANDARD,48,1,96,50,10,0.0630,11644.4,87.58,96.25,99.46,102.62,85.88,1433,1433,1433,0,1433,0,0,56,0,9627.1,39618184,35.7,96
n100k_d128_ip,100000,128,ip,adversarial,0.0050,0.0050,500,E_large48_acorn1,large,ACORN,48,1,96,50,10,0.2480,4123.9,237.92,279.42,306.29,311.96,242.49,302,302,1781,62523,64305,9481,54823,0,10,9627.1,39618184,35.7,96
n100k_d128_ip,100000,128,ip,adversarial,0.0050,0.0050,500,C_acorn_g4,acorn,ACORN,16,4,16,50,10,0.0000,304301.9,3.25,3.46,3.50,3.54,3.29,1,1,182,536,719,0,719,0,0,12336.4,18532104,24.5,40
n100k_d128_ip,100000,128,ip,adversarial,0.0050,0.0050,500,C_acorn_g8,acorn,ACORN,16,8,16,50,10,0.0000,304721.0,3.54,3.62,3.71,3.75,3.28,1,1,311,588,900,0,900,0,0,19233.8,20264200,24.6,40
n100k_d128_ip,100000,128,ip,adversarial,0.0050,0.0050,500,C_acorn_g16,acorn,ACORN,16,16,16,50,10,0.0000,297774.1,3.25,3.38,3.50,11.96,3.36,1,1,570,606,1177,0,1177,0,0,39363.7,23728392,24.6,40
n100k_d128_ip,100000,128,ip,adversarial,0.0050,0.0050,500,C_acorn_g32,acorn,ACORN,16,32,16,50,10,0.0000,334418.0,3.00,3.08,3.17,3.17,2.99,1,1,911,236,1148,0,1148,0,0,99104.9,30656776,24.6,40
n100k_d128_ip,100000,128,ip,adversarial,0.0050,0.0050,500,A_std_standard,std,STANDARD,16,1,32,100,10,0.0630,8402.0,120.46,132.88,157.96,191.29,119.02,1461,1461,1461,0,1461,0,0,108,0,11836.8,14033032,24.5,32
n100k_d128_ip,100000,128,ip,adversarial,0.0050,0.0050,500,B_std_acorn1,std,ACORN,16,1,32,100,10,0.0000,280834.2,3.04,4.38,4.42,4.46,3.56,1,1,36,625,662,0,662,0,0,11836.8,14033032,24.5,32
n100k_d128_ip,100000,128,ip,adversarial,0.0050,0.0050,500,D_large24_standard,large,STANDARD,24,1,48,100,10,0.0700,7891.5,128.79,141.12,143.46,155.38,126.72,1631,1631,1631,0,1631,0,0,107,0,10422.4,20424136,30.4,48
n100k_d128_ip,100000,128,ip,adversarial,0.0050,0.0050,500,E_large24_acorn1,large,ACORN,24,1,48,100,10,0.2750,15972.8,62.29,63.25,71.25,78.79,62.61,24,19,688,21252,21941,783,21157,0,10,10422.4,20424136,30.4,48
n100k_d128_ip,100000,128,ip,adversarial,0.0050,0.0050,500,D_large48_standard,large,STANDARD,48,1,96,100,10,0.0690,7407.1,137.46,149.29,153.96,154.08,135.01,1814,1814,1814,0,1814,0,0,106,0,9627.1,39618184,35.7,96
n100k_d128_ip,100000,128,ip,adversarial,0.0050,0.0050,500,E_large48_acorn1,large,ACORN,48,1,96,100,10,0.2480,2144.5,464.17,510.54,546.38,557.17,466.31,303,303,3545,123090,126637,19493,107144,0,10,9627.1,39618184,35.7,96
n100k_d128_ip,100000,128,ip,adversarial,0.0050,0.0050,500,C_acorn_g4,acorn,ACORN,16,4,16,100,10,0.0000,310963.6,3.21,3.42,3.54,3.58,3.22,1,1,182,536,719,0,719,0,0,12336.4,18532104,24.5,40
n100k_d128_ip,100000,128,ip,adversarial,0.0050,0.0050,500,C_acorn_g8,acorn,ACORN,16,8,16,100,10,0.0000,317672.1,3.29,3.46,3.50,3.62,3.15,1,1,311,588,900,0,900,0,0,19233.8,20264200,24.6,40
n100k_d128_ip,100000,128,ip,adversarial,0.0050,0.0050,500,C_acorn_g16,acorn,ACORN,16,16,16,100,10,0.0000,305498.4,3.25,3.33,3.42,3.42,3.27,1,1,570,606,1177,0,1177,0,0,39363.7,23728392,24.6,40
n100k_d128_ip,100000,128,ip,adversarial,0.0050,0.0050,500,C_acorn_g32,acorn,ACORN,16,32,16,100,10,0.0000,327197.3,3.04,3.12,3.17,3.21,3.06,1,1,911,236,1148,0,1148,0,0,99104.9,30656776,24.6,40
n100k_d128_ip,100000,128,ip,adversarial,0.0050,0.0050,500,A_std_standard,std,STANDARD,16,1,32,250,10,0.0730,4125.0,245.96,265.33,276.54,338.04,242.42,1920,1920,1920,0,1920,0,0,258,0,11836.8,14033032,24.5,32
n100k_d128_ip,100000,128,ip,adversarial,0.0050,0.0050,500,B_std_acorn1,std,ACORN,16,1,32,250,10,0.0000,206435.8,4.88,5.08,5.12,5.25,4.84,1,1,36,625,662,0,662,0,0,11836.8,14033032,24.5,32
n100k_d128_ip,100000,128,ip,adversarial,0.0050,0.0050,500,D_large24_standard,large,STANDARD,24,1,48,250,10,0.0730,4042.9,248.54,271.83,279.83,300.62,247.35,1994,1994,1994,0,1994,0,0,257,0,10422.4,20424136,30.4,48
n100k_d128_ip,100000,128,ip,adversarial,0.0050,0.0050,500,E_large24_acorn1,large,ACORN,24,1,48,250,10,0.2750,15811.6,62.29,65.62,71.75,125.62,63.24,24,19,688,21252,21941,783,21157,0,10,10422.4,20424136,30.4,48
n100k_d128_ip,100000,128,ip,adversarial,0.0050,0.0050,500,D_large48_standard,large,STANDARD,48,1,96,250,10,0.0730,3959.5,256.54,275.38,277.88,288.75,252.56,2102,2102,2102,0,2102,0,0,255,0,9627.1,39618184,35.7,96
n100k_d128_ip,100000,128,ip,adversarial,0.0050,0.0050,500,E_large48_acorn1,large,ACORN,48,1,96,250,10,0.2480,871.8,1141.83,1211.29,1223.96,1255.12,1147.10,303,303,8814,302668,311483,49391,262092,0,10,9627.1,39618184,35.7,96
n100k_d128_ip,100000,128,ip,adversarial,0.0050,0.0050,500,C_acorn_g4,acorn,ACORN,16,4,16,250,10,0.0000,315498.2,3.17,3.33,3.42,3.50,3.17,1,1,182,536,719,0,719,0,0,12336.4,18532104,24.5,40
n100k_d128_ip,100000,128,ip,adversarial,0.0050,0.0050,500,C_acorn_g8,acorn,ACORN,16,8,16,250,10,0.0000,345225.2,2.83,3.38,3.42,3.42,2.90,1,1,311,588,900,0,900,0,0,19233.8,20264200,24.6,40
n100k_d128_ip,100000,128,ip,adversarial,0.0050,0.0050,500,C_acorn_g16,acorn,ACORN,16,16,16,250,10,0.0000,305810.4,3.25,3.38,3.42,3.42,3.27,1,1,570,606,1177,0,1177,0,0,39363.7,23728392,24.6,40
n100k_d128_ip,100000,128,ip,adversarial,0.0050,0.0050,500,C_acorn_g32,acorn,ACORN,16,32,16,250,10,0.0000,323932.8,3.08,3.25,3.33,3.54,3.09,1,1,911,236,1148,0,1148,0,0,99104.9,30656776,24.6,40
n100k_d128_ip,100000,128,ip,adversarial,0.0050,0.0050,500,A_std_standard,std,STANDARD,16,1,32,500,10,0.0730,2133.7,467.71,500.04,587.54,1011.42,468.67,2087,2087,2087,0,2087,0,0,513,0,11836.8,14033032,24.5,32
n100k_d128_ip,100000,128,ip,adversarial,0.0050,0.0050,500,B_std_acorn1,std,ACORN,16,1,32,500,10,0.0000,297473.0,3.33,3.71,3.88,4.17,3.36,1,1,36,625,662,0,662,0,0,11836.8,14033032,24.5,32
n100k_d128_ip,100000,128,ip,adversarial,0.0050,0.0050,500,D_large24_standard,large,STANDARD,24,1,48,500,10,0.0740,2127.2,474.17,501.62,505.62,525.21,470.09,2074,2074,2074,0,2074,0,0,507,0,10422.4,20424136,30.4,48
n100k_d128_ip,100000,128,ip,adversarial,0.0050,0.0050,500,E_large24_acorn1,large,ACORN,24,1,48,500,10,0.2750,15842.0,62.50,63.21,78.58,104.92,63.12,24,19,688,21252,21941,783,21157,0,10,10422.4,20424136,30.4,48
n100k_d128_ip,100000,128,ip,adversarial,0.0050,0.0050,500,D_large48_standard,large,STANDARD,48,1,96,500,10,0.0740,2087.4,482.79,510.96,514.83,518.88,479.07,2169,2169,2169,0,2169,0,0,505,0,9627.1,39618184,35.7,96
n100k_d128_ip,100000,128,ip,adversarial,0.0050,0.0050,500,E_large48_acorn1,large,ACORN,48,1,96,500,10,0.2480,726.8,1365.38,1453.38,1483.08,1586.75,1375.88,303,303,10500,358526,369028,58784,310243,0,10,9627.1,39618184,35.7,96
n100k_d128_ip,100000,128,ip,adversarial,0.0050,0.0050,500,C_acorn_g4,acorn,ACORN,16,4,16,500,10,0.0000,314425.9,3.17,3.42,3.50,3.54,3.18,1,1,182,536,719,0,719,0,0,12336.4,18532104,24.5,40
n100k_d128_ip,100000,128,ip,adversarial,0.0050,0.0050,500,C_acorn_g8,acorn,ACORN,16,8,16,500,10,0.0000,310313.3,3.33,3.42,3.42,3.42,3.22,1,1,311,588,900,0,900,0,0,19233.8,20264200,24.6,40
n100k_d128_ip,100000,128,ip,adversarial,0.0050,0.0050,500,C_acorn_g16,acorn,ACORN,16,16,16,500,10,0.0000,303491.1,3.29,3.38,3.42,3.46,3.29,1,1,570,606,1177,0,1177,0,0,39363.7,23728392,24.6,40
n100k_d128_ip,100000,128,ip,adversarial,0.0050,0.0050,500,C_acorn_g32,acorn,ACORN,16,32,16,500,10,0.0000,321109.8,3.12,3.17,3.21,3.42,3.11,1,1,911,236,1148,0,1148,0,0,99104.9,30656776,24.6,40
n100k_d128_ip,100000,128,ip,adversarial,0.0010,0.0010,100,F_exact,exact,EXACT,16,0,0,0,10,1.0000,9054.5,109.96,111.21,126.08,131.62,110.44,100,0,0,0,100000,0,0,0,10,0.0,0,0.0,0
n100k_d128_ip,100000,128,ip,adversarial,0.0010,0.0010,100,A_std_standard,std,STANDARD,16,1,32,50,10,0.0360,14501.3,69.79,76.92,83.46,129.00,68.96,1037,1037,1037,0,1037,0,0,59,0,11836.8,14033032,24.5,32
n100k_d128_ip,100000,128,ip,adversarial,0.0010,0.0010,100,B_std_acorn1,std,ACORN,16,1,32,50,10,0.0000,388102.3,2.54,2.71,2.88,3.29,2.58,1,1,36,625,662,0,662,0,0,11836.8,14033032,24.5,32
n100k_d128_ip,100000,128,ip,adversarial,0.0010,0.0010,100,D_large24_standard,large,STANDARD,24,1,48,50,10,0.0420,12766.5,79.75,86.67,91.88,93.58,78.33,1209,1209,1209,0,1209,0,0,57,0,10422.4,20424136,30.4,48
n100k_d128_ip,100000,128,ip,adversarial,0.0010,0.0010,100,E_large24_acorn1,large,ACORN,24,1,48,50,10,0.0000,257650.9,3.67,5.88,5.96,5.96,3.88,1,1,68,1282,1351,0,1351,0,0,10422.4,20424136,30.4,48
n100k_d128_ip,100000,128,ip,adversarial,0.0010,0.0010,100,D_large48_standard,large,STANDARD,48,1,96,50,10,0.0410,11568.8,87.96,96.54,102.67,111.46,86.44,1433,1433,1433,0,1433,0,0,56,0,9627.1,39618184,35.7,96
n100k_d128_ip,100000,128,ip,adversarial,0.0010,0.0010,100,E_large48_acorn1,large,ACORN,48,1,96,50,10,0.0000,96910.5,10.29,10.50,10.62,10.88,10.32,1,1,115,5264,5380,0,5380,0,0,9627.1,39618184,35.7,96
n100k_d128_ip,100000,128,ip,adversarial,0.0010,0.0010,100,C_acorn_g4,acorn,ACORN,16,4,16,50,10,0.0000,379932.0,2.62,2.71,2.83,3.04,2.63,1,1,182,536,719,0,719,0,0,12336.4,18532104,24.5,40
n100k_d128_ip,100000,128,ip,adversarial,0.0010,0.0010,100,C_acorn_g8,acorn,ACORN,16,8,16,50,10,0.0000,337834.4,2.83,2.96,7.75,9.08,2.96,1,1,311,588,900,0,900,0,0,19233.8,20264200,24.6,40
n100k_d128_ip,100000,128,ip,adversarial,0.0010,0.0010,100,C_acorn_g16,acorn,ACORN,16,16,16,50,10,0.0000,287874.2,3.33,3.46,3.54,16.12,3.47,1,1,570,606,1177,0,1177,0,0,39363.7,23728392,24.6,40
n100k_d128_ip,100000,128,ip,adversarial,0.0010,0.0010,100,C_acorn_g32,acorn,ACORN,16,32,16,50,10,0.0000,313518.0,3.08,3.21,3.25,14.29,3.19,1,1,911,236,1148,0,1148,0,0,99104.9,30656776,24.6,40
n100k_d128_ip,100000,128,ip,adversarial,0.0010,0.0010,100,A_std_standard,std,STANDARD,16,1,32,100,10,0.0460,8484.3,118.79,132.12,157.92,189.62,117.87,1461,1461,1461,0,1461,0,0,108,0,11836.8,14033032,24.5,32
n100k_d128_ip,100000,128,ip,adversarial,0.0010,0.0010,100,B_std_acorn1,std,ACORN,16,1,32,100,10,0.0000,321628.2,3.08,3.29,3.38,3.83,3.11,1,1,36,625,662,0,662,0,0,11836.8,14033032,24.5,32
n100k_d128_ip,100000,128,ip,adversarial,0.0010,0.0010,100,D_large24_standard,large,STANDARD,24,1,48,100,10,0.0490,7862.4,130.71,140.92,144.96,145.21,127.19,1631,1631,1631,0,1631,0,0,107,0,10422.4,20424136,30.4,48
n100k_d128_ip,100000,128,ip,adversarial,0.0010,0.0010,100,E_large24_acorn1,large,ACORN,24,1,48,100,10,0.0000,241396.0,4.12,4.38,4.71,5.04,4.14,1,1,68,1282,1351,0,1351,0,0,10422.4,20424136,30.4,48
n100k_d128_ip,100000,128,ip,adversarial,0.0010,0.0010,100,D_large48_standard,large,STANDARD,48,1,96,100,10,0.0460,7434.0,137.29,148.75,152.54,167.79,134.52,1814,1814,1814,0,1814,0,0,106,0,9627.1,39618184,35.7,96
n100k_d128_ip,100000,128,ip,adversarial,0.0010,0.0010,100,E_large48_acorn1,large,ACORN,48,1,96,100,10,0.0000,98267.8,10.17,10.38,10.42,10.50,10.18,1,1,115,5264,5380,0,5380,0,0,9627.1,39618184,35.7,96
n100k_d128_ip,100000,128,ip,adversarial,0.0010,0.0010,100,C_acorn_g4,acorn,ACORN,16,4,16,100,10,0.0000,419433.2,2.38,2.46,2.54,2.71,2.38,1,1,182,536,719,0,719,0,0,12336.4,18532104,24.5,40
n100k_d128_ip,100000,128,ip,adversarial,0.0010,0.0010,100,C_acorn_g8,acorn,ACORN,16,8,16,100,10,0.0000,383453.2,2.58,2.67,2.75,2.88,2.61,1,1,311,588,900,0,900,0,0,19233.8,20264200,24.6,40
n100k_d128_ip,100000,128,ip,adversarial,0.0010,0.0010,100,C_acorn_g16,acorn,ACORN,16,16,16,100,10,0.0000,323625.6,3.04,3.17,3.38,6.25,3.09,1,1,570,606,1177,0,1177,0,0,39363.7,23728392,24.6,40
n100k_d128_ip,100000,128,ip,adversarial,0.0010,0.0010,100,C_acorn_g32,acorn,ACORN,16,32,16,100,10,0.0000,358687.8,2.79,2.92,2.92,2.96,2.79,1,1,911,236,1148,0,1148,0,0,99104.9,30656776,24.6,40
n100k_d128_ip,100000,128,ip,adversarial,0.0010,0.0010,100,A_std_standard,std,STANDARD,16,1,32,250,10,0.0520,4163.7,243.71,261.17,277.92,334.04,240.17,1920,1920,1920,0,1920,0,0,258,0,11836.8,14033032,24.5,32
n100k_d128_ip,100000,128,ip,adversarial,0.0010,0.0010,100,B_std_acorn1,std,ACORN,16,1,32,250,10,0.0000,321500.0,3.08,3.38,3.54,3.92,3.11,1,1,36,625,662,0,662,0,0,11836.8,14033032,24.5,32
n100k_d128_ip,100000,128,ip,adversarial,0.0010,0.0010,100,D_large24_standard,large,STANDARD,24,1,48,250,10,0.0530,4061.0,250.00,267.92,284.12,294.04,246.24,1994,1994,1994,0,1994,0,0,257,0,10422.4,20424136,30.4,48
n100k_d128_ip,100000,128,ip,adversarial,0.0010,0.0010,100,E_large24_acorn1,large,ACORN,24,1,48,250,10,0.0000,244497.0,4.04,4.29,4.62,5.08,4.09,1,1,68,1282,1351,0,1351,0,0,10422.4,20424136,30.4,48
n100k_d128_ip,100000,128,ip,adversarial,0.0010,0.0010,100,D_large48_standard,large,STANDARD,48,1,96,250,10,0.0530,3961.8,255.17,277.08,280.00,280.50,252.41,2102,2102,2102,0,2102,0,0,255,0,9627.1,39618184,35.7,96
n100k_d128_ip,100000,128,ip,adversarial,0.0010,0.0010,100,E_large48_acorn1,large,ACORN,48,1,96,250,10,0.0000,90002.3,10.29,19.75,19.79,19.83,11.11,1,1,115,5264,5380,0,5380,0,0,9627.1,39618184,35.7,96
n100k_d128_ip,100000,128,ip,adversarial,0.0010,0.0010,100,C_acorn_g4,acorn,ACORN,16,4,16,250,10,0.0000,377595.0,2.50,2.62,2.88,17.08,2.65,1,1,182,536,719,0,719,0,0,12336.4,18532104,24.5,40
n100k_d128_ip,100000,128,ip,adversarial,0.0010,0.0010,100,C_acorn_g8,acorn,ACORN,16,8,16,250,10,0.0000,349290.1,2.75,2.92,3.00,11.58,2.86,1,1,311,588,900,0,900,0,0,19233.8,20264200,24.6,40
n100k_d128_ip,100000,128,ip,adversarial,0.0010,0.0010,100,C_acorn_g16,acorn,ACORN,16,16,16,250,10,0.0000,305966.7,3.25,3.38,3.42,3.54,3.27,1,1,570,606,1177,0,1177,0,0,39363.7,23728392,24.6,40
n100k_d128_ip,100000,128,ip,adversarial,0.0010,0.0010,100,C_acorn_g32,acorn,ACORN,16,32,16,250,10,0.0000,325419.1,3.08,3.17,3.21,3.29,3.07,1,1,911,236,1148,0,1148,0,0,99104.9,30656776,24.6,40
n100k_d128_ip,100000,128,ip,adversarial,0.0010,0.0010,100,A_std_standard,std,STANDARD,16,1,32,500,10,0.0530,2145.4,465.50,495.75,581.33,1020.50,466.11,2087,2087,2087,0,2087,0,0,513,0,11836.8,14033032,24.5,32
n100k_d128_ip,100000,128,ip,adversarial,0.0010,0.0010,100,B_std_acorn1,std,ACORN,16,1,32,500,10,0.0000,287014.9,3.46,3.79,3.96,4.17,3.48,1,1,36,625,662,0,662,0,0,11836.8,14033032,24.5,32
n100k_d128_ip,100000,128,ip,adversarial,0.0010,0.0010,100,D_large24_standard,large,STANDARD,24,1,48,500,10,0.0540,2129.4,474.33,496.33,506.08,508.29,469.61,2074,2074,2074,0,2074,0,0,507,0,10422.4,20424136,30.4,48
n100k_d128_ip,100000,128,ip,adversarial,0.0010,0.0010,100,E_large24_acorn1,large,ACORN,24,1,48,500,10,0.0000,207235.8,4.08,6.62,6.79,6.83,4.83,1,1,68,1282,1351,0,1351,0,0,10422.4,20424136,30.4,48
n100k_d128_ip,100000,128,ip,adversarial,0.0010,0.0010,100,D_large48_standard,large,STANDARD,48,1,96,500,10,0.0540,2085.4,481.83,509.67,516.62,519.00,479.51,2169,2169,2169,0,2169,0,0,505,0,9627.1,39618184,35.7,96
n100k_d128_ip,100000,128,ip,adversarial,0.0010,0.0010,100,E_large48_acorn1,large,ACORN,48,1,96,500,10,0.0000,96242.0,10.29,10.54,10.96,16.71,10.39,1,1,115,5264,5380,0,5380,0,0,9627.1,39618184,35.7,96
n100k_d128_ip,100000,128,ip,adversarial,0.0010,0.0010,100,C_acorn_g4,acorn,ACORN,16,4,16,500,10,0.0000,396956.1,2.50,2.62,2.67,2.92,2.52,1,1,182,536,719,0,719,0,0,12336.4,18532104,24.5,40
n100k_d128_ip,100000,128,ip,adversarial,0.0010,0.0010,100,C_acorn_g8,acorn,ACORN,16,8,16,500,10,0.0000,358847.4,2.79,2.83,2.92,2.96,2.79,1,1,311,588,900,0,900,0,0,19233.8,20264200,24.6,40
n100k_d128_ip,100000,128,ip,adversarial,0.0010,0.0010,100,C_acorn_g16,acorn,ACORN,16,16,16,500,10,0.0000,297396.9,3.25,3.38,3.50,11.33,3.36,1,1,570,606,1177,0,1177,0,0,39363.7,23728392,24.6,40
n100k_d128_ip,100000,128,ip,adversarial,0.0010,0.0010,100,C_acorn_g32,acorn,ACORN,16,32,16,500,10,0.0000,321151.0,3.08,3.21,3.29,3.38,3.11,1,1,911,236,1148,0,1148,0,0,99104.9,30656776,24.6,40
n100k_d128_ip,100000,128,ip,multicluster,0.5000,0.3519,35189,F_exact,exact,EXACT,16,0,0,0,10,1.0000,314.5,3177.33,3258.62,3292.17,3306.92,3179.53,35189,0,0,0,100000,0,0,0,10,0.0,0,0.0,0
n100k_d128_ip,100000,128,ip,multicluster,0.5000,0.3519,35189,A_std_standard,std,STANDARD,16,1,32,50,10,0.5840,14216.7,71.50,83.42,90.25,123.88,70.34,1037,1037,1037,0,1037,0,0,59,6,11836.8,14033032,24.5,32
n100k_d128_ip,100000,128,ip,multicluster,0.5000,0.3519,35189,B_std_acorn1,std,ACORN,16,1,32,50,10,0.6470,7632.0,118.17,240.71,254.29,264.54,131.03,1055,944,613,6852,7467,2856,4610,0,10,11836.8,14033032,24.5,32
n100k_d128_ip,100000,128,ip,multicluster,0.5000,0.3519,35189,D_large24_standard,large,STANDARD,24,1,48,50,10,0.6290,12372.8,81.54,91.12,95.58,97.25,80.82,1209,1209,1209,0,1209,0,0,57,6,10422.4,20424136,30.4,48
n100k_d128_ip,100000,128,ip,multicluster,0.5000,0.3519,35189,E_large24_acorn1,large,ACORN,24,1,48,50,10,0.8190,5759.9,137.54,328.75,343.75,343.83,173.61,1217,1072,809,11941,12752,4358,8393,0,10,10422.4,20424136,30.4,48
n100k_d128_ip,100000,128,ip,multicluster,0.5000,0.3519,35189,D_large48_standard,large,STANDARD,48,1,96,50,10,0.6470,11156.6,91.00,101.17,105.58,114.29,89.63,1433,1433,1433,0,1433,0,0,56,7,9627.1,39618184,35.7,96
n100k_d128_ip,100000,128,ip,multicluster,0.5000,0.3519,35189,E_large48_acorn1,large,ACORN,48,1,96,50,10,0.8510,4020.1,191.21,457.25,487.38,513.88,248.75,1692,1469,1308,21152,22461,8368,14093,0,10,9627.1,39618184,35.7,96
n100k_d128_ip,100000,128,ip,multicluster,0.5000,0.3519,35189,C_acorn_g4,acorn,ACORN,16,4,16,50,10,0.5630,11422.0,86.71,122.46,156.00,175.29,87.55,759,683,1220,2040,3261,1762,1499,0,10,12336.4,18532104,24.5,40
n100k_d128_ip,100000,128,ip,multicluster,0.5000,0.3519,35189,C_acorn_g8,acorn,ACORN,16,8,16,50,10,0.5480,11609.6,83.92,126.96,139.62,147.79,86.14,786,708,1230,1884,3116,1780,1335,0,10,19233.8,20264200,24.6,40
n100k_d128_ip,100000,128,ip,multicluster,0.5000,0.3519,35189,C_acorn_g16,acorn,ACORN,16,16,16,50,10,0.5470,11473.0,84.33,124.79,155.96,156.96,87.16,792,716,1246,1930,3177,1792,1385,0,10,39363.7,23728392,24.6,40
n100k_d128_ip,100000,128,ip,multicluster,0.5000,0.3519,35189,C_acorn_g32,acorn,ACORN,16,32,16,50,10,0.4900,11172.1,85.71,131.46,172.58,207.25,89.51,800,729,1287,2050,3338,1806,1531,0,10,99104.9,30656776,24.6,40
n100k_d128_ip,100000,128,ip,multicluster,0.5000,0.3519,35189,A_std_standard,std,STANDARD,16,1,32,100,10,0.6440,8351.9,121.00,134.88,141.29,194.12,119.73,1461,1461,1461,0,1461,0,0,108,6,11836.8,14033032,24.5,32
n100k_d128_ip,100000,128,ip,multicluster,0.5000,0.3519,35189,B_std_acorn1,std,ACORN,16,1,32,100,10,0.7540,4112.8,213.96,423.58,450.08,463.17,243.15,1339,1228,1485,16355,17842,6605,11236,0,10,11836.8,14033032,24.5,32
n100k_d128_ip,100000,128,ip,multicluster,0.5000,0.3519,35189,D_large24_standard,large,STANDARD,24,1,48,100,10,0.6680,7777.4,131.00,142.25,145.67,145.75,128.58,1631,1631,1631,0,1631,0,0,107,6,10422.4,20424136,30.4,48
n100k_d128_ip,100000,128,ip,multicluster,0.5000,0.3519,35189,E_large24_acorn1,large,ACORN,24,1,48,100,10,0.8980,3294.2,226.71,555.71,583.88,602.00,303.56,1479,1334,2037,26512,28551,9997,18554,0,10,10422.4,20424136,30.4,48
n100k_d128_ip,100000,128,ip,multicluster,0.5000,0.3519,35189,D_large48_standard,large,STANDARD,48,1,96,100,10,0.6680,7197.4,139.83,159.50,181.79,183.25,138.94,1814,1814,1814,0,1814,0,0,106,7,9627.1,39618184,35.7,96
n100k_d128_ip,100000,128,ip,multicluster,0.5000,0.3519,35189,E_large48_acorn1,large,ACORN,48,1,96,100,10,0.9040,2378.5,299.42,771.00,803.62,894.83,420.43,1922,1699,3183,44080,47264,17401,29862,0,10,9627.1,39618184,35.7,96
n100k_d128_ip,100000,128,ip,multicluster,0.5000,0.3519,35189,C_acorn_g4,acorn,ACORN,16,4,16,100,10,0.6220,6675.1,146.50,217.38,251.04,260.96,149.81,1013,938,2309,4246,6556,3474,3081,0,10,12336.4,18532104,24.5,40
n100k_d128_ip,100000,128,ip,multicluster,0.5000,0.3519,35189,C_acorn_g8,acorn,ACORN,16,8,16,100,10,0.6340,6505.6,148.25,222.29,291.33,345.17,153.71,1073,996,2348,4117,6467,3549,2917,0,10,19233.8,20264200,24.6,40
n100k_d128_ip,100000,128,ip,multicluster,0.5000,0.3519,35189,C_acorn_g16,acorn,ACORN,16,16,16,100,10,0.6060,6613.9,149.17,223.62,253.75,276.21,151.20,1083,1007,2357,4044,6403,3581,2822,0,10,39363.7,23728392,24.6,40
n100k_d128_ip,100000,128,ip,multicluster,0.5000,0.3519,35189,C_acorn_g32,acorn,ACORN,16,32,16,100,10,0.6040,6090.7,154.62,261.54,356.79,358.33,164.18,1119,1047,2480,4609,7091,3699,3391,0,10,99104.9,30656776,24.6,40
n100k_d128_ip,100000,128,ip,multicluster,0.5000,0.3519,35189,A_std_standard,std,STANDARD,16,1,32,250,10,0.6680,4102.6,246.04,266.29,301.92,350.38,243.75,1920,1920,1920,0,1920,0,0,258,6,11836.8,14033032,24.5,32
n100k_d128_ip,100000,128,ip,multicluster,0.5000,0.3519,35189,B_std_acorn1,std,ACORN,16,1,32,250,10,0.8300,1900.5,429.62,855.21,1009.71,1039.04,526.18,1564,1453,5033,47261,52296,19070,33225,0,10,11836.8,14033032,24.5,32
n100k_d128_ip,100000,128,ip,multicluster,0.5000,0.3519,35189,D_large24_standard,large,STANDARD,24,1,48,250,10,0.6820,4003.1,251.83,276.88,283.29,304.79,249.81,1994,1994,1994,0,1994,0,0,257,7,10422.4,20424136,30.4,48
n100k_d128_ip,100000,128,ip,multicluster,0.5000,0.3519,35189,E_large24_acorn1,large,ACORN,24,1,48,250,10,0.9460,1548.0,437.54,1148.21,1205.25,1327.54,645.98,1714,1570,6621,69131,75753,27717,48036,0,10,10422.4,20424136,30.4,48
n100k_d128_ip,100000,128,ip,multicluster,0.5000,0.3519,35189,D_large48_standard,large,STANDARD,48,1,96,250,10,0.6820,3876.2,259.96,281.50,284.46,295.33,257.99,2102,2102,2102,0,2102,0,0,255,8,9627.1,39618184,35.7,96
n100k_d128_ip,100000,128,ip,multicluster,0.5000,0.3519,35189,E_large48_acorn1,large,ACORN,48,1,96,250,10,0.9510,1133.2,597.17,1639.75,1838.83,1885.42,882.49,2146,1923,8924,110583,119508,43622,75886,0,10,9627.1,39618184,35.7,96
n100k_d128_ip,100000,128,ip,multicluster,0.5000,0.3519,35189,C_acorn_g4,acorn,ACORN,16,4,16,250,10,0.6920,3080.8,299.54,452.33,494.67,721.38,324.59,1388,1312,5728,11281,17010,9030,7980,0,10,12336.4,18532104,24.5,40
n100k_d128_ip,100000,128,ip,multicluster,0.5000,0.3519,35189,C_acorn_g8,acorn,ACORN,16,8,16,250,10,0.6940,3014.9,314.62,473.38,501.12,546.04,331.68,1458,1381,5757,10712,16470,9153,7317,0,10,19233.8,20264200,24.6,40
n100k_d128_ip,100000,128,ip,multicluster,0.5000,0.3519,35189,C_acorn_g16,acorn,ACORN,16,16,16,250,10,0.6800,3059.2,316.33,473.67,494.33,504.71,326.88,1514,1438,5774,11079,16854,9168,7686,0,10,39363.7,23728392,24.6,40
n100k_d128_ip,100000,128,ip,multicluster,0.5000,0.3519,35189,C_acorn_g32,acorn,ACORN,16,32,16,250,10,0.6670,2805.0,333.92,576.54,649.46,661.42,356.50,1518,1446,6069,13078,19149,9606,9542,0,10,99104.9,30656776,24.6,40
n100k_d128_ip,100000,128,ip,multicluster,0.5000,0.3519,35189,A_std_standard,std,STANDARD,16,1,32,500,10,0.6800,2128.8,465.71,502.33,599.62,1025.62,469.76,2087,2087,2087,0,2087,0,0,513,7,11836.8,14033032,24.5,32
n100k_d128_ip,100000,128,ip,multicluster,0.5000,0.3519,35189,B_std_acorn1,std,ACORN,16,1,32,500,10,0.8770,977.4,779.42,1661.04,2645.79,2861.42,1023.16,2106,1996,11562,86386,97949,38938,59011,0,10,11836.8,14033032,24.5,32
n100k_d128_ip,100000,128,ip,multicluster,0.5000,0.3519,35189,D_large24_standard,large,STANDARD,24,1,48,500,10,0.6840,2123.8,474.29,498.71,514.83,540.92,470.86,2074,2074,2074,0,2074,0,0,507,7,10422.4,20424136,30.4,48
n100k_d128_ip,100000,128,ip,multicluster,0.5000,0.3519,35189,E_large24_acorn1,large,ACORN,24,1,48,500,10,0.9610,828.6,883.54,2112.12,2223.12,2261.58,1206.89,2088,1944,14401,127425,141827,55725,86102,0,10,10422.4,20424136,30.4,48
n100k_d128_ip,100000,128,ip,multicluster,0.5000,0.3519,35189,D_large48_standard,large,STANDARD,48,1,96,500,10,0.6860,2085.8,482.17,500.12,518.17,518.17,479.44,2169,2169,2169,0,2169,0,0,505,9,9627.1,39618184,35.7,96
n100k_d128_ip,100000,128,ip,multicluster,0.5000,0.3519,35189,E_large48_acorn1,large,ACORN,48,1,96,500,10,0.9630,633.7,1094.33,2989.21,3119.00,3204.12,1577.93,2638,2415,17945,194609,212555,82120,130435,0,10,9627.1,39618184,35.7,96
n100k_d128_ip,100000,128,ip,multicluster,0.5000,0.3519,35189,C_acorn_g4,acorn,ACORN,16,4,16,500,10,0.7150,1609.5,580.92,859.29,1015.04,1278.79,621.30,1661,1585,11653,20931,32586,18129,14456,0,10,12336.4,18532104,24.5,40
n100k_d128_ip,100000,128,ip,multicluster,0.5000,0.3519,35189,C_acorn_g8,acorn,ACORN,16,8,16,500,10,0.6990,1614.5,576.67,864.08,929.54,947.08,619.38,1708,1630,11577,19608,31187,18162,13024,0,10,19233.8,20264200,24.6,40
n100k_d128_ip,100000,128,ip,multicluster,0.5000,0.3519,35189,C_acorn_g16,acorn,ACORN,16,16,16,500,10,0.6930,1548.5,594.33,902.83,1032.58,1110.08,645.78,1872,1796,11828,20597,32426,18622,13804,0,10,39363.7,23728392,24.6,40
n100k_d128_ip,100000,128,ip,multicluster,0.5000,0.3519,35189,C_acorn_g32,acorn,ACORN,16,32,16,500,10,0.6930,1418.9,681.96,1030.62,1360.54,1593.00,704.77,1964,1893,12319,24558,36878,19408,17469,0,10,99104.9,30656776,24.6,40
n100k_d128_ip,100000,128,ip,multicluster,0.5000,0.3519,35189,F_exact,exact,EXACT,16,0,0,0,100,1.0000,313.8,3188.83,3247.54,3286.83,3295.33,3187.17,35189,0,0,0,100000,0,0,0,100,0.0,0,0.0,0
n100k_d128_ip,100000,128,ip,multicluster,0.5000,0.3519,35189,A_std_standard,std,STANDARD,16,1,32,50,100,0.5032,11405.9,88.83,96.46,104.33,169.88,87.67,1038,1038,1038,0,1038,0,0,59,63,11836.8,14033032,24.5,32
n100k_d128_ip,100000,128,ip,multicluster,0.5000,0.3519,35189,B_std_acorn1,std,ACORN,16,1,32,50,100,0.6398,6557.5,136.92,268.17,289.58,296.79,152.50,1055,944,613,6852,7467,2856,4610,0,100,11836.8,14033032,24.5,32
n100k_d128_ip,100000,128,ip,multicluster,0.5000,0.3519,35189,D_large24_standard,large,STANDARD,24,1,48,50,100,0.5501,10042.8,100.79,112.75,123.21,139.58,99.57,1209,1209,1209,0,1209,0,0,57,64,10422.4,20424136,30.4,48
n100k_d128_ip,100000,128,ip,multicluster,0.5000,0.3519,35189,E_large24_acorn1,large,ACORN,24,1,48,50,100,0.7836,5088.9,161.25,339.79,366.92,385.21,196.51,1217,1072,810,11941,12752,4359,8393,0,100,10422.4,20424136,30.4,48
n100k_d128_ip,100000,128,ip,multicluster,0.5000,0.3519,35189,D_large48_standard,large,STANDARD,48,1,96,50,100,0.5798,9328.3,109.21,120.88,125.21,126.83,107.20,1433,1433,1433,0,1433,0,0,56,64,9627.1,39618184,35.7,96
n100k_d128_ip,100000,128,ip,multicluster,0.5000,0.3519,35189,E_large48_acorn1,large,ACORN,48,1,96,50,100,0.8502,3636.3,220.58,465.33,509.46,532.25,275.00,1692,1469,1308,21152,22462,8368,14093,0,100,9627.1,39618184,35.7,96
n100k_d128_ip,100000,128,ip,multicluster,0.5000,0.3519,35189,C_acorn_g4,acorn,ACORN,16,4,16,50,100,0.5322,9409.6,104.42,135.58,154.50,188.96,106.27,759,683,1220,2040,3261,1762,1499,0,99,12336.4,18532104,24.5,40
n100k_d128_ip,100000,128,ip,multicluster,0.5000,0.3519,35189,C_acorn_g8,acorn,ACORN,16,8,16,50,100,0.5292,9576.2,102.12,141.92,161.29,170.08,104.43,786,708,1230,1884,3116,1780,1335,0,99,19233.8,20264200,24.6,40
n100k_d128_ip,100000,128,ip,multicluster,0.5000,0.3519,35189,C_acorn_g16,acorn,ACORN,16,16,16,50,100,0.5076,9509.2,101.50,139.88,162.38,193.67,105.16,792,716,1246,1930,3177,1792,1385,0,100,39363.7,23728392,24.6,40
n100k_d128_ip,100000,128,ip,multicluster,0.5000,0.3519,35189,C_acorn_g32,acorn,ACORN,16,32,16,50,100,0.4531,9247.2,102.42,164.38,211.75,230.67,108.14,800,729,1287,2050,3338,1806,1531,0,100,99104.9,30656776,24.6,40
n100k_d128_ip,100000,128,ip,multicluster,0.5000,0.3519,35189,A_std_standard,std,STANDARD,16,1,32,100,100,0.5926,7732.3,130.29,148.08,164.62,214.88,129.33,1461,1461,1461,0,1461,0,0,108,64,11836.8,14033032,24.5,32
n100k_d128_ip,100000,128,ip,multicluster,0.5000,0.3519,35189,B_std_acorn1,std,ACORN,16,1,32,100,100,0.7679,3978.5,219.17,425.08,459.04,467.88,251.35,1339,1228,1485,16355,17842,6605,11236,0,100,11836.8,14033032,24.5,32
n100k_d128_ip,100000,128,ip,multicluster,0.5000,0.3519,35189,D_large24_standard,large,STANDARD,24,1,48,100,100,0.6243,7236.0,140.96,152.46,159.67,160.79,138.20,1631,1631,1631,0,1631,0,0,107,64,10422.4,20424136,30.4,48
n100k_d128_ip,100000,128,ip,multicluster,0.5000,0.3519,35189,E_large24_acorn1,large,ACORN,24,1,48,100,100,0.8814,3163.5,228.92,561.38,597.54,615.92,316.10,1479,1334,2037,26512,28551,9997,18554,0,100,10422.4,20424136,30.4,48
n100k_d128_ip,100000,128,ip,multicluster,0.5000,0.3519,35189,D_large48_standard,large,STANDARD,48,1,96,100,100,0.6317,6878.2,145.96,163.00,169.00,172.83,145.39,1814,1814,1814,0,1814,0,0,106,65,9627.1,39618184,35.7,96
n100k_d128_ip,100000,128,ip,multicluster,0.5000,0.3519,35189,E_large48_acorn1,large,ACORN,48,1,96,100,100,0.9204,2297.1,315.29,783.67,804.75,933.62,435.34,1922,1699,3183,44080,47264,17401,29862,0,100,9627.1,39618184,35.7,96
n100k_d128_ip,100000,128,ip,multicluster,0.5000,0.3519,35189,C_acorn_g4,acorn,ACORN,16,4,16,100,100,0.6070,6307.3,154.33,221.25,260.67,265.92,158.55,1013,938,2309,4246,6556,3474,3081,0,100,12336.4,18532104,24.5,40
n100k_d128_ip,100000,128,ip,multicluster,0.5000,0.3519,35189,C_acorn_g8,acorn,ACORN,16,8,16,100,100,0.6309,6155.6,155.04,233.04,296.33,366.38,162.46,1073,996,2348,4117,6467,3549,2917,0,100,19233.8,20264200,24.6,40
n100k_d128_ip,100000,128,ip,multicluster,0.5000,0.3519,35189,C_acorn_g16,acorn,ACORN,16,16,16,100,100,0.5905,6226.0,159.71,231.42,257.21,308.83,160.62,1083,1007,2357,4044,6403,3581,2822,0,100,39363.7,23728392,24.6,40
n100k_d128_ip,100000,128,ip,multicluster,0.5000,0.3519,35189,C_acorn_g32,acorn,ACORN,16,32,16,100,100,0.5756,5779.9,164.29,260.79,373.54,397.04,173.01,1119,1047,2480,4609,7091,3699,3391,0,100,99104.9,30656776,24.6,40
n100k_d128_ip,100000,128,ip,multicluster,0.5000,0.3519,35189,A_std_standard,std,STANDARD,16,1,32,250,100,0.6302,3921.6,257.54,277.33,294.38,361.58,255.00,1920,1920,1920,0,1920,0,0,258,64,11836.8,14033032,24.5,32
n100k_d128_ip,100000,128,ip,multicluster,0.5000,0.3519,35189,B_std_acorn1,std,ACORN,16,1,32,250,100,0.8441,1832.6,451.04,887.33,993.12,1085.21,545.68,1564,1453,5033,47261,52296,19070,33225,0,100,11836.8,14033032,24.5,32
n100k_d128_ip,100000,128,ip,multicluster,0.5000,0.3519,35189,D_large24_standard,large,STANDARD,24,1,48,250,100,0.6447,3879.6,261.46,279.00,289.83,303.79,257.76,1994,1994,1994,0,1994,0,0,257,65,10422.4,20424136,30.4,48
n100k_d128_ip,100000,128,ip,multicluster,0.5000,0.3519,35189,E_large24_acorn1,large,ACORN,24,1,48,250,100,0.9370,1492.1,461.12,1195.71,1297.50,1367.08,670.22,1714,1570,6621,69131,75753,27717,48036,0,100,10422.4,20424136,30.4,48
n100k_d128_ip,100000,128,ip,multicluster,0.5000,0.3519,35189,D_large48_standard,large,STANDARD,48,1,96,250,100,0.6469,3753.4,267.50,295.75,311.38,316.88,266.42,2102,2102,2102,0,2102,0,0,255,66,9627.1,39618184,35.7,96
n100k_d128_ip,100000,128,ip,multicluster,0.5000,0.3519,35189,E_large48_acorn1,large,ACORN,48,1,96,250,100,0.9673,1108.4,613.04,1646.12,1904.92,1922.62,902.20,2146,1923,8924,110583,119508,43622,75886,0,100,9627.1,39618184,35.7,96
n100k_d128_ip,100000,128,ip,multicluster,0.5000,0.3519,35189,C_acorn_g4,acorn,ACORN,16,4,16,250,100,0.6864,2952.7,317.33,460.54,502.58,734.42,338.67,1388,1312,5728,11281,17010,9030,7980,0,100,12336.4,18532104,24.5,40
n100k_d128_ip,100000,128,ip,multicluster,0.5000,0.3519,35189,C_acorn_g8,acorn,ACORN,16,8,16,250,100,0.7100,2918.6,324.62,493.33,534.46,563.00,342.63,1458,1381,5757,10712,16470,9153,7317,0,100,19233.8,20264200,24.6,40
n100k_d128_ip,100000,128,ip,multicluster,0.5000,0.3519,35189,C_acorn_g16,acorn,ACORN,16,16,16,250,100,0.6812,2790.8,337.12,511.04,543.21,546.62,358.33,1514,1438,5774,11079,16854,9168,7686,0,100,39363.7,23728392,24.6,40
n100k_d128_ip,100000,128,ip,multicluster,0.5000,0.3519,35189,C_acorn_g32,acorn,ACORN,16,32,16,250,100,0.6618,2646.7,349.17,600.17,695.38,704.96,377.83,1518,1446,6069,13078,19149,9606,9542,0,100,99104.9,30656776,24.6,40
n100k_d128_ip,100000,128,ip,multicluster,0.5000,0.3519,35189,A_std_standard,std,STANDARD,16,1,32,500,100,0.6449,2080.2,480.38,505.12,653.88,1060.17,480.71,2087,2087,2087,0,2087,0,0,513,64,11836.8,14033032,24.5,32
n100k_d128_ip,100000,128,ip,multicluster,0.5000,0.3519,35189,B_std_acorn1,std,ACORN,16,1,32,500,100,0.8974,958.5,784.67,1712.42,2684.92,2958.38,1043.31,2106,1996,11562,86386,97949,38938,59011,0,100,11836.8,14033032,24.5,32
n100k_d128_ip,100000,128,ip,multicluster,0.5000,0.3519,35189,D_large24_standard,large,STANDARD,24,1,48,500,100,0.6470,2071.5,486.12,510.38,526.62,535.42,482.75,2074,2074,2074,0,2074,0,0,507,65,10422.4,20424136,30.4,48
n100k_d128_ip,100000,128,ip,multicluster,0.5000,0.3519,35189,E_large24_acorn1,large,ACORN,24,1,48,500,100,0.9553,816.6,894.88,2169.75,2204.50,2344.67,1224.57,2088,1944,14401,127425,141827,55725,86102,0,100,10422.4,20424136,30.4,48
n100k_d128_ip,100000,128,ip,multicluster,0.5000,0.3519,35189,D_large48_standard,large,STANDARD,48,1,96,500,100,0.6500,2030.5,494.54,525.29,535.79,538.08,492.49,2169,2169,2169,0,2169,0,0,505,68,9627.1,39618184,35.7,96
n100k_d128_ip,100000,128,ip,multicluster,0.5000,0.3519,35189,E_large48_acorn1,large,ACORN,48,1,96,500,100,0.9861,625.4,1100.38,3030.58,3150.08,3185.12,1599.03,2638,2415,17945,194609,212555,82120,130435,0,100,9627.1,39618184,35.7,96
n100k_d128_ip,100000,128,ip,multicluster,0.5000,0.3519,35189,C_acorn_g4,acorn,ACORN,16,4,16,500,100,0.7156,1550.9,601.96,893.83,1100.67,1340.92,644.77,1661,1585,11653,20931,32586,18129,14456,0,100,12336.4,18532104,24.5,40
n100k_d128_ip,100000,128,ip,multicluster,0.5000,0.3519,35189,C_acorn_g8,acorn,ACORN,16,8,16,500,100,0.7227,1564.7,594.79,901.04,930.75,933.96,639.12,1708,1630,11577,19608,31187,18162,13024,0,100,19233.8,20264200,24.6,40
n100k_d128_ip,100000,128,ip,multicluster,0.5000,0.3519,35189,C_acorn_g16,acorn,ACORN,16,16,16,500,100,0.7019,1514.2,613.67,915.25,1028.75,1106.33,660.43,1872,1796,11828,20597,32426,18622,13804,0,100,39363.7,23728392,24.6,40
n100k_d128_ip,100000,128,ip,multicluster,0.5000,0.3519,35189,C_acorn_g32,acorn,ACORN,16,32,16,500,100,0.6932,1389.3,708.54,1066.54,1400.12,1559.83,719.76,1964,1893,12319,24558,36878,19408,17469,0,100,99104.9,30656776,24.6,40
n100k_d128_ip,100000,128,ip,multicluster,0.2500,0.2117,21174,F_exact,exact,EXACT,16,0,0,0,10,1.0000,539.9,1849.46,1895.83,1925.04,1925.54,1852.22,21174,0,0,0,100000,0,0,0,10,0.0,0,0.0,0
n100k_d128_ip,100000,128,ip,multicluster,0.2500,0.2117,21174,A_std_standard,std,STANDARD,16,1,32,50,10,0.4280,14500.1,71.96,81.46,91.00,126.54,68.97,1037,1037,1037,0,1037,0,0,59,4,11836.8,14033032,24.5,32
n100k_d128_ip,100000,128,ip,multicluster,0.2500,0.2117,21174,B_std_acorn1,std,ACORN,16,1,32,50,10,0.5570,10036.2,86.79,205.67,276.46,303.38,99.64,1118,1002,499,5015,5515,2206,3309,0,10,11836.8,14033032,24.5,32
n100k_d128_ip,100000,128,ip,multicluster,0.2500,0.2117,21174,D_large24_standard,large,STANDARD,24,1,48,50,10,0.4580,12270.9,82.54,90.67,94.21,96.83,81.49,1209,1209,1209,0,1209,0,0,57,4,10422.4,20424136,30.4,48
n100k_d128_ip,100000,128,ip,multicluster,0.2500,0.2117,21174,E_large24_acorn1,large,ACORN,24,1,48,50,10,0.7280,7025.1,121.12,336.83,380.88,386.79,142.35,1240,1103,722,10907,11630,3234,8396,0,10,10422.4,20424136,30.4,48
n100k_d128_ip,100000,128,ip,multicluster,0.2500,0.2117,21174,D_large48_standard,large,STANDARD,48,1,96,50,10,0.4660,11189.0,91.17,101.21,103.17,104.62,89.37,1433,1433,1433,0,1433,0,0,56,5,9627.1,39618184,35.7,96
n100k_d128_ip,100000,128,ip,multicluster,0.2500,0.2117,21174,E_large48_acorn1,large,ACORN,48,1,96,50,10,0.7450,4937.6,175.08,394.83,451.83,495.62,202.53,1684,1444,1207,19184,20393,6723,13670,0,10,9627.1,39618184,35.7,96
n100k_d128_ip,100000,128,ip,multicluster,0.2500,0.2117,21174,C_acorn_g4,acorn,ACORN,16,4,16,50,10,0.4020,12989.6,75.92,109.33,132.96,136.62,76.98,867,789,1188,1299,2488,1829,659,0,10,12336.4,18532104,24.5,40
n100k_d128_ip,100000,128,ip,multicluster,0.2500,0.2117,21174,C_acorn_g8,acorn,ACORN,16,8,16,50,10,0.4570,13262.7,71.62,112.04,139.42,144.83,75.40,808,728,1222,1492,2715,1811,904,0,10,19233.8,20264200,24.6,40
n100k_d128_ip,100000,128,ip,multicluster,0.2500,0.2117,21174,C_acorn_g16,acorn,ACORN,16,16,16,50,10,0.4370,13025.4,72.96,112.42,140.29,148.83,76.77,866,786,1225,1428,2654,1850,804,0,10,39363.7,23728392,24.6,40
n100k_d128_ip,100000,128,ip,multicluster,0.2500,0.2117,21174,C_acorn_g32,acorn,ACORN,16,32,16,50,10,0.4620,12245.6,74.67,141.67,151.17,199.29,81.66,890,812,1292,1602,2895,1885,1009,0,10,99104.9,30656776,24.6,40
n100k_d128_ip,100000,128,ip,multicluster,0.2500,0.2117,21174,A_std_standard,std,STANDARD,16,1,32,100,10,0.4700,8361.4,120.50,133.62,154.17,193.62,119.60,1461,1461,1461,0,1461,0,0,108,5,11836.8,14033032,24.5,32
n100k_d128_ip,100000,128,ip,multicluster,0.2500,0.2117,21174,B_std_acorn1,std,ACORN,16,1,32,100,10,0.6780,5428.3,168.62,331.79,433.33,526.88,184.22,1495,1379,1234,10454,11689,4976,6713,0,10,11836.8,14033032,24.5,32
n100k_d128_ip,100000,128,ip,multicluster,0.2500,0.2117,21174,D_large24_standard,large,STANDARD,24,1,48,100,10,0.4820,7718.0,131.88,144.50,151.58,170.67,129.57,1631,1631,1631,0,1631,0,0,107,5,10422.4,20424136,30.4,48
n100k_d128_ip,100000,128,ip,multicluster,0.2500,0.2117,21174,E_large24_acorn1,large,ACORN,24,1,48,100,10,0.8110,4237.4,193.08,500.38,552.04,597.29,235.99,1627,1490,1791,19677,21470,7670,13799,0,10,10422.4,20424136,30.4,48
n100k_d128_ip,100000,128,ip,multicluster,0.2500,0.2117,21174,D_large48_standard,large,STANDARD,48,1,96,100,10,0.4910,7320.1,137.46,155.50,169.08,169.12,136.61,1814,1814,1814,0,1814,0,0,106,5,9627.1,39618184,35.7,96
n100k_d128_ip,100000,128,ip,multicluster,0.2500,0.2117,21174,E_large48_acorn1,large,ACORN,48,1,96,100,10,0.8080,2964.7,255.04,671.25,776.88,953.12,337.31,1998,1758,2885,35122,38008,14476,23532,0,10,9627.1,39618184,35.7,96
n100k_d128_ip,100000,128,ip,multicluster,0.2500,0.2117,21174,C_acorn_g4,acorn,ACORN,16,4,16,100,10,0.4660,7624.7,126.33,182.88,227.29,228.54,131.15,1173,1096,2235,2617,4853,3548,1304,0,10,12336.4,18532104,24.5,40
n100k_d128_ip,100000,128,ip,multicluster,0.2500,0.2117,21174,C_acorn_g8,acorn,ACORN,16,8,16,100,10,0.5300,7694.0,125.17,183.75,231.46,238.67,129.97,1094,1013,2268,2880,5149,3479,1670,0,10,19233.8,20264200,24.6,40
n100k_d128_ip,100000,128,ip,multicluster,0.2500,0.2117,21174,C_acorn_g16,acorn,ACORN,16,16,16,100,10,0.5290,7261.3,132.25,202.96,227.88,251.42,137.72,1223,1143,2337,3074,5412,3656,1756,0,10,39363.7,23728392,24.6,40
n100k_d128_ip,100000,128,ip,multicluster,0.2500,0.2117,21174,C_acorn_g32,acorn,ACORN,16,32,16,100,10,0.5360,7000.8,134.62,215.46,245.50,273.17,142.84,1220,1142,2357,3042,5401,3629,1772,0,10,99104.9,30656776,24.6,40
n100k_d128_ip,100000,128,ip,multicluster,0.2500,0.2117,21174,A_std_standard,std,STANDARD,16,1,32,250,10,0.4950,4121.5,246.12,264.00,277.08,342.75,242.63,1920,1920,1920,0,1920,0,0,258,5,11836.8,14033032,24.5,32
n100k_d128_ip,100000,128,ip,multicluster,0.2500,0.2117,21174,B_std_acorn1,std,ACORN,16,1,32,250,10,0.7330,2547.7,331.96,673.88,731.88,848.96,392.51,1927,1811,4432,23501,27935,15445,12490,0,10,11836.8,14033032,24.5,32
n100k_d128_ip,100000,128,ip,multicluster,0.2500,0.2117,21174,D_large24_standard,large,STANDARD,24,1,48,250,10,0.4980,3970.4,255.04,276.50,283.92,298.58,251.86,1994,1994,1994,0,1994,0,0,257,5,10422.4,20424136,30.4,48
n100k_d128_ip,100000,128,ip,multicluster,0.2500,0.2117,21174,E_large24_acorn1,large,ACORN,24,1,48,250,10,0.8720,2032.4,372.96,933.50,1007.71,1057.92,492.04,2054,1916,6131,42158,48291,23351,24939,0,10,10422.4,20424136,30.4,48
n100k_d128_ip,100000,128,ip,multicluster,0.2500,0.2117,21174,D_large48_standard,large,STANDARD,48,1,96,250,10,0.5050,3906.5,257.04,281.04,292.79,296.04,255.98,2102,2102,2102,0,2102,0,0,255,6,9627.1,39618184,35.7,96
n100k_d128_ip,100000,128,ip,multicluster,0.2500,0.2117,21174,E_large48_acorn1,large,ACORN,48,1,96,250,10,0.8900,1503.7,457.83,1387.50,1504.62,1595.50,665.03,2478,2239,8282,70659,78943,36566,42376,0,10,9627.1,39618184,35.7,96
n100k_d128_ip,100000,128,ip,multicluster,0.2500,0.2117,21174,C_acorn_g4,acorn,ACORN,16,4,16,250,10,0.5390,3626.7,275.25,384.38,402.58,404.33,275.73,1592,1515,5482,6262,11745,8944,2801,0,10,12336.4,18532104,24.5,40
n100k_d128_ip,100000,128,ip,multicluster,0.2500,0.2117,21174,C_acorn_g8,acorn,ACORN,16,8,16,250,10,0.5840,3598.0,269.17,392.71,428.83,498.04,277.93,1540,1459,5583,6761,12346,8904,3441,0,10,19233.8,20264200,24.6,40
n100k_d128_ip,100000,128,ip,multicluster,0.2500,0.2117,21174,C_acorn_g16,acorn,ACORN,16,16,16,250,10,0.6060,3467.5,286.58,395.71,432.96,477.79,288.39,1726,1646,5663,7050,12714,9157,3557,0,10,39363.7,23728392,24.6,40
n100k_d128_ip,100000,128,ip,multicluster,0.2500,0.2117,21174,C_acorn_g32,acorn,ACORN,16,32,16,250,10,0.6110,3275.7,301.04,416.83,464.33,633.75,305.28,1686,1608,5726,7583,13310,9249,4061,0,10,99104.9,30656776,24.6,40
n100k_d128_ip,100000,128,ip,multicluster,0.2500,0.2117,21174,A_std_standard,std,STANDARD,16,1,32,500,10,0.4990,2129.4,468.25,496.79,594.42,1016.29,469.61,2087,2087,2087,0,2087,0,0,513,5,11836.8,14033032,24.5,32
n100k_d128_ip,100000,128,ip,multicluster,0.2500,0.2117,21174,B_std_acorn1,std,ACORN,16,1,32,500,10,0.7480,1317.5,609.38,1284.50,1398.50,1623.42,758.99,2267,2151,10556,44413,54970,33182,21788,0,10,11836.8,14033032,24.5,32
n100k_d128_ip,100000,128,ip,multicluster,0.2500,0.2117,21174,D_large24_standard,large,STANDARD,24,1,48,500,10,0.5010,2122.5,474.42,501.00,509.38,509.83,471.15,2074,2074,2074,0,2074,0,0,507,5,10422.4,20424136,30.4,48
n100k_d128_ip,100000,128,ip,multicluster,0.2500,0.2117,21174,E_large24_acorn1,large,ACORN,24,1,48,500,10,0.8930,1098.7,643.46,1766.42,1907.88,1917.46,910.17,2287,2149,13666,73020,86688,48790,37898,0,10,10422.4,20424136,30.4,48
n100k_d128_ip,100000,128,ip,multicluster,0.2500,0.2117,21174,D_large48_standard,large,STANDARD,48,1,96,500,10,0.5160,2065.4,486.62,515.04,521.12,536.17,484.17,2169,2169,2169,0,2169,0,0,505,7,9627.1,39618184,35.7,96
n100k_d128_ip,100000,128,ip,multicluster,0.2500,0.2117,21174,E_large48_acorn1,large,ACORN,48,1,96,500,10,0.9160,825.4,813.62,2589.54,2799.71,2814.33,1211.57,2884,2645,17294,121993,139289,72795,66494,0,10,9627.1,39618184,35.7,96
n100k_d128_ip,100000,128,ip,multicluster,0.2500,0.2117,21174,C_acorn_g4,acorn,ACORN,16,4,16,500,10,0.5540,1841.0,551.75,761.71,792.58,831.17,543.17,1844,1767,11179,12573,23753,18031,5722,0,10,12336.4,18532104,24.5,40
n100k_d128_ip,100000,128,ip,multicluster,0.2500,0.2117,21174,C_acorn_g8,acorn,ACORN,16,8,16,500,10,0.6050,1833.9,528.54,765.62,845.12,910.62,545.28,1755,1674,11301,13236,24538,18118,6419,0,10,19233.8,20264200,24.6,40
n100k_d128_ip,100000,128,ip,multicluster,0.2500,0.2117,21174,C_acorn_g16,acorn,ACORN,16,16,16,500,10,0.6270,1769.1,546.50,763.71,783.04,854.54,565.26,1990,1911,11486,13242,24730,18375,6354,0,10,39363.7,23728392,24.6,40
n100k_d128_ip,100000,128,ip,multicluster,0.2500,0.2117,21174,C_acorn_g32,acorn,ACORN,16,32,16,500,10,0.6310,1637.5,597.92,809.29,1053.54,1230.83,610.70,1972,1894,11775,15547,27323,19319,8004,0,10,99104.9,30656776,24.6,40
n100k_d128_ip,100000,128,ip,multicluster,0.2500,0.2117,21174,F_exact,exact,EXACT,16,0,0,0,100,1.0000,540.3,1851.54,1895.04,1916.88,1929.83,1850.66,21174,0,0,0,100000,0,0,0,100,0.0,0,0.0,0
n100k_d128_ip,100000,128,ip,multicluster,0.2500,0.2117,21174,A_std_standard,std,STANDARD,16,1,32,50,100,0.3287,11796.0,86.08,93.62,108.12,161.67,84.77,1038,1038,1038,0,1038,0,0,59,40,11836.8,14033032,24.5,32
n100k_d128_ip,100000,128,ip,multicluster,0.2500,0.2117,21174,B_std_acorn1,std,ACORN,16,1,32,50,100,0.5643,8329.2,105.79,231.62,283.71,301.42,120.06,1118,1002,499,5015,5515,2206,3309,0,99,11836.8,14033032,24.5,32
n100k_d128_ip,100000,128,ip,multicluster,0.2500,0.2117,21174,D_large24_standard,large,STANDARD,24,1,48,50,100,0.3561,10260.3,97.29,117.42,127.96,128.17,97.46,1209,1209,1209,0,1209,0,0,57,40,10422.4,20424136,30.4,48
n100k_d128_ip,100000,128,ip,multicluster,0.2500,0.2117,21174,E_large24_acorn1,large,ACORN,24,1,48,50,100,0.6856,6140.9,145.67,329.21,381.04,382.46,162.84,1240,1103,722,10907,11630,3234,8396,0,100,10422.4,20424136,30.4,48
n100k_d128_ip,100000,128,ip,multicluster,0.2500,0.2117,21174,D_large48_standard,large,STANDARD,48,1,96,50,100,0.3787,9448.6,105.29,123.12,127.38,131.79,105.84,1433,1433,1433,0,1433,0,0,56,42,9627.1,39618184,35.7,96
n100k_d128_ip,100000,128,ip,multicluster,0.2500,0.2117,21174,E_large48_acorn1,large,ACORN,48,1,96,50,100,0.7591,4371.4,202.88,408.67,468.21,510.75,228.76,1684,1445,1208,19186,20395,6725,13670,0,100,9627.1,39618184,35.7,96
n100k_d128_ip,100000,128,ip,multicluster,0.2500,0.2117,21174,C_acorn_g4,acorn,ACORN,16,4,16,50,100,0.4083,10282.2,95.71,135.46,145.96,171.12,97.26,867,789,1188,1299,2488,1829,659,0,99,12336.4,18532104,24.5,40
n100k_d128_ip,100000,128,ip,multicluster,0.2500,0.2117,21174,C_acorn_g8,acorn,ACORN,16,8,16,50,100,0.4607,10540.4,92.50,130.96,155.17,173.62,94.87,808,728,1222,1492,2715,1811,904,0,99,19233.8,20264200,24.6,40
n100k_d128_ip,100000,128,ip,multicluster,0.2500,0.2117,21174,C_acorn_g16,acorn,ACORN,16,16,16,50,100,0.4348,10224.9,95.96,140.79,157.83,170.62,97.80,866,786,1225,1428,2654,1850,804,0,99,39363.7,23728392,24.6,40
n100k_d128_ip,100000,128,ip,multicluster,0.2500,0.2117,21174,C_acorn_g32,acorn,ACORN,16,32,16,50,100,0.4550,9647.9,94.83,167.25,183.29,219.33,103.65,890,812,1292,1602,2895,1885,1009,0,100,99104.9,30656776,24.6,40
n100k_d128_ip,100000,128,ip,multicluster,0.2500,0.2117,21174,A_std_standard,std,STANDARD,16,1,32,100,100,0.3908,7998.8,124.62,145.17,168.46,207.67,125.02,1461,1461,1461,0,1461,0,0,108,42,11836.8,14033032,24.5,32
n100k_d128_ip,100000,128,ip,multicluster,0.2500,0.2117,21174,B_std_acorn1,std,ACORN,16,1,32,100,100,0.7107,5082.1,180.58,347.25,446.88,523.54,196.77,1495,1379,1234,10454,11689,4976,6713,0,100,11836.8,14033032,24.5,32
n100k_d128_ip,100000,128,ip,multicluster,0.2500,0.2117,21174,D_large24_standard,large,STANDARD,24,1,48,100,100,0.4062,7410.7,135.50,155.42,158.71,159.46,134.94,1631,1631,1631,0,1631,0,0,107,41,10422.4,20424136,30.4,48
n100k_d128_ip,100000,128,ip,multicluster,0.2500,0.2117,21174,E_large24_acorn1,large,ACORN,24,1,48,100,100,0.8120,4007.2,206.00,500.12,567.21,606.83,249.55,1627,1490,1791,19677,21470,7670,13799,0,100,10422.4,20424136,30.4,48
n100k_d128_ip,100000,128,ip,multicluster,0.2500,0.2117,21174,D_large48_standard,large,STANDARD,48,1,96,100,100,0.4168,6956.8,143.50,165.71,170.17,178.79,143.74,1814,1814,1814,0,1814,0,0,106,43,9627.1,39618184,35.7,96
n100k_d128_ip,100000,128,ip,multicluster,0.2500,0.2117,21174,E_large48_acorn1,large,ACORN,48,1,96,100,100,0.8470,2850.2,274.00,688.46,786.33,994.21,350.86,1998,1758,2885,35122,38008,14476,23532,0,100,9627.1,39618184,35.7,96
n100k_d128_ip,100000,128,ip,multicluster,0.2500,0.2117,21174,C_acorn_g4,acorn,ACORN,16,4,16,100,100,0.4947,7058.2,137.96,191.75,233.08,234.00,141.68,1173,1096,2235,2617,4853,3548,1304,0,100,12336.4,18532104,24.5,40
n100k_d128_ip,100000,128,ip,multicluster,0.2500,0.2117,21174,C_acorn_g8,acorn,ACORN,16,8,16,100,100,0.5550,7255.3,132.83,192.08,235.17,235.92,137.83,1094,1013,2268,2880,5149,3479,1670,0,100,19233.8,20264200,24.6,40
n100k_d128_ip,100000,128,ip,multicluster,0.2500,0.2117,21174,C_acorn_g16,acorn,ACORN,16,16,16,100,100,0.5489,6720.8,145.21,222.08,249.96,254.46,148.79,1223,1143,2337,3074,5412,3656,1756,0,100,39363.7,23728392,24.6,40
n100k_d128_ip,100000,128,ip,multicluster,0.2500,0.2117,21174,C_acorn_g32,acorn,ACORN,16,32,16,100,100,0.5533,6651.4,145.04,224.12,248.71,276.75,150.34,1220,1142,2357,3042,5401,3629,1772,0,100,99104.9,30656776,24.6,40
n100k_d128_ip,100000,128,ip,multicluster,0.2500,0.2117,21174,A_std_standard,std,STANDARD,16,1,32,250,100,0.4250,3987.9,251.33,277.79,284.12,365.00,250.76,1920,1920,1920,0,1920,0,0,258,43,11836.8,14033032,24.5,32
n100k_d128_ip,100000,128,ip,multicluster,0.2500,0.2117,21174,B_std_acorn1,std,ACORN,16,1,32,250,100,0.7896,2450.9,346.12,670.83,744.79,875.50,408.01,1927,1811,4432,23501,27935,15445,12490,0,100,11836.8,14033032,24.5,32
n100k_d128_ip,100000,128,ip,multicluster,0.2500,0.2117,21174,D_large24_standard,large,STANDARD,24,1,48,250,100,0.4288,3895.3,260.12,286.62,291.33,302.71,256.72,1994,1994,1994,0,1994,0,0,257,43,10422.4,20424136,30.4,48
n100k_d128_ip,100000,128,ip,multicluster,0.2500,0.2117,21174,E_large24_acorn1,large,ACORN,24,1,48,250,100,0.9034,1956.5,394.00,949.38,1024.29,1051.83,511.11,2054,1916,6131,42158,48291,23351,24939,0,100,10422.4,20424136,30.4,48
n100k_d128_ip,100000,128,ip,multicluster,0.2500,0.2117,21174,D_large48_standard,large,STANDARD,48,1,96,250,100,0.4338,3794.4,264.00,290.54,299.38,299.67,263.55,2102,2102,2102,0,2102,0,0,255,45,9627.1,39618184,35.7,96
n100k_d128_ip,100000,128,ip,multicluster,0.2500,0.2117,21174,E_large48_acorn1,large,ACORN,48,1,96,250,100,0.9179,1460.2,471.62,1413.46,1555.21,1692.00,684.83,2478,2239,8282,70659,78943,36566,42376,0,100,9627.1,39618184,35.7,96
n100k_d128_ip,100000,128,ip,multicluster,0.2500,0.2117,21174,C_acorn_g4,acorn,ACORN,16,4,16,250,100,0.5928,3436.8,287.79,399.54,412.50,441.42,290.97,1592,1515,5482,6262,11745,8944,2801,0,100,12336.4,18532104,24.5,40
n100k_d128_ip,100000,128,ip,multicluster,0.2500,0.2117,21174,C_acorn_g8,acorn,ACORN,16,8,16,250,100,0.6483,3373.7,295.50,407.21,438.83,518.96,296.41,1540,1459,5583,6761,12346,8904,3441,0,100,19233.8,20264200,24.6,40
n100k_d128_ip,100000,128,ip,multicluster,0.2500,0.2117,21174,C_acorn_g16,acorn,ACORN,16,16,16,250,100,0.6524,3268.0,301.46,415.17,437.25,489.29,306.00,1726,1646,5663,7050,12714,9157,3557,0,100,39363.7,23728392,24.6,40
n100k_d128_ip,100000,128,ip,multicluster,0.2500,0.2117,21174,C_acorn_g32,acorn,ACORN,16,32,16,250,100,0.6584,3112.4,318.00,427.46,475.17,648.46,321.29,1686,1608,5726,7583,13310,9249,4061,0,100,99104.9,30656776,24.6,40
n100k_d128_ip,100000,128,ip,multicluster,0.2500,0.2117,21174,A_std_standard,std,STANDARD,16,1,32,500,100,0.4319,2097.5,476.00,505.17,618.17,1018.25,476.77,2087,2087,2087,0,2087,0,0,513,44,11836.8,14033032,24.5,32
n100k_d128_ip,100000,128,ip,multicluster,0.2500,0.2117,21174,B_std_acorn1,std,ACORN,16,1,32,500,100,0.8231,1275.9,634.75,1297.33,1416.62,1639.38,783.74,2267,2151,10556,44413,54970,33182,21788,0,100,11836.8,14033032,24.5,32
n100k_d128_ip,100000,128,ip,multicluster,0.2500,0.2117,21174,D_large24_standard,large,STANDARD,24,1,48,500,100,0.4333,2085.5,482.12,509.75,520.54,521.12,479.49,2074,2074,2074,0,2074,0,0,507,44,10422.4,20424136,30.4,48
n100k_d128_ip,100000,128,ip,multicluster,0.2500,0.2117,21174,E_large24_acorn1,large,ACORN,24,1,48,500,100,0.9212,1079.5,663.54,1775.00,1943.12,1983.83,926.35,2287,2149,13666,73020,86688,48790,37898,0,100,10422.4,20424136,30.4,48
n100k_d128_ip,100000,128,ip,multicluster,0.2500,0.2117,21174,D_large48_standard,large,STANDARD,48,1,96,500,100,0.4406,2042.5,491.42,516.62,532.71,534.62,489.60,2169,2169,2169,0,2169,0,0,505,47,9627.1,39618184,35.7,96
n100k_d128_ip,100000,128,ip,multicluster,0.2500,0.2117,21174,E_large48_acorn1,large,ACORN,48,1,96,500,100,0.9452,809.7,842.38,2647.12,2813.83,2917.38,1235.00,2884,2645,17294,121993,139289,72795,66494,0,100,9627.1,39618184,35.7,96
n100k_d128_ip,100000,128,ip,multicluster,0.2500,0.2117,21174,C_acorn_g4,acorn,ACORN,16,4,16,500,100,0.6223,1786.4,567.92,778.62,820.67,833.58,559.80,1844,1767,11179,12573,23753,18031,5722,0,100,12336.4,18532104,24.5,40
n100k_d128_ip,100000,128,ip,multicluster,0.2500,0.2117,21174,C_acorn_g8,acorn,ACORN,16,8,16,500,100,0.6782,1774.9,550.08,778.96,869.67,952.54,563.41,1755,1674,11301,13236,24538,18118,6419,0,100,19233.8,20264200,24.6,40
n100k_d128_ip,100000,128,ip,multicluster,0.2500,0.2117,21174,C_acorn_g16,acorn,ACORN,16,16,16,500,100,0.6846,1727.3,563.21,772.04,790.38,845.42,578.95,1990,1911,11486,13242,24730,18375,6354,0,100,39363.7,23728392,24.6,40
n100k_d128_ip,100000,128,ip,multicluster,0.2500,0.2117,21174,C_acorn_g32,acorn,ACORN,16,32,16,500,100,0.6979,1596.3,602.96,828.04,1099.46,1252.08,626.47,1972,1894,11775,15547,27323,19319,8004,0,100,99104.9,30656776,24.6,40
n100k_d128_ip,100000,128,ip,multicluster,0.1000,0.1000,10000,F_exact,exact,EXACT,16,0,0,0,10,1.0000,1164.6,856.79,882.96,894.17,898.96,858.68,10000,0,0,0,100000,0,0,0,10,0.0,0,0.0,0
n100k_d128_ip,100000,128,ip,multicluster,0.1000,0.1000,10000,A_std_standard,std,STANDARD,16,1,32,50,10,0.0570,14171.8,72.12,79.92,83.17,134.92,70.56,1037,1037,1037,0,1037,0,0,59,0,11836.8,14033032,24.5,32
n100k_d128_ip,100000,128,ip,multicluster,0.1000,0.1000,10000,B_std_acorn1,std,ACORN,16,1,32,50,10,0.5940,14892.9,63.67,87.00,97.75,118.25,67.15,1194,1101,381,2018,2401,1915,486,0,10,11836.8,14033032,24.5,32
n100k_d128_ip,100000,128,ip,multicluster,0.1000,0.1000,10000,D_large24_standard,large,STANDARD,24,1,48,50,10,0.0570,12646.7,80.62,87.12,89.46,94.42,79.07,1209,1209,1209,0,1209,0,0,57,0,10422.4,20424136,30.4,48
n100k_d128_ip,100000,128,ip,multicluster,0.1000,0.1000,10000,E_large24_acorn1,large,ACORN,24,1,48,50,10,0.6640,11652.6,81.29,115.58,135.33,140.21,85.82,1418,1328,516,2872,3389,2726,663,0,10,10422.4,20424136,30.4,48
n100k_d128_ip,100000,128,ip,multicluster,0.1000,0.1000,10000,D_large48_standard,large,STANDARD,48,1,96,50,10,0.0600,11310.7,89.58,100.83,105.54,123.71,88.41,1433,1433,1433,0,1433,0,0,56,1,9627.1,39618184,35.7,96
n100k_d128_ip,100000,128,ip,multicluster,0.1000,0.1000,10000,E_large48_acorn1,large,ACORN,48,1,96,50,10,0.7810,8320.0,112.71,160.54,186.92,191.54,120.19,2002,1738,1052,7128,8182,5145,3037,0,10,9627.1,39618184,35.7,96
n100k_d128_ip,100000,128,ip,multicluster,0.1000,0.1000,10000,C_acorn_g4,acorn,ACORN,16,4,16,50,10,0.4020,17387.8,53.67,82.92,111.00,150.75,57.51,901,842,1205,837,2043,1845,198,0,10,12336.4,18532104,24.5,40
n100k_d128_ip,100000,128,ip,multicluster,0.1000,0.1000,10000,C_acorn_g8,acorn,ACORN,16,8,16,50,10,0.4590,18183.7,53.33,75.42,97.04,120.42,54.99,821,758,1347,763,2111,1825,285,0,10,19233.8,20264200,24.6,40
n100k_d128_ip,100000,128,ip,multicluster,0.1000,0.1000,10000,C_acorn_g16,acorn,ACORN,16,16,16,50,10,0.5340,16495.9,57.04,88.62,102.04,110.00,60.62,923,856,1324,823,2149,1853,296,0,10,39363.7,23728392,24.6,40
n100k_d128_ip,100000,128,ip,multicluster,0.1000,0.1000,10000,C_acorn_g32,acorn,ACORN,16,32,16,50,10,0.4840,17311.9,53.21,85.33,107.71,116.96,57.76,889,837,1250,802,2053,1816,237,0,10,99104.9,30656776,24.6,40
n100k_d128_ip,100000,128,ip,multicluster,0.1000,0.1000,10000,A_std_standard,std,STANDARD,16,1,32,100,10,0.0600,8107.5,123.46,146.12,154.17,192.04,123.34,1461,1461,1461,0,1461,0,0,108,0,11836.8,14033032,24.5,32
n100k_d128_ip,100000,128,ip,multicluster,0.1000,0.1000,10000,B_std_acorn1,std,ACORN,16,1,32,100,10,0.7710,7957.1,119.33,171.62,200.54,203.04,125.67,1634,1542,935,3227,4164,3640,524,0,10,11836.8,14033032,24.5,32
n100k_d128_ip,100000,128,ip,multicluster,0.1000,0.1000,10000,D_large24_standard,large,STANDARD,24,1,48,100,10,0.0590,7863.9,131.04,141.75,148.12,148.38,127.16,1631,1631,1631,0,1631,0,0,107,0,10422.4,20424136,30.4,48
n100k_d128_ip,100000,128,ip,multicluster,0.1000,0.1000,10000,E_large24_acorn1,large,ACORN,24,1,48,100,10,0.8440,7251.3,129.46,185.67,214.83,221.42,137.91,1862,1772,1448,4656,6105,5360,745,0,10,10422.4,20424136,30.4,48
n100k_d128_ip,100000,128,ip,multicluster,0.1000,0.1000,10000,D_large48_standard,large,STANDARD,48,1,96,100,10,0.0620,7347.3,138.12,152.25,155.79,167.04,136.10,1814,1814,1814,0,1814,0,0,106,1,9627.1,39618184,35.7,96
n100k_d128_ip,100000,128,ip,multicluster,0.1000,0.1000,10000,E_large48_acorn1,large,ACORN,48,1,96,100,10,0.8730,5816.5,161.88,231.75,283.79,287.25,171.92,2304,2039,2660,9472,12133,8726,3407,0,10,9627.1,39618184,35.7,96
n100k_d128_ip,100000,128,ip,multicluster,0.1000,0.1000,10000,C_acorn_g4,acorn,ACORN,16,4,16,100,10,0.4870,10244.7,90.29,138.96,166.17,220.71,97.61,1249,1190,2222,1663,3886,3585,301,0,10,12336.4,18532104,24.5,40
n100k_d128_ip,100000,128,ip,multicluster,0.1000,0.1000,10000,C_acorn_g8,acorn,ACORN,16,8,16,100,10,0.5680,10408.0,92.83,142.04,165.08,176.38,96.08,1120,1056,2362,1485,3848,3510,337,0,10,19233.8,20264200,24.6,40
n100k_d128_ip,100000,128,ip,multicluster,0.1000,0.1000,10000,C_acorn_g16,acorn,ACORN,16,16,16,100,10,0.6420,9346.1,100.79,161.96,169.17,178.62,107.00,1290,1223,2357,1622,3980,3629,350,0,10,39363.7,23728392,24.6,40
n100k_d128_ip,100000,128,ip,multicluster,0.1000,0.1000,10000,C_acorn_g32,acorn,ACORN,16,32,16,100,10,0.5880,9801.6,97.04,146.04,169.33,173.54,102.02,1242,1190,2274,1570,3845,3559,286,0,10,99104.9,30656776,24.6,40
n100k_d128_ip,100000,128,ip,multicluster,0.1000,0.1000,10000,A_std_standard,std,STANDARD,16,1,32,250,10,0.0620,4142.1,245.58,271.96,302.79,335.50,241.43,1920,1920,1920,0,1920,0,0,258,0,11836.8,14033032,24.5,32
n100k_d128_ip,100000,128,ip,multicluster,0.1000,0.1000,10000,B_std_acorn1,std,ACORN,16,1,32,250,10,0.9110,4141.5,225.88,305.25,339.04,513.17,241.46,2053,1960,4098,5745,9844,9213,631,0,10,11836.8,14033032,24.5,32
n100k_d128_ip,100000,128,ip,multicluster,0.1000,0.1000,10000,D_large24_standard,large,STANDARD,24,1,48,250,10,0.0620,4033.2,251.54,272.00,276.38,290.96,247.94,1994,1994,1994,0,1994,0,0,257,0,10422.4,20424136,30.4,48
n100k_d128_ip,100000,128,ip,multicluster,0.1000,0.1000,10000,E_large24_acorn1,large,ACORN,24,1,48,250,10,0.9310,3839.1,248.00,342.79,370.17,372.71,260.48,2228,2138,5700,7503,13204,12207,996,0,10,10422.4,20424136,30.4,48
n100k_d128_ip,100000,128,ip,multicluster,0.1000,0.1000,10000,D_large48_standard,large,STANDARD,48,1,96,250,10,0.0690,3914.6,257.08,281.25,288.67,295.79,255.45,2102,2102,2102,0,2102,0,0,255,1,9627.1,39618184,35.7,96
n100k_d128_ip,100000,128,ip,multicluster,0.1000,0.1000,10000,E_large48_acorn1,large,ACORN,48,1,96,250,10,0.9460,3334.5,278.17,462.21,562.58,577.04,299.89,2626,2362,8103,12823,20927,16422,4505,0,10,9627.1,39618184,35.7,96
n100k_d128_ip,100000,128,ip,multicluster,0.1000,0.1000,10000,C_acorn_g4,acorn,ACORN,16,4,16,250,10,0.6190,4557.2,197.17,325.00,409.42,495.29,219.43,1781,1722,5542,3986,9529,8928,601,0,10,12336.4,18532104,24.5,40
n100k_d128_ip,100000,128,ip,multicluster,0.1000,0.1000,10000,C_acorn_g8,acorn,ACORN,16,8,16,250,10,0.6940,4896.2,202.12,304.79,341.58,409.12,204.24,1558,1495,5448,3366,8815,8344,471,0,10,19233.8,20264200,24.6,40
n100k_d128_ip,100000,128,ip,multicluster,0.1000,0.1000,10000,C_acorn_g16,acorn,ACORN,16,16,16,250,10,0.7780,4323.5,212.04,322.21,367.04,470.29,231.30,1816,1749,5665,3836,9502,8943,559,0,10,39363.7,23728392,24.6,40
n100k_d128_ip,100000,128,ip,multicluster,0.1000,0.1000,10000,C_acorn_g32,acorn,ACORN,16,32,16,250,10,0.7240,4435.5,204.33,314.46,403.04,506.50,225.45,1790,1738,5607,3747,9355,8924,430,0,10,99104.9,30656776,24.6,40
n100k_d128_ip,100000,128,ip,multicluster,0.1000,0.1000,10000,A_std_standard,std,STANDARD,16,1,32,500,10,0.0670,2126.0,468.58,499.46,595.83,1013.00,470.38,2087,2087,2087,0,2087,0,0,513,0,11836.8,14033032,24.5,32
n100k_d128_ip,100000,128,ip,multicluster,0.1000,0.1000,10000,B_std_acorn1,std,ACORN,16,1,32,500,10,0.9530,2114.4,447.67,576.92,943.50,978.50,472.95,2236,2144,10335,7284,17621,16855,765,0,10,11836.8,14033032,24.5,32
n100k_d128_ip,100000,128,ip,multicluster,0.1000,0.1000,10000,D_large24_standard,large,STANDARD,24,1,48,500,10,0.0640,2118.3,475.12,500.33,513.92,518.00,472.08,2074,2074,2074,0,2074,0,0,507,1,10422.4,20424136,30.4,48
n100k_d128_ip,100000,128,ip,multicluster,0.1000,0.1000,10000,E_large24_acorn1,large,ACORN,24,1,48,500,10,0.9500,2034.1,471.29,616.58,808.46,868.50,491.62,2376,2286,13409,9209,22619,21313,1306,0,10,10422.4,20424136,30.4,48
n100k_d128_ip,100000,128,ip,multicluster,0.1000,0.1000,10000,D_large48_standard,large,STANDARD,48,1,96,500,10,0.0730,2075.7,484.62,508.04,540.42,550.79,481.76,2169,2169,2169,0,2169,0,0,505,3,9627.1,39618184,35.7,96
n100k_d128_ip,100000,128,ip,multicluster,0.1000,0.1000,10000,E_large48_acorn1,large,ACORN,48,1,96,500,10,0.9520,1854.2,508.00,753.62,829.50,883.67,539.33,2805,2540,17170,15685,32857,26841,6016,0,10,9627.1,39618184,35.7,96
n100k_d128_ip,100000,128,ip,multicluster,0.1000,0.1000,10000,C_acorn_g4,acorn,ACORN,16,4,16,500,10,0.6480,2240.9,417.25,605.96,744.50,828.33,446.26,2051,1992,11358,6646,18005,16930,1075,0,10,12336.4,18532104,24.5,40
n100k_d128_ip,100000,128,ip,multicluster,0.1000,0.1000,10000,C_acorn_g8,acorn,ACORN,16,8,16,500,10,0.7300,2418.0,415.42,563.92,639.58,983.38,413.56,1798,1735,11023,5417,16442,15738,703,0,10,19233.8,20264200,24.6,40
n100k_d128_ip,100000,128,ip,multicluster,0.1000,0.1000,10000,C_acorn_g16,acorn,ACORN,16,16,16,500,10,0.8250,2189.3,430.33,588.50,667.50,752.88,456.77,2067,2000,11533,6241,17775,16866,909,0,10,39363.7,23728392,24.6,40
n100k_d128_ip,100000,128,ip,multicluster,0.1000,0.1000,10000,C_acorn_g32,acorn,ACORN,16,32,16,500,10,0.7490,2206.3,418.42,577.50,707.38,845.79,453.24,2088,2036,11519,6233,17754,17054,699,0,10,99104.9,30656776,24.6,40
n100k_d128_ip,100000,128,ip,multicluster,0.1000,0.1000,10000,F_exact,exact,EXACT,16,0,0,0,100,1.0000,1161.0,858.00,891.38,956.71,972.96,861.34,10000,0,0,0,100000,0,0,0,100,0.0,0,0.0,0
n100k_d128_ip,100000,128,ip,multicluster,0.1000,0.1000,10000,A_std_standard,std,STANDARD,16,1,32,50,100,0.0506,12183.2,81.71,93.38,100.50,155.25,82.08,1038,1038,1038,0,1038,0,0,59,7,11836.8,14033032,24.5,32
n100k_d128_ip,100000,128,ip,multicluster,0.1000,0.1000,10000,B_std_acorn1,std,ACORN,16,1,32,50,100,0.5642,11534.0,84.29,104.29,113.17,143.96,86.70,1194,1101,381,2018,2401,1914,486,0,100,11836.8,14033032,24.5,32
n100k_d128_ip,100000,128,ip,multicluster,0.1000,0.1000,10000,D_large24_standard,large,STANDARD,24,1,48,50,100,0.0549,11015.6,91.58,104.62,115.29,121.33,90.78,1209,1209,1209,0,1209,0,0,57,6,10422.4,20424136,30.4,48
n100k_d128_ip,100000,128,ip,multicluster,0.1000,0.1000,10000,E_large24_acorn1,large,ACORN,24,1,48,50,100,0.6385,9117.2,106.17,143.96,152.50,161.12,109.68,1418,1328,516,2872,3389,2726,663,0,100,10422.4,20424136,30.4,48
n100k_d128_ip,100000,128,ip,multicluster,0.1000,0.1000,10000,D_large48_standard,large,STANDARD,48,1,96,50,100,0.0576,10145.4,97.88,114.21,118.42,122.33,98.57,1433,1433,1433,0,1433,0,0,56,6,9627.1,39618184,35.7,96
n100k_d128_ip,100000,128,ip,multicluster,0.1000,0.1000,10000,E_large48_acorn1,large,ACORN,48,1,96,50,100,0.7585,6813.5,139.12,192.96,210.38,224.29,146.77,2002,1738,1052,7128,8182,5145,3037,0,100,9627.1,39618184,35.7,96
n100k_d128_ip,100000,128,ip,multicluster,0.1000,0.1000,10000,C_acorn_g4,acorn,ACORN,16,4,16,50,100,0.3483,13283.9,69.92,97.62,149.38,186.33,75.28,901,842,1205,837,2043,1845,198,0,100,12336.4,18532104,24.5,40
n100k_d128_ip,100000,128,ip,multicluster,0.1000,0.1000,10000,C_acorn_g8,acorn,ACORN,16,8,16,50,100,0.4125,13558.7,72.50,97.58,122.04,155.29,73.75,821,758,1347,763,2111,1825,285,0,98,19233.8,20264200,24.6,40
n100k_d128_ip,100000,128,ip,multicluster,0.1000,0.1000,10000,C_acorn_g16,acorn,ACORN,16,16,16,50,100,0.4688,12290.7,77.67,110.08,137.46,145.71,81.36,923,856,1324,823,2149,1853,296,0,100,39363.7,23728392,24.6,40
n100k_d128_ip,100000,128,ip,multicluster,0.1000,0.1000,10000,C_acorn_g32,acorn,ACORN,16,32,16,50,100,0.4189,13143.1,70.58,104.88,127.38,159.25,76.09,889,837,1250,802,2053,1816,237,0,100,99104.9,30656776,24.6,40
n100k_d128_ip,100000,128,ip,multicluster,0.1000,0.1000,10000,A_std_standard,std,STANDARD,16,1,32,100,100,0.0579,8300.8,120.46,137.29,155.00,190.79,120.47,1461,1461,1461,0,1461,0,0,108,7,11836.8,14033032,24.5,32
n100k_d128_ip,100000,128,ip,multicluster,0.1000,0.1000,10000,B_std_acorn1,std,ACORN,16,1,32,100,100,0.7589,7670.6,122.83,170.38,197.92,207.08,130.37,1634,1542,935,3227,4164,3640,524,0,100,11836.8,14033032,24.5,32
n100k_d128_ip,100000,128,ip,multicluster,0.1000,0.1000,10000,D_large24_standard,large,STANDARD,24,1,48,100,100,0.0595,7741.3,130.67,141.54,146.62,152.00,129.18,1631,1631,1631,0,1631,0,0,107,6,10422.4,20424136,30.4,48
n100k_d128_ip,100000,128,ip,multicluster,0.1000,0.1000,10000,E_large24_acorn1,large,ACORN,24,1,48,100,100,0.8209,6761.1,140.67,199.12,224.29,229.92,147.90,1862,1772,1448,4656,6105,5360,745,0,100,10422.4,20424136,30.4,48
n100k_d128_ip,100000,128,ip,multicluster,0.1000,0.1000,10000,D_large48_standard,large,STANDARD,48,1,96,100,100,0.0611,7270.0,138.00,157.00,164.21,166.17,137.55,1814,1814,1814,0,1814,0,0,106,6,9627.1,39618184,35.7,96
n100k_d128_ip,100000,128,ip,multicluster,0.1000,0.1000,10000,E_large48_acorn1,large,ACORN,48,1,96,100,100,0.8579,5392.6,173.08,247.21,297.83,339.25,185.44,2304,2039,2660,9472,12133,8726,3407,0,100,9627.1,39618184,35.7,96
n100k_d128_ip,100000,128,ip,multicluster,0.1000,0.1000,10000,C_acorn_g4,acorn,ACORN,16,4,16,100,100,0.4541,9270.7,99.67,152.71,190.92,236.04,107.87,1249,1190,2222,1663,3886,3585,301,0,100,12336.4,18532104,24.5,40
n100k_d128_ip,100000,128,ip,multicluster,0.1000,0.1000,10000,C_acorn_g8,acorn,ACORN,16,8,16,100,100,0.5355,9580.7,102.71,148.00,175.04,189.79,104.38,1120,1056,2362,1485,3848,3510,337,0,98,19233.8,20264200,24.6,40
n100k_d128_ip,100000,128,ip,multicluster,0.1000,0.1000,10000,C_acorn_g16,acorn,ACORN,16,16,16,100,100,0.6039,8696.9,107.54,167.42,186.50,195.54,114.98,1290,1223,2357,1622,3980,3629,350,0,100,39363.7,23728392,24.6,40
n100k_d128_ip,100000,128,ip,multicluster,0.1000,0.1000,10000,C_acorn_g32,acorn,ACORN,16,32,16,100,100,0.5337,9184.7,101.29,159.08,178.46,188.79,108.88,1242,1190,2274,1570,3845,3559,286,0,100,99104.9,30656776,24.6,40
n100k_d128_ip,100000,128,ip,multicluster,0.1000,0.1000,10000,A_std_standard,std,STANDARD,16,1,32,250,100,0.0607,4121.1,244.92,266.00,275.79,336.33,242.65,1920,1920,1920,0,1920,0,0,258,7,11836.8,14033032,24.5,32
n100k_d128_ip,100000,128,ip,multicluster,0.1000,0.1000,10000,B_std_acorn1,std,ACORN,16,1,32,250,100,0.9078,3897.7,238.96,327.25,394.00,520.96,256.56,2053,1960,4098,5745,9844,9213,631,0,100,11836.8,14033032,24.5,32
n100k_d128_ip,100000,128,ip,multicluster,0.1000,0.1000,10000,D_large24_standard,large,STANDARD,24,1,48,250,100,0.0617,4005.5,251.29,274.29,276.46,281.29,249.65,1994,1994,1994,0,1994,0,0,257,6,10422.4,20424136,30.4,48
n100k_d128_ip,100000,128,ip,multicluster,0.1000,0.1000,10000,E_large24_acorn1,large,ACORN,24,1,48,250,100,0.9255,3629.5,263.75,359.33,383.58,384.83,275.52,2228,2138,5700,7503,13204,12207,996,0,100,10422.4,20424136,30.4,48
n100k_d128_ip,100000,128,ip,multicluster,0.1000,0.1000,10000,D_large48_standard,large,STANDARD,48,1,96,250,100,0.0646,3916.2,257.83,275.54,278.42,289.29,255.35,2102,2102,2102,0,2102,0,0,255,7,9627.1,39618184,35.7,96
n100k_d128_ip,100000,128,ip,multicluster,0.1000,0.1000,10000,E_large48_acorn1,large,ACORN,48,1,96,250,100,0.9394,3162.6,292.58,496.96,584.04,607.79,316.19,2626,2362,8103,12823,20927,16422,4505,0,100,9627.1,39618184,35.7,96
n100k_d128_ip,100000,128,ip,multicluster,0.1000,0.1000,10000,C_acorn_g4,acorn,ACORN,16,4,16,250,100,0.5959,4286.1,211.54,341.88,432.29,520.04,233.31,1781,1722,5542,3986,9529,8928,601,0,100,12336.4,18532104,24.5,40
n100k_d128_ip,100000,128,ip,multicluster,0.1000,0.1000,10000,C_acorn_g8,acorn,ACORN,16,8,16,250,100,0.6800,4617.4,215.96,320.42,354.92,401.71,216.57,1558,1495,5448,3366,8815,8344,471,0,98,19233.8,20264200,24.6,40
n100k_d128_ip,100000,128,ip,multicluster,0.1000,0.1000,10000,C_acorn_g16,acorn,ACORN,16,16,16,250,100,0.7704,4080.4,227.25,343.79,394.96,501.62,245.08,1816,1749,5665,3836,9502,8943,559,0,100,39363.7,23728392,24.6,40
n100k_d128_ip,100000,128,ip,multicluster,0.1000,0.1000,10000,C_acorn_g32,acorn,ACORN,16,32,16,250,100,0.6929,4215.9,215.50,335.46,435.96,534.00,237.20,1790,1738,5607,3747,9355,8924,430,0,100,99104.9,30656776,24.6,40
n100k_d128_ip,100000,128,ip,multicluster,0.1000,0.1000,10000,A_std_standard,std,STANDARD,16,1,32,500,100,0.0618,2119.0,468.12,500.92,599.58,1042.50,471.92,2087,2087,2087,0,2087,0,0,513,7,11836.8,14033032,24.5,32
n100k_d128_ip,100000,128,ip,multicluster,0.1000,0.1000,10000,B_std_acorn1,std,ACORN,16,1,32,500,100,0.9518,2064.9,457.92,579.42,959.79,963.79,484.28,2236,2144,10335,7284,17621,16855,765,0,100,11836.8,14033032,24.5,32
n100k_d128_ip,100000,128,ip,multicluster,0.1000,0.1000,10000,D_large24_standard,large,STANDARD,24,1,48,500,100,0.0631,2111.2,475.83,509.08,513.92,527.42,473.66,2074,2074,2074,0,2074,0,0,507,6,10422.4,20424136,30.4,48
n100k_d128_ip,100000,128,ip,multicluster,0.1000,0.1000,10000,E_large24_acorn1,large,ACORN,24,1,48,500,100,0.9487,1969.3,487.00,605.25,861.54,890.75,507.79,2376,2286,13409,9209,22619,21313,1306,0,100,10422.4,20424136,30.4,48
n100k_d128_ip,100000,128,ip,multicluster,0.1000,0.1000,10000,D_large48_standard,large,STANDARD,48,1,96,500,100,0.0676,2065.1,487.58,517.79,529.75,541.21,484.23,2169,2169,2169,0,2169,0,0,505,8,9627.1,39618184,35.7,96
n100k_d128_ip,100000,128,ip,multicluster,0.1000,0.1000,10000,E_large48_acorn1,large,ACORN,48,1,96,500,100,0.9519,1800.0,523.92,809.21,870.38,898.71,555.55,2805,2540,17170,15685,32857,26841,6016,0,100,9627.1,39618184,35.7,96
n100k_d128_ip,100000,128,ip,multicluster,0.1000,0.1000,10000,C_acorn_g4,acorn,ACORN,16,4,16,500,100,0.6390,2164.7,429.75,637.12,780.71,870.75,461.95,2051,1992,11358,6646,18005,16930,1075,0,100,12336.4,18532104,24.5,40
n100k_d128_ip,100000,128,ip,multicluster,0.1000,0.1000,10000,C_acorn_g8,acorn,ACORN,16,8,16,500,100,0.7290,2330.2,430.42,592.92,654.75,1033.00,429.15,1798,1735,11023,5417,16442,15738,703,0,98,19233.8,20264200,24.6,40
n100k_d128_ip,100000,128,ip,multicluster,0.1000,0.1000,10000,C_acorn_g16,acorn,ACORN,16,16,16,500,100,0.8225,2098.0,450.75,612.38,710.71,823.67,476.65,2067,2000,11533,6241,17775,16866,909,0,100,39363.7,23728392,24.6,40
n100k_d128_ip,100000,128,ip,multicluster,0.1000,0.1000,10000,C_acorn_g32,acorn,ACORN,16,32,16,500,100,0.7441,2108.9,439.96,598.17,754.83,893.04,474.18,2088,2036,11519,6233,17754,17054,699,0,100,99104.9,30656776,24.6,40
n100k_d128_ip,100000,128,ip,multicluster,0.0500,0.0500,5000,F_exact,exact,EXACT,16,0,0,0,10,1.0000,2165.4,458.92,485.33,497.50,501.96,461.80,5000,0,0,0,100000,0,0,0,10,0.0,0,0.0,0
n100k_d128_ip,100000,128,ip,multicluster,0.0500,0.0500,5000,A_std_standard,std,STANDARD,16,1,32,50,10,0.1020,14211.0,70.33,81.00,97.46,130.08,70.37,1037,1037,1037,0,1037,0,0,59,1,11836.8,14033032,24.5,32
n100k_d128_ip,100000,128,ip,multicluster,0.0500,0.0500,5000,B_std_acorn1,std,ACORN,16,1,32,50,10,0.0000,288426.3,3.88,4.00,4.08,4.29,3.47,1,1,36,625,662,0,662,0,0,11836.8,14033032,24.5,32
n100k_d128_ip,100000,128,ip,multicluster,0.0500,0.0500,5000,D_large24_standard,large,STANDARD,24,1,48,50,10,0.1050,12861.8,79.62,86.79,89.92,91.33,77.75,1209,1209,1209,0,1209,0,0,57,1,10422.4,20424136,30.4,48
n100k_d128_ip,100000,128,ip,multicluster,0.0500,0.0500,5000,E_large24_acorn1,large,ACORN,24,1,48,50,10,0.8210,9031.5,108.83,141.29,166.96,170.46,110.72,1008,934,787,7850,8638,4953,3684,0,10,10422.4,20424136,30.4,48
n100k_d128_ip,100000,128,ip,multicluster,0.0500,0.0500,5000,D_large48_standard,large,STANDARD,48,1,96,50,10,0.1070,11456.8,88.33,99.25,103.29,106.00,87.28,1433,1433,1433,0,1433,0,0,56,1,9627.1,39618184,35.7,96
n100k_d128_ip,100000,128,ip,multicluster,0.0500,0.0500,5000,E_large48_acorn1,large,ACORN,48,1,96,50,10,0.8690,5408.9,179.00,231.54,275.88,288.29,184.88,1262,1014,1590,20270,21861,11553,10307,0,10,9627.1,39618184,35.7,96
n100k_d128_ip,100000,128,ip,multicluster,0.0500,0.0500,5000,C_acorn_g4,acorn,ACORN,16,4,16,50,10,0.0000,282953.5,3.50,3.92,4.04,4.12,3.53,1,1,182,536,719,0,719,0,0,12336.4,18532104,24.5,40
n100k_d128_ip,100000,128,ip,multicluster,0.0500,0.0500,5000,C_acorn_g8,acorn,ACORN,16,8,16,50,10,0.1080,23361.5,42.58,56.75,70.58,93.92,42.81,148,124,2082,5744,7827,5032,2794,0,10,19233.8,20264200,24.6,40
n100k_d128_ip,100000,128,ip,multicluster,0.0500,0.0500,5000,C_acorn_g16,acorn,ACORN,16,16,16,50,10,0.3270,21654.4,41.17,89.08,105.96,109.46,46.18,327,281,2016,3527,5544,3229,2314,0,10,39363.7,23728392,24.6,40
n100k_d128_ip,100000,128,ip,multicluster,0.0500,0.0500,5000,C_acorn_g32,acorn,ACORN,16,32,16,50,10,0.2780,23029.3,34.58,86.83,105.33,108.58,43.42,303,244,2096,3741,5838,3393,2444,0,10,99104.9,30656776,24.6,40
n100k_d128_ip,100000,128,ip,multicluster,0.0500,0.0500,5000,A_std_standard,std,STANDARD,16,1,32,100,10,0.1090,8360.3,121.88,133.71,157.54,192.33,119.61,1461,1461,1461,0,1461,0,0,108,1,11836.8,14033032,24.5,32
n100k_d128_ip,100000,128,ip,multicluster,0.0500,0.0500,5000,B_std_acorn1,std,ACORN,16,1,32,100,10,0.0000,432040.1,2.29,2.54,2.67,2.88,2.31,1,1,36,625,662,0,662,0,0,11836.8,14033032,24.5,32
n100k_d128_ip,100000,128,ip,multicluster,0.0500,0.0500,5000,D_large24_standard,large,STANDARD,24,1,48,100,10,0.1100,7854.3,127.46,146.88,158.00,178.83,127.32,1631,1631,1631,0,1631,0,0,107,1,10422.4,20424136,30.4,48
n100k_d128_ip,100000,128,ip,multicluster,0.0500,0.0500,5000,E_large24_acorn1,large,ACORN,24,1,48,100,10,0.8520,4245.3,232.17,286.58,306.29,331.17,235.55,1073,999,2459,23567,26028,15847,10180,0,10,10422.4,20424136,30.4,48
n100k_d128_ip,100000,128,ip,multicluster,0.0500,0.0500,5000,D_large48_standard,large,STANDARD,48,1,96,100,10,0.1100,7443.0,137.33,149.79,152.08,153.46,134.35,1814,1814,1814,0,1814,0,0,106,1,9627.1,39618184,35.7,96
n100k_d128_ip,100000,128,ip,multicluster,0.0500,0.0500,5000,E_large48_acorn1,large,ACORN,48,1,96,100,10,0.8890,2730.8,354.79,442.83,521.17,634.42,366.20,1292,1045,3861,45176,49039,28458,20581,0,10,9627.1,39618184,35.7,96
n100k_d128_ip,100000,128,ip,multicluster,0.0500,0.0500,5000,C_acorn_g4,acorn,ACORN,16,4,16,100,10,0.0000,284563.0,3.46,3.88,4.04,4.17,3.51,1,1,182,536,719,0,719,0,0,12336.4,18532104,24.5,40
n100k_d128_ip,100000,128,ip,multicluster,0.0500,0.0500,5000,C_acorn_g8,acorn,ACORN,16,8,16,100,10,0.1080,15179.8,60.83,95.46,146.50,179.46,65.88,150,126,3049,9270,12321,8164,4156,0,10,19233.8,20264200,24.6,40
n100k_d128_ip,100000,128,ip,multicluster,0.0500,0.0500,5000,C_acorn_g16,acorn,ACORN,16,16,16,100,10,0.3540,14174.2,57.29,156.50,174.00,178.04,70.55,391,345,2801,5603,8406,5262,3143,0,10,39363.7,23728392,24.6,40
n100k_d128_ip,100000,128,ip,multicluster,0.0500,0.0500,5000,C_acorn_g32,acorn,ACORN,16,32,16,100,10,0.3240,16488.2,35.33,156.58,181.17,181.62,60.65,359,300,2472,4250,6724,4061,2662,0,10,99104.9,30656776,24.6,40
n100k_d128_ip,100000,128,ip,multicluster,0.0500,0.0500,5000,A_std_standard,std,STANDARD,16,1,32,250,10,0.1100,4150.5,243.04,266.17,272.29,334.75,240.94,1920,1920,1920,0,1920,0,0,258,1,11836.8,14033032,24.5,32
n100k_d128_ip,100000,128,ip,multicluster,0.0500,0.0500,5000,B_std_acorn1,std,ACORN,16,1,32,250,10,0.0000,324762.8,3.04,3.33,3.50,3.83,3.08,1,1,36,625,662,0,662,0,0,11836.8,14033032,24.5,32
n100k_d128_ip,100000,128,ip,multicluster,0.0500,0.0500,5000,D_large24_standard,large,STANDARD,24,1,48,250,10,0.1100,4040.0,250.50,270.58,281.92,283.71,247.52,1994,1994,1994,0,1994,0,0,257,1,10422.4,20424136,30.4,48
n100k_d128_ip,100000,128,ip,multicluster,0.0500,0.0500,5000,E_large24_acorn1,large,ACORN,24,1,48,250,10,0.8560,1587.1,623.83,704.33,750.00,757.67,630.07,1083,1010,7913,74348,82263,51094,31169,0,10,10422.4,20424136,30.4,48
n100k_d128_ip,100000,128,ip,multicluster,0.0500,0.0500,5000,D_large48_standard,large,STANDARD,48,1,96,250,10,0.1130,3941.9,254.12,279.33,284.67,291.71,253.69,2102,2102,2102,0,2102,0,0,255,1,9627.1,39618184,35.7,96
n100k_d128_ip,100000,128,ip,multicluster,0.0500,0.0500,5000,E_large48_acorn1,large,ACORN,48,1,96,250,10,0.9070,1091.9,899.42,1052.46,1117.21,1612.12,915.80,1367,1119,10769,120959,131729,79921,51807,0,10,9627.1,39618184,35.7,96
n100k_d128_ip,100000,128,ip,multicluster,0.0500,0.0500,5000,C_acorn_g4,acorn,ACORN,16,4,16,250,10,0.0000,290840.6,3.46,3.79,3.96,8.04,3.44,1,1,182,536,719,0,719,0,0,12336.4,18532104,24.5,40
n100k_d128_ip,100000,128,ip,multicluster,0.0500,0.0500,5000,C_acorn_g8,acorn,ACORN,16,8,16,250,10,0.1080,12475.6,61.33,223.67,275.88,366.29,80.16,150,126,3452,10718,14171,9528,4643,0,10,19233.8,20264200,24.6,40
n100k_d128_ip,100000,128,ip,multicluster,0.0500,0.0500,5000,C_acorn_g16,acorn,ACORN,16,16,16,250,10,0.3600,7690.2,63.17,375.50,401.08,433.50,130.04,426,380,4126,9348,13475,9149,4326,0,10,39363.7,23728392,24.6,40
n100k_d128_ip,100000,128,ip,multicluster,0.0500,0.0500,5000,C_acorn_g32,acorn,ACORN,16,32,16,250,10,0.3280,8368.3,40.08,374.88,436.75,438.79,119.50,390,332,3718,7873,11593,7788,3804,0,10,99104.9,30656776,24.6,40
n100k_d128_ip,100000,128,ip,multicluster,0.0500,0.0500,5000,A_std_standard,std,STANDARD,16,1,32,500,10,0.1100,2127.0,469.38,500.25,594.54,1032.21,470.14,2087,2087,2087,0,2087,0,0,513,1,11836.8,14033032,24.5,32
n100k_d128_ip,100000,128,ip,multicluster,0.0500,0.0500,5000,B_std_acorn1,std,ACORN,16,1,32,500,10,0.0000,295494.3,3.38,3.71,3.83,4.29,3.38,1,1,36,625,662,0,662,0,0,11836.8,14033032,24.5,32
n100k_d128_ip,100000,128,ip,multicluster,0.0500,0.0500,5000,D_large24_standard,large,STANDARD,24,1,48,500,10,0.1120,2125.0,473.33,502.29,519.83,530.17,470.59,2074,2074,2074,0,2074,0,0,507,1,10422.4,20424136,30.4,48
n100k_d128_ip,100000,128,ip,multicluster,0.0500,0.0500,5000,E_large24_acorn1,large,ACORN,24,1,48,500,10,0.8570,748.9,1329.75,1452.58,1482.17,1638.54,1335.31,1094,1020,17021,159337,176360,110063,66296,0,10,10422.4,20424136,30.4,48
n100k_d128_ip,100000,128,ip,multicluster,0.0500,0.0500,5000,D_large48_standard,large,STANDARD,48,1,96,500,10,0.1150,2072.6,486.50,513.83,524.83,539.21,482.49,2169,2169,2169,0,2169,0,0,505,2,9627.1,39618184,35.7,96
n100k_d128_ip,100000,128,ip,multicluster,0.0500,0.0500,5000,E_large48_acorn1,large,ACORN,48,1,96,500,10,0.9140,528.4,1875.17,2048.67,2336.29,2682.21,1892.44,1442,1195,22123,244939,267064,164130,102934,0,10,9627.1,39618184,35.7,96
n100k_d128_ip,100000,128,ip,multicluster,0.0500,0.0500,5000,C_acorn_g4,acorn,ACORN,16,4,16,500,10,0.0000,418772.7,2.38,2.50,2.71,3.25,2.39,1,1,182,536,719,0,719,0,0,12336.4,18532104,24.5,40
n100k_d128_ip,100000,128,ip,multicluster,0.0500,0.0500,5000,C_acorn_g8,acorn,ACORN,16,8,16,500,10,0.1080,10159.3,62.29,404.71,445.88,579.04,98.43,150,126,3895,12390,16287,11087,5199,0,10,19233.8,20264200,24.6,40
n100k_d128_ip,100000,128,ip,multicluster,0.0500,0.0500,5000,C_acorn_g16,acorn,ACORN,16,16,16,500,10,0.3600,4054.1,72.08,704.25,777.79,807.21,246.67,427,381,6405,17545,23952,17208,6743,0,10,39363.7,23728392,24.6,40
n100k_d128_ip,100000,128,ip,multicluster,0.0500,0.0500,5000,C_acorn_g32,acorn,ACORN,16,32,16,500,10,0.3280,4393.4,43.54,700.71,814.38,842.96,227.61,391,332,5868,15745,21615,15496,6118,0,10,99104.9,30656776,24.6,40
n100k_d128_ip,100000,128,ip,multicluster,0.0500,0.0500,5000,F_exact,exact,EXACT,16,0,0,0,100,1.0000,2158.7,461.38,484.54,494.12,497.50,463.24,5000,0,0,0,100000,0,0,0,100,0.0,0,0.0,0
n100k_d128_ip,100000,128,ip,multicluster,0.0500,0.0500,5000,A_std_standard,std,STANDARD,16,1,32,50,100,0.0937,12055.0,82.83,95.92,108.25,159.58,82.95,1038,1038,1038,0,1038,0,0,59,11,11836.8,14033032,24.5,32
n100k_d128_ip,100000,128,ip,multicluster,0.0500,0.0500,5000,B_std_acorn1,std,ACORN,16,1,32,50,100,0.0000,298879.5,3.54,3.71,3.75,3.92,3.35,1,1,36,625,662,0,662,0,0,11836.8,14033032,24.5,32
n100k_d128_ip,100000,128,ip,multicluster,0.0500,0.0500,5000,D_large24_standard,large,STANDARD,24,1,48,50,100,0.1005,10983.9,91.00,108.75,122.21,122.62,91.04,1209,1209,1209,0,1209,0,0,57,11,10422.4,20424136,30.4,48
n100k_d128_ip,100000,128,ip,multicluster,0.0500,0.0500,5000,E_large24_acorn1,large,ACORN,24,1,48,50,100,0.8090,7628.0,128.58,164.08,187.00,197.83,131.10,1008,934,787,7850,8638,4953,3685,0,100,10422.4,20424136,30.4,48
n100k_d128_ip,100000,128,ip,multicluster,0.0500,0.0500,5000,D_large48_standard,large,STANDARD,48,1,96,50,100,0.1027,9952.0,100.83,118.75,126.79,126.83,100.48,1433,1433,1433,0,1433,0,0,56,11,9627.1,39618184,35.7,96
n100k_d128_ip,100000,128,ip,multicluster,0.0500,0.0500,5000,E_large48_acorn1,large,ACORN,48,1,96,50,100,0.8695,4851.4,200.17,271.54,299.71,326.42,206.13,1262,1014,1590,20270,21861,11553,10307,0,100,9627.1,39618184,35.7,96
n100k_d128_ip,100000,128,ip,multicluster,0.0500,0.0500,5000,C_acorn_g4,acorn,ACORN,16,4,16,50,100,0.0000,292150.8,3.58,3.88,3.96,4.12,3.42,1,1,182,536,719,0,719,0,0,12336.4,18532104,24.5,40
n100k_d128_ip,100000,128,ip,multicluster,0.0500,0.0500,5000,C_acorn_g8,acorn,ACORN,16,8,16,50,100,0.0982,20933.1,45.54,67.75,90.08,108.12,47.77,148,124,2082,5744,7827,5032,2794,0,95,19233.8,20264200,24.6,40
n100k_d128_ip,100000,128,ip,multicluster,0.0500,0.0500,5000,C_acorn_g16,acorn,ACORN,16,16,16,50,100,0.3030,18959.9,41.33,117.58,122.33,129.38,52.74,327,281,2016,3527,5544,3229,2314,0,78,39363.7,23728392,24.6,40
n100k_d128_ip,100000,128,ip,multicluster,0.0500,0.0500,5000,C_acorn_g32,acorn,ACORN,16,32,16,50,100,0.2776,19284.2,37.46,107.00,127.08,153.21,51.86,303,244,2096,3741,5838,3393,2444,0,60,99104.9,30656776,24.6,40
n100k_d128_ip,100000,128,ip,multicluster,0.0500,0.0500,5000,A_std_standard,std,STANDARD,16,1,32,100,100,0.1064,8265.0,121.71,143.04,161.08,192.00,120.99,1461,1461,1461,0,1461,0,0,108,11,11836.8,14033032,24.5,32
n100k_d128_ip,100000,128,ip,multicluster,0.0500,0.0500,5000,B_std_acorn1,std,ACORN,16,1,32,100,100,0.0000,332272.3,2.96,3.29,3.71,7.42,3.01,1,1,36,625,662,0,662,0,0,11836.8,14033032,24.5,32
n100k_d128_ip,100000,128,ip,multicluster,0.0500,0.0500,5000,D_large24_standard,large,STANDARD,24,1,48,100,100,0.1089,7749.0,130.33,148.79,160.46,160.50,129.05,1631,1631,1631,0,1631,0,0,107,11,10422.4,20424136,30.4,48
n100k_d128_ip,100000,128,ip,multicluster,0.0500,0.0500,5000,E_large24_acorn1,large,ACORN,24,1,48,100,100,0.8502,4126.1,237.79,290.33,311.33,337.25,242.36,1073,999,2459,23567,26028,15847,10180,0,100,10422.4,20424136,30.4,48
n100k_d128_ip,100000,128,ip,multicluster,0.0500,0.0500,5000,D_large48_standard,large,STANDARD,48,1,96,100,100,0.1098,7231.7,140.92,159.67,166.21,169.46,138.28,1814,1814,1814,0,1814,0,0,106,11,9627.1,39618184,35.7,96
n100k_d128_ip,100000,128,ip,multicluster,0.0500,0.0500,5000,E_large48_acorn1,large,ACORN,48,1,96,100,100,0.8868,2665.5,365.17,450.54,510.12,647.25,375.17,1292,1045,3861,45176,49039,28458,20581,0,100,9627.1,39618184,35.7,96
n100k_d128_ip,100000,128,ip,multicluster,0.0500,0.0500,5000,C_acorn_g4,acorn,ACORN,16,4,16,100,100,0.0000,268277.8,3.71,4.04,4.21,4.46,3.73,1,1,182,536,719,0,719,0,0,12336.4,18532104,24.5,40
n100k_d128_ip,100000,128,ip,multicluster,0.0500,0.0500,5000,C_acorn_g8,acorn,ACORN,16,8,16,100,100,0.0991,15153.6,60.79,98.29,125.71,183.04,65.99,150,126,3049,9270,12321,8164,4156,0,95,19233.8,20264200,24.6,40
n100k_d128_ip,100000,128,ip,multicluster,0.0500,0.0500,5000,C_acorn_g16,acorn,ACORN,16,16,16,100,100,0.3441,13364.1,62.00,165.71,182.04,187.54,74.83,391,345,2801,5603,8406,5262,3143,0,78,39363.7,23728392,24.6,40
n100k_d128_ip,100000,128,ip,multicluster,0.0500,0.0500,5000,C_acorn_g32,acorn,ACORN,16,32,16,100,100,0.3148,15226.4,37.96,169.38,189.54,190.00,65.68,359,300,2472,4250,6724,4061,2662,0,60,99104.9,30656776,24.6,40
n100k_d128_ip,100000,128,ip,multicluster,0.0500,0.0500,5000,A_std_standard,std,STANDARD,16,1,32,250,100,0.1099,4118.3,244.71,276.08,284.12,341.88,242.82,1920,1920,1920,0,1920,0,0,258,11,11836.8,14033032,24.5,32
n100k_d128_ip,100000,128,ip,multicluster,0.0500,0.0500,5000,B_std_acorn1,std,ACORN,16,1,32,250,100,0.0000,320433.7,3.12,3.33,3.46,4.00,3.12,1,1,36,625,662,0,662,0,0,11836.8,14033032,24.5,32
n100k_d128_ip,100000,128,ip,multicluster,0.0500,0.0500,5000,D_large24_standard,large,STANDARD,24,1,48,250,100,0.1105,3987.5,251.46,282.08,293.71,297.38,250.79,1994,1994,1994,0,1994,0,0,257,11,10422.4,20424136,30.4,48
n100k_d128_ip,100000,128,ip,multicluster,0.0500,0.0500,5000,E_large24_acorn1,large,ACORN,24,1,48,250,100,0.8527,1553.7,639.83,728.38,759.92,763.25,643.64,1083,1010,7913,74348,82263,51094,31169,0,100,10422.4,20424136,30.4,48
n100k_d128_ip,100000,128,ip,multicluster,0.0500,0.0500,5000,D_large48_standard,large,STANDARD,48,1,96,250,100,0.1112,3897.6,259.00,283.54,296.29,299.46,256.57,2102,2102,2102,0,2102,0,0,255,11,9627.1,39618184,35.7,96
n100k_d128_ip,100000,128,ip,multicluster,0.0500,0.0500,5000,E_large48_acorn1,large,ACORN,48,1,96,250,100,0.9044,1064.5,919.92,1071.33,1131.38,1661.29,939.43,1367,1119,10769,120959,131729,79921,51807,0,100,9627.1,39618184,35.7,96
n100k_d128_ip,100000,128,ip,multicluster,0.0500,0.0500,5000,C_acorn_g4,acorn,ACORN,16,4,16,250,100,0.0000,274791.0,3.62,3.88,3.96,4.00,3.64,1,1,182,536,719,0,719,0,0,12336.4,18532104,24.5,40
n100k_d128_ip,100000,128,ip,multicluster,0.0500,0.0500,5000,C_acorn_g8,acorn,ACORN,16,8,16,250,100,0.0991,12276.6,61.62,231.67,291.33,384.46,81.46,150,126,3452,10718,14171,9528,4643,0,95,19233.8,20264200,24.6,40
n100k_d128_ip,100000,128,ip,multicluster,0.0500,0.0500,5000,C_acorn_g16,acorn,ACORN,16,16,16,250,100,0.3584,7536.9,63.33,364.75,410.46,443.42,132.68,426,380,4126,9348,13475,9149,4326,0,78,39363.7,23728392,24.6,40
n100k_d128_ip,100000,128,ip,multicluster,0.0500,0.0500,5000,C_acorn_g32,acorn,ACORN,16,32,16,250,100,0.3289,8175.2,39.08,366.21,442.17,444.04,122.32,390,332,3718,7873,11593,7788,3804,0,60,99104.9,30656776,24.6,40
n100k_d128_ip,100000,128,ip,multicluster,0.0500,0.0500,5000,A_std_standard,std,STANDARD,16,1,32,500,100,0.1100,2128.0,465.92,505.83,592.62,1016.29,469.93,2087,2087,2087,0,2087,0,0,513,11,11836.8,14033032,24.5,32
n100k_d128_ip,100000,128,ip,multicluster,0.0500,0.0500,5000,B_std_acorn1,std,ACORN,16,1,32,500,100,0.0000,296437.7,3.38,3.62,3.83,4.08,3.37,1,1,36,625,662,0,662,0,0,11836.8,14033032,24.5,32
n100k_d128_ip,100000,128,ip,multicluster,0.0500,0.0500,5000,D_large24_standard,large,STANDARD,24,1,48,500,100,0.1110,2108.8,478.54,503.67,513.33,533.29,474.21,2074,2074,2074,0,2074,0,0,507,11,10422.4,20424136,30.4,48
n100k_d128_ip,100000,128,ip,multicluster,0.0500,0.0500,5000,E_large24_acorn1,large,ACORN,24,1,48,500,100,0.8549,734.3,1357.62,1463.21,1492.29,1729.54,1361.75,1094,1020,17021,159337,176360,110063,66296,0,100,10422.4,20424136,30.4,48
n100k_d128_ip,100000,128,ip,multicluster,0.0500,0.0500,5000,D_large48_standard,large,STANDARD,48,1,96,500,100,0.1121,2070.7,485.83,511.96,521.29,529.42,482.94,2169,2169,2169,0,2169,0,0,505,11,9627.1,39618184,35.7,96
n100k_d128_ip,100000,128,ip,multicluster,0.0500,0.0500,5000,E_large48_acorn1,large,ACORN,48,1,96,500,100,0.9112,522.6,1892.79,2107.42,2416.92,2707.83,1913.35,1442,1195,22123,244939,267064,164130,102934,0,100,9627.1,39618184,35.7,96
n100k_d128_ip,100000,128,ip,multicluster,0.0500,0.0500,5000,C_acorn_g4,acorn,ACORN,16,4,16,500,100,0.0000,279621.7,3.54,3.83,4.00,4.04,3.58,1,1,182,536,719,0,719,0,0,12336.4,18532104,24.5,40
n100k_d128_ip,100000,128,ip,multicluster,0.0500,0.0500,5000,C_acorn_g8,acorn,ACORN,16,8,16,500,100,0.0991,9851.5,63.04,413.46,450.08,601.12,101.51,150,126,3895,12390,16287,11087,5199,0,95,19233.8,20264200,24.6,40
n100k_d128_ip,100000,128,ip,multicluster,0.0500,0.0500,5000,C_acorn_g16,acorn,ACORN,16,16,16,500,100,0.3586,4043.5,68.17,686.54,784.04,821.71,247.31,427,381,6405,17545,23952,17208,6743,0,78,39363.7,23728392,24.6,40
n100k_d128_ip,100000,128,ip,multicluster,0.0500,0.0500,5000,C_acorn_g32,acorn,ACORN,16,32,16,500,100,0.3289,4293.2,43.42,710.58,828.83,832.25,232.93,391,332,5868,15745,21615,15496,6118,0,60,99104.9,30656776,24.6,40
n100k_d128_ip,100000,128,ip,multicluster,0.0200,0.0200,2000,F_exact,exact,EXACT,16,0,0,0,10,1.0000,4236.0,236.04,238.62,254.75,279.75,236.07,2000,0,0,0,100000,0,0,0,10,0.0,0,0.0,0
n100k_d128_ip,100000,128,ip,multicluster,0.0200,0.0200,2000,A_std_standard,std,STANDARD,16,1,32,50,10,0.1030,14294.3,70.83,78.42,84.79,131.67,69.96,1037,1037,1037,0,1037,0,0,59,1,11836.8,14033032,24.5,32
n100k_d128_ip,100000,128,ip,multicluster,0.0200,0.0200,2000,B_std_acorn1,std,ACORN,16,1,32,50,10,0.2660,7702.6,128.71,142.58,145.50,151.08,129.83,458,399,1283,19224,20509,6200,14308,0,10,11836.8,14033032,24.5,32
n100k_d128_ip,100000,128,ip,multicluster,0.0200,0.0200,2000,D_large24_standard,large,STANDARD,24,1,48,50,10,0.1070,12859.3,79.25,86.88,91.50,105.38,77.76,1209,1209,1209,0,1209,0,0,57,1,10422.4,20424136,30.4,48
n100k_d128_ip,100000,128,ip,multicluster,0.0200,0.0200,2000,E_large24_acorn1,large,ACORN,24,1,48,50,10,0.4750,4488.5,217.54,252.04,299.33,349.38,222.79,475,400,1742,33014,34758,10976,23782,0,10,10422.4,20424136,30.4,48
n100k_d128_ip,100000,128,ip,multicluster,0.0200,0.0200,2000,D_large48_standard,large,STANDARD,48,1,96,50,10,0.1080,11508.4,87.96,100.88,101.79,122.75,86.89,1433,1433,1433,0,1433,0,0,56,1,9627.1,39618184,35.7,96
n100k_d128_ip,100000,128,ip,multicluster,0.0200,0.0200,2000,E_large48_acorn1,large,ACORN,48,1,96,50,10,0.5850,2464.6,379.08,565.00,700.21,725.29,405.74,600,511,2779,68729,71509,21721,49788,0,10,9627.1,39618184,35.7,96
n100k_d128_ip,100000,128,ip,multicluster,0.0200,0.0200,2000,C_acorn_g4,acorn,ACORN,16,4,16,50,10,0.2340,18541.7,52.62,63.38,72.96,79.17,53.93,428,383,1461,3263,4725,2161,2564,0,10,12336.4,18532104,24.5,40
n100k_d128_ip,100000,128,ip,multicluster,0.0200,0.0200,2000,C_acorn_g8,acorn,ACORN,16,8,16,50,10,0.1300,18127.3,54.21,63.58,70.50,75.96,55.17,390,382,1816,3423,5240,2145,3094,0,10,19233.8,20264200,24.6,40
n100k_d128_ip,100000,128,ip,multicluster,0.0200,0.0200,2000,C_acorn_g16,acorn,ACORN,16,16,16,50,10,0.5370,15717.9,61.38,83.42,100.67,116.38,63.62,422,381,2112,3108,5222,2082,3140,0,10,39363.7,23728392,24.6,40
n100k_d128_ip,100000,128,ip,multicluster,0.0200,0.0200,2000,C_acorn_g32,acorn,ACORN,16,32,16,50,10,0.3140,17279.0,56.21,79.00,98.33,134.96,57.87,282,238,2029,4896,6926,2754,4172,0,10,99104.9,30656776,24.6,40
n100k_d128_ip,100000,128,ip,multicluster,0.0200,0.0200,2000,A_std_standard,std,STANDARD,16,1,32,100,10,0.1100,8366.1,121.62,131.58,136.58,193.12,119.53,1461,1461,1461,0,1461,0,0,108,1,11836.8,14033032,24.5,32
n100k_d128_ip,100000,128,ip,multicluster,0.0200,0.0200,2000,B_std_acorn1,std,ACORN,16,1,32,100,10,0.2660,3674.0,269.58,289.33,337.42,350.54,272.18,458,400,2847,43930,46778,14489,32288,0,10,11836.8,14033032,24.5,32
n100k_d128_ip,100000,128,ip,multicluster,0.0200,0.0200,2000,D_large24_standard,large,STANDARD,24,1,48,100,10,0.1100,7811.2,130.38,141.88,146.46,158.71,128.02,1631,1631,1631,0,1631,0,0,107,1,10422.4,20424136,30.4,48
n100k_d128_ip,100000,128,ip,multicluster,0.0200,0.0200,2000,E_large24_acorn1,large,ACORN,24,1,48,100,10,0.4750,2154.5,451.38,524.79,775.62,855.42,464.15,483,408,3807,73596,77405,24818,52587,0,10,10422.4,20424136,30.4,48
n100k_d128_ip,100000,128,ip,multicluster,0.0200,0.0200,2000,D_large48_standard,large,STANDARD,48,1,96,100,10,0.1110,7301.1,139.25,152.33,156.12,181.71,136.97,1814,1814,1814,0,1814,0,0,106,1,9627.1,39618184,35.7,96
n100k_d128_ip,100000,128,ip,multicluster,0.0200,0.0200,2000,E_large48_acorn1,large,ACORN,48,1,96,100,10,0.6160,1226.5,753.96,1103.96,1485.62,1681.29,815.33,642,553,5685,140819,146505,45419,101086,0,10,9627.1,39618184,35.7,96
n100k_d128_ip,100000,128,ip,multicluster,0.0200,0.0200,2000,C_acorn_g4,acorn,ACORN,16,4,16,100,10,0.2350,8677.7,113.67,131.29,150.83,174.75,115.24,444,399,2829,10856,13687,6625,7062,0,10,12336.4,18532104,24.5,40
n100k_d128_ip,100000,128,ip,multicluster,0.0200,0.0200,2000,C_acorn_g8,acorn,ACORN,16,8,16,100,10,0.1340,8697.6,114.46,127.62,156.08,165.29,114.97,406,398,3175,11203,14379,6566,7813,0,10,19233.8,20264200,24.6,40
n100k_d128_ip,100000,128,ip,multicluster,0.0200,0.0200,2000,C_acorn_g16,acorn,ACORN,16,16,16,100,10,0.5470,7411.4,132.75,169.04,209.83,246.62,134.93,440,399,3460,10496,13958,6382,7575,0,10,39363.7,23728392,24.6,40
n100k_d128_ip,100000,128,ip,multicluster,0.0200,0.0200,2000,C_acorn_g32,acorn,ACORN,16,32,16,100,10,0.3150,8499.1,117.67,164.83,201.33,209.08,117.66,290,246,3301,12512,15814,6934,8880,0,10,99104.9,30656776,24.6,40
n100k_d128_ip,100000,128,ip,multicluster,0.0200,0.0200,2000,A_std_standard,std,STANDARD,16,1,32,250,10,0.1100,4133.6,244.71,268.88,294.08,349.33,241.92,1920,1920,1920,0,1920,0,0,258,1,11836.8,14033032,24.5,32
n100k_d128_ip,100000,128,ip,multicluster,0.0200,0.0200,2000,B_std_acorn1,std,ACORN,16,1,32,250,10,0.2660,1379.2,718.25,780.54,792.54,826.17,725.08,458,400,7541,118945,126488,39580,86907,0,10,11836.8,14033032,24.5,32
n100k_d128_ip,100000,128,ip,multicluster,0.0200,0.0200,2000,D_large24_standard,large,STANDARD,24,1,48,250,10,0.1110,4064.1,248.75,268.88,275.17,282.46,246.06,1994,1994,1994,0,1994,0,0,257,1,10422.4,20424136,30.4,48
n100k_d128_ip,100000,128,ip,multicluster,0.0200,0.0200,2000,E_large24_acorn1,large,ACORN,24,1,48,250,10,0.4940,853.0,1137.88,1419.75,1631.38,1700.21,1172.29,503,428,9969,195230,205201,66153,139048,0,10,10422.4,20424136,30.4,48
n100k_d128_ip,100000,128,ip,multicluster,0.0200,0.0200,2000,D_large48_standard,large,STANDARD,48,1,96,250,10,0.1150,3923.4,257.96,278.04,280.46,280.67,254.88,2102,2102,2102,0,2102,0,0,255,1,9627.1,39618184,35.7,96
n100k_d128_ip,100000,128,ip,multicluster,0.0200,0.0200,2000,E_large48_acorn1,large,ACORN,48,1,96,250,10,0.6390,504.0,1893.12,2604.08,3313.67,3337.62,1984.25,705,616,13969,346327,360298,113068,247229,0,10,9627.1,39618184,35.7,96
n100k_d128_ip,100000,128,ip,multicluster,0.0200,0.0200,2000,C_acorn_g4,acorn,ACORN,16,4,16,250,10,0.2350,3154.9,311.92,353.62,408.50,429.17,316.96,445,400,6936,35974,42911,21268,21642,0,10,12336.4,18532104,24.5,40
n100k_d128_ip,100000,128,ip,multicluster,0.0200,0.0200,2000,C_acorn_g8,acorn,ACORN,16,8,16,250,10,0.1340,3119.6,315.58,346.67,418.21,424.50,320.55,407,399,7310,37982,45294,21693,23600,0,10,19233.8,20264200,24.6,40
n100k_d128_ip,100000,128,ip,multicluster,0.0200,0.0200,2000,C_acorn_g16,acorn,ACORN,16,16,16,250,10,0.5470,2734.9,364.79,421.62,446.29,581.96,365.64,441,400,7575,36323,43899,21207,22691,0,10,39363.7,23728392,24.6,40
n100k_d128_ip,100000,128,ip,multicluster,0.0200,0.0200,2000,C_acorn_g32,acorn,ACORN,16,32,16,250,10,0.3150,4182.4,313.33,424.04,449.50,481.04,239.10,290,246,5459,25936,31396,14770,16626,0,10,99104.9,30656776,24.6,40
n100k_d128_ip,100000,128,ip,multicluster,0.0200,0.0200,2000,A_std_standard,std,STANDARD,16,1,32,500,10,0.1100,2127.9,469.62,501.33,600.96,1013.12,469.96,2087,2087,2087,0,2087,0,0,513,1,11836.8,14033032,24.5,32
n100k_d128_ip,100000,128,ip,multicluster,0.0200,0.0200,2000,B_std_acorn1,std,ACORN,16,1,32,500,10,0.2660,825.8,1202.88,1276.29,1290.29,1295.46,1210.93,458,400,12240,195088,207329,64910,142419,0,10,11836.8,14033032,24.5,32
n100k_d128_ip,100000,128,ip,multicluster,0.0200,0.0200,2000,D_large24_standard,large,STANDARD,24,1,48,500,10,0.1110,2126.1,473.88,499.17,511.29,533.04,470.35,2074,2074,2074,0,2074,0,0,507,1,10422.4,20424136,30.4,48
n100k_d128_ip,100000,128,ip,multicluster,0.0200,0.0200,2000,E_large24_acorn1,large,ACORN,24,1,48,500,10,0.4950,464.7,2352.38,2503.67,2567.50,2579.25,2151.71,691,616,17869,351786,369657,119054,250602,0,10,10422.4,20424136,30.4,48
n100k_d128_ip,100000,128,ip,multicluster,0.0200,0.0200,2000,D_large48_standard,large,STANDARD,48,1,96,500,10,0.1160,2071.2,485.58,514.79,522.83,525.58,482.82,2169,2169,2169,0,2169,0,0,505,1,9627.1,39618184,35.7,96
n100k_d128_ip,100000,128,ip,multicluster,0.0200,0.0200,2000,E_large48_acorn1,large,ACORN,48,1,96,500,10,0.7010,245.8,3845.58,5557.96,6771.75,6937.58,4068.71,1059,970,27975,694495,722472,227444,495028,0,10,9627.1,39618184,35.7,96
n100k_d128_ip,100000,128,ip,multicluster,0.0200,0.0200,2000,C_acorn_g4,acorn,ACORN,16,4,16,500,10,0.2350,1878.9,523.92,600.17,644.33,675.38,532.23,445,400,11001,60257,71259,35474,35785,0,10,12336.4,18532104,24.5,40
n100k_d128_ip,100000,128,ip,multicluster,0.0200,0.0200,2000,C_acorn_g8,acorn,ACORN,16,8,16,500,10,0.1340,1793.6,549.25,602.00,688.62,708.33,557.55,407,400,11480,65292,76774,37074,39699,0,10,19233.8,20264200,24.6,40
n100k_d128_ip,100000,128,ip,multicluster,0.0200,0.0200,2000,C_acorn_g16,acorn,ACORN,16,16,16,500,10,0.5470,1593.2,631.08,726.50,786.25,903.29,627.65,441,400,11682,62152,73835,35979,37856,0,10,39363.7,23728392,24.6,40
n100k_d128_ip,100000,128,ip,multicluster,0.0200,0.0200,2000,C_acorn_g32,acorn,ACORN,16,32,16,500,10,0.3150,2750.3,508.96,689.38,783.83,840.71,363.60,290,246,7437,38019,45458,21872,23586,0,10,99104.9,30656776,24.6,40
n100k_d128_ip,100000,128,ip,multicluster,0.0200,0.0200,2000,F_exact,exact,EXACT,16,0,0,0,100,1.0000,4230.1,234.67,252.50,264.71,267.33,236.40,2000,0,0,0,100000,0,0,0,100,0.0,0,0.0,0
n100k_d128_ip,100000,128,ip,multicluster,0.0200,0.0200,2000,A_std_standard,std,STANDARD,16,1,32,50,100,0.0967,12128.4,82.83,95.33,113.46,153.42,82.45,1038,1038,1038,0,1038,0,0,59,11,11836.8,14033032,24.5,32
n100k_d128_ip,100000,128,ip,multicluster,0.0200,0.0200,2000,B_std_acorn1,std,ACORN,16,1,32,50,100,0.2680,6911.8,143.29,158.62,170.75,194.33,144.68,458,399,1283,19224,20509,6200,14308,0,100,11836.8,14033032,24.5,32
n100k_d128_ip,100000,128,ip,multicluster,0.0200,0.0200,2000,D_large24_standard,large,STANDARD,24,1,48,50,100,0.1010,11084.3,91.08,102.08,107.79,116.79,90.22,1209,1209,1209,0,1209,0,0,57,11,10422.4,20424136,30.4,48
n100k_d128_ip,100000,128,ip,multicluster,0.0200,0.0200,2000,E_large24_acorn1,large,ACORN,24,1,48,50,100,0.4752,4222.8,232.58,276.08,306.71,369.58,236.81,475,400,1742,33014,34758,10976,23782,0,100,10422.4,20424136,30.4,48
n100k_d128_ip,100000,128,ip,multicluster,0.0200,0.0200,2000,D_large48_standard,large,STANDARD,48,1,96,50,100,0.1032,10071.2,100.29,113.25,115.46,118.38,99.29,1433,1433,1433,0,1433,0,0,56,11,9627.1,39618184,35.7,96
n100k_d128_ip,100000,128,ip,multicluster,0.0200,0.0200,2000,E_large48_acorn1,large,ACORN,48,1,96,50,100,0.5786,2341.7,398.88,619.58,733.54,746.17,427.04,600,511,2779,68729,71509,21721,49788,0,100,9627.1,39618184,35.7,96
n100k_d128_ip,100000,128,ip,multicluster,0.0200,0.0200,2000,C_acorn_g4,acorn,ACORN,16,4,16,50,100,0.2226,14754.0,66.62,75.38,89.46,97.92,67.78,428,383,1461,3263,4725,2161,2564,0,100,12336.4,18532104,24.5,40
n100k_d128_ip,100000,128,ip,multicluster,0.0200,0.0200,2000,C_acorn_g8,acorn,ACORN,16,8,16,50,100,0.1270,14432.6,67.08,82.21,90.46,111.79,69.29,390,382,1816,3423,5240,2145,3094,0,100,19233.8,20264200,24.6,40
n100k_d128_ip,100000,128,ip,multicluster,0.0200,0.0200,2000,C_acorn_g16,acorn,ACORN,16,16,16,50,100,0.5392,11796.7,82.42,104.75,125.33,151.67,84.77,422,381,2112,3108,5222,2082,3140,0,100,39363.7,23728392,24.6,40
n100k_d128_ip,100000,128,ip,multicluster,0.0200,0.0200,2000,C_acorn_g32,acorn,ACORN,16,32,16,50,100,0.3103,15345.1,64.62,88.21,110.58,133.21,65.17,282,238,2029,4896,6926,2754,4172,0,94,99104.9,30656776,24.6,40
n100k_d128_ip,100000,128,ip,multicluster,0.0200,0.0200,2000,A_std_standard,std,STANDARD,16,1,32,100,100,0.1077,8350.1,120.29,135.62,146.42,187.83,119.76,1461,1461,1461,0,1461,0,0,108,11,11836.8,14033032,24.5,32
n100k_d128_ip,100000,128,ip,multicluster,0.0200,0.0200,2000,B_std_acorn1,std,ACORN,16,1,32,100,100,0.2680,3548.1,279.17,300.58,330.88,350.58,281.84,458,400,2847,43930,46778,14489,32288,0,100,11836.8,14033032,24.5,32
n100k_d128_ip,100000,128,ip,multicluster,0.0200,0.0200,2000,D_large24_standard,large,STANDARD,24,1,48,100,100,0.1088,7757.5,130.29,146.21,163.42,172.79,128.91,1631,1631,1631,0,1631,0,0,107,11,10422.4,20424136,30.4,48
n100k_d128_ip,100000,128,ip,multicluster,0.0200,0.0200,2000,E_large24_acorn1,large,ACORN,24,1,48,100,100,0.4757,2122.6,459.38,526.21,778.29,878.42,471.11,483,408,3807,73596,77405,24818,52587,0,100,10422.4,20424136,30.4,48
n100k_d128_ip,100000,128,ip,multicluster,0.0200,0.0200,2000,D_large48_standard,large,STANDARD,48,1,96,100,100,0.1095,7374.6,137.88,152.29,156.88,160.12,135.60,1814,1814,1814,0,1814,0,0,106,11,9627.1,39618184,35.7,96
n100k_d128_ip,100000,128,ip,multicluster,0.0200,0.0200,2000,E_large48_acorn1,large,ACORN,48,1,96,100,100,0.6115,1202.8,778.46,1141.71,1482.88,1740.92,831.41,642,553,5685,140819,146505,45419,101086,0,100,9627.1,39618184,35.7,96
n100k_d128_ip,100000,128,ip,multicluster,0.0200,0.0200,2000,C_acorn_g4,acorn,ACORN,16,4,16,100,100,0.2274,8495.4,116.92,131.25,138.08,143.71,117.71,444,399,2829,10856,13687,6625,7062,0,100,12336.4,18532104,24.5,40
n100k_d128_ip,100000,128,ip,multicluster,0.0200,0.0200,2000,C_acorn_g8,acorn,ACORN,16,8,16,100,100,0.1309,8455.4,117.75,128.04,140.12,148.21,118.27,406,398,3175,11203,14379,6566,7813,0,100,19233.8,20264200,24.6,40
n100k_d128_ip,100000,128,ip,multicluster,0.0200,0.0200,2000,C_acorn_g16,acorn,ACORN,16,16,16,100,100,0.5511,7061.0,139.08,174.96,199.79,257.67,141.62,440,399,3460,10496,13958,6382,7575,0,100,39363.7,23728392,24.6,40
n100k_d128_ip,100000,128,ip,multicluster,0.0200,0.0200,2000,C_acorn_g32,acorn,ACORN,16,32,16,100,100,0.3180,8494.0,121.25,159.04,193.88,212.25,117.73,290,246,3301,12512,15814,6934,8880,0,94,99104.9,30656776,24.6,40
n100k_d128_ip,100000,128,ip,multicluster,0.0200,0.0200,2000,A_std_standard,std,STANDARD,16,1,32,250,100,0.1100,4105.3,245.21,270.46,280.88,340.67,243.59,1920,1920,1920,0,1920,0,0,258,11,11836.8,14033032,24.5,32
n100k_d128_ip,100000,128,ip,multicluster,0.0200,0.0200,2000,B_std_acorn1,std,ACORN,16,1,32,250,100,0.2680,1309.4,738.00,958.25,972.38,1019.92,763.74,458,400,7541,118945,126488,39580,86907,0,100,11836.8,14033032,24.5,32
n100k_d128_ip,100000,128,ip,multicluster,0.0200,0.0200,2000,D_large24_standard,large,STANDARD,24,1,48,250,100,0.1101,4033.9,250.79,276.79,284.12,293.17,247.90,1994,1994,1994,0,1994,0,0,257,11,10422.4,20424136,30.4,48
n100k_d128_ip,100000,128,ip,multicluster,0.0200,0.0200,2000,E_large24_acorn1,large,ACORN,24,1,48,250,100,0.4942,830.2,1170.92,1432.08,1655.46,1724.04,1204.51,503,428,9969,195230,205201,66153,139048,0,100,10422.4,20424136,30.4,48
n100k_d128_ip,100000,128,ip,multicluster,0.0200,0.0200,2000,D_large48_standard,large,STANDARD,48,1,96,250,100,0.1108,3901.4,258.08,282.08,302.08,306.29,256.32,2102,2102,2102,0,2102,0,0,255,11,9627.1,39618184,35.7,96
n100k_d128_ip,100000,128,ip,multicluster,0.0200,0.0200,2000,E_large48_acorn1,large,ACORN,48,1,96,250,100,0.6406,500.3,1913.08,2687.00,3317.46,3356.21,1998.61,705,616,13969,346327,360298,113068,247229,0,100,9627.1,39618184,35.7,96
n100k_d128_ip,100000,128,ip,multicluster,0.0200,0.0200,2000,C_acorn_g4,acorn,ACORN,16,4,16,250,100,0.2274,3107.3,317.67,358.21,432.92,438.00,321.82,445,400,6936,35974,42911,21268,21642,0,100,12336.4,18532104,24.5,40
n100k_d128_ip,100000,128,ip,multicluster,0.0200,0.0200,2000,C_acorn_g8,acorn,ACORN,16,8,16,250,100,0.1312,3069.4,322.50,348.33,403.00,413.46,325.80,407,399,7310,37982,45294,21693,23600,0,100,19233.8,20264200,24.6,40
n100k_d128_ip,100000,128,ip,multicluster,0.0200,0.0200,2000,C_acorn_g16,acorn,ACORN,16,16,16,250,100,0.5515,2666.8,370.67,445.42,487.67,589.88,374.98,441,400,7575,36323,43899,21207,22691,0,100,39363.7,23728392,24.6,40
n100k_d128_ip,100000,128,ip,multicluster,0.0200,0.0200,2000,C_acorn_g32,acorn,ACORN,16,32,16,250,100,0.3181,4133.4,315.12,419.38,461.67,481.58,241.93,290,246,5459,25936,31396,14770,16626,0,94,99104.9,30656776,24.6,40
n100k_d128_ip,100000,128,ip,multicluster,0.0200,0.0200,2000,A_std_standard,std,STANDARD,16,1,32,500,100,0.1100,2120.0,468.42,503.79,583.79,1024.46,471.69,2087,2087,2087,0,2087,0,0,513,11,11836.8,14033032,24.5,32
n100k_d128_ip,100000,128,ip,multicluster,0.0200,0.0200,2000,B_std_acorn1,std,ACORN,16,1,32,500,100,0.2680,818.8,1217.12,1284.92,1320.96,1323.38,1221.28,458,400,12240,195088,207329,64910,142419,0,100,11836.8,14033032,24.5,32
n100k_d128_ip,100000,128,ip,multicluster,0.0200,0.0200,2000,D_large24_standard,large,STANDARD,24,1,48,500,100,0.1103,2105.4,479.21,506.21,512.71,513.88,474.97,2074,2074,2074,0,2074,0,0,507,11,10422.4,20424136,30.4,48
n100k_d128_ip,100000,128,ip,multicluster,0.0200,0.0200,2000,E_large24_acorn1,large,ACORN,24,1,48,500,100,0.5005,459.8,2376.04,2551.29,2609.38,2686.33,2174.79,691,616,17869,351786,369657,119054,250602,0,100,10422.4,20424136,30.4,48
n100k_d128_ip,100000,128,ip,multicluster,0.0200,0.0200,2000,D_large48_standard,large,STANDARD,48,1,96,500,100,0.1114,2053.5,489.71,513.25,521.58,537.17,486.97,2169,2169,2169,0,2169,0,0,505,11,9627.1,39618184,35.7,96
n100k_d128_ip,100000,128,ip,multicluster,0.0200,0.0200,2000,E_large48_acorn1,large,ACORN,48,1,96,500,100,0.7036,245.9,3855.50,5696.71,6725.29,6978.29,4067.51,1059,970,27975,694495,722472,227444,495028,0,100,9627.1,39618184,35.7,96
n100k_d128_ip,100000,128,ip,multicluster,0.0200,0.0200,2000,C_acorn_g4,acorn,ACORN,16,4,16,500,100,0.2274,1847.4,533.96,586.12,671.71,695.38,541.31,445,400,11001,60257,71259,35474,35785,0,100,12336.4,18532104,24.5,40
n100k_d128_ip,100000,128,ip,multicluster,0.0200,0.0200,2000,C_acorn_g8,acorn,ACORN,16,8,16,500,100,0.1312,1764.4,556.79,622.04,688.62,715.79,566.76,407,400,11480,65292,76774,37074,39699,0,100,19233.8,20264200,24.6,40
n100k_d128_ip,100000,128,ip,multicluster,0.0200,0.0200,2000,C_acorn_g16,acorn,ACORN,16,16,16,500,100,0.5515,1592.2,637.17,713.58,740.46,904.54,628.06,441,400,11682,62152,73835,35979,37856,0,100,39363.7,23728392,24.6,40
n100k_d128_ip,100000,128,ip,multicluster,0.0200,0.0200,2000,C_acorn_g32,acorn,ACORN,16,32,16,500,100,0.3181,2787.3,515.00,663.08,695.29,757.79,358.77,290,246,7437,38019,45458,21872,23586,0,94,99104.9,30656776,24.6,40
n100k_d128_ip,100000,128,ip,multicluster,0.0100,0.0100,1000,F_exact,exact,EXACT,16,0,0,0,10,1.0000,5986.5,166.29,173.33,177.00,180.29,167.04,1000,0,0,0,100000,0,0,0,10,0.0,0,0.0,0
n100k_d128_ip,100000,128,ip,multicluster,0.0100,0.0100,1000,A_std_standard,std,STANDARD,16,1,32,50,10,0.1110,14173.5,71.33,79.92,96.50,129.04,70.55,1037,1037,1037,0,1037,0,0,59,1,11836.8,14033032,24.5,32
n100k_d128_ip,100000,128,ip,multicluster,0.0100,0.0100,1000,B_std_acorn1,std,ACORN,16,1,32,50,10,0.1800,7334.3,134.67,148.67,169.79,185.62,136.35,239,200,1480,28633,30115,5811,24304,0,10,11836.8,14033032,24.5,32
n100k_d128_ip,100000,128,ip,multicluster,0.0100,0.0100,1000,D_large24_standard,large,STANDARD,24,1,48,50,10,0.1200,12739.1,79.88,87.83,88.38,88.46,78.50,1209,1209,1209,0,1209,0,0,57,1,10422.4,20424136,30.4,48
n100k_d128_ip,100000,128,ip,multicluster,0.0100,0.0100,1000,E_large24_acorn1,large,ACORN,24,1,48,50,10,0.1570,4381.1,225.04,244.25,309.42,309.42,228.25,250,200,2142,52638,54782,10363,44418,0,10,10422.4,20424136,30.4,48
n100k_d128_ip,100000,128,ip,multicluster,0.0100,0.0100,1000,D_large48_standard,large,STANDARD,48,1,96,50,10,0.1210,11518.1,88.25,96.62,102.58,122.83,86.82,1433,1433,1433,0,1433,0,0,56,1,9627.1,39618184,35.7,96
n100k_d128_ip,100000,128,ip,multicluster,0.0100,0.0100,1000,E_large48_acorn1,large,ACORN,48,1,96,50,10,0.3860,2497.2,397.88,451.92,474.38,478.83,400.45,366,200,3008,93159,96168,17609,78559,0,10,9627.1,39618184,35.7,96
n100k_d128_ip,100000,128,ip,multicluster,0.0100,0.0100,1000,C_acorn_g4,acorn,ACORN,16,4,16,50,10,0.1800,18099.0,54.79,63.29,67.33,71.62,55.25,224,199,1569,6849,8420,2775,5645,0,10,12336.4,18532104,24.5,40
n100k_d128_ip,100000,128,ip,multicluster,0.0100,0.0100,1000,C_acorn_g8,acorn,ACORN,16,8,16,50,10,0.1800,17544.8,55.29,66.50,70.83,107.29,57.00,229,199,1742,6730,8474,2699,5774,0,10,19233.8,20264200,24.6,40
n100k_d128_ip,100000,128,ip,multicluster,0.0100,0.0100,1000,C_acorn_g16,acorn,ACORN,16,16,16,50,10,0.2060,17413.8,54.38,69.92,118.42,137.42,57.43,211,199,2268,6510,8780,2646,6133,0,10,39363.7,23728392,24.6,40
n100k_d128_ip,100000,128,ip,multicluster,0.0100,0.0100,1000,C_acorn_g32,acorn,ACORN,16,32,16,50,10,0.1770,16147.5,59.21,74.42,104.67,160.21,61.93,212,199,2690,7242,9934,2910,7023,0,10,99104.9,30656776,24.6,40
n100k_d128_ip,100000,128,ip,multicluster,0.0100,0.0100,1000,A_std_standard,std,STANDARD,16,1,32,100,10,0.1190,8427.7,120.00,136.17,157.50,186.58,118.66,1461,1461,1461,0,1461,0,0,108,1,11836.8,14033032,24.5,32
n100k_d128_ip,100000,128,ip,multicluster,0.0100,0.0100,1000,B_std_acorn1,std,ACORN,16,1,32,100,10,0.1800,3566.3,277.17,295.17,352.75,372.17,280.41,239,200,3067,60273,63341,12314,51027,0,10,11836.8,14033032,24.5,32
n100k_d128_ip,100000,128,ip,multicluster,0.0100,0.0100,1000,D_large24_standard,large,STANDARD,24,1,48,100,10,0.1200,7864.7,128.92,141.92,153.92,166.62,127.15,1631,1631,1631,0,1631,0,0,107,1,10422.4,20424136,30.4,48
n100k_d128_ip,100000,128,ip,multicluster,0.0100,0.0100,1000,E_large24_acorn1,large,ACORN,24,1,48,100,10,0.1570,2183.3,455.17,469.83,529.21,558.62,458.02,250,200,4350,108397,112748,21483,91265,0,10,10422.4,20424136,30.4,48
n100k_d128_ip,100000,128,ip,multicluster,0.0100,0.0100,1000,D_large48_standard,large,STANDARD,48,1,96,100,10,0.1240,7452.6,136.62,148.25,151.29,154.38,134.18,1814,1814,1814,0,1814,0,0,106,1,9627.1,39618184,35.7,96
n100k_d128_ip,100000,128,ip,multicluster,0.0100,0.0100,1000,E_large48_acorn1,large,ACORN,48,1,96,100,10,0.3860,1277.8,775.12,878.88,921.29,1026.79,782.62,368,202,6027,186520,192548,36008,156540,0,10,9627.1,39618184,35.7,96
n100k_d128_ip,100000,128,ip,multicluster,0.0100,0.0100,1000,C_acorn_g4,acorn,ACORN,16,4,16,100,10,0.1800,8831.4,111.00,125.58,148.00,169.25,113.23,224,200,2939,16510,19450,6609,12840,0,10,12336.4,18532104,24.5,40
n100k_d128_ip,100000,128,ip,multicluster,0.0100,0.0100,1000,C_acorn_g8,acorn,ACORN,16,8,16,100,10,0.1800,8979.0,110.04,125.12,141.04,183.75,111.37,229,200,3101,16224,19326,6387,12939,0,10,19233.8,20264200,24.6,40
n100k_d128_ip,100000,128,ip,multicluster,0.0100,0.0100,1000,C_acorn_g16,acorn,ACORN,16,16,16,100,10,0.2060,8380.4,114.42,152.21,217.29,263.29,119.33,211,200,3664,16579,20244,6622,13622,0,10,39363.7,23728392,24.6,40
n100k_d128_ip,100000,128,ip,multicluster,0.0100,0.0100,1000,C_acorn_g32,acorn,ACORN,16,32,16,100,10,0.1770,7856.5,123.04,146.50,210.21,279.33,127.28,212,199,4120,18075,22196,7146,15050,0,10,99104.9,30656776,24.6,40
n100k_d128_ip,100000,128,ip,multicluster,0.0100,0.0100,1000,A_std_standard,std,STANDARD,16,1,32,250,10,0.1200,4092.3,248.75,265.83,274.79,341.29,244.36,1920,1920,1920,0,1920,0,0,258,1,11836.8,14033032,24.5,32
n100k_d128_ip,100000,128,ip,multicluster,0.0100,0.0100,1000,B_std_acorn1,std,ACORN,16,1,32,250,10,0.1800,1743.5,569.79,614.00,646.79,658.38,573.57,239,200,6241,123999,130241,25354,104886,0,10,11836.8,14033032,24.5,32
n100k_d128_ip,100000,128,ip,multicluster,0.0100,0.0100,1000,D_large24_standard,large,STANDARD,24,1,48,250,10,0.1210,4025.1,250.25,274.88,280.33,292.54,248.44,1994,1994,1994,0,1994,0,0,257,1,10422.4,20424136,30.4,48
n100k_d128_ip,100000,128,ip,multicluster,0.0100,0.0100,1000,E_large24_acorn1,large,ACORN,24,1,48,250,10,0.1570,1058.9,934.88,1015.12,1031.58,1040.38,944.40,250,200,8732,219585,228319,43669,184649,0,10,10422.4,20424136,30.4,48
n100k_d128_ip,100000,128,ip,multicluster,0.0100,0.0100,1000,D_large48_standard,large,STANDARD,48,1,96,250,10,0.1250,3943.7,256.58,279.21,285.25,292.38,253.57,2102,2102,2102,0,2102,0,0,255,1,9627.1,39618184,35.7,96
n100k_d128_ip,100000,128,ip,multicluster,0.0100,0.0100,1000,E_large48_acorn1,large,ACORN,48,1,96,250,10,0.3860,566.8,1877.33,2032.46,2082.92,2092.04,1764.21,474,308,13539,420008,433549,82012,351536,0,10,9627.1,39618184,35.7,96
n100k_d128_ip,100000,128,ip,multicluster,0.0100,0.0100,1000,C_acorn_g4,acorn,ACORN,16,4,16,250,10,0.1800,4354.3,224.29,266.12,303.08,317.21,229.66,224,200,5627,34939,40567,13947,26619,0,10,12336.4,18532104,24.5,40
n100k_d128_ip,100000,128,ip,multicluster,0.0100,0.0100,1000,C_acorn_g8,acorn,ACORN,16,8,16,250,10,0.1800,4354.9,225.58,250.00,307.92,331.08,229.63,229,200,5800,34861,40663,13599,27064,0,10,19233.8,20264200,24.6,40
n100k_d128_ip,100000,128,ip,multicluster,0.0100,0.0100,1000,C_acorn_g16,acorn,ACORN,16,16,16,250,10,0.2060,4032.7,237.54,312.12,405.92,467.67,247.97,211,200,6428,36443,42873,14471,28401,0,10,39363.7,23728392,24.6,40
n100k_d128_ip,100000,128,ip,multicluster,0.0100,0.0100,1000,C_acorn_g32,acorn,ACORN,16,32,16,250,10,0.1770,3823.0,253.75,295.92,383.25,481.54,261.58,212,200,6939,39134,46074,15373,30701,0,10,99104.9,30656776,24.6,40
n100k_d128_ip,100000,128,ip,multicluster,0.0100,0.0100,1000,A_std_standard,std,STANDARD,16,1,32,500,10,0.1200,2133.6,468.17,496.04,611.04,1016.92,468.68,2087,2087,2087,0,2087,0,0,513,1,11836.8,14033032,24.5,32
n100k_d128_ip,100000,128,ip,multicluster,0.0100,0.0100,1000,B_std_acorn1,std,ACORN,16,1,32,500,10,0.1800,1739.5,570.83,632.25,661.42,671.54,574.88,239,200,6241,123999,130241,25354,104886,0,10,11836.8,14033032,24.5,32
n100k_d128_ip,100000,128,ip,multicluster,0.0100,0.0100,1000,D_large24_standard,large,STANDARD,24,1,48,500,10,0.1220,2124.7,475.21,497.29,503.38,504.71,470.66,2074,2074,2074,0,2074,0,0,507,1,10422.4,20424136,30.4,48
n100k_d128_ip,100000,128,ip,multicluster,0.0100,0.0100,1000,E_large24_acorn1,large,ACORN,24,1,48,500,10,0.1570,1058.2,944.25,1020.54,1044.29,1047.38,945.02,250,200,8732,219585,228319,43669,184649,0,10,10422.4,20424136,30.4,48
n100k_d128_ip,100000,128,ip,multicluster,0.0100,0.0100,1000,D_large48_standard,large,STANDARD,48,1,96,500,10,0.1270,2075.8,485.71,511.42,520.25,528.29,481.75,2169,2169,2169,0,2169,0,0,505,1,9627.1,39618184,35.7,96
n100k_d128_ip,100000,128,ip,multicluster,0.0100,0.0100,1000,E_large48_acorn1,large,ACORN,48,1,96,500,10,0.3860,415.9,3054.00,3246.75,3279.12,3290.33,2404.46,474,308,18446,574538,592986,112145,480840,0,10,9627.1,39618184,35.7,96
n100k_d128_ip,100000,128,ip,multicluster,0.0100,0.0100,1000,C_acorn_g4,acorn,ACORN,16,4,16,500,10,0.1800,4369.1,227.29,242.12,253.54,262.92,228.88,224,200,5627,34939,40567,13947,26619,0,10,12336.4,18532104,24.5,40
n100k_d128_ip,100000,128,ip,multicluster,0.0100,0.0100,1000,C_acorn_g8,acorn,ACORN,16,8,16,500,10,0.1800,4358.2,226.58,241.29,295.00,296.25,229.45,229,200,5800,34861,40663,13599,27064,0,10,19233.8,20264200,24.6,40
n100k_d128_ip,100000,128,ip,multicluster,0.0100,0.0100,1000,C_acorn_g16,acorn,ACORN,16,16,16,500,10,0.2060,4070.6,238.75,277.54,324.25,487.42,245.66,211,200,6428,36443,42873,14471,28401,0,10,39363.7,23728392,24.6,40
n100k_d128_ip,100000,128,ip,multicluster,0.0100,0.0100,1000,C_acorn_g32,acorn,ACORN,16,32,16,500,10,0.1770,3874.1,253.38,272.00,341.12,486.08,258.13,212,200,6939,39134,46074,15373,30701,0,10,99104.9,30656776,24.6,40
n100k_d128_ip,100000,128,ip,multicluster,0.0050,0.0050,500,F_exact,exact,EXACT,16,0,0,0,10,1.0000,7329.3,136.08,138.92,145.12,145.75,136.44,500,0,0,0,100000,0,0,0,10,0.0,0,0.0,0
n100k_d128_ip,100000,128,ip,multicluster,0.0050,0.0050,500,A_std_standard,std,STANDARD,16,1,32,50,10,0.0900,14358.4,70.38,77.04,88.50,127.71,69.65,1037,1037,1037,0,1037,0,0,59,1,11836.8,14033032,24.5,32
n100k_d128_ip,100000,128,ip,multicluster,0.0050,0.0050,500,B_std_acorn1,std,ACORN,16,1,32,50,10,0.2100,7595.7,130.79,138.58,142.46,143.25,131.65,129,100,1579,35466,37047,4552,32494,0,10,11836.8,14033032,24.5,32
n100k_d128_ip,100000,128,ip,multicluster,0.0050,0.0050,500,D_large24_standard,large,STANDARD,24,1,48,50,10,0.1000,12915.5,79.67,87.00,92.12,94.71,77.43,1209,1209,1209,0,1209,0,0,57,1,10422.4,20424136,30.4,48
n100k_d128_ip,100000,128,ip,multicluster,0.0050,0.0050,500,E_large24_acorn1,large,ACORN,24,1,48,50,10,0.1460,4248.3,234.92,244.62,249.58,252.25,235.39,150,100,2313,64892,67207,7851,59356,0,10,10422.4,20424136,30.4,48
n100k_d128_ip,100000,128,ip,multicluster,0.0050,0.0050,500,D_large48_standard,large,STANDARD,48,1,96,50,10,0.1020,11437.7,89.08,97.46,107.92,115.04,87.43,1433,1433,1433,0,1433,0,0,56,1,9627.1,39618184,35.7,96
n100k_d128_ip,100000,128,ip,multicluster,0.0050,0.0050,500,E_large48_acorn1,large,ACORN,48,1,96,50,10,0.2530,2390.4,410.96,459.88,514.00,726.88,418.34,249,102,3393,121003,124398,14083,110315,0,10,9627.1,39618184,35.7,96
n100k_d128_ip,100000,128,ip,multicluster,0.0050,0.0050,500,C_acorn_g4,acorn,ACORN,16,4,16,50,10,0.2100,18870.7,52.17,59.79,64.58,68.25,52.99,120,100,1595,8984,10581,2445,8136,0,10,12336.4,18532104,24.5,40
n100k_d128_ip,100000,128,ip,multicluster,0.0050,0.0050,500,C_acorn_g8,acorn,ACORN,16,8,16,50,10,0.2100,18987.6,52.21,58.96,61.50,64.54,52.67,120,100,1757,8950,10708,2333,8374,0,10,19233.8,20264200,24.6,40
n100k_d128_ip,100000,128,ip,multicluster,0.0050,0.0050,500,C_acorn_g16,acorn,ACORN,16,16,16,50,10,0.1460,17428.4,56.79,63.54,74.25,79.75,57.38,106,100,2299,9632,11932,2602,9330,0,10,39363.7,23728392,24.6,40
n100k_d128_ip,100000,128,ip,multicluster,0.0050,0.0050,500,C_acorn_g32,acorn,ACORN,16,32,16,50,10,0.1460,17134.6,58.00,63.29,71.58,73.58,58.36,108,99,2676,9759,12437,2619,9817,0,10,99104.9,30656776,24.6,40
n100k_d128_ip,100000,128,ip,multicluster,0.0050,0.0050,500,A_std_standard,std,STANDARD,16,1,32,100,10,0.0900,8402.0,120.08,133.62,136.62,191.62,119.02,1461,1461,1461,0,1461,0,0,108,1,11836.8,14033032,24.5,32
n100k_d128_ip,100000,128,ip,multicluster,0.0050,0.0050,500,B_std_acorn1,std,ACORN,16,1,32,100,10,0.2100,3740.7,263.29,279.46,319.58,329.58,267.33,129,100,3173,72417,75591,9309,66281,0,10,11836.8,14033032,24.5,32
n100k_d128_ip,100000,128,ip,multicluster,0.0050,0.0050,500,D_large24_standard,large,STANDARD,24,1,48,100,10,0.1000,7923.3,128.46,140.38,143.58,144.54,126.21,1631,1631,1631,0,1631,0,0,107,1,10422.4,20424136,30.4,48
n100k_d128_ip,100000,128,ip,multicluster,0.0050,0.0050,500,E_large24_acorn1,large,ACORN,24,1,48,100,10,0.1460,2231.1,444.54,470.25,476.04,484.12,448.21,150,100,4594,130244,134840,15870,118969,0,10,10422.4,20424136,30.4,48
n100k_d128_ip,100000,128,ip,multicluster,0.0050,0.0050,500,D_large48_standard,large,STANDARD,48,1,96,100,10,0.1050,7408.5,136.79,150.71,157.75,158.50,134.98,1814,1814,1814,0,1814,0,0,106,1,9627.1,39618184,35.7,96
n100k_d128_ip,100000,128,ip,multicluster,0.0050,0.0050,500,E_large48_acorn1,large,ACORN,48,1,96,100,10,0.2530,1209.3,804.58,879.25,950.38,1199.17,826.93,254,107,6690,238594,245286,28272,217013,0,10,9627.1,39618184,35.7,96
n100k_d128_ip,100000,128,ip,multicluster,0.0050,0.0050,500,C_acorn_g4,acorn,ACORN,16,4,16,100,10,0.2100,9772.1,102.04,105.75,113.29,117.38,102.33,120,100,2950,18857,21809,5062,16746,0,10,12336.4,18532104,24.5,40
n100k_d128_ip,100000,128,ip,multicluster,0.0050,0.0050,500,C_acorn_g8,acorn,ACORN,16,8,16,100,10,0.2100,9900.5,100.67,105.54,113.67,123.42,101.01,120,100,3108,18914,22023,4886,17137,0,10,19233.8,20264200,24.6,40
n100k_d128_ip,100000,128,ip,multicluster,0.0050,0.0050,500,C_acorn_g16,acorn,ACORN,16,16,16,100,10,0.1460,9040.4,110.21,115.04,120.88,131.21,110.61,106,100,3694,20333,24029,5473,18555,0,10,39363.7,23728392,24.6,40
n100k_d128_ip,100000,128,ip,multicluster,0.0050,0.0050,500,C_acorn_g32,acorn,ACORN,16,32,16,100,10,0.1460,9067.3,109.54,113.75,118.58,130.50,110.29,108,100,4072,20738,24811,5565,19245,0,10,99104.9,30656776,24.6,40
n100k_d128_ip,100000,128,ip,multicluster,0.0050,0.0050,500,A_std_standard,std,STANDARD,16,1,32,250,10,0.0900,4136.5,244.42,263.38,284.50,346.33,241.75,1920,1920,1920,0,1920,0,0,258,1,11836.8,14033032,24.5,32
n100k_d128_ip,100000,128,ip,multicluster,0.0050,0.0050,500,B_std_acorn1,std,ACORN,16,1,32,250,10,0.2100,3596.8,276.96,286.67,292.71,317.04,278.03,129,100,3173,72417,75591,9309,66281,0,10,11836.8,14033032,24.5,32
n100k_d128_ip,100000,128,ip,multicluster,0.0050,0.0050,500,D_large24_standard,large,STANDARD,24,1,48,250,10,0.1000,4062.8,248.25,271.08,276.42,280.38,246.14,1994,1994,1994,0,1994,0,0,257,1,10422.4,20424136,30.4,48
n100k_d128_ip,100000,128,ip,multicluster,0.0050,0.0050,500,E_large24_acorn1,large,ACORN,24,1,48,250,10,0.1460,2148.7,468.00,477.00,494.38,579.42,465.41,150,100,4594,130244,134840,15870,118969,0,10,10422.4,20424136,30.4,48
n100k_d128_ip,100000,128,ip,multicluster,0.0050,0.0050,500,D_large48_standard,large,STANDARD,48,1,96,250,10,0.1060,3940.1,256.62,277.46,283.12,285.38,253.80,2102,2102,2102,0,2102,0,0,255,1,9627.1,39618184,35.7,96
n100k_d128_ip,100000,128,ip,multicluster,0.0050,0.0050,500,E_large48_acorn1,large,ACORN,48,1,96,250,10,0.2530,923.0,804.83,1732.04,1760.12,2082.58,1083.43,278,132,8794,313560,322356,37204,285151,0,10,9627.1,39618184,35.7,96
n100k_d128_ip,100000,128,ip,multicluster,0.0050,0.0050,500,C_acorn_g4,acorn,ACORN,16,4,16,250,10,0.2100,9813.5,101.42,106.38,111.46,117.50,101.90,120,100,2950,18857,21809,5062,16746,0,10,12336.4,18532104,24.5,40
n100k_d128_ip,100000,128,ip,multicluster,0.0050,0.0050,500,C_acorn_g8,acorn,ACORN,16,8,16,250,10,0.2100,9810.3,101.46,107.33,113.71,122.25,101.93,120,100,3108,18914,22023,4886,17137,0,10,19233.8,20264200,24.6,40
n100k_d128_ip,100000,128,ip,multicluster,0.0050,0.0050,500,C_acorn_g16,acorn,ACORN,16,16,16,250,10,0.1460,9109.8,109.38,114.58,118.83,131.21,109.77,106,100,3694,20333,24029,5473,18555,0,10,39363.7,23728392,24.6,40
n100k_d128_ip,100000,128,ip,multicluster,0.0050,0.0050,500,C_acorn_g32,acorn,ACORN,16,32,16,250,10,0.1460,8921.5,111.38,118.50,122.38,133.96,112.09,108,100,4072,20738,24811,5565,19245,0,10,99104.9,30656776,24.6,40
n100k_d128_ip,100000,128,ip,multicluster,0.0050,0.0050,500,A_std_standard,std,STANDARD,16,1,32,500,10,0.0990,2120.8,471.12,501.67,607.46,1037.33,471.51,2087,2087,2087,0,2087,0,0,513,1,11836.8,14033032,24.5,32
n100k_d128_ip,100000,128,ip,multicluster,0.0050,0.0050,500,B_std_acorn1,std,ACORN,16,1,32,500,10,0.2100,3606.5,276.62,285.96,289.62,290.33,277.28,129,100,3173,72417,75591,9309,66281,0,10,11836.8,14033032,24.5,32
n100k_d128_ip,100000,128,ip,multicluster,0.0050,0.0050,500,D_large24_standard,large,STANDARD,24,1,48,500,10,0.1020,2115.1,478.21,500.12,511.83,513.79,472.80,2074,2074,2074,0,2074,0,0,507,1,10422.4,20424136,30.4,48
n100k_d128_ip,100000,128,ip,multicluster,0.0050,0.0050,500,E_large24_acorn1,large,ACORN,24,1,48,500,10,0.1460,2126.7,469.08,481.79,484.83,487.79,470.21,150,100,4594,130244,134840,15870,118969,0,10,10422.4,20424136,30.4,48
n100k_d128_ip,100000,128,ip,multicluster,0.0050,0.0050,500,D_large48_standard,large,STANDARD,48,1,96,500,10,0.1090,2085.8,483.25,503.04,526.96,534.25,479.43,2169,2169,2169,0,2169,0,0,505,1,9627.1,39618184,35.7,96
n100k_d128_ip,100000,128,ip,multicluster,0.0050,0.0050,500,E_large48_acorn1,large,ACORN,48,1,96,500,10,0.2530,916.1,808.08,1732.54,1776.25,2071.75,1091.55,278,132,8794,313560,322356,37204,285151,0,10,9627.1,39618184,35.7,96
n100k_d128_ip,100000,128,ip,multicluster,0.0050,0.0050,500,C_acorn_g4,acorn,ACORN,16,4,16,500,10,0.2100,9800.6,101.21,107.33,120.54,123.17,102.03,120,100,2950,18857,21809,5062,16746,0,10,12336.4,18532104,24.5,40
n100k_d128_ip,100000,128,ip,multicluster,0.0050,0.0050,500,C_acorn_g8,acorn,ACORN,16,8,16,500,10,0.2100,9787.2,101.50,108.67,113.50,120.42,102.17,120,100,3108,18914,22023,4886,17137,0,10,19233.8,20264200,24.6,40
n100k_d128_ip,100000,128,ip,multicluster,0.0050,0.0050,500,C_acorn_g16,acorn,ACORN,16,16,16,500,10,0.1460,9097.9,109.12,115.38,120.58,131.46,109.92,106,100,3694,20333,24029,5473,18555,0,10,39363.7,23728392,24.6,40
n100k_d128_ip,100000,128,ip,multicluster,0.0050,0.0050,500,C_acorn_g32,acorn,ACORN,16,32,16,500,10,0.1460,8876.5,112.00,118.62,122.79,135.71,112.66,108,100,4072,20738,24811,5565,19245,0,10,99104.9,30656776,24.6,40
n100k_d128_ip,100000,128,ip,multicluster,0.0010,0.0010,100,F_exact,exact,EXACT,16,0,0,0,10,1.0000,9036.9,110.42,111.33,113.12,124.71,110.66,100,0,0,0,100000,0,0,0,10,0.0,0,0.0,0
n100k_d128_ip,100000,128,ip,multicluster,0.0010,0.0010,100,A_std_standard,std,STANDARD,16,1,32,50,10,0.0840,14405.1,70.25,77.42,82.71,130.00,69.42,1037,1037,1037,0,1037,0,0,59,0,11836.8,14033032,24.5,32
n100k_d128_ip,100000,128,ip,multicluster,0.0010,0.0010,100,B_std_acorn1,std,ACORN,16,1,32,50,10,0.0000,357460.7,2.79,2.92,3.08,3.42,2.80,1,1,36,625,662,0,662,0,0,11836.8,14033032,24.5,32
n100k_d128_ip,100000,128,ip,multicluster,0.0010,0.0010,100,D_large24_standard,large,STANDARD,24,1,48,50,10,0.0880,12727.1,80.08,89.83,93.79,100.29,78.57,1209,1209,1209,0,1209,0,0,57,0,10422.4,20424136,30.4,48
n100k_d128_ip,100000,128,ip,multicluster,0.0010,0.0010,100,E_large24_acorn1,large,ACORN,24,1,48,50,10,0.2620,10542.6,93.96,101.62,105.21,108.33,94.85,47,20,1018,32142,33162,1676,31485,0,10,10422.4,20424136,30.4,48
n100k_d128_ip,100000,128,ip,multicluster,0.0010,0.0010,100,D_large48_standard,large,STANDARD,48,1,96,50,10,0.0890,11607.2,87.75,96.71,98.21,99.83,86.15,1433,1433,1433,0,1433,0,0,56,0,9627.1,39618184,35.7,96
n100k_d128_ip,100000,128,ip,multicluster,0.0010,0.0010,100,E_large48_acorn1,large,ACORN,48,1,96,50,10,0.1760,5326.8,187.17,193.75,195.33,196.25,187.73,21,21,1644,68119,69764,2787,66977,0,10,9627.1,39618184,35.7,96
n100k_d128_ip,100000,128,ip,multicluster,0.0010,0.0010,100,C_acorn_g4,acorn,ACORN,16,4,16,50,10,0.0000,361498.9,2.62,3.17,3.21,3.25,2.77,1,1,182,536,719,0,719,0,0,12336.4,18532104,24.5,40
n100k_d128_ip,100000,128,ip,multicluster,0.0010,0.0010,100,C_acorn_g8,acorn,ACORN,16,8,16,50,10,0.0000,366187.7,2.71,2.83,2.88,2.88,2.73,1,1,311,588,900,0,900,0,0,19233.8,20264200,24.6,40
n100k_d128_ip,100000,128,ip,multicluster,0.0010,0.0010,100,C_acorn_g16,acorn,ACORN,16,16,16,50,10,0.0000,309802.8,3.21,3.29,3.38,3.50,3.23,1,1,570,606,1177,0,1177,0,0,39363.7,23728392,24.6,40
n100k_d128_ip,100000,128,ip,multicluster,0.0010,0.0010,100,C_acorn_g32,acorn,ACORN,16,32,16,50,10,0.1760,39635.4,24.71,27.75,38.08,38.29,25.23,21,20,1841,5369,7211,639,6571,0,10,99104.9,30656776,24.6,40
n100k_d128_ip,100000,128,ip,multicluster,0.0010,0.0010,100,A_std_standard,std,STANDARD,16,1,32,100,10,0.0900,8425.8,119.42,134.29,143.96,188.46,118.68,1461,1461,1461,0,1461,0,0,108,0,11836.8,14033032,24.5,32
n100k_d128_ip,100000,128,ip,multicluster,0.0010,0.0010,100,B_std_acorn1,std,ACORN,16,1,32,100,10,0.0000,320255.2,3.12,3.29,3.42,3.62,3.12,1,1,36,625,662,0,662,0,0,11836.8,14033032,24.5,32
n100k_d128_ip,100000,128,ip,multicluster,0.0010,0.0010,100,D_large24_standard,large,STANDARD,24,1,48,100,10,0.0900,7836.6,130.58,138.08,142.54,143.25,127.61,1631,1631,1631,0,1631,0,0,107,0,10422.4,20424136,30.4,48
n100k_d128_ip,100000,128,ip,multicluster,0.0010,0.0010,100,E_large24_acorn1,large,ACORN,24,1,48,100,10,0.2620,10499.6,94.62,101.92,104.46,105.25,95.24,47,20,1018,32142,33162,1676,31485,0,10,10422.4,20424136,30.4,48
n100k_d128_ip,100000,128,ip,multicluster,0.0010,0.0010,100,D_large48_standard,large,STANDARD,48,1,96,100,10,0.0900,7419.8,137.12,149.54,152.96,157.88,134.77,1814,1814,1814,0,1814,0,0,106,0,9627.1,39618184,35.7,96
n100k_d128_ip,100000,128,ip,multicluster,0.0010,0.0010,100,E_large48_acorn1,large,ACORN,48,1,96,100,10,0.1760,5321.9,187.33,193.67,199.83,200.17,187.90,21,21,1644,68119,69764,2787,66977,0,10,9627.1,39618184,35.7,96
n100k_d128_ip,100000,128,ip,multicluster,0.0010,0.0010,100,C_acorn_g4,acorn,ACORN,16,4,16,100,10,0.0000,345275.3,2.92,3.04,3.08,3.21,2.90,1,1,182,536,719,0,719,0,0,12336.4,18532104,24.5,40
n100k_d128_ip,100000,128,ip,multicluster,0.0010,0.0010,100,C_acorn_g8,acorn,ACORN,16,8,16,100,10,0.0000,369174.0,2.71,2.79,2.88,2.96,2.71,1,1,311,588,900,0,900,0,0,19233.8,20264200,24.6,40
n100k_d128_ip,100000,128,ip,multicluster,0.0010,0.0010,100,C_acorn_g16,acorn,ACORN,16,16,16,100,10,0.0000,308403.1,3.25,3.33,3.38,3.46,3.24,1,1,570,606,1177,0,1177,0,0,39363.7,23728392,24.6,40
n100k_d128_ip,100000,128,ip,multicluster,0.0010,0.0010,100,C_acorn_g32,acorn,ACORN,16,32,16,100,10,0.1760,40098.9,24.71,25.92,33.21,34.50,24.94,21,20,1841,5369,7211,639,6571,0,10,99104.9,30656776,24.6,40
n100k_d128_ip,100000,128,ip,multicluster,0.0010,0.0010,100,A_std_standard,std,STANDARD,16,1,32,250,10,0.0900,4152.3,243.25,262.71,276.29,351.67,240.83,1920,1920,1920,0,1920,0,0,258,0,11836.8,14033032,24.5,32
n100k_d128_ip,100000,128,ip,multicluster,0.0010,0.0010,100,B_std_acorn1,std,ACORN,16,1,32,250,10,0.0000,231170.0,4.75,4.96,5.04,5.12,4.33,1,1,36,625,662,0,662,0,0,11836.8,14033032,24.5,32
n100k_d128_ip,100000,128,ip,multicluster,0.0010,0.0010,100,D_large24_standard,large,STANDARD,24,1,48,250,10,0.0900,4061.4,248.21,270.50,274.50,280.08,246.22,1994,1994,1994,0,1994,0,0,257,0,10422.4,20424136,30.4,48
n100k_d128_ip,100000,128,ip,multicluster,0.0010,0.0010,100,E_large24_acorn1,large,ACORN,24,1,48,250,10,0.2620,10576.1,94.08,97.50,103.29,109.67,94.55,47,20,1018,32142,33162,1676,31485,0,10,10422.4,20424136,30.4,48
n100k_d128_ip,100000,128,ip,multicluster,0.0010,0.0010,100,D_large48_standard,large,STANDARD,48,1,96,250,10,0.0910,3963.0,254.25,276.79,280.21,284.04,252.33,2102,2102,2102,0,2102,0,0,255,0,9627.1,39618184,35.7,96
n100k_d128_ip,100000,128,ip,multicluster,0.0010,0.0010,100,E_large48_acorn1,large,ACORN,48,1,96,250,10,0.1760,5341.1,186.83,190.79,195.08,196.54,187.23,21,21,1644,68119,69764,2787,66977,0,10,9627.1,39618184,35.7,96
n100k_d128_ip,100000,128,ip,multicluster,0.0010,0.0010,100,C_acorn_g4,acorn,ACORN,16,4,16,250,10,0.0000,337928.0,2.92,3.12,3.17,3.21,2.96,1,1,182,536,719,0,719,0,0,12336.4,18532104,24.5,40
n100k_d128_ip,100000,128,ip,multicluster,0.0010,0.0010,100,C_acorn_g8,acorn,ACORN,16,8,16,250,10,0.0000,376177.4,2.67,2.75,2.75,2.88,2.66,1,1,311,588,900,0,900,0,0,19233.8,20264200,24.6,40
n100k_d128_ip,100000,128,ip,multicluster,0.0010,0.0010,100,C_acorn_g16,acorn,ACORN,16,16,16,250,10,0.0000,324200.6,3.08,3.17,3.21,3.21,3.08,1,1,570,606,1177,0,1177,0,0,39363.7,23728392,24.6,40
n100k_d128_ip,100000,128,ip,multicluster,0.0010,0.0010,100,C_acorn_g32,acorn,ACORN,16,32,16,250,10,0.1760,40194.2,24.83,25.67,27.25,27.83,24.88,21,20,1841,5369,7211,639,6571,0,10,99104.9,30656776,24.6,40
n100k_d128_ip,100000,128,ip,multicluster,0.0010,0.0010,100,A_std_standard,std,STANDARD,16,1,32,500,10,0.0900,2045.8,485.58,514.04,689.00,1018.71,488.81,2087,2087,2087,0,2087,0,0,513,0,11836.8,14033032,24.5,32
n100k_d128_ip,100000,128,ip,multicluster,0.0010,0.0010,100,B_std_acorn1,std,ACORN,16,1,32,500,10,0.0000,292325.9,3.42,3.75,3.96,4.12,3.42,1,1,36,625,662,0,662,0,0,11836.8,14033032,24.5,32
n100k_d128_ip,100000,128,ip,multicluster,0.0010,0.0010,100,D_large24_standard,large,STANDARD,24,1,48,500,10,0.0900,2124.1,474.88,504.04,518.00,520.54,470.78,2074,2074,2074,0,2074,0,0,507,0,10422.4,20424136,30.4,48
n100k_d128_ip,100000,128,ip,multicluster,0.0010,0.0010,100,E_large24_acorn1,large,ACORN,24,1,48,500,10,0.2620,10582.4,93.96,94.75,110.17,146.96,94.50,47,20,1018,32142,33162,1676,31485,0,10,10422.4,20424136,30.4,48
n100k_d128_ip,100000,128,ip,multicluster,0.0010,0.0010,100,D_large48_standard,large,STANDARD,48,1,96,500,10,0.0910,2080.5,484.79,509.96,522.92,531.83,480.66,2169,2169,2169,0,2169,0,0,505,0,9627.1,39618184,35.7,96
n100k_d128_ip,100000,128,ip,multicluster,0.0010,0.0010,100,E_large48_acorn1,large,ACORN,48,1,96,500,10,0.1760,5347.9,185.04,194.38,226.75,251.71,186.99,21,21,1644,68119,69764,2787,66977,0,10,9627.1,39618184,35.7,96
n100k_d128_ip,100000,128,ip,multicluster,0.0010,0.0010,100,C_acorn_g4,acorn,ACORN,16,4,16,500,10,0.0000,413948.4,2.38,2.58,2.71,2.79,2.42,1,1,182,536,719,0,719,0,0,12336.4,18532104,24.5,40
n100k_d128_ip,100000,128,ip,multicluster,0.0010,0.0010,100,C_acorn_g8,acorn,ACORN,16,8,16,500,10,0.0000,374245.9,2.67,2.79,2.83,2.88,2.67,1,1,311,588,900,0,900,0,0,19233.8,20264200,24.6,40
n100k_d128_ip,100000,128,ip,multicluster,0.0010,0.0010,100,C_acorn_g16,acorn,ACORN,16,16,16,500,10,0.0000,311852.9,3.21,3.29,3.33,3.38,3.21,1,1,570,606,1177,0,1177,0,0,39363.7,23728392,24.6,40
n100k_d128_ip,100000,128,ip,multicluster,0.0010,0.0010,100,C_acorn_g32,acorn,ACORN,16,32,16,500,10,0.1760,40282.0,24.75,25.38,27.75,28.25,24.82,21,20,1841,5369,7211,639,6571,0,10,99104.9,30656776,24.6,40
