tag,n,d,metric,filter,sel_target,sel_actual,cand,baseline,graph,mode,M,gamma,M_beta,ef,k,recall,qps,p50_us,p95_us,p99_us,max_us,mean_us,ndis,nodes_visited,first_hop,second_hop,sel_checks,accepted,rejected,hops,results_returned,build_ms,graph_bytes,avg_deg0,max_deg0
n100k_d128_l2,100000,128,l2,random,0.5000,0.5000,50000,F_exact,exact,EXACT,16,0,0,0,10,1.0000,230.8,4322.75,4450.42,4501.75,4510.29,4332.27,50000,0,0,0,100000,0,0,0,10,0.0,0,0.0,0
n100k_d128_l2,100000,128,l2,random,0.5000,0.5000,50000,A_std_standard,std,STANDARD,16,1,32,50,10,0.9000,13640.3,72.21,83.62,121.88,158.75,73.31,1035,1035,1035,0,1035,0,0,59,10,11604.8,14033032,24.6,32
n100k_d128_l2,100000,128,l2,random,0.5000,0.5000,50000,B_std_acorn1,std,ACORN,16,1,32,50,10,0.8490,6630.6,147.00,203.79,235.17,300.33,150.82,1057,953,618,5315,5934,3054,2879,0,10,11604.8,14033032,24.6,32
n100k_d128_l2,100000,128,l2,random,0.5000,0.5000,50000,D_large24_standard,large,STANDARD,24,1,48,50,10,0.9440,10515.5,84.25,143.96,254.00,527.42,95.10,1218,1218,1218,0,1218,0,0,57,10,10822.2,20424136,30.6,48
n100k_d128_l2,100000,128,l2,random,0.5000,0.5000,50000,E_large24_acorn1,large,ACORN,24,1,48,50,10,0.9040,4933.1,204.17,238.79,267.88,312.38,202.71,1180,1047,913,11273,12188,6276,5911,0,10,10822.2,20424136,30.6,48
n100k_d128_l2,100000,128,l2,random,0.5000,0.5000,50000,D_large48_standard,large,STANDARD,48,1,96,50,10,0.9590,11010.8,92.21,102.92,113.38,129.33,90.82,1438,1438,1438,0,1438,0,0,56,10,10314.6,39618184,36.1,96
n100k_d128_l2,100000,128,l2,random,0.5000,0.5000,50000,E_large48_acorn1,large,ACORN,48,1,96,50,10,0.9900,2730.3,362.33,435.58,476.79,500.92,366.26,1453,1251,1591,31790,33382,17060,16322,0,10,10314.6,39618184,36.1,96
n100k_d128_l2,100000,128,l2,random,0.5000,0.5000,50000,C_acorn_g4,acorn,ACORN,16,4,16,50,10,0.7470,8851.2,103.17,189.88,305.92,306.33,112.98,707,616,1286,2454,3742,1911,1830,0,10,12923.4,18532104,24.5,40
n100k_d128_l2,100000,128,l2,random,0.5000,0.5000,50000,C_acorn_g8,acorn,ACORN,16,8,16,50,10,0.7990,9740.7,101.75,125.00,156.33,172.17,102.66,778,686,1274,2261,3537,1813,1723,0,10,20867.5,20264200,24.6,40
n100k_d128_l2,100000,128,l2,random,0.5000,0.5000,50000,C_acorn_g16,acorn,ACORN,16,16,16,50,10,0.8140,9735.7,102.12,120.21,144.08,155.79,102.71,773,681,1276,2293,3570,1828,1742,0,10,39343.5,23728392,24.6,40
n100k_d128_l2,100000,128,l2,random,0.5000,0.5000,50000,C_acorn_g32,acorn,ACORN,16,32,16,50,10,0.7000,8642.3,106.17,198.08,219.25,227.33,115.71,887,806,1388,2558,3947,2016,1931,0,10,101521.7,30656776,24.6,40
n100k_d128_l2,100000,128,l2,random,0.5000,0.5000,50000,A_std_standard,std,STANDARD,16,1,32,100,10,0.9690,8109.3,125.62,140.50,143.83,169.79,123.32,1455,1455,1455,0,1455,0,0,108,10,11604.8,14033032,24.6,32
n100k_d128_l2,100000,128,l2,random,0.5000,0.5000,50000,B_std_acorn1,std,ACORN,16,1,32,100,10,0.9450,2951.5,329.21,469.17,642.38,651.92,338.81,1246,1142,1903,21269,23173,11935,11238,0,10,11604.8,14033032,24.6,32
n100k_d128_l2,100000,128,l2,random,0.5000,0.5000,50000,D_large24_standard,large,STANDARD,24,1,48,100,10,0.9940,7851.2,130.29,146.08,151.75,160.00,127.37,1638,1638,1638,0,1638,0,0,107,10,10822.2,20424136,30.6,48
n100k_d128_l2,100000,128,l2,random,0.5000,0.5000,50000,E_large24_acorn1,large,ACORN,24,1,48,100,10,0.9400,2220.8,446.58,524.00,727.92,821.79,450.29,1253,1119,2641,40266,42909,22085,20824,0,10,10822.2,20424136,30.6,48
n100k_d128_l2,100000,128,l2,random,0.5000,0.5000,50000,D_large48_standard,large,STANDARD,48,1,96,100,10,0.9950,7335.3,140.21,158.25,169.83,172.71,136.33,1819,1819,1819,0,1819,0,0,106,10,10314.6,39618184,36.1,96
n100k_d128_l2,100000,128,l2,random,0.5000,0.5000,50000,E_large48_acorn1,large,ACORN,48,1,96,100,10,1.0000,1393.0,716.38,810.21,859.12,1055.58,717.87,1496,1293,3723,78515,82239,42027,40212,0,10,10314.6,39618184,36.1,96
n100k_d128_l2,100000,128,l2,random,0.5000,0.5000,50000,C_acorn_g4,acorn,ACORN,16,4,16,100,10,0.8070,5892.2,171.83,202.96,243.67,250.12,169.72,868,777,2445,5324,7770,3978,3792,0,10,12923.4,18532104,24.5,40
n100k_d128_l2,100000,128,l2,random,0.5000,0.5000,50000,C_acorn_g8,acorn,ACORN,16,8,16,100,10,0.8630,5668.5,174.08,212.75,238.79,359.96,176.41,973,881,2440,4800,7242,3711,3531,0,10,20867.5,20264200,24.6,40
n100k_d128_l2,100000,128,l2,random,0.5000,0.5000,50000,C_acorn_g16,acorn,ACORN,16,16,16,100,10,0.8880,5684.2,173.29,210.50,276.96,327.08,175.93,975,883,2445,4892,7338,3754,3584,0,10,39343.5,23728392,24.6,40
n100k_d128_l2,100000,128,l2,random,0.5000,0.5000,50000,C_acorn_g32,acorn,ACORN,16,32,16,100,10,0.7870,5210.8,183.92,291.67,303.33,311.25,191.91,1098,1017,2572,5130,7703,3939,3764,0,10,101521.7,30656776,24.6,40
n100k_d128_l2,100000,128,l2,random,0.5000,0.5000,50000,A_std_standard,std,STANDARD,16,1,32,250,10,0.9940,4278.6,240.21,263.29,266.67,267.08,233.72,1904,1904,1904,0,1904,0,0,258,10,11604.8,14033032,24.6,32
n100k_d128_l2,100000,128,l2,random,0.5000,0.5000,50000,B_std_acorn1,std,ACORN,16,1,32,250,10,0.9750,1255.8,770.12,991.83,1151.67,1970.67,796.31,1319,1215,5964,75057,81022,41754,39268,0,10,11604.8,14033032,24.6,32
n100k_d128_l2,100000,128,l2,random,0.5000,0.5000,50000,D_large24_standard,large,STANDARD,24,1,48,250,10,1.0000,4111.7,246.79,269.33,277.21,277.96,243.21,2001,2001,2001,0,2001,0,0,257,10,10822.2,20424136,30.6,48
n100k_d128_l2,100000,128,l2,random,0.5000,0.5000,50000,E_large24_acorn1,large,ACORN,24,1,48,250,10,0.9600,898.0,1102.04,1273.46,1616.21,1631.75,1113.60,1305,1171,7694,125581,133276,68537,64739,0,10,10822.2,20424136,30.6,48
n100k_d128_l2,100000,128,l2,random,0.5000,0.5000,50000,D_large48_standard,large,STANDARD,48,1,96,250,10,1.0000,3995.8,252.58,278.38,281.88,282.71,250.26,2105,2105,2105,0,2105,0,0,255,10,10314.6,39618184,36.1,96
n100k_d128_l2,100000,128,l2,random,0.5000,0.5000,50000,E_large48_acorn1,large,ACORN,48,1,96,250,10,1.0000,607.3,1651.29,1775.00,1821.21,1976.62,1646.54,1586,1384,9727,209577,219306,112086,107219,0,10,10314.6,39618184,36.1,96
n100k_d128_l2,100000,128,l2,random,0.5000,0.5000,50000,C_acorn_g4,acorn,ACORN,16,4,16,250,10,0.8210,2605.0,389.88,445.62,487.04,487.75,383.88,1029,938,6120,17325,23446,12068,11377,0,10,12923.4,18532104,24.5,40
n100k_d128_l2,100000,128,l2,random,0.5000,0.5000,50000,C_acorn_g8,acorn,ACORN,16,8,16,250,10,0.8780,2518.5,395.12,464.12,506.17,632.71,397.07,1096,1004,6137,16781,22919,11770,11149,0,10,20867.5,20264200,24.6,40
n100k_d128_l2,100000,128,l2,random,0.5000,0.5000,50000,C_acorn_g16,acorn,ACORN,16,16,16,250,10,0.9160,2464.8,403.08,467.38,570.50,1125.75,405.72,1125,1033,6246,17146,23394,12020,11374,0,10,39343.5,23728392,24.6,40
n100k_d128_l2,100000,128,l2,random,0.5000,0.5000,50000,C_acorn_g32,acorn,ACORN,16,32,16,250,10,0.8360,2357.5,418.67,576.83,684.21,727.71,424.18,1265,1184,6383,17227,23612,12127,11484,0,10,101521.7,30656776,24.6,40
n100k_d128_l2,100000,128,l2,random,0.5000,0.5000,50000,A_std_standard,std,STANDARD,16,1,32,500,10,0.9950,2235.8,453.88,487.29,498.75,504.67,447.27,2042,2042,2042,0,2042,0,0,508,10,11604.8,14033032,24.6,32
n100k_d128_l2,100000,128,l2,random,0.5000,0.5000,50000,B_std_acorn1,std,ACORN,16,1,32,500,10,0.9850,642.4,1516.38,1846.29,2521.75,2810.50,1556.57,1347,1243,12418,160599,173019,89175,83844,0,10,11604.8,14033032,24.6,32
n100k_d128_l2,100000,128,l2,random,0.5000,0.5000,50000,D_large24_standard,large,STANDARD,24,1,48,500,10,1.0000,2183.3,462.04,492.21,506.67,508.17,458.01,2079,2079,2079,0,2079,0,0,507,10,10822.2,20424136,30.6,48
n100k_d128_l2,100000,128,l2,random,0.5000,0.5000,50000,E_large24_acorn1,large,ACORN,24,1,48,500,10,0.9600,459.7,2164.54,2412.88,2665.33,2785.50,2175.48,1344,1211,15649,260445,276096,141929,134167,0,10,10822.2,20424136,30.6,48
n100k_d128_l2,100000,128,l2,random,0.5000,0.5000,50000,D_large48_standard,large,STANDARD,48,1,96,500,10,1.0000,2131.3,474.29,504.17,517.54,531.96,469.21,2168,2168,2168,0,2168,0,0,505,10,10314.6,39618184,36.1,96
n100k_d128_l2,100000,128,l2,random,0.5000,0.5000,50000,E_large48_acorn1,large,ACORN,48,1,96,500,10,1.0000,318.4,3131.96,3372.38,3414.62,3495.25,3141.10,1733,1531,19114,415180,434295,221947,212348,0,10,10314.6,39618184,36.1,96
n100k_d128_l2,100000,128,l2,random,0.5000,0.5000,50000,C_acorn_g4,acorn,ACORN,16,4,16,500,10,0.8210,1257.6,797.42,900.71,944.12,999.54,795.18,1110,1020,12268,41033,53302,27469,25832,0,10,12923.4,18532104,24.5,40
n100k_d128_l2,100000,128,l2,random,0.5000,0.5000,50000,C_acorn_g8,acorn,ACORN,16,8,16,500,10,0.8790,1248.3,804.21,880.54,917.29,1074.79,801.06,1115,1023,12357,41824,54183,27864,26319,0,10,20867.5,20264200,24.6,40
n100k_d128_l2,100000,128,l2,random,0.5000,0.5000,50000,C_acorn_g16,acorn,ACORN,16,16,16,500,10,0.9260,1219.0,801.58,926.54,1611.92,1668.38,820.35,1169,1077,12574,42518,55093,28395,26698,0,10,39343.5,23728392,24.6,40
n100k_d128_l2,100000,128,l2,random,0.5000,0.5000,50000,C_acorn_g32,acorn,ACORN,16,32,16,500,10,0.8570,1166.8,854.79,1031.17,1251.04,1280.12,857.03,1310,1229,12759,42807,55567,28617,26949,0,10,101521.7,30656776,24.6,40
n100k_d128_l2,100000,128,l2,random,0.5000,0.5000,50000,F_exact,exact,EXACT,16,0,0,0,100,1.0000,238.3,4270.79,4394.62,4415.50,4418.54,4196.83,50000,0,0,0,100000,0,0,0,100,0.0,0,0.0,0
n100k_d128_l2,100000,128,l2,random,0.5000,0.5000,50000,A_std_standard,std,STANDARD,16,1,32,50,100,0.7912,9661.0,97.79,144.21,174.17,402.38,103.51,1035,1035,1035,0,1035,0,0,59,100,11604.8,14033032,24.6,32
n100k_d128_l2,100000,128,l2,random,0.5000,0.5000,50000,B_std_acorn1,std,ACORN,16,1,32,50,100,0.8356,5162.6,189.08,263.83,352.08,383.92,193.70,1057,953,618,5315,5934,3054,2879,0,100,11604.8,14033032,24.6,32
n100k_d128_l2,100000,128,l2,random,0.5000,0.5000,50000,D_large24_standard,large,STANDARD,24,1,48,50,100,0.8627,9509.0,105.46,120.17,136.50,139.75,105.16,1218,1218,1218,0,1218,0,0,57,100,10822.2,20424136,30.6,48
n100k_d128_l2,100000,128,l2,random,0.5000,0.5000,50000,E_large24_acorn1,large,ACORN,24,1,48,50,100,0.9003,4282.2,234.79,284.96,293.75,357.33,233.53,1180,1047,913,11273,12188,6276,5911,0,100,10822.2,20424136,30.6,48
n100k_d128_l2,100000,128,l2,random,0.5000,0.5000,50000,D_large48_standard,large,STANDARD,48,1,96,50,100,0.9071,8789.9,114.96,126.46,132.46,142.46,113.77,1438,1438,1438,0,1438,0,0,56,100,10314.6,39618184,36.1,96
n100k_d128_l2,100000,128,l2,random,0.5000,0.5000,50000,E_large48_acorn1,large,ACORN,48,1,96,50,100,0.9900,2502.4,396.38,482.71,488.67,525.50,399.61,1453,1251,1591,31790,33382,17060,16322,0,100,10314.6,39618184,36.1,96
n100k_d128_l2,100000,128,l2,random,0.5000,0.5000,50000,C_acorn_g4,acorn,ACORN,16,4,16,50,100,0.7030,8384.5,122.58,141.33,196.71,208.08,119.27,707,616,1286,2454,3742,1911,1830,0,100,12923.4,18532104,24.5,40
n100k_d128_l2,100000,128,l2,random,0.5000,0.5000,50000,C_acorn_g8,acorn,ACORN,16,8,16,50,100,0.7476,8168.0,122.88,153.12,183.75,185.12,122.43,778,686,1274,2261,3537,1813,1723,0,100,20867.5,20264200,24.6,40
n100k_d128_l2,100000,128,l2,random,0.5000,0.5000,50000,C_acorn_g16,acorn,ACORN,16,16,16,50,100,0.7682,8108.6,123.96,139.29,168.62,189.50,123.33,773,681,1276,2293,3570,1828,1742,0,100,39343.5,23728392,24.6,40
n100k_d128_l2,100000,128,l2,random,0.5000,0.5000,50000,C_acorn_g32,acorn,ACORN,16,32,16,50,100,0.6785,7083.0,125.88,235.92,294.92,321.58,141.18,887,806,1388,2558,3947,2016,1931,0,100,101521.7,30656776,24.6,40
n100k_d128_l2,100000,128,l2,random,0.5000,0.5000,50000,A_std_standard,std,STANDARD,16,1,32,100,100,0.9349,7445.0,135.83,153.58,161.38,200.38,134.32,1455,1455,1455,0,1455,0,0,108,100,11604.8,14033032,24.6,32
n100k_d128_l2,100000,128,l2,random,0.5000,0.5000,50000,B_std_acorn1,std,ACORN,16,1,32,100,100,0.9439,2794.3,343.79,497.04,646.58,721.08,357.87,1246,1142,1903,21269,23173,11935,11238,0,100,11604.8,14033032,24.6,32
n100k_d128_l2,100000,128,l2,random,0.5000,0.5000,50000,D_large24_standard,large,STANDARD,24,1,48,100,100,0.9729,7014.6,144.04,160.75,173.75,192.67,142.56,1638,1638,1638,0,1638,0,0,107,100,10822.2,20424136,30.6,48
n100k_d128_l2,100000,128,l2,random,0.5000,0.5000,50000,E_large24_acorn1,large,ACORN,24,1,48,100,100,0.9399,2071.1,478.88,554.67,804.42,963.79,482.83,1253,1119,2641,40266,42909,22085,20824,0,100,10822.2,20424136,30.6,48
n100k_d128_l2,100000,128,l2,random,0.5000,0.5000,50000,D_large48_standard,large,STANDARD,48,1,96,100,100,0.9834,6578.4,153.46,171.50,183.67,196.83,152.01,1819,1819,1819,0,1819,0,0,106,100,10314.6,39618184,36.1,96
n100k_d128_l2,100000,128,l2,random,0.5000,0.5000,50000,E_large48_acorn1,large,ACORN,48,1,96,100,100,1.0000,1314.1,767.79,870.00,929.12,1072.83,760.98,1496,1293,3723,78515,82239,42027,40212,0,100,10314.6,39618184,36.1,96
n100k_d128_l2,100000,128,l2,random,0.5000,0.5000,50000,C_acorn_g4,acorn,ACORN,16,4,16,100,100,0.7853,5583.2,183.08,210.46,249.54,261.67,179.11,868,777,2445,5324,7770,3978,3792,0,100,12923.4,18532104,24.5,40
n100k_d128_l2,100000,128,l2,random,0.5000,0.5000,50000,C_acorn_g8,acorn,ACORN,16,8,16,100,100,0.8462,5438.2,181.00,232.50,257.71,371.92,183.88,973,881,2440,4800,7242,3711,3531,0,100,20867.5,20264200,24.6,40
n100k_d128_l2,100000,128,l2,random,0.5000,0.5000,50000,C_acorn_g16,acorn,ACORN,16,16,16,100,100,0.8791,5371.5,183.42,232.04,293.04,349.79,186.17,975,883,2445,4892,7338,3754,3584,0,100,39343.5,23728392,24.6,40
n100k_d128_l2,100000,128,l2,random,0.5000,0.5000,50000,C_acorn_g32,acorn,ACORN,16,32,16,100,100,0.7798,4858.1,192.33,309.62,322.96,339.71,205.84,1098,1017,2572,5130,7703,3939,3764,0,100,101521.7,30656776,24.6,40
n100k_d128_l2,100000,128,l2,random,0.5000,0.5000,50000,A_std_standard,std,STANDARD,16,1,32,250,100,0.9904,3975.1,257.04,279.83,288.88,349.25,251.56,1904,1904,1904,0,1904,0,0,258,100,11604.8,14033032,24.6,32
n100k_d128_l2,100000,128,l2,random,0.5000,0.5000,50000,B_std_acorn1,std,ACORN,16,1,32,250,100,0.9747,1146.7,842.25,1180.00,1374.96,2150.42,872.09,1319,1215,5964,75057,81022,41754,39268,0,100,11604.8,14033032,24.6,32
n100k_d128_l2,100000,128,l2,random,0.5000,0.5000,50000,D_large24_standard,large,STANDARD,24,1,48,250,100,0.9990,3842.3,259.71,292.62,342.42,353.96,260.26,2001,2001,2001,0,2001,0,0,257,100,10822.2,20424136,30.6,48
n100k_d128_l2,100000,128,l2,random,0.5000,0.5000,50000,E_large24_acorn1,large,ACORN,24,1,48,250,100,0.9600,808.5,1186.46,1689.83,1955.92,2638.75,1236.81,1305,1171,7694,125581,133276,68537,64739,0,100,10822.2,20424136,30.6,48
n100k_d128_l2,100000,128,l2,random,0.5000,0.5000,50000,D_large48_standard,large,STANDARD,48,1,96,250,100,0.9999,3691.9,269.79,307.46,364.79,390.62,270.87,2105,2105,2105,0,2105,0,0,255,100,10314.6,39618184,36.1,96
n100k_d128_l2,100000,128,l2,random,0.5000,0.5000,50000,E_large48_acorn1,large,ACORN,48,1,96,250,100,1.0000,572.2,1749.46,1935.62,2043.50,2188.54,1747.61,1586,1384,9727,209577,219306,112086,107219,0,100,10314.6,39618184,36.1,96
n100k_d128_l2,100000,128,l2,random,0.5000,0.5000,50000,C_acorn_g4,acorn,ACORN,16,4,16,250,100,0.8143,2423.4,415.88,491.21,531.00,537.46,412.64,1029,938,6120,17325,23446,12068,11377,0,100,12923.4,18532104,24.5,40
n100k_d128_l2,100000,128,l2,random,0.5000,0.5000,50000,C_acorn_g8,acorn,ACORN,16,8,16,250,100,0.8762,2369.1,426.04,498.25,584.75,659.12,422.09,1096,1004,6137,16781,22919,11770,11149,0,100,20867.5,20264200,24.6,40
n100k_d128_l2,100000,128,l2,random,0.5000,0.5000,50000,C_acorn_g16,acorn,ACORN,16,16,16,250,100,0.9192,2309.4,425.83,530.08,627.58,1217.00,433.01,1125,1033,6246,17146,23394,12020,11374,0,100,39343.5,23728392,24.6,40
n100k_d128_l2,100000,128,l2,random,0.5000,0.5000,50000,C_acorn_g32,acorn,ACORN,16,32,16,250,100,0.8364,2155.4,445.21,609.58,738.50,849.42,463.94,1265,1184,6383,17227,23612,12127,11484,0,100,101521.7,30656776,24.6,40
n100k_d128_l2,100000,128,l2,random,0.5000,0.5000,50000,A_std_standard,std,STANDARD,16,1,32,500,100,0.9939,2085.2,486.67,533.21,565.75,586.33,479.58,2042,2042,2042,0,2042,0,0,508,100,11604.8,14033032,24.6,32
n100k_d128_l2,100000,128,l2,random,0.5000,0.5000,50000,B_std_acorn1,std,ACORN,16,1,32,500,100,0.9847,594.5,1627.83,2006.00,2812.75,3363.58,1681.97,1347,1243,12418,160599,173019,89175,83844,0,100,11604.8,14033032,24.6,32
n100k_d128_l2,100000,128,l2,random,0.5000,0.5000,50000,D_large24_standard,large,STANDARD,24,1,48,500,100,0.9999,2048.9,486.38,561.12,633.46,696.96,488.07,2079,2079,2079,0,2079,0,0,507,100,10822.2,20424136,30.6,48
n100k_d128_l2,100000,128,l2,random,0.5000,0.5000,50000,E_large24_acorn1,large,ACORN,24,1,48,500,100,0.9600,433.4,2291.62,2550.42,3070.75,3169.46,2307.17,1344,1211,15649,260445,276096,141929,134167,0,100,10822.2,20424136,30.6,48
n100k_d128_l2,100000,128,l2,random,0.5000,0.5000,50000,D_large48_standard,large,STANDARD,48,1,96,500,100,1.0000,2023.9,494.25,553.62,583.67,630.38,494.09,2168,2168,2168,0,2168,0,0,505,100,10314.6,39618184,36.1,96
n100k_d128_l2,100000,128,l2,random,0.5000,0.5000,50000,E_large48_acorn1,large,ACORN,48,1,96,500,100,1.0000,303.2,3284.00,3610.21,3650.21,3778.75,3297.86,1733,1531,19114,415180,434295,221947,212348,0,100,10314.6,39618184,36.1,96
n100k_d128_l2,100000,128,l2,random,0.5000,0.5000,50000,C_acorn_g4,acorn,ACORN,16,4,16,500,100,0.8164,1195.9,847.12,947.42,1016.04,1094.00,836.19,1110,1020,12268,41033,53302,27469,25832,0,100,12923.4,18532104,24.5,40
n100k_d128_l2,100000,128,l2,random,0.5000,0.5000,50000,C_acorn_g8,acorn,ACORN,16,8,16,500,100,0.8780,1166.6,857.33,984.50,1071.88,1102.50,857.18,1115,1023,12357,41824,54183,27864,26319,0,100,20867.5,20264200,24.6,40
n100k_d128_l2,100000,128,l2,random,0.5000,0.5000,50000,C_acorn_g16,acorn,ACORN,16,16,16,500,100,0.9301,1139.2,863.96,1046.33,1780.50,1783.75,877.78,1169,1077,12574,42518,55093,28395,26698,0,100,39343.5,23728392,24.6,40
n100k_d128_l2,100000,128,l2,random,0.5000,0.5000,50000,C_acorn_g32,acorn,ACORN,16,32,16,500,100,0.8574,1097.8,887.38,1174.46,1385.79,1467.88,910.95,1310,1229,12759,42807,55567,28617,26949,0,100,101521.7,30656776,24.6,40
n100k_d128_l2,100000,128,l2,random,0.2500,0.2500,25000,F_exact,exact,EXACT,16,0,0,0,10,1.0000,406.8,2422.29,2763.38,2981.92,4029.38,2457.93,25000,0,0,0,100000,0,0,0,10,0.0,0,0.0,0
n100k_d128_l2,100000,128,l2,random,0.2500,0.2500,25000,A_std_standard,std,STANDARD,16,1,32,50,10,0.8740,12716.3,73.62,152.83,209.75,229.04,78.64,1035,1035,1035,0,1035,0,0,59,10,11604.8,14033032,24.6,32
n100k_d128_l2,100000,128,l2,random,0.2500,0.2500,25000,B_std_acorn1,std,ACORN,16,1,32,50,10,0.8960,4340.8,218.42,331.12,383.71,660.04,230.37,689,559,1186,19957,21144,5771,15372,0,10,11604.8,14033032,24.6,32
n100k_d128_l2,100000,128,l2,random,0.2500,0.2500,25000,D_large24_standard,large,STANDARD,24,1,48,50,10,0.9370,12080.0,82.25,96.58,115.25,174.38,82.78,1218,1218,1218,0,1218,0,0,57,10,10822.2,20424136,30.6,48
n100k_d128_l2,100000,128,l2,random,0.2500,0.2500,25000,E_large24_acorn1,large,ACORN,24,1,48,50,10,0.9500,3242.4,306.21,366.21,494.75,564.62,308.41,683,519,1531,35162,36695,9863,26831,0,10,10822.2,20424136,30.6,48
n100k_d128_l2,100000,128,l2,random,0.2500,0.2500,25000,D_large48_standard,large,STANDARD,48,1,96,50,10,0.9470,11132.3,91.17,105.58,107.62,129.54,89.83,1438,1438,1438,0,1438,0,0,56,10,10314.6,39618184,36.1,96
n100k_d128_l2,100000,128,l2,random,0.2500,0.2500,25000,E_large48_acorn1,large,ACORN,48,1,96,50,10,0.9900,2139.9,471.79,540.96,621.00,663.54,467.30,801,557,2026,63109,65137,17401,47735,0,10,10314.6,39618184,36.1,96
n100k_d128_l2,100000,128,l2,random,0.2500,0.2500,25000,C_acorn_g4,acorn,ACORN,16,4,16,50,10,0.6920,9727.0,105.08,124.29,147.71,152.17,102.81,448,373,1490,4956,6448,1723,4724,0,10,12923.4,18532104,24.5,40
n100k_d128_l2,100000,128,l2,random,0.2500,0.2500,25000,C_acorn_g8,acorn,ACORN,16,8,16,50,10,0.7400,9820.4,103.42,121.67,130.67,133.58,101.83,493,414,1505,4649,6156,1681,4474,0,10,20867.5,20264200,24.6,40
n100k_d128_l2,100000,128,l2,random,0.2500,0.2500,25000,C_acorn_g16,acorn,ACORN,16,16,16,50,10,0.7600,9797.7,103.62,122.08,126.50,133.71,102.06,495,415,1509,4699,6210,1695,4514,0,10,39343.5,23728392,24.6,40
n100k_d128_l2,100000,128,l2,random,0.2500,0.2500,25000,C_acorn_g32,acorn,ACORN,16,32,16,50,10,0.5690,9596.4,96.96,167.12,188.17,211.17,104.21,544,471,1527,4954,6482,1806,4676,0,10,101521.7,30656776,24.6,40
n100k_d128_l2,100000,128,l2,random,0.2500,0.2500,25000,A_std_standard,std,STANDARD,16,1,32,100,10,0.9590,7447.7,127.62,199.88,254.62,413.25,134.27,1455,1455,1455,0,1455,0,0,108,10,11604.8,14033032,24.6,32
n100k_d128_l2,100000,128,l2,random,0.2500,0.2500,25000,B_std_acorn1,std,ACORN,16,1,32,100,10,0.9360,2195.9,436.71,694.54,888.54,921.75,455.40,720,589,2579,47687,50267,13732,36534,0,10,11604.8,14033032,24.6,32
n100k_d128_l2,100000,128,l2,random,0.2500,0.2500,25000,D_large24_standard,large,STANDARD,24,1,48,100,10,0.9940,7675.3,130.79,149.79,170.42,187.79,130.29,1638,1638,1638,0,1638,0,0,107,10,10822.2,20424136,30.6,48
n100k_d128_l2,100000,128,l2,random,0.2500,0.2500,25000,E_large24_acorn1,large,ACORN,24,1,48,100,10,0.9500,1649.8,592.50,795.50,847.17,867.38,606.13,693,530,3215,78228,81445,21887,59558,0,10,10822.2,20424136,30.6,48
n100k_d128_l2,100000,128,l2,random,0.2500,0.2500,25000,D_large48_standard,large,STANDARD,48,1,96,100,10,0.9900,7215.6,141.08,158.79,226.46,230.92,138.59,1819,1819,1819,0,1819,0,0,106,10,10314.6,39618184,36.1,96
n100k_d128_l2,100000,128,l2,random,0.2500,0.2500,25000,E_large48_acorn1,large,ACORN,48,1,96,100,10,1.0000,1180.5,843.58,952.79,1080.25,1247.29,847.08,829,585,4085,130345,134431,35940,98491,0,10,10314.6,39618184,36.1,96
n100k_d128_l2,100000,128,l2,random,0.2500,0.2500,25000,C_acorn_g4,acorn,ACORN,16,4,16,100,10,0.7230,4220.2,209.17,336.75,527.67,2729.29,236.96,507,432,2690,10725,13417,3621,9795,0,10,12923.4,18532104,24.5,40
n100k_d128_l2,100000,128,l2,random,0.2500,0.2500,25000,C_acorn_g8,acorn,ACORN,16,8,16,100,10,0.7600,4702.1,221.04,248.04,251.33,255.54,212.67,555,476,2738,10553,13293,3645,9647,0,10,20867.5,20264200,24.6,40
n100k_d128_l2,100000,128,l2,random,0.2500,0.2500,25000,C_acorn_g16,acorn,ACORN,16,16,16,100,10,0.7920,4663.1,213.46,318.04,366.04,386.21,214.45,568,488,2763,10662,13427,3676,9750,0,10,39343.5,23728392,24.6,40
n100k_d128_l2,100000,128,l2,random,0.2500,0.2500,25000,C_acorn_g32,acorn,ACORN,16,32,16,100,10,0.6070,5071.9,189.12,292.38,311.08,342.04,197.16,625,552,2786,10777,13564,3769,9795,0,10,101521.7,30656776,24.6,40
n100k_d128_l2,100000,128,l2,random,0.2500,0.2500,25000,A_std_standard,std,STANDARD,16,1,32,250,10,0.9880,4076.4,247.96,274.88,345.67,361.12,245.31,1904,1904,1904,0,1904,0,0,258,10,11604.8,14033032,24.6,32
n100k_d128_l2,100000,128,l2,random,0.2500,0.2500,25000,B_std_acorn1,std,ACORN,16,1,32,250,10,0.9460,1025.6,935.38,1261.46,1385.17,1761.21,975.00,737,606,6494,125875,132370,36121,96249,0,10,11604.8,14033032,24.6,32
n100k_d128_l2,100000,128,l2,random,0.2500,0.2500,25000,D_large24_standard,large,STANDARD,24,1,48,250,10,1.0000,3920.2,255.50,310.92,374.04,434.17,255.09,2001,2001,2001,0,2001,0,0,257,10,10822.2,20424136,30.6,48
n100k_d128_l2,100000,128,l2,random,0.2500,0.2500,25000,E_large24_acorn1,large,ACORN,24,1,48,250,10,0.9700,734.5,1323.67,1667.50,2151.50,2161.33,1361.47,721,558,8139,204207,212347,57016,155330,0,10,10822.2,20424136,30.6,48
n100k_d128_l2,100000,128,l2,random,0.2500,0.2500,25000,D_large48_standard,large,STANDARD,48,1,96,250,10,1.0000,3856.7,257.79,290.29,463.12,510.92,259.29,2105,2105,2105,0,2105,0,0,255,10,10314.6,39618184,36.1,96
n100k_d128_l2,100000,128,l2,random,0.2500,0.2500,25000,E_large48_acorn1,large,ACORN,48,1,96,250,10,1.0000,529.6,1855.62,2231.08,2358.12,2428.29,1888.16,894,651,9818,318087,327906,87719,240187,0,10,10314.6,39618184,36.1,96
n100k_d128_l2,100000,128,l2,random,0.2500,0.2500,25000,C_acorn_g4,acorn,ACORN,16,4,16,250,10,0.7270,2271.9,460.12,572.96,654.00,721.88,440.17,538,462,6109,30724,36834,10095,26739,0,10,12923.4,18532104,24.5,40
n100k_d128_l2,100000,128,l2,random,0.2500,0.2500,25000,C_acorn_g8,acorn,ACORN,16,8,16,250,10,0.7630,2202.2,452.79,600.96,659.58,759.17,454.09,593,514,6516,32730,39247,10824,28423,0,10,20867.5,20264200,24.6,40
n100k_d128_l2,100000,128,l2,random,0.2500,0.2500,25000,C_acorn_g16,acorn,ACORN,16,16,16,250,10,0.8050,2150.6,459.96,636.00,814.71,840.67,465.00,610,530,6578,33091,39671,10912,28759,0,10,39343.5,23728392,24.6,40
n100k_d128_l2,100000,128,l2,random,0.2500,0.2500,25000,C_acorn_g32,acorn,ACORN,16,32,16,250,10,0.6570,2078.6,455.08,866.08,971.46,981.92,481.10,712,638,6766,33783,40550,11271,29279,0,10,101521.7,30656776,24.6,40
n100k_d128_l2,100000,128,l2,random,0.2500,0.2500,25000,A_std_standard,std,STANDARD,16,1,32,500,10,0.9900,2093.1,474.96,574.71,617.00,680.92,477.77,2042,2042,2042,0,2042,0,0,508,10,11604.8,14033032,24.6,32
n100k_d128_l2,100000,128,l2,random,0.2500,0.2500,25000,B_std_acorn1,std,ACORN,16,1,32,500,10,0.9760,532.4,1763.12,2542.79,3381.04,3561.12,1878.41,963,832,12576,246074,258652,70475,188177,0,10,11604.8,14033032,24.6,32
n100k_d128_l2,100000,128,l2,random,0.2500,0.2500,25000,D_large24_standard,large,STANDARD,24,1,48,500,10,1.0000,2066.8,480.54,525.54,688.79,691.50,483.84,2079,2079,2079,0,2079,0,0,507,10,10822.2,20424136,30.6,48
n100k_d128_l2,100000,128,l2,random,0.2500,0.2500,25000,E_large24_acorn1,large,ACORN,24,1,48,500,10,1.0000,392.2,2433.21,3220.29,4620.71,4983.17,2549.81,986,823,15609,393712,409322,110122,299200,0,10,10822.2,20424136,30.6,48
n100k_d128_l2,100000,128,l2,random,0.2500,0.2500,25000,D_large48_standard,large,STANDARD,48,1,96,500,10,1.0000,2055.4,486.83,567.58,613.00,792.46,486.52,2168,2168,2168,0,2168,0,0,505,10,10314.6,39618184,36.1,96
n100k_d128_l2,100000,128,l2,random,0.2500,0.2500,25000,E_large48_acorn1,large,ACORN,48,1,96,500,10,1.0000,294.8,3332.25,3790.88,4206.67,4521.38,3391.86,1235,991,17892,581464,599357,160533,438824,0,10,10314.6,39618184,36.1,96
n100k_d128_l2,100000,128,l2,random,0.2500,0.2500,25000,C_acorn_g4,acorn,ACORN,16,4,16,500,10,0.7350,1195.0,884.83,1125.04,1218.58,1424.83,836.83,656,581,11596,61755,73352,20208,53143,0,10,12923.4,18532104,24.5,40
n100k_d128_l2,100000,128,l2,random,0.2500,0.2500,25000,C_acorn_g8,acorn,ACORN,16,8,16,500,10,0.7630,1117.2,888.00,1127.83,1171.79,1226.25,895.12,705,626,12408,66755,79164,21817,57347,0,10,20867.5,20264200,24.6,40
n100k_d128_l2,100000,128,l2,random,0.2500,0.2500,25000,C_acorn_g16,acorn,ACORN,16,16,16,500,10,0.8160,1079.3,898.50,1241.67,1522.75,1920.17,926.53,747,667,12647,68195,80843,22232,58610,0,10,39343.5,23728392,24.6,40
n100k_d128_l2,100000,128,l2,random,0.2500,0.2500,25000,C_acorn_g32,acorn,ACORN,16,32,16,500,10,0.7450,982.6,920.54,1716.96,1798.83,1863.33,1017.67,917,844,13744,73948,87694,24320,63374,0,10,101521.7,30656776,24.6,40
n100k_d128_l2,100000,128,l2,random,0.2500,0.2500,25000,F_exact,exact,EXACT,16,0,0,0,100,1.0000,418.9,2386.04,2550.38,2640.17,3274.29,2387.00,25000,0,0,0,100000,0,0,0,100,0.0,0,0.0,0
n100k_d128_l2,100000,128,l2,random,0.2500,0.2500,25000,A_std_standard,std,STANDARD,16,1,32,50,100,0.7454,11092.3,89.42,103.92,161.88,169.29,90.15,1035,1035,1035,0,1035,0,0,59,100,11604.8,14033032,24.6,32
n100k_d128_l2,100000,128,l2,random,0.2500,0.2500,25000,B_std_acorn1,std,ACORN,16,1,32,50,100,0.8938,3892.0,244.79,399.04,489.75,697.17,256.94,689,559,1186,19957,21144,5771,15372,0,100,11604.8,14033032,24.6,32
n100k_d128_l2,100000,128,l2,random,0.2500,0.2500,25000,D_large24_standard,large,STANDARD,24,1,48,50,100,0.8240,9322.9,104.79,138.67,182.17,188.33,107.26,1218,1218,1218,0,1218,0,0,57,100,10822.2,20424136,30.6,48
n100k_d128_l2,100000,128,l2,random,0.2500,0.2500,25000,E_large24_acorn1,large,ACORN,24,1,48,50,100,0.9499,2945.7,332.17,463.38,550.25,599.75,339.47,683,519,1531,35162,36695,9863,26831,0,100,10822.2,20424136,30.6,48
n100k_d128_l2,100000,128,l2,random,0.2500,0.2500,25000,D_large48_standard,large,STANDARD,48,1,96,50,100,0.8733,9008.9,111.71,130.38,160.12,200.12,111.00,1438,1438,1438,0,1438,0,0,56,100,10314.6,39618184,36.1,96
n100k_d128_l2,100000,128,l2,random,0.2500,0.2500,25000,E_large48_acorn1,large,ACORN,48,1,96,50,100,0.9900,2016.5,489.25,639.00,711.54,736.67,495.91,801,557,2026,63109,65137,17401,47735,0,100,10314.6,39618184,36.1,96
n100k_d128_l2,100000,128,l2,random,0.2500,0.2500,25000,C_acorn_g4,acorn,ACORN,16,4,16,50,100,0.6712,8486.3,121.33,158.96,189.75,203.62,117.84,448,373,1490,4956,6448,1723,4724,0,98,12923.4,18532104,24.5,40
n100k_d128_l2,100000,128,l2,random,0.2500,0.2500,25000,C_acorn_g8,acorn,ACORN,16,8,16,50,100,0.7128,8354.9,120.17,141.25,198.75,207.25,119.69,493,414,1505,4649,6156,1681,4474,0,100,20867.5,20264200,24.6,40
n100k_d128_l2,100000,128,l2,random,0.2500,0.2500,25000,C_acorn_g16,acorn,ACORN,16,16,16,50,100,0.7311,8055.7,123.29,156.54,211.25,249.79,124.14,495,415,1509,4699,6210,1695,4514,0,100,39343.5,23728392,24.6,40
n100k_d128_l2,100000,128,l2,random,0.2500,0.2500,25000,C_acorn_g32,acorn,ACORN,16,32,16,50,100,0.5487,7212.6,128.12,245.71,300.50,344.46,138.65,544,471,1527,4954,6482,1806,4676,0,100,101521.7,30656776,24.6,40
n100k_d128_l2,100000,128,l2,random,0.2500,0.2500,25000,A_std_standard,std,STANDARD,16,1,32,100,100,0.9091,7591.9,133.25,145.42,205.54,236.33,131.72,1455,1455,1455,0,1455,0,0,108,100,11604.8,14033032,24.6,32
n100k_d128_l2,100000,128,l2,random,0.2500,0.2500,25000,B_std_acorn1,std,ACORN,16,1,32,100,100,0.9349,2183.3,435.25,609.46,980.00,1007.12,458.02,720,589,2579,47687,50267,13732,36534,0,100,11604.8,14033032,24.6,32
n100k_d128_l2,100000,128,l2,random,0.2500,0.2500,25000,D_large24_standard,large,STANDARD,24,1,48,100,100,0.9537,6980.0,143.88,170.75,198.50,265.29,143.27,1638,1638,1638,0,1638,0,0,107,100,10822.2,20424136,30.6,48
n100k_d128_l2,100000,128,l2,random,0.2500,0.2500,25000,E_large24_acorn1,large,ACORN,24,1,48,100,100,0.9499,1642.7,599.54,814.17,866.96,879.54,608.76,693,530,3215,78228,81445,21887,59558,0,100,10822.2,20424136,30.6,48
n100k_d128_l2,100000,128,l2,random,0.2500,0.2500,25000,D_large48_standard,large,STANDARD,48,1,96,100,100,0.9721,5946.3,167.62,212.12,247.25,257.42,168.17,1819,1819,1819,0,1819,0,0,106,100,10314.6,39618184,36.1,96
n100k_d128_l2,100000,128,l2,random,0.2500,0.2500,25000,E_large48_acorn1,large,ACORN,48,1,96,100,100,1.0000,1098.6,889.62,1145.88,1297.46,1392.92,910.28,829,585,4085,130345,134431,35940,98491,0,100,10314.6,39618184,36.1,96
n100k_d128_l2,100000,128,l2,random,0.2500,0.2500,25000,C_acorn_g4,acorn,ACORN,16,4,16,100,100,0.7222,5153.8,199.46,253.54,321.83,368.33,194.03,507,432,2690,10725,13417,3621,9795,0,98,12923.4,18532104,24.5,40
n100k_d128_l2,100000,128,l2,random,0.2500,0.2500,25000,C_acorn_g8,acorn,ACORN,16,8,16,100,100,0.7544,5050.5,199.79,242.04,378.54,387.67,198.00,555,476,2738,10553,13293,3645,9647,0,100,20867.5,20264200,24.6,40
n100k_d128_l2,100000,128,l2,random,0.2500,0.2500,25000,C_acorn_g16,acorn,ACORN,16,16,16,100,100,0.7825,5111.0,197.79,232.50,318.25,359.21,195.66,568,488,2763,10662,13427,3676,9750,0,100,39343.5,23728392,24.6,40
n100k_d128_l2,100000,128,l2,random,0.2500,0.2500,25000,C_acorn_g32,acorn,ACORN,16,32,16,100,100,0.6022,5033.2,188.38,294.46,363.50,364.08,198.68,625,552,2786,10777,13564,3769,9795,0,100,101521.7,30656776,24.6,40
n100k_d128_l2,100000,128,l2,random,0.2500,0.2500,25000,A_std_standard,std,STANDARD,16,1,32,250,100,0.9854,3872.0,260.12,290.08,396.04,399.83,258.27,1904,1904,1904,0,1904,0,0,258,100,11604.8,14033032,24.6,32
n100k_d128_l2,100000,128,l2,random,0.2500,0.2500,25000,B_std_acorn1,std,ACORN,16,1,32,250,100,0.9450,992.5,968.67,1338.62,1441.00,1778.88,1007.59,737,606,6494,125875,132370,36121,96249,0,100,11604.8,14033032,24.6,32
n100k_d128_l2,100000,128,l2,random,0.2500,0.2500,25000,D_large24_standard,large,STANDARD,24,1,48,250,100,0.9983,3654.8,268.92,326.17,403.04,558.75,273.62,2001,2001,2001,0,2001,0,0,257,100,10822.2,20424136,30.6,48
n100k_d128_l2,100000,128,l2,random,0.2500,0.2500,25000,E_large24_acorn1,large,ACORN,24,1,48,250,100,0.9699,726.6,1322.79,1626.96,2242.58,2335.96,1376.24,721,558,8139,204207,212347,57016,155330,0,100,10822.2,20424136,30.6,48
n100k_d128_l2,100000,128,l2,random,0.2500,0.2500,25000,D_large48_standard,large,STANDARD,48,1,96,250,100,0.9992,3689.6,271.42,306.62,427.17,461.33,271.03,2105,2105,2105,0,2105,0,0,255,100,10314.6,39618184,36.1,96
n100k_d128_l2,100000,128,l2,random,0.2500,0.2500,25000,E_large48_acorn1,large,ACORN,48,1,96,250,100,1.0000,527.9,1867.79,2183.42,2263.79,2808.67,1894.40,894,651,9818,318087,327906,87719,240187,0,100,10314.6,39618184,36.1,96
n100k_d128_l2,100000,128,l2,random,0.2500,0.2500,25000,C_acorn_g4,acorn,ACORN,16,4,16,250,100,0.7345,2280.7,459.00,545.17,670.04,743.00,438.46,538,462,6109,30724,36834,10095,26739,0,98,12923.4,18532104,24.5,40
n100k_d128_l2,100000,128,l2,random,0.2500,0.2500,25000,C_acorn_g8,acorn,ACORN,16,8,16,250,100,0.7635,2127.8,463.62,649.12,844.54,848.92,469.96,593,514,6516,32730,39247,10824,28423,0,100,20867.5,20264200,24.6,40
n100k_d128_l2,100000,128,l2,random,0.2500,0.2500,25000,C_acorn_g16,acorn,ACORN,16,16,16,250,100,0.8023,2143.4,459.79,651.12,851.71,894.92,466.54,610,530,6578,33091,39671,10912,28759,0,100,39343.5,23728392,24.6,40
n100k_d128_l2,100000,128,l2,random,0.2500,0.2500,25000,C_acorn_g32,acorn,ACORN,16,32,16,250,100,0.6590,2029.3,463.04,803.62,899.46,937.12,492.78,712,638,6766,33783,40550,11271,29279,0,100,101521.7,30656776,24.6,40
n100k_d128_l2,100000,128,l2,random,0.2500,0.2500,25000,A_std_standard,std,STANDARD,16,1,32,500,100,0.9926,2084.2,479.67,583.17,670.83,717.83,479.79,2042,2042,2042,0,2042,0,0,508,100,11604.8,14033032,24.6,32
n100k_d128_l2,100000,128,l2,random,0.2500,0.2500,25000,B_std_acorn1,std,ACORN,16,1,32,500,100,0.9750,533.2,1788.92,2490.33,3150.50,3165.25,1875.40,963,832,12576,246074,258652,70475,188177,0,100,11604.8,14033032,24.6,32
n100k_d128_l2,100000,128,l2,random,0.2500,0.2500,25000,D_large24_standard,large,STANDARD,24,1,48,500,100,0.9998,2053.3,487.17,579.38,653.75,661.00,487.03,2079,2079,2079,0,2079,0,0,507,100,10822.2,20424136,30.6,48
n100k_d128_l2,100000,128,l2,random,0.2500,0.2500,25000,E_large24_acorn1,large,ACORN,24,1,48,500,100,0.9999,391.7,2440.96,2824.38,4885.58,5164.67,2552.89,986,823,15609,393712,409322,110122,299200,0,100,10822.2,20424136,30.6,48
n100k_d128_l2,100000,128,l2,random,0.2500,0.2500,25000,D_large48_standard,large,STANDARD,48,1,96,500,100,1.0000,1983.3,499.33,585.08,671.04,694.50,504.20,2168,2168,2168,0,2168,0,0,505,100,10314.6,39618184,36.1,96
n100k_d128_l2,100000,128,l2,random,0.2500,0.2500,25000,E_large48_acorn1,large,ACORN,48,1,96,500,100,1.0000,294.6,3371.29,3738.71,3839.50,3870.75,3394.47,1235,991,17892,581464,599357,160533,438824,0,100,10314.6,39618184,36.1,96
n100k_d128_l2,100000,128,l2,random,0.2500,0.2500,25000,C_acorn_g4,acorn,ACORN,16,4,16,500,100,0.7432,1205.2,877.42,1091.83,1186.46,1194.12,829.72,656,581,11596,61755,73352,20208,53143,0,98,12923.4,18532104,24.5,40
n100k_d128_l2,100000,128,l2,random,0.2500,0.2500,25000,C_acorn_g8,acorn,ACORN,16,8,16,500,100,0.7641,1117.2,891.12,1171.25,1210.33,1214.04,895.09,705,626,12408,66755,79164,21817,57347,0,100,20867.5,20264200,24.6,40
n100k_d128_l2,100000,128,l2,random,0.2500,0.2500,25000,C_acorn_g16,acorn,ACORN,16,16,16,500,100,0.8142,1090.7,892.92,1146.42,1299.79,1697.62,916.87,747,667,12647,68195,80843,22232,58610,0,100,39343.5,23728392,24.6,40
n100k_d128_l2,100000,128,l2,random,0.2500,0.2500,25000,C_acorn_g32,acorn,ACORN,16,32,16,500,100,0.7485,998.0,921.83,1580.08,1809.00,1951.17,1002.03,917,844,13744,73948,87694,24320,63374,0,100,101521.7,30656776,24.6,40
n100k_d128_l2,100000,128,l2,random,0.1000,0.1000,10000,F_exact,exact,EXACT,16,0,0,0,10,1.0000,1149.9,862.12,928.12,949.04,973.92,869.61,10000,0,0,0,100000,0,0,0,10,0.0,0,0.0,0
n100k_d128_l2,100000,128,l2,random,0.1000,0.1000,10000,A_std_standard,std,STANDARD,16,1,32,50,10,0.8270,14195.3,72.33,78.96,82.08,84.25,70.45,1035,1035,1035,0,1035,0,0,59,10,11604.8,14033032,24.6,32
n100k_d128_l2,100000,128,l2,random,0.1000,0.1000,10000,B_std_acorn1,std,ACORN,16,1,32,50,10,0.6380,4829.8,199.50,303.08,366.33,407.58,207.05,361,229,1412,31475,32888,4118,28769,0,10,11604.8,14033032,24.6,32
n100k_d128_l2,100000,128,l2,random,0.1000,0.1000,10000,D_large24_standard,large,STANDARD,24,1,48,50,10,0.9010,12324.1,82.00,95.17,97.46,99.88,81.14,1218,1218,1218,0,1218,0,0,57,10,10822.2,20424136,30.6,48
n100k_d128_l2,100000,128,l2,random,0.1000,0.1000,10000,E_large24_acorn1,large,ACORN,24,1,48,50,10,0.8600,3421.4,284.12,403.21,547.54,606.92,292.28,336,224,1741,50970,52713,6407,46305,0,10,10822.2,20424136,30.6,48
n100k_d128_l2,100000,128,l2,random,0.1000,0.1000,10000,D_large48_standard,large,STANDARD,48,1,96,50,10,0.9280,11314.8,89.92,100.00,105.67,107.58,88.38,1438,1438,1438,0,1438,0,0,56,10,10314.6,39618184,36.1,96
n100k_d128_l2,100000,128,l2,random,0.1000,0.1000,10000,E_large48_acorn1,large,ACORN,48,1,96,50,10,0.9700,2374.7,419.29,516.38,555.58,616.25,421.11,489,264,2154,82396,84551,9998,74553,0,10,10314.6,39618184,36.1,96
n100k_d128_l2,100000,128,l2,random,0.1000,0.1000,10000,C_acorn_g4,acorn,ACORN,16,4,16,50,10,0.3550,11866.0,76.54,142.33,168.29,177.42,84.27,218,189,1580,8176,9757,1286,8471,0,10,12923.4,18532104,24.5,40
n100k_d128_l2,100000,128,l2,random,0.1000,0.1000,10000,C_acorn_g8,acorn,ACORN,16,8,16,50,10,0.6180,10332.0,94.75,135.54,174.33,187.04,96.79,240,187,1880,8577,10458,1312,9146,0,10,20867.5,20264200,24.6,40
n100k_d128_l2,100000,128,l2,random,0.1000,0.1000,10000,C_acorn_g16,acorn,ACORN,16,16,16,50,10,0.7360,9753.4,101.71,138.04,150.50,166.33,102.53,255,182,2032,8522,10555,1345,9210,0,10,39343.5,23728392,24.6,40
n100k_d128_l2,100000,128,l2,random,0.1000,0.1000,10000,C_acorn_g32,acorn,ACORN,16,32,16,50,10,0.7080,9718.8,96.38,163.96,195.67,208.62,102.89,269,197,2090,8767,10859,1383,9475,0,10,101521.7,30656776,24.6,40
n100k_d128_l2,100000,128,l2,random,0.1000,0.1000,10000,A_std_standard,std,STANDARD,16,1,32,100,10,0.9380,8199.8,125.54,139.71,143.46,163.12,121.95,1455,1455,1455,0,1455,0,0,108,10,11604.8,14033032,24.6,32
n100k_d128_l2,100000,128,l2,random,0.1000,0.1000,10000,B_std_acorn1,std,ACORN,16,1,32,100,10,0.6580,2769.6,349.08,472.67,502.25,656.00,361.06,368,236,2686,62117,64804,8101,56703,0,10,11604.8,14033032,24.6,32
n100k_d128_l2,100000,128,l2,random,0.1000,0.1000,10000,D_large24_standard,large,STANDARD,24,1,48,100,10,0.9820,7689.6,132.25,147.62,149.62,151.67,130.04,1638,1638,1638,0,1638,0,0,107,10,10822.2,20424136,30.6,48
n100k_d128_l2,100000,128,l2,random,0.1000,0.1000,10000,E_large24_acorn1,large,ACORN,24,1,48,100,10,0.8900,1887.9,516.92,703.83,872.38,1031.33,529.69,355,243,3401,102003,105405,12760,92645,0,10,10822.2,20424136,30.6,48
n100k_d128_l2,100000,128,l2,random,0.1000,0.1000,10000,D_large48_standard,large,STANDARD,48,1,96,100,10,0.9840,7374.9,138.46,151.46,161.38,167.00,135.59,1819,1819,1819,0,1819,0,0,106,10,10314.6,39618184,36.1,96
n100k_d128_l2,100000,128,l2,random,0.1000,0.1000,10000,E_large48_acorn1,large,ACORN,48,1,96,100,10,1.0000,1402.6,702.50,829.04,1147.88,1182.83,712.94,511,286,4111,159617,163730,19399,144330,0,10,10314.6,39618184,36.1,96
n100k_d128_l2,100000,128,l2,random,0.1000,0.1000,10000,C_acorn_g4,acorn,ACORN,16,4,16,100,10,0.4210,6259.6,143.04,259.67,317.21,338.58,159.75,252,224,2925,17495,20422,2696,17726,0,10,12923.4,18532104,24.5,40
n100k_d128_l2,100000,128,l2,random,0.1000,0.1000,10000,C_acorn_g8,acorn,ACORN,16,8,16,100,10,0.6510,5682.6,165.62,274.67,313.00,333.88,175.98,268,215,3218,18240,21460,2718,18741,0,10,20867.5,20264200,24.6,40
n100k_d128_l2,100000,128,l2,random,0.1000,0.1000,10000,C_acorn_g16,acorn,ACORN,16,16,16,100,10,0.7530,5666.1,174.83,233.67,261.21,282.75,176.49,272,199,3262,17414,20677,2652,18024,0,10,39343.5,23728392,24.6,40
n100k_d128_l2,100000,128,l2,random,0.1000,0.1000,10000,C_acorn_g32,acorn,ACORN,16,32,16,100,10,0.7500,5350.7,180.33,299.92,333.50,381.58,186.89,294,222,3409,18345,21756,2802,18953,0,10,101521.7,30656776,24.6,40
n100k_d128_l2,100000,128,l2,random,0.1000,0.1000,10000,A_std_standard,std,STANDARD,16,1,32,250,10,0.9860,4235.0,242.79,260.67,266.38,274.46,236.13,1904,1904,1904,0,1904,0,0,258,10,11604.8,14033032,24.6,32
n100k_d128_l2,100000,128,l2,random,0.1000,0.1000,10000,B_std_acorn1,std,ACORN,16,1,32,250,10,0.6880,1304.6,745.62,1244.38,1596.08,1701.71,766.50,532,400,6169,144597,150768,18868,131899,0,10,11604.8,14033032,24.6,32
n100k_d128_l2,100000,128,l2,random,0.1000,0.1000,10000,D_large24_standard,large,STANDARD,24,1,48,250,10,1.0000,4102.1,249.67,267.33,272.12,287.62,243.78,2001,2001,2001,0,2001,0,0,257,10,10822.2,20424136,30.6,48
n100k_d128_l2,100000,128,l2,random,0.1000,0.1000,10000,E_large24_acorn1,large,ACORN,24,1,48,250,10,0.9100,907.4,1076.29,1240.67,1647.50,2041.33,1102.02,604,492,7760,234623,242384,29299,213085,0,10,10822.2,20424136,30.6,48
n100k_d128_l2,100000,128,l2,random,0.1000,0.1000,10000,D_large48_standard,large,STANDARD,48,1,96,250,10,1.0000,3992.6,254.08,275.33,280.58,283.83,250.46,2105,2105,2105,0,2105,0,0,255,10,10314.6,39618184,36.1,96
n100k_d128_l2,100000,128,l2,random,0.1000,0.1000,10000,E_large48_acorn1,large,ACORN,48,1,96,250,10,1.0000,661.5,1498.67,1717.92,1811.08,1880.88,1511.78,834,609,8985,351236,360222,42729,317492,0,10,10314.6,39618184,36.1,96
n100k_d128_l2,100000,128,l2,random,0.1000,0.1000,10000,C_acorn_g4,acorn,ACORN,16,4,16,250,10,0.4450,3008.0,330.38,484.29,549.96,814.71,332.45,349,320,6044,38908,44953,5886,39067,0,10,12923.4,18532104,24.5,40
n100k_d128_l2,100000,128,l2,random,0.1000,0.1000,10000,C_acorn_g8,acorn,ACORN,16,8,16,250,10,0.6800,2753.1,346.71,525.96,620.29,691.17,363.23,403,350,6571,41451,48023,6100,41923,0,10,20867.5,20264200,24.6,40
n100k_d128_l2,100000,128,l2,random,0.1000,0.1000,10000,C_acorn_g16,acorn,ACORN,16,16,16,250,10,0.7640,2897.5,338.75,476.38,503.33,853.67,345.13,396,323,6377,38758,45136,5801,39335,0,10,39343.5,23728392,24.6,40
n100k_d128_l2,100000,128,l2,random,0.1000,0.1000,10000,C_acorn_g32,acorn,ACORN,16,32,16,250,10,0.7700,2624.8,370.29,533.88,702.79,751.21,380.97,442,370,6749,41061,47812,6178,41633,0,10,101521.7,30656776,24.6,40
n100k_d128_l2,100000,128,l2,random,0.1000,0.1000,10000,A_std_standard,std,STANDARD,16,1,32,500,10,0.9920,2220.9,455.42,492.42,501.79,506.29,450.26,2042,2042,2042,0,2042,0,0,508,10,11604.8,14033032,24.6,32
n100k_d128_l2,100000,128,l2,random,0.1000,0.1000,10000,B_std_acorn1,std,ACORN,16,1,32,500,10,0.6980,754.2,1506.04,1805.67,1944.08,2243.71,1325.94,753,621,10682,251297,261980,32911,229069,0,10,11604.8,14033032,24.6,32
n100k_d128_l2,100000,128,l2,random,0.1000,0.1000,10000,D_large24_standard,large,STANDARD,24,1,48,500,10,1.0000,2167.9,465.62,499.04,517.42,520.21,461.27,2079,2079,2079,0,2079,0,0,507,10,10822.2,20424136,30.6,48
n100k_d128_l2,100000,128,l2,random,0.1000,0.1000,10000,E_large24_acorn1,large,ACORN,24,1,48,500,10,0.9300,450.0,2206.25,2509.29,2805.50,4135.17,2222.42,913,801,15528,471937,487466,58885,428581,0,10,10822.2,20424136,30.6,48
n100k_d128_l2,100000,128,l2,random,0.1000,0.1000,10000,D_large48_standard,large,STANDARD,48,1,96,500,10,1.0000,2128.8,473.17,507.12,513.54,515.17,469.75,2168,2168,2168,0,2168,0,0,505,10,10314.6,39618184,36.1,96
n100k_d128_l2,100000,128,l2,random,0.1000,0.1000,10000,E_large48_acorn1,large,ACORN,48,1,96,500,10,1.0000,335.0,2977.67,3263.79,3380.71,3414.12,2985.39,1286,1061,17790,697701,715493,84731,630762,0,10,10314.6,39618184,36.1,96
n100k_d128_l2,100000,128,l2,random,0.1000,0.1000,10000,C_acorn_g4,acorn,ACORN,16,4,16,500,10,0.4500,1838.8,606.04,1091.75,1278.25,1444.79,543.84,483,455,9596,63271,72868,9430,63438,0,10,12923.4,18532104,24.5,40
n100k_d128_l2,100000,128,l2,random,0.1000,0.1000,10000,C_acorn_g8,acorn,ACORN,16,8,16,500,10,0.6830,1677.7,673.12,943.21,1081.46,1115.21,596.06,556,503,10402,68526,78930,10064,68866,0,10,20867.5,20264200,24.6,40
n100k_d128_l2,100000,128,l2,random,0.1000,0.1000,10000,C_acorn_g16,acorn,ACORN,16,16,16,500,10,0.7640,1812.6,631.75,919.88,1189.04,1260.21,551.68,533,460,9915,63533,73450,9496,63953,0,10,39343.5,23728392,24.6,40
n100k_d128_l2,100000,128,l2,random,0.1000,0.1000,10000,C_acorn_g32,acorn,ACORN,16,32,16,500,10,0.7700,1420.8,747.46,1163.04,1568.88,1590.38,703.83,700,628,11935,77265,89201,11550,77651,0,10,101521.7,30656776,24.6,40
n100k_d128_l2,100000,128,l2,random,0.1000,0.1000,10000,F_exact,exact,EXACT,16,0,0,0,100,1.0000,1170.1,851.50,889.75,899.29,919.17,854.60,10000,0,0,0,100000,0,0,0,100,0.0,0,0.0,0
n100k_d128_l2,100000,128,l2,random,0.1000,0.1000,10000,A_std_standard,std,STANDARD,16,1,32,50,100,0.6265,11580.4,87.54,97.08,105.54,116.79,86.35,1035,1035,1035,0,1035,0,0,59,92,11604.8,14033032,24.6,32
n100k_d128_l2,100000,128,l2,random,0.1000,0.1000,10000,B_std_acorn1,std,ACORN,16,1,32,50,100,0.6363,4589.9,209.92,308.42,373.67,406.83,217.87,361,229,1412,31475,32888,4118,28769,0,100,11604.8,14033032,24.6,32
n100k_d128_l2,100000,128,l2,random,0.1000,0.1000,10000,D_large24_standard,large,STANDARD,24,1,48,50,100,0.7158,10169.4,99.21,111.83,119.08,129.92,98.33,1218,1218,1218,0,1218,0,0,57,99,10822.2,20424136,30.6,48
n100k_d128_l2,100000,128,l2,random,0.1000,0.1000,10000,E_large24_acorn1,large,ACORN,24,1,48,50,100,0.8599,3263.3,295.62,431.04,572.38,627.75,306.44,336,224,1741,50970,52713,6407,46305,0,100,10822.2,20424136,30.6,48
n100k_d128_l2,100000,128,l2,random,0.1000,0.1000,10000,D_large48_standard,large,STANDARD,48,1,96,50,100,0.7787,9496.4,105.62,119.25,128.96,143.25,105.30,1438,1438,1438,0,1438,0,0,56,99,10314.6,39618184,36.1,96
n100k_d128_l2,100000,128,l2,random,0.1000,0.1000,10000,E_large48_acorn1,large,ACORN,48,1,96,50,100,0.9700,2347.4,427.42,517.71,552.71,622.67,426.00,489,264,2154,82396,84551,9998,74553,0,100,10314.6,39618184,36.1,96
n100k_d128_l2,100000,128,l2,random,0.1000,0.1000,10000,C_acorn_g4,acorn,ACORN,16,4,16,50,100,0.3454,10516.9,88.79,151.00,191.29,194.38,95.09,218,189,1580,8176,9757,1286,8471,0,100,12923.4,18532104,24.5,40
n100k_d128_l2,100000,128,l2,random,0.1000,0.1000,10000,C_acorn_g8,acorn,ACORN,16,8,16,50,100,0.6033,9400.9,102.58,146.21,195.21,199.46,106.37,240,187,1880,8577,10458,1312,9146,0,100,20867.5,20264200,24.6,40
n100k_d128_l2,100000,128,l2,random,0.1000,0.1000,10000,C_acorn_g16,acorn,ACORN,16,16,16,50,100,0.7221,8990.5,109.88,144.75,163.83,172.33,111.23,255,182,2032,8522,10555,1345,9210,0,99,39343.5,23728392,24.6,40
n100k_d128_l2,100000,128,l2,random,0.1000,0.1000,10000,C_acorn_g32,acorn,ACORN,16,32,16,50,100,0.6887,8927.7,110.29,169.67,212.79,228.88,112.01,269,197,2090,8767,10859,1383,9475,0,100,101521.7,30656776,24.6,40
n100k_d128_l2,100000,128,l2,random,0.1000,0.1000,10000,A_std_standard,std,STANDARD,16,1,32,100,100,0.8299,7877.6,129.83,143.21,147.96,163.50,126.94,1455,1455,1455,0,1455,0,0,108,99,11604.8,14033032,24.6,32
n100k_d128_l2,100000,128,l2,random,0.1000,0.1000,10000,B_std_acorn1,std,ACORN,16,1,32,100,100,0.6567,2747.0,352.62,483.46,507.58,659.38,364.03,368,236,2686,62117,64804,8101,56703,0,100,11604.8,14033032,24.6,32
n100k_d128_l2,100000,128,l2,random,0.1000,0.1000,10000,D_large24_standard,large,STANDARD,24,1,48,100,100,0.8965,7404.9,138.25,150.62,154.50,155.04,135.04,1638,1638,1638,0,1638,0,0,107,100,10822.2,20424136,30.6,48
n100k_d128_l2,100000,128,l2,random,0.1000,0.1000,10000,E_large24_acorn1,large,ACORN,24,1,48,100,100,0.8900,1918.4,504.42,683.71,858.25,1034.62,521.26,355,243,3401,102003,105405,12760,92645,0,100,10822.2,20424136,30.6,48
n100k_d128_l2,100000,128,l2,random,0.1000,0.1000,10000,D_large48_standard,large,STANDARD,48,1,96,100,100,0.9324,6898.7,147.17,166.46,177.42,187.50,144.96,1819,1819,1819,0,1819,0,0,106,100,10314.6,39618184,36.1,96
n100k_d128_l2,100000,128,l2,random,0.1000,0.1000,10000,E_large48_acorn1,large,ACORN,48,1,96,100,100,1.0000,1387.3,713.00,817.88,1154.54,1174.83,720.84,511,286,4111,159617,163730,19399,144330,0,100,10314.6,39618184,36.1,96
n100k_d128_l2,100000,128,l2,random,0.1000,0.1000,10000,C_acorn_g4,acorn,ACORN,16,4,16,100,100,0.4155,6052.7,148.21,262.67,319.12,352.75,165.22,252,224,2925,17495,20422,2696,17726,0,100,12923.4,18532104,24.5,40
n100k_d128_l2,100000,128,l2,random,0.1000,0.1000,10000,C_acorn_g8,acorn,ACORN,16,8,16,100,100,0.6459,5533.3,169.67,273.58,319.21,345.46,180.72,268,215,3218,18240,21460,2718,18741,0,100,20867.5,20264200,24.6,40
n100k_d128_l2,100000,128,l2,random,0.1000,0.1000,10000,C_acorn_g16,acorn,ACORN,16,16,16,100,100,0.7482,5518.8,181.96,239.33,260.17,279.71,181.20,272,199,3262,17414,20677,2652,18024,0,99,39343.5,23728392,24.6,40
n100k_d128_l2,100000,128,l2,random,0.1000,0.1000,10000,C_acorn_g32,acorn,ACORN,16,32,16,100,100,0.7423,5195.6,180.92,313.71,361.67,422.17,192.47,294,222,3409,18345,21756,2802,18953,0,100,101521.7,30656776,24.6,40
n100k_d128_l2,100000,128,l2,random,0.1000,0.1000,10000,A_std_standard,std,STANDARD,16,1,32,250,100,0.9713,4055.2,252.00,277.04,280.83,287.12,246.60,1904,1904,1904,0,1904,0,0,258,99,11604.8,14033032,24.6,32
n100k_d128_l2,100000,128,l2,random,0.1000,0.1000,10000,B_std_acorn1,std,ACORN,16,1,32,250,100,0.6867,1270.0,770.21,1322.25,1626.71,1702.25,787.43,532,400,6169,144597,150768,18868,131899,0,100,11604.8,14033032,24.6,32
n100k_d128_l2,100000,128,l2,random,0.1000,0.1000,10000,D_large24_standard,large,STANDARD,24,1,48,250,100,0.9939,3987.5,255.92,280.00,284.75,288.29,250.79,2001,2001,2001,0,2001,0,0,257,100,10822.2,20424136,30.6,48
n100k_d128_l2,100000,128,l2,random,0.1000,0.1000,10000,E_large24_acorn1,large,ACORN,24,1,48,250,100,0.9100,869.6,1125.25,1337.08,1533.38,2087.88,1149.91,604,492,7760,234623,242384,29299,213085,0,100,10822.2,20424136,30.6,48
n100k_d128_l2,100000,128,l2,random,0.1000,0.1000,10000,D_large48_standard,large,STANDARD,48,1,96,250,100,0.9962,3854.3,264.58,284.58,292.21,313.29,259.45,2105,2105,2105,0,2105,0,0,255,100,10314.6,39618184,36.1,96
n100k_d128_l2,100000,128,l2,random,0.1000,0.1000,10000,E_large48_acorn1,large,ACORN,48,1,96,250,100,1.0000,629.1,1587.83,1810.67,1859.38,1863.50,1589.59,834,609,8985,351236,360222,42729,317492,0,100,10314.6,39618184,36.1,96
n100k_d128_l2,100000,128,l2,random,0.1000,0.1000,10000,C_acorn_g4,acorn,ACORN,16,4,16,250,100,0.4445,2887.0,336.58,524.17,573.25,855.71,346.38,349,320,6044,38908,44953,5886,39067,0,100,12923.4,18532104,24.5,40
n100k_d128_l2,100000,128,l2,random,0.1000,0.1000,10000,C_acorn_g8,acorn,ACORN,16,8,16,250,100,0.6795,2627.6,370.58,541.38,689.92,788.29,380.57,403,350,6571,41451,48023,6100,41923,0,100,20867.5,20264200,24.6,40
n100k_d128_l2,100000,128,l2,random,0.1000,0.1000,10000,C_acorn_g16,acorn,ACORN,16,16,16,250,100,0.7630,2687.9,367.88,510.71,601.50,978.92,372.04,396,323,6377,38758,45136,5801,39335,0,99,39343.5,23728392,24.6,40
n100k_d128_l2,100000,128,l2,random,0.1000,0.1000,10000,C_acorn_g32,acorn,ACORN,16,32,16,250,100,0.7672,2475.8,411.21,583.54,732.88,738.04,403.91,442,370,6749,41061,47812,6178,41633,0,100,101521.7,30656776,24.6,40
n100k_d128_l2,100000,128,l2,random,0.1000,0.1000,10000,A_std_standard,std,STANDARD,16,1,32,500,100,0.9917,2117.8,479.71,523.46,551.33,560.79,472.19,2042,2042,2042,0,2042,0,0,508,99,11604.8,14033032,24.6,32
n100k_d128_l2,100000,128,l2,random,0.1000,0.1000,10000,B_std_acorn1,std,ACORN,16,1,32,500,100,0.6967,696.6,1623.88,1969.75,2043.79,2433.46,1435.51,753,621,10682,251297,261980,32911,229069,0,100,11604.8,14033032,24.6,32
n100k_d128_l2,100000,128,l2,random,0.1000,0.1000,10000,D_large24_standard,large,STANDARD,24,1,48,500,100,0.9995,2093.9,482.25,523.38,560.71,571.71,477.57,2079,2079,2079,0,2079,0,0,507,100,10822.2,20424136,30.6,48
n100k_d128_l2,100000,128,l2,random,0.1000,0.1000,10000,E_large24_acorn1,large,ACORN,24,1,48,500,100,0.9300,418.1,2368.50,2652.79,2936.21,4224.88,2391.50,913,801,15528,471937,487466,58885,428581,0,100,10822.2,20424136,30.6,48
n100k_d128_l2,100000,128,l2,random,0.1000,0.1000,10000,D_large48_standard,large,STANDARD,48,1,96,500,100,0.9999,2071.0,487.50,536.62,545.25,579.42,482.87,2168,2168,2168,0,2168,0,0,505,100,10314.6,39618184,36.1,96
n100k_d128_l2,100000,128,l2,random,0.1000,0.1000,10000,E_large48_acorn1,large,ACORN,48,1,96,500,100,1.0000,305.9,3259.33,3549.08,3756.25,3762.54,3269.30,1286,1061,17790,697701,715493,84731,630762,0,100,10314.6,39618184,36.1,96
n100k_d128_l2,100000,128,l2,random,0.1000,0.1000,10000,C_acorn_g4,acorn,ACORN,16,4,16,500,100,0.4471,1728.8,606.38,1055.58,1350.92,1585.46,578.43,483,455,9596,63271,72868,9430,63438,0,100,12923.4,18532104,24.5,40
n100k_d128_l2,100000,128,l2,random,0.1000,0.1000,10000,C_acorn_g8,acorn,ACORN,16,8,16,500,100,0.6831,1574.6,698.96,1029.17,1146.33,1169.46,635.08,556,503,10402,68526,78930,10064,68866,0,100,20867.5,20264200,24.6,40
n100k_d128_l2,100000,128,l2,random,0.1000,0.1000,10000,C_acorn_g16,acorn,ACORN,16,16,16,500,100,0.7631,1685.8,660.00,1001.83,1177.67,1294.54,593.17,533,460,9915,63533,73450,9496,63953,0,99,39343.5,23728392,24.6,40
n100k_d128_l2,100000,128,l2,random,0.1000,0.1000,10000,C_acorn_g32,acorn,ACORN,16,32,16,500,100,0.7672,1309.4,819.58,1382.88,1570.25,1579.50,763.73,700,628,11935,77265,89201,11550,77651,0,100,101521.7,30656776,24.6,40
n100k_d128_l2,100000,128,l2,random,0.0500,0.0500,5000,F_exact,exact,EXACT,16,0,0,0,10,1.0000,2146.0,457.71,525.54,533.29,573.00,465.98,5000,0,0,0,100000,0,0,0,10,0.0,0,0.0,0
n100k_d128_l2,100000,128,l2,random,0.0500,0.0500,5000,A_std_standard,std,STANDARD,16,1,32,50,10,0.7940,14368.0,71.54,77.29,90.54,99.38,69.60,1035,1035,1035,0,1035,0,0,59,10,11604.8,14033032,24.6,32
n100k_d128_l2,100000,128,l2,random,0.0500,0.0500,5000,B_std_acorn1,std,ACORN,16,1,32,50,10,0.3300,5751.9,165.38,256.83,268.83,269.08,173.86,192,102,1342,32594,33938,2734,31203,0,10,11604.8,14033032,24.6,32
n100k_d128_l2,100000,128,l2,random,0.0500,0.0500,5000,D_large24_standard,large,STANDARD,24,1,48,50,10,0.8640,12548.0,81.00,92.54,122.83,139.75,79.69,1218,1218,1218,0,1218,0,0,57,10,10822.2,20424136,30.6,48
n100k_d128_l2,100000,128,l2,random,0.0500,0.0500,5000,E_large24_acorn1,large,ACORN,24,1,48,50,10,0.5500,3623.2,267.08,452.79,573.96,586.42,276.00,237,120,1790,55736,57528,4309,53219,0,10,10822.2,20424136,30.6,48
n100k_d128_l2,100000,128,l2,random,0.0500,0.0500,5000,D_large48_standard,large,STANDARD,48,1,96,50,10,0.9120,11182.2,89.71,104.54,118.79,191.17,89.43,1438,1438,1438,0,1438,0,0,56,10,10314.6,39618184,36.1,96
n100k_d128_l2,100000,128,l2,random,0.0500,0.0500,5000,E_large48_acorn1,large,ACORN,48,1,96,50,10,0.9500,2379.2,408.83,613.83,752.21,834.21,420.32,364,152,2217,90023,92242,6644,85597,0,10,10314.6,39618184,36.1,96
n100k_d128_l2,100000,128,l2,random,0.0500,0.0500,5000,C_acorn_g4,acorn,ACORN,16,4,16,50,10,0.2620,14660.8,58.00,130.92,174.75,187.12,68.21,108,90,1545,9924,11471,957,10513,0,10,12923.4,18532104,24.5,40
n100k_d128_l2,100000,128,l2,random,0.0500,0.0500,5000,C_acorn_g8,acorn,ACORN,16,8,16,50,10,0.4610,11838.3,73.71,143.08,193.92,195.17,84.47,136,102,1861,10291,12154,1025,11129,0,10,20867.5,20264200,24.6,40
n100k_d128_l2,100000,128,l2,random,0.0500,0.0500,5000,C_acorn_g16,acorn,ACORN,16,16,16,50,10,0.6080,10988.7,88.42,148.88,179.33,216.62,91.00,158,99,2261,10015,12277,1030,11247,0,10,39343.5,23728392,24.6,40
n100k_d128_l2,100000,128,l2,random,0.0500,0.0500,5000,C_acorn_g32,acorn,ACORN,16,32,16,50,10,0.6700,10808.5,90.79,137.62,158.67,168.67,92.52,167,99,2480,10184,12665,1041,11624,0,9,101521.7,30656776,24.6,40
n100k_d128_l2,100000,128,l2,random,0.0500,0.0500,5000,A_std_standard,std,STANDARD,16,1,32,100,10,0.9420,8590.4,119.54,129.96,133.54,183.17,116.41,1455,1455,1455,0,1455,0,0,108,10,11604.8,14033032,24.6,32
n100k_d128_l2,100000,128,l2,random,0.0500,0.0500,5000,B_std_acorn1,std,ACORN,16,1,32,100,10,0.3300,3177.5,295.67,514.17,632.33,634.79,314.71,231,141,2674,65972,68648,5471,63177,0,10,11604.8,14033032,24.6,32
n100k_d128_l2,100000,128,l2,random,0.0500,0.0500,5000,D_large24_standard,large,STANDARD,24,1,48,100,10,0.9750,7942.6,128.71,143.71,166.25,169.21,125.90,1638,1638,1638,0,1638,0,0,107,10,10822.2,20424136,30.6,48
n100k_d128_l2,100000,128,l2,random,0.0500,0.0500,5000,E_large24_acorn1,large,ACORN,24,1,48,100,10,0.5600,2087.7,461.62,687.46,840.46,960.79,479.01,290,173,3321,104971,108294,8113,100180,0,10,10822.2,20424136,30.6,48
n100k_d128_l2,100000,128,l2,random,0.0500,0.0500,5000,D_large48_standard,large,STANDARD,48,1,96,100,10,0.9780,7473.4,136.92,154.08,156.17,173.50,133.81,1819,1819,1819,0,1819,0,0,106,10,10314.6,39618184,36.1,96
n100k_d128_l2,100000,128,l2,random,0.0500,0.0500,5000,E_large48_acorn1,large,ACORN,48,1,96,100,10,0.9700,1432.1,677.83,998.46,1138.88,1140.12,698.30,421,209,3931,161271,165203,11899,153303,0,10,10314.6,39618184,36.1,96
n100k_d128_l2,100000,128,l2,random,0.0500,0.0500,5000,C_acorn_g4,acorn,ACORN,16,4,16,100,10,0.2670,8118.7,106.50,223.88,233.38,276.38,123.17,137,118,2698,18798,21497,1765,19732,0,10,12923.4,18532104,24.5,40
n100k_d128_l2,100000,128,l2,random,0.0500,0.0500,5000,C_acorn_g8,acorn,ACORN,16,8,16,100,10,0.4780,6994.0,129.67,206.58,272.67,283.08,142.98,160,126,3088,19600,22690,1910,20779,0,10,20867.5,20264200,24.6,40
n100k_d128_l2,100000,128,l2,random,0.0500,0.0500,5000,C_acorn_g16,acorn,ACORN,16,16,16,100,10,0.6200,6430.4,152.25,227.42,292.46,321.12,155.51,180,122,3454,19115,22571,1893,20678,0,10,39343.5,23728392,24.6,40
n100k_d128_l2,100000,128,l2,random,0.0500,0.0500,5000,C_acorn_g32,acorn,ACORN,16,32,16,100,10,0.6940,6156.9,157.00,242.58,323.29,332.25,162.42,202,135,3718,19572,23292,1925,21366,0,9,101521.7,30656776,24.6,40
n100k_d128_l2,100000,128,l2,random,0.0500,0.0500,5000,A_std_standard,std,STANDARD,16,1,32,250,10,0.9920,4229.8,240.54,264.75,272.83,300.71,236.42,1904,1904,1904,0,1904,0,0,258,10,11604.8,14033032,24.6,32
n100k_d128_l2,100000,128,l2,random,0.0500,0.0500,5000,B_std_acorn1,std,ACORN,16,1,32,250,10,0.3600,1174.9,851.92,1289.33,1421.62,1528.46,851.15,442,352,6770,168550,175321,13811,161509,0,10,11604.8,14033032,24.6,32
n100k_d128_l2,100000,128,l2,random,0.0500,0.0500,5000,D_large24_standard,large,STANDARD,24,1,48,250,10,1.0000,4087.9,250.42,279.46,289.92,388.00,244.63,2001,2001,2001,0,2001,0,0,257,10,10822.2,20424136,30.6,48
n100k_d128_l2,100000,128,l2,random,0.0500,0.0500,5000,E_large24_acorn1,large,ACORN,24,1,48,250,10,0.6000,893.7,1178.67,1464.08,1560.33,1640.83,1118.97,471,353,7567,241322,248891,18855,230036,0,10,10822.2,20424136,30.6,48
n100k_d128_l2,100000,128,l2,random,0.0500,0.0500,5000,D_large48_standard,large,STANDARD,48,1,96,250,10,0.9990,4018.0,252.67,277.25,318.88,322.00,248.88,2105,2105,2105,0,2105,0,0,255,10,10314.6,39618184,36.1,96
n100k_d128_l2,100000,128,l2,random,0.0500,0.0500,5000,E_large48_acorn1,large,ACORN,48,1,96,250,10,0.9700,597.9,1665.17,1873.79,2056.92,2181.17,1672.60,725,513,9350,386879,396230,28450,367779,0,10,10314.6,39618184,36.1,96
n100k_d128_l2,100000,128,l2,random,0.0500,0.0500,5000,C_acorn_g4,acorn,ACORN,16,4,16,250,10,0.2670,3874.4,272.54,415.71,511.42,530.04,258.10,247,228,5325,39635,44961,3760,41200,0,10,12923.4,18532104,24.5,40
n100k_d128_l2,100000,128,l2,random,0.0500,0.0500,5000,C_acorn_g8,acorn,ACORN,16,8,16,250,10,0.4980,4125.6,237.58,391.96,415.00,448.50,242.39,233,199,4932,33276,38210,3223,34987,0,10,20867.5,20264200,24.6,40
n100k_d128_l2,100000,128,l2,random,0.0500,0.0500,5000,C_acorn_g16,acorn,ACORN,16,16,16,250,10,0.6210,3689.8,284.88,449.54,511.92,538.54,271.01,274,215,5628,35548,41178,3496,37681,0,10,39343.5,23728392,24.6,40
n100k_d128_l2,100000,128,l2,random,0.0500,0.0500,5000,C_acorn_g32,acorn,ACORN,16,32,16,250,10,0.7240,3126.2,344.96,509.79,595.08,619.79,319.88,337,269,6445,40340,46787,3927,42859,0,9,101521.7,30656776,24.6,40
n100k_d128_l2,100000,128,l2,random,0.0500,0.0500,5000,A_std_standard,std,STANDARD,16,1,32,500,10,0.9940,2195.4,459.50,492.46,527.00,531.04,455.50,2042,2042,2042,0,2042,0,0,508,10,11604.8,14033032,24.6,32
n100k_d128_l2,100000,128,l2,random,0.0500,0.0500,5000,B_std_acorn1,std,ACORN,16,1,32,500,10,0.3700,722.8,1566.62,2078.12,2297.75,2451.04,1383.60,604,513,11090,277518,288610,22470,266139,0,10,11604.8,14033032,24.6,32
n100k_d128_l2,100000,128,l2,random,0.0500,0.0500,5000,D_large24_standard,large,STANDARD,24,1,48,500,10,1.0000,2157.1,469.17,512.88,540.83,541.08,463.59,2079,2079,2079,0,2079,0,0,507,10,10822.2,20424136,30.6,48
n100k_d128_l2,100000,128,l2,random,0.0500,0.0500,5000,E_large24_acorn1,large,ACORN,24,1,48,500,10,0.6300,443.9,2427.04,2853.12,3145.04,3375.17,2252.78,762,644,14899,477121,492021,37184,454837,0,10,10822.2,20424136,30.6,48
n100k_d128_l2,100000,128,l2,random,0.0500,0.0500,5000,D_large48_standard,large,STANDARD,48,1,96,500,10,1.0000,2122.9,475.33,518.00,545.75,554.96,471.05,2168,2168,2168,0,2168,0,0,505,10,10314.6,39618184,36.1,96
n100k_d128_l2,100000,128,l2,random,0.0500,0.0500,5000,E_large48_acorn1,large,ACORN,48,1,96,500,10,0.9700,292.3,3424.38,3766.25,3824.62,3989.71,3421.00,1106,894,18460,764981,783442,56246,727196,0,10,10314.6,39618184,36.1,96
n100k_d128_l2,100000,128,l2,random,0.0500,0.0500,5000,C_acorn_g4,acorn,ACORN,16,4,16,500,10,0.2670,3027.3,328.75,594.38,939.54,1029.00,330.33,275,256,6659,50155,56816,4769,52046,0,10,12923.4,18532104,24.5,40
n100k_d128_l2,100000,128,l2,random,0.0500,0.0500,5000,C_acorn_g8,acorn,ACORN,16,8,16,500,10,0.4980,3029.6,239.33,709.38,778.33,857.62,330.07,288,254,6519,45147,51667,4351,47316,0,10,20867.5,20264200,24.6,40
n100k_d128_l2,100000,128,l2,random,0.0500,0.0500,5000,C_acorn_g16,acorn,ACORN,16,16,16,500,10,0.6210,2308.4,311.12,948.58,1116.79,1341.29,433.19,364,305,7959,53266,61226,5205,56020,0,10,39343.5,23728392,24.6,40
n100k_d128_l2,100000,128,l2,random,0.0500,0.0500,5000,C_acorn_g32,acorn,ACORN,16,32,16,500,10,0.7240,1344.5,765.67,1332.42,1781.08,2683.71,743.75,514,447,10593,71594,82189,6909,75279,0,9,101521.7,30656776,24.6,40
n100k_d128_l2,100000,128,l2,random,0.0500,0.0500,5000,F_exact,exact,EXACT,16,0,0,0,100,1.0000,2131.4,454.29,562.50,599.79,636.67,469.17,5000,0,0,0,100000,0,0,0,100,0.0,0,0.0,0
n100k_d128_l2,100000,128,l2,random,0.0500,0.0500,5000,A_std_standard,std,STANDARD,16,1,32,50,100,0.4703,11644.2,86.79,97.21,113.38,143.42,85.88,1035,1035,1035,0,1035,0,0,59,47,11604.8,14033032,24.6,32
n100k_d128_l2,100000,128,l2,random,0.0500,0.0500,5000,B_std_acorn1,std,ACORN,16,1,32,50,100,0.3304,5488.4,169.33,256.96,269.21,390.21,182.20,192,102,1342,32594,33938,2734,31203,0,97,11604.8,14033032,24.6,32
n100k_d128_l2,100000,128,l2,random,0.0500,0.0500,5000,D_large24_standard,large,STANDARD,24,1,48,50,100,0.5608,10440.7,96.00,110.67,127.50,143.96,95.78,1218,1218,1218,0,1218,0,0,57,57,10822.2,20424136,30.6,48
n100k_d128_l2,100000,128,l2,random,0.0500,0.0500,5000,E_large24_acorn1,large,ACORN,24,1,48,50,100,0.5440,3486.2,273.92,499.67,600.83,620.62,286.84,237,120,1790,55736,57528,4309,53219,0,98,10822.2,20424136,30.6,48
n100k_d128_l2,100000,128,l2,random,0.0500,0.0500,5000,D_large48_standard,large,STANDARD,48,1,96,50,100,0.6370,9559.5,105.12,121.50,146.08,150.92,104.61,1438,1438,1438,0,1438,0,0,56,65,10314.6,39618184,36.1,96
n100k_d128_l2,100000,128,l2,random,0.0500,0.0500,5000,E_large48_acorn1,large,ACORN,48,1,96,50,100,0.9238,2124.5,454.62,661.38,822.04,833.21,470.69,364,152,2217,90023,92242,6644,85597,0,99,10314.6,39618184,36.1,96
n100k_d128_l2,100000,128,l2,random,0.0500,0.0500,5000,C_acorn_g4,acorn,ACORN,16,4,16,50,100,0.2562,12755.4,65.38,137.21,192.62,239.92,78.40,108,90,1545,9924,11471,957,10513,0,88,12923.4,18532104,24.5,40
n100k_d128_l2,100000,128,l2,random,0.0500,0.0500,5000,C_acorn_g8,acorn,ACORN,16,8,16,50,100,0.4398,10740.0,83.96,155.08,180.79,213.67,93.11,136,102,1861,10291,12154,1025,11129,0,93,20867.5,20264200,24.6,40
n100k_d128_l2,100000,128,l2,random,0.0500,0.0500,5000,C_acorn_g16,acorn,ACORN,16,16,16,50,100,0.5835,9993.4,96.79,148.38,163.54,169.29,100.07,158,99,2261,10015,12277,1030,11247,0,93,39343.5,23728392,24.6,40
n100k_d128_l2,100000,128,l2,random,0.0500,0.0500,5000,C_acorn_g32,acorn,ACORN,16,32,16,50,100,0.6246,9773.3,99.71,149.00,185.46,216.50,102.32,167,99,2480,10184,12665,1041,11624,0,92,101521.7,30656776,24.6,40
n100k_d128_l2,100000,128,l2,random,0.0500,0.0500,5000,A_std_standard,std,STANDARD,16,1,32,100,100,0.6797,7830.7,129.96,141.92,167.04,217.17,127.70,1455,1455,1455,0,1455,0,0,108,69,11604.8,14033032,24.6,32
n100k_d128_l2,100000,128,l2,random,0.0500,0.0500,5000,B_std_acorn1,std,ACORN,16,1,32,100,100,0.3334,3030.4,315.88,473.46,664.75,717.08,329.99,231,141,2674,65972,68648,5471,63177,0,99,11604.8,14033032,24.6,32
n100k_d128_l2,100000,128,l2,random,0.0500,0.0500,5000,D_large24_standard,large,STANDARD,24,1,48,100,100,0.7672,7167.2,140.71,156.12,202.46,204.33,139.53,1638,1638,1638,0,1638,0,0,107,78,10822.2,20424136,30.6,48
n100k_d128_l2,100000,128,l2,random,0.0500,0.0500,5000,E_large24_acorn1,large,ACORN,24,1,48,100,100,0.5615,1878.3,507.92,728.21,987.38,1635.33,532.41,290,173,3321,104971,108294,8113,100180,0,99,10822.2,20424136,30.6,48
n100k_d128_l2,100000,128,l2,random,0.0500,0.0500,5000,D_large48_standard,large,STANDARD,48,1,96,100,100,0.8206,6908.2,146.58,165.58,195.33,218.38,144.76,1819,1819,1819,0,1819,0,0,106,84,10314.6,39618184,36.1,96
n100k_d128_l2,100000,128,l2,random,0.0500,0.0500,5000,E_large48_acorn1,large,ACORN,48,1,96,100,100,0.9618,1368.0,704.25,1087.75,1135.96,1173.58,730.98,421,209,3931,161271,165203,11899,153303,0,100,10314.6,39618184,36.1,96
n100k_d128_l2,100000,128,l2,random,0.0500,0.0500,5000,C_acorn_g4,acorn,ACORN,16,4,16,100,100,0.2685,7605.5,110.62,233.33,314.12,363.67,131.48,137,118,2698,18798,21497,1765,19732,0,96,12923.4,18532104,24.5,40
n100k_d128_l2,100000,128,l2,random,0.0500,0.0500,5000,C_acorn_g8,acorn,ACORN,16,8,16,100,100,0.4712,6297.8,154.04,238.83,298.12,415.29,158.79,160,126,3088,19600,22690,1910,20779,0,98,20867.5,20264200,24.6,40
n100k_d128_l2,100000,128,l2,random,0.0500,0.0500,5000,C_acorn_g16,acorn,ACORN,16,16,16,100,100,0.6086,6228.4,154.54,229.08,290.58,295.04,160.55,180,122,3454,19115,22571,1893,20678,0,97,39343.5,23728392,24.6,40
n100k_d128_l2,100000,128,l2,random,0.0500,0.0500,5000,C_acorn_g32,acorn,ACORN,16,32,16,100,100,0.6652,5854.8,159.88,258.12,331.08,338.50,170.80,202,135,3718,19572,23292,1925,21366,0,97,101521.7,30656776,24.6,40
n100k_d128_l2,100000,128,l2,random,0.0500,0.0500,5000,A_std_standard,std,STANDARD,16,1,32,250,100,0.8909,3988.7,253.46,281.88,310.88,373.38,250.71,1904,1904,1904,0,1904,0,0,258,90,11604.8,14033032,24.6,32
n100k_d128_l2,100000,128,l2,random,0.0500,0.0500,5000,B_std_acorn1,std,ACORN,16,1,32,250,100,0.3640,1163.8,824.58,1294.54,1671.25,1912.92,859.23,442,352,6770,168550,175321,13811,161509,0,99,11604.8,14033032,24.6,32
n100k_d128_l2,100000,128,l2,random,0.0500,0.0500,5000,D_large24_standard,large,STANDARD,24,1,48,250,100,0.9290,3885.9,260.83,286.67,303.83,342.46,257.34,2001,2001,2001,0,2001,0,0,257,93,10822.2,20424136,30.6,48
n100k_d128_l2,100000,128,l2,random,0.0500,0.0500,5000,E_large24_acorn1,large,ACORN,24,1,48,250,100,0.6026,845.9,1238.42,1515.58,1653.04,1758.00,1182.18,471,353,7567,241322,248891,18855,230036,0,99,10822.2,20424136,30.6,48
n100k_d128_l2,100000,128,l2,random,0.0500,0.0500,5000,D_large48_standard,large,STANDARD,48,1,96,250,100,0.9416,3811.1,264.96,307.75,366.79,414.83,262.39,2105,2105,2105,0,2105,0,0,255,95,10314.6,39618184,36.1,96
n100k_d128_l2,100000,128,l2,random,0.0500,0.0500,5000,E_large48_acorn1,large,ACORN,48,1,96,250,100,0.9679,563.4,1750.67,2092.29,2231.62,2950.04,1774.80,725,513,9350,386879,396230,28450,367779,0,100,10314.6,39618184,36.1,96
n100k_d128_l2,100000,128,l2,random,0.0500,0.0500,5000,C_acorn_g4,acorn,ACORN,16,4,16,250,100,0.2699,3635.3,284.58,456.33,537.08,607.33,275.08,247,228,5325,39635,44961,3760,41200,0,96,12923.4,18532104,24.5,40
n100k_d128_l2,100000,128,l2,random,0.0500,0.0500,5000,C_acorn_g8,acorn,ACORN,16,8,16,250,100,0.4922,3872.8,242.29,434.92,471.71,479.38,258.21,233,199,4932,33276,38210,3223,34987,0,98,20867.5,20264200,24.6,40
n100k_d128_l2,100000,128,l2,random,0.0500,0.0500,5000,C_acorn_g16,acorn,ACORN,16,16,16,250,100,0.6090,3338.8,312.83,511.21,536.38,698.04,299.51,274,215,5628,35548,41178,3496,37681,0,97,39343.5,23728392,24.6,40
n100k_d128_l2,100000,128,l2,random,0.0500,0.0500,5000,C_acorn_g32,acorn,ACORN,16,32,16,250,100,0.6964,2730.9,374.96,634.75,771.29,889.71,366.18,337,269,6445,40340,46787,3927,42859,0,97,101521.7,30656776,24.6,40
n100k_d128_l2,100000,128,l2,random,0.0500,0.0500,5000,A_std_standard,std,STANDARD,16,1,32,500,100,0.9432,2033.9,493.62,549.33,610.58,614.25,491.67,2042,2042,2042,0,2042,0,0,508,94,11604.8,14033032,24.6,32
n100k_d128_l2,100000,128,l2,random,0.0500,0.0500,5000,B_std_acorn1,std,ACORN,16,1,32,500,100,0.3726,668.2,1647.83,2296.71,2607.54,2884.96,1496.47,604,513,11090,277518,288610,22470,266139,0,99,11604.8,14033032,24.6,32
n100k_d128_l2,100000,128,l2,random,0.0500,0.0500,5000,D_large24_standard,large,STANDARD,24,1,48,500,100,0.9572,2036.8,489.29,553.71,662.08,664.54,490.96,2079,2079,2079,0,2079,0,0,507,95,10822.2,20424136,30.6,48
n100k_d128_l2,100000,128,l2,random,0.0500,0.0500,5000,E_large24_acorn1,large,ACORN,24,1,48,500,100,0.6358,409.4,2619.00,3230.00,3488.00,3917.71,2442.42,762,644,14899,477121,492021,37184,454837,0,99,10822.2,20424136,30.6,48
n100k_d128_l2,100000,128,l2,random,0.0500,0.0500,5000,D_large48_standard,large,STANDARD,48,1,96,500,100,0.9588,2004.5,493.12,605.54,660.58,674.33,498.87,2168,2168,2168,0,2168,0,0,505,96,10314.6,39618184,36.1,96
n100k_d128_l2,100000,128,l2,random,0.0500,0.0500,5000,E_large48_acorn1,large,ACORN,48,1,96,500,100,0.9694,275.7,3607.12,3976.12,4586.29,4694.29,3626.53,1106,894,18460,764981,783442,56246,727196,0,100,10314.6,39618184,36.1,96
n100k_d128_l2,100000,128,l2,random,0.0500,0.0500,5000,C_acorn_g4,acorn,ACORN,16,4,16,500,100,0.2699,2893.2,352.62,659.62,950.54,1041.88,345.64,275,256,6659,50155,56816,4769,52046,0,96,12923.4,18532104,24.5,40
n100k_d128_l2,100000,128,l2,random,0.0500,0.0500,5000,C_acorn_g8,acorn,ACORN,16,8,16,500,100,0.4923,2925.5,278.67,748.71,791.29,894.88,341.82,288,254,6519,45147,51667,4351,47316,0,98,20867.5,20264200,24.6,40
n100k_d128_l2,100000,128,l2,random,0.0500,0.0500,5000,C_acorn_g16,acorn,ACORN,16,16,16,500,100,0.6103,2380.0,322.38,886.75,1092.12,1320.21,420.17,364,305,7959,53266,61226,5205,56020,0,97,39343.5,23728392,24.6,40
n100k_d128_l2,100000,128,l2,random,0.0500,0.0500,5000,C_acorn_g32,acorn,ACORN,16,32,16,500,100,0.7030,1660.2,678.58,1121.38,1381.75,1548.67,602.33,514,447,10593,71594,82189,6909,75279,0,97,101521.7,30656776,24.6,40
n100k_d128_l2,100000,128,l2,random,0.0200,0.0200,2000,F_exact,exact,EXACT,16,0,0,0,10,1.0000,4109.8,236.88,269.12,351.33,374.50,243.32,2000,0,0,0,100000,0,0,0,10,0.0,0,0.0,0
n100k_d128_l2,100000,128,l2,random,0.0200,0.0200,2000,A_std_standard,std,STANDARD,16,1,32,50,10,0.6960,13930.1,71.75,81.62,142.79,150.38,71.79,1035,1035,1035,0,1035,0,0,59,9,11604.8,14033032,24.6,32
n100k_d128_l2,100000,128,l2,random,0.0200,0.0200,2000,B_std_acorn1,std,ACORN,16,1,32,50,10,0.0860,8623.3,106.67,203.92,248.33,280.83,115.96,96,59,1202,30409,31612,1584,30028,0,10,11604.8,14033032,24.6,32
n100k_d128_l2,100000,128,l2,random,0.0200,0.0200,2000,D_large24_standard,large,STANDARD,24,1,48,50,10,0.7790,11503.4,87.38,101.00,171.00,216.92,86.93,1218,1218,1218,0,1218,0,0,57,10,10822.2,20424136,30.6,48
n100k_d128_l2,100000,128,l2,random,0.0200,0.0200,2000,E_large24_acorn1,large,ACORN,24,1,48,50,10,0.2200,4075.6,232.04,390.08,437.12,458.00,245.36,128,99,1799,59109,60909,2725,58184,0,10,10822.2,20424136,30.6,48
n100k_d128_l2,100000,128,l2,random,0.0200,0.0200,2000,D_large48_standard,large,STANDARD,48,1,96,50,10,0.8400,11280.8,90.50,105.42,117.62,127.96,88.65,1438,1438,1438,0,1438,0,0,56,10,10314.6,39618184,36.1,96
n100k_d128_l2,100000,128,l2,random,0.0200,0.0200,2000,E_large48_acorn1,large,ACORN,48,1,96,50,10,0.7100,2382.3,382.04,625.33,842.17,934.62,419.75,175,124,2332,99431,101765,4213,97552,0,10,10314.6,39618184,36.1,96
n100k_d128_l2,100000,128,l2,random,0.0200,0.0200,2000,C_acorn_g4,acorn,ACORN,16,4,16,50,10,0.0990,24201.8,42.42,57.58,90.12,117.25,41.32,59,55,1327,8833,10161,553,9608,0,10,12923.4,18532104,24.5,40
n100k_d128_l2,100000,128,l2,random,0.0200,0.0200,2000,C_acorn_g8,acorn,ACORN,16,8,16,50,10,0.1030,28088.2,32.62,85.92,128.50,136.00,35.60,43,32,1293,6602,7897,423,7473,0,8,20867.5,20264200,24.6,40
n100k_d128_l2,100000,128,l2,random,0.0200,0.0200,2000,C_acorn_g16,acorn,ACORN,16,16,16,50,10,0.2830,22884.6,45.00,89.17,125.62,161.88,43.70,61,42,1885,7021,8907,474,8433,0,8,39343.5,23728392,24.6,40
n100k_d128_l2,100000,128,l2,random,0.0200,0.0200,2000,C_acorn_g32,acorn,ACORN,16,32,16,50,10,0.4650,16618.3,51.71,125.42,159.33,247.79,60.17,77,46,2799,8234,11034,552,10482,0,9,101521.7,30656776,24.6,40
n100k_d128_l2,100000,128,l2,random,0.0200,0.0200,2000,A_std_standard,std,STANDARD,16,1,32,100,10,0.8830,8439.4,120.83,144.58,187.96,192.71,118.49,1455,1455,1455,0,1455,0,0,108,10,11604.8,14033032,24.6,32
n100k_d128_l2,100000,128,l2,random,0.0200,0.0200,2000,B_std_acorn1,std,ACORN,16,1,32,100,10,0.0860,5690.2,199.21,245.71,366.21,427.46,175.74,111,74,1926,48785,50712,2509,48202,0,10,11604.8,14033032,24.6,32
n100k_d128_l2,100000,128,l2,random,0.0200,0.0200,2000,D_large24_standard,large,STANDARD,24,1,48,100,10,0.9400,7914.1,130.54,140.29,185.29,283.62,126.36,1638,1638,1638,0,1638,0,0,107,10,10822.2,20424136,30.6,48
n100k_d128_l2,100000,128,l2,random,0.0200,0.0200,2000,E_large24_acorn1,large,ACORN,24,1,48,100,10,0.2500,2187.1,423.33,661.08,789.75,818.42,457.23,175,146,3377,111756,115134,5183,109950,0,10,10822.2,20424136,30.6,48
n100k_d128_l2,100000,128,l2,random,0.0200,0.0200,2000,D_large48_standard,large,STANDARD,48,1,96,100,10,0.9560,7173.5,137.88,163.50,215.42,259.42,139.40,1819,1819,1819,0,1819,0,0,106,10,10314.6,39618184,36.1,96
n100k_d128_l2,100000,128,l2,random,0.0200,0.0200,2000,E_large48_acorn1,large,ACORN,48,1,96,100,10,0.8100,1348.8,713.83,1015.17,1139.71,1255.96,741.40,244,193,4066,174042,178109,7403,170706,0,10,10314.6,39618184,36.1,96
n100k_d128_l2,100000,128,l2,random,0.0200,0.0200,2000,C_acorn_g4,acorn,ACORN,16,4,16,100,10,0.0990,13907.8,83.62,98.83,141.79,162.62,71.90,86,83,2217,16034,18252,1001,17251,0,10,12923.4,18532104,24.5,40
n100k_d128_l2,100000,128,l2,random,0.0200,0.0200,2000,C_acorn_g8,acorn,ACORN,16,8,16,100,10,0.1030,32379.9,32.21,40.50,94.71,122.71,30.88,43,32,1293,6602,7897,423,7473,0,8,20867.5,20264200,24.6,40
n100k_d128_l2,100000,128,l2,random,0.0200,0.0200,2000,C_acorn_g16,acorn,ACORN,16,16,16,100,10,0.2830,15391.8,65.00,161.04,284.42,333.42,64.97,72,54,2318,10466,12786,714,12072,0,8,39343.5,23728392,24.6,40
n100k_d128_l2,100000,128,l2,random,0.0200,0.0200,2000,C_acorn_g32,acorn,ACORN,16,32,16,100,10,0.4740,11221.8,77.88,183.62,268.21,395.62,89.11,97,65,3328,12683,16012,826,15186,0,9,101521.7,30656776,24.6,40
n100k_d128_l2,100000,128,l2,random,0.0200,0.0200,2000,A_std_standard,std,STANDARD,16,1,32,250,10,0.9840,4151.1,241.92,276.33,325.62,444.38,240.90,1904,1904,1904,0,1904,0,0,258,10,11604.8,14033032,24.6,32
n100k_d128_l2,100000,128,l2,random,0.0200,0.0200,2000,B_std_acorn1,std,ACORN,16,1,32,250,10,0.0860,5542.5,199.38,276.92,430.79,464.42,180.43,111,74,1926,48785,50712,2509,48202,0,10,11604.8,14033032,24.6,32
n100k_d128_l2,100000,128,l2,random,0.0200,0.0200,2000,D_large24_standard,large,STANDARD,24,1,48,250,10,0.9950,4056.8,246.88,277.33,330.50,406.33,246.50,2001,2001,2001,0,2001,0,0,257,10,10822.2,20424136,30.6,48
n100k_d128_l2,100000,128,l2,random,0.0200,0.0200,2000,E_large24_acorn1,large,ACORN,24,1,48,250,10,0.2500,930.7,1050.54,1372.79,1449.17,1575.58,1074.46,316,286,7772,258475,266249,11996,254253,0,10,10822.2,20424136,30.6,48
n100k_d128_l2,100000,128,l2,random,0.0200,0.0200,2000,D_large48_standard,large,STANDARD,48,1,96,250,10,1.0000,4003.4,252.12,285.46,365.08,402.04,249.79,2105,2105,2105,0,2105,0,0,255,10,10314.6,39618184,36.1,96
n100k_d128_l2,100000,128,l2,random,0.0200,0.0200,2000,E_large48_acorn1,large,ACORN,48,1,96,250,10,0.8600,563.3,1771.62,2199.21,2366.29,2375.96,1775.29,431,381,9520,408767,418289,17460,400828,0,10,10314.6,39618184,36.1,96
n100k_d128_l2,100000,128,l2,random,0.0200,0.0200,2000,C_acorn_g4,acorn,ACORN,16,4,16,250,10,0.0990,11734.4,98.75,119.38,212.67,223.33,85.22,95,91,2515,18504,21020,1140,19879,0,10,12923.4,18532104,24.5,40
n100k_d128_l2,100000,128,l2,random,0.0200,0.0200,2000,C_acorn_g8,acorn,ACORN,16,8,16,250,10,0.1030,27683.9,33.42,80.62,122.50,210.88,36.12,43,32,1293,6602,7897,423,7473,0,8,20867.5,20264200,24.6,40
n100k_d128_l2,100000,128,l2,random,0.0200,0.0200,2000,C_acorn_g16,acorn,ACORN,16,16,16,250,10,0.2830,15123.6,64.92,160.83,323.75,349.58,66.12,74,56,2401,11204,13607,758,12848,0,8,39343.5,23728392,24.6,40
n100k_d128_l2,100000,128,l2,random,0.0200,0.0200,2000,C_acorn_g32,acorn,ACORN,16,32,16,250,10,0.4740,9060.2,70.83,244.08,314.79,355.33,110.37,118,87,3991,18230,22222,1145,21077,0,9,101521.7,30656776,24.6,40
n100k_d128_l2,100000,128,l2,random,0.0200,0.0200,2000,A_std_standard,std,STANDARD,16,1,32,500,10,0.9930,2167.0,464.21,530.92,622.92,627.08,461.46,2042,2042,2042,0,2042,0,0,508,10,11604.8,14033032,24.6,32
n100k_d128_l2,100000,128,l2,random,0.0200,0.0200,2000,B_std_acorn1,std,ACORN,16,1,32,500,10,0.0860,5584.2,200.96,238.33,378.54,428.67,179.08,111,74,1926,48785,50712,2509,48202,0,10,11604.8,14033032,24.6,32
n100k_d128_l2,100000,128,l2,random,0.0200,0.0200,2000,D_large24_standard,large,STANDARD,24,1,48,500,10,0.9980,2133.4,470.79,533.04,635.58,638.62,468.74,2079,2079,2079,0,2079,0,0,507,10,10822.2,20424136,30.6,48
n100k_d128_l2,100000,128,l2,random,0.0200,0.0200,2000,E_large24_acorn1,large,ACORN,24,1,48,500,10,0.2500,683.8,1161.21,2458.25,2604.58,2620.08,1462.48,389,359,10603,353029,363634,16411,347222,0,10,10822.2,20424136,30.6,48
n100k_d128_l2,100000,128,l2,random,0.0200,0.0200,2000,D_large48_standard,large,STANDARD,48,1,96,500,10,1.0000,2062.4,484.50,581.50,662.62,746.04,484.87,2168,2168,2168,0,2168,0,0,505,10,10314.6,39618184,36.1,96
n100k_d128_l2,100000,128,l2,random,0.0200,0.0200,2000,E_large48_acorn1,large,ACORN,48,1,96,500,10,0.8800,287.8,3526.75,3976.67,4257.46,4508.75,3474.49,694,643,18140,778824,796965,33075,763890,0,10,10314.6,39618184,36.1,96
n100k_d128_l2,100000,128,l2,random,0.0200,0.0200,2000,C_acorn_g4,acorn,ACORN,16,4,16,500,10,0.0990,11621.7,101.17,115.54,189.83,320.79,86.05,95,91,2515,18504,21020,1140,19879,0,10,12923.4,18532104,24.5,40
n100k_d128_l2,100000,128,l2,random,0.0200,0.0200,2000,C_acorn_g8,acorn,ACORN,16,8,16,500,10,0.1030,31319.7,33.50,41.08,96.42,122.62,31.93,43,32,1293,6602,7897,423,7473,0,8,20867.5,20264200,24.6,40
n100k_d128_l2,100000,128,l2,random,0.0200,0.0200,2000,C_acorn_g16,acorn,ACORN,16,16,16,500,10,0.2830,14055.6,63.83,159.00,317.12,445.12,71.15,74,56,2401,11204,13607,758,12848,0,8,39343.5,23728392,24.6,40
n100k_d128_l2,100000,128,l2,random,0.0200,0.0200,2000,C_acorn_g32,acorn,ACORN,16,32,16,500,10,0.4740,8517.8,76.21,245.42,412.58,557.50,117.40,118,87,3991,18230,22222,1145,21077,0,9,101521.7,30656776,24.6,40
n100k_d128_l2,100000,128,l2,random,0.0200,0.0200,2000,F_exact,exact,EXACT,16,0,0,0,100,1.0000,4113.9,235.75,281.92,358.50,376.00,243.08,2000,0,0,0,100000,0,0,0,100,0.0,0,0.0,0
n100k_d128_l2,100000,128,l2,random,0.0200,0.0200,2000,A_std_standard,std,STANDARD,16,1,32,50,100,0.1896,12009.7,82.92,99.58,143.00,189.75,83.27,1035,1035,1035,0,1035,0,0,59,19,11604.8,14033032,24.6,32
n100k_d128_l2,100000,128,l2,random,0.0200,0.0200,2000,B_std_acorn1,std,ACORN,16,1,32,50,100,0.1885,8841.6,109.96,153.17,222.50,320.88,113.10,96,59,1202,30409,31612,1584,30028,0,59,11604.8,14033032,24.6,32
n100k_d128_l2,100000,128,l2,random,0.0200,0.0200,2000,D_large24_standard,large,STANDARD,24,1,48,50,100,0.2273,11045.4,90.79,107.38,112.29,205.21,90.54,1218,1218,1218,0,1218,0,0,57,22,10822.2,20424136,30.6,48
n100k_d128_l2,100000,128,l2,random,0.0200,0.0200,2000,E_large24_acorn1,large,ACORN,24,1,48,50,100,0.1850,4032.0,236.46,356.50,393.67,532.25,248.02,128,99,1799,59109,60909,2725,58184,0,88,10822.2,20424136,30.6,48
n100k_d128_l2,100000,128,l2,random,0.0200,0.0200,2000,D_large48_standard,large,STANDARD,48,1,96,50,100,0.2630,9754.4,102.04,129.21,148.92,209.21,102.52,1438,1438,1438,0,1438,0,0,56,26,10314.6,39618184,36.1,96
n100k_d128_l2,100000,128,l2,random,0.0200,0.0200,2000,E_large48_acorn1,large,ACORN,48,1,96,50,100,0.5611,2330.7,388.46,657.75,770.29,911.88,429.05,175,124,2332,99431,101765,4213,97552,0,93,10314.6,39618184,36.1,96
n100k_d128_l2,100000,128,l2,random,0.0200,0.0200,2000,C_acorn_g4,acorn,ACORN,16,4,16,50,100,0.1962,21764.6,45.04,78.12,118.67,185.75,45.95,59,55,1327,8833,10161,553,9608,0,55,12923.4,18532104,24.5,40
n100k_d128_l2,100000,128,l2,random,0.0200,0.0200,2000,C_acorn_g8,acorn,ACORN,16,8,16,50,100,0.1572,30707.4,33.71,44.38,94.17,123.42,32.57,43,32,1293,6602,7897,423,7473,0,32,20867.5,20264200,24.6,40
n100k_d128_l2,100000,128,l2,random,0.0200,0.0200,2000,C_acorn_g16,acorn,ACORN,16,16,16,50,100,0.1728,20866.5,47.58,105.88,134.79,163.04,47.92,61,42,1885,7021,8907,474,8433,0,42,39343.5,23728392,24.6,40
n100k_d128_l2,100000,128,l2,random,0.0200,0.0200,2000,C_acorn_g32,acorn,ACORN,16,32,16,50,100,0.2475,17062.3,53.83,123.12,141.17,142.29,58.61,77,46,2799,8234,11034,552,10482,0,46,101521.7,30656776,24.6,40
n100k_d128_l2,100000,128,l2,random,0.0200,0.0200,2000,A_std_standard,std,STANDARD,16,1,32,100,100,0.2775,8174.3,122.88,147.46,218.50,263.71,122.34,1455,1455,1455,0,1455,0,0,108,27,11604.8,14033032,24.6,32
n100k_d128_l2,100000,128,l2,random,0.0200,0.0200,2000,B_std_acorn1,std,ACORN,16,1,32,100,100,0.1885,5445.4,209.08,261.42,402.46,474.12,183.64,111,74,1926,48785,50712,2509,48202,0,74,11604.8,14033032,24.6,32
n100k_d128_l2,100000,128,l2,random,0.0200,0.0200,2000,D_large24_standard,large,STANDARD,24,1,48,100,100,0.3166,7576.4,133.12,158.08,219.71,236.92,131.99,1638,1638,1638,0,1638,0,0,107,31,10822.2,20424136,30.6,48
n100k_d128_l2,100000,128,l2,random,0.0200,0.0200,2000,E_large24_acorn1,large,ACORN,24,1,48,100,100,0.2307,2135.2,434.62,679.67,818.71,859.96,468.35,175,146,3377,111756,115134,5183,109950,0,100,10822.2,20424136,30.6,48
n100k_d128_l2,100000,128,l2,random,0.0200,0.0200,2000,D_large48_standard,large,STANDARD,48,1,96,100,100,0.3399,7375.2,138.38,154.92,181.33,238.21,135.59,1819,1819,1819,0,1819,0,0,106,34,10314.6,39618184,36.1,96
n100k_d128_l2,100000,128,l2,random,0.0200,0.0200,2000,E_large48_acorn1,large,ACORN,48,1,96,100,100,0.6905,1355.7,706.42,1005.79,1355.62,1405.00,737.64,244,193,4066,174042,178109,7403,170706,0,99,10314.6,39618184,36.1,96
n100k_d128_l2,100000,128,l2,random,0.0200,0.0200,2000,C_acorn_g4,acorn,ACORN,16,4,16,100,100,0.1973,13682.8,85.50,101.25,123.54,130.12,73.08,86,83,2217,16034,18252,1001,17251,0,79,12923.4,18532104,24.5,40
n100k_d128_l2,100000,128,l2,random,0.0200,0.0200,2000,C_acorn_g8,acorn,ACORN,16,8,16,100,100,0.1572,28278.9,33.75,65.71,104.42,153.58,35.36,43,32,1293,6602,7897,423,7473,0,32,20867.5,20264200,24.6,40
n100k_d128_l2,100000,128,l2,random,0.0200,0.0200,2000,C_acorn_g16,acorn,ACORN,16,16,16,100,100,0.1809,14963.2,66.38,187.42,255.25,268.33,66.83,72,54,2318,10466,12786,714,12072,0,51,39343.5,23728392,24.6,40
n100k_d128_l2,100000,128,l2,random,0.0200,0.0200,2000,C_acorn_g32,acorn,ACORN,16,32,16,100,100,0.2577,11505.3,75.17,180.21,242.38,255.83,86.92,97,65,3328,12683,16012,826,15186,0,57,101521.7,30656776,24.6,40
n100k_d128_l2,100000,128,l2,random,0.0200,0.0200,2000,A_std_standard,std,STANDARD,16,1,32,250,100,0.3676,4147.6,247.04,279.33,351.21,384.29,241.10,1904,1904,1904,0,1904,0,0,258,36,11604.8,14033032,24.6,32
n100k_d128_l2,100000,128,l2,random,0.0200,0.0200,2000,B_std_acorn1,std,ACORN,16,1,32,250,100,0.1885,5567.9,208.38,249.75,302.17,367.38,179.60,111,74,1926,48785,50712,2509,48202,0,74,11604.8,14033032,24.6,32
n100k_d128_l2,100000,128,l2,random,0.0200,0.0200,2000,D_large24_standard,large,STANDARD,24,1,48,250,100,0.3871,4010.4,251.08,286.58,382.00,419.71,249.35,2001,2001,2001,0,2001,0,0,257,38,10822.2,20424136,30.6,48
n100k_d128_l2,100000,128,l2,random,0.0200,0.0200,2000,E_large24_acorn1,large,ACORN,24,1,48,250,100,0.2384,918.1,1054.83,1357.04,1558.75,1651.00,1089.15,316,286,7772,258475,266249,11996,254253,0,100,10822.2,20424136,30.6,48
n100k_d128_l2,100000,128,l2,random,0.0200,0.0200,2000,D_large48_standard,large,STANDARD,48,1,96,250,100,0.3952,3926.9,257.79,289.50,346.21,391.92,254.65,2105,2105,2105,0,2105,0,0,255,39,10314.6,39618184,36.1,96
n100k_d128_l2,100000,128,l2,random,0.0200,0.0200,2000,E_large48_acorn1,large,ACORN,48,1,96,250,100,0.7676,564.2,1763.79,2204.75,2396.46,2449.04,1772.35,431,381,9520,408767,418289,17460,400828,0,99,10314.6,39618184,36.1,96
n100k_d128_l2,100000,128,l2,random,0.0200,0.0200,2000,C_acorn_g4,acorn,ACORN,16,4,16,250,100,0.1973,11484.6,103.75,110.08,167.92,361.75,87.07,95,91,2515,18504,21020,1140,19879,0,79,12923.4,18532104,24.5,40
n100k_d128_l2,100000,128,l2,random,0.0200,0.0200,2000,C_acorn_g8,acorn,ACORN,16,8,16,250,100,0.1572,30884.1,33.62,41.92,99.83,132.12,32.38,43,32,1293,6602,7897,423,7473,0,32,20867.5,20264200,24.6,40
n100k_d128_l2,100000,128,l2,random,0.0200,0.0200,2000,C_acorn_g16,acorn,ACORN,16,16,16,250,100,0.1809,14228.1,65.88,179.67,343.25,349.88,70.28,74,56,2401,11204,13607,758,12848,0,51,39343.5,23728392,24.6,40
n100k_d128_l2,100000,128,l2,random,0.0200,0.0200,2000,C_acorn_g32,acorn,ACORN,16,32,16,250,100,0.2604,8518.8,74.38,264.71,368.17,509.71,117.39,118,87,3991,18230,22222,1145,21077,0,57,101521.7,30656776,24.6,40
n100k_d128_l2,100000,128,l2,random,0.0200,0.0200,2000,A_std_standard,std,STANDARD,16,1,32,500,100,0.3972,2130.9,471.42,563.12,621.25,656.38,469.28,2042,2042,2042,0,2042,0,0,508,39,11604.8,14033032,24.6,32
n100k_d128_l2,100000,128,l2,random,0.0200,0.0200,2000,B_std_acorn1,std,ACORN,16,1,32,500,100,0.1885,5534.5,207.67,238.62,393.58,463.42,180.69,111,74,1926,48785,50712,2509,48202,0,74,11604.8,14033032,24.6,32
n100k_d128_l2,100000,128,l2,random,0.0200,0.0200,2000,D_large24_standard,large,STANDARD,24,1,48,500,100,0.4038,2108.8,475.17,562.54,599.17,688.54,474.20,2079,2079,2079,0,2079,0,0,507,40,10822.2,20424136,30.6,48
n100k_d128_l2,100000,128,l2,random,0.0200,0.0200,2000,E_large24_acorn1,large,ACORN,24,1,48,500,100,0.2473,668.1,1131.00,2561.83,2781.58,2846.54,1496.70,389,359,10603,353029,363634,16411,347222,0,100,10822.2,20424136,30.6,48
n100k_d128_l2,100000,128,l2,random,0.0200,0.0200,2000,D_large48_standard,large,STANDARD,48,1,96,500,100,0.4063,2054.3,483.46,553.58,662.79,681.67,486.79,2168,2168,2168,0,2168,0,0,505,40,10314.6,39618184,36.1,96
n100k_d128_l2,100000,128,l2,random,0.0200,0.0200,2000,E_large48_acorn1,large,ACORN,48,1,96,500,100,0.8402,287.4,3557.83,3903.71,4076.79,4169.33,3479.72,694,643,18140,778824,796965,33075,763890,0,99,10314.6,39618184,36.1,96
n100k_d128_l2,100000,128,l2,random,0.0200,0.0200,2000,C_acorn_g4,acorn,ACORN,16,4,16,500,100,0.1973,11331.7,102.96,117.08,194.58,285.00,88.25,95,91,2515,18504,21020,1140,19879,0,79,12923.4,18532104,24.5,40
n100k_d128_l2,100000,128,l2,random,0.0200,0.0200,2000,C_acorn_g8,acorn,ACORN,16,8,16,500,100,0.1572,31043.1,33.62,42.50,94.83,124.96,32.21,43,32,1293,6602,7897,423,7473,0,32,20867.5,20264200,24.6,40
n100k_d128_l2,100000,128,l2,random,0.0200,0.0200,2000,C_acorn_g16,acorn,ACORN,16,16,16,500,100,0.1809,13849.2,66.38,170.88,316.54,413.25,72.21,74,56,2401,11204,13607,758,12848,0,51,39343.5,23728392,24.6,40
n100k_d128_l2,100000,128,l2,random,0.0200,0.0200,2000,C_acorn_g32,acorn,ACORN,16,32,16,500,100,0.2604,8745.0,72.75,244.88,348.17,382.54,114.35,118,87,3991,18230,22222,1145,21077,0,57,101521.7,30656776,24.6,40
n100k_d128_l2,100000,128,l2,random,0.0100,0.0100,1000,F_exact,exact,EXACT,16,0,0,0,10,1.0000,5827.7,168.04,184.25,238.50,271.50,171.59,1000,0,0,0,100000,0,0,0,10,0.0,0,0.0,0
n100k_d128_l2,100000,128,l2,random,0.0100,0.0100,1000,A_std_standard,std,STANDARD,16,1,32,50,10,0.6160,14319.4,70.79,78.92,94.46,179.33,69.84,1035,1035,1035,0,1035,0,0,59,8,11604.8,14033032,24.6,32
n100k_d128_l2,100000,128,l2,random,0.0100,0.0100,1000,B_std_acorn1,std,ACORN,16,1,32,50,10,0.0260,40502.9,24.21,25.00,33.54,58.71,24.69,11,11,318,8157,8476,274,8202,0,10,11604.8,14033032,24.6,32
n100k_d128_l2,100000,128,l2,random,0.0100,0.0100,1000,D_large24_standard,large,STANDARD,24,1,48,50,10,0.7030,12229.4,82.71,94.00,114.42,170.29,81.77,1218,1218,1218,0,1218,0,0,57,9,10822.2,20424136,30.6,48
n100k_d128_l2,100000,128,l2,random,0.0100,0.0100,1000,E_large24_acorn1,large,ACORN,24,1,48,50,10,0.0800,5985.7,158.83,206.33,350.96,370.71,167.06,55,55,1620,53687,55309,1834,53474,0,10,10822.2,20424136,30.6,48
n100k_d128_l2,100000,128,l2,random,0.0100,0.0100,1000,D_large48_standard,large,STANDARD,48,1,96,50,10,0.7740,11193.1,89.96,107.12,127.08,190.75,89.34,1438,1438,1438,0,1438,0,0,56,9,10314.6,39618184,36.1,96
n100k_d128_l2,100000,128,l2,random,0.0100,0.0100,1000,E_large48_acorn1,large,ACORN,48,1,96,50,10,0.3300,2898.6,326.88,475.88,568.17,751.62,344.99,231,79,2140,92773,94915,2983,91932,0,10,10314.6,39618184,36.1,96
n100k_d128_l2,100000,128,l2,random,0.0100,0.0100,1000,C_acorn_g4,acorn,ACORN,16,4,16,50,10,0.0210,104045.5,7.75,10.21,36.58,99.88,9.61,9,9,373,1897,2271,77,2194,0,8,12923.4,18532104,24.5,40
n100k_d128_l2,100000,128,l2,random,0.0100,0.0100,1000,C_acorn_g8,acorn,ACORN,16,8,16,50,10,0.0070,129799.7,7.67,7.96,9.46,10.08,7.70,7,6,573,1773,2347,62,2285,0,6,20867.5,20264200,24.6,40
n100k_d128_l2,100000,128,l2,random,0.0100,0.0100,1000,C_acorn_g16,acorn,ACORN,16,16,16,50,10,0.0470,69032.8,19.04,20.75,22.62,39.29,14.49,20,9,1409,2747,4157,145,4011,0,6,39343.5,23728392,24.6,40
n100k_d128_l2,100000,128,l2,random,0.0100,0.0100,1000,C_acorn_g32,acorn,ACORN,16,32,16,50,10,0.1990,53221.1,17.04,34.88,68.17,72.29,18.79,32,10,2186,2393,4581,146,4434,0,7,101521.7,30656776,24.6,40
n100k_d128_l2,100000,128,l2,random,0.0100,0.0100,1000,A_std_standard,std,STANDARD,16,1,32,100,10,0.8130,8382.7,119.88,132.33,222.42,265.62,119.29,1455,1455,1455,0,1455,0,0,108,9,11604.8,14033032,24.6,32
n100k_d128_l2,100000,128,l2,random,0.0100,0.0100,1000,B_std_acorn1,std,ACORN,16,1,32,100,10,0.0260,40077.5,24.29,25.04,36.00,59.46,24.95,11,11,318,8157,8476,274,8202,0,10,11604.8,14033032,24.6,32
n100k_d128_l2,100000,128,l2,random,0.0100,0.0100,1000,D_large24_standard,large,STANDARD,24,1,48,100,10,0.8880,7845.1,129.46,151.42,194.21,224.33,127.47,1638,1638,1638,0,1638,0,0,107,9,10822.2,20424136,30.6,48
n100k_d128_l2,100000,128,l2,random,0.0100,0.0100,1000,E_large24_acorn1,large,ACORN,24,1,48,100,10,0.0800,5468.0,173.96,236.33,356.08,372.00,182.88,56,56,1805,59828,61634,2045,59589,0,10,10822.2,20424136,30.6,48
n100k_d128_l2,100000,128,l2,random,0.0100,0.0100,1000,D_large48_standard,large,STANDARD,48,1,96,100,10,0.9210,7555.9,136.54,149.04,165.71,235.33,132.35,1819,1819,1819,0,1819,0,0,106,9,10314.6,39618184,36.1,96
n100k_d128_l2,100000,128,l2,random,0.0100,0.0100,1000,E_large48_acorn1,large,ACORN,48,1,96,100,10,0.3900,1470.3,641.00,923.33,1012.12,1047.96,680.11,295,143,4158,181073,185233,5812,179420,0,10,10314.6,39618184,36.1,96
n100k_d128_l2,100000,128,l2,random,0.0100,0.0100,1000,C_acorn_g4,acorn,ACORN,16,4,16,100,10,0.0210,126309.5,7.75,8.29,9.12,19.67,7.92,9,9,373,1897,2271,77,2194,0,8,12923.4,18532104,24.5,40
n100k_d128_l2,100000,128,l2,random,0.0100,0.0100,1000,C_acorn_g8,acorn,ACORN,16,8,16,100,10,0.0070,128886.7,7.75,7.96,8.25,8.42,7.76,7,6,573,1773,2347,62,2285,0,6,20867.5,20264200,24.6,40
n100k_d128_l2,100000,128,l2,random,0.0100,0.0100,1000,C_acorn_g16,acorn,ACORN,16,16,16,100,10,0.0470,69265.9,18.88,20.96,21.58,37.08,14.44,20,9,1409,2747,4157,145,4011,0,6,39343.5,23728392,24.6,40
n100k_d128_l2,100000,128,l2,random,0.0100,0.0100,1000,C_acorn_g32,acorn,ACORN,16,32,16,100,10,0.1990,43734.1,20.08,57.29,92.92,101.50,22.87,32,10,2186,2393,4581,146,4434,0,7,101521.7,30656776,24.6,40
n100k_d128_l2,100000,128,l2,random,0.0100,0.0100,1000,A_std_standard,std,STANDARD,16,1,32,250,10,0.9670,4267.6,239.17,263.75,304.46,357.71,234.33,1904,1904,1904,0,1904,0,0,258,9,11604.8,14033032,24.6,32
n100k_d128_l2,100000,128,l2,random,0.0100,0.0100,1000,B_std_acorn1,std,ACORN,16,1,32,250,10,0.0260,40572.7,24.38,25.67,32.62,35.96,24.65,11,11,318,8157,8476,274,8202,0,10,11604.8,14033032,24.6,32
n100k_d128_l2,100000,128,l2,random,0.0100,0.0100,1000,D_large24_standard,large,STANDARD,24,1,48,250,10,0.9890,4132.7,247.54,265.29,365.50,377.38,241.97,2001,2001,2001,0,2001,0,0,257,10,10822.2,20424136,30.6,48
n100k_d128_l2,100000,128,l2,random,0.0100,0.0100,1000,E_large24_acorn1,large,ACORN,24,1,48,250,10,0.0800,5417.5,177.08,194.75,387.46,425.96,184.59,56,56,1805,59828,61634,2045,59589,0,10,10822.2,20424136,30.6,48
n100k_d128_l2,100000,128,l2,random,0.0100,0.0100,1000,D_large48_standard,large,STANDARD,48,1,96,250,10,0.9940,3958.6,254.88,303.17,350.38,437.38,252.62,2105,2105,2105,0,2105,0,0,255,10,10314.6,39618184,36.1,96
n100k_d128_l2,100000,128,l2,random,0.0100,0.0100,1000,E_large48_acorn1,large,ACORN,48,1,96,250,10,0.4200,626.3,1548.75,1947.08,2017.79,2127.29,1596.61,449,297,9608,418258,427868,13564,414304,0,10,10314.6,39618184,36.1,96
n100k_d128_l2,100000,128,l2,random,0.0100,0.0100,1000,C_acorn_g4,acorn,ACORN,16,4,16,250,10,0.0210,128343.5,7.75,8.12,8.38,8.79,7.79,9,9,373,1897,2271,77,2194,0,8,12923.4,18532104,24.5,40
n100k_d128_l2,100000,128,l2,random,0.0100,0.0100,1000,C_acorn_g8,acorn,ACORN,16,8,16,250,10,0.0070,129450.2,7.71,7.92,8.12,8.42,7.72,7,6,573,1773,2347,62,2285,0,6,20867.5,20264200,24.6,40
n100k_d128_l2,100000,128,l2,random,0.0100,0.0100,1000,C_acorn_g16,acorn,ACORN,16,16,16,250,10,0.0470,66934.2,18.88,21.17,39.42,59.38,14.94,20,9,1409,2747,4157,145,4011,0,6,39343.5,23728392,24.6,40
n100k_d128_l2,100000,128,l2,random,0.0100,0.0100,1000,C_acorn_g32,acorn,ACORN,16,32,16,250,10,0.1990,51300.6,18.17,38.17,73.29,79.83,19.49,32,10,2186,2393,4581,146,4434,0,7,101521.7,30656776,24.6,40
n100k_d128_l2,100000,128,l2,random,0.0100,0.0100,1000,A_std_standard,std,STANDARD,16,1,32,500,10,0.9870,2146.9,467.92,548.71,596.21,618.67,465.79,2042,2042,2042,0,2042,0,0,508,9,11604.8,14033032,24.6,32
n100k_d128_l2,100000,128,l2,random,0.0100,0.0100,1000,B_std_acorn1,std,ACORN,16,1,32,500,10,0.0260,40248.3,24.21,27.62,37.62,47.71,24.85,11,11,318,8157,8476,274,8202,0,10,11604.8,14033032,24.6,32
n100k_d128_l2,100000,128,l2,random,0.0100,0.0100,1000,D_large24_standard,large,STANDARD,24,1,48,500,10,0.9980,2124.4,473.33,533.79,605.42,650.04,470.72,2079,2079,2079,0,2079,0,0,507,10,10822.2,20424136,30.6,48
n100k_d128_l2,100000,128,l2,random,0.0100,0.0100,1000,E_large24_acorn1,large,ACORN,24,1,48,500,10,0.0800,5448.1,176.33,222.50,300.04,328.46,183.55,56,56,1805,59828,61634,2045,59589,0,10,10822.2,20424136,30.6,48
n100k_d128_l2,100000,128,l2,random,0.0100,0.0100,1000,D_large48_standard,large,STANDARD,48,1,96,500,10,0.9980,2099.8,478.58,535.71,646.58,674.62,476.23,2168,2168,2168,0,2168,0,0,505,10,10314.6,39618184,36.1,96
n100k_d128_l2,100000,128,l2,random,0.0100,0.0100,1000,E_large48_acorn1,large,ACORN,48,1,96,500,10,0.4900,384.3,2607.38,2900.92,2998.83,3253.92,2602.00,573,421,15229,662155,677386,21549,655836,0,10,10314.6,39618184,36.1,96
n100k_d128_l2,100000,128,l2,random,0.0100,0.0100,1000,C_acorn_g4,acorn,ACORN,16,4,16,500,10,0.0210,127078.5,7.79,8.17,8.83,10.83,7.87,9,9,373,1897,2271,77,2194,0,8,12923.4,18532104,24.5,40
n100k_d128_l2,100000,128,l2,random,0.0100,0.0100,1000,C_acorn_g8,acorn,ACORN,16,8,16,500,10,0.0070,129394.9,7.71,7.96,8.12,8.21,7.73,7,6,573,1773,2347,62,2285,0,6,20867.5,20264200,24.6,40
n100k_d128_l2,100000,128,l2,random,0.0100,0.0100,1000,C_acorn_g16,acorn,ACORN,16,16,16,500,10,0.0470,68824.9,18.71,20.92,21.88,38.12,14.53,20,9,1409,2747,4157,145,4011,0,6,39343.5,23728392,24.6,40
n100k_d128_l2,100000,128,l2,random,0.0100,0.0100,1000,C_acorn_g32,acorn,ACORN,16,32,16,500,10,0.1990,47457.2,18.33,45.79,74.46,117.54,21.07,32,10,2186,2393,4581,146,4434,0,7,101521.7,30656776,24.6,40
n100k_d128_l2,100000,128,l2,random,0.0050,0.0050,500,F_exact,exact,EXACT,16,0,0,0,10,1.0000,7200.5,136.21,153.29,180.42,223.04,138.88,500,0,0,0,100000,0,0,0,10,0.0,0,0.0,0
n100k_d128_l2,100000,128,l2,random,0.0050,0.0050,500,A_std_standard,std,STANDARD,16,1,32,50,10,0.4400,14073.1,71.42,85.08,103.17,163.62,71.06,1035,1035,1035,0,1035,0,0,59,4,11604.8,14033032,24.6,32
n100k_d128_l2,100000,128,l2,random,0.0050,0.0050,500,B_std_acorn1,std,ACORN,16,1,32,50,10,0.0350,41361.4,21.88,26.75,110.17,113.71,24.18,11,11,283,7233,7517,228,7289,0,10,11604.8,14033032,24.6,32
n100k_d128_l2,100000,128,l2,random,0.0050,0.0050,500,D_large24_standard,large,STANDARD,24,1,48,50,10,0.5330,12463.9,81.38,93.33,118.21,119.21,80.23,1218,1218,1218,0,1218,0,0,57,5,10822.2,20424136,30.6,48
n100k_d128_l2,100000,128,l2,random,0.0050,0.0050,500,E_large24_acorn1,large,ACORN,24,1,48,50,10,0.0320,33143.2,29.75,31.29,41.46,43.12,30.17,32,11,334,10151,10486,341,10145,0,10,10822.2,20424136,30.6,48
n100k_d128_l2,100000,128,l2,random,0.0050,0.0050,500,D_large48_standard,large,STANDARD,48,1,96,50,10,0.6060,11504.4,88.46,102.88,111.50,114.00,86.92,1438,1438,1438,0,1438,0,0,56,6,10314.6,39618184,36.1,96
n100k_d128_l2,100000,128,l2,random,0.0050,0.0050,500,E_large48_acorn1,large,ACORN,48,1,96,50,10,0.0790,6680.8,142.83,179.08,299.29,317.08,149.68,29,29,1140,51861,53002,1257,51744,0,10,10314.6,39618184,36.1,96
n100k_d128_l2,100000,128,l2,random,0.0050,0.0050,500,C_acorn_g4,acorn,ACORN,16,4,16,50,10,0.0060,306985.8,3.21,3.42,3.58,3.96,3.26,4,3,281,465,747,26,721,0,3,12923.4,18532104,24.5,40
n100k_d128_l2,100000,128,l2,random,0.0050,0.0050,500,C_acorn_g8,acorn,ACORN,16,8,16,50,10,0.0040,387669.0,2.58,2.71,2.79,2.92,2.58,3,2,439,101,541,7,534,0,2,20867.5,20264200,24.6,40
n100k_d128_l2,100000,128,l2,random,0.0050,0.0050,500,C_acorn_g16,acorn,ACORN,16,16,16,50,10,0.0090,215440.6,4.29,5.25,14.04,14.21,4.64,5,1,868,269,1138,18,1120,0,1,39343.5,23728392,24.6,40
n100k_d128_l2,100000,128,l2,random,0.0050,0.0050,500,C_acorn_g32,acorn,ACORN,16,32,16,50,10,0.0170,133666.4,6.75,9.08,9.17,9.42,7.48,7,4,1420,852,2274,43,2230,0,4,101521.7,30656776,24.6,40
n100k_d128_l2,100000,128,l2,random,0.0050,0.0050,500,A_std_standard,std,STANDARD,16,1,32,100,10,0.6520,8386.2,120.54,140.21,218.08,242.46,119.24,1455,1455,1455,0,1455,0,0,108,6,11604.8,14033032,24.6,32
n100k_d128_l2,100000,128,l2,random,0.0050,0.0050,500,B_std_acorn1,std,ACORN,16,1,32,100,10,0.0350,46162.6,21.67,22.08,22.21,22.38,21.66,11,11,283,7233,7517,228,7289,0,10,11604.8,14033032,24.6,32
n100k_d128_l2,100000,128,l2,random,0.0050,0.0050,500,D_large24_standard,large,STANDARD,24,1,48,100,10,0.7260,7772.7,129.38,156.42,185.17,312.83,128.66,1638,1638,1638,0,1638,0,0,107,7,10822.2,20424136,30.6,48
n100k_d128_l2,100000,128,l2,random,0.0050,0.0050,500,E_large24_acorn1,large,ACORN,24,1,48,100,10,0.0320,33792.4,29.38,30.54,34.62,36.29,29.59,32,11,334,10151,10486,341,10145,0,10,10822.2,20424136,30.6,48
n100k_d128_l2,100000,128,l2,random,0.0050,0.0050,500,D_large48_standard,large,STANDARD,48,1,96,100,10,0.7730,7366.5,138.46,166.17,216.38,223.46,135.75,1819,1819,1819,0,1819,0,0,106,8,10314.6,39618184,36.1,96
n100k_d128_l2,100000,128,l2,random,0.0050,0.0050,500,E_large48_acorn1,large,ACORN,48,1,96,100,10,0.0790,6890.6,142.21,151.25,230.00,233.58,145.13,29,29,1140,51861,53002,1257,51744,0,10,10314.6,39618184,36.1,96
n100k_d128_l2,100000,128,l2,random,0.0050,0.0050,500,C_acorn_g4,acorn,ACORN,16,4,16,100,10,0.0060,281420.6,3.21,3.96,16.96,18.04,3.55,4,3,281,465,747,26,721,0,3,12923.4,18532104,24.5,40
n100k_d128_l2,100000,128,l2,random,0.0050,0.0050,500,C_acorn_g8,acorn,ACORN,16,8,16,100,10,0.0040,240191.2,2.50,6.29,49.75,64.96,4.16,3,2,439,101,541,7,534,0,2,20867.5,20264200,24.6,40
n100k_d128_l2,100000,128,l2,random,0.0050,0.0050,500,C_acorn_g16,acorn,ACORN,16,16,16,100,10,0.0090,220484.3,4.54,5.12,10.04,11.92,4.54,5,1,868,269,1138,18,1120,0,1,39343.5,23728392,24.6,40
n100k_d128_l2,100000,128,l2,random,0.0050,0.0050,500,C_acorn_g32,acorn,ACORN,16,32,16,100,10,0.0170,131710.0,6.88,9.04,11.12,11.54,7.59,7,4,1420,852,2274,43,2230,0,4,101521.7,30656776,24.6,40
n100k_d128_l2,100000,128,l2,random,0.0050,0.0050,500,A_std_standard,std,STANDARD,16,1,32,250,10,0.8310,4265.7,241.12,261.88,290.88,367.54,234.43,1904,1904,1904,0,1904,0,0,258,8,11604.8,14033032,24.6,32
n100k_d128_l2,100000,128,l2,random,0.0050,0.0050,500,B_std_acorn1,std,ACORN,16,1,32,250,10,0.0350,45057.8,21.79,22.29,26.33,52.08,22.19,11,11,283,7233,7517,228,7289,0,10,11604.8,14033032,24.6,32
n100k_d128_l2,100000,128,l2,random,0.0050,0.0050,500,D_large24_standard,large,STANDARD,24,1,48,250,10,0.8780,4050.9,249.67,281.54,392.67,418.21,246.86,2001,2001,2001,0,2001,0,0,257,8,10822.2,20424136,30.6,48
n100k_d128_l2,100000,128,l2,random,0.0050,0.0050,500,E_large24_acorn1,large,ACORN,24,1,48,250,10,0.0320,33170.2,29.79,30.42,36.29,48.00,30.15,32,11,334,10151,10486,341,10145,0,10,10822.2,20424136,30.6,48
n100k_d128_l2,100000,128,l2,random,0.0050,0.0050,500,D_large48_standard,large,STANDARD,48,1,96,250,10,0.8900,3928.7,254.92,287.75,350.25,410.67,254.54,2105,2105,2105,0,2105,0,0,255,9,10314.6,39618184,36.1,96
n100k_d128_l2,100000,128,l2,random,0.0050,0.0050,500,E_large48_acorn1,large,ACORN,48,1,96,250,10,0.0790,6912.6,142.25,151.33,168.21,310.58,144.66,29,29,1140,51861,53002,1257,51744,0,10,10314.6,39618184,36.1,96
n100k_d128_l2,100000,128,l2,random,0.0050,0.0050,500,C_acorn_g4,acorn,ACORN,16,4,16,250,10,0.0060,310762.6,3.21,3.38,3.54,3.96,3.22,4,3,281,465,747,26,721,0,3,12923.4,18532104,24.5,40
n100k_d128_l2,100000,128,l2,random,0.0050,0.0050,500,C_acorn_g8,acorn,ACORN,16,8,16,250,10,0.0040,387844.9,2.58,2.71,2.79,2.83,2.58,3,2,439,101,541,7,534,0,2,20867.5,20264200,24.6,40
n100k_d128_l2,100000,128,l2,random,0.0050,0.0050,500,C_acorn_g16,acorn,ACORN,16,16,16,250,10,0.0090,230526.8,4.25,4.88,5.08,5.96,4.34,5,1,868,269,1138,18,1120,0,1,39343.5,23728392,24.6,40
n100k_d128_l2,100000,128,l2,random,0.0050,0.0050,500,C_acorn_g32,acorn,ACORN,16,32,16,250,10,0.0170,109859.6,7.50,13.54,45.04,57.33,9.10,7,4,1420,852,2274,43,2230,0,4,101521.7,30656776,24.6,40
n100k_d128_l2,100000,128,l2,random,0.0050,0.0050,500,A_std_standard,std,STANDARD,16,1,32,500,10,0.9010,2167.2,464.29,521.79,628.88,632.50,461.43,2042,2042,2042,0,2042,0,0,508,9,11604.8,14033032,24.6,32
n100k_d128_l2,100000,128,l2,random,0.0050,0.0050,500,B_std_acorn1,std,ACORN,16,1,32,500,10,0.0350,44420.7,21.92,23.88,40.29,44.92,22.51,11,11,283,7233,7517,228,7289,0,10,11604.8,14033032,24.6,32
n100k_d128_l2,100000,128,l2,random,0.0050,0.0050,500,D_large24_standard,large,STANDARD,24,1,48,500,10,0.9090,2147.9,468.54,512.46,638.75,646.42,465.58,2079,2079,2079,0,2079,0,0,507,9,10822.2,20424136,30.6,48
n100k_d128_l2,100000,128,l2,random,0.0050,0.0050,500,E_large24_acorn1,large,ACORN,24,1,48,500,10,0.0320,30918.7,29.92,35.00,99.42,116.46,32.34,32,11,334,10151,10486,341,10145,0,10,10822.2,20424136,30.6,48
n100k_d128_l2,100000,128,l2,random,0.0050,0.0050,500,D_large48_standard,large,STANDARD,48,1,96,500,10,0.9130,2092.7,478.50,564.58,629.04,649.67,477.85,2168,2168,2168,0,2168,0,0,505,9,10314.6,39618184,36.1,96
n100k_d128_l2,100000,128,l2,random,0.0050,0.0050,500,E_large48_acorn1,large,ACORN,48,1,96,500,10,0.0790,6834.9,141.58,155.92,239.29,326.46,146.31,29,29,1140,51861,53002,1257,51744,0,10,10314.6,39618184,36.1,96
n100k_d128_l2,100000,128,l2,random,0.0050,0.0050,500,C_acorn_g4,acorn,ACORN,16,4,16,500,10,0.0060,230545.4,3.25,10.25,28.29,30.46,4.34,4,3,281,465,747,26,721,0,3,12923.4,18532104,24.5,40
n100k_d128_l2,100000,128,l2,random,0.0050,0.0050,500,C_acorn_g8,acorn,ACORN,16,8,16,500,10,0.0040,381255.9,2.62,2.71,2.88,2.96,2.62,3,2,439,101,541,7,534,0,2,20867.5,20264200,24.6,40
n100k_d128_l2,100000,128,l2,random,0.0050,0.0050,500,C_acorn_g16,acorn,ACORN,16,16,16,500,10,0.0090,228637.8,4.29,5.00,5.46,6.17,4.37,5,1,868,269,1138,18,1120,0,1,39343.5,23728392,24.6,40
n100k_d128_l2,100000,128,l2,random,0.0050,0.0050,500,C_acorn_g32,acorn,ACORN,16,32,16,500,10,0.0170,132707.5,6.83,8.96,9.29,9.58,7.54,7,4,1420,852,2274,43,2230,0,4,101521.7,30656776,24.6,40
n100k_d128_l2,100000,128,l2,random,0.0010,0.0010,100,F_exact,exact,EXACT,16,0,0,0,10,1.0000,8920.2,110.00,121.67,128.62,185.62,112.11,100,0,0,0,100000,0,0,0,10,0.0,0,0.0,0
n100k_d128_l2,100000,128,l2,random,0.0010,0.0010,100,A_std_standard,std,STANDARD,16,1,32,50,10,0.0900,14576.1,70.33,80.96,86.08,97.83,68.61,1035,1035,1035,0,1035,0,0,59,0,11604.8,14033032,24.6,32
n100k_d128_l2,100000,128,l2,random,0.0010,0.0010,100,B_std_acorn1,std,ACORN,16,1,32,50,10,0.0000,357510.6,2.79,2.96,3.12,3.38,2.80,1,1,36,581,618,0,618,0,0,11604.8,14033032,24.6,32
n100k_d128_l2,100000,128,l2,random,0.0010,0.0010,100,D_large24_standard,large,STANDARD,24,1,48,50,10,0.1030,12828.4,78.54,93.96,108.71,163.79,77.95,1218,1218,1218,0,1218,0,0,57,1,10822.2,20424136,30.6,48
n100k_d128_l2,100000,128,l2,random,0.0010,0.0010,100,E_large24_acorn1,large,ACORN,24,1,48,50,10,0.0180,88991.8,10.17,12.29,41.62,46.50,11.24,3,3,124,3310,3435,60,3375,0,2,10822.2,20424136,30.6,48
n100k_d128_l2,100000,128,l2,random,0.0010,0.0010,100,D_large48_standard,large,STANDARD,48,1,96,50,10,0.1170,11663.1,86.92,102.96,134.08,139.79,85.74,1438,1438,1438,0,1438,0,0,56,1,10314.6,39618184,36.1,96
n100k_d128_l2,100000,128,l2,random,0.0010,0.0010,100,E_large48_acorn1,large,ACORN,48,1,96,50,10,0.0240,31248.0,31.79,33.92,33.96,43.33,32.00,5,5,274,12148,12423,169,12254,0,4,10314.6,39618184,36.1,96
n100k_d128_l2,100000,128,l2,random,0.0010,0.0010,100,C_acorn_g4,acorn,ACORN,16,4,16,50,10,0.0000,367587.6,2.54,2.71,3.08,19.71,2.72,1,1,179,447,627,0,627,0,0,12923.4,18532104,24.5,40
n100k_d128_l2,100000,128,l2,random,0.0010,0.0010,100,C_acorn_g8,acorn,ACORN,16,8,16,50,10,0.0000,420171.6,2.33,2.42,2.50,8.42,2.38,1,1,306,458,765,0,765,0,0,20867.5,20264200,24.6,40
n100k_d128_l2,100000,128,l2,random,0.0010,0.0010,100,C_acorn_g16,acorn,ACORN,16,16,16,50,10,0.0000,375646.1,2.58,2.71,2.75,7.96,2.66,1,1,562,424,987,0,987,0,0,39343.5,23728392,24.6,40
n100k_d128_l2,100000,128,l2,random,0.0010,0.0010,100,C_acorn_g32,acorn,ACORN,16,32,16,50,10,0.0000,291264.1,3.42,3.50,3.50,3.54,3.43,1,1,921,605,1527,0,1527,0,0,101521.7,30656776,24.6,40
n100k_d128_l2,100000,128,l2,random,0.0010,0.0010,100,A_std_standard,std,STANDARD,16,1,32,100,10,0.1350,8457.7,119.08,137.21,204.42,254.29,118.24,1455,1455,1455,0,1455,0,0,108,1,11604.8,14033032,24.6,32
n100k_d128_l2,100000,128,l2,random,0.0010,0.0010,100,B_std_acorn1,std,ACORN,16,1,32,100,10,0.0000,388855.4,2.54,2.79,2.83,2.96,2.57,1,1,36,581,618,0,618,0,0,11604.8,14033032,24.6,32
n100k_d128_l2,100000,128,l2,random,0.0010,0.0010,100,D_large24_standard,large,STANDARD,24,1,48,100,10,0.1430,8066.3,127.83,141.79,151.04,187.46,123.97,1638,1638,1638,0,1638,0,0,107,1,10822.2,20424136,30.6,48
n100k_d128_l2,100000,128,l2,random,0.0010,0.0010,100,E_large24_acorn1,large,ACORN,24,1,48,100,10,0.0180,98522.4,10.12,10.33,10.42,12.83,10.15,3,3,124,3310,3435,60,3375,0,2,10822.2,20424136,30.6,48
n100k_d128_l2,100000,128,l2,random,0.0010,0.0010,100,D_large48_standard,large,STANDARD,48,1,96,100,10,0.1670,7395.7,135.08,163.83,229.25,288.25,135.21,1819,1819,1819,0,1819,0,0,106,1,10314.6,39618184,36.1,96
n100k_d128_l2,100000,128,l2,random,0.0010,0.0010,100,E_large48_acorn1,large,ACORN,48,1,96,100,10,0.0240,31132.9,32.04,32.88,34.00,34.12,32.12,5,5,274,12148,12423,169,12254,0,4,10314.6,39618184,36.1,96
n100k_d128_l2,100000,128,l2,random,0.0010,0.0010,100,C_acorn_g4,acorn,ACORN,16,4,16,100,10,0.0000,442881.6,2.25,2.42,2.54,2.75,2.26,1,1,179,447,627,0,627,0,0,12923.4,18532104,24.5,40
n100k_d128_l2,100000,128,l2,random,0.0010,0.0010,100,C_acorn_g8,acorn,ACORN,16,8,16,100,10,0.0000,388918.9,2.38,2.96,3.71,16.46,2.57,1,1,306,458,765,0,765,0,0,20867.5,20264200,24.6,40
n100k_d128_l2,100000,128,l2,random,0.0010,0.0010,100,C_acorn_g16,acorn,ACORN,16,16,16,100,10,0.0000,282621.6,2.79,3.33,13.67,51.33,3.54,1,1,562,424,987,0,987,0,0,39343.5,23728392,24.6,40
n100k_d128_l2,100000,128,l2,random,0.0010,0.0010,100,C_acorn_g32,acorn,ACORN,16,32,16,100,10,0.0000,240723.7,3.75,4.17,20.04,20.88,4.15,1,1,921,605,1527,0,1527,0,0,101521.7,30656776,24.6,40
n100k_d128_l2,100000,128,l2,random,0.0010,0.0010,100,A_std_standard,std,STANDARD,16,1,32,250,10,0.1810,4309.7,240.04,268.12,297.00,329.58,232.04,1904,1904,1904,0,1904,0,0,258,1,11604.8,14033032,24.6,32
n100k_d128_l2,100000,128,l2,random,0.0010,0.0010,100,B_std_acorn1,std,ACORN,16,1,32,250,10,0.0000,335847.7,2.29,3.67,4.04,18.62,2.98,1,1,36,581,618,0,618,0,0,11604.8,14033032,24.6,32
n100k_d128_l2,100000,128,l2,random,0.0010,0.0010,100,D_large24_standard,large,STANDARD,24,1,48,250,10,0.1860,4213.4,242.21,270.92,304.75,397.21,237.34,2001,2001,2001,0,2001,0,0,257,1,10822.2,20424136,30.6,48
n100k_d128_l2,100000,128,l2,random,0.0010,0.0010,100,E_large24_acorn1,large,ACORN,24,1,48,250,10,0.0180,85960.2,10.42,11.38,32.62,99.54,11.63,3,3,124,3310,3435,60,3375,0,2,10822.2,20424136,30.6,48
n100k_d128_l2,100000,128,l2,random,0.0010,0.0010,100,D_large48_standard,large,STANDARD,48,1,96,250,10,0.1930,4020.9,253.79,279.04,339.67,395.92,248.70,2105,2105,2105,0,2105,0,0,255,1,10314.6,39618184,36.1,96
n100k_d128_l2,100000,128,l2,random,0.0010,0.0010,100,E_large48_acorn1,large,ACORN,48,1,96,250,10,0.0240,31031.5,31.96,33.83,40.54,43.42,32.23,5,5,274,12148,12423,169,12254,0,4,10314.6,39618184,36.1,96
n100k_d128_l2,100000,128,l2,random,0.0010,0.0010,100,C_acorn_g4,acorn,ACORN,16,4,16,250,10,0.0000,435971.1,2.29,2.42,2.62,2.79,2.29,1,1,179,447,627,0,627,0,0,12923.4,18532104,24.5,40
n100k_d128_l2,100000,128,l2,random,0.0010,0.0010,100,C_acorn_g8,acorn,ACORN,16,8,16,250,10,0.0000,393313.7,2.58,2.67,2.67,2.79,2.54,1,1,306,458,765,0,765,0,0,20867.5,20264200,24.6,40
n100k_d128_l2,100000,128,l2,random,0.0010,0.0010,100,C_acorn_g16,acorn,ACORN,16,16,16,250,10,0.0000,359386.5,2.79,2.83,2.88,2.88,2.78,1,1,562,424,987,0,987,0,0,39343.5,23728392,24.6,40
n100k_d128_l2,100000,128,l2,random,0.0010,0.0010,100,C_acorn_g32,acorn,ACORN,16,32,16,250,10,0.0000,267047.7,3.75,3.79,3.83,3.88,3.74,1,1,921,605,1527,0,1527,0,0,101521.7,30656776,24.6,40
n100k_d128_l2,100000,128,l2,random,0.0010,0.0010,100,A_std_standard,std,STANDARD,16,1,32,500,10,0.1940,2167.1,460.88,520.00,609.67,624.21,461.45,2042,2042,2042,0,2042,0,0,508,1,11604.8,14033032,24.6,32
n100k_d128_l2,100000,128,l2,random,0.0010,0.0010,100,B_std_acorn1,std,ACORN,16,1,32,500,10,0.0000,288424.7,3.25,3.75,8.42,14.62,3.47,1,1,36,581,618,0,618,0,0,11604.8,14033032,24.6,32
n100k_d128_l2,100000,128,l2,random,0.0010,0.0010,100,D_large24_standard,large,STANDARD,24,1,48,500,10,0.1960,2115.3,471.92,571.04,610.75,651.54,472.74,2079,2079,2079,0,2079,0,0,507,1,10822.2,20424136,30.6,48
n100k_d128_l2,100000,128,l2,random,0.0010,0.0010,100,E_large24_acorn1,large,ACORN,24,1,48,500,10,0.0180,97355.0,10.25,10.46,12.50,13.00,10.27,3,3,124,3310,3435,60,3375,0,2,10822.2,20424136,30.6,48
n100k_d128_l2,100000,128,l2,random,0.0010,0.0010,100,D_large48_standard,large,STANDARD,48,1,96,500,10,0.1970,2079.9,481.04,601.92,659.25,702.29,480.80,2168,2168,2168,0,2168,0,0,505,1,10314.6,39618184,36.1,96
n100k_d128_l2,100000,128,l2,random,0.0010,0.0010,100,E_large48_acorn1,large,ACORN,48,1,96,500,10,0.0240,30810.7,32.21,33.92,35.12,36.29,32.46,5,5,274,12148,12423,169,12254,0,4,10314.6,39618184,36.1,96
n100k_d128_l2,100000,128,l2,random,0.0010,0.0010,100,C_acorn_g4,acorn,ACORN,16,4,16,500,10,0.0000,421279.7,2.38,2.46,2.58,2.79,2.37,1,1,179,447,627,0,627,0,0,12923.4,18532104,24.5,40
n100k_d128_l2,100000,128,l2,random,0.0010,0.0010,100,C_acorn_g8,acorn,ACORN,16,8,16,500,10,0.0000,403769.6,2.46,2.54,2.67,2.71,2.48,1,1,306,458,765,0,765,0,0,20867.5,20264200,24.6,40
n100k_d128_l2,100000,128,l2,random,0.0010,0.0010,100,C_acorn_g16,acorn,ACORN,16,16,16,500,10,0.0000,347577.0,2.83,2.96,3.54,3.75,2.88,1,1,562,424,987,0,987,0,0,39343.5,23728392,24.6,40
n100k_d128_l2,100000,128,l2,random,0.0010,0.0010,100,C_acorn_g32,acorn,ACORN,16,32,16,500,10,0.0000,231371.7,3.83,5.00,16.88,19.79,4.32,1,1,921,605,1527,0,1527,0,0,101521.7,30656776,24.6,40
n100k_d128_l2,100000,128,l2,correlated,0.5000,0.5000,50000,F_exact,exact,EXACT,16,0,0,0,10,1.0000,227.8,4388.75,4547.46,4569.62,4646.29,4389.44,50000,0,0,0,100000,0,0,0,10,0.0,0,0.0,0
n100k_d128_l2,100000,128,l2,correlated,0.5000,0.5000,50000,A_std_standard,std,STANDARD,16,1,32,50,10,0.5730,14009.6,71.38,81.54,99.88,171.96,71.38,1035,1035,1035,0,1035,0,0,59,6,11604.8,14033032,24.6,32
n100k_d128_l2,100000,128,l2,correlated,0.5000,0.5000,50000,B_std_acorn1,std,ACORN,16,1,32,50,10,0.5620,9349.0,104.21,131.00,223.50,269.21,106.96,1173,1064,393,2380,2775,2068,706,0,10,11604.8,14033032,24.6,32
n100k_d128_l2,100000,128,l2,correlated,0.5000,0.5000,50000,D_large24_standard,large,STANDARD,24,1,48,50,10,0.6040,12478.5,81.58,101.29,118.12,139.04,80.14,1218,1218,1218,0,1218,0,0,57,6,10822.2,20424136,30.6,48
n100k_d128_l2,100000,128,l2,correlated,0.5000,0.5000,50000,E_large24_acorn1,large,ACORN,24,1,48,50,10,0.6740,7129.9,126.46,230.33,310.17,347.50,140.25,1455,1291,587,5015,5604,3423,2181,0,10,10822.2,20424136,30.6,48
n100k_d128_l2,100000,128,l2,correlated,0.5000,0.5000,50000,D_large48_standard,large,STANDARD,48,1,96,50,10,0.6360,11089.8,89.38,115.67,133.58,187.88,90.17,1438,1438,1438,0,1438,0,0,56,7,10314.6,39618184,36.1,96
n100k_d128_l2,100000,128,l2,correlated,0.5000,0.5000,50000,E_large48_acorn1,large,ACORN,48,1,96,50,10,0.7930,5074.8,176.46,353.50,423.54,469.04,197.05,1908,1702,1108,10224,11333,6929,4404,0,10,10314.6,39618184,36.1,96
n100k_d128_l2,100000,128,l2,correlated,0.5000,0.5000,50000,C_acorn_g4,acorn,ACORN,16,4,16,50,10,0.4610,12892.1,77.04,106.08,115.88,223.25,77.57,812,727,1186,1213,2400,1841,559,0,10,12923.4,18532104,24.5,40
n100k_d128_l2,100000,128,l2,correlated,0.5000,0.5000,50000,C_acorn_g8,acorn,ACORN,16,8,16,50,10,0.5230,11599.4,87.46,112.58,147.00,176.21,86.21,891,806,1188,1254,2443,1867,576,0,10,20867.5,20264200,24.6,40
n100k_d128_l2,100000,128,l2,correlated,0.5000,0.5000,50000,C_acorn_g16,acorn,ACORN,16,16,16,50,10,0.5040,11789.8,84.42,106.62,114.46,179.88,84.82,877,790,1162,1183,2347,1814,532,0,10,39343.5,23728392,24.6,40
n100k_d128_l2,100000,128,l2,correlated,0.5000,0.5000,50000,C_acorn_g32,acorn,ACORN,16,32,16,50,10,0.5090,11067.7,86.71,139.88,194.58,198.71,90.35,951,874,1204,1185,2391,1919,471,0,10,101521.7,30656776,24.6,40
n100k_d128_l2,100000,128,l2,correlated,0.5000,0.5000,50000,A_std_standard,std,STANDARD,16,1,32,100,10,0.6330,8488.9,120.38,131.88,138.92,250.79,117.80,1455,1455,1455,0,1455,0,0,108,6,11604.8,14033032,24.6,32
n100k_d128_l2,100000,128,l2,correlated,0.5000,0.5000,50000,B_std_acorn1,std,ACORN,16,1,32,100,10,0.6930,5389.0,173.62,284.54,323.33,412.08,185.56,1583,1474,1048,5485,6535,4612,1922,0,10,11604.8,14033032,24.6,32
n100k_d128_l2,100000,128,l2,correlated,0.5000,0.5000,50000,D_large24_standard,large,STANDARD,24,1,48,100,10,0.6620,7931.5,129.33,142.88,185.79,237.62,126.08,1638,1638,1638,0,1638,0,0,107,6,10822.2,20424136,30.6,48
n100k_d128_l2,100000,128,l2,correlated,0.5000,0.5000,50000,E_large24_acorn1,large,ACORN,24,1,48,100,10,0.7960,4142.6,204.21,444.58,485.04,603.12,241.40,1826,1662,1704,11485,13190,8015,5174,0,10,10822.2,20424136,30.6,48
n100k_d128_l2,100000,128,l2,correlated,0.5000,0.5000,50000,D_large48_standard,large,STANDARD,48,1,96,100,10,0.6710,7272.3,136.96,167.25,271.46,275.54,137.51,1819,1819,1819,0,1819,0,0,106,7,10314.6,39618184,36.1,96
n100k_d128_l2,100000,128,l2,correlated,0.5000,0.5000,50000,E_large48_acorn1,large,ACORN,48,1,96,100,10,0.8750,3147.7,255.62,653.62,711.83,723.67,317.69,2165,1959,2951,21528,24481,14495,9986,0,10,10314.6,39618184,36.1,96
n100k_d128_l2,100000,128,l2,correlated,0.5000,0.5000,50000,C_acorn_g4,acorn,ACORN,16,4,16,100,10,0.5260,7322.8,134.04,183.08,208.29,320.54,136.56,1090,1005,2270,2535,4806,3677,1129,0,10,12923.4,18532104,24.5,40
n100k_d128_l2,100000,128,l2,correlated,0.5000,0.5000,50000,C_acorn_g8,acorn,ACORN,16,8,16,100,10,0.5940,7010.5,140.79,187.58,236.08,299.88,142.64,1207,1122,2247,2452,4701,3622,1078,0,10,20867.5,20264200,24.6,40
n100k_d128_l2,100000,128,l2,correlated,0.5000,0.5000,50000,C_acorn_g16,acorn,ACORN,16,16,16,100,10,0.5910,6861.2,146.54,182.42,278.25,279.12,145.75,1202,1115,2241,2434,4677,3607,1070,0,10,39343.5,23728392,24.6,40
n100k_d128_l2,100000,128,l2,correlated,0.5000,0.5000,50000,C_acorn_g32,acorn,ACORN,16,32,16,100,10,0.5720,6681.9,146.38,219.83,251.46,255.38,149.66,1278,1201,2253,2342,4597,3680,916,0,10,101521.7,30656776,24.6,40
n100k_d128_l2,100000,128,l2,correlated,0.5000,0.5000,50000,A_std_standard,std,STANDARD,16,1,32,250,10,0.6780,4169.8,241.46,270.25,398.71,407.67,239.82,1904,1904,1904,0,1904,0,0,258,7,11604.8,14033032,24.6,32
n100k_d128_l2,100000,128,l2,correlated,0.5000,0.5000,50000,B_std_acorn1,std,ACORN,16,1,32,250,10,0.7720,2625.1,325.17,689.50,752.12,883.88,380.94,1966,1857,4450,15444,19895,13742,6153,0,10,11604.8,14033032,24.6,32
n100k_d128_l2,100000,128,l2,correlated,0.5000,0.5000,50000,D_large24_standard,large,STANDARD,24,1,48,250,10,0.6910,4066.2,248.92,278.71,324.08,404.38,245.93,2001,2001,2001,0,2001,0,0,257,7,10822.2,20424136,30.6,48
n100k_d128_l2,100000,128,l2,correlated,0.5000,0.5000,50000,E_large24_acorn1,large,ACORN,24,1,48,250,10,0.8380,2052.0,352.33,1060.29,1186.12,1264.00,487.34,2057,1893,6375,31306,37683,22577,15106,0,10,10822.2,20424136,30.6,48
n100k_d128_l2,100000,128,l2,correlated,0.5000,0.5000,50000,D_large48_standard,large,STANDARD,48,1,96,250,10,0.6910,4007.5,253.12,283.58,378.04,402.25,249.53,2105,2105,2105,0,2105,0,0,255,8,10314.6,39618184,36.1,96
n100k_d128_l2,100000,128,l2,correlated,0.5000,0.5000,50000,E_large48_acorn1,large,ACORN,48,1,96,250,10,0.9090,1550.1,413.25,1578.75,1706.71,1798.92,645.14,2478,2272,8884,52452,61337,35617,25720,0,10,10314.6,39618184,36.1,96
n100k_d128_l2,100000,128,l2,correlated,0.5000,0.5000,50000,C_acorn_g4,acorn,ACORN,16,4,16,250,10,0.5650,3309.1,300.17,398.88,516.58,548.79,302.19,1500,1416,5680,6908,12589,9388,3201,0,10,12923.4,18532104,24.5,40
n100k_d128_l2,100000,128,l2,correlated,0.5000,0.5000,50000,C_acorn_g8,acorn,ACORN,16,8,16,250,10,0.6320,3167.4,310.67,443.79,505.25,513.46,315.72,1617,1533,5646,6774,12422,9289,3132,0,10,20867.5,20264200,24.6,40
n100k_d128_l2,100000,128,l2,correlated,0.5000,0.5000,50000,C_acorn_g16,acorn,ACORN,16,16,16,250,10,0.6530,3105.5,312.29,437.04,497.33,517.62,322.01,1620,1533,5638,6772,12411,9274,3137,0,10,39343.5,23728392,24.6,40
n100k_d128_l2,100000,128,l2,correlated,0.5000,0.5000,50000,C_acorn_g32,acorn,ACORN,16,32,16,250,10,0.6470,3107.4,315.04,450.62,519.21,591.75,321.81,1744,1667,5731,6428,12161,9454,2706,0,10,101521.7,30656776,24.6,40
n100k_d128_l2,100000,128,l2,correlated,0.5000,0.5000,50000,A_std_standard,std,STANDARD,16,1,32,500,10,0.6900,2139.8,468.71,553.92,649.62,655.75,467.34,2042,2042,2042,0,2042,0,0,508,7,11604.8,14033032,24.6,32
n100k_d128_l2,100000,128,l2,correlated,0.5000,0.5000,50000,B_std_acorn1,std,ACORN,16,1,32,500,10,0.7890,1375.0,582.38,1417.42,1571.08,1960.75,727.28,2109,2000,10909,29856,40767,27870,12896,0,10,11604.8,14033032,24.6,32
n100k_d128_l2,100000,128,l2,correlated,0.5000,0.5000,50000,D_large24_standard,large,STANDARD,24,1,48,500,10,0.7000,2123.8,468.00,530.92,657.71,667.75,470.85,2079,2079,2079,0,2079,0,0,507,7,10822.2,20424136,30.6,48
n100k_d128_l2,100000,128,l2,correlated,0.5000,0.5000,50000,E_large24_acorn1,large,ACORN,24,1,48,500,10,0.8600,1073.7,626.79,2026.46,2259.71,2331.04,931.40,2273,2109,14436,61683,76120,44930,31189,0,10,10822.2,20424136,30.6,48
n100k_d128_l2,100000,128,l2,correlated,0.5000,0.5000,50000,D_large48_standard,large,STANDARD,48,1,96,500,10,0.7000,2084.3,479.04,580.83,613.96,676.96,479.78,2168,2168,2168,0,2168,0,0,505,9,10314.6,39618184,36.1,96
n100k_d128_l2,100000,128,l2,correlated,0.5000,0.5000,50000,E_large48_acorn1,large,ACORN,48,1,96,500,10,0.9250,849.5,714.38,2862.50,3156.42,3162.25,1177.15,2781,2575,18283,98550,116834,67311,49523,0,10,10314.6,39618184,36.1,96
n100k_d128_l2,100000,128,l2,correlated,0.5000,0.5000,50000,C_acorn_g4,acorn,ACORN,16,4,16,500,10,0.5700,1681.0,572.29,809.00,955.75,1047.21,594.89,1754,1670,11614,13467,25083,18470,6612,0,10,12923.4,18532104,24.5,40
n100k_d128_l2,100000,128,l2,correlated,0.5000,0.5000,50000,C_acorn_g8,acorn,ACORN,16,8,16,500,10,0.6380,1616.4,583.96,824.67,894.54,907.96,618.65,1796,1712,11686,14362,26049,18832,7216,0,10,20867.5,20264200,24.6,40
n100k_d128_l2,100000,128,l2,correlated,0.5000,0.5000,50000,C_acorn_g16,acorn,ACORN,16,16,16,500,10,0.6650,1613.1,582.96,829.71,956.88,967.29,619.91,1816,1729,11711,13903,25615,18733,6881,0,10,39343.5,23728392,24.6,40
n100k_d128_l2,100000,128,l2,correlated,0.5000,0.5000,50000,C_acorn_g32,acorn,ACORN,16,32,16,500,10,0.6600,1590.7,583.08,855.38,1173.25,1234.04,628.67,1990,1913,11869,12844,24714,18804,5910,0,10,101521.7,30656776,24.6,40
n100k_d128_l2,100000,128,l2,correlated,0.5000,0.5000,50000,F_exact,exact,EXACT,16,0,0,0,100,1.0000,230.5,4338.29,4460.83,4478.29,4492.12,4338.47,50000,0,0,0,100000,0,0,0,100,0.0,0,0.0,0
n100k_d128_l2,100000,128,l2,correlated,0.5000,0.5000,50000,A_std_standard,std,STANDARD,16,1,32,50,100,0.4940,11426.4,88.38,100.88,105.29,234.67,87.52,1035,1035,1035,0,1035,0,0,59,59,11604.8,14033032,24.6,32
n100k_d128_l2,100000,128,l2,correlated,0.5000,0.5000,50000,B_std_acorn1,std,ACORN,16,1,32,50,100,0.5583,7481.6,129.12,178.79,242.75,292.83,133.66,1173,1064,393,2380,2775,2068,706,0,100,11604.8,14033032,24.6,32
n100k_d128_l2,100000,128,l2,correlated,0.5000,0.5000,50000,D_large24_standard,large,STANDARD,24,1,48,50,100,0.5302,10203.1,99.71,114.42,134.21,171.71,98.01,1218,1218,1218,0,1218,0,0,57,59,10822.2,20424136,30.6,48
n100k_d128_l2,100000,128,l2,correlated,0.5000,0.5000,50000,E_large24_acorn1,large,ACORN,24,1,48,50,100,0.6815,6002.0,153.38,251.62,290.38,358.88,166.61,1455,1291,587,5015,5604,3423,2181,0,100,10822.2,20424136,30.6,48
n100k_d128_l2,100000,128,l2,correlated,0.5000,0.5000,50000,D_large48_standard,large,STANDARD,48,1,96,50,100,0.5532,9199.6,107.29,137.67,178.21,185.50,108.70,1438,1438,1438,0,1438,0,0,56,60,10314.6,39618184,36.1,96
n100k_d128_l2,100000,128,l2,correlated,0.5000,0.5000,50000,E_large48_acorn1,large,ACORN,48,1,96,50,100,0.8480,4495.8,204.00,393.83,462.62,519.29,222.43,1908,1702,1108,10224,11333,6929,4404,0,100,10314.6,39618184,36.1,96
n100k_d128_l2,100000,128,l2,correlated,0.5000,0.5000,50000,C_acorn_g4,acorn,ACORN,16,4,16,50,100,0.4218,9980.5,99.71,140.17,153.54,207.29,100.20,812,727,1186,1213,2400,1841,559,0,100,12923.4,18532104,24.5,40
n100k_d128_l2,100000,128,l2,correlated,0.5000,0.5000,50000,C_acorn_g8,acorn,ACORN,16,8,16,50,100,0.4842,9535.6,106.17,129.58,134.75,210.50,104.87,891,806,1188,1254,2443,1867,576,0,100,20867.5,20264200,24.6,40
n100k_d128_l2,100000,128,l2,correlated,0.5000,0.5000,50000,C_acorn_g16,acorn,ACORN,16,16,16,50,100,0.4838,9557.6,105.50,129.58,144.42,152.83,104.63,877,790,1162,1183,2347,1814,532,0,100,39343.5,23728392,24.6,40
n100k_d128_l2,100000,128,l2,correlated,0.5000,0.5000,50000,C_acorn_g32,acorn,ACORN,16,32,16,50,100,0.4670,8891.1,105.96,182.54,199.25,213.50,112.47,951,874,1204,1185,2391,1919,471,0,100,101521.7,30656776,24.6,40
n100k_d128_l2,100000,128,l2,correlated,0.5000,0.5000,50000,A_std_standard,std,STANDARD,16,1,32,100,100,0.5648,8003.1,127.42,148.71,180.29,222.08,124.95,1455,1455,1455,0,1455,0,0,108,59,11604.8,14033032,24.6,32
n100k_d128_l2,100000,128,l2,correlated,0.5000,0.5000,50000,B_std_acorn1,std,ACORN,16,1,32,100,100,0.7214,5032.5,186.29,326.04,354.12,425.92,198.71,1583,1474,1048,5485,6535,4612,1922,0,100,11604.8,14033032,24.6,32
n100k_d128_l2,100000,128,l2,correlated,0.5000,0.5000,50000,D_large24_standard,large,STANDARD,24,1,48,100,100,0.5877,7465.3,136.88,156.12,166.21,189.54,133.95,1638,1638,1638,0,1638,0,0,107,60,10822.2,20424136,30.6,48
n100k_d128_l2,100000,128,l2,correlated,0.5000,0.5000,50000,E_large24_acorn1,large,ACORN,24,1,48,100,100,0.8256,4008.5,216.79,454.67,492.67,492.67,249.47,1826,1662,1704,11485,13190,8015,5174,0,100,10822.2,20424136,30.6,48
n100k_d128_l2,100000,128,l2,correlated,0.5000,0.5000,50000,D_large48_standard,large,STANDARD,48,1,96,100,100,0.5932,6909.9,146.58,168.29,196.17,260.42,144.72,1819,1819,1819,0,1819,0,0,106,61,10314.6,39618184,36.1,96
n100k_d128_l2,100000,128,l2,correlated,0.5000,0.5000,50000,E_large48_acorn1,large,ACORN,48,1,96,100,100,0.9157,2947.1,279.71,679.50,747.54,879.46,339.31,2165,1959,2951,21528,24481,14495,9986,0,100,10314.6,39618184,36.1,96
n100k_d128_l2,100000,128,l2,correlated,0.5000,0.5000,50000,C_acorn_g4,acorn,ACORN,16,4,16,100,100,0.4929,6977.9,146.25,191.46,198.79,222.12,143.31,1090,1005,2270,2535,4806,3677,1129,0,100,12923.4,18532104,24.5,40
n100k_d128_l2,100000,128,l2,correlated,0.5000,0.5000,50000,C_acorn_g8,acorn,ACORN,16,8,16,100,100,0.5758,6386.3,152.67,212.54,250.96,289.54,156.58,1207,1122,2247,2452,4701,3622,1078,0,100,20867.5,20264200,24.6,40
n100k_d128_l2,100000,128,l2,correlated,0.5000,0.5000,50000,C_acorn_g16,acorn,ACORN,16,16,16,100,100,0.5886,6371.6,155.46,206.25,263.12,312.54,156.95,1202,1115,2241,2434,4677,3607,1070,0,100,39343.5,23728392,24.6,40
n100k_d128_l2,100000,128,l2,correlated,0.5000,0.5000,50000,C_acorn_g32,acorn,ACORN,16,32,16,100,100,0.5708,6273.2,156.04,225.21,277.12,283.33,159.41,1278,1201,2253,2342,4597,3680,916,0,100,101521.7,30656776,24.6,40
n100k_d128_l2,100000,128,l2,correlated,0.5000,0.5000,50000,A_std_standard,std,STANDARD,16,1,32,250,100,0.5948,3965.1,253.00,294.08,385.88,402.08,252.20,1904,1904,1904,0,1904,0,0,258,60,11604.8,14033032,24.6,32
n100k_d128_l2,100000,128,l2,correlated,0.5000,0.5000,50000,B_std_acorn1,std,ACORN,16,1,32,250,100,0.8164,2498.0,344.46,721.50,864.50,896.67,400.33,1966,1857,4450,15444,19895,13742,6153,0,100,11604.8,14033032,24.6,32
n100k_d128_l2,100000,128,l2,correlated,0.5000,0.5000,50000,D_large24_standard,large,STANDARD,24,1,48,250,100,0.6026,3945.5,259.79,289.38,391.08,392.75,253.45,2001,2001,2001,0,2001,0,0,257,60,10822.2,20424136,30.6,48
n100k_d128_l2,100000,128,l2,correlated,0.5000,0.5000,50000,E_large24_acorn1,large,ACORN,24,1,48,250,100,0.8856,1953.0,378.62,1071.62,1106.75,1122.83,512.03,2057,1893,6375,31306,37683,22577,15106,0,100,10822.2,20424136,30.6,48
n100k_d128_l2,100000,128,l2,correlated,0.5000,0.5000,50000,D_large48_standard,large,STANDARD,48,1,96,250,100,0.6049,3874.3,260.12,304.75,382.25,400.75,258.11,2105,2105,2105,0,2105,0,0,255,62,10314.6,39618184,36.1,96
n100k_d128_l2,100000,128,l2,correlated,0.5000,0.5000,50000,E_large48_acorn1,large,ACORN,48,1,96,250,100,0.9587,1502.5,442.21,1553.75,1771.29,1879.62,665.57,2478,2272,8884,52452,61337,35617,25720,0,100,10314.6,39618184,36.1,96
n100k_d128_l2,100000,128,l2,correlated,0.5000,0.5000,50000,C_acorn_g4,acorn,ACORN,16,4,16,250,100,0.5561,3176.0,316.79,415.12,528.88,591.92,314.86,1500,1416,5680,6908,12589,9388,3201,0,100,12923.4,18532104,24.5,40
n100k_d128_l2,100000,128,l2,correlated,0.5000,0.5000,50000,C_acorn_g8,acorn,ACORN,16,8,16,250,100,0.6481,3040.3,320.83,439.75,493.38,542.96,328.91,1617,1533,5646,6774,12422,9289,3132,0,100,20867.5,20264200,24.6,40
n100k_d128_l2,100000,128,l2,correlated,0.5000,0.5000,50000,C_acorn_g16,acorn,ACORN,16,16,16,250,100,0.6722,3003.8,322.33,449.29,493.75,530.04,332.91,1620,1533,5638,6772,12411,9274,3137,0,100,39343.5,23728392,24.6,40
n100k_d128_l2,100000,128,l2,correlated,0.5000,0.5000,50000,C_acorn_g32,acorn,ACORN,16,32,16,250,100,0.6629,2931.6,325.67,478.92,595.12,794.96,341.11,1744,1667,5731,6428,12161,9454,2706,0,100,101521.7,30656776,24.6,40
n100k_d128_l2,100000,128,l2,correlated,0.5000,0.5000,50000,A_std_standard,std,STANDARD,16,1,32,500,100,0.5987,2113.9,475.54,541.29,609.25,632.25,473.07,2042,2042,2042,0,2042,0,0,508,60,11604.8,14033032,24.6,32
n100k_d128_l2,100000,128,l2,correlated,0.5000,0.5000,50000,B_std_acorn1,std,ACORN,16,1,32,500,100,0.8433,1354.1,591.00,1442.75,1696.04,2000.33,738.50,2109,2000,10909,29856,40767,27870,12896,0,100,11604.8,14033032,24.6,32
n100k_d128_l2,100000,128,l2,correlated,0.5000,0.5000,50000,D_large24_standard,large,STANDARD,24,1,48,500,100,0.6057,2087.9,481.17,538.33,641.29,685.75,478.96,2079,2079,2079,0,2079,0,0,507,61,10822.2,20424136,30.6,48
n100k_d128_l2,100000,128,l2,correlated,0.5000,0.5000,50000,E_large24_acorn1,large,ACORN,24,1,48,500,100,0.9077,1060.9,639.38,2046.92,2211.62,2282.42,942.62,2273,2109,14436,61683,76120,44930,31189,0,100,10822.2,20424136,30.6,48
n100k_d128_l2,100000,128,l2,correlated,0.5000,0.5000,50000,D_large48_standard,large,STANDARD,48,1,96,500,100,0.6094,2047.4,489.58,553.46,656.62,695.04,488.42,2168,2168,2168,0,2168,0,0,505,65,10314.6,39618184,36.1,96
n100k_d128_l2,100000,128,l2,correlated,0.5000,0.5000,50000,E_large48_acorn1,large,ACORN,48,1,96,500,100,0.9769,836.3,799.96,2908.17,3121.54,3154.58,1195.68,2781,2575,18283,98550,116834,67311,49523,0,100,10314.6,39618184,36.1,96
n100k_d128_l2,100000,128,l2,correlated,0.5000,0.5000,50000,C_acorn_g4,acorn,ACORN,16,4,16,500,100,0.5708,1651.7,583.62,822.92,882.92,976.88,605.44,1754,1670,11614,13467,25083,18470,6612,0,100,12923.4,18532104,24.5,40
n100k_d128_l2,100000,128,l2,correlated,0.5000,0.5000,50000,C_acorn_g8,acorn,ACORN,16,8,16,500,100,0.6628,1580.3,596.58,811.83,858.79,1062.12,632.78,1796,1712,11686,14362,26049,18832,7216,0,100,20867.5,20264200,24.6,40
n100k_d128_l2,100000,128,l2,correlated,0.5000,0.5000,50000,C_acorn_g16,acorn,ACORN,16,16,16,500,100,0.6892,1576.4,599.46,836.88,893.88,986.12,634.34,1816,1729,11711,13903,25615,18733,6881,0,100,39343.5,23728392,24.6,40
n100k_d128_l2,100000,128,l2,correlated,0.5000,0.5000,50000,C_acorn_g32,acorn,ACORN,16,32,16,500,100,0.6874,1513.4,620.25,871.21,1189.46,1416.50,660.76,1990,1913,11869,12844,24714,18804,5910,0,100,101521.7,30656776,24.6,40
n100k_d128_l2,100000,128,l2,correlated,0.2500,0.2500,25000,F_exact,exact,EXACT,16,0,0,0,10,1.0000,438.8,2272.67,2394.96,2432.00,2484.38,2279.12,25000,0,0,0,100000,0,0,0,10,0.0,0,0.0,0
n100k_d128_l2,100000,128,l2,correlated,0.2500,0.2500,25000,A_std_standard,std,STANDARD,16,1,32,50,10,0.4340,15047.2,69.21,78.38,93.25,118.04,66.46,1035,1035,1035,0,1035,0,0,59,4,11604.8,14033032,24.6,32
n100k_d128_l2,100000,128,l2,correlated,0.2500,0.2500,25000,B_std_acorn1,std,ACORN,16,1,32,50,10,0.4670,8356.8,90.17,265.50,302.62,472.04,119.66,1090,976,615,8084,8701,2376,6324,0,10,11604.8,14033032,24.6,32
n100k_d128_l2,100000,128,l2,correlated,0.2500,0.2500,25000,D_large24_standard,large,STANDARD,24,1,48,50,10,0.4400,12362.1,80.29,100.17,116.08,198.71,80.89,1218,1218,1218,0,1218,0,0,57,4,10822.2,20424136,30.6,48
n100k_d128_l2,100000,128,l2,correlated,0.2500,0.2500,25000,E_large24_acorn1,large,ACORN,24,1,48,50,10,0.6080,6619.7,130.25,302.54,392.42,423.71,151.06,1187,1064,770,11734,12505,3739,8766,0,10,10822.2,20424136,30.6,48
n100k_d128_l2,100000,128,l2,correlated,0.2500,0.2500,25000,D_large48_standard,large,STANDARD,48,1,96,50,10,0.4600,11479.0,88.04,110.00,115.29,126.38,87.12,1438,1438,1438,0,1438,0,0,56,5,10314.6,39618184,36.1,96
n100k_d128_l2,100000,128,l2,correlated,0.2500,0.2500,25000,E_large48_acorn1,large,ACORN,48,1,96,50,10,0.7590,4018.2,258.71,407.21,471.04,621.38,248.87,1458,1224,1368,28928,30298,7940,22358,0,10,10314.6,39618184,36.1,96
n100k_d128_l2,100000,128,l2,correlated,0.2500,0.2500,25000,C_acorn_g4,acorn,ACORN,16,4,16,50,10,0.2150,14980.4,58.17,111.83,123.38,146.42,66.75,860,792,1168,1025,2195,1837,357,0,10,12923.4,18532104,24.5,40
n100k_d128_l2,100000,128,l2,correlated,0.2500,0.2500,25000,C_acorn_g8,acorn,ACORN,16,8,16,50,10,0.2200,14671.4,59.12,117.12,138.79,149.04,68.16,872,802,1182,1124,2308,1860,448,0,10,20867.5,20264200,24.6,40
n100k_d128_l2,100000,128,l2,correlated,0.2500,0.2500,25000,C_acorn_g16,acorn,ACORN,16,16,16,50,10,0.2120,14686.9,61.88,109.54,157.42,199.33,68.09,885,815,1199,1038,2239,1887,352,0,10,39343.5,23728392,24.6,40
n100k_d128_l2,100000,128,l2,correlated,0.2500,0.2500,25000,C_acorn_g32,acorn,ACORN,16,32,16,50,10,0.2820,13354.0,64.83,160.25,185.12,212.08,74.88,959,887,1223,1045,2270,1930,339,0,10,101521.7,30656776,24.6,40
n100k_d128_l2,100000,128,l2,correlated,0.2500,0.2500,25000,A_std_standard,std,STANDARD,16,1,32,100,10,0.4700,8387.6,120.71,137.58,158.58,261.29,119.22,1455,1455,1455,0,1455,0,0,108,4,11604.8,14033032,24.6,32
n100k_d128_l2,100000,128,l2,correlated,0.2500,0.2500,25000,B_std_acorn1,std,ACORN,16,1,32,100,10,0.5760,4717.9,170.79,393.71,535.08,537.83,211.96,1473,1360,1354,15100,16455,5045,11409,0,10,11604.8,14033032,24.6,32
n100k_d128_l2,100000,128,l2,correlated,0.2500,0.2500,25000,D_large24_standard,large,STANDARD,24,1,48,100,10,0.4760,7683.7,130.25,163.38,243.08,257.04,130.15,1638,1638,1638,0,1638,0,0,107,4,10822.2,20424136,30.6,48
n100k_d128_l2,100000,128,l2,correlated,0.2500,0.2500,25000,E_large24_acorn1,large,ACORN,24,1,48,100,10,0.6780,3709.1,216.08,492.00,574.12,621.88,269.61,1505,1382,1970,24492,26463,9315,17148,0,10,10822.2,20424136,30.6,48
n100k_d128_l2,100000,128,l2,correlated,0.2500,0.2500,25000,D_large48_standard,large,STANDARD,48,1,96,100,10,0.4800,7417.0,138.00,159.62,208.58,279.50,134.83,1819,1819,1819,0,1819,0,0,106,5,10314.6,39618184,36.1,96
n100k_d128_l2,100000,128,l2,correlated,0.2500,0.2500,25000,E_large48_acorn1,large,ACORN,48,1,96,100,10,0.8260,2256.6,498.08,750.75,832.67,1258.79,443.15,1756,1522,3187,58073,61261,17245,44016,0,10,10314.6,39618184,36.1,96
n100k_d128_l2,100000,128,l2,correlated,0.2500,0.2500,25000,C_acorn_g4,acorn,ACORN,16,4,16,100,10,0.2440,8744.9,103.58,179.38,221.04,247.79,114.35,1204,1136,2185,2064,4250,3553,697,0,10,12923.4,18532104,24.5,40
n100k_d128_l2,100000,128,l2,correlated,0.2500,0.2500,25000,C_acorn_g8,acorn,ACORN,16,8,16,100,10,0.2620,8771.8,103.12,183.83,199.38,223.29,114.00,1205,1136,2187,2242,4431,3556,874,0,10,20867.5,20264200,24.6,40
n100k_d128_l2,100000,128,l2,correlated,0.2500,0.2500,25000,C_acorn_g16,acorn,ACORN,16,16,16,100,10,0.2340,8869.4,101.42,182.92,217.04,224.33,112.75,1202,1133,2227,2038,4267,3582,684,0,10,39343.5,23728392,24.6,40
n100k_d128_l2,100000,128,l2,correlated,0.2500,0.2500,25000,C_acorn_g32,acorn,ACORN,16,32,16,100,10,0.3220,7803.7,113.50,223.75,265.75,300.29,128.15,1338,1266,2272,2003,4277,3724,552,0,10,101521.7,30656776,24.6,40
n100k_d128_l2,100000,128,l2,correlated,0.2500,0.2500,25000,A_std_standard,std,STANDARD,16,1,32,250,10,0.4830,4184.5,243.25,272.88,334.92,346.71,238.98,1904,1904,1904,0,1904,0,0,258,4,11604.8,14033032,24.6,32
n100k_d128_l2,100000,128,l2,correlated,0.2500,0.2500,25000,B_std_acorn1,std,ACORN,16,1,32,250,10,0.6490,2126.4,351.29,822.04,1011.42,1093.96,470.27,1911,1798,4529,29793,34324,14233,20090,0,10,11604.8,14033032,24.6,32
n100k_d128_l2,100000,128,l2,correlated,0.2500,0.2500,25000,D_large24_standard,large,STANDARD,24,1,48,250,10,0.4810,4109.4,246.96,273.38,323.17,335.71,243.34,2001,2001,2001,0,2001,0,0,257,5,10822.2,20424136,30.6,48
n100k_d128_l2,100000,128,l2,correlated,0.2500,0.2500,25000,E_large24_acorn1,large,ACORN,24,1,48,250,10,0.7110,1506.7,552.54,1171.25,1383.04,1503.88,663.70,1815,1692,6433,56427,62861,26430,36430,0,10,10822.2,20424136,30.6,48
n100k_d128_l2,100000,128,l2,correlated,0.2500,0.2500,25000,D_large48_standard,large,STANDARD,48,1,96,250,10,0.4900,3978.2,253.75,294.62,361.33,377.50,251.37,2105,2105,2105,0,2105,0,0,255,6,10314.6,39618184,36.1,96
n100k_d128_l2,100000,128,l2,correlated,0.2500,0.2500,25000,E_large48_acorn1,large,ACORN,48,1,96,250,10,0.8590,1070.2,1149.08,1567.75,1733.75,2010.83,934.38,2245,2011,8731,124281,133014,43731,89282,0,10,10314.6,39618184,36.1,96
n100k_d128_l2,100000,128,l2,correlated,0.2500,0.2500,25000,C_acorn_g4,acorn,ACORN,16,4,16,250,10,0.2950,3904.3,226.00,398.88,467.54,496.79,256.13,1694,1626,5484,5649,11135,8801,2333,0,10,12923.4,18532104,24.5,40
n100k_d128_l2,100000,128,l2,correlated,0.2500,0.2500,25000,C_acorn_g8,acorn,ACORN,16,8,16,250,10,0.2870,3948.3,227.75,397.29,476.25,494.08,253.27,1680,1611,5479,5745,11225,8844,2381,0,10,20867.5,20264200,24.6,40
n100k_d128_l2,100000,128,l2,correlated,0.2500,0.2500,25000,C_acorn_g16,acorn,ACORN,16,16,16,250,10,0.2700,3982.8,227.71,388.54,444.17,578.46,251.08,1690,1621,5478,5125,10605,8804,1800,0,10,39343.5,23728392,24.6,40
n100k_d128_l2,100000,128,l2,correlated,0.2500,0.2500,25000,C_acorn_g32,acorn,ACORN,16,32,16,250,10,0.4010,3389.2,257.42,524.88,627.42,760.50,295.06,1865,1793,5707,5781,11489,9254,2235,0,10,101521.7,30656776,24.6,40
n100k_d128_l2,100000,128,l2,correlated,0.2500,0.2500,25000,A_std_standard,std,STANDARD,16,1,32,500,10,0.4890,2167.3,462.67,516.25,615.38,705.12,461.40,2042,2042,2042,0,2042,0,0,508,5,11604.8,14033032,24.6,32
n100k_d128_l2,100000,128,l2,correlated,0.2500,0.2500,25000,B_std_acorn1,std,ACORN,16,1,32,500,10,0.7830,1076.6,685.62,1705.00,2249.96,2257.67,928.86,2167,2054,11427,68235,79663,33446,46217,0,10,11604.8,14033032,24.6,32
n100k_d128_l2,100000,128,l2,correlated,0.2500,0.2500,25000,D_large24_standard,large,STANDARD,24,1,48,500,10,0.4830,2144.3,466.25,532.17,611.88,666.08,466.35,2079,2079,2079,0,2079,0,0,507,5,10822.2,20424136,30.6,48
n100k_d128_l2,100000,128,l2,correlated,0.2500,0.2500,25000,E_large24_acorn1,large,ACORN,24,1,48,500,10,0.7190,898.7,806.12,1967.08,2066.12,2090.04,1112.75,1988,1864,14166,103058,117226,52977,64249,0,10,10822.2,20424136,30.6,48
n100k_d128_l2,100000,128,l2,correlated,0.2500,0.2500,25000,D_large48_standard,large,STANDARD,48,1,96,500,10,0.4940,2078.3,479.88,565.38,671.58,675.17,481.16,2168,2168,2168,0,2168,0,0,505,7,10314.6,39618184,36.1,96
n100k_d128_l2,100000,128,l2,correlated,0.2500,0.2500,25000,E_large48_acorn1,large,ACORN,48,1,96,500,10,0.9180,564.0,2170.83,3061.38,4167.38,4554.83,1773.01,2877,2643,17914,213508,231423,83997,147425,0,10,10314.6,39618184,36.1,96
n100k_d128_l2,100000,128,l2,correlated,0.2500,0.2500,25000,C_acorn_g4,acorn,ACORN,16,4,16,500,10,0.3080,1943.5,478.46,761.42,864.46,980.50,514.52,2015,1947,11285,9499,20785,17009,3775,0,10,12923.4,18532104,24.5,40
n100k_d128_l2,100000,128,l2,correlated,0.2500,0.2500,25000,C_acorn_g8,acorn,ACORN,16,8,16,500,10,0.3160,1957.7,467.00,790.67,843.54,876.96,510.80,1924,1855,11341,10420,21762,17059,4702,0,10,20867.5,20264200,24.6,40
n100k_d128_l2,100000,128,l2,correlated,0.2500,0.2500,25000,C_acorn_g16,acorn,ACORN,16,16,16,500,10,0.3010,1929.6,480.75,805.33,861.21,1010.50,518.23,1978,1909,11452,9200,20654,17059,3594,0,10,39343.5,23728392,24.6,40
n100k_d128_l2,100000,128,l2,correlated,0.2500,0.2500,25000,C_acorn_g32,acorn,ACORN,16,32,16,500,10,0.4300,1732.1,541.04,946.50,1095.21,1101.33,577.33,2136,2063,11608,10817,22427,17581,4845,0,10,101521.7,30656776,24.6,40
n100k_d128_l2,100000,128,l2,correlated,0.2500,0.2500,25000,F_exact,exact,EXACT,16,0,0,0,100,1.0000,390.0,2543.71,2917.62,3253.25,3264.71,2564.05,25000,0,0,0,100000,0,0,0,100,0.0,0,0.0,0
n100k_d128_l2,100000,128,l2,correlated,0.2500,0.2500,25000,A_std_standard,std,STANDARD,16,1,32,50,100,0.3335,10883.3,90.58,104.58,155.67,214.17,91.88,1035,1035,1035,0,1035,0,0,59,40,11604.8,14033032,24.6,32
n100k_d128_l2,100000,128,l2,correlated,0.2500,0.2500,25000,B_std_acorn1,std,ACORN,16,1,32,50,100,0.4722,5364.2,149.50,391.67,611.96,622.42,186.42,1090,976,615,8084,8701,2376,6324,0,99,11604.8,14033032,24.6,32
n100k_d128_l2,100000,128,l2,correlated,0.2500,0.2500,25000,D_large24_standard,large,STANDARD,24,1,48,50,100,0.3635,9324.5,102.67,151.71,190.38,197.92,107.24,1218,1218,1218,0,1218,0,0,57,41,10822.2,20424136,30.6,48
n100k_d128_l2,100000,128,l2,correlated,0.2500,0.2500,25000,E_large24_acorn1,large,ACORN,24,1,48,50,100,0.6259,5277.2,164.50,346.88,414.29,606.12,189.49,1187,1064,770,11734,12505,3739,8766,0,98,10822.2,20424136,30.6,48
n100k_d128_l2,100000,128,l2,correlated,0.2500,0.2500,25000,D_large48_standard,large,STANDARD,48,1,96,50,100,0.3876,8726.3,112.79,136.08,210.33,219.83,114.60,1438,1438,1438,0,1438,0,0,56,42,10314.6,39618184,36.1,96
n100k_d128_l2,100000,128,l2,correlated,0.2500,0.2500,25000,E_large48_acorn1,large,ACORN,48,1,96,50,100,0.7683,3304.0,286.79,471.12,761.12,761.67,302.67,1458,1224,1368,28928,30298,7940,22358,0,100,10314.6,39618184,36.1,96
n100k_d128_l2,100000,128,l2,correlated,0.2500,0.2500,25000,C_acorn_g4,acorn,ACORN,16,4,16,50,100,0.2241,10773.5,85.04,136.21,140.96,224.42,92.82,860,792,1168,1025,2195,1837,357,0,100,12923.4,18532104,24.5,40
n100k_d128_l2,100000,128,l2,correlated,0.2500,0.2500,25000,C_acorn_g8,acorn,ACORN,16,8,16,50,100,0.2349,10411.8,86.79,154.21,214.96,215.75,96.04,872,802,1182,1124,2308,1860,448,0,100,20867.5,20264200,24.6,40
n100k_d128_l2,100000,128,l2,correlated,0.2500,0.2500,25000,C_acorn_g16,acorn,ACORN,16,16,16,50,100,0.2252,10154.2,90.71,144.00,243.25,314.92,98.48,885,815,1199,1038,2239,1887,352,0,100,39343.5,23728392,24.6,40
n100k_d128_l2,100000,128,l2,correlated,0.2500,0.2500,25000,C_acorn_g32,acorn,ACORN,16,32,16,50,100,0.2813,9265.1,93.92,202.83,264.79,271.58,107.93,959,887,1223,1045,2270,1930,339,0,100,101521.7,30656776,24.6,40
n100k_d128_l2,100000,128,l2,correlated,0.2500,0.2500,25000,A_std_standard,std,STANDARD,16,1,32,100,100,0.4000,7200.8,134.96,162.71,277.88,305.79,138.87,1455,1455,1455,0,1455,0,0,108,42,11604.8,14033032,24.6,32
n100k_d128_l2,100000,128,l2,correlated,0.2500,0.2500,25000,B_std_acorn1,std,ACORN,16,1,32,100,100,0.5872,3855.4,205.46,511.21,553.46,684.83,259.38,1473,1360,1354,15100,16455,5045,11409,0,100,11604.8,14033032,24.6,32
n100k_d128_l2,100000,128,l2,correlated,0.2500,0.2500,25000,D_large24_standard,large,STANDARD,24,1,48,100,100,0.4178,6745.7,145.38,182.50,259.33,292.92,148.24,1638,1638,1638,0,1638,0,0,107,43,10822.2,20424136,30.6,48
n100k_d128_l2,100000,128,l2,correlated,0.2500,0.2500,25000,E_large24_acorn1,large,ACORN,24,1,48,100,100,0.7063,3127.4,285.12,573.46,868.67,871.92,319.76,1505,1382,1970,24492,26463,9315,17148,0,100,10822.2,20424136,30.6,48
n100k_d128_l2,100000,128,l2,correlated,0.2500,0.2500,25000,D_large48_standard,large,STANDARD,48,1,96,100,100,0.4268,5584.5,158.79,237.71,327.79,1566.50,179.07,1819,1819,1819,0,1819,0,0,106,44,10314.6,39618184,36.1,96
n100k_d128_l2,100000,128,l2,correlated,0.2500,0.2500,25000,E_large48_acorn1,large,ACORN,48,1,96,100,100,0.8542,1990.9,532.46,824.58,1127.38,1397.71,502.28,1756,1522,3187,58073,61261,17245,44016,0,100,10314.6,39618184,36.1,96
n100k_d128_l2,100000,128,l2,correlated,0.2500,0.2500,25000,C_acorn_g4,acorn,ACORN,16,4,16,100,100,0.2646,7374.0,125.08,194.79,253.38,360.79,135.61,1204,1136,2185,2064,4250,3553,697,0,100,12923.4,18532104,24.5,40
n100k_d128_l2,100000,128,l2,correlated,0.2500,0.2500,25000,C_acorn_g8,acorn,ACORN,16,8,16,100,100,0.2822,7097.8,126.79,211.46,270.46,343.58,140.89,1205,1136,2187,2242,4431,3556,874,0,100,20867.5,20264200,24.6,40
n100k_d128_l2,100000,128,l2,correlated,0.2500,0.2500,25000,C_acorn_g16,acorn,ACORN,16,16,16,100,100,0.2677,7106.6,127.46,211.88,302.75,392.92,140.71,1202,1133,2227,2038,4267,3582,684,0,100,39343.5,23728392,24.6,40
n100k_d128_l2,100000,128,l2,correlated,0.2500,0.2500,25000,C_acorn_g32,acorn,ACORN,16,32,16,100,100,0.3352,5680.2,156.38,306.50,423.25,468.79,176.05,1338,1266,2272,2003,4277,3724,552,0,100,101521.7,30656776,24.6,40
n100k_d128_l2,100000,128,l2,correlated,0.2500,0.2500,25000,A_std_standard,std,STANDARD,16,1,32,250,100,0.4368,3718.5,265.33,306.75,449.17,504.79,268.92,1904,1904,1904,0,1904,0,0,258,44,11604.8,14033032,24.6,32
n100k_d128_l2,100000,128,l2,correlated,0.2500,0.2500,25000,B_std_acorn1,std,ACORN,16,1,32,250,100,0.6556,1934.8,386.54,921.71,1012.29,1246.46,516.84,1911,1798,4529,29793,34324,14233,20090,0,100,11604.8,14033032,24.6,32
n100k_d128_l2,100000,128,l2,correlated,0.2500,0.2500,25000,D_large24_standard,large,STANDARD,24,1,48,250,100,0.4421,3659.8,271.71,342.79,426.21,449.25,273.24,2001,2001,2001,0,2001,0,0,257,44,10822.2,20424136,30.6,48
n100k_d128_l2,100000,128,l2,correlated,0.2500,0.2500,25000,E_large24_acorn1,large,ACORN,24,1,48,250,100,0.7505,1414.0,625.50,1326.79,1528.75,2062.33,707.24,1815,1692,6433,56427,62861,26430,36430,0,100,10822.2,20424136,30.6,48
n100k_d128_l2,100000,128,l2,correlated,0.2500,0.2500,25000,D_large48_standard,large,STANDARD,48,1,96,250,100,0.4463,3392.5,285.96,410.46,533.62,568.83,294.77,2105,2105,2105,0,2105,0,0,255,46,10314.6,39618184,36.1,96
n100k_d128_l2,100000,128,l2,correlated,0.2500,0.2500,25000,E_large48_acorn1,large,ACORN,48,1,96,250,100,0.8963,971.1,1231.96,1743.00,2139.62,2188.79,1029.74,2245,2011,8731,124281,133014,43731,89282,0,100,10314.6,39618184,36.1,96
n100k_d128_l2,100000,128,l2,correlated,0.2500,0.2500,25000,C_acorn_g4,acorn,ACORN,16,4,16,250,100,0.3246,3407.6,270.33,480.71,536.75,580.92,293.46,1694,1626,5484,5649,11135,8801,2333,0,100,12923.4,18532104,24.5,40
n100k_d128_l2,100000,128,l2,correlated,0.2500,0.2500,25000,C_acorn_g8,acorn,ACORN,16,8,16,250,100,0.3247,3512.5,263.58,417.33,504.00,545.00,284.70,1680,1611,5479,5745,11225,8844,2381,0,100,20867.5,20264200,24.6,40
n100k_d128_l2,100000,128,l2,correlated,0.2500,0.2500,25000,C_acorn_g16,acorn,ACORN,16,16,16,250,100,0.3061,3536.4,265.83,418.04,507.62,525.38,282.77,1690,1621,5478,5125,10605,8804,1800,0,100,39343.5,23728392,24.6,40
n100k_d128_l2,100000,128,l2,correlated,0.2500,0.2500,25000,C_acorn_g32,acorn,ACORN,16,32,16,250,100,0.4346,2952.3,303.25,592.67,652.88,729.04,338.72,1865,1793,5707,5781,11489,9254,2235,0,100,101521.7,30656776,24.6,40
n100k_d128_l2,100000,128,l2,correlated,0.2500,0.2500,25000,A_std_standard,std,STANDARD,16,1,32,500,100,0.4455,2030.4,492.58,567.88,614.29,621.38,492.51,2042,2042,2042,0,2042,0,0,508,44,11604.8,14033032,24.6,32
n100k_d128_l2,100000,128,l2,correlated,0.2500,0.2500,25000,B_std_acorn1,std,ACORN,16,1,32,500,100,0.7903,983.9,790.12,1912.62,2254.12,2289.75,1016.41,2167,2054,11427,68235,79663,33446,46217,0,100,11604.8,14033032,24.6,32
n100k_d128_l2,100000,128,l2,correlated,0.2500,0.2500,25000,D_large24_standard,large,STANDARD,24,1,48,500,100,0.4461,2005.6,498.25,575.04,660.25,667.71,498.61,2079,2079,2079,0,2079,0,0,507,45,10822.2,20424136,30.6,48
n100k_d128_l2,100000,128,l2,correlated,0.2500,0.2500,25000,E_large24_acorn1,large,ACORN,24,1,48,500,100,0.7601,849.7,899.12,2003.38,2107.25,2115.75,1176.88,1988,1864,14166,103058,117226,52977,64249,0,100,10822.2,20424136,30.6,48
n100k_d128_l2,100000,128,l2,correlated,0.2500,0.2500,25000,D_large48_standard,large,STANDARD,48,1,96,500,100,0.4516,1953.4,506.88,577.12,662.08,680.42,511.92,2168,2168,2168,0,2168,0,0,505,48,10314.6,39618184,36.1,96
n100k_d128_l2,100000,128,l2,correlated,0.2500,0.2500,25000,E_large48_acorn1,large,ACORN,48,1,96,500,100,0.9469,542.8,2126.79,3209.00,3723.88,4525.38,1842.16,2877,2643,17914,213508,231423,83997,147425,0,100,10314.6,39618184,36.1,96
n100k_d128_l2,100000,128,l2,correlated,0.2500,0.2500,25000,C_acorn_g4,acorn,ACORN,16,4,16,500,100,0.3369,1760.3,546.21,860.88,910.08,922.42,568.08,2015,1947,11285,9499,20785,17009,3775,0,100,12923.4,18532104,24.5,40
n100k_d128_l2,100000,128,l2,correlated,0.2500,0.2500,25000,C_acorn_g8,acorn,ACORN,16,8,16,500,100,0.3549,1806.4,527.38,846.38,898.62,925.88,553.58,1924,1855,11341,10420,21762,17059,4702,0,100,20867.5,20264200,24.6,40
n100k_d128_l2,100000,128,l2,correlated,0.2500,0.2500,25000,C_acorn_g16,acorn,ACORN,16,16,16,500,100,0.3377,1834.8,509.92,842.75,1019.25,1115.29,545.01,1978,1909,11452,9200,20654,17059,3594,0,100,39343.5,23728392,24.6,40
n100k_d128_l2,100000,128,l2,correlated,0.2500,0.2500,25000,C_acorn_g32,acorn,ACORN,16,32,16,500,100,0.4646,1450.0,620.21,1058.83,1194.25,1515.50,689.65,2136,2063,11608,10817,22427,17581,4845,0,100,101521.7,30656776,24.6,40
n100k_d128_l2,100000,128,l2,correlated,0.1000,0.1000,10000,F_exact,exact,EXACT,16,0,0,0,10,1.0000,1033.0,933.67,1219.29,1660.21,1709.50,968.03,10000,0,0,0,100000,0,0,0,10,0.0,0,0.0,0
n100k_d128_l2,100000,128,l2,correlated,0.1000,0.1000,10000,A_std_standard,std,STANDARD,16,1,32,50,10,0.1690,12576.6,77.83,104.12,134.46,146.83,79.51,1035,1035,1035,0,1035,0,0,59,1,11604.8,14033032,24.6,32
n100k_d128_l2,100000,128,l2,correlated,0.1000,0.1000,10000,B_std_acorn1,std,ACORN,16,1,32,50,10,0.5160,9125.5,104.79,175.29,217.25,251.33,109.58,1064,951,533,4537,5072,2466,2605,0,10,11604.8,14033032,24.6,32
n100k_d128_l2,100000,128,l2,correlated,0.1000,0.1000,10000,D_large24_standard,large,STANDARD,24,1,48,50,10,0.1800,11060.3,88.54,130.29,160.17,165.50,90.41,1218,1218,1218,0,1218,0,0,57,1,10822.2,20424136,30.6,48
n100k_d128_l2,100000,128,l2,correlated,0.1000,0.1000,10000,E_large24_acorn1,large,ACORN,24,1,48,50,10,0.6170,6199.3,143.83,256.67,320.25,1235.17,161.31,1119,1013,777,9673,10451,4349,6102,0,10,10822.2,20424136,30.6,48
n100k_d128_l2,100000,128,l2,correlated,0.1000,0.1000,10000,D_large48_standard,large,STANDARD,48,1,96,50,10,0.1880,9803.6,98.50,135.38,264.21,266.38,102.00,1438,1438,1438,0,1438,0,0,56,2,10314.6,39618184,36.1,96
n100k_d128_l2,100000,128,l2,correlated,0.1000,0.1000,10000,E_large48_acorn1,large,ACORN,48,1,96,50,10,0.6700,5017.7,154.29,351.96,406.71,608.00,199.30,1579,1351,1207,17949,19157,8173,10983,0,10,10314.6,39618184,36.1,96
n100k_d128_l2,100000,128,l2,correlated,0.1000,0.1000,10000,C_acorn_g4,acorn,ACORN,16,4,16,50,10,0.2730,15153.6,60.75,104.29,129.58,139.54,65.99,716,666,1259,1947,3208,1957,1250,0,10,12923.4,18532104,24.5,40
n100k_d128_l2,100000,128,l2,correlated,0.1000,0.1000,10000,C_acorn_g8,acorn,ACORN,16,8,16,50,10,0.5220,13445.2,71.75,109.29,113.62,138.33,74.38,749,686,1408,1916,3325,1739,1586,0,10,20867.5,20264200,24.6,40
n100k_d128_l2,100000,128,l2,correlated,0.1000,0.1000,10000,C_acorn_g16,acorn,ACORN,16,16,16,50,10,0.5330,13508.5,71.08,106.79,130.46,170.00,74.03,750,681,1468,1771,3241,1770,1470,0,10,39343.5,23728392,24.6,40
n100k_d128_l2,100000,128,l2,correlated,0.1000,0.1000,10000,C_acorn_g32,acorn,ACORN,16,32,16,50,10,0.5190,13400.2,70.50,108.25,115.25,119.54,74.63,761,698,1380,1827,3209,1742,1467,0,10,101521.7,30656776,24.6,40
n100k_d128_l2,100000,128,l2,correlated,0.1000,0.1000,10000,A_std_standard,std,STANDARD,16,1,32,100,10,0.1900,7969.7,126.42,148.25,190.00,226.33,125.48,1455,1455,1455,0,1455,0,0,108,1,11604.8,14033032,24.6,32
n100k_d128_l2,100000,128,l2,correlated,0.1000,0.1000,10000,B_std_acorn1,std,ACORN,16,1,32,100,10,0.6050,5108.7,168.17,335.00,351.75,388.29,195.75,1363,1250,1351,11589,12942,6120,6821,0,10,11604.8,14033032,24.6,32
n100k_d128_l2,100000,128,l2,correlated,0.1000,0.1000,10000,D_large24_standard,large,STANDARD,24,1,48,100,10,0.1950,7149.9,139.54,163.62,212.75,255.62,139.86,1638,1638,1638,0,1638,0,0,107,2,10822.2,20424136,30.6,48
n100k_d128_l2,100000,128,l2,correlated,0.1000,0.1000,10000,E_large24_acorn1,large,ACORN,24,1,48,100,10,0.6790,3629.8,219.17,499.46,616.00,884.38,275.50,1363,1257,2094,25931,28026,11533,16492,0,10,10822.2,20424136,30.6,48
n100k_d128_l2,100000,128,l2,correlated,0.1000,0.1000,10000,D_large48_standard,large,STANDARD,48,1,96,100,10,0.1990,6883.8,143.83,174.58,259.46,284.08,145.27,1819,1819,1819,0,1819,0,0,106,2,10314.6,39618184,36.1,96
n100k_d128_l2,100000,128,l2,correlated,0.1000,0.1000,10000,E_large48_acorn1,large,ACORN,48,1,96,100,10,0.7290,2629.0,298.08,708.21,886.21,888.71,380.37,1771,1544,3029,41213,44244,19057,25187,0,10,10314.6,39618184,36.1,96
n100k_d128_l2,100000,128,l2,correlated,0.1000,0.1000,10000,C_acorn_g4,acorn,ACORN,16,4,16,100,10,0.3240,8733.8,105.71,173.12,192.38,194.25,114.50,968,918,2340,4168,6509,3957,2552,0,10,12923.4,18532104,24.5,40
n100k_d128_l2,100000,128,l2,correlated,0.1000,0.1000,10000,C_acorn_g8,acorn,ACORN,16,8,16,100,10,0.6240,7557.7,128.92,183.33,265.58,304.71,132.32,982,919,2490,4015,6506,3445,3060,0,10,20867.5,20264200,24.6,40
n100k_d128_l2,100000,128,l2,correlated,0.1000,0.1000,10000,C_acorn_g16,acorn,ACORN,16,16,16,100,10,0.6180,7984.0,122.50,174.25,193.21,223.42,125.25,983,914,2552,3677,6231,3489,2742,0,10,39343.5,23728392,24.6,40
n100k_d128_l2,100000,128,l2,correlated,0.1000,0.1000,10000,C_acorn_g32,acorn,ACORN,16,32,16,100,10,0.6200,7439.2,130.25,192.42,250.04,279.75,134.42,1007,944,2464,3852,6317,3466,2850,0,10,101521.7,30656776,24.6,40
n100k_d128_l2,100000,128,l2,correlated,0.1000,0.1000,10000,A_std_standard,std,STANDARD,16,1,32,250,10,0.2020,3959.7,255.12,287.38,375.38,376.12,252.55,1904,1904,1904,0,1904,0,0,258,2,11604.8,14033032,24.6,32
n100k_d128_l2,100000,128,l2,correlated,0.1000,0.1000,10000,B_std_acorn1,std,ACORN,16,1,32,250,10,0.6480,2189.4,360.12,806.88,904.33,909.08,456.75,1562,1450,4775,36141,40917,19678,21239,0,10,11604.8,14033032,24.6,32
n100k_d128_l2,100000,128,l2,correlated,0.1000,0.1000,10000,D_large24_standard,large,STANDARD,24,1,48,250,10,0.2040,3896.7,261.79,281.33,362.29,406.96,256.63,2001,2001,2001,0,2001,0,0,257,2,10822.2,20424136,30.6,48
n100k_d128_l2,100000,128,l2,correlated,0.1000,0.1000,10000,E_large24_acorn1,large,ACORN,24,1,48,250,10,0.7010,1482.7,589.21,1122.96,1301.67,1359.88,674.46,1502,1396,6720,75087,81809,34329,47480,0,10,10822.2,20424136,30.6,48
n100k_d128_l2,100000,128,l2,correlated,0.1000,0.1000,10000,D_large48_standard,large,STANDARD,48,1,96,250,10,0.2070,3731.6,268.50,308.88,412.21,415.96,267.98,2105,2105,2105,0,2105,0,0,255,3,10314.6,39618184,36.1,96
n100k_d128_l2,100000,128,l2,correlated,0.1000,0.1000,10000,E_large48_acorn1,large,ACORN,48,1,96,250,10,0.8210,1073.7,812.21,1654.79,1766.83,1786.88,931.34,1998,1770,8774,115969,124744,53068,71676,0,10,10314.6,39618184,36.1,96
n100k_d128_l2,100000,128,l2,correlated,0.1000,0.1000,10000,C_acorn_g4,acorn,ACORN,16,4,16,250,10,0.3730,4181.6,229.33,364.83,479.50,503.58,239.14,1292,1242,5211,8202,13415,8810,4604,0,10,12923.4,18532104,24.5,40
n100k_d128_l2,100000,128,l2,correlated,0.1000,0.1000,10000,C_acorn_g8,acorn,ACORN,16,8,16,250,10,0.6820,3251.5,302.54,410.67,455.25,601.58,307.55,1235,1173,5938,12093,18032,9263,8769,0,10,20867.5,20264200,24.6,40
n100k_d128_l2,100000,128,l2,correlated,0.1000,0.1000,10000,C_acorn_g16,acorn,ACORN,16,16,16,250,10,0.6760,3434.7,286.50,426.38,482.25,511.83,291.14,1236,1167,5990,10697,16688,9098,7589,0,10,39343.5,23728392,24.6,40
n100k_d128_l2,100000,128,l2,correlated,0.1000,0.1000,10000,C_acorn_g32,acorn,ACORN,16,32,16,250,10,0.6780,3263.4,293.88,419.21,502.12,615.04,306.43,1290,1227,5897,11573,17472,9252,8220,0,10,101521.7,30656776,24.6,40
n100k_d128_l2,100000,128,l2,correlated,0.1000,0.1000,10000,A_std_standard,std,STANDARD,16,1,32,500,10,0.2080,2072.4,481.54,517.21,623.12,624.08,482.54,2042,2042,2042,0,2042,0,0,508,2,11604.8,14033032,24.6,32
n100k_d128_l2,100000,128,l2,correlated,0.1000,0.1000,10000,B_std_acorn1,std,ACORN,16,1,32,500,10,0.6510,1070.8,831.08,1543.92,1646.33,1746.67,933.92,1603,1490,10949,76224,87174,42136,45038,0,10,11604.8,14033032,24.6,32
n100k_d128_l2,100000,128,l2,correlated,0.1000,0.1000,10000,D_large24_standard,large,STANDARD,24,1,48,500,10,0.2070,2044.8,488.83,558.38,660.58,679.29,489.05,2079,2079,2079,0,2079,0,0,507,2,10822.2,20424136,30.6,48
n100k_d128_l2,100000,128,l2,correlated,0.1000,0.1000,10000,E_large24_acorn1,large,ACORN,24,1,48,500,10,0.7380,719.3,1259.79,2374.17,2598.79,2701.38,1390.23,1764,1659,14656,153942,168599,71825,96774,0,10,10822.2,20424136,30.6,48
n100k_d128_l2,100000,128,l2,correlated,0.1000,0.1000,10000,D_large48_standard,large,STANDARD,48,1,96,500,10,0.2080,2005.9,496.75,556.79,647.88,653.17,498.52,2168,2168,2168,0,2168,0,0,505,4,10314.6,39618184,36.1,96
n100k_d128_l2,100000,128,l2,correlated,0.1000,0.1000,10000,E_large48_acorn1,large,ACORN,48,1,96,500,10,0.8390,550.4,1576.62,3062.21,3299.38,3475.04,1816.70,2297,2069,17610,226138,243750,104586,139163,0,10,10314.6,39618184,36.1,96
n100k_d128_l2,100000,128,l2,correlated,0.1000,0.1000,10000,C_acorn_g4,acorn,ACORN,16,4,16,500,10,0.3860,2127.8,475.54,782.29,809.00,879.79,469.97,1447,1397,9978,13239,23219,16223,6995,0,10,12923.4,18532104,24.5,40
n100k_d128_l2,100000,128,l2,correlated,0.1000,0.1000,10000,C_acorn_g8,acorn,ACORN,16,8,16,500,10,0.6950,1566.9,636.83,839.67,851.38,915.25,638.21,1328,1265,11986,27070,39057,19676,19381,0,10,20867.5,20264200,24.6,40
n100k_d128_l2,100000,128,l2,correlated,0.1000,0.1000,10000,C_acorn_g16,acorn,ACORN,16,16,16,500,10,0.6870,1624.2,583.08,884.75,983.12,1113.29,615.68,1332,1264,12014,23528,35543,19038,16504,0,10,39343.5,23728392,24.6,40
n100k_d128_l2,100000,128,l2,correlated,0.1000,0.1000,10000,C_acorn_g32,acorn,ACORN,16,32,16,500,10,0.6910,1580.7,612.75,848.71,954.71,1106.46,632.62,1407,1344,11913,25349,37264,19352,17911,0,10,101521.7,30656776,24.6,40
n100k_d128_l2,100000,128,l2,correlated,0.1000,0.1000,10000,F_exact,exact,EXACT,16,0,0,0,100,1.0000,1131.8,860.54,981.88,1030.83,1071.79,883.58,10000,0,0,0,100000,0,0,0,100,0.0,0,0.0,0
n100k_d128_l2,100000,128,l2,correlated,0.1000,0.1000,10000,A_std_standard,std,STANDARD,16,1,32,50,100,0.1381,11372.7,87.92,105.17,111.92,163.25,87.93,1035,1035,1035,0,1035,0,0,59,17,11604.8,14033032,24.6,32
n100k_d128_l2,100000,128,l2,correlated,0.1000,0.1000,10000,B_std_acorn1,std,ACORN,16,1,32,50,100,0.5846,8080.3,112.29,186.50,241.17,288.62,123.76,1064,951,533,4537,5072,2466,2605,0,100,11604.8,14033032,24.6,32
n100k_d128_l2,100000,128,l2,correlated,0.1000,0.1000,10000,D_large24_standard,large,STANDARD,24,1,48,50,100,0.1509,10270.9,97.62,113.62,120.00,192.96,97.36,1218,1218,1218,0,1218,0,0,57,17,10822.2,20424136,30.6,48
n100k_d128_l2,100000,128,l2,correlated,0.1000,0.1000,10000,E_large24_acorn1,large,ACORN,24,1,48,50,100,0.6711,6291.0,150.79,230.21,263.38,281.29,158.96,1119,1013,777,9673,10451,4349,6102,0,100,10822.2,20424136,30.6,48
n100k_d128_l2,100000,128,l2,correlated,0.1000,0.1000,10000,D_large48_standard,large,STANDARD,48,1,96,50,100,0.1596,9315.1,106.75,133.50,139.75,221.46,107.35,1438,1438,1438,0,1438,0,0,56,17,10314.6,39618184,36.1,96
n100k_d128_l2,100000,128,l2,correlated,0.1000,0.1000,10000,E_large48_acorn1,large,ACORN,48,1,96,50,100,0.7435,4449.6,181.29,375.62,392.50,403.12,224.74,1579,1351,1207,17949,19157,8173,10983,0,100,10314.6,39618184,36.1,96
n100k_d128_l2,100000,128,l2,correlated,0.1000,0.1000,10000,C_acorn_g4,acorn,ACORN,16,4,16,50,100,0.2766,11848.9,79.92,128.12,151.00,186.92,84.40,716,666,1259,1947,3208,1957,1250,0,100,12923.4,18532104,24.5,40
n100k_d128_l2,100000,128,l2,correlated,0.1000,0.1000,10000,C_acorn_g8,acorn,ACORN,16,8,16,50,100,0.5606,10685.9,91.29,130.50,144.25,161.17,93.58,749,686,1408,1916,3325,1739,1586,0,100,20867.5,20264200,24.6,40
n100k_d128_l2,100000,128,l2,correlated,0.1000,0.1000,10000,C_acorn_g16,acorn,ACORN,16,16,16,50,100,0.5614,10859.5,89.71,127.17,154.04,165.12,92.09,750,681,1468,1771,3241,1770,1470,0,100,39343.5,23728392,24.6,40
n100k_d128_l2,100000,128,l2,correlated,0.1000,0.1000,10000,C_acorn_g32,acorn,ACORN,16,32,16,50,100,0.5566,10644.1,90.62,123.00,133.38,217.08,93.95,761,698,1380,1827,3209,1742,1467,0,100,101521.7,30656776,24.6,40
n100k_d128_l2,100000,128,l2,correlated,0.1000,0.1000,10000,A_std_standard,std,STANDARD,16,1,32,100,100,0.1623,7960.4,125.54,149.46,161.21,179.88,125.62,1455,1455,1455,0,1455,0,0,108,17,11604.8,14033032,24.6,32
n100k_d128_l2,100000,128,l2,correlated,0.1000,0.1000,10000,B_std_acorn1,std,ACORN,16,1,32,100,100,0.6977,4930.0,181.67,329.71,354.54,405.67,202.84,1363,1250,1351,11589,12942,6120,6821,0,100,11604.8,14033032,24.6,32
n100k_d128_l2,100000,128,l2,correlated,0.1000,0.1000,10000,D_large24_standard,large,STANDARD,24,1,48,100,100,0.1682,7119.3,140.67,163.42,207.04,250.83,140.46,1638,1638,1638,0,1638,0,0,107,17,10822.2,20424136,30.6,48
n100k_d128_l2,100000,128,l2,correlated,0.1000,0.1000,10000,E_large24_acorn1,large,ACORN,24,1,48,100,100,0.7769,3480.5,234.46,504.33,622.92,874.79,287.31,1363,1257,2094,25931,28026,11533,16492,0,100,10822.2,20424136,30.6,48
n100k_d128_l2,100000,128,l2,correlated,0.1000,0.1000,10000,D_large48_standard,large,STANDARD,48,1,96,100,100,0.1716,6748.5,146.96,181.79,213.71,225.79,148.18,1819,1819,1819,0,1819,0,0,106,17,10314.6,39618184,36.1,96
n100k_d128_l2,100000,128,l2,correlated,0.1000,0.1000,10000,E_large48_acorn1,large,ACORN,48,1,96,100,100,0.8229,2492.4,313.38,734.58,866.25,866.79,401.22,1771,1544,3029,41213,44244,19057,25187,0,100,10314.6,39618184,36.1,96
n100k_d128_l2,100000,128,l2,correlated,0.1000,0.1000,10000,C_acorn_g4,acorn,ACORN,16,4,16,100,100,0.3458,8068.0,116.12,187.46,201.29,216.46,123.95,968,918,2340,4168,6509,3957,2552,0,100,12923.4,18532104,24.5,40
n100k_d128_l2,100000,128,l2,correlated,0.1000,0.1000,10000,C_acorn_g8,acorn,ACORN,16,8,16,100,100,0.6767,7210.0,136.12,189.00,209.46,309.08,138.70,982,919,2490,4015,6506,3445,3060,0,100,20867.5,20264200,24.6,40
n100k_d128_l2,100000,128,l2,correlated,0.1000,0.1000,10000,C_acorn_g16,acorn,ACORN,16,16,16,100,100,0.6750,7277.7,132.12,192.25,204.08,318.21,137.41,983,914,2552,3677,6231,3489,2742,0,100,39343.5,23728392,24.6,40
n100k_d128_l2,100000,128,l2,correlated,0.1000,0.1000,10000,C_acorn_g32,acorn,ACORN,16,32,16,100,100,0.6741,7028.7,138.75,192.29,223.92,283.62,142.27,1007,944,2464,3852,6317,3466,2850,0,100,101521.7,30656776,24.6,40
n100k_d128_l2,100000,128,l2,correlated,0.1000,0.1000,10000,A_std_standard,std,STANDARD,16,1,32,250,100,0.1739,3979.8,254.88,278.04,331.96,335.21,251.27,1904,1904,1904,0,1904,0,0,258,17,11604.8,14033032,24.6,32
n100k_d128_l2,100000,128,l2,correlated,0.1000,0.1000,10000,B_std_acorn1,std,ACORN,16,1,32,250,100,0.7487,2097.5,388.33,823.79,853.54,947.29,476.75,1562,1450,4775,36141,40917,19678,21239,0,100,11604.8,14033032,24.6,32
n100k_d128_l2,100000,128,l2,correlated,0.1000,0.1000,10000,D_large24_standard,large,STANDARD,24,1,48,250,100,0.1747,3838.3,262.29,294.79,388.92,396.54,260.53,2001,2001,2001,0,2001,0,0,257,17,10822.2,20424136,30.6,48
n100k_d128_l2,100000,128,l2,correlated,0.1000,0.1000,10000,E_large24_acorn1,large,ACORN,24,1,48,250,100,0.8120,1426.1,583.75,1250.04,1276.42,1355.96,701.20,1502,1396,6720,75087,81809,34329,47480,0,100,10822.2,20424136,30.6,48
n100k_d128_l2,100000,128,l2,correlated,0.1000,0.1000,10000,D_large48_standard,large,STANDARD,48,1,96,250,100,0.1763,3704.4,270.67,309.71,425.83,437.00,269.95,2105,2105,2105,0,2105,0,0,255,18,10314.6,39618184,36.1,96
n100k_d128_l2,100000,128,l2,correlated,0.1000,0.1000,10000,E_large48_acorn1,large,ACORN,48,1,96,250,100,0.9126,1048.5,824.54,1654.42,1927.17,1971.50,953.78,1998,1770,8774,115969,124744,53068,71676,0,100,10314.6,39618184,36.1,96
n100k_d128_l2,100000,128,l2,correlated,0.1000,0.1000,10000,C_acorn_g4,acorn,ACORN,16,4,16,250,100,0.4130,3962.0,238.17,381.96,465.33,484.71,252.40,1292,1242,5211,8202,13415,8810,4604,0,100,12923.4,18532104,24.5,40
n100k_d128_l2,100000,128,l2,correlated,0.1000,0.1000,10000,C_acorn_g8,acorn,ACORN,16,8,16,250,100,0.7612,3132.5,314.12,428.12,452.83,467.00,319.24,1235,1173,5938,12093,18032,9263,8769,0,100,20867.5,20264200,24.6,40
n100k_d128_l2,100000,128,l2,correlated,0.1000,0.1000,10000,C_acorn_g16,acorn,ACORN,16,16,16,250,100,0.7658,3252.0,295.54,458.54,508.38,565.96,307.50,1236,1167,5990,10697,16688,9098,7589,0,100,39343.5,23728392,24.6,40
n100k_d128_l2,100000,128,l2,correlated,0.1000,0.1000,10000,C_acorn_g32,acorn,ACORN,16,32,16,250,100,0.7651,3168.3,301.12,439.12,514.71,553.79,315.62,1290,1227,5897,11573,17472,9252,8220,0,100,101521.7,30656776,24.6,40
n100k_d128_l2,100000,128,l2,correlated,0.1000,0.1000,10000,A_std_standard,std,STANDARD,16,1,32,500,100,0.1758,2032.2,487.21,570.17,671.92,675.38,492.07,2042,2042,2042,0,2042,0,0,508,17,11604.8,14033032,24.6,32
n100k_d128_l2,100000,128,l2,correlated,0.1000,0.1000,10000,B_std_acorn1,std,ACORN,16,1,32,500,100,0.7539,1057.6,825.17,1607.25,1658.46,1732.88,945.53,1603,1490,10949,76224,87174,42136,45038,0,100,11604.8,14033032,24.6,32
n100k_d128_l2,100000,128,l2,correlated,0.1000,0.1000,10000,D_large24_standard,large,STANDARD,24,1,48,500,100,0.1758,2031.2,487.83,574.96,617.62,649.58,492.33,2079,2079,2079,0,2079,0,0,507,17,10822.2,20424136,30.6,48
n100k_d128_l2,100000,128,l2,correlated,0.1000,0.1000,10000,E_large24_acorn1,large,ACORN,24,1,48,500,100,0.8581,706.8,1290.96,2488.21,2703.67,2726.21,1414.89,1764,1659,14656,153942,168599,71825,96774,0,100,10822.2,20424136,30.6,48
n100k_d128_l2,100000,128,l2,correlated,0.1000,0.1000,10000,D_large48_standard,large,STANDARD,48,1,96,500,100,0.1790,1992.6,500.58,558.67,642.08,685.46,501.85,2168,2168,2168,0,2168,0,0,505,19,10314.6,39618184,36.1,96
n100k_d128_l2,100000,128,l2,correlated,0.1000,0.1000,10000,E_large48_acorn1,large,ACORN,48,1,96,500,100,0.9355,544.3,1557.54,3143.83,3281.58,3423.79,1837.23,2297,2069,17610,226138,243750,104586,139163,0,100,10314.6,39618184,36.1,96
n100k_d128_l2,100000,128,l2,correlated,0.1000,0.1000,10000,C_acorn_g4,acorn,ACORN,16,4,16,500,100,0.4329,2093.2,499.00,801.71,899.42,1000.00,477.73,1447,1397,9978,13239,23219,16223,6995,0,100,12923.4,18532104,24.5,40
n100k_d128_l2,100000,128,l2,correlated,0.1000,0.1000,10000,C_acorn_g8,acorn,ACORN,16,8,16,500,100,0.7809,1545.1,629.04,868.71,982.00,986.12,647.19,1328,1265,11986,27070,39057,19676,19381,0,100,20867.5,20264200,24.6,40
n100k_d128_l2,100000,128,l2,correlated,0.1000,0.1000,10000,C_acorn_g16,acorn,ACORN,16,16,16,500,100,0.7845,1600.7,604.50,893.21,952.17,1073.96,624.71,1332,1264,12014,23528,35543,19038,16504,0,100,39343.5,23728392,24.6,40
n100k_d128_l2,100000,128,l2,correlated,0.1000,0.1000,10000,C_acorn_g32,acorn,ACORN,16,32,16,500,100,0.7857,1562.6,613.12,854.92,899.58,1017.67,639.98,1407,1344,11913,25349,37264,19352,17911,0,100,101521.7,30656776,24.6,40
n100k_d128_l2,100000,128,l2,correlated,0.0500,0.0500,5000,F_exact,exact,EXACT,16,0,0,0,10,1.0000,2123.5,457.67,535.33,633.71,638.67,470.91,5000,0,0,0,100000,0,0,0,10,0.0,0,0.0,0
n100k_d128_l2,100000,128,l2,correlated,0.0500,0.0500,5000,A_std_standard,std,STANDARD,16,1,32,50,10,0.0470,13112.0,76.71,88.54,135.04,137.25,76.27,1035,1035,1035,0,1035,0,0,59,0,11604.8,14033032,24.6,32
n100k_d128_l2,100000,128,l2,correlated,0.0500,0.0500,5000,B_std_acorn1,std,ACORN,16,1,32,50,10,0.4550,13439.7,69.75,99.71,132.75,236.75,74.41,1136,1034,435,2726,3162,2024,1138,0,10,11604.8,14033032,24.6,32
n100k_d128_l2,100000,128,l2,correlated,0.0500,0.0500,5000,D_large24_standard,large,STANDARD,24,1,48,50,10,0.0570,11789.2,84.50,107.75,113.50,143.38,84.82,1218,1218,1218,0,1218,0,0,57,0,10822.2,20424136,30.6,48
n100k_d128_l2,100000,128,l2,correlated,0.0500,0.0500,5000,E_large24_acorn1,large,ACORN,24,1,48,50,10,0.4690,11622.8,82.58,125.42,169.67,175.42,86.04,1318,1215,558,3695,4255,3041,1214,0,10,10822.2,20424136,30.6,48
n100k_d128_l2,100000,128,l2,correlated,0.0500,0.0500,5000,D_large48_standard,large,STANDARD,48,1,96,50,10,0.0580,10829.0,92.88,111.58,123.08,131.46,92.34,1438,1438,1438,0,1438,0,0,56,0,10314.6,39618184,36.1,96
n100k_d128_l2,100000,128,l2,correlated,0.0500,0.0500,5000,E_large48_acorn1,large,ACORN,48,1,96,50,10,0.6160,7647.7,120.12,184.00,271.62,292.21,130.76,1687,1450,1010,9817,10828,6625,4203,0,10,10314.6,39618184,36.1,96
n100k_d128_l2,100000,128,l2,correlated,0.0500,0.0500,5000,C_acorn_g4,acorn,ACORN,16,4,16,50,10,0.1680,20182.5,46.50,65.25,75.54,188.96,49.55,866,821,1191,778,1971,1795,175,0,10,12923.4,18532104,24.5,40
n100k_d128_l2,100000,128,l2,correlated,0.0500,0.0500,5000,C_acorn_g8,acorn,ACORN,16,8,16,50,10,0.1590,21115.0,46.12,56.50,58.88,62.29,47.36,864,821,1320,789,2110,1805,305,0,10,20867.5,20264200,24.6,40
n100k_d128_l2,100000,128,l2,correlated,0.0500,0.0500,5000,C_acorn_g16,acorn,ACORN,16,16,16,50,10,0.2860,19536.7,44.08,81.29,107.62,181.38,51.19,553,503,1712,1313,3026,1971,1055,0,10,39343.5,23728392,24.6,40
n100k_d128_l2,100000,128,l2,correlated,0.0500,0.0500,5000,C_acorn_g32,acorn,ACORN,16,32,16,50,10,0.4220,15717.1,59.79,82.67,108.83,186.08,63.63,868,808,1766,1139,2906,1785,1120,0,10,101521.7,30656776,24.6,40
n100k_d128_l2,100000,128,l2,correlated,0.0500,0.0500,5000,A_std_standard,std,STANDARD,16,1,32,100,10,0.0590,8104.9,127.96,136.58,146.54,184.88,123.38,1455,1455,1455,0,1455,0,0,108,0,11604.8,14033032,24.6,32
n100k_d128_l2,100000,128,l2,correlated,0.0500,0.0500,5000,B_std_acorn1,std,ACORN,16,1,32,100,10,0.5860,7715.8,123.96,181.79,234.62,251.67,129.60,1526,1424,1068,5112,6182,4379,1802,0,10,11604.8,14033032,24.6,32
n100k_d128_l2,100000,128,l2,correlated,0.0500,0.0500,5000,D_large24_standard,large,STANDARD,24,1,48,100,10,0.0740,7435.6,137.54,154.54,176.00,213.75,134.49,1638,1638,1638,0,1638,0,0,107,0,10822.2,20424136,30.6,48
n100k_d128_l2,100000,128,l2,correlated,0.0500,0.0500,5000,E_large24_acorn1,large,ACORN,24,1,48,100,10,0.5710,6667.6,142.96,240.67,288.42,303.67,149.98,1656,1553,1555,8260,9817,7272,2544,0,10,10822.2,20424136,30.6,48
n100k_d128_l2,100000,128,l2,correlated,0.0500,0.0500,5000,D_large48_standard,large,STANDARD,48,1,96,100,10,0.0760,6971.9,144.92,170.17,184.50,220.58,143.43,1819,1819,1819,0,1819,0,0,106,0,10314.6,39618184,36.1,96
n100k_d128_l2,100000,128,l2,correlated,0.0500,0.0500,5000,E_large48_acorn1,large,ACORN,48,1,96,100,10,0.6870,4188.9,217.96,381.33,494.71,567.46,238.72,1876,1639,2636,21921,24558,16238,8319,0,10,10314.6,39618184,36.1,96
n100k_d128_l2,100000,128,l2,correlated,0.0500,0.0500,5000,C_acorn_g4,acorn,ACORN,16,4,16,100,10,0.2010,11639.6,83.25,99.21,135.46,171.67,85.91,1200,1156,2191,1506,3698,3504,193,0,10,12923.4,18532104,24.5,40
n100k_d128_l2,100000,128,l2,correlated,0.0500,0.0500,5000,C_acorn_g8,acorn,ACORN,16,8,16,100,10,0.2010,11264.2,84.88,100.75,143.67,239.67,88.78,1206,1163,2318,1548,3868,3523,345,0,10,20867.5,20264200,24.6,40
n100k_d128_l2,100000,128,l2,correlated,0.0500,0.0500,5000,C_acorn_g16,acorn,ACORN,16,16,16,100,10,0.3310,11892.8,69.62,135.92,172.96,190.38,84.08,703,653,2880,3082,5963,4282,1681,0,10,39343.5,23728392,24.6,40
n100k_d128_l2,100000,128,l2,correlated,0.0500,0.0500,5000,C_acorn_g32,acorn,ACORN,16,32,16,100,10,0.5550,8881.1,106.00,147.75,191.88,283.88,112.60,1185,1125,2791,2243,5036,3470,1565,0,10,101521.7,30656776,24.6,40
n100k_d128_l2,100000,128,l2,correlated,0.0500,0.0500,5000,A_std_standard,std,STANDARD,16,1,32,250,10,0.0760,4034.9,252.88,279.08,333.00,343.25,247.84,1904,1904,1904,0,1904,0,0,258,0,11604.8,14033032,24.6,32
n100k_d128_l2,100000,128,l2,correlated,0.0500,0.0500,5000,B_std_acorn1,std,ACORN,16,1,32,250,10,0.6320,3319.0,296.96,459.25,523.17,562.17,301.29,1788,1686,4355,17194,21550,15831,5718,0,10,11604.8,14033032,24.6,32
n100k_d128_l2,100000,128,l2,correlated,0.0500,0.0500,5000,D_large24_standard,large,STANDARD,24,1,48,250,10,0.0840,3848.1,260.75,299.33,411.83,453.50,259.87,2001,2001,2001,0,2001,0,0,257,0,10822.2,20424136,30.6,48
n100k_d128_l2,100000,128,l2,correlated,0.0500,0.0500,5000,E_large24_acorn1,large,ACORN,24,1,48,250,10,0.5960,2768.0,368.96,585.46,703.58,722.29,361.28,1807,1704,5853,28518,34373,25396,8976,0,10,10822.2,20424136,30.6,48
n100k_d128_l2,100000,128,l2,correlated,0.0500,0.0500,5000,D_large48_standard,large,STANDARD,48,1,96,250,10,0.0830,3757.1,265.33,297.38,383.83,456.50,266.16,2105,2105,2105,0,2105,0,0,255,1,10314.6,39618184,36.1,96
n100k_d128_l2,100000,128,l2,correlated,0.0500,0.0500,5000,E_large48_acorn1,large,ACORN,48,1,96,250,10,0.7120,1797.4,533.29,891.46,955.50,1168.54,556.36,2046,1809,8150,61039,69191,47262,21929,0,10,10314.6,39618184,36.1,96
n100k_d128_l2,100000,128,l2,correlated,0.0500,0.0500,5000,C_acorn_g4,acorn,ACORN,16,4,16,250,10,0.2410,5015.5,192.17,228.71,368.00,379.12,199.38,1686,1641,5410,3444,8856,8603,252,0,10,12923.4,18532104,24.5,40
n100k_d128_l2,100000,128,l2,correlated,0.0500,0.0500,5000,C_acorn_g8,acorn,ACORN,16,8,16,250,10,0.2410,5102.8,190.67,214.79,297.54,348.46,195.97,1698,1655,5544,3561,9107,8652,455,0,10,20867.5,20264200,24.6,40
n100k_d128_l2,100000,128,l2,correlated,0.0500,0.0500,5000,C_acorn_g16,acorn,ACORN,16,16,16,250,10,0.3790,5246.8,178.62,297.92,365.96,394.42,190.59,889,839,6313,8211,14526,10979,3546,0,10,39343.5,23728392,24.6,40
n100k_d128_l2,100000,128,l2,correlated,0.0500,0.0500,5000,C_acorn_g32,acorn,ACORN,16,32,16,250,10,0.6620,4061.6,236.92,304.75,356.88,379.88,246.21,1564,1504,6122,5977,12101,8940,3160,0,10,101521.7,30656776,24.6,40
n100k_d128_l2,100000,128,l2,correlated,0.0500,0.0500,5000,A_std_standard,std,STANDARD,16,1,32,500,10,0.0840,2050.6,487.42,559.96,638.75,711.33,487.67,2042,2042,2042,0,2042,0,0,508,0,11604.8,14033032,24.6,32
n100k_d128_l2,100000,128,l2,correlated,0.0500,0.0500,5000,B_std_acorn1,std,ACORN,16,1,32,500,10,0.6370,1553.9,645.50,978.79,1035.83,1070.04,643.52,1821,1720,10511,38020,48532,35696,12836,0,10,11604.8,14033032,24.6,32
n100k_d128_l2,100000,128,l2,correlated,0.0500,0.0500,5000,D_large24_standard,large,STANDARD,24,1,48,500,10,0.0880,2042.3,486.12,577.21,662.33,668.96,489.66,2079,2079,2079,0,2079,0,0,507,1,10822.2,20424136,30.6,48
n100k_d128_l2,100000,128,l2,correlated,0.0500,0.0500,5000,E_large24_acorn1,large,ACORN,24,1,48,500,10,0.5980,1322.1,810.92,1037.71,1354.04,1371.62,756.35,1823,1720,13503,63124,76629,56377,20252,0,10,10822.2,20424136,30.6,48
n100k_d128_l2,100000,128,l2,correlated,0.0500,0.0500,5000,D_large48_standard,large,STANDARD,48,1,96,500,10,0.0850,2003.2,495.67,543.42,700.62,702.62,499.20,2168,2168,2168,0,2168,0,0,505,1,10314.6,39618184,36.1,96
n100k_d128_l2,100000,128,l2,correlated,0.0500,0.0500,5000,E_large48_acorn1,large,ACORN,48,1,96,500,10,0.7490,872.2,1118.12,1829.21,2063.50,2100.25,1146.49,2294,2057,17426,121486,138914,96175,42738,0,10,10314.6,39618184,36.1,96
n100k_d128_l2,100000,128,l2,correlated,0.0500,0.0500,5000,C_acorn_g4,acorn,ACORN,16,4,16,500,10,0.2540,2400.0,405.04,483.71,601.46,603.33,416.67,1941,1896,11242,5544,16787,16443,343,0,10,12923.4,18532104,24.5,40
n100k_d128_l2,100000,128,l2,correlated,0.0500,0.0500,5000,C_acorn_g8,acorn,ACORN,16,8,16,500,10,0.2540,2414.3,403.58,495.83,529.75,580.12,414.20,1944,1900,11374,5746,17121,16477,644,0,10,20867.5,20264200,24.6,40
n100k_d128_l2,100000,128,l2,correlated,0.0500,0.0500,5000,C_acorn_g16,acorn,ACORN,16,16,16,500,10,0.3930,3142.8,184.46,631.46,679.00,750.50,318.18,964,914,9132,11327,20461,15592,4869,0,10,39343.5,23728392,24.6,40
n100k_d128_l2,100000,128,l2,correlated,0.0500,0.0500,5000,C_acorn_g32,acorn,ACORN,16,32,16,500,10,0.6820,1904.0,506.33,691.46,746.29,752.00,525.21,1699,1639,12131,13720,25852,19337,6515,0,10,101521.7,30656776,24.6,40
n100k_d128_l2,100000,128,l2,correlated,0.0500,0.0500,5000,F_exact,exact,EXACT,16,0,0,0,100,1.0000,2131.5,456.50,545.25,558.83,631.58,469.15,5000,0,0,0,100000,0,0,0,100,0.0,0,0.0,0
n100k_d128_l2,100000,128,l2,correlated,0.0500,0.0500,5000,A_std_standard,std,STANDARD,16,1,32,50,100,0.0257,11581.5,85.17,101.92,139.71,196.42,86.34,1035,1035,1035,0,1035,0,0,59,3,11604.8,14033032,24.6,32
n100k_d128_l2,100000,128,l2,correlated,0.0500,0.0500,5000,B_std_acorn1,std,ACORN,16,1,32,50,100,0.5472,10759.7,90.04,119.21,154.96,157.04,92.94,1136,1034,435,2726,3162,2024,1138,0,100,11604.8,14033032,24.6,32
n100k_d128_l2,100000,128,l2,correlated,0.0500,0.0500,5000,D_large24_standard,large,STANDARD,24,1,48,50,100,0.0292,10201.7,95.38,120.04,176.83,179.88,98.02,1218,1218,1218,0,1218,0,0,57,3,10822.2,20424136,30.6,48
n100k_d128_l2,100000,128,l2,correlated,0.0500,0.0500,5000,E_large24_acorn1,large,ACORN,24,1,48,50,100,0.5668,9275.8,102.92,153.00,167.96,201.25,107.81,1318,1215,558,3695,4255,3041,1214,0,100,10822.2,20424136,30.6,48
n100k_d128_l2,100000,128,l2,correlated,0.0500,0.0500,5000,D_large48_standard,large,STANDARD,48,1,96,50,100,0.0311,9521.8,103.67,125.71,141.42,210.71,105.02,1438,1438,1438,0,1438,0,0,56,3,10314.6,39618184,36.1,96
n100k_d128_l2,100000,128,l2,correlated,0.0500,0.0500,5000,E_large48_acorn1,large,ACORN,48,1,96,50,100,0.7683,6439.4,145.58,207.25,269.25,284.88,155.29,1687,1450,1010,9817,10828,6625,4203,0,100,10314.6,39618184,36.1,96
n100k_d128_l2,100000,128,l2,correlated,0.0500,0.0500,5000,C_acorn_g4,acorn,ACORN,16,4,16,50,100,0.1926,14856.9,64.67,79.79,92.17,127.21,67.31,866,821,1191,778,1971,1795,175,0,100,12923.4,18532104,24.5,40
n100k_d128_l2,100000,128,l2,correlated,0.0500,0.0500,5000,C_acorn_g8,acorn,ACORN,16,8,16,50,100,0.1859,14828.3,66.04,77.88,98.83,101.12,67.44,864,821,1320,789,2110,1805,305,0,100,20867.5,20264200,24.6,40
n100k_d128_l2,100000,128,l2,correlated,0.0500,0.0500,5000,C_acorn_g16,acorn,ACORN,16,16,16,50,100,0.3179,15735.4,56.08,99.46,112.21,126.88,63.55,553,503,1712,1313,3026,1971,1055,0,100,39343.5,23728392,24.6,40
n100k_d128_l2,100000,128,l2,correlated,0.0500,0.0500,5000,C_acorn_g32,acorn,ACORN,16,32,16,50,100,0.5159,11996.3,80.92,99.92,130.42,151.12,83.36,868,808,1766,1139,2906,1785,1120,0,100,101521.7,30656776,24.6,40
n100k_d128_l2,100000,128,l2,correlated,0.0500,0.0500,5000,A_std_standard,std,STANDARD,16,1,32,100,100,0.0316,7979.9,127.25,146.29,189.42,209.04,125.31,1455,1455,1455,0,1455,0,0,108,3,11604.8,14033032,24.6,32
n100k_d128_l2,100000,128,l2,correlated,0.0500,0.0500,5000,B_std_acorn1,std,ACORN,16,1,32,100,100,0.7073,7227.6,130.75,190.42,259.42,343.33,138.36,1526,1424,1068,5112,6182,4379,1802,0,100,11604.8,14033032,24.6,32
n100k_d128_l2,100000,128,l2,correlated,0.0500,0.0500,5000,D_large24_standard,large,STANDARD,24,1,48,100,100,0.0344,7287.3,137.71,166.67,211.67,224.75,137.23,1638,1638,1638,0,1638,0,0,107,3,10822.2,20424136,30.6,48
n100k_d128_l2,100000,128,l2,correlated,0.0500,0.0500,5000,E_large24_acorn1,large,ACORN,24,1,48,100,100,0.6898,6109.3,156.79,212.08,295.79,438.50,163.69,1656,1553,1555,8260,9817,7272,2544,0,100,10822.2,20424136,30.6,48
n100k_d128_l2,100000,128,l2,correlated,0.0500,0.0500,5000,D_large48_standard,large,STANDARD,48,1,96,100,100,0.0353,6894.0,146.50,179.67,211.46,225.46,145.05,1819,1819,1819,0,1819,0,0,106,3,10314.6,39618184,36.1,96
n100k_d128_l2,100000,128,l2,correlated,0.0500,0.0500,5000,E_large48_acorn1,large,ACORN,48,1,96,100,100,0.8486,3978.0,229.71,382.88,483.00,570.38,251.38,1876,1639,2636,21921,24558,16238,8319,0,100,10314.6,39618184,36.1,96
n100k_d128_l2,100000,128,l2,correlated,0.0500,0.0500,5000,C_acorn_g4,acorn,ACORN,16,4,16,100,100,0.2456,10636.0,91.50,108.67,130.96,162.58,94.02,1200,1156,2191,1506,3698,3504,193,0,100,12923.4,18532104,24.5,40
n100k_d128_l2,100000,128,l2,correlated,0.0500,0.0500,5000,C_acorn_g8,acorn,ACORN,16,8,16,100,100,0.2409,10408.7,93.79,105.79,170.29,197.04,96.07,1206,1163,2318,1548,3868,3523,345,0,100,20867.5,20264200,24.6,40
n100k_d128_l2,100000,128,l2,correlated,0.0500,0.0500,5000,C_acorn_g16,acorn,ACORN,16,16,16,100,100,0.3937,10996.4,79.12,146.04,185.62,217.62,90.94,703,653,2880,3082,5963,4282,1681,0,100,39343.5,23728392,24.6,40
n100k_d128_l2,100000,128,l2,correlated,0.0500,0.0500,5000,C_acorn_g32,acorn,ACORN,16,32,16,100,100,0.6693,8311.0,115.96,148.79,196.29,215.75,120.32,1185,1125,2791,2243,5036,3470,1565,0,100,101521.7,30656776,24.6,40
n100k_d128_l2,100000,128,l2,correlated,0.0500,0.0500,5000,A_std_standard,std,STANDARD,16,1,32,250,100,0.0341,3989.1,254.33,280.00,307.54,406.42,250.68,1904,1904,1904,0,1904,0,0,258,3,11604.8,14033032,24.6,32
n100k_d128_l2,100000,128,l2,correlated,0.0500,0.0500,5000,B_std_acorn1,std,ACORN,16,1,32,250,100,0.7811,3129.6,312.96,472.71,524.71,584.58,319.52,1788,1686,4355,17194,21550,15831,5718,0,100,11604.8,14033032,24.6,32
n100k_d128_l2,100000,128,l2,correlated,0.0500,0.0500,5000,D_large24_standard,large,STANDARD,24,1,48,250,100,0.0357,3854.0,261.54,303.29,336.08,359.75,259.47,2001,2001,2001,0,2001,0,0,257,3,10822.2,20424136,30.6,48
n100k_d128_l2,100000,128,l2,correlated,0.0500,0.0500,5000,E_large24_acorn1,large,ACORN,24,1,48,250,100,0.7327,2632.4,380.17,557.04,719.92,726.58,379.88,1807,1704,5853,28518,34373,25396,8976,0,100,10822.2,20424136,30.6,48
n100k_d128_l2,100000,128,l2,correlated,0.0500,0.0500,5000,D_large48_standard,large,STANDARD,48,1,96,250,100,0.0363,3749.8,267.12,302.42,422.25,444.71,266.68,2105,2105,2105,0,2105,0,0,255,3,10314.6,39618184,36.1,96
n100k_d128_l2,100000,128,l2,correlated,0.0500,0.0500,5000,E_large48_acorn1,large,ACORN,48,1,96,250,100,0.8936,1736.1,567.25,933.83,1044.46,1050.25,576.00,2046,1809,8150,61039,69191,47262,21929,0,100,10314.6,39618184,36.1,96
n100k_d128_l2,100000,128,l2,correlated,0.0500,0.0500,5000,C_acorn_g4,acorn,ACORN,16,4,16,250,100,0.3105,4848.7,203.54,227.92,245.50,295.92,206.24,1686,1641,5410,3444,8856,8603,252,0,100,12923.4,18532104,24.5,40
n100k_d128_l2,100000,128,l2,correlated,0.0500,0.0500,5000,C_acorn_g8,acorn,ACORN,16,8,16,250,100,0.3093,4676.3,207.33,248.67,369.04,376.12,213.85,1698,1655,5544,3561,9107,8652,455,0,100,20867.5,20264200,24.6,40
n100k_d128_l2,100000,128,l2,correlated,0.0500,0.0500,5000,C_acorn_g16,acorn,ACORN,16,16,16,250,100,0.4654,4954.7,176.79,322.38,392.17,406.54,201.83,889,839,6313,8211,14526,10979,3546,0,100,39343.5,23728392,24.6,40
n100k_d128_l2,100000,128,l2,correlated,0.0500,0.0500,5000,C_acorn_g32,acorn,ACORN,16,32,16,250,100,0.8058,3747.0,253.96,353.12,442.12,472.42,266.88,1564,1504,6122,5977,12101,8940,3160,0,100,101521.7,30656776,24.6,40
n100k_d128_l2,100000,128,l2,correlated,0.0500,0.0500,5000,A_std_standard,std,STANDARD,16,1,32,500,100,0.0352,2057.4,485.58,569.67,626.83,658.00,486.04,2042,2042,2042,0,2042,0,0,508,3,11604.8,14033032,24.6,32
n100k_d128_l2,100000,128,l2,correlated,0.0500,0.0500,5000,B_std_acorn1,std,ACORN,16,1,32,500,100,0.7884,1527.9,664.46,1029.04,1093.12,1115.33,654.51,1821,1720,10511,38020,48532,35696,12836,0,100,11604.8,14033032,24.6,32
n100k_d128_l2,100000,128,l2,correlated,0.0500,0.0500,5000,D_large24_standard,large,STANDARD,24,1,48,500,100,0.0366,2037.2,488.38,584.88,672.62,686.54,490.87,2079,2079,2079,0,2079,0,0,507,3,10822.2,20424136,30.6,48
n100k_d128_l2,100000,128,l2,correlated,0.0500,0.0500,5000,E_large24_acorn1,large,ACORN,24,1,48,500,100,0.7352,1279.8,823.83,1032.21,1396.75,1441.42,781.34,1823,1720,13503,63124,76629,56377,20252,0,100,10822.2,20424136,30.6,48
n100k_d128_l2,100000,128,l2,correlated,0.0500,0.0500,5000,D_large48_standard,large,STANDARD,48,1,96,500,100,0.0371,2000.4,496.42,542.08,650.92,665.92,499.91,2168,2168,2168,0,2168,0,0,505,4,10314.6,39618184,36.1,96
n100k_d128_l2,100000,128,l2,correlated,0.0500,0.0500,5000,E_large48_acorn1,large,ACORN,48,1,96,500,100,0.9462,859.3,1160.04,1845.42,2007.75,2107.54,1163.70,2294,2057,17426,121486,138914,96175,42738,0,100,10314.6,39618184,36.1,96
n100k_d128_l2,100000,128,l2,correlated,0.0500,0.0500,5000,C_acorn_g4,acorn,ACORN,16,4,16,500,100,0.3324,2324.6,419.42,491.42,611.96,623.42,430.18,1941,1896,11242,5544,16787,16443,343,0,100,12923.4,18532104,24.5,40
n100k_d128_l2,100000,128,l2,correlated,0.0500,0.0500,5000,C_acorn_g8,acorn,ACORN,16,8,16,500,100,0.3327,2300.5,425.58,499.75,586.50,627.04,434.69,1944,1900,11374,5746,17121,16477,644,0,100,20867.5,20264200,24.6,40
n100k_d128_l2,100000,128,l2,correlated,0.0500,0.0500,5000,C_acorn_g16,acorn,ACORN,16,16,16,500,100,0.4802,3074.0,236.46,594.92,710.08,873.08,325.31,964,914,9132,11327,20461,15592,4869,0,100,39343.5,23728392,24.6,40
n100k_d128_l2,100000,128,l2,correlated,0.0500,0.0500,5000,C_acorn_g32,acorn,ACORN,16,32,16,500,100,0.8365,1856.0,524.25,680.46,723.00,748.29,538.79,1699,1639,12131,13720,25852,19337,6515,0,100,101521.7,30656776,24.6,40
n100k_d128_l2,100000,128,l2,correlated,0.0200,0.0200,2000,F_exact,exact,EXACT,16,0,0,0,10,1.0000,4129.9,235.33,266.42,377.79,381.67,242.13,2000,0,0,0,100000,0,0,0,10,0.0,0,0.0,0
n100k_d128_l2,100000,128,l2,correlated,0.0200,0.0200,2000,A_std_standard,std,STANDARD,16,1,32,50,10,0.0390,13295.8,76.71,87.75,101.58,129.67,75.21,1035,1035,1035,0,1035,0,0,59,0,11604.8,14033032,24.6,32
n100k_d128_l2,100000,128,l2,correlated,0.0200,0.0200,2000,B_std_acorn1,std,ACORN,16,1,32,50,10,0.4420,17124.0,55.38,66.96,92.92,219.04,58.40,1146,1068,375,1997,2374,1840,533,0,10,11604.8,14033032,24.6,32
n100k_d128_l2,100000,128,l2,correlated,0.0200,0.0200,2000,D_large24_standard,large,STANDARD,24,1,48,50,10,0.0410,11954.3,85.17,96.17,116.12,131.62,83.65,1218,1218,1218,0,1218,0,0,57,0,10822.2,20424136,30.6,48
n100k_d128_l2,100000,128,l2,correlated,0.0200,0.0200,2000,E_large24_acorn1,large,ACORN,24,1,48,50,10,0.4700,14521.6,65.75,81.33,114.75,163.71,68.86,1400,1283,538,2873,3412,2709,702,0,10,10822.2,20424136,30.6,48
n100k_d128_l2,100000,128,l2,correlated,0.0200,0.0200,2000,D_large48_standard,large,STANDARD,48,1,96,50,10,0.0440,10808.9,93.75,108.62,119.83,177.46,92.52,1438,1438,1438,0,1438,0,0,56,0,10314.6,39618184,36.1,96
n100k_d128_l2,100000,128,l2,correlated,0.0200,0.0200,2000,E_large48_acorn1,large,ACORN,48,1,96,50,10,0.5930,9942.9,97.67,117.62,133.12,174.42,100.57,1823,1611,1123,9240,10365,5006,5358,0,10,10314.6,39618184,36.1,96
n100k_d128_l2,100000,128,l2,correlated,0.0200,0.0200,2000,C_acorn_g4,acorn,ACORN,16,4,16,50,10,0.4470,19560.7,47.12,63.54,69.79,225.33,51.12,870,820,1194,823,2019,1814,204,0,10,12923.4,18532104,24.5,40
n100k_d128_l2,100000,128,l2,correlated,0.0200,0.0200,2000,C_acorn_g8,acorn,ACORN,16,8,16,50,10,0.4240,21273.9,45.83,56.58,63.21,64.46,47.01,862,812,1314,871,2187,1818,368,0,10,20867.5,20264200,24.6,40
n100k_d128_l2,100000,128,l2,correlated,0.0200,0.0200,2000,C_acorn_g16,acorn,ACORN,16,16,16,50,10,0.4800,19209.2,49.04,62.46,117.04,171.92,52.06,861,811,1561,937,2500,1806,693,0,10,39343.5,23728392,24.6,40
n100k_d128_l2,100000,128,l2,correlated,0.0200,0.0200,2000,C_acorn_g32,acorn,ACORN,16,32,16,50,10,0.4420,19843.9,47.71,61.75,71.58,186.67,50.39,861,811,1710,854,2565,1816,749,0,10,101521.7,30656776,24.6,40
n100k_d128_l2,100000,128,l2,correlated,0.0200,0.0200,2000,A_std_standard,std,STANDARD,16,1,32,100,10,0.0460,8068.2,126.96,141.50,148.21,154.42,123.94,1455,1455,1455,0,1455,0,0,108,0,11604.8,14033032,24.6,32
n100k_d128_l2,100000,128,l2,correlated,0.0200,0.0200,2000,B_std_acorn1,std,ACORN,16,1,32,100,10,0.5710,9833.6,98.88,113.29,172.92,213.58,101.69,1591,1513,939,3218,4158,3584,573,0,10,11604.8,14033032,24.6,32
n100k_d128_l2,100000,128,l2,correlated,0.0200,0.0200,2000,D_large24_standard,large,STANDARD,24,1,48,100,10,0.0430,7292.0,138.12,156.79,193.08,218.38,137.14,1638,1638,1638,0,1638,0,0,107,0,10822.2,20424136,30.6,48
n100k_d128_l2,100000,128,l2,correlated,0.0200,0.0200,2000,E_large24_acorn1,large,ACORN,24,1,48,100,10,0.6130,8736.8,109.04,140.88,211.50,216.83,114.46,1784,1667,1527,4600,6128,5327,801,0,10,10822.2,20424136,30.6,48
n100k_d128_l2,100000,128,l2,correlated,0.0200,0.0200,2000,D_large48_standard,large,STANDARD,48,1,96,100,10,0.0580,7155.0,142.04,160.04,186.25,248.62,139.76,1819,1819,1819,0,1819,0,0,106,0,10314.6,39618184,36.1,96
n100k_d128_l2,100000,128,l2,correlated,0.0200,0.0200,2000,E_large48_acorn1,large,ACORN,48,1,96,100,10,0.6550,6748.6,142.29,176.42,307.33,315.12,148.18,2053,1842,2820,11665,14487,8526,5961,0,10,10314.6,39618184,36.1,96
n100k_d128_l2,100000,128,l2,correlated,0.0200,0.0200,2000,C_acorn_g4,acorn,ACORN,16,4,16,100,10,0.5540,11207.6,85.50,101.92,158.75,216.21,89.23,1201,1152,2210,1655,3867,3565,301,0,10,12923.4,18532104,24.5,40
n100k_d128_l2,100000,128,l2,correlated,0.0200,0.0200,2000,C_acorn_g8,acorn,ACORN,16,8,16,100,10,0.5240,11322.4,85.12,99.50,154.71,205.21,88.32,1200,1150,2329,1740,4070,3574,496,0,10,20867.5,20264200,24.6,40
n100k_d128_l2,100000,128,l2,correlated,0.0200,0.0200,2000,C_acorn_g16,acorn,ACORN,16,16,16,100,10,0.5790,11255.5,84.67,113.38,136.67,173.12,88.85,1204,1154,2586,1892,4479,3591,887,0,10,39343.5,23728392,24.6,40
n100k_d128_l2,100000,128,l2,correlated,0.0200,0.0200,2000,C_acorn_g32,acorn,ACORN,16,32,16,100,10,0.5450,11316.4,84.92,105.96,127.62,215.58,88.37,1196,1146,2732,1787,4521,3608,912,0,10,101521.7,30656776,24.6,40
n100k_d128_l2,100000,128,l2,correlated,0.0200,0.0200,2000,A_std_standard,std,STANDARD,16,1,32,250,10,0.0590,4036.6,251.83,274.38,350.54,387.83,247.74,1904,1904,1904,0,1904,0,0,258,0,11604.8,14033032,24.6,32
n100k_d128_l2,100000,128,l2,correlated,0.0200,0.0200,2000,B_std_acorn1,std,ACORN,16,1,32,250,10,0.6620,4806.1,201.71,221.54,330.75,394.62,208.07,1965,1886,4129,5602,9732,9059,672,0,10,11604.8,14033032,24.6,32
n100k_d128_l2,100000,128,l2,correlated,0.0200,0.0200,2000,D_large24_standard,large,STANDARD,24,1,48,250,10,0.0590,3919.0,257.00,281.67,290.17,365.75,255.17,2001,2001,2001,0,2001,0,0,257,0,10822.2,20424136,30.6,48
n100k_d128_l2,100000,128,l2,correlated,0.0200,0.0200,2000,E_large24_acorn1,large,ACORN,24,1,48,250,10,0.6670,4523.3,216.46,244.33,327.38,345.67,221.08,2034,1916,5938,7145,13084,12060,1024,0,10,10822.2,20424136,30.6,48
n100k_d128_l2,100000,128,l2,correlated,0.0200,0.0200,2000,D_large48_standard,large,STANDARD,48,1,96,250,10,0.0650,3723.7,267.75,318.38,412.46,428.79,268.55,2105,2105,2105,0,2105,0,0,255,1,10314.6,39618184,36.1,96
n100k_d128_l2,100000,128,l2,correlated,0.0200,0.0200,2000,E_large48_acorn1,large,ACORN,48,1,96,250,10,0.6730,3921.3,248.38,308.54,342.50,431.25,255.01,2148,1937,8348,14689,23039,15482,7556,0,10,10314.6,39618184,36.1,96
n100k_d128_l2,100000,128,l2,correlated,0.0200,0.0200,2000,C_acorn_g4,acorn,ACORN,16,4,16,250,10,0.6430,5025.9,193.38,217.21,247.92,382.62,198.97,1684,1635,5458,4186,9645,8957,688,0,10,12923.4,18532104,24.5,40
n100k_d128_l2,100000,128,l2,correlated,0.0200,0.0200,2000,C_acorn_g8,acorn,ACORN,16,8,16,250,10,0.6370,5011.6,192.75,217.08,306.08,358.71,199.54,1691,1641,5595,4204,9800,8880,919,0,10,20867.5,20264200,24.6,40
n100k_d128_l2,100000,128,l2,correlated,0.0200,0.0200,2000,C_acorn_g16,acorn,ACORN,16,16,16,250,10,0.6820,4895.4,197.79,243.71,306.88,366.54,204.27,1692,1642,5849,4719,10570,9035,1534,0,10,39343.5,23728392,24.6,40
n100k_d128_l2,100000,128,l2,correlated,0.0200,0.0200,2000,C_acorn_g32,acorn,ACORN,16,32,16,250,10,0.6380,4877.8,196.25,239.46,323.83,360.12,205.01,1695,1645,6009,4650,10661,9127,1534,0,10,101521.7,30656776,24.6,40
n100k_d128_l2,100000,128,l2,correlated,0.0200,0.0200,2000,A_std_standard,std,STANDARD,16,1,32,500,10,0.0610,2058.1,487.17,525.42,638.75,696.71,485.87,2042,2042,2042,0,2042,0,0,508,0,11604.8,14033032,24.6,32
n100k_d128_l2,100000,128,l2,correlated,0.0200,0.0200,2000,B_std_acorn1,std,ACORN,16,1,32,500,10,0.6720,2424.6,404.50,470.88,537.33,547.21,412.44,2026,1947,10350,6676,17028,16208,819,0,10,11604.8,14033032,24.6,32
n100k_d128_l2,100000,128,l2,correlated,0.0200,0.0200,2000,D_large24_standard,large,STANDARD,24,1,48,500,10,0.0620,2050.9,486.33,533.83,605.71,669.71,487.60,2079,2079,2079,0,2079,0,0,507,0,10822.2,20424136,30.6,48
n100k_d128_l2,100000,128,l2,correlated,0.0200,0.0200,2000,E_large24_acorn1,large,ACORN,24,1,48,500,10,0.6730,2303.1,420.54,530.33,620.50,668.67,434.19,2070,1952,13783,8201,21985,20634,1351,0,10,10822.2,20424136,30.6,48
n100k_d128_l2,100000,128,l2,correlated,0.0200,0.0200,2000,D_large48_standard,large,STANDARD,48,1,96,500,10,0.0670,2005.4,495.04,537.17,662.92,670.67,498.65,2168,2168,2168,0,2168,0,0,505,1,10314.6,39618184,36.1,96
n100k_d128_l2,100000,128,l2,correlated,0.0200,0.0200,2000,E_large48_acorn1,large,ACORN,48,1,96,500,10,0.6730,2115.6,460.79,537.29,682.38,682.96,472.68,2166,1955,17754,17268,35023,25374,9649,0,10,10314.6,39618184,36.1,96
n100k_d128_l2,100000,128,l2,correlated,0.0200,0.0200,2000,C_acorn_g4,acorn,ACORN,16,4,16,500,10,0.6760,2357.0,413.79,500.92,586.17,620.62,424.26,1941,1891,11293,7333,18627,17288,1339,0,10,12923.4,18532104,24.5,40
n100k_d128_l2,100000,128,l2,correlated,0.0200,0.0200,2000,C_acorn_g8,acorn,ACORN,16,8,16,500,10,0.6700,2366.7,411.33,505.58,554.33,591.33,422.54,1946,1896,11469,7033,18504,16912,1591,0,10,20867.5,20264200,24.6,40
n100k_d128_l2,100000,128,l2,correlated,0.0200,0.0200,2000,C_acorn_g16,acorn,ACORN,16,16,16,500,10,0.7110,2274.0,427.46,499.88,612.54,751.21,439.76,1949,1899,11743,8367,20112,17465,2647,0,10,39343.5,23728392,24.6,40
n100k_d128_l2,100000,128,l2,correlated,0.0200,0.0200,2000,C_acorn_g32,acorn,ACORN,16,32,16,500,10,0.6700,2325.7,417.67,500.12,572.38,641.21,429.99,1950,1901,11943,8225,20169,17613,2556,0,10,101521.7,30656776,24.6,40
n100k_d128_l2,100000,128,l2,correlated,0.0200,0.0200,2000,F_exact,exact,EXACT,16,0,0,0,100,1.0000,4102.0,237.62,275.12,342.50,349.92,243.78,2000,0,0,0,100000,0,0,0,100,0.0,0,0.0,0
n100k_d128_l2,100000,128,l2,correlated,0.0200,0.0200,2000,A_std_standard,std,STANDARD,16,1,32,50,100,0.0271,11687.9,86.92,97.42,132.79,146.79,85.56,1035,1035,1035,0,1035,0,0,59,3,11604.8,14033032,24.6,32
n100k_d128_l2,100000,128,l2,correlated,0.0200,0.0200,2000,B_std_acorn1,std,ACORN,16,1,32,50,100,0.5751,12756.3,76.42,88.96,117.71,136.71,78.39,1146,1068,375,1997,2374,1840,533,0,100,11604.8,14033032,24.6,32
n100k_d128_l2,100000,128,l2,correlated,0.0200,0.0200,2000,D_large24_standard,large,STANDARD,24,1,48,50,100,0.0297,10673.7,95.04,110.58,126.00,136.46,93.69,1218,1218,1218,0,1218,0,0,57,3,10822.2,20424136,30.6,48
n100k_d128_l2,100000,128,l2,correlated,0.0200,0.0200,2000,E_large24_acorn1,large,ACORN,24,1,48,50,100,0.6629,11003.8,88.67,103.54,140.96,211.62,90.88,1400,1283,538,2873,3412,2709,702,0,100,10822.2,20424136,30.6,48
n100k_d128_l2,100000,128,l2,correlated,0.0200,0.0200,2000,D_large48_standard,large,STANDARD,48,1,96,50,100,0.0308,9399.1,104.42,135.88,171.50,179.79,106.39,1438,1438,1438,0,1438,0,0,56,3,10314.6,39618184,36.1,96
n100k_d128_l2,100000,128,l2,correlated,0.0200,0.0200,2000,E_large48_acorn1,large,ACORN,48,1,96,50,100,0.8013,8113.8,121.12,138.38,170.92,179.92,123.25,1823,1611,1123,9240,10365,5006,5358,0,100,10314.6,39618184,36.1,96
n100k_d128_l2,100000,128,l2,correlated,0.0200,0.0200,2000,C_acorn_g4,acorn,ACORN,16,4,16,50,100,0.5399,14066.5,68.25,86.12,98.12,225.62,71.09,870,820,1194,823,2019,1814,204,0,100,12923.4,18532104,24.5,40
n100k_d128_l2,100000,128,l2,correlated,0.0200,0.0200,2000,C_acorn_g8,acorn,ACORN,16,8,16,50,100,0.5251,14718.0,66.38,78.21,113.71,118.62,67.94,862,812,1314,871,2187,1818,368,0,100,20867.5,20264200,24.6,40
n100k_d128_l2,100000,128,l2,correlated,0.0200,0.0200,2000,C_acorn_g16,acorn,ACORN,16,16,16,50,100,0.5391,14583.5,66.29,85.08,95.00,114.58,68.57,861,811,1561,937,2500,1806,693,0,100,39343.5,23728392,24.6,40
n100k_d128_l2,100000,128,l2,correlated,0.0200,0.0200,2000,C_acorn_g32,acorn,ACORN,16,32,16,50,100,0.5297,14471.9,65.67,82.83,93.25,222.46,69.10,861,811,1710,854,2565,1816,749,0,100,101521.7,30656776,24.6,40
n100k_d128_l2,100000,128,l2,correlated,0.0200,0.0200,2000,A_std_standard,std,STANDARD,16,1,32,100,100,0.0311,7940.1,128.38,146.29,151.88,258.58,125.94,1455,1455,1455,0,1455,0,0,108,3,11604.8,14033032,24.6,32
n100k_d128_l2,100000,128,l2,correlated,0.0200,0.0200,2000,B_std_acorn1,std,ACORN,16,1,32,100,100,0.7666,8881.0,107.75,138.92,168.50,223.42,112.60,1591,1513,939,3218,4158,3584,573,0,100,11604.8,14033032,24.6,32
n100k_d128_l2,100000,128,l2,correlated,0.0200,0.0200,2000,D_large24_standard,large,STANDARD,24,1,48,100,100,0.0316,7478.6,136.71,151.08,180.46,265.58,133.71,1638,1638,1638,0,1638,0,0,107,3,10822.2,20424136,30.6,48
n100k_d128_l2,100000,128,l2,correlated,0.0200,0.0200,2000,E_large24_acorn1,large,ACORN,24,1,48,100,100,0.8257,7887.7,121.79,143.29,232.58,293.21,126.78,1784,1667,1527,4600,6128,5327,801,0,100,10822.2,20424136,30.6,48
n100k_d128_l2,100000,128,l2,correlated,0.0200,0.0200,2000,D_large48_standard,large,STANDARD,48,1,96,100,100,0.0342,6828.4,146.62,171.88,225.00,249.46,146.45,1819,1819,1819,0,1819,0,0,106,4,10314.6,39618184,36.1,96
n100k_d128_l2,100000,128,l2,correlated,0.0200,0.0200,2000,E_large48_acorn1,large,ACORN,48,1,96,100,100,0.8861,6379.7,152.17,178.17,279.21,290.50,156.75,2053,1842,2820,11665,14487,8526,5961,0,100,10314.6,39618184,36.1,96
n100k_d128_l2,100000,128,l2,correlated,0.0200,0.0200,2000,C_acorn_g4,acorn,ACORN,16,4,16,100,100,0.6856,10206.7,95.12,114.88,125.92,252.62,97.98,1201,1152,2210,1655,3867,3565,301,0,100,12923.4,18532104,24.5,40
n100k_d128_l2,100000,128,l2,correlated,0.0200,0.0200,2000,C_acorn_g8,acorn,ACORN,16,8,16,100,100,0.6725,10414.5,92.96,109.83,127.00,242.54,96.02,1200,1150,2329,1740,4070,3574,496,0,100,20867.5,20264200,24.6,40
n100k_d128_l2,100000,128,l2,correlated,0.0200,0.0200,2000,C_acorn_g16,acorn,ACORN,16,16,16,100,100,0.6863,10182.9,94.88,118.58,182.79,190.42,98.20,1204,1154,2586,1892,4479,3591,887,0,100,39343.5,23728392,24.6,40
n100k_d128_l2,100000,128,l2,correlated,0.0200,0.0200,2000,C_acorn_g32,acorn,ACORN,16,32,16,100,100,0.6762,10319.2,94.38,112.33,122.12,145.67,96.91,1196,1146,2732,1787,4521,3608,912,0,100,101521.7,30656776,24.6,40
n100k_d128_l2,100000,128,l2,correlated,0.0200,0.0200,2000,A_std_standard,std,STANDARD,16,1,32,250,100,0.0335,3999.9,254.62,279.33,314.33,335.38,250.00,1904,1904,1904,0,1904,0,0,258,3,11604.8,14033032,24.6,32
n100k_d128_l2,100000,128,l2,correlated,0.0200,0.0200,2000,B_std_acorn1,std,ACORN,16,1,32,250,100,0.8976,4503.6,215.67,246.79,323.71,340.33,222.05,1965,1886,4129,5602,9732,9059,672,0,100,11604.8,14033032,24.6,32
n100k_d128_l2,100000,128,l2,correlated,0.0200,0.0200,2000,D_large24_standard,large,STANDARD,24,1,48,250,100,0.0342,3852.8,261.83,301.54,337.21,346.38,259.55,2001,2001,2001,0,2001,0,0,257,3,10822.2,20424136,30.6,48
n100k_d128_l2,100000,128,l2,correlated,0.0200,0.0200,2000,E_large24_acorn1,large,ACORN,24,1,48,250,100,0.9034,4196.6,229.50,276.33,354.50,456.58,238.29,2034,1916,5938,7145,13084,12060,1024,0,100,10822.2,20424136,30.6,48
n100k_d128_l2,100000,128,l2,correlated,0.0200,0.0200,2000,D_large48_standard,large,STANDARD,48,1,96,250,100,0.0375,3761.8,268.12,300.75,360.00,373.25,265.83,2105,2105,2105,0,2105,0,0,255,4,10314.6,39618184,36.1,96
n100k_d128_l2,100000,128,l2,correlated,0.0200,0.0200,2000,E_large48_acorn1,large,ACORN,48,1,96,250,100,0.9096,3793.1,257.62,284.42,387.50,436.67,263.64,2148,1937,8348,14689,23039,15482,7556,0,100,10314.6,39618184,36.1,96
n100k_d128_l2,100000,128,l2,correlated,0.0200,0.0200,2000,C_acorn_g4,acorn,ACORN,16,4,16,250,100,0.8496,4636.9,207.58,248.42,360.92,376.79,215.66,1684,1635,5458,4186,9645,8957,688,0,100,12923.4,18532104,24.5,40
n100k_d128_l2,100000,128,l2,correlated,0.0200,0.0200,2000,C_acorn_g8,acorn,ACORN,16,8,16,250,100,0.8465,4643.8,209.83,246.46,351.46,361.42,215.34,1691,1641,5595,4204,9800,8880,919,0,100,20867.5,20264200,24.6,40
n100k_d128_l2,100000,128,l2,correlated,0.0200,0.0200,2000,C_acorn_g16,acorn,ACORN,16,16,16,250,100,0.8576,4607.5,211.00,259.21,295.92,330.17,217.04,1692,1642,5849,4719,10570,9035,1534,0,100,39343.5,23728392,24.6,40
n100k_d128_l2,100000,128,l2,correlated,0.0200,0.0200,2000,C_acorn_g32,acorn,ACORN,16,32,16,250,100,0.8565,4686.0,209.33,237.29,265.62,358.96,213.40,1695,1645,6009,4650,10661,9127,1534,0,100,101521.7,30656776,24.6,40
n100k_d128_l2,100000,128,l2,correlated,0.0200,0.0200,2000,A_std_standard,std,STANDARD,16,1,32,500,100,0.0348,2050.3,488.08,540.04,616.88,657.33,487.75,2042,2042,2042,0,2042,0,0,508,3,11604.8,14033032,24.6,32
n100k_d128_l2,100000,128,l2,correlated,0.0200,0.0200,2000,B_std_acorn1,std,ACORN,16,1,32,500,100,0.9105,2297.7,420.92,514.38,599.50,640.88,435.22,2026,1947,10350,6676,17028,16208,819,0,100,11604.8,14033032,24.6,32
n100k_d128_l2,100000,128,l2,correlated,0.0200,0.0200,2000,D_large24_standard,large,STANDARD,24,1,48,500,100,0.0355,2050.0,486.92,555.00,623.38,627.08,487.82,2079,2079,2079,0,2079,0,0,507,3,10822.2,20424136,30.6,48
n100k_d128_l2,100000,128,l2,correlated,0.0200,0.0200,2000,E_large24_acorn1,large,ACORN,24,1,48,500,100,0.9107,2219.1,440.08,523.29,626.54,636.71,450.64,2070,1952,13783,8201,21985,20634,1351,0,100,10822.2,20424136,30.6,48
n100k_d128_l2,100000,128,l2,correlated,0.0200,0.0200,2000,D_large48_standard,large,STANDARD,48,1,96,500,100,0.0403,1982.4,499.17,600.33,672.04,675.25,504.45,2168,2168,2168,0,2168,0,0,505,5,10314.6,39618184,36.1,96
n100k_d128_l2,100000,128,l2,correlated,0.0200,0.0200,2000,E_large48_acorn1,large,ACORN,48,1,96,500,100,0.9114,2048.3,478.62,557.33,656.38,694.96,488.22,2166,1955,17754,17268,35023,25374,9649,0,100,10314.6,39618184,36.1,96
n100k_d128_l2,100000,128,l2,correlated,0.0200,0.0200,2000,C_acorn_g4,acorn,ACORN,16,4,16,500,100,0.9066,2287.8,426.92,485.75,610.75,663.71,437.11,1941,1891,11293,7333,18627,17288,1339,0,100,12923.4,18532104,24.5,40
n100k_d128_l2,100000,128,l2,correlated,0.0200,0.0200,2000,C_acorn_g8,acorn,ACORN,16,8,16,500,100,0.9040,2316.5,423.04,483.75,580.46,605.38,431.68,1946,1896,11469,7033,18504,16912,1591,0,100,20867.5,20264200,24.6,40
n100k_d128_l2,100000,128,l2,correlated,0.0200,0.0200,2000,C_acorn_g16,acorn,ACORN,16,16,16,500,100,0.9149,2237.5,435.00,529.04,615.33,620.04,446.92,1949,1899,11743,8367,20112,17465,2647,0,100,39343.5,23728392,24.6,40
n100k_d128_l2,100000,128,l2,correlated,0.0200,0.0200,2000,C_acorn_g32,acorn,ACORN,16,32,16,500,100,0.9078,2239.8,430.96,562.71,616.50,638.25,446.48,1950,1901,11943,8225,20169,17613,2556,0,100,101521.7,30656776,24.6,40
n100k_d128_l2,100000,128,l2,correlated,0.0100,0.0100,1000,F_exact,exact,EXACT,16,0,0,0,10,1.0000,5759.3,167.33,210.38,288.54,291.04,173.63,1000,0,0,0,100000,0,0,0,10,0.0,0,0.0,0
n100k_d128_l2,100000,128,l2,correlated,0.0100,0.0100,1000,A_std_standard,std,STANDARD,16,1,32,50,10,0.0840,13077.7,76.29,88.92,110.04,182.83,76.47,1035,1035,1035,0,1035,0,0,59,0,11604.8,14033032,24.6,32
n100k_d128_l2,100000,128,l2,correlated,0.0100,0.0100,1000,B_std_acorn1,std,ACORN,16,1,32,50,10,0.0000,356507.5,2.54,2.88,10.67,11.92,2.80,1,1,36,581,618,0,618,0,0,11604.8,14033032,24.6,32
n100k_d128_l2,100000,128,l2,correlated,0.0100,0.0100,1000,D_large24_standard,large,STANDARD,24,1,48,50,10,0.0950,12126.6,83.67,98.33,106.04,106.75,82.46,1218,1218,1218,0,1218,0,0,57,1,10822.2,20424136,30.6,48
n100k_d128_l2,100000,128,l2,correlated,0.0100,0.0100,1000,E_large24_acorn1,large,ACORN,24,1,48,50,10,0.6740,5025.6,172.21,328.08,381.42,415.96,198.98,491,415,1464,33849,35315,6632,28683,0,10,10822.2,20424136,30.6,48
n100k_d128_l2,100000,128,l2,correlated,0.0100,0.0100,1000,D_large48_standard,large,STANDARD,48,1,96,50,10,0.0980,10784.3,94.50,110.25,134.08,163.62,92.73,1438,1438,1438,0,1438,0,0,56,1,10314.6,39618184,36.1,96
n100k_d128_l2,100000,128,l2,correlated,0.0100,0.0100,1000,E_large48_acorn1,large,ACORN,48,1,96,50,10,0.7470,3338.2,275.38,409.58,502.62,598.88,299.57,655,487,1853,58278,60133,11349,48784,0,10,10314.6,39618184,36.1,96
n100k_d128_l2,100000,128,l2,correlated,0.0100,0.0100,1000,C_acorn_g4,acorn,ACORN,16,4,16,50,10,0.0000,307456.7,2.21,2.46,43.92,60.25,3.25,1,1,179,447,627,0,627,0,0,12923.4,18532104,24.5,40
n100k_d128_l2,100000,128,l2,correlated,0.0100,0.0100,1000,C_acorn_g8,acorn,ACORN,16,8,16,50,10,0.0000,412791.6,2.42,2.58,2.62,2.71,2.42,1,1,306,458,765,0,765,0,0,20867.5,20264200,24.6,40
n100k_d128_l2,100000,128,l2,correlated,0.0100,0.0100,1000,C_acorn_g16,acorn,ACORN,16,16,16,50,10,0.6910,16086.5,59.75,77.12,125.46,127.67,62.16,365,327,1949,5151,7102,1420,5682,0,10,39343.5,23728392,24.6,40
n100k_d128_l2,100000,128,l2,correlated,0.0100,0.0100,1000,C_acorn_g32,acorn,ACORN,16,32,16,50,10,0.6920,14557.8,64.04,93.75,134.71,267.62,68.69,378,340,2100,5242,7344,1464,5880,0,10,101521.7,30656776,24.6,40
n100k_d128_l2,100000,128,l2,correlated,0.0100,0.0100,1000,A_std_standard,std,STANDARD,16,1,32,100,10,0.1030,7930.3,126.67,151.54,179.58,214.62,126.10,1455,1455,1455,0,1455,0,0,108,1,11604.8,14033032,24.6,32
n100k_d128_l2,100000,128,l2,correlated,0.0100,0.0100,1000,B_std_acorn1,std,ACORN,16,1,32,100,10,0.0000,372271.7,2.67,2.92,2.96,3.17,2.69,1,1,36,581,618,0,618,0,0,11604.8,14033032,24.6,32
n100k_d128_l2,100000,128,l2,correlated,0.0100,0.0100,1000,D_large24_standard,large,STANDARD,24,1,48,100,10,0.1120,7413.8,137.58,155.71,170.67,212.67,134.88,1638,1638,1638,0,1638,0,0,107,1,10822.2,20424136,30.6,48
n100k_d128_l2,100000,128,l2,correlated,0.0100,0.0100,1000,E_large24_acorn1,large,ACORN,24,1,48,100,10,0.6740,2604.5,350.62,565.08,678.25,820.92,383.95,499,422,3020,72627,75648,14424,61224,0,10,10822.2,20424136,30.6,48
n100k_d128_l2,100000,128,l2,correlated,0.0100,0.0100,1000,D_large48_standard,large,STANDARD,48,1,96,100,10,0.1170,6889.4,144.79,174.25,235.29,253.04,145.15,1819,1819,1819,0,1819,0,0,106,1,10314.6,39618184,36.1,96
n100k_d128_l2,100000,128,l2,correlated,0.0100,0.0100,1000,E_large48_acorn1,large,ACORN,48,1,96,100,10,0.7890,1707.9,543.54,823.75,1036.92,1392.67,585.51,705,537,3786,119186,122974,24524,98449,0,10,10314.6,39618184,36.1,96
n100k_d128_l2,100000,128,l2,correlated,0.0100,0.0100,1000,C_acorn_g4,acorn,ACORN,16,4,16,100,10,0.0000,358320.2,2.88,3.21,3.29,3.46,2.79,1,1,179,447,627,0,627,0,0,12923.4,18532104,24.5,40
n100k_d128_l2,100000,128,l2,correlated,0.0100,0.0100,1000,C_acorn_g8,acorn,ACORN,16,8,16,100,10,0.0000,384306.5,2.58,2.67,2.75,2.83,2.60,1,1,306,458,765,0,765,0,0,20867.5,20264200,24.6,40
n100k_d128_l2,100000,128,l2,correlated,0.0100,0.0100,1000,C_acorn_g16,acorn,ACORN,16,16,16,100,10,0.7280,8233.9,112.17,158.71,212.00,380.92,121.45,414,376,3133,10984,14119,2918,11200,0,10,39343.5,23728392,24.6,40
n100k_d128_l2,100000,128,l2,correlated,0.0100,0.0100,1000,C_acorn_g32,acorn,ACORN,16,32,16,100,10,0.7330,8322.2,114.46,168.67,227.58,243.83,120.16,428,390,3305,11240,14546,3042,11504,0,10,101521.7,30656776,24.6,40
n100k_d128_l2,100000,128,l2,correlated,0.0100,0.0100,1000,A_std_standard,std,STANDARD,16,1,32,250,10,0.1180,4008.5,252.88,277.17,313.96,346.75,249.47,1904,1904,1904,0,1904,0,0,258,1,11604.8,14033032,24.6,32
n100k_d128_l2,100000,128,l2,correlated,0.0100,0.0100,1000,B_std_acorn1,std,ACORN,16,1,32,250,10,0.0000,387341.7,2.46,2.83,3.21,8.83,2.58,1,1,36,581,618,0,618,0,0,11604.8,14033032,24.6,32
n100k_d128_l2,100000,128,l2,correlated,0.0100,0.0100,1000,D_large24_standard,large,STANDARD,24,1,48,250,10,0.1240,3862.2,262.46,290.58,380.00,456.92,258.92,2001,2001,2001,0,2001,0,0,257,1,10822.2,20424136,30.6,48
n100k_d128_l2,100000,128,l2,correlated,0.0100,0.0100,1000,E_large24_acorn1,large,ACORN,24,1,48,250,10,0.7120,1155.1,879.12,1186.00,1521.38,1784.12,865.71,531,455,6820,164430,171251,34994,136257,0,10,10822.2,20424136,30.6,48
n100k_d128_l2,100000,128,l2,correlated,0.0100,0.0100,1000,D_large48_standard,large,STANDARD,48,1,96,250,10,0.1270,3766.0,265.67,311.88,372.04,391.79,265.54,2105,2105,2105,0,2105,0,0,255,1,10314.6,39618184,36.1,96
n100k_d128_l2,100000,128,l2,correlated,0.0100,0.0100,1000,E_large48_acorn1,large,ACORN,48,1,96,250,10,0.8100,694.9,1397.12,1726.25,2019.00,2414.42,1439.01,791,623,9252,289675,298928,63336,235591,0,10,10314.6,39618184,36.1,96
n100k_d128_l2,100000,128,l2,correlated,0.0100,0.0100,1000,C_acorn_g4,acorn,ACORN,16,4,16,250,10,0.0000,321032.4,3.00,3.38,3.62,8.21,3.11,1,1,179,447,627,0,627,0,0,12923.4,18532104,24.5,40
n100k_d128_l2,100000,128,l2,correlated,0.0100,0.0100,1000,C_acorn_g8,acorn,ACORN,16,8,16,250,10,0.0000,352946.6,2.71,3.12,3.21,3.21,2.83,1,1,306,458,765,0,765,0,0,20867.5,20264200,24.6,40
n100k_d128_l2,100000,128,l2,correlated,0.0100,0.0100,1000,C_acorn_g16,acorn,ACORN,16,16,16,250,10,0.7360,3711.4,268.67,377.17,470.38,498.67,269.44,451,413,6262,27233,33497,7507,25989,0,10,39343.5,23728392,24.6,40
n100k_d128_l2,100000,128,l2,correlated,0.0100,0.0100,1000,C_acorn_g32,acorn,ACORN,16,32,16,250,10,0.7400,3542.3,274.75,415.33,443.46,508.58,282.30,466,428,6595,28882,35479,8041,27438,0,10,101521.7,30656776,24.6,40
n100k_d128_l2,100000,128,l2,correlated,0.0100,0.0100,1000,A_std_standard,std,STANDARD,16,1,32,500,10,0.1220,2050.1,488.96,571.00,653.21,657.50,487.78,2042,2042,2042,0,2042,0,0,508,1,11604.8,14033032,24.6,32
n100k_d128_l2,100000,128,l2,correlated,0.0100,0.0100,1000,B_std_acorn1,std,ACORN,16,1,32,500,10,0.0000,259628.3,3.83,4.00,4.08,4.46,3.85,1,1,36,581,618,0,618,0,0,11604.8,14033032,24.6,32
n100k_d128_l2,100000,128,l2,correlated,0.0100,0.0100,1000,D_large24_standard,large,STANDARD,24,1,48,500,10,0.1260,2056.5,485.08,525.38,623.83,658.33,486.27,2079,2079,2079,0,2079,0,0,507,1,10822.2,20424136,30.6,48
n100k_d128_l2,100000,128,l2,correlated,0.0100,0.0100,1000,E_large24_acorn1,large,ACORN,24,1,48,500,10,0.7120,637.3,1831.04,2156.00,2220.00,2330.25,1569.00,574,498,12087,285729,297817,65608,232209,0,10,10822.2,20424136,30.6,48
n100k_d128_l2,100000,128,l2,correlated,0.0100,0.0100,1000,D_large48_standard,large,STANDARD,48,1,96,500,10,0.1290,2001.8,495.83,549.92,682.83,710.88,499.56,2168,2168,2168,0,2168,0,0,505,1,10314.6,39618184,36.1,96
n100k_d128_l2,100000,128,l2,correlated,0.0100,0.0100,1000,E_large48_acorn1,large,ACORN,48,1,96,500,10,0.8180,352.3,2824.42,3116.83,3200.67,3455.12,2838.76,892,724,18022,560308,578332,127116,451215,0,10,10314.6,39618184,36.1,96
n100k_d128_l2,100000,128,l2,correlated,0.0100,0.0100,1000,C_acorn_g4,acorn,ACORN,16,4,16,500,10,0.0000,248136.5,3.00,6.62,24.29,46.21,4.03,1,1,179,447,627,0,627,0,0,12923.4,18532104,24.5,40
n100k_d128_l2,100000,128,l2,correlated,0.0100,0.0100,1000,C_acorn_g8,acorn,ACORN,16,8,16,500,10,0.0000,405469.0,2.46,2.62,2.75,2.79,2.47,1,1,306,458,765,0,765,0,0,20867.5,20264200,24.6,40
n100k_d128_l2,100000,128,l2,correlated,0.0100,0.0100,1000,C_acorn_g16,acorn,ACORN,16,16,16,500,10,0.7390,1880.7,567.67,734.58,838.75,864.54,531.70,540,503,11035,50870,61907,14908,46998,0,10,39343.5,23728392,24.6,40
n100k_d128_l2,100000,128,l2,correlated,0.0100,0.0100,1000,C_acorn_g32,acorn,ACORN,16,32,16,500,10,0.7410,1756.7,595.46,747.75,881.29,920.29,569.26,556,517,11714,55259,66974,16253,50721,0,10,101521.7,30656776,24.6,40
n100k_d128_l2,100000,128,l2,correlated,0.0050,0.0050,500,F_exact,exact,EXACT,16,0,0,0,10,1.0000,7197.9,135.33,155.29,218.21,257.67,138.93,500,0,0,0,100000,0,0,0,10,0.0,0,0.0,0
n100k_d128_l2,100000,128,l2,correlated,0.0050,0.0050,500,A_std_standard,std,STANDARD,16,1,32,50,10,0.0140,13227.9,76.50,87.67,125.25,171.79,75.60,1035,1035,1035,0,1035,0,0,59,0,11604.8,14033032,24.6,32
n100k_d128_l2,100000,128,l2,correlated,0.0050,0.0050,500,B_std_acorn1,std,ACORN,16,1,32,50,10,0.0000,286666.0,3.38,3.54,4.00,16.42,3.49,1,1,36,581,618,0,618,0,0,11604.8,14033032,24.6,32
n100k_d128_l2,100000,128,l2,correlated,0.0050,0.0050,500,D_large24_standard,large,STANDARD,24,1,48,50,10,0.0180,11922.4,84.75,109.62,113.79,139.88,83.88,1218,1218,1218,0,1218,0,0,57,0,10822.2,20424136,30.6,48
n100k_d128_l2,100000,128,l2,correlated,0.0050,0.0050,500,E_large24_acorn1,large,ACORN,24,1,48,50,10,0.5080,6437.1,148.33,208.17,246.67,379.92,155.35,122,95,1544,45888,47433,3390,44043,0,10,10822.2,20424136,30.6,48
n100k_d128_l2,100000,128,l2,correlated,0.0050,0.0050,500,D_large48_standard,large,STANDARD,48,1,96,50,10,0.0170,10567.8,94.46,113.00,131.62,188.25,94.63,1438,1438,1438,0,1438,0,0,56,0,10314.6,39618184,36.1,96
n100k_d128_l2,100000,128,l2,correlated,0.0050,0.0050,500,E_large48_acorn1,large,ACORN,48,1,96,50,10,0.0000,85867.6,11.62,11.79,11.88,12.12,11.65,1,1,112,5023,5136,0,5136,0,0,10314.6,39618184,36.1,96
n100k_d128_l2,100000,128,l2,correlated,0.0050,0.0050,500,C_acorn_g4,acorn,ACORN,16,4,16,50,10,0.0000,455487.5,2.21,2.25,2.33,2.54,2.20,1,1,179,447,627,0,627,0,0,12923.4,18532104,24.5,40
n100k_d128_l2,100000,128,l2,correlated,0.0050,0.0050,500,C_acorn_g8,acorn,ACORN,16,8,16,50,10,0.0000,424410.4,2.33,2.46,2.46,2.46,2.36,1,1,306,458,765,0,765,0,0,20867.5,20264200,24.6,40
n100k_d128_l2,100000,128,l2,correlated,0.0050,0.0050,500,C_acorn_g16,acorn,ACORN,16,16,16,50,10,0.0000,336326.6,2.71,3.33,8.17,17.04,2.97,1,1,562,424,987,0,987,0,0,39343.5,23728392,24.6,40
n100k_d128_l2,100000,128,l2,correlated,0.0050,0.0050,500,C_acorn_g32,acorn,ACORN,16,32,16,50,10,0.4630,17072.9,55.54,71.46,119.62,156.25,58.57,352,344,2827,4774,7602,1453,6149,0,10,101521.7,30656776,24.6,40
n100k_d128_l2,100000,128,l2,correlated,0.0050,0.0050,500,A_std_standard,std,STANDARD,16,1,32,100,10,0.0180,7964.1,126.79,152.33,185.88,188.25,125.56,1455,1455,1455,0,1455,0,0,108,0,11604.8,14033032,24.6,32
n100k_d128_l2,100000,128,l2,correlated,0.0050,0.0050,500,B_std_acorn1,std,ACORN,16,1,32,100,10,0.0000,412371.1,2.42,2.54,2.58,2.92,2.42,1,1,36,581,618,0,618,0,0,11604.8,14033032,24.6,32
n100k_d128_l2,100000,128,l2,correlated,0.0050,0.0050,500,D_large24_standard,large,STANDARD,24,1,48,100,10,0.0200,7545.3,136.08,150.88,156.00,238.75,132.53,1638,1638,1638,0,1638,0,0,107,0,10822.2,20424136,30.6,48
n100k_d128_l2,100000,128,l2,correlated,0.0050,0.0050,500,E_large24_acorn1,large,ACORN,24,1,48,100,10,0.5080,3498.5,275.04,356.79,484.50,502.04,285.84,122,95,2946,88123,91071,6573,84497,0,10,10822.2,20424136,30.6,48
n100k_d128_l2,100000,128,l2,correlated,0.0050,0.0050,500,D_large48_standard,large,STANDARD,48,1,96,100,10,0.0190,6885.3,147.00,168.71,254.50,279.83,145.24,1819,1819,1819,0,1819,0,0,106,0,10314.6,39618184,36.1,96
n100k_d128_l2,100000,128,l2,correlated,0.0050,0.0050,500,E_large48_acorn1,large,ACORN,48,1,96,100,10,0.0000,84902.3,11.67,11.92,14.58,17.17,11.78,1,1,112,5023,5136,0,5136,0,0,10314.6,39618184,36.1,96
n100k_d128_l2,100000,128,l2,correlated,0.0050,0.0050,500,C_acorn_g4,acorn,ACORN,16,4,16,100,10,0.0000,449783.9,2.21,2.33,2.46,2.54,2.22,1,1,179,447,627,0,627,0,0,12923.4,18532104,24.5,40
n100k_d128_l2,100000,128,l2,correlated,0.0050,0.0050,500,C_acorn_g8,acorn,ACORN,16,8,16,100,10,0.0000,428113.3,2.33,2.42,2.50,2.54,2.34,1,1,306,458,765,0,765,0,0,20867.5,20264200,24.6,40
n100k_d128_l2,100000,128,l2,correlated,0.0050,0.0050,500,C_acorn_g16,acorn,ACORN,16,16,16,100,10,0.0000,362324.1,2.62,2.75,2.75,14.79,2.76,1,1,562,424,987,0,987,0,0,39343.5,23728392,24.6,40
n100k_d128_l2,100000,128,l2,correlated,0.0050,0.0050,500,C_acorn_g32,acorn,ACORN,16,32,16,100,10,0.4850,9535.7,101.12,120.83,169.54,324.25,104.87,398,390,4027,10597,14626,3080,11545,0,10,101521.7,30656776,24.6,40
n100k_d128_l2,100000,128,l2,correlated,0.0050,0.0050,500,A_std_standard,std,STANDARD,16,1,32,250,10,0.0200,3948.4,253.79,281.96,314.67,410.58,253.27,1904,1904,1904,0,1904,0,0,258,0,11604.8,14033032,24.6,32
n100k_d128_l2,100000,128,l2,correlated,0.0050,0.0050,500,B_std_acorn1,std,ACORN,16,1,32,250,10,0.0000,279587.3,3.46,3.75,7.38,11.21,3.58,1,1,36,581,618,0,618,0,0,11604.8,14033032,24.6,32
n100k_d128_l2,100000,128,l2,correlated,0.0050,0.0050,500,D_large24_standard,large,STANDARD,24,1,48,250,10,0.0200,3926.8,258.50,285.21,335.25,340.79,254.66,2001,2001,2001,0,2001,0,0,257,0,10822.2,20424136,30.6,48
n100k_d128_l2,100000,128,l2,correlated,0.0050,0.0050,500,E_large24_acorn1,large,ACORN,24,1,48,250,10,0.5080,3460.2,279.29,395.17,428.54,483.12,289.00,122,95,2946,88123,91071,6573,84497,0,10,10822.2,20424136,30.6,48
n100k_d128_l2,100000,128,l2,correlated,0.0050,0.0050,500,D_large48_standard,large,STANDARD,48,1,96,250,10,0.0200,3721.8,267.83,301.04,392.96,407.21,268.69,2105,2105,2105,0,2105,0,0,255,0,10314.6,39618184,36.1,96
n100k_d128_l2,100000,128,l2,correlated,0.0050,0.0050,500,E_large48_acorn1,large,ACORN,48,1,96,250,10,0.0000,82627.8,12.08,12.33,12.50,12.75,12.10,1,1,112,5023,5136,0,5136,0,0,10314.6,39618184,36.1,96
n100k_d128_l2,100000,128,l2,correlated,0.0050,0.0050,500,C_acorn_g4,acorn,ACORN,16,4,16,250,10,0.0000,381976.8,2.58,2.75,3.21,3.21,2.62,1,1,179,447,627,0,627,0,0,12923.4,18532104,24.5,40
n100k_d128_l2,100000,128,l2,correlated,0.0050,0.0050,500,C_acorn_g8,acorn,ACORN,16,8,16,250,10,0.0000,366801.5,2.71,2.79,2.88,2.88,2.73,1,1,306,458,765,0,765,0,0,20867.5,20264200,24.6,40
n100k_d128_l2,100000,128,l2,correlated,0.0050,0.0050,500,C_acorn_g16,acorn,ACORN,16,16,16,250,10,0.0000,324632.1,3.08,3.12,3.17,3.17,3.08,1,1,562,424,987,0,987,0,0,39343.5,23728392,24.6,40
n100k_d128_l2,100000,128,l2,correlated,0.0050,0.0050,500,C_acorn_g32,acorn,ACORN,16,32,16,250,10,0.4920,3735.5,254.00,331.33,448.62,554.38,267.70,413,404,7681,30789,38472,8577,29894,0,10,101521.7,30656776,24.6,40
n100k_d128_l2,100000,128,l2,correlated,0.0050,0.0050,500,A_std_standard,std,STANDARD,16,1,32,500,10,0.0200,2061.0,487.17,529.00,584.17,628.17,485.20,2042,2042,2042,0,2042,0,0,508,0,11604.8,14033032,24.6,32
n100k_d128_l2,100000,128,l2,correlated,0.0050,0.0050,500,B_std_acorn1,std,ACORN,16,1,32,500,10,0.0000,282319.2,3.50,3.88,3.96,4.38,3.54,1,1,36,581,618,0,618,0,0,11604.8,14033032,24.6,32
n100k_d128_l2,100000,128,l2,correlated,0.0050,0.0050,500,D_large24_standard,large,STANDARD,24,1,48,500,10,0.0200,2056.7,483.96,537.12,622.62,640.62,486.21,2079,2079,2079,0,2079,0,0,507,0,10822.2,20424136,30.6,48
n100k_d128_l2,100000,128,l2,correlated,0.0050,0.0050,500,E_large24_acorn1,large,ACORN,24,1,48,500,10,0.5080,3442.3,276.75,356.50,512.75,554.71,290.50,122,95,2946,88123,91071,6573,84497,0,10,10822.2,20424136,30.6,48
n100k_d128_l2,100000,128,l2,correlated,0.0050,0.0050,500,D_large48_standard,large,STANDARD,48,1,96,500,10,0.0210,2000.9,496.25,567.79,646.17,710.33,499.77,2168,2168,2168,0,2168,0,0,505,0,10314.6,39618184,36.1,96
n100k_d128_l2,100000,128,l2,correlated,0.0050,0.0050,500,E_large48_acorn1,large,ACORN,48,1,96,500,10,0.0000,84976.7,11.79,11.92,11.96,12.12,11.77,1,1,112,5023,5136,0,5136,0,0,10314.6,39618184,36.1,96
n100k_d128_l2,100000,128,l2,correlated,0.0050,0.0050,500,C_acorn_g4,acorn,ACORN,16,4,16,500,10,0.0000,424021.7,2.29,2.62,2.92,5.67,2.36,1,1,179,447,627,0,627,0,0,12923.4,18532104,24.5,40
n100k_d128_l2,100000,128,l2,correlated,0.0050,0.0050,500,C_acorn_g8,acorn,ACORN,16,8,16,500,10,0.0000,382653.5,2.42,2.58,7.00,16.21,2.61,1,1,306,458,765,0,765,0,0,20867.5,20264200,24.6,40
n100k_d128_l2,100000,128,l2,correlated,0.0050,0.0050,500,C_acorn_g16,acorn,ACORN,16,16,16,500,10,0.0000,288638.6,2.71,2.96,31.58,43.88,3.46,1,1,562,424,987,0,987,0,0,39343.5,23728392,24.6,40
n100k_d128_l2,100000,128,l2,correlated,0.0050,0.0050,500,C_acorn_g32,acorn,ACORN,16,32,16,500,10,0.4920,2226.6,431.29,581.29,671.08,687.58,449.12,413,405,11417,50854,62273,14018,48254,0,10,101521.7,30656776,24.6,40
n100k_d128_l2,100000,128,l2,correlated,0.0010,0.0010,100,F_exact,exact,EXACT,16,0,0,0,10,1.0000,8917.3,110.04,120.75,126.67,204.75,112.14,100,0,0,0,100000,0,0,0,10,0.0,0,0.0,0
n100k_d128_l2,100000,128,l2,correlated,0.0010,0.0010,100,A_std_standard,std,STANDARD,16,1,32,50,10,0.0350,13549.0,73.79,89.33,100.00,105.83,73.81,1035,1035,1035,0,1035,0,0,59,0,11604.8,14033032,24.6,32
n100k_d128_l2,100000,128,l2,correlated,0.0010,0.0010,100,B_std_acorn1,std,ACORN,16,1,32,50,10,0.0000,302647.0,3.33,3.46,3.54,3.92,3.30,1,1,36,581,618,0,618,0,0,11604.8,14033032,24.6,32
n100k_d128_l2,100000,128,l2,correlated,0.0010,0.0010,100,D_large24_standard,large,STANDARD,24,1,48,50,10,0.0460,11903.8,82.88,103.62,150.88,160.38,84.01,1218,1218,1218,0,1218,0,0,57,0,10822.2,20424136,30.6,48
n100k_d128_l2,100000,128,l2,correlated,0.0010,0.0010,100,E_large24_acorn1,large,ACORN,24,1,48,50,10,0.5980,13188.7,71.79,82.04,183.00,240.12,75.82,75,26,792,24844,25637,974,24663,0,10,10822.2,20424136,30.6,48
n100k_d128_l2,100000,128,l2,correlated,0.0010,0.0010,100,D_large48_standard,large,STANDARD,48,1,96,50,10,0.0530,10755.2,91.17,109.62,126.12,236.54,92.98,1438,1438,1438,0,1438,0,0,56,0,10314.6,39618184,36.1,96
n100k_d128_l2,100000,128,l2,correlated,0.0010,0.0010,100,E_large48_acorn1,large,ACORN,48,1,96,50,10,0.0000,67400.5,11.75,16.62,59.67,100.33,14.84,1,1,112,5023,5136,0,5136,0,0,10314.6,39618184,36.1,96
n100k_d128_l2,100000,128,l2,correlated,0.0010,0.0010,100,C_acorn_g4,acorn,ACORN,16,4,16,50,10,0.0000,456006.7,2.17,2.29,2.46,2.58,2.19,1,1,179,447,627,0,627,0,0,12923.4,18532104,24.5,40
n100k_d128_l2,100000,128,l2,correlated,0.0010,0.0010,100,C_acorn_g8,acorn,ACORN,16,8,16,50,10,0.5160,52006.6,19.12,20.21,21.46,26.67,19.23,28,22,1063,4674,5738,252,5486,0,10,20867.5,20264200,24.6,40
n100k_d128_l2,100000,128,l2,correlated,0.0010,0.0010,100,C_acorn_g16,acorn,ACORN,16,16,16,50,10,0.0000,329401.4,2.88,3.92,3.96,4.00,3.04,1,1,562,424,987,0,987,0,0,39343.5,23728392,24.6,40
n100k_d128_l2,100000,128,l2,correlated,0.0010,0.0010,100,C_acorn_g32,acorn,ACORN,16,32,16,50,10,0.3760,60392.4,16.25,20.92,21.75,22.29,16.56,24,16,1989,3067,5057,172,4885,0,9,101521.7,30656776,24.6,40
n100k_d128_l2,100000,128,l2,correlated,0.0010,0.0010,100,A_std_standard,std,STANDARD,16,1,32,100,10,0.0490,7941.6,125.46,150.08,185.42,272.96,125.92,1455,1455,1455,0,1455,0,0,108,0,11604.8,14033032,24.6,32
n100k_d128_l2,100000,128,l2,correlated,0.0010,0.0010,100,B_std_acorn1,std,ACORN,16,1,32,100,10,0.0000,406365.3,2.46,2.54,2.62,2.83,2.46,1,1,36,581,618,0,618,0,0,11604.8,14033032,24.6,32
n100k_d128_l2,100000,128,l2,correlated,0.0010,0.0010,100,D_large24_standard,large,STANDARD,24,1,48,100,10,0.0550,7625.3,135.21,151.38,174.08,183.96,131.14,1638,1638,1638,0,1638,0,0,107,0,10822.2,20424136,30.6,48
n100k_d128_l2,100000,128,l2,correlated,0.0010,0.0010,100,E_large24_acorn1,large,ACORN,24,1,48,100,10,0.5980,13449.4,72.25,77.54,118.71,146.79,74.35,75,26,792,24844,25637,974,24663,0,10,10822.2,20424136,30.6,48
n100k_d128_l2,100000,128,l2,correlated,0.0010,0.0010,100,D_large48_standard,large,STANDARD,48,1,96,100,10,0.0600,7025.4,144.54,172.00,213.46,220.96,142.34,1819,1819,1819,0,1819,0,0,106,0,10314.6,39618184,36.1,96
n100k_d128_l2,100000,128,l2,correlated,0.0010,0.0010,100,E_large48_acorn1,large,ACORN,48,1,96,100,10,0.0000,86408.6,11.54,11.67,11.79,12.08,11.57,1,1,112,5023,5136,0,5136,0,0,10314.6,39618184,36.1,96
n100k_d128_l2,100000,128,l2,correlated,0.0010,0.0010,100,C_acorn_g4,acorn,ACORN,16,4,16,100,10,0.0000,454812.1,2.17,2.29,2.33,2.50,2.20,1,1,179,447,627,0,627,0,0,12923.4,18532104,24.5,40
n100k_d128_l2,100000,128,l2,correlated,0.0010,0.0010,100,C_acorn_g8,acorn,ACORN,16,8,16,100,10,0.5160,51588.6,19.17,20.54,24.04,24.58,19.38,28,22,1063,4674,5738,252,5486,0,10,20867.5,20264200,24.6,40
n100k_d128_l2,100000,128,l2,correlated,0.0010,0.0010,100,C_acorn_g16,acorn,ACORN,16,16,16,100,10,0.0000,212861.1,3.50,8.54,24.08,29.42,4.70,1,1,562,424,987,0,987,0,0,39343.5,23728392,24.6,40
n100k_d128_l2,100000,128,l2,correlated,0.0010,0.0010,100,C_acorn_g32,acorn,ACORN,16,32,16,100,10,0.3760,59588.9,16.25,21.08,23.17,24.88,16.78,24,16,1989,3067,5057,172,4885,0,9,101521.7,30656776,24.6,40
n100k_d128_l2,100000,128,l2,correlated,0.0010,0.0010,100,A_std_standard,std,STANDARD,16,1,32,250,10,0.0620,4043.9,251.38,282.21,303.42,355.92,247.28,1904,1904,1904,0,1904,0,0,258,0,11604.8,14033032,24.6,32
n100k_d128_l2,100000,128,l2,correlated,0.0010,0.0010,100,B_std_acorn1,std,ACORN,16,1,32,250,10,0.0000,278550.8,3.58,3.79,3.92,4.25,3.59,1,1,36,581,618,0,618,0,0,11604.8,14033032,24.6,32
n100k_d128_l2,100000,128,l2,correlated,0.0010,0.0010,100,D_large24_standard,large,STANDARD,24,1,48,250,10,0.0640,3869.2,260.83,285.67,391.08,440.17,258.45,2001,2001,2001,0,2001,0,0,257,0,10822.2,20424136,30.6,48
n100k_d128_l2,100000,128,l2,correlated,0.0010,0.0010,100,E_large24_acorn1,large,ACORN,24,1,48,250,10,0.5980,13446.5,72.58,80.42,102.88,123.33,74.37,75,26,792,24844,25637,974,24663,0,10,10822.2,20424136,30.6,48
n100k_d128_l2,100000,128,l2,correlated,0.0010,0.0010,100,D_large48_standard,large,STANDARD,48,1,96,250,10,0.0630,3775.8,266.92,293.83,352.58,414.88,264.84,2105,2105,2105,0,2105,0,0,255,0,10314.6,39618184,36.1,96
n100k_d128_l2,100000,128,l2,correlated,0.0010,0.0010,100,E_large48_acorn1,large,ACORN,48,1,96,250,10,0.0000,84886.8,11.75,11.96,12.08,12.12,11.78,1,1,112,5023,5136,0,5136,0,0,10314.6,39618184,36.1,96
n100k_d128_l2,100000,128,l2,correlated,0.0010,0.0010,100,C_acorn_g4,acorn,ACORN,16,4,16,250,10,0.0000,432352.0,2.21,2.58,2.79,8.25,2.31,1,1,179,447,627,0,627,0,0,12923.4,18532104,24.5,40
n100k_d128_l2,100000,128,l2,correlated,0.0010,0.0010,100,C_acorn_g8,acorn,ACORN,16,8,16,250,10,0.5160,48142.5,19.00,21.25,68.67,96.12,20.77,28,22,1063,4674,5738,252,5486,0,10,20867.5,20264200,24.6,40
n100k_d128_l2,100000,128,l2,correlated,0.0010,0.0010,100,C_acorn_g16,acorn,ACORN,16,16,16,250,10,0.0000,264574.8,3.75,3.92,4.04,4.04,3.78,1,1,562,424,987,0,987,0,0,39343.5,23728392,24.6,40
n100k_d128_l2,100000,128,l2,correlated,0.0010,0.0010,100,C_acorn_g32,acorn,ACORN,16,32,16,250,10,0.3760,60219.6,16.42,20.88,21.29,21.33,16.61,24,16,1989,3067,5057,172,4885,0,9,101521.7,30656776,24.6,40
n100k_d128_l2,100000,128,l2,correlated,0.0010,0.0010,100,A_std_standard,std,STANDARD,16,1,32,500,10,0.0630,2065.2,484.83,543.62,623.08,694.38,484.22,2042,2042,2042,0,2042,0,0,508,0,11604.8,14033032,24.6,32
n100k_d128_l2,100000,128,l2,correlated,0.0010,0.0010,100,B_std_acorn1,std,ACORN,16,1,32,500,10,0.0000,278002.5,3.58,3.96,4.54,4.62,3.60,1,1,36,581,618,0,618,0,0,11604.8,14033032,24.6,32
n100k_d128_l2,100000,128,l2,correlated,0.0010,0.0010,100,D_large24_standard,large,STANDARD,24,1,48,500,10,0.0650,2037.0,487.62,551.17,635.58,721.08,490.93,2079,2079,2079,0,2079,0,0,507,0,10822.2,20424136,30.6,48
n100k_d128_l2,100000,128,l2,correlated,0.0010,0.0010,100,E_large24_acorn1,large,ACORN,24,1,48,500,10,0.5980,13560.2,72.58,80.17,111.96,113.75,73.75,75,26,792,24844,25637,974,24663,0,10,10822.2,20424136,30.6,48
n100k_d128_l2,100000,128,l2,correlated,0.0010,0.0010,100,D_large48_standard,large,STANDARD,48,1,96,500,10,0.0640,1992.0,499.75,623.12,664.92,677.96,502.00,2168,2168,2168,0,2168,0,0,505,0,10314.6,39618184,36.1,96
n100k_d128_l2,100000,128,l2,correlated,0.0010,0.0010,100,E_large48_acorn1,large,ACORN,48,1,96,500,10,0.0000,99025.8,9.62,10.00,16.62,39.88,10.10,1,1,112,5023,5136,0,5136,0,0,10314.6,39618184,36.1,96
n100k_d128_l2,100000,128,l2,correlated,0.0010,0.0010,100,C_acorn_g4,acorn,ACORN,16,4,16,500,10,0.0000,449771.7,2.21,2.29,2.38,2.62,2.22,1,1,179,447,627,0,627,0,0,12923.4,18532104,24.5,40
n100k_d128_l2,100000,128,l2,correlated,0.0010,0.0010,100,C_acorn_g8,acorn,ACORN,16,8,16,500,10,0.5160,48550.7,19.46,24.42,43.21,65.83,20.60,28,22,1063,4674,5738,252,5486,0,10,20867.5,20264200,24.6,40
n100k_d128_l2,100000,128,l2,correlated,0.0010,0.0010,100,C_acorn_g16,acorn,ACORN,16,16,16,500,10,0.0000,305654.3,3.62,3.88,4.00,4.00,3.27,1,1,562,424,987,0,987,0,0,39343.5,23728392,24.6,40
n100k_d128_l2,100000,128,l2,correlated,0.0010,0.0010,100,C_acorn_g32,acorn,ACORN,16,32,16,500,10,0.3760,59950.8,16.38,21.04,21.29,21.92,16.68,24,16,1989,3067,5057,172,4885,0,9,101521.7,30656776,24.6,40
n100k_d128_l2,100000,128,l2,cluster,0.5000,0.5000,50000,F_exact,exact,EXACT,16,0,0,0,10,1.0000,230.0,4340.21,4473.25,4509.71,4525.54,4346.88,50000,0,0,0,100000,0,0,0,10,0.0,0,0.0,0
n100k_d128_l2,100000,128,l2,cluster,0.5000,0.5000,50000,A_std_standard,std,STANDARD,16,1,32,50,10,0.6900,13231.7,75.92,82.83,121.04,189.33,75.58,1035,1035,1035,0,1035,0,0,59,7,11604.8,14033032,24.6,32
n100k_d128_l2,100000,128,l2,cluster,0.5000,0.5000,50000,B_std_acorn1,std,ACORN,16,1,32,50,10,0.7180,6633.9,123.67,285.62,332.92,483.25,150.74,1095,984,605,7817,8423,2623,5799,0,10,11604.8,14033032,24.6,32
n100k_d128_l2,100000,128,l2,cluster,0.5000,0.5000,50000,D_large24_standard,large,STANDARD,24,1,48,50,10,0.7330,11926.2,85.54,95.71,111.04,136.29,83.85,1218,1218,1218,0,1218,0,0,57,7,10822.2,20424136,30.6,48
n100k_d128_l2,100000,128,l2,cluster,0.5000,0.5000,50000,E_large24_acorn1,large,ACORN,24,1,48,50,10,0.7880,5257.0,145.08,385.42,443.67,689.58,190.22,1306,1177,805,13021,13828,4061,9767,0,10,10822.2,20424136,30.6,48
n100k_d128_l2,100000,128,l2,cluster,0.5000,0.5000,50000,D_large48_standard,large,STANDARD,48,1,96,50,10,0.7530,10337.3,96.29,118.67,133.67,203.08,96.74,1438,1438,1438,0,1438,0,0,56,8,10314.6,39618184,36.1,96
n100k_d128_l2,100000,128,l2,cluster,0.5000,0.5000,50000,E_large48_acorn1,large,ACORN,48,1,96,50,10,0.9130,3499.1,231.50,501.62,587.62,624.29,285.79,1641,1430,1380,26800,28182,7935,20247,0,10,10314.6,39618184,36.1,96
n100k_d128_l2,100000,128,l2,cluster,0.5000,0.5000,50000,C_acorn_g4,acorn,ACORN,16,4,16,50,10,0.5370,10725.0,93.17,126.50,148.04,180.21,93.24,857,772,1197,1631,2829,1880,949,0,10,12923.4,18532104,24.5,40
n100k_d128_l2,100000,128,l2,cluster,0.5000,0.5000,50000,C_acorn_g8,acorn,ACORN,16,8,16,50,10,0.5380,10644.4,92.71,133.25,201.83,211.96,93.95,903,815,1206,1555,2763,1896,867,0,10,20867.5,20264200,24.6,40
n100k_d128_l2,100000,128,l2,cluster,0.5000,0.5000,50000,C_acorn_g16,acorn,ACORN,16,16,16,50,10,0.5470,10879.9,88.25,148.46,180.33,215.62,91.91,891,804,1200,1491,2693,1879,813,0,10,39343.5,23728392,24.6,40
n100k_d128_l2,100000,128,l2,cluster,0.5000,0.5000,50000,C_acorn_g32,acorn,ACORN,16,32,16,50,10,0.4470,10339.5,90.08,143.38,188.54,264.50,96.72,895,818,1233,1645,2880,1896,984,0,10,101521.7,30656776,24.6,40
n100k_d128_l2,100000,128,l2,cluster,0.5000,0.5000,50000,A_std_standard,std,STANDARD,16,1,32,100,10,0.7560,7976.7,128.21,142.54,154.04,161.21,125.37,1455,1455,1455,0,1455,0,0,108,7,11604.8,14033032,24.6,32
n100k_d128_l2,100000,128,l2,cluster,0.5000,0.5000,50000,B_std_acorn1,std,ACORN,16,1,32,100,10,0.8280,3975.9,199.75,458.67,537.71,567.00,251.51,1457,1345,1357,15150,16509,5533,10975,0,10,11604.8,14033032,24.6,32
n100k_d128_l2,100000,128,l2,cluster,0.5000,0.5000,50000,D_large24_standard,large,STANDARD,24,1,48,100,10,0.7850,7288.6,137.08,159.04,265.75,276.50,137.20,1638,1638,1638,0,1638,0,0,107,8,10822.2,20424136,30.6,48
n100k_d128_l2,100000,128,l2,cluster,0.5000,0.5000,50000,E_large24_acorn1,large,ACORN,24,1,48,100,10,0.9000,3129.8,236.25,640.54,687.12,728.83,319.51,1640,1510,2002,25992,27996,9011,18985,0,10,10822.2,20424136,30.6,48
n100k_d128_l2,100000,128,l2,cluster,0.5000,0.5000,50000,D_large48_standard,large,STANDARD,48,1,96,100,10,0.7900,6826.0,148.33,175.83,199.25,280.12,146.50,1819,1819,1819,0,1819,0,0,106,8,10314.6,39618184,36.1,96
n100k_d128_l2,100000,128,l2,cluster,0.5000,0.5000,50000,E_large48_acorn1,large,ACORN,48,1,96,100,10,0.9460,2224.6,350.92,827.17,949.00,971.42,449.51,1865,1653,3203,48977,52182,15953,36228,0,10,10314.6,39618184,36.1,96
n100k_d128_l2,100000,128,l2,cluster,0.5000,0.5000,50000,C_acorn_g4,acorn,ACORN,16,4,16,100,10,0.6050,6297.1,154.46,222.12,280.17,348.38,158.80,1134,1049,2247,3416,5664,3658,2006,0,10,12923.4,18532104,24.5,40
n100k_d128_l2,100000,128,l2,cluster,0.5000,0.5000,50000,C_acorn_g8,acorn,ACORN,16,8,16,100,10,0.6280,6144.2,155.29,251.42,322.75,370.96,162.75,1231,1144,2288,3182,5472,3713,1758,0,10,20867.5,20264200,24.6,40
n100k_d128_l2,100000,128,l2,cluster,0.5000,0.5000,50000,C_acorn_g16,acorn,ACORN,16,16,16,100,10,0.6230,6238.9,153.38,253.08,291.29,303.67,160.28,1210,1123,2290,3159,5450,3704,1746,0,10,39343.5,23728392,24.6,40
n100k_d128_l2,100000,128,l2,cluster,0.5000,0.5000,50000,C_acorn_g32,acorn,ACORN,16,32,16,100,10,0.5450,5865.7,153.92,286.50,359.38,455.83,170.48,1252,1175,2398,3614,6013,3814,2198,0,10,101521.7,30656776,24.6,40
n100k_d128_l2,100000,128,l2,cluster,0.5000,0.5000,50000,A_std_standard,std,STANDARD,16,1,32,250,10,0.7960,3880.6,258.96,295.50,329.04,429.17,257.69,1904,1904,1904,0,1904,0,0,258,8,11604.8,14033032,24.6,32
n100k_d128_l2,100000,128,l2,cluster,0.5000,0.5000,50000,B_std_acorn1,std,ACORN,16,1,32,250,10,0.8930,1995.3,384.71,900.25,958.58,1069.29,501.17,1850,1738,4691,34691,39383,15352,24031,0,10,11604.8,14033032,24.6,32
n100k_d128_l2,100000,128,l2,cluster,0.5000,0.5000,50000,D_large24_standard,large,STANDARD,24,1,48,250,10,0.8060,3876.3,261.50,283.17,324.00,359.46,257.98,2001,2001,2001,0,2001,0,0,257,8,10822.2,20424136,30.6,48
n100k_d128_l2,100000,128,l2,cluster,0.5000,0.5000,50000,E_large24_acorn1,large,ACORN,24,1,48,250,10,0.9350,1574.1,467.21,1256.21,1373.58,1418.62,635.28,1935,1806,6526,58100,64627,23525,41102,0,10,10822.2,20424136,30.6,48
n100k_d128_l2,100000,128,l2,cluster,0.5000,0.5000,50000,D_large48_standard,large,STANDARD,48,1,96,250,10,0.8110,3782.5,270.00,294.58,345.83,359.62,264.38,2105,2105,2105,0,2105,0,0,255,9,10314.6,39618184,36.1,96
n100k_d128_l2,100000,128,l2,cluster,0.5000,0.5000,50000,E_large48_acorn1,large,ACORN,48,1,96,250,10,0.9680,1179.5,617.92,1642.33,1855.92,1953.96,847.82,2283,2071,8938,100508,109448,37598,71849,0,10,10314.6,39618184,36.1,96
n100k_d128_l2,100000,128,l2,cluster,0.5000,0.5000,50000,C_acorn_g4,acorn,ACORN,16,4,16,250,10,0.6670,2929.4,329.46,485.50,594.58,677.71,341.37,1541,1456,5633,8842,14476,9214,5262,0,10,12923.4,18532104,24.5,40
n100k_d128_l2,100000,128,l2,cluster,0.5000,0.5000,50000,C_acorn_g8,acorn,ACORN,16,8,16,250,10,0.6790,2836.9,330.50,551.17,632.38,704.83,352.50,1642,1555,5678,8682,14361,9285,5076,0,10,20867.5,20264200,24.6,40
n100k_d128_l2,100000,128,l2,cluster,0.5000,0.5000,50000,C_acorn_g16,acorn,ACORN,16,16,16,250,10,0.6790,2910.8,326.62,519.12,593.75,601.62,343.54,1641,1554,5684,8319,14005,9276,4728,0,10,39343.5,23728392,24.6,40
n100k_d128_l2,100000,128,l2,cluster,0.5000,0.5000,50000,C_acorn_g32,acorn,ACORN,16,32,16,250,10,0.6590,2616.8,338.83,611.12,739.67,803.38,382.14,1751,1674,6022,10058,16081,9750,6331,0,10,101521.7,30656776,24.6,40
n100k_d128_l2,100000,128,l2,cluster,0.5000,0.5000,50000,A_std_standard,std,STANDARD,16,1,32,500,10,0.8030,1980.7,501.17,571.04,727.50,807.42,504.87,2042,2042,2042,0,2042,0,0,508,8,11604.8,14033032,24.6,32
n100k_d128_l2,100000,128,l2,cluster,0.5000,0.5000,50000,B_std_acorn1,std,ACORN,16,1,32,500,10,0.9030,1103.3,723.50,1657.62,1914.71,1993.58,906.36,2239,2127,10704,57734,68440,29979,38460,0,10,11604.8,14033032,24.6,32
n100k_d128_l2,100000,128,l2,cluster,0.5000,0.5000,50000,D_large24_standard,large,STANDARD,24,1,48,500,10,0.8120,2040.2,488.12,557.38,618.38,635.58,490.15,2079,2079,2079,0,2079,0,0,507,8,10822.2,20424136,30.6,48
n100k_d128_l2,100000,128,l2,cluster,0.5000,0.5000,50000,E_large24_acorn1,large,ACORN,24,1,48,500,10,0.9600,899.6,780.50,2197.58,2320.71,2408.88,1111.66,2345,2216,14155,99243,113399,45103,68296,0,10,10822.2,20424136,30.6,48
n100k_d128_l2,100000,128,l2,cluster,0.5000,0.5000,50000,D_large48_standard,large,STANDARD,48,1,96,500,10,0.8140,1983.7,497.54,577.67,650.54,667.38,504.10,2168,2168,2168,0,2168,0,0,505,9,10314.6,39618184,36.1,96
n100k_d128_l2,100000,128,l2,cluster,0.5000,0.5000,50000,E_large48_acorn1,large,ACORN,48,1,96,500,10,0.9920,687.8,992.54,3071.38,3203.92,3327.75,1453.85,2898,2687,18046,161177,179225,69501,109724,0,10,10314.6,39618184,36.1,96
n100k_d128_l2,100000,128,l2,cluster,0.5000,0.5000,50000,C_acorn_g4,acorn,ACORN,16,4,16,500,10,0.7110,1500.9,620.96,919.25,1335.17,1356.92,666.27,1855,1770,11713,16388,28102,18338,9764,0,10,12923.4,18532104,24.5,40
n100k_d128_l2,100000,128,l2,cluster,0.5000,0.5000,50000,C_acorn_g8,acorn,ACORN,16,8,16,500,10,0.6950,1518.0,617.62,924.25,1020.08,1167.71,658.78,1886,1799,11595,15832,27428,18213,9214,0,10,20867.5,20264200,24.6,40
n100k_d128_l2,100000,128,l2,cluster,0.5000,0.5000,50000,C_acorn_g16,acorn,ACORN,16,16,16,500,10,0.6940,1547.6,595.00,930.79,1032.17,1116.71,646.16,1913,1826,11688,15132,26821,18262,8559,0,10,39343.5,23728392,24.6,40
n100k_d128_l2,100000,128,l2,cluster,0.5000,0.5000,50000,C_acorn_g32,acorn,ACORN,16,32,16,500,10,0.6950,1360.7,643.50,1108.75,1457.12,1858.46,734.92,2171,2094,12283,19326,31611,19019,12592,0,10,101521.7,30656776,24.6,40
n100k_d128_l2,100000,128,l2,cluster,0.5000,0.5000,50000,F_exact,exact,EXACT,16,0,0,0,100,1.0000,230.6,4329.92,4449.88,4503.21,4524.67,4335.84,50000,0,0,0,100000,0,0,0,100,0.0,0,0.0,0
n100k_d128_l2,100000,128,l2,cluster,0.5000,0.5000,50000,A_std_standard,std,STANDARD,16,1,32,50,100,0.5677,10584.6,96.00,107.12,123.96,167.42,94.48,1035,1035,1035,0,1035,0,0,59,70,11604.8,14033032,24.6,32
n100k_d128_l2,100000,128,l2,cluster,0.5000,0.5000,50000,B_std_acorn1,std,ACORN,16,1,32,50,100,0.6635,5603.5,148.17,328.92,387.04,470.04,178.46,1095,984,605,7817,8423,2623,5799,0,100,11604.8,14033032,24.6,32
n100k_d128_l2,100000,128,l2,cluster,0.5000,0.5000,50000,D_large24_standard,large,STANDARD,24,1,48,50,100,0.6233,9583.3,104.79,128.25,152.42,174.29,104.35,1218,1218,1218,0,1218,0,0,57,71,10822.2,20424136,30.6,48
n100k_d128_l2,100000,128,l2,cluster,0.5000,0.5000,50000,E_large24_acorn1,large,ACORN,24,1,48,50,100,0.7494,4700.3,170.21,416.12,488.79,562.58,212.75,1306,1177,805,13021,13828,4061,9767,0,100,10822.2,20424136,30.6,48
n100k_d128_l2,100000,128,l2,cluster,0.5000,0.5000,50000,D_large48_standard,large,STANDARD,48,1,96,50,100,0.6530,8640.3,114.25,131.92,237.38,297.96,115.74,1438,1438,1438,0,1438,0,0,56,72,10314.6,39618184,36.1,96
n100k_d128_l2,100000,128,l2,cluster,0.5000,0.5000,50000,E_large48_acorn1,large,ACORN,48,1,96,50,100,0.8982,3274.4,251.88,511.71,534.33,559.17,305.40,1641,1430,1380,26800,28182,7935,20247,0,100,10314.6,39618184,36.1,96
n100k_d128_l2,100000,128,l2,cluster,0.5000,0.5000,50000,C_acorn_g4,acorn,ACORN,16,4,16,50,100,0.5318,8588.0,113.92,153.79,195.12,256.25,116.44,857,772,1197,1631,2829,1880,949,0,100,12923.4,18532104,24.5,40
n100k_d128_l2,100000,128,l2,cluster,0.5000,0.5000,50000,C_acorn_g8,acorn,ACORN,16,8,16,50,100,0.5395,8579.1,112.29,165.92,246.79,286.17,116.56,903,815,1206,1555,2763,1896,867,0,100,20867.5,20264200,24.6,40
n100k_d128_l2,100000,128,l2,cluster,0.5000,0.5000,50000,C_acorn_g16,acorn,ACORN,16,16,16,50,100,0.5183,8697.7,110.12,183.04,241.12,241.38,114.97,891,804,1200,1491,2693,1879,813,0,100,39343.5,23728392,24.6,40
n100k_d128_l2,100000,128,l2,cluster,0.5000,0.5000,50000,C_acorn_g32,acorn,ACORN,16,32,16,50,100,0.4497,8442.6,109.08,185.08,239.83,241.08,118.45,895,818,1233,1645,2880,1896,984,0,100,101521.7,30656776,24.6,40
n100k_d128_l2,100000,128,l2,cluster,0.5000,0.5000,50000,A_std_standard,std,STANDARD,16,1,32,100,100,0.6682,7227.1,140.42,166.42,219.29,230.79,138.37,1455,1455,1455,0,1455,0,0,108,72,11604.8,14033032,24.6,32
n100k_d128_l2,100000,128,l2,cluster,0.5000,0.5000,50000,B_std_acorn1,std,ACORN,16,1,32,100,100,0.8036,3768.2,218.96,477.12,512.92,555.17,265.38,1457,1345,1357,15150,16509,5533,10975,0,100,11604.8,14033032,24.6,32
n100k_d128_l2,100000,128,l2,cluster,0.5000,0.5000,50000,D_large24_standard,large,STANDARD,24,1,48,100,100,0.7021,6845.2,145.96,173.50,261.92,263.62,146.09,1638,1638,1638,0,1638,0,0,107,72,10822.2,20424136,30.6,48
n100k_d128_l2,100000,128,l2,cluster,0.5000,0.5000,50000,E_large24_acorn1,large,ACORN,24,1,48,100,100,0.8798,2986.7,250.04,663.42,702.96,741.83,334.82,1640,1510,2002,25992,27996,9011,18985,0,100,10822.2,20424136,30.6,48
n100k_d128_l2,100000,128,l2,cluster,0.5000,0.5000,50000,D_large48_standard,large,STANDARD,48,1,96,100,100,0.7123,6426.3,156.46,187.21,231.92,272.71,155.61,1819,1819,1819,0,1819,0,0,106,73,10314.6,39618184,36.1,96
n100k_d128_l2,100000,128,l2,cluster,0.5000,0.5000,50000,E_large48_acorn1,large,ACORN,48,1,96,100,100,0.9479,2142.8,325.29,948.71,999.29,1001.42,466.69,1865,1653,3203,48977,52182,15953,36228,0,100,10314.6,39618184,36.1,96
n100k_d128_l2,100000,128,l2,cluster,0.5000,0.5000,50000,C_acorn_g4,acorn,ACORN,16,4,16,100,100,0.6152,5900.9,168.00,239.50,282.58,388.08,169.46,1134,1049,2247,3416,5664,3658,2006,0,100,12923.4,18532104,24.5,40
n100k_d128_l2,100000,128,l2,cluster,0.5000,0.5000,50000,C_acorn_g8,acorn,ACORN,16,8,16,100,100,0.6427,5763.9,168.71,257.83,312.79,339.29,173.49,1231,1144,2288,3182,5472,3713,1758,0,100,20867.5,20264200,24.6,40
n100k_d128_l2,100000,128,l2,cluster,0.5000,0.5000,50000,C_acorn_g16,acorn,ACORN,16,16,16,100,100,0.6261,5862.2,162.33,268.29,324.42,383.04,170.58,1210,1123,2290,3159,5450,3704,1746,0,100,39343.5,23728392,24.6,40
n100k_d128_l2,100000,128,l2,cluster,0.5000,0.5000,50000,C_acorn_g32,acorn,ACORN,16,32,16,100,100,0.5560,5359.0,167.21,371.83,435.00,510.50,186.60,1252,1175,2398,3614,6013,3814,2198,0,100,101521.7,30656776,24.6,40
n100k_d128_l2,100000,128,l2,cluster,0.5000,0.5000,50000,A_std_standard,std,STANDARD,16,1,32,250,100,0.7208,3778.3,268.21,290.17,431.33,459.12,264.67,1904,1904,1904,0,1904,0,0,258,73,11604.8,14033032,24.6,32
n100k_d128_l2,100000,128,l2,cluster,0.5000,0.5000,50000,B_std_acorn1,std,ACORN,16,1,32,250,100,0.9013,1906.1,429.38,924.46,1050.54,1054.62,524.62,1850,1738,4691,34691,39383,15352,24031,0,100,11604.8,14033032,24.6,32
n100k_d128_l2,100000,128,l2,cluster,0.5000,0.5000,50000,D_large24_standard,large,STANDARD,24,1,48,250,100,0.7313,3694.2,271.58,303.42,345.58,373.04,270.69,2001,2001,2001,0,2001,0,0,257,73,10822.2,20424136,30.6,48
n100k_d128_l2,100000,128,l2,cluster,0.5000,0.5000,50000,E_large24_acorn1,large,ACORN,24,1,48,250,100,0.9302,1564.8,440.58,1243.92,1331.25,1352.75,639.08,1935,1806,6526,58100,64627,23525,41102,0,100,10822.2,20424136,30.6,48
n100k_d128_l2,100000,128,l2,cluster,0.5000,0.5000,50000,D_large48_standard,large,STANDARD,48,1,96,250,100,0.7347,3597.9,280.38,312.75,440.83,441.62,277.94,2105,2105,2105,0,2105,0,0,255,75,10314.6,39618184,36.1,96
n100k_d128_l2,100000,128,l2,cluster,0.5000,0.5000,50000,E_large48_acorn1,large,ACORN,48,1,96,250,100,0.9835,1147.7,657.38,1722.33,1848.17,1945.79,871.33,2283,2071,8938,100508,109448,37598,71849,0,100,10314.6,39618184,36.1,96
n100k_d128_l2,100000,128,l2,cluster,0.5000,0.5000,50000,C_acorn_g4,acorn,ACORN,16,4,16,250,100,0.6950,2857.5,337.04,495.92,513.50,737.96,349.96,1541,1456,5633,8842,14476,9214,5262,0,100,12923.4,18532104,24.5,40
n100k_d128_l2,100000,128,l2,cluster,0.5000,0.5000,50000,C_acorn_g8,acorn,ACORN,16,8,16,250,100,0.7275,2754.4,339.00,543.50,643.25,669.08,363.06,1642,1555,5678,8682,14361,9285,5076,0,100,20867.5,20264200,24.6,40
n100k_d128_l2,100000,128,l2,cluster,0.5000,0.5000,50000,C_acorn_g16,acorn,ACORN,16,16,16,250,100,0.7047,2822.8,335.75,512.96,587.58,624.83,354.25,1641,1554,5684,8319,14005,9276,4728,0,100,39343.5,23728392,24.6,40
n100k_d128_l2,100000,128,l2,cluster,0.5000,0.5000,50000,C_acorn_g32,acorn,ACORN,16,32,16,250,100,0.6869,2511.6,357.00,685.21,833.46,938.33,398.16,1751,1674,6022,10058,16081,9750,6331,0,100,101521.7,30656776,24.6,40
n100k_d128_l2,100000,128,l2,cluster,0.5000,0.5000,50000,A_std_standard,std,STANDARD,16,1,32,500,100,0.7267,2000.9,497.33,570.50,653.12,671.38,499.78,2042,2042,2042,0,2042,0,0,508,73,11604.8,14033032,24.6,32
n100k_d128_l2,100000,128,l2,cluster,0.5000,0.5000,50000,B_std_acorn1,std,ACORN,16,1,32,500,100,0.9193,1079.1,736.25,1679.29,2029.25,2137.04,926.68,2239,2127,10704,57734,68440,29979,38460,0,100,11604.8,14033032,24.6,32
n100k_d128_l2,100000,128,l2,cluster,0.5000,0.5000,50000,D_large24_standard,large,STANDARD,24,1,48,500,100,0.7342,2003.1,499.33,540.29,646.42,668.21,499.24,2079,2079,2079,0,2079,0,0,507,74,10822.2,20424136,30.6,48
n100k_d128_l2,100000,128,l2,cluster,0.5000,0.5000,50000,E_large24_acorn1,large,ACORN,24,1,48,500,100,0.9689,882.7,768.83,2256.83,2404.25,2493.04,1132.92,2345,2216,14155,99243,113399,45103,68296,0,100,10822.2,20424136,30.6,48
n100k_d128_l2,100000,128,l2,cluster,0.5000,0.5000,50000,D_large48_standard,large,STANDARD,48,1,96,500,100,0.7375,1941.5,507.96,626.79,696.79,709.42,515.07,2168,2168,2168,0,2168,0,0,505,77,10314.6,39618184,36.1,96
n100k_d128_l2,100000,128,l2,cluster,0.5000,0.5000,50000,E_large48_acorn1,large,ACORN,48,1,96,500,100,0.9928,674.0,1075.42,3091.58,3266.88,3335.33,1483.64,2898,2687,18046,161177,179225,69501,109724,0,100,10314.6,39618184,36.1,96
n100k_d128_l2,100000,128,l2,cluster,0.5000,0.5000,50000,C_acorn_g4,acorn,ACORN,16,4,16,500,100,0.7442,1477.2,633.25,1083.92,1287.25,1312.38,676.94,1855,1770,11713,16388,28102,18338,9764,0,100,12923.4,18532104,24.5,40
n100k_d128_l2,100000,128,l2,cluster,0.5000,0.5000,50000,C_acorn_g8,acorn,ACORN,16,8,16,500,100,0.7445,1472.4,630.25,939.96,1032.79,1105.50,679.16,1886,1799,11595,15832,27428,18213,9214,0,100,20867.5,20264200,24.6,40
n100k_d128_l2,100000,128,l2,cluster,0.5000,0.5000,50000,C_acorn_g16,acorn,ACORN,16,16,16,500,100,0.7289,1502.2,610.79,963.50,1078.50,1114.00,665.70,1913,1826,11688,15132,26821,18262,8559,0,100,39343.5,23728392,24.6,40
n100k_d128_l2,100000,128,l2,cluster,0.5000,0.5000,50000,C_acorn_g32,acorn,ACORN,16,32,16,500,100,0.7348,1315.4,678.00,1164.79,1529.00,1923.96,760.24,2171,2094,12283,19326,31611,19019,12592,0,100,101521.7,30656776,24.6,40
n100k_d128_l2,100000,128,l2,cluster,0.2500,0.2500,25000,F_exact,exact,EXACT,16,0,0,0,10,1.0000,424.3,2371.88,2483.50,2506.79,2578.96,2356.74,25000,0,0,0,100000,0,0,0,10,0.0,0,0.0,0
n100k_d128_l2,100000,128,l2,cluster,0.2500,0.2500,25000,A_std_standard,std,STANDARD,16,1,32,50,10,0.3370,14354.8,71.25,79.33,82.96,86.33,69.66,1035,1035,1035,0,1035,0,0,59,3,11604.8,14033032,24.6,32
n100k_d128_l2,100000,128,l2,cluster,0.2500,0.2500,25000,B_std_acorn1,std,ACORN,16,1,32,50,10,0.5780,8368.4,105.71,222.67,249.67,290.67,119.50,982,864,579,6465,7045,2549,4495,0,10,11604.8,14033032,24.6,32
n100k_d128_l2,100000,128,l2,cluster,0.2500,0.2500,25000,D_large24_standard,large,STANDARD,24,1,48,50,10,0.3510,11760.7,85.62,97.92,113.29,139.96,85.03,1218,1218,1218,0,1218,0,0,57,3,10822.2,20424136,30.6,48
n100k_d128_l2,100000,128,l2,cluster,0.2500,0.2500,25000,E_large24_acorn1,large,ACORN,24,1,48,50,10,0.7080,5769.3,157.62,295.75,324.75,343.33,173.33,1201,1061,839,12573,13414,4454,8959,0,10,10822.2,20424136,30.6,48
n100k_d128_l2,100000,128,l2,cluster,0.2500,0.2500,25000,D_large48_standard,large,STANDARD,48,1,96,50,10,0.3660,10559.5,94.42,115.71,137.50,170.79,94.70,1438,1438,1438,0,1438,0,0,56,4,10314.6,39618184,36.1,96
n100k_d128_l2,100000,128,l2,cluster,0.2500,0.2500,25000,E_large48_acorn1,large,ACORN,48,1,96,50,10,0.8400,3583.0,269.54,470.17,565.04,672.50,279.10,1516,1283,1424,28400,29825,9154,20670,0,10,10314.6,39618184,36.1,96
n100k_d128_l2,100000,128,l2,cluster,0.2500,0.2500,25000,C_acorn_g4,acorn,ACORN,16,4,16,50,10,0.3990,12110.9,80.54,123.58,189.50,242.12,82.57,765,689,1209,2050,3260,1848,1411,0,9,12923.4,18532104,24.5,40
n100k_d128_l2,100000,128,l2,cluster,0.2500,0.2500,25000,C_acorn_g8,acorn,ACORN,16,8,16,50,10,0.4470,12305.4,83.25,124.17,139.12,140.08,81.26,764,685,1204,1910,3116,1742,1374,0,9,20867.5,20264200,24.6,40
n100k_d128_l2,100000,128,l2,cluster,0.2500,0.2500,25000,C_acorn_g16,acorn,ACORN,16,16,16,50,10,0.4390,12736.7,77.46,124.08,153.88,165.96,78.51,780,701,1201,1772,2975,1751,1224,0,9,39343.5,23728392,24.6,40
n100k_d128_l2,100000,128,l2,cluster,0.2500,0.2500,25000,C_acorn_g32,acorn,ACORN,16,32,16,50,10,0.5090,11294.6,85.83,154.75,198.92,321.75,88.54,727,655,1349,2348,3699,1725,1973,0,9,101521.7,30656776,24.6,40
n100k_d128_l2,100000,128,l2,cluster,0.2500,0.2500,25000,A_std_standard,std,STANDARD,16,1,32,100,10,0.3740,7838.7,127.38,154.46,189.83,200.58,127.57,1455,1455,1455,0,1455,0,0,108,3,11604.8,14033032,24.6,32
n100k_d128_l2,100000,128,l2,cluster,0.2500,0.2500,25000,B_std_acorn1,std,ACORN,16,1,32,100,10,0.7100,4354.4,195.33,455.83,496.38,535.21,229.65,1285,1168,1399,15249,16649,6027,10622,0,10,11604.8,14033032,24.6,32
n100k_d128_l2,100000,128,l2,cluster,0.2500,0.2500,25000,D_large24_standard,large,STANDARD,24,1,48,100,10,0.3880,7323.6,139.33,152.54,163.04,234.25,136.54,1638,1638,1638,0,1638,0,0,107,4,10822.2,20424136,30.6,48
n100k_d128_l2,100000,128,l2,cluster,0.2500,0.2500,25000,E_large24_acorn1,large,ACORN,24,1,48,100,10,0.7980,3193.0,288.17,541.46,579.54,585.42,313.19,1463,1323,2081,27898,29980,10244,19736,0,10,10822.2,20424136,30.6,48
n100k_d128_l2,100000,128,l2,cluster,0.2500,0.2500,25000,D_large48_standard,large,STANDARD,48,1,96,100,10,0.3950,6899.1,144.88,171.38,212.12,251.00,144.95,1819,1819,1819,0,1819,0,0,106,4,10314.6,39618184,36.1,96
n100k_d128_l2,100000,128,l2,cluster,0.2500,0.2500,25000,E_large48_acorn1,large,ACORN,48,1,96,100,10,0.8930,2107.5,515.12,789.50,850.00,874.21,474.50,1732,1499,3251,56631,59883,18602,41281,0,10,10314.6,39618184,36.1,96
n100k_d128_l2,100000,128,l2,cluster,0.2500,0.2500,25000,C_acorn_g4,acorn,ACORN,16,4,16,100,10,0.4500,7395.6,131.33,200.50,279.75,303.29,135.22,1010,934,2205,4019,6226,3516,2709,0,9,12923.4,18532104,24.5,40
n100k_d128_l2,100000,128,l2,cluster,0.2500,0.2500,25000,C_acorn_g8,acorn,ACORN,16,8,16,100,10,0.5330,6820.6,139.54,240.92,357.12,384.88,146.61,1029,950,2278,4178,6457,3501,2956,0,9,20867.5,20264200,24.6,40
n100k_d128_l2,100000,128,l2,cluster,0.2500,0.2500,25000,C_acorn_g16,acorn,ACORN,16,16,16,100,10,0.5260,7028.4,136.67,239.12,307.00,416.67,142.28,1052,972,2290,4032,6323,3541,2782,0,9,39343.5,23728392,24.6,40
n100k_d128_l2,100000,128,l2,cluster,0.2500,0.2500,25000,C_acorn_g32,acorn,ACORN,16,32,16,100,10,0.6190,6557.4,149.79,249.50,269.50,366.29,152.50,954,882,2436,5260,7698,3438,4259,0,9,101521.7,30656776,24.6,40
n100k_d128_l2,100000,128,l2,cluster,0.2500,0.2500,25000,A_std_standard,std,STANDARD,16,1,32,250,10,0.3970,3914.1,257.54,288.25,364.92,441.54,255.49,1904,1904,1904,0,1904,0,0,258,4,11604.8,14033032,24.6,32
n100k_d128_l2,100000,128,l2,cluster,0.2500,0.2500,25000,B_std_acorn1,std,ACORN,16,1,32,250,10,0.7870,1987.1,413.38,898.75,938.25,980.33,503.24,1563,1445,4696,41443,46140,16850,29290,0,10,11604.8,14033032,24.6,32
n100k_d128_l2,100000,128,l2,cluster,0.2500,0.2500,25000,D_large24_standard,large,STANDARD,24,1,48,250,10,0.4050,3843.6,261.08,291.04,332.50,357.54,260.18,2001,2001,2001,0,2001,0,0,257,4,10822.2,20424136,30.6,48
n100k_d128_l2,100000,128,l2,cluster,0.2500,0.2500,25000,E_large24_acorn1,large,ACORN,24,1,48,250,10,0.8590,1395.7,687.12,1277.58,1468.79,1704.12,716.51,1758,1619,6819,79533,86354,28500,57854,0,10,10822.2,20424136,30.6,48
n100k_d128_l2,100000,128,l2,cluster,0.2500,0.2500,25000,D_large48_standard,large,STANDARD,48,1,96,250,10,0.4150,3745.7,268.46,300.75,340.67,366.79,266.97,2105,2105,2105,0,2105,0,0,255,6,10314.6,39618184,36.1,96
n100k_d128_l2,100000,128,l2,cluster,0.2500,0.2500,25000,E_large48_acorn1,large,ACORN,48,1,96,250,10,0.9540,972.0,1177.92,1839.62,2557.42,2690.42,1028.78,2054,1822,8972,141856,150830,45398,105432,0,10,10314.6,39618184,36.1,96
n100k_d128_l2,100000,128,l2,cluster,0.2500,0.2500,25000,C_acorn_g4,acorn,ACORN,16,4,16,250,10,0.5180,3247.2,307.54,504.25,548.96,596.08,307.96,1388,1312,5481,10542,16025,8994,7030,0,9,12923.4,18532104,24.5,40
n100k_d128_l2,100000,128,l2,cluster,0.2500,0.2500,25000,C_acorn_g8,acorn,ACORN,16,8,16,250,10,0.5850,3172.5,321.04,482.83,571.75,613.08,315.21,1393,1314,5571,11498,17071,9057,8013,0,9,20867.5,20264200,24.6,40
n100k_d128_l2,100000,128,l2,cluster,0.2500,0.2500,25000,C_acorn_g16,acorn,ACORN,16,16,16,250,10,0.5830,3086.2,316.58,567.29,592.92,638.46,324.03,1416,1336,5639,11523,17164,9113,8050,0,9,39343.5,23728392,24.6,40
n100k_d128_l2,100000,128,l2,cluster,0.2500,0.2500,25000,C_acorn_g32,acorn,ACORN,16,32,16,250,10,0.7120,2791.5,344.12,603.71,702.67,745.50,358.23,1317,1246,5900,14751,20652,9221,11430,0,9,101521.7,30656776,24.6,40
n100k_d128_l2,100000,128,l2,cluster,0.2500,0.2500,25000,A_std_standard,std,STANDARD,16,1,32,500,10,0.4080,2035.9,489.04,627.92,654.92,664.58,491.18,2042,2042,2042,0,2042,0,0,508,4,11604.8,14033032,24.6,32
n100k_d128_l2,100000,128,l2,cluster,0.2500,0.2500,25000,B_std_acorn1,std,ACORN,16,1,32,500,10,0.8400,1028.8,748.88,1793.88,2184.33,2589.92,972.02,1964,1846,10518,78956,89476,34090,55386,0,10,11604.8,14033032,24.6,32
n100k_d128_l2,100000,128,l2,cluster,0.2500,0.2500,25000,D_large24_standard,large,STANDARD,24,1,48,500,10,0.4150,2046.8,489.25,565.21,599.21,639.17,488.56,2079,2079,2079,0,2079,0,0,507,5,10822.2,20424136,30.6,48
n100k_d128_l2,100000,128,l2,cluster,0.2500,0.2500,25000,E_large24_acorn1,large,ACORN,24,1,48,500,10,0.8880,759.0,1023.08,2428.25,2737.83,2780.96,1317.52,2214,2074,14446,141466,155913,53601,102311,0,10,10822.2,20424136,30.6,48
n100k_d128_l2,100000,128,l2,cluster,0.2500,0.2500,25000,D_large48_standard,large,STANDARD,48,1,96,500,10,0.4280,2004.6,494.50,544.38,643.71,694.96,498.84,2168,2168,2168,0,2168,0,0,505,7,10314.6,39618184,36.1,96
n100k_d128_l2,100000,128,l2,cluster,0.2500,0.2500,25000,E_large48_acorn1,large,ACORN,48,1,96,500,10,0.9650,537.8,2068.58,3208.46,3472.88,3530.92,1859.42,2680,2448,17730,242611,260343,82646,177697,0,10,10314.6,39618184,36.1,96
n100k_d128_l2,100000,128,l2,cluster,0.2500,0.2500,25000,C_acorn_g4,acorn,ACORN,16,4,16,500,10,0.5510,1600.9,599.08,959.46,1185.50,1421.33,624.63,1672,1596,11272,19895,31168,17992,13176,0,9,12923.4,18532104,24.5,40
n100k_d128_l2,100000,128,l2,cluster,0.2500,0.2500,25000,C_acorn_g8,acorn,ACORN,16,8,16,500,10,0.6050,1619.0,594.42,905.92,977.46,1159.96,617.68,1683,1604,11147,20503,31651,17816,13835,0,9,20867.5,20264200,24.6,40
n100k_d128_l2,100000,128,l2,cluster,0.2500,0.2500,25000,C_acorn_g16,acorn,ACORN,16,16,16,500,10,0.6000,1590.1,598.67,936.50,1135.58,1316.50,628.90,1785,1706,11420,20878,32300,18171,14128,0,9,39343.5,23728392,24.6,40
n100k_d128_l2,100000,128,l2,cluster,0.2500,0.2500,25000,C_acorn_g32,acorn,ACORN,16,32,16,500,10,0.7620,1429.0,719.83,1076.08,1228.71,1254.83,699.78,1755,1683,11771,27459,39232,18551,20681,0,9,101521.7,30656776,24.6,40
n100k_d128_l2,100000,128,l2,cluster,0.2500,0.2500,25000,F_exact,exact,EXACT,16,0,0,0,100,1.0000,425.2,2352.42,2460.83,2479.29,2485.71,2351.73,25000,0,0,0,100000,0,0,0,100,0.0,0,0.0,0
n100k_d128_l2,100000,128,l2,cluster,0.2500,0.2500,25000,A_std_standard,std,STANDARD,16,1,32,50,100,0.2703,11397.6,89.04,100.42,106.67,138.92,87.74,1035,1035,1035,0,1035,0,0,59,34,11604.8,14033032,24.6,32
n100k_d128_l2,100000,128,l2,cluster,0.2500,0.2500,25000,B_std_acorn1,std,ACORN,16,1,32,50,100,0.5577,7098.6,126.00,248.75,272.46,320.71,140.87,982,864,579,6465,7045,2549,4495,0,95,11604.8,14033032,24.6,32
n100k_d128_l2,100000,128,l2,cluster,0.2500,0.2500,25000,D_large24_standard,large,STANDARD,24,1,48,50,100,0.2932,10053.7,99.71,116.29,127.46,134.71,99.47,1218,1218,1218,0,1218,0,0,57,34,10822.2,20424136,30.6,48
n100k_d128_l2,100000,128,l2,cluster,0.2500,0.2500,25000,E_large24_acorn1,large,ACORN,24,1,48,50,100,0.6899,5108.2,175.62,336.21,370.62,404.96,195.76,1201,1061,839,12573,13414,4454,8959,0,100,10822.2,20424136,30.6,48
n100k_d128_l2,100000,128,l2,cluster,0.2500,0.2500,25000,D_large48_standard,large,STANDARD,48,1,96,50,100,0.3088,9128.8,108.62,135.75,144.00,223.50,109.54,1438,1438,1438,0,1438,0,0,56,35,10314.6,39618184,36.1,96
n100k_d128_l2,100000,128,l2,cluster,0.2500,0.2500,25000,E_large48_acorn1,large,ACORN,48,1,96,50,100,0.8427,3270.7,295.79,479.88,656.29,663.38,305.75,1516,1283,1424,28399,29825,9154,20670,0,100,10314.6,39618184,36.1,96
n100k_d128_l2,100000,128,l2,cluster,0.2500,0.2500,25000,C_acorn_g4,acorn,ACORN,16,4,16,50,100,0.4039,9910.9,98.12,139.50,201.50,245.58,100.90,765,689,1209,2050,3260,1848,1411,0,96,12923.4,18532104,24.5,40
n100k_d128_l2,100000,128,l2,cluster,0.2500,0.2500,25000,C_acorn_g8,acorn,ACORN,16,8,16,50,100,0.4484,10038.7,99.42,145.92,168.33,191.00,99.61,764,685,1204,1910,3116,1742,1374,0,96,20867.5,20264200,24.6,40
n100k_d128_l2,100000,128,l2,cluster,0.2500,0.2500,25000,C_acorn_g16,acorn,ACORN,16,16,16,50,100,0.4185,10403.6,92.88,146.42,172.88,204.17,96.12,780,701,1201,1772,2975,1751,1224,0,96,39343.5,23728392,24.6,40
n100k_d128_l2,100000,128,l2,cluster,0.2500,0.2500,25000,C_acorn_g32,acorn,ACORN,16,32,16,50,100,0.5048,9489.6,102.79,186.58,218.58,255.75,105.38,727,655,1349,2348,3699,1725,1973,0,94,101521.7,30656776,24.6,40
n100k_d128_l2,100000,128,l2,cluster,0.2500,0.2500,25000,A_std_standard,std,STANDARD,16,1,32,100,100,0.3188,7693.1,132.71,151.54,178.75,225.92,129.99,1455,1455,1455,0,1455,0,0,108,34,11604.8,14033032,24.6,32
n100k_d128_l2,100000,128,l2,cluster,0.2500,0.2500,25000,B_std_acorn1,std,ACORN,16,1,32,100,100,0.6819,4177.0,208.29,443.33,482.67,518.92,239.41,1285,1168,1399,15249,16649,6027,10622,0,95,11604.8,14033032,24.6,32
n100k_d128_l2,100000,128,l2,cluster,0.2500,0.2500,25000,D_large24_standard,large,STANDARD,24,1,48,100,100,0.3327,6968.5,144.17,177.25,234.79,246.12,143.50,1638,1638,1638,0,1638,0,0,107,34,10822.2,20424136,30.6,48
n100k_d128_l2,100000,128,l2,cluster,0.2500,0.2500,25000,E_large24_acorn1,large,ACORN,24,1,48,100,100,0.7784,3091.3,295.17,549.92,597.83,734.54,323.49,1463,1323,2081,27898,29980,10244,19736,0,100,10822.2,20424136,30.6,48
n100k_d128_l2,100000,128,l2,cluster,0.2500,0.2500,25000,D_large48_standard,large,STANDARD,48,1,96,100,100,0.3396,6685.2,150.04,187.04,206.83,233.21,149.58,1819,1819,1819,0,1819,0,0,106,35,10314.6,39618184,36.1,96
n100k_d128_l2,100000,128,l2,cluster,0.2500,0.2500,25000,E_large48_acorn1,large,ACORN,48,1,96,100,100,0.8984,2044.2,527.46,819.79,926.88,953.67,489.18,1732,1499,3251,56631,59883,18602,41281,0,100,10314.6,39618184,36.1,96
n100k_d128_l2,100000,128,l2,cluster,0.2500,0.2500,25000,C_acorn_g4,acorn,ACORN,16,4,16,100,100,0.4686,6696.1,143.62,226.29,315.12,326.25,149.34,1010,934,2205,4019,6226,3516,2709,0,96,12923.4,18532104,24.5,40
n100k_d128_l2,100000,128,l2,cluster,0.2500,0.2500,25000,C_acorn_g8,acorn,ACORN,16,8,16,100,100,0.5432,6547.9,149.12,237.21,285.00,394.54,152.72,1029,950,2278,4178,6457,3501,2956,0,96,20867.5,20264200,24.6,40
n100k_d128_l2,100000,128,l2,cluster,0.2500,0.2500,25000,C_acorn_g16,acorn,ACORN,16,16,16,100,100,0.5229,6587.2,145.67,255.42,330.92,397.79,151.81,1052,972,2290,4032,6323,3541,2782,0,96,39343.5,23728392,24.6,40
n100k_d128_l2,100000,128,l2,cluster,0.2500,0.2500,25000,C_acorn_g32,acorn,ACORN,16,32,16,100,100,0.6170,6193.5,160.58,281.88,287.58,393.38,161.46,954,882,2436,5260,7698,3438,4259,0,94,101521.7,30656776,24.6,40
n100k_d128_l2,100000,128,l2,cluster,0.2500,0.2500,25000,A_std_standard,std,STANDARD,16,1,32,250,100,0.3443,3851.3,263.42,289.21,372.46,391.96,259.65,1904,1904,1904,0,1904,0,0,258,34,11604.8,14033032,24.6,32
n100k_d128_l2,100000,128,l2,cluster,0.2500,0.2500,25000,B_std_acorn1,std,ACORN,16,1,32,250,100,0.7754,1920.6,407.42,922.29,1026.17,1040.42,520.66,1563,1445,4696,41443,46140,16850,29290,0,95,11604.8,14033032,24.6,32
n100k_d128_l2,100000,128,l2,cluster,0.2500,0.2500,25000,D_large24_standard,large,STANDARD,24,1,48,250,100,0.3475,3685.2,268.42,319.96,366.88,425.62,271.36,2001,2001,2001,0,2001,0,0,257,35,10822.2,20424136,30.6,48
n100k_d128_l2,100000,128,l2,cluster,0.2500,0.2500,25000,E_large24_acorn1,large,ACORN,24,1,48,250,100,0.8778,1348.2,754.54,1235.33,1492.71,1932.79,741.75,1758,1619,6819,79533,86354,28500,57854,0,100,10822.2,20424136,30.6,48
n100k_d128_l2,100000,128,l2,cluster,0.2500,0.2500,25000,D_large48_standard,large,STANDARD,48,1,96,250,100,0.3519,3666.2,275.17,312.67,395.00,408.62,272.76,2105,2105,2105,0,2105,0,0,255,37,10314.6,39618184,36.1,96
n100k_d128_l2,100000,128,l2,cluster,0.2500,0.2500,25000,E_large48_acorn1,large,ACORN,48,1,96,250,100,0.9711,945.6,1242.29,1845.58,2602.33,2716.00,1057.49,2054,1822,8972,141856,150830,45398,105432,0,100,10314.6,39618184,36.1,96
n100k_d128_l2,100000,128,l2,cluster,0.2500,0.2500,25000,C_acorn_g4,acorn,ACORN,16,4,16,250,100,0.5400,3098.2,323.50,513.62,605.88,611.92,322.77,1388,1312,5481,10542,16025,8994,7030,0,96,12923.4,18532104,24.5,40
n100k_d128_l2,100000,128,l2,cluster,0.2500,0.2500,25000,C_acorn_g8,acorn,ACORN,16,8,16,250,100,0.6106,2994.9,322.29,544.67,633.88,699.25,333.90,1393,1314,5571,11498,17071,9057,8013,0,96,20867.5,20264200,24.6,40
n100k_d128_l2,100000,128,l2,cluster,0.2500,0.2500,25000,C_acorn_g16,acorn,ACORN,16,16,16,250,100,0.5955,3005.9,320.38,532.04,640.25,642.75,332.68,1416,1336,5639,11523,17164,9113,8050,0,96,39343.5,23728392,24.6,40
n100k_d128_l2,100000,128,l2,cluster,0.2500,0.2500,25000,C_acorn_g32,acorn,ACORN,16,32,16,250,100,0.7337,2722.3,355.50,573.12,649.38,681.08,367.34,1317,1246,5900,14751,20652,9221,11430,0,94,101521.7,30656776,24.6,40
n100k_d128_l2,100000,128,l2,cluster,0.2500,0.2500,25000,A_std_standard,std,STANDARD,16,1,32,500,100,0.3481,2031.1,496.38,526.46,602.12,670.17,492.34,2042,2042,2042,0,2042,0,0,508,35,11604.8,14033032,24.6,32
n100k_d128_l2,100000,128,l2,cluster,0.2500,0.2500,25000,B_std_acorn1,std,ACORN,16,1,32,500,100,0.8304,1004.3,761.67,1695.71,2437.96,2688.38,995.74,1964,1846,10518,78956,89476,34090,55386,0,95,11604.8,14033032,24.6,32
n100k_d128_l2,100000,128,l2,cluster,0.2500,0.2500,25000,D_large24_standard,large,STANDARD,24,1,48,500,100,0.3503,2012.3,496.17,574.29,603.12,623.25,496.94,2079,2079,2079,0,2079,0,0,507,35,10822.2,20424136,30.6,48
n100k_d128_l2,100000,128,l2,cluster,0.2500,0.2500,25000,E_large24_acorn1,large,ACORN,24,1,48,500,100,0.9135,741.0,1093.42,2468.00,2759.00,2832.79,1349.45,2214,2074,14446,141466,155913,53601,102311,0,100,10822.2,20424136,30.6,48
n100k_d128_l2,100000,128,l2,cluster,0.2500,0.2500,25000,D_large48_standard,large,STANDARD,48,1,96,500,100,0.3577,1960.0,508.92,589.79,650.79,673.96,510.20,2168,2168,2168,0,2168,0,0,505,39,10314.6,39618184,36.1,96
n100k_d128_l2,100000,128,l2,cluster,0.2500,0.2500,25000,E_large48_acorn1,large,ACORN,48,1,96,500,100,0.9889,538.1,2123.75,3208.83,3354.92,3420.12,1858.32,2680,2448,17730,242611,260343,82646,177697,0,100,10314.6,39618184,36.1,96
n100k_d128_l2,100000,128,l2,cluster,0.2500,0.2500,25000,C_acorn_g4,acorn,ACORN,16,4,16,500,100,0.5821,1566.8,594.83,1034.96,1257.67,1312.12,638.24,1672,1596,11272,19895,31168,17992,13176,0,96,12923.4,18532104,24.5,40
n100k_d128_l2,100000,128,l2,cluster,0.2500,0.2500,25000,C_acorn_g8,acorn,ACORN,16,8,16,500,100,0.6332,1590.1,607.79,927.33,1031.92,1113.92,628.90,1683,1604,11147,20503,31651,17816,13835,0,96,20867.5,20264200,24.6,40
n100k_d128_l2,100000,128,l2,cluster,0.2500,0.2500,25000,C_acorn_g16,acorn,ACORN,16,16,16,500,100,0.6253,1563.7,608.38,946.42,1114.00,1347.46,639.52,1785,1706,11420,20878,32300,18171,14128,0,96,39343.5,23728392,24.6,40
n100k_d128_l2,100000,128,l2,cluster,0.2500,0.2500,25000,C_acorn_g32,acorn,ACORN,16,32,16,500,100,0.7912,1377.0,760.67,1085.00,1266.38,1287.46,726.22,1755,1683,11771,27459,39232,18551,20681,0,94,101521.7,30656776,24.6,40
n100k_d128_l2,100000,128,l2,cluster,0.1000,0.1000,10000,F_exact,exact,EXACT,16,0,0,0,10,1.0000,1129.6,855.50,984.96,1010.50,1059.96,885.28,10000,0,0,0,100000,0,0,0,10,0.0,0,0.0,0
n100k_d128_l2,100000,128,l2,cluster,0.1000,0.1000,10000,A_std_standard,std,STANDARD,16,1,32,50,10,0.1790,13330.7,75.62,90.83,103.12,141.17,75.01,1035,1035,1035,0,1035,0,0,59,2,11604.8,14033032,24.6,32
n100k_d128_l2,100000,128,l2,cluster,0.1000,0.1000,10000,B_std_acorn1,std,ACORN,16,1,32,50,10,0.5550,8200.0,116.67,201.75,259.29,396.17,121.95,774,664,797,12241,13040,2911,10129,0,10,11604.8,14033032,24.6,32
n100k_d128_l2,100000,128,l2,cluster,0.1000,0.1000,10000,D_large24_standard,large,STANDARD,24,1,48,50,10,0.1900,11958.2,85.04,97.00,109.71,112.42,83.62,1218,1218,1218,0,1218,0,0,57,2,10822.2,20424136,30.6,48
n100k_d128_l2,100000,128,l2,cluster,0.1000,0.1000,10000,E_large24_acorn1,large,ACORN,24,1,48,50,10,0.4830,6081.3,146.21,270.00,362.17,390.83,164.44,941,831,967,18014,18983,4459,14523,0,10,10822.2,20424136,30.6,48
n100k_d128_l2,100000,128,l2,cluster,0.1000,0.1000,10000,D_large48_standard,large,STANDARD,48,1,96,50,10,0.2080,10640.0,95.54,111.12,133.96,152.92,93.98,1438,1438,1438,0,1438,0,0,56,2,10314.6,39618184,36.1,96
n100k_d128_l2,100000,128,l2,cluster,0.1000,0.1000,10000,E_large48_acorn1,large,ACORN,48,1,96,50,10,0.6850,3626.7,268.12,448.00,525.08,682.67,275.73,1158,892,1545,40997,42544,8721,33822,0,10,10314.6,39618184,36.1,96
n100k_d128_l2,100000,128,l2,cluster,0.1000,0.1000,10000,C_acorn_g4,acorn,ACORN,16,4,16,50,10,0.2330,14459.0,66.46,95.25,108.71,118.50,69.16,719,667,1281,1968,3251,1733,1518,0,10,12923.4,18532104,24.5,40
n100k_d128_l2,100000,128,l2,cluster,0.1000,0.1000,10000,C_acorn_g8,acorn,ACORN,16,8,16,50,10,0.4000,13051.0,69.58,115.04,152.92,164.92,76.62,648,579,1468,2912,4382,1695,2686,0,10,20867.5,20264200,24.6,40
n100k_d128_l2,100000,128,l2,cluster,0.1000,0.1000,10000,C_acorn_g16,acorn,ACORN,16,16,16,50,10,0.4790,13347.5,69.88,109.21,135.04,135.29,74.92,621,550,1546,3284,4831,1687,3144,0,10,39343.5,23728392,24.6,40
n100k_d128_l2,100000,128,l2,cluster,0.1000,0.1000,10000,C_acorn_g32,acorn,ACORN,16,32,16,50,10,0.5900,12390.7,74.92,126.58,155.50,220.42,80.71,584,514,1710,3959,5670,1689,3981,0,10,101521.7,30656776,24.6,40
n100k_d128_l2,100000,128,l2,cluster,0.1000,0.1000,10000,A_std_standard,std,STANDARD,16,1,32,100,10,0.2020,7930.6,124.92,163.96,211.29,236.04,126.09,1455,1455,1455,0,1455,0,0,108,2,11604.8,14033032,24.6,32
n100k_d128_l2,100000,128,l2,cluster,0.1000,0.1000,10000,B_std_acorn1,std,ACORN,16,1,32,100,10,0.6070,4233.4,232.83,387.46,470.79,484.46,236.22,974,864,1797,26954,28753,6719,22033,0,10,11604.8,14033032,24.6,32
n100k_d128_l2,100000,128,l2,cluster,0.1000,0.1000,10000,D_large24_standard,large,STANDARD,24,1,48,100,10,0.2100,7299.8,136.42,160.75,233.25,243.92,136.99,1638,1638,1638,0,1638,0,0,107,2,10822.2,20424136,30.6,48
n100k_d128_l2,100000,128,l2,cluster,0.1000,0.1000,10000,E_large24_acorn1,large,ACORN,24,1,48,100,10,0.5170,3122.8,319.12,526.92,641.79,648.04,320.23,1163,1052,2318,40053,42372,11131,31241,0,10,10822.2,20424136,30.6,48
n100k_d128_l2,100000,128,l2,cluster,0.1000,0.1000,10000,D_large48_standard,large,STANDARD,48,1,96,100,10,0.2190,7109.8,145.29,160.08,172.25,192.67,140.65,1819,1819,1819,0,1819,0,0,106,2,10314.6,39618184,36.1,96
n100k_d128_l2,100000,128,l2,cluster,0.1000,0.1000,10000,E_large48_acorn1,large,ACORN,48,1,96,100,10,0.7140,1967.0,513.83,779.04,932.21,967.33,508.39,1310,1043,3352,82799,86152,19345,66807,0,10,10314.6,39618184,36.1,96
n100k_d128_l2,100000,128,l2,cluster,0.1000,0.1000,10000,C_acorn_g4,acorn,ACORN,16,4,16,100,10,0.2680,7858.9,119.62,171.08,227.42,245.42,127.24,965,914,2385,4109,6495,3494,3001,0,10,12923.4,18532104,24.5,40
n100k_d128_l2,100000,128,l2,cluster,0.1000,0.1000,10000,C_acorn_g8,acorn,ACORN,16,8,16,100,10,0.4400,7263.2,128.04,197.50,237.08,245.17,137.68,831,761,2595,6265,8861,3424,5436,0,10,20867.5,20264200,24.6,40
n100k_d128_l2,100000,128,l2,cluster,0.1000,0.1000,10000,C_acorn_g16,acorn,ACORN,16,16,16,100,10,0.5230,7442.4,127.25,192.04,241.08,245.00,134.37,801,730,2683,7043,9728,3377,6351,0,10,39343.5,23728392,24.6,40
n100k_d128_l2,100000,128,l2,cluster,0.1000,0.1000,10000,C_acorn_g32,acorn,ACORN,16,32,16,100,10,0.6360,7108.8,131.83,200.96,247.71,305.38,140.67,746,676,2865,8381,11247,3330,7916,0,10,101521.7,30656776,24.6,40
n100k_d128_l2,100000,128,l2,cluster,0.1000,0.1000,10000,A_std_standard,std,STANDARD,16,1,32,250,10,0.2240,3942.1,257.12,285.71,319.58,395.83,253.67,1904,1904,1904,0,1904,0,0,258,2,11604.8,14033032,24.6,32
n100k_d128_l2,100000,128,l2,cluster,0.1000,0.1000,10000,B_std_acorn1,std,ACORN,16,1,32,250,10,0.6320,1784.2,589.42,780.29,901.92,985.92,560.49,1153,1043,5322,72385,77708,20352,57356,0,10,11604.8,14033032,24.6,32
n100k_d128_l2,100000,128,l2,cluster,0.1000,0.1000,10000,D_large24_standard,large,STANDARD,24,1,48,250,10,0.2210,3883.9,257.79,288.83,366.08,376.79,257.47,2001,2001,2001,0,2001,0,0,257,2,10822.2,20424136,30.6,48
n100k_d128_l2,100000,128,l2,cluster,0.1000,0.1000,10000,E_large24_acorn1,large,ACORN,24,1,48,250,10,0.6210,1183.7,875.33,1383.21,1734.08,2099.96,844.78,1402,1292,7318,123050,130369,35494,94875,0,10,10822.2,20424136,30.6,48
n100k_d128_l2,100000,128,l2,cluster,0.1000,0.1000,10000,D_large48_standard,large,STANDARD,48,1,96,250,10,0.2310,3774.9,266.38,307.67,366.50,448.62,264.91,2105,2105,2105,0,2105,0,0,255,3,10314.6,39618184,36.1,96
n100k_d128_l2,100000,128,l2,cluster,0.1000,0.1000,10000,E_large48_acorn1,large,ACORN,48,1,96,250,10,0.8090,826.4,1311.08,1710.38,2105.75,2341.75,1210.00,1598,1332,8968,212512,221481,52534,168947,0,10,10314.6,39618184,36.1,96
n100k_d128_l2,100000,128,l2,cluster,0.1000,0.1000,10000,C_acorn_g4,acorn,ACORN,16,4,16,250,10,0.3130,3289.5,291.17,426.29,524.79,593.58,304.00,1225,1173,5912,12714,18627,9489,9138,0,10,12923.4,18532104,24.5,40
n100k_d128_l2,100000,128,l2,cluster,0.1000,0.1000,10000,C_acorn_g8,acorn,ACORN,16,8,16,250,10,0.4680,3090.9,305.88,438.33,647.75,727.33,323.53,1049,979,6195,18169,24366,9414,14952,0,10,20867.5,20264200,24.6,40
n100k_d128_l2,100000,128,l2,cluster,0.1000,0.1000,10000,C_acorn_g16,acorn,ACORN,16,16,16,250,10,0.5490,3177.8,302.38,433.50,572.54,586.50,314.68,1010,939,6234,19500,25735,8833,16902,0,10,39343.5,23728392,24.6,40
n100k_d128_l2,100000,128,l2,cluster,0.1000,0.1000,10000,C_acorn_g32,acorn,ACORN,16,32,16,250,10,0.6530,3074.3,320.75,433.67,477.88,505.46,325.28,961,890,6480,22637,29119,8772,20346,0,10,101521.7,30656776,24.6,40
n100k_d128_l2,100000,128,l2,cluster,0.1000,0.1000,10000,A_std_standard,std,STANDARD,16,1,32,500,10,0.2290,2047.0,484.75,545.79,622.92,626.33,488.51,2042,2042,2042,0,2042,0,0,508,2,11604.8,14033032,24.6,32
n100k_d128_l2,100000,128,l2,cluster,0.1000,0.1000,10000,B_std_acorn1,std,ACORN,16,1,32,500,10,0.6430,891.7,1184.08,1545.96,1607.04,1693.50,1121.39,1812,1702,10903,126282,137186,41873,95312,0,10,11604.8,14033032,24.6,32
n100k_d128_l2,100000,128,l2,cluster,0.1000,0.1000,10000,D_large24_standard,large,STANDARD,24,1,48,500,10,0.2280,2033.1,486.83,535.42,661.29,683.42,491.86,2079,2079,2079,0,2079,0,0,507,2,10822.2,20424136,30.6,48
n100k_d128_l2,100000,128,l2,cluster,0.1000,0.1000,10000,E_large24_acorn1,large,ACORN,24,1,48,500,10,0.7070,599.5,1839.04,2359.83,2938.04,3067.08,1668.17,1938,1828,14776,227740,242517,71949,170568,0,10,10822.2,20424136,30.6,48
n100k_d128_l2,100000,128,l2,cluster,0.1000,0.1000,10000,D_large48_standard,large,STANDARD,48,1,96,500,10,0.2410,2008.1,493.75,560.83,648.33,697.25,497.98,2168,2168,2168,0,2168,0,0,505,5,10314.6,39618184,36.1,96
n100k_d128_l2,100000,128,l2,cluster,0.1000,0.1000,10000,E_large48_acorn1,large,ACORN,48,1,96,500,10,0.8530,439.5,2484.58,3153.08,3271.79,3292.29,2275.07,2383,2117,17482,366345,383829,102972,280856,0,10,10314.6,39618184,36.1,96
n100k_d128_l2,100000,128,l2,cluster,0.1000,0.1000,10000,C_acorn_g4,acorn,ACORN,16,4,16,500,10,0.3630,1531.0,624.83,913.25,1139.88,1200.83,653.15,1382,1330,12213,28192,40407,21056,19351,0,10,12923.4,18532104,24.5,40
n100k_d128_l2,100000,128,l2,cluster,0.1000,0.1000,10000,C_acorn_g8,acorn,ACORN,16,8,16,500,10,0.4810,1429.4,650.21,1059.29,1257.21,1297.67,699.58,1496,1426,12610,34925,47536,21173,26363,0,10,20867.5,20264200,24.6,40
n100k_d128_l2,100000,128,l2,cluster,0.1000,0.1000,10000,C_acorn_g16,acorn,ACORN,16,16,16,500,10,0.5770,1548.1,620.29,858.21,922.42,966.25,645.97,1576,1505,12148,32686,44836,19276,25559,0,10,39343.5,23728392,24.6,40
n100k_d128_l2,100000,128,l2,cluster,0.1000,0.1000,10000,C_acorn_g32,acorn,ACORN,16,32,16,500,10,0.6850,1480.6,657.92,866.12,905.83,971.12,675.42,1615,1545,12341,40001,52343,18700,33642,0,10,101521.7,30656776,24.6,40
n100k_d128_l2,100000,128,l2,cluster,0.1000,0.1000,10000,F_exact,exact,EXACT,16,0,0,0,100,1.0000,1129.5,861.83,972.50,985.08,987.17,885.37,10000,0,0,0,100000,0,0,0,100,0.0,0,0.0,0
n100k_d128_l2,100000,128,l2,cluster,0.1000,0.1000,10000,A_std_standard,std,STANDARD,16,1,32,50,100,0.1238,11563.3,87.46,97.75,116.58,122.58,86.48,1035,1035,1035,0,1035,0,0,59,16,11604.8,14033032,24.6,32
n100k_d128_l2,100000,128,l2,cluster,0.1000,0.1000,10000,B_std_acorn1,std,ACORN,16,1,32,50,100,0.6676,7060.5,134.50,243.50,280.17,307.83,141.63,774,664,797,12241,13040,2911,10129,0,99,11604.8,14033032,24.6,32
n100k_d128_l2,100000,128,l2,cluster,0.1000,0.1000,10000,D_large24_standard,large,STANDARD,24,1,48,50,100,0.1393,10281.6,98.08,113.04,123.42,186.92,97.26,1218,1218,1218,0,1218,0,0,57,16,10822.2,20424136,30.6,48
n100k_d128_l2,100000,128,l2,cluster,0.1000,0.1000,10000,E_large24_acorn1,large,ACORN,24,1,48,50,100,0.5764,5438.0,170.50,282.75,353.17,397.92,183.89,941,831,967,18014,18983,4459,14523,0,100,10822.2,20424136,30.6,48
n100k_d128_l2,100000,128,l2,cluster,0.1000,0.1000,10000,D_large48_standard,large,STANDARD,48,1,96,50,100,0.1512,9249.3,106.12,132.83,161.29,238.50,108.12,1438,1438,1438,0,1438,0,0,56,17,10314.6,39618184,36.1,96
n100k_d128_l2,100000,128,l2,cluster,0.1000,0.1000,10000,E_large48_acorn1,large,ACORN,48,1,96,50,100,0.7664,3396.6,285.71,472.00,519.42,653.50,294.41,1158,892,1545,40997,42544,8721,33822,0,100,10314.6,39618184,36.1,96
n100k_d128_l2,100000,128,l2,cluster,0.1000,0.1000,10000,C_acorn_g4,acorn,ACORN,16,4,16,50,100,0.2763,10984.6,84.46,122.71,148.67,211.67,91.04,719,667,1281,1968,3251,1733,1518,0,100,12923.4,18532104,24.5,40
n100k_d128_l2,100000,128,l2,cluster,0.1000,0.1000,10000,C_acorn_g8,acorn,ACORN,16,8,16,50,100,0.4851,10617.3,88.58,124.04,143.75,253.42,94.19,648,579,1468,2912,4382,1695,2686,0,100,20867.5,20264200,24.6,40
n100k_d128_l2,100000,128,l2,cluster,0.1000,0.1000,10000,C_acorn_g16,acorn,ACORN,16,16,16,50,100,0.5606,10944.1,87.58,123.75,147.83,166.96,91.37,621,550,1546,3284,4831,1687,3144,0,100,39343.5,23728392,24.6,40
n100k_d128_l2,100000,128,l2,cluster,0.1000,0.1000,10000,C_acorn_g32,acorn,ACORN,16,32,16,50,100,0.6815,10273.6,92.50,142.38,186.04,187.88,97.34,584,514,1710,3959,5670,1689,3981,0,100,101521.7,30656776,24.6,40
n100k_d128_l2,100000,128,l2,cluster,0.1000,0.1000,10000,A_std_standard,std,STANDARD,16,1,32,100,100,0.1527,7703.2,130.29,153.46,203.92,254.92,129.82,1455,1455,1455,0,1455,0,0,108,17,11604.8,14033032,24.6,32
n100k_d128_l2,100000,128,l2,cluster,0.1000,0.1000,10000,B_std_acorn1,std,ACORN,16,1,32,100,100,0.7508,4036.3,243.33,397.67,473.83,553.67,247.75,974,864,1797,26954,28753,6719,22033,0,100,11604.8,14033032,24.6,32
n100k_d128_l2,100000,128,l2,cluster,0.1000,0.1000,10000,D_large24_standard,large,STANDARD,24,1,48,100,100,0.1624,7282.9,138.67,161.75,175.17,209.92,137.31,1638,1638,1638,0,1638,0,0,107,17,10822.2,20424136,30.6,48
n100k_d128_l2,100000,128,l2,cluster,0.1000,0.1000,10000,E_large24_acorn1,large,ACORN,24,1,48,100,100,0.6340,3000.8,331.50,507.46,596.71,668.88,333.24,1163,1052,2318,40053,42372,11131,31241,0,100,10822.2,20424136,30.6,48
n100k_d128_l2,100000,128,l2,cluster,0.1000,0.1000,10000,D_large48_standard,large,STANDARD,48,1,96,100,100,0.1676,6814.4,148.42,171.46,183.00,214.33,146.75,1819,1819,1819,0,1819,0,0,106,17,10314.6,39618184,36.1,96
n100k_d128_l2,100000,128,l2,cluster,0.1000,0.1000,10000,E_large48_acorn1,large,ACORN,48,1,96,100,100,0.8122,1907.7,525.12,789.88,921.96,922.50,524.19,1310,1043,3352,82799,86152,19345,66807,0,100,10314.6,39618184,36.1,96
n100k_d128_l2,100000,128,l2,cluster,0.1000,0.1000,10000,C_acorn_g4,acorn,ACORN,16,4,16,100,100,0.3403,7234.9,130.21,203.12,251.54,263.46,138.22,965,914,2385,4109,6495,3494,3001,0,100,12923.4,18532104,24.5,40
n100k_d128_l2,100000,128,l2,cluster,0.1000,0.1000,10000,C_acorn_g8,acorn,ACORN,16,8,16,100,100,0.5477,7023.4,134.25,189.96,265.12,323.79,142.38,831,761,2595,6265,8861,3424,5436,0,100,20867.5,20264200,24.6,40
n100k_d128_l2,100000,128,l2,cluster,0.1000,0.1000,10000,C_acorn_g16,acorn,ACORN,16,16,16,100,100,0.6357,7338.0,131.25,176.58,205.12,245.42,136.28,801,730,2683,7043,9728,3377,6351,0,100,39343.5,23728392,24.6,40
n100k_d128_l2,100000,128,l2,cluster,0.1000,0.1000,10000,C_acorn_g32,acorn,ACORN,16,32,16,100,100,0.7648,6670.3,142.58,210.92,317.58,330.46,149.92,746,676,2865,8381,11247,3330,7916,0,100,101521.7,30656776,24.6,40
n100k_d128_l2,100000,128,l2,cluster,0.1000,0.1000,10000,A_std_standard,std,STANDARD,16,1,32,250,100,0.1718,3696.8,269.04,354.83,403.50,483.25,270.51,1904,1904,1904,0,1904,0,0,258,18,11604.8,14033032,24.6,32
n100k_d128_l2,100000,128,l2,cluster,0.1000,0.1000,10000,B_std_acorn1,std,ACORN,16,1,32,250,100,0.8014,1583.2,629.50,978.75,1157.79,1474.12,631.63,1153,1043,5322,72385,77708,20352,57356,0,100,11604.8,14033032,24.6,32
n100k_d128_l2,100000,128,l2,cluster,0.1000,0.1000,10000,D_large24_standard,large,STANDARD,24,1,48,250,100,0.1738,3684.5,266.42,333.04,434.42,441.96,271.41,2001,2001,2001,0,2001,0,0,257,17,10822.2,20424136,30.6,48
n100k_d128_l2,100000,128,l2,cluster,0.1000,0.1000,10000,E_large24_acorn1,large,ACORN,24,1,48,250,100,0.7573,1045.3,972.29,1667.33,2000.50,2151.96,956.68,1402,1292,7318,123050,130369,35494,94875,0,100,10822.2,20424136,30.6,48
n100k_d128_l2,100000,128,l2,cluster,0.1000,0.1000,10000,D_large48_standard,large,STANDARD,48,1,96,250,100,0.1776,3581.8,273.54,330.25,374.54,385.00,279.19,2105,2105,2105,0,2105,0,0,255,18,10314.6,39618184,36.1,96
n100k_d128_l2,100000,128,l2,cluster,0.1000,0.1000,10000,E_large48_acorn1,large,ACORN,48,1,96,250,100,0.9075,757.1,1415.96,1941.12,2248.29,2475.67,1320.81,1598,1332,8968,212512,221481,52534,168947,0,100,10314.6,39618184,36.1,96
n100k_d128_l2,100000,128,l2,cluster,0.1000,0.1000,10000,C_acorn_g4,acorn,ACORN,16,4,16,250,100,0.4027,3031.8,313.42,509.54,581.75,634.33,329.83,1225,1173,5912,12714,18627,9489,9138,0,100,12923.4,18532104,24.5,40
n100k_d128_l2,100000,128,l2,cluster,0.1000,0.1000,10000,C_acorn_g8,acorn,ACORN,16,8,16,250,100,0.6028,2886.1,326.04,489.25,675.00,708.71,346.49,1049,979,6195,18169,24366,9414,14952,0,100,20867.5,20264200,24.6,40
n100k_d128_l2,100000,128,l2,cluster,0.1000,0.1000,10000,C_acorn_g16,acorn,ACORN,16,16,16,250,100,0.6900,2978.4,335.50,474.25,506.79,556.58,335.75,1010,939,6234,19500,25735,8833,16902,0,100,39343.5,23728392,24.6,40
n100k_d128_l2,100000,128,l2,cluster,0.1000,0.1000,10000,C_acorn_g32,acorn,ACORN,16,32,16,250,100,0.8268,2889.5,328.67,482.75,623.00,637.79,346.08,961,890,6480,22637,29119,8772,20346,0,100,101521.7,30656776,24.6,40
n100k_d128_l2,100000,128,l2,cluster,0.1000,0.1000,10000,A_std_standard,std,STANDARD,16,1,32,500,100,0.1755,1987.8,496.71,567.96,684.12,765.33,503.06,2042,2042,2042,0,2042,0,0,508,18,11604.8,14033032,24.6,32
n100k_d128_l2,100000,128,l2,cluster,0.1000,0.1000,10000,B_std_acorn1,std,ACORN,16,1,32,500,100,0.8150,884.5,1227.79,1553.79,1638.46,1682.33,1130.54,1812,1702,10903,126282,137186,41873,95312,0,100,11604.8,14033032,24.6,32
n100k_d128_l2,100000,128,l2,cluster,0.1000,0.1000,10000,D_large24_standard,large,STANDARD,24,1,48,500,100,0.1768,2011.7,492.62,546.71,654.79,672.62,497.10,2079,2079,2079,0,2079,0,0,507,18,10822.2,20424136,30.6,48
n100k_d128_l2,100000,128,l2,cluster,0.1000,0.1000,10000,E_large24_acorn1,large,ACORN,24,1,48,500,100,0.8390,588.7,1831.46,2372.08,2653.46,3191.00,1698.76,1938,1828,14776,227740,242517,71949,170568,0,100,10822.2,20424136,30.6,48
n100k_d128_l2,100000,128,l2,cluster,0.1000,0.1000,10000,D_large48_standard,large,STANDARD,48,1,96,500,100,0.1832,1986.1,500.67,562.42,639.33,661.00,503.51,2168,2168,2168,0,2168,0,0,505,20,10314.6,39618184,36.1,96
n100k_d128_l2,100000,128,l2,cluster,0.1000,0.1000,10000,E_large48_acorn1,large,ACORN,48,1,96,500,100,0.9372,434.8,2514.54,3162.12,3271.50,3314.50,2299.85,2383,2117,17482,366345,383829,102972,280856,0,100,10314.6,39618184,36.1,96
n100k_d128_l2,100000,128,l2,cluster,0.1000,0.1000,10000,C_acorn_g4,acorn,ACORN,16,4,16,500,100,0.4516,1502.2,644.75,1001.08,1111.29,1183.25,665.69,1382,1330,12213,28192,40407,21056,19351,0,100,12923.4,18532104,24.5,40
n100k_d128_l2,100000,128,l2,cluster,0.1000,0.1000,10000,C_acorn_g8,acorn,ACORN,16,8,16,500,100,0.6380,1399.7,661.71,983.12,1611.33,1730.38,714.41,1496,1426,12610,34925,47536,21173,26363,0,100,20867.5,20264200,24.6,40
n100k_d128_l2,100000,128,l2,cluster,0.1000,0.1000,10000,C_acorn_g16,acorn,ACORN,16,16,16,500,100,0.7192,1530.4,627.25,875.29,1014.08,1029.50,653.44,1576,1505,12148,32686,44836,19276,25559,0,100,39343.5,23728392,24.6,40
n100k_d128_l2,100000,128,l2,cluster,0.1000,0.1000,10000,C_acorn_g32,acorn,ACORN,16,32,16,500,100,0.8529,1451.2,688.92,844.88,894.12,918.58,689.11,1615,1545,12341,40001,52343,18700,33642,0,100,101521.7,30656776,24.6,40
n100k_d128_l2,100000,128,l2,cluster,0.0500,0.0500,5000,F_exact,exact,EXACT,16,0,0,0,10,1.0000,2095.8,462.21,552.54,621.79,628.21,477.14,5000,0,0,0,100000,0,0,0,10,0.0,0,0.0,0
n100k_d128_l2,100000,128,l2,cluster,0.0500,0.0500,5000,A_std_standard,std,STANDARD,16,1,32,50,10,0.1200,13451.3,75.50,86.58,104.62,153.83,74.34,1035,1035,1035,0,1035,0,0,59,1,11604.8,14033032,24.6,32
n100k_d128_l2,100000,128,l2,cluster,0.0500,0.0500,5000,B_std_acorn1,std,ACORN,16,1,32,50,10,0.7200,9109.1,99.96,165.46,248.79,348.67,109.78,814,739,722,8005,8729,2954,5775,0,10,11604.8,14033032,24.6,32
n100k_d128_l2,100000,128,l2,cluster,0.0500,0.0500,5000,D_large24_standard,large,STANDARD,24,1,48,50,10,0.1270,11878.7,83.83,99.25,145.58,169.00,84.18,1218,1218,1218,0,1218,0,0,57,1,10822.2,20424136,30.6,48
n100k_d128_l2,100000,128,l2,cluster,0.0500,0.0500,5000,E_large24_acorn1,large,ACORN,24,1,48,50,10,0.7570,6085.8,146.58,273.29,318.21,500.21,164.32,878,780,1058,17182,18242,5448,12794,0,10,10822.2,20424136,30.6,48
n100k_d128_l2,100000,128,l2,cluster,0.0500,0.0500,5000,D_large48_standard,large,STANDARD,48,1,96,50,10,0.1420,10691.0,92.88,104.79,136.71,230.42,93.54,1438,1438,1438,0,1438,0,0,56,1,10314.6,39618184,36.1,96
n100k_d128_l2,100000,128,l2,cluster,0.0500,0.0500,5000,E_large48_acorn1,large,ACORN,48,1,96,50,10,0.9660,3711.9,262.29,380.50,482.38,504.62,269.40,1096,881,1511,35782,37294,10500,26793,0,10,10314.6,39618184,36.1,96
n100k_d128_l2,100000,128,l2,cluster,0.0500,0.0500,5000,C_acorn_g4,acorn,ACORN,16,4,16,50,10,0.6630,13204.7,70.12,116.12,140.75,182.62,75.73,634,580,1358,2744,4104,1694,2410,0,10,12923.4,18532104,24.5,40
n100k_d128_l2,100000,128,l2,cluster,0.0500,0.0500,5000,C_acorn_g8,acorn,ACORN,16,8,16,50,10,0.7020,12882.0,71.08,119.46,141.00,178.00,77.63,657,594,1511,2764,4277,1741,2535,0,10,20867.5,20264200,24.6,40
n100k_d128_l2,100000,128,l2,cluster,0.0500,0.0500,5000,C_acorn_g16,acorn,ACORN,16,16,16,50,10,0.7300,13184.2,70.33,109.54,138.50,177.62,75.85,640,575,1708,2836,4545,1706,2839,0,10,39343.5,23728392,24.6,40
n100k_d128_l2,100000,128,l2,cluster,0.0500,0.0500,5000,C_acorn_g32,acorn,ACORN,16,32,16,50,10,0.6650,13024.9,71.58,119.67,153.17,189.21,76.78,654,588,1930,2720,4652,1749,2903,0,10,101521.7,30656776,24.6,40
n100k_d128_l2,100000,128,l2,cluster,0.0500,0.0500,5000,A_std_standard,std,STANDARD,16,1,32,100,10,0.1420,7847.9,128.21,142.92,200.88,292.83,127.42,1455,1455,1455,0,1455,0,0,108,1,11604.8,14033032,24.6,32
n100k_d128_l2,100000,128,l2,cluster,0.0500,0.0500,5000,B_std_acorn1,std,ACORN,16,1,32,100,10,0.8440,4037.0,218.58,397.88,476.67,510.88,247.71,964,890,1910,22825,24737,9000,15737,0,10,11604.8,14033032,24.6,32
n100k_d128_l2,100000,128,l2,cluster,0.0500,0.0500,5000,D_large24_standard,large,STANDARD,24,1,48,100,10,0.1470,7458.0,136.96,151.21,193.67,251.29,134.08,1638,1638,1638,0,1638,0,0,107,1,10822.2,20424136,30.6,48
n100k_d128_l2,100000,128,l2,cluster,0.0500,0.0500,5000,E_large24_acorn1,large,ACORN,24,1,48,100,10,0.8130,2752.1,327.88,584.25,758.12,857.88,363.36,1017,919,2641,43587,46230,15535,30694,0,10,10822.2,20424136,30.6,48
n100k_d128_l2,100000,128,l2,cluster,0.0500,0.0500,5000,D_large48_standard,large,STANDARD,48,1,96,100,10,0.1530,6880.9,147.46,179.88,222.75,266.67,145.33,1819,1819,1819,0,1819,0,0,106,2,10314.6,39618184,36.1,96
n100k_d128_l2,100000,128,l2,cluster,0.0500,0.0500,5000,E_large48_acorn1,large,ACORN,48,1,96,100,10,0.9900,1877.3,518.96,698.83,758.54,826.88,532.67,1202,988,3351,74829,78181,25564,52617,0,10,10314.6,39618184,36.1,96
n100k_d128_l2,100000,128,l2,cluster,0.0500,0.0500,5000,C_acorn_g4,acorn,ACORN,16,4,16,100,10,0.7570,7685.2,121.12,178.25,236.75,265.92,130.12,788,734,2479,5707,8188,3383,4804,0,10,12923.4,18532104,24.5,40
n100k_d128_l2,100000,128,l2,cluster,0.0500,0.0500,5000,C_acorn_g8,acorn,ACORN,16,8,16,100,10,0.7980,7472.5,122.38,186.21,242.58,291.92,133.82,816,754,2636,5677,8314,3455,4859,0,10,20867.5,20264200,24.6,40
n100k_d128_l2,100000,128,l2,cluster,0.0500,0.0500,5000,C_acorn_g16,acorn,ACORN,16,16,16,100,10,0.8320,7635.6,120.33,191.00,210.08,232.33,130.97,808,743,2868,5997,8867,3451,5415,0,10,39343.5,23728392,24.6,40
n100k_d128_l2,100000,128,l2,cluster,0.0500,0.0500,5000,C_acorn_g32,acorn,ACORN,16,32,16,100,10,0.7830,7120.3,131.58,210.58,256.21,279.33,140.44,881,814,3129,5630,8760,3565,5194,0,10,101521.7,30656776,24.6,40
n100k_d128_l2,100000,128,l2,cluster,0.0500,0.0500,5000,A_std_standard,std,STANDARD,16,1,32,250,10,0.1500,3961.5,254.25,286.12,326.62,403.25,252.43,1904,1904,1904,0,1904,0,0,258,1,11604.8,14033032,24.6,32
n100k_d128_l2,100000,128,l2,cluster,0.0500,0.0500,5000,B_std_acorn1,std,ACORN,16,1,32,250,10,0.8790,1537.6,633.08,858.92,997.79,1031.29,650.37,1115,1041,5653,69320,74974,29054,45920,0,10,11604.8,14033032,24.6,32
n100k_d128_l2,100000,128,l2,cluster,0.0500,0.0500,5000,D_large24_standard,large,STANDARD,24,1,48,250,10,0.1560,3831.8,261.00,291.54,366.21,390.67,260.98,2001,2001,2001,0,2001,0,0,257,1,10822.2,20424136,30.6,48
n100k_d128_l2,100000,128,l2,cluster,0.0500,0.0500,5000,E_large24_acorn1,large,ACORN,24,1,48,250,10,0.8850,1031.9,912.71,1527.25,1794.96,1881.00,969.08,1233,1135,7549,122912,130462,48444,82018,0,10,10822.2,20424136,30.6,48
n100k_d128_l2,100000,128,l2,cluster,0.0500,0.0500,5000,D_large48_standard,large,STANDARD,48,1,96,250,10,0.1620,3751.3,268.58,291.00,334.96,351.50,266.58,2105,2105,2105,0,2105,0,0,255,2,10314.6,39618184,36.1,96
n100k_d128_l2,100000,128,l2,cluster,0.0500,0.0500,5000,E_large48_acorn1,large,ACORN,48,1,96,250,10,1.0000,750.2,1347.79,1652.12,1836.42,2079.96,1332.90,1379,1165,8854,189512,198368,71961,126407,0,10,10314.6,39618184,36.1,96
n100k_d128_l2,100000,128,l2,cluster,0.0500,0.0500,5000,C_acorn_g4,acorn,ACORN,16,4,16,250,10,0.8090,3124.1,296.21,471.67,527.92,555.75,320.09,967,913,6130,17528,23660,10209,13450,0,10,12923.4,18532104,24.5,40
n100k_d128_l2,100000,128,l2,cluster,0.0500,0.0500,5000,C_acorn_g8,acorn,ACORN,16,8,16,250,10,0.8300,3060.8,301.29,459.92,567.46,641.67,326.71,1037,974,6323,17603,23928,10440,13487,0,10,20867.5,20264200,24.6,40
n100k_d128_l2,100000,128,l2,cluster,0.0500,0.0500,5000,C_acorn_g16,acorn,ACORN,16,16,16,250,10,0.8850,3069.8,311.75,434.58,476.42,590.25,325.75,995,930,6526,18197,24724,10267,14456,0,10,39343.5,23728392,24.6,40
n100k_d128_l2,100000,128,l2,cluster,0.0500,0.0500,5000,C_acorn_g32,acorn,ACORN,16,32,16,250,10,0.8480,3097.7,309.29,426.25,467.21,478.42,322.82,1100,1034,6737,16827,23566,10313,13253,0,10,101521.7,30656776,24.6,40
n100k_d128_l2,100000,128,l2,cluster,0.0500,0.0500,5000,A_std_standard,std,STANDARD,16,1,32,500,10,0.1550,2050.1,487.42,551.29,666.71,688.25,487.78,2042,2042,2042,0,2042,0,0,508,1,11604.8,14033032,24.6,32
n100k_d128_l2,100000,128,l2,cluster,0.0500,0.0500,5000,B_std_acorn1,std,ACORN,16,1,32,500,10,0.8810,752.8,1333.67,1680.62,1769.96,1783.38,1328.44,1257,1183,11758,143954,155714,62267,93446,0,10,11604.8,14033032,24.6,32
n100k_d128_l2,100000,128,l2,cluster,0.0500,0.0500,5000,D_large24_standard,large,STANDARD,24,1,48,500,10,0.1610,2021.8,491.62,563.17,643.46,665.00,494.62,2079,2079,2079,0,2079,0,0,507,2,10822.2,20424136,30.6,48
n100k_d128_l2,100000,128,l2,cluster,0.0500,0.0500,5000,E_large24_acorn1,large,ACORN,24,1,48,500,10,0.9100,516.7,1900.96,2518.42,2935.71,3076.17,1935.35,1399,1301,15207,244984,260192,100725,159467,0,10,10822.2,20424136,30.6,48
n100k_d128_l2,100000,128,l2,cluster,0.0500,0.0500,5000,D_large48_standard,large,STANDARD,48,1,96,500,10,0.1670,1986.2,499.62,548.79,646.38,664.75,503.47,2168,2168,2168,0,2168,0,0,505,3,10314.6,39618184,36.1,96
n100k_d128_l2,100000,128,l2,cluster,0.0500,0.0500,5000,E_large48_acorn1,large,ACORN,48,1,96,500,10,1.0000,372.5,2728.46,3054.71,3209.50,3419.33,2684.22,1628,1413,17927,374423,392352,150003,242348,0,10,10314.6,39618184,36.1,96
n100k_d128_l2,100000,128,l2,cluster,0.0500,0.0500,5000,C_acorn_g4,acorn,ACORN,16,4,16,500,10,0.8110,1402.1,688.58,885.17,1367.38,1598.92,713.21,1097,1043,12456,40805,53263,23432,29830,0,10,12923.4,18532104,24.5,40
n100k_d128_l2,100000,128,l2,cluster,0.0500,0.0500,5000,C_acorn_g8,acorn,ACORN,16,8,16,500,10,0.8330,1420.1,683.62,886.92,1009.21,1095.29,704.18,1141,1078,12388,40534,52924,23313,29610,0,10,20867.5,20264200,24.6,40
n100k_d128_l2,100000,128,l2,cluster,0.0500,0.0500,5000,C_acorn_g16,acorn,ACORN,16,16,16,500,10,0.8870,1423.4,681.79,880.46,968.38,1081.00,702.57,1143,1078,12659,41076,53736,23091,30645,0,10,39343.5,23728392,24.6,40
n100k_d128_l2,100000,128,l2,cluster,0.0500,0.0500,5000,C_acorn_g32,acorn,ACORN,16,32,16,500,10,0.8700,1414.9,689.92,842.88,923.08,984.50,706.75,1231,1165,12829,39067,51898,22896,29001,0,10,101521.7,30656776,24.6,40
n100k_d128_l2,100000,128,l2,cluster,0.0500,0.0500,5000,F_exact,exact,EXACT,16,0,0,0,100,1.0000,2116.4,457.21,544.33,581.46,596.33,472.50,5000,0,0,0,100000,0,0,0,100,0.0,0,0.0,0
n100k_d128_l2,100000,128,l2,cluster,0.0500,0.0500,5000,A_std_standard,std,STANDARD,16,1,32,50,100,0.0909,11743.2,86.42,98.04,100.54,117.83,85.16,1035,1035,1035,0,1035,0,0,59,11,11604.8,14033032,24.6,32
n100k_d128_l2,100000,128,l2,cluster,0.0500,0.0500,5000,B_std_acorn1,std,ACORN,16,1,32,50,100,0.7791,7740.5,120.17,198.04,247.04,251.12,129.19,814,739,722,8005,8729,2954,5775,0,100,11604.8,14033032,24.6,32
n100k_d128_l2,100000,128,l2,cluster,0.0500,0.0500,5000,D_large24_standard,large,STANDARD,24,1,48,50,100,0.1002,10371.1,96.42,112.88,128.42,219.62,96.42,1218,1218,1218,0,1218,0,0,57,11,10822.2,20424136,30.6,48
n100k_d128_l2,100000,128,l2,cluster,0.0500,0.0500,5000,E_large24_acorn1,large,ACORN,24,1,48,50,100,0.8127,5390.7,166.54,314.71,367.17,527.83,185.50,878,780,1058,17182,18242,5448,12794,0,100,10822.2,20424136,30.6,48
n100k_d128_l2,100000,128,l2,cluster,0.0500,0.0500,5000,D_large48_standard,large,STANDARD,48,1,96,50,100,0.1088,9357.5,106.79,128.12,149.25,161.88,106.87,1438,1438,1438,0,1438,0,0,56,12,10314.6,39618184,36.1,96
n100k_d128_l2,100000,128,l2,cluster,0.0500,0.0500,5000,E_large48_acorn1,large,ACORN,48,1,96,50,100,0.9376,3424.3,278.75,419.67,465.88,487.50,292.03,1096,881,1511,35782,37294,10500,26793,0,100,10314.6,39618184,36.1,96
n100k_d128_l2,100000,128,l2,cluster,0.0500,0.0500,5000,C_acorn_g4,acorn,ACORN,16,4,16,50,100,0.6929,11036.5,88.00,118.17,142.21,148.71,90.61,634,580,1358,2744,4104,1694,2410,0,100,12923.4,18532104,24.5,40
n100k_d128_l2,100000,128,l2,cluster,0.0500,0.0500,5000,C_acorn_g8,acorn,ACORN,16,8,16,50,100,0.7208,10713.3,86.33,126.29,186.00,213.54,93.34,657,594,1511,2764,4277,1741,2535,0,100,20867.5,20264200,24.6,40
n100k_d128_l2,100000,128,l2,cluster,0.0500,0.0500,5000,C_acorn_g16,acorn,ACORN,16,16,16,50,100,0.7454,10946.1,85.25,124.58,136.12,218.79,91.36,640,575,1708,2836,4545,1706,2839,0,100,39343.5,23728392,24.6,40
n100k_d128_l2,100000,128,l2,cluster,0.0500,0.0500,5000,C_acorn_g32,acorn,ACORN,16,32,16,50,100,0.6942,11062.8,85.62,130.92,166.25,175.38,90.39,654,588,1930,2720,4652,1749,2903,0,99,101521.7,30656776,24.6,40
n100k_d128_l2,100000,128,l2,cluster,0.0500,0.0500,5000,A_std_standard,std,STANDARD,16,1,32,100,100,0.1108,7635.1,129.38,161.46,176.58,207.54,130.97,1455,1455,1455,0,1455,0,0,108,11,11604.8,14033032,24.6,32
n100k_d128_l2,100000,128,l2,cluster,0.0500,0.0500,5000,B_std_acorn1,std,ACORN,16,1,32,100,100,0.8929,3911.5,228.62,428.54,475.29,526.67,255.66,964,890,1910,22825,24737,9000,15737,0,100,11604.8,14033032,24.6,32
n100k_d128_l2,100000,128,l2,cluster,0.0500,0.0500,5000,D_large24_standard,large,STANDARD,24,1,48,100,100,0.1172,7256.8,137.83,170.58,181.00,217.71,137.80,1638,1638,1638,0,1638,0,0,107,12,10822.2,20424136,30.6,48
n100k_d128_l2,100000,128,l2,cluster,0.0500,0.0500,5000,E_large24_acorn1,large,ACORN,24,1,48,100,100,0.8815,2708.1,333.67,548.50,849.12,893.46,369.26,1017,919,2641,43587,46230,15535,30694,0,100,10822.2,20424136,30.6,48
n100k_d128_l2,100000,128,l2,cluster,0.0500,0.0500,5000,D_large48_standard,large,STANDARD,48,1,96,100,100,0.1220,6919.2,146.29,167.04,188.12,262.38,144.52,1819,1819,1819,0,1819,0,0,106,12,10314.6,39618184,36.1,96
n100k_d128_l2,100000,128,l2,cluster,0.0500,0.0500,5000,E_large48_acorn1,large,ACORN,48,1,96,100,100,0.9772,1834.3,528.00,730.62,859.21,987.25,545.18,1202,988,3351,74829,78181,25564,52617,0,100,10314.6,39618184,36.1,96
n100k_d128_l2,100000,128,l2,cluster,0.0500,0.0500,5000,C_acorn_g4,acorn,ACORN,16,4,16,100,100,0.8019,7178.6,131.12,201.17,257.21,270.58,139.30,788,734,2479,5707,8188,3383,4804,0,100,12923.4,18532104,24.5,40
n100k_d128_l2,100000,128,l2,cluster,0.0500,0.0500,5000,C_acorn_g8,acorn,ACORN,16,8,16,100,100,0.8401,7107.7,129.38,191.92,281.21,299.00,140.69,816,754,2636,5677,8314,3455,4859,0,100,20867.5,20264200,24.6,40
n100k_d128_l2,100000,128,l2,cluster,0.0500,0.0500,5000,C_acorn_g16,acorn,ACORN,16,16,16,100,100,0.8756,6948.5,133.67,218.54,237.21,289.83,143.92,808,743,2868,5997,8867,3451,5415,0,100,39343.5,23728392,24.6,40
n100k_d128_l2,100000,128,l2,cluster,0.0500,0.0500,5000,C_acorn_g32,acorn,ACORN,16,32,16,100,100,0.8353,6989.3,132.67,211.21,261.75,276.42,143.08,881,814,3129,5630,8760,3565,5194,0,100,101521.7,30656776,24.6,40
n100k_d128_l2,100000,128,l2,cluster,0.0500,0.0500,5000,A_std_standard,std,STANDARD,16,1,32,250,100,0.1240,3936.4,255.58,292.04,378.33,442.46,254.04,1904,1904,1904,0,1904,0,0,258,12,11604.8,14033032,24.6,32
n100k_d128_l2,100000,128,l2,cluster,0.0500,0.0500,5000,B_std_acorn1,std,ACORN,16,1,32,250,100,0.9539,1506.0,641.38,910.62,970.92,1094.71,664.00,1115,1041,5653,69320,74974,29054,45920,0,100,11604.8,14033032,24.6,32
n100k_d128_l2,100000,128,l2,cluster,0.0500,0.0500,5000,D_large24_standard,large,STANDARD,24,1,48,250,100,0.1260,3821.9,263.08,323.92,364.21,377.08,261.65,2001,2001,2001,0,2001,0,0,257,12,10822.2,20424136,30.6,48
n100k_d128_l2,100000,128,l2,cluster,0.0500,0.0500,5000,E_large24_acorn1,large,ACORN,24,1,48,250,100,0.9604,1019.0,921.67,1544.46,1933.21,2031.12,981.32,1233,1135,7549,122912,130462,48444,82018,0,100,10822.2,20424136,30.6,48
n100k_d128_l2,100000,128,l2,cluster,0.0500,0.0500,5000,D_large48_standard,large,STANDARD,48,1,96,250,100,0.1304,3695.1,270.83,309.21,397.79,404.79,270.63,2105,2105,2105,0,2105,0,0,255,13,10314.6,39618184,36.1,96
n100k_d128_l2,100000,128,l2,cluster,0.0500,0.0500,5000,E_large48_acorn1,large,ACORN,48,1,96,250,100,0.9965,747.2,1348.50,1584.17,1938.92,2205.79,1338.39,1379,1165,8854,189512,198368,71961,126407,0,100,10314.6,39618184,36.1,96
n100k_d128_l2,100000,128,l2,cluster,0.0500,0.0500,5000,C_acorn_g4,acorn,ACORN,16,4,16,250,100,0.8699,2994.7,315.12,477.92,542.62,560.83,333.92,967,913,6130,17528,23660,10209,13450,0,100,12923.4,18532104,24.5,40
n100k_d128_l2,100000,128,l2,cluster,0.0500,0.0500,5000,C_acorn_g8,acorn,ACORN,16,8,16,250,100,0.8991,2977.2,313.67,457.79,586.46,589.00,335.88,1037,974,6323,17603,23928,10440,13487,0,100,20867.5,20264200,24.6,40
n100k_d128_l2,100000,128,l2,cluster,0.0500,0.0500,5000,C_acorn_g16,acorn,ACORN,16,16,16,250,100,0.9496,2933.3,326.38,453.12,518.33,548.96,340.91,995,930,6526,18197,24724,10267,14456,0,100,39343.5,23728392,24.6,40
n100k_d128_l2,100000,128,l2,cluster,0.0500,0.0500,5000,C_acorn_g32,acorn,ACORN,16,32,16,250,100,0.9051,2930.4,330.88,439.62,488.29,552.58,341.25,1100,1034,6737,16827,23566,10313,13253,0,100,101521.7,30656776,24.6,40
n100k_d128_l2,100000,128,l2,cluster,0.0500,0.0500,5000,A_std_standard,std,STANDARD,16,1,32,500,100,0.1275,2046.8,488.92,524.42,625.00,650.79,488.57,2042,2042,2042,0,2042,0,0,508,12,11604.8,14033032,24.6,32
n100k_d128_l2,100000,128,l2,cluster,0.0500,0.0500,5000,B_std_acorn1,std,ACORN,16,1,32,500,100,0.9624,745.2,1335.04,1693.25,1815.58,1868.79,1342.00,1257,1183,11758,143954,155714,62267,93446,0,100,11604.8,14033032,24.6,32
n100k_d128_l2,100000,128,l2,cluster,0.0500,0.0500,5000,D_large24_standard,large,STANDARD,24,1,48,500,100,0.1292,2030.3,487.96,583.29,628.42,684.58,492.53,2079,2079,2079,0,2079,0,0,507,13,10822.2,20424136,30.6,48
n100k_d128_l2,100000,128,l2,cluster,0.0500,0.0500,5000,E_large24_acorn1,large,ACORN,24,1,48,500,100,0.9798,509.2,1930.33,2616.92,2990.62,3287.54,1964.05,1399,1301,15207,244984,260192,100725,159467,0,100,10822.2,20424136,30.6,48
n100k_d128_l2,100000,128,l2,cluster,0.0500,0.0500,5000,D_large48_standard,large,STANDARD,48,1,96,500,100,0.1355,1989.0,498.50,555.92,640.54,662.21,502.76,2168,2168,2168,0,2168,0,0,505,14,10314.6,39618184,36.1,96
n100k_d128_l2,100000,128,l2,cluster,0.0500,0.0500,5000,E_large48_acorn1,large,ACORN,48,1,96,500,100,0.9996,368.6,2767.29,3145.58,3344.96,3347.71,2713.27,1628,1413,17927,374423,392352,150003,242348,0,100,10314.6,39618184,36.1,96
n100k_d128_l2,100000,128,l2,cluster,0.0500,0.0500,5000,C_acorn_g4,acorn,ACORN,16,4,16,500,100,0.8752,1365.7,700.42,898.96,1452.88,1582.21,732.24,1097,1043,12456,40805,53263,23432,29830,0,100,12923.4,18532104,24.5,40
n100k_d128_l2,100000,128,l2,cluster,0.0500,0.0500,5000,C_acorn_g8,acorn,ACORN,16,8,16,500,100,0.9066,1395.3,706.21,877.71,940.58,1286.21,716.71,1141,1078,12388,40534,52924,23313,29610,0,100,20867.5,20264200,24.6,40
n100k_d128_l2,100000,128,l2,cluster,0.0500,0.0500,5000,C_acorn_g16,acorn,ACORN,16,16,16,500,100,0.9607,1388.7,703.58,864.33,898.29,1079.38,720.09,1143,1078,12659,41076,53736,23091,30645,0,100,39343.5,23728392,24.6,40
n100k_d128_l2,100000,128,l2,cluster,0.0500,0.0500,5000,C_acorn_g32,acorn,ACORN,16,32,16,500,100,0.9220,1388.6,705.33,876.38,964.04,997.46,720.16,1231,1165,12829,39067,51898,22896,29001,0,100,101521.7,30656776,24.6,40
n100k_d128_l2,100000,128,l2,cluster,0.0200,0.0200,2000,F_exact,exact,EXACT,16,0,0,0,10,1.0000,4113.1,235.08,280.71,398.08,408.71,243.13,2000,0,0,0,100000,0,0,0,10,0.0,0,0.0,0
n100k_d128_l2,100000,128,l2,cluster,0.0200,0.0200,2000,A_std_standard,std,STANDARD,16,1,32,50,10,0.0300,13475.8,75.79,82.96,98.62,104.83,74.21,1035,1035,1035,0,1035,0,0,59,0,11604.8,14033032,24.6,32
n100k_d128_l2,100000,128,l2,cluster,0.0200,0.0200,2000,B_std_acorn1,std,ACORN,16,1,32,50,10,0.0000,339267.1,2.96,3.08,3.12,3.71,2.95,1,1,36,581,618,0,618,0,0,11604.8,14033032,24.6,32
n100k_d128_l2,100000,128,l2,cluster,0.0200,0.0200,2000,D_large24_standard,large,STANDARD,24,1,48,50,10,0.0280,12049.1,84.29,94.58,105.17,197.96,82.99,1218,1218,1218,0,1218,0,0,57,0,10822.2,20424136,30.6,48
n100k_d128_l2,100000,128,l2,cluster,0.0200,0.0200,2000,E_large24_acorn1,large,ACORN,24,1,48,50,10,0.7460,14380.2,66.33,82.17,95.33,225.12,69.54,1384,1287,518,3009,3528,2750,778,0,10,10822.2,20424136,30.6,48
n100k_d128_l2,100000,128,l2,cluster,0.0200,0.0200,2000,D_large48_standard,large,STANDARD,48,1,96,50,10,0.0300,10722.5,94.83,108.54,130.50,145.08,93.26,1438,1438,1438,0,1438,0,0,56,0,10314.6,39618184,36.1,96
n100k_d128_l2,100000,128,l2,cluster,0.0200,0.0200,2000,E_large48_acorn1,large,ACORN,48,1,96,50,10,0.8950,9998.7,97.71,120.50,127.71,144.75,100.01,1754,1643,1064,7898,8964,5107,3857,0,10,10314.6,39618184,36.1,96
n100k_d128_l2,100000,128,l2,cluster,0.0200,0.0200,2000,C_acorn_g4,acorn,ACORN,16,4,16,50,10,0.0000,297066.5,3.38,3.62,3.83,12.71,3.37,1,1,179,447,627,0,627,0,0,12923.4,18532104,24.5,40
n100k_d128_l2,100000,128,l2,cluster,0.0200,0.0200,2000,C_acorn_g8,acorn,ACORN,16,8,16,50,10,0.0000,338643.3,2.96,3.04,3.17,3.25,2.95,1,1,306,458,765,0,765,0,0,20867.5,20264200,24.6,40
n100k_d128_l2,100000,128,l2,cluster,0.0200,0.0200,2000,C_acorn_g16,acorn,ACORN,16,16,16,50,10,0.6720,19521.6,48.58,62.00,81.46,171.88,51.23,884,835,1555,778,2335,1806,528,0,10,39343.5,23728392,24.6,40
n100k_d128_l2,100000,128,l2,cluster,0.0200,0.0200,2000,C_acorn_g32,acorn,ACORN,16,32,16,50,10,0.6750,20256.2,47.71,57.83,73.00,93.79,49.37,884,835,1749,790,2540,1810,730,0,10,101521.7,30656776,24.6,40
n100k_d128_l2,100000,128,l2,cluster,0.0200,0.0200,2000,A_std_standard,std,STANDARD,16,1,32,100,10,0.0300,7925.5,127.12,146.12,171.50,224.58,126.18,1455,1455,1455,0,1455,0,0,108,0,11604.8,14033032,24.6,32
n100k_d128_l2,100000,128,l2,cluster,0.0200,0.0200,2000,B_std_acorn1,std,ACORN,16,1,32,100,10,0.0000,375233.1,2.62,2.88,3.00,3.33,2.67,1,1,36,581,618,0,618,0,0,11604.8,14033032,24.6,32
n100k_d128_l2,100000,128,l2,cluster,0.0200,0.0200,2000,D_large24_standard,large,STANDARD,24,1,48,100,10,0.0300,7471.7,135.25,161.29,170.83,175.75,133.84,1638,1638,1638,0,1638,0,0,107,0,10822.2,20424136,30.6,48
n100k_d128_l2,100000,128,l2,cluster,0.0200,0.0200,2000,E_large24_acorn1,large,ACORN,24,1,48,100,10,0.9130,8542.3,112.29,140.00,155.29,302.00,117.06,1783,1686,1457,4924,6383,5488,895,0,10,10822.2,20424136,30.6,48
n100k_d128_l2,100000,128,l2,cluster,0.0200,0.0200,2000,D_large48_standard,large,STANDARD,48,1,96,100,10,0.0300,7006.8,145.00,169.12,185.04,211.21,142.72,1819,1819,1819,0,1819,0,0,106,0,10314.6,39618184,36.1,96
n100k_d128_l2,100000,128,l2,cluster,0.0200,0.0200,2000,E_large48_acorn1,large,ACORN,48,1,96,100,10,0.9770,6879.7,141.42,169.08,179.00,303.58,145.35,1996,1885,2752,10559,13313,9104,4208,0,10,10314.6,39618184,36.1,96
n100k_d128_l2,100000,128,l2,cluster,0.0200,0.0200,2000,C_acorn_g4,acorn,ACORN,16,4,16,100,10,0.0000,262153.4,3.79,4.00,4.04,4.29,3.81,1,1,179,447,627,0,627,0,0,12923.4,18532104,24.5,40
n100k_d128_l2,100000,128,l2,cluster,0.0200,0.0200,2000,C_acorn_g8,acorn,ACORN,16,8,16,100,10,0.0000,303764.9,3.25,3.42,3.79,3.83,3.29,1,1,306,458,765,0,765,0,0,20867.5,20264200,24.6,40
n100k_d128_l2,100000,128,l2,cluster,0.0200,0.0200,2000,C_acorn_g16,acorn,ACORN,16,16,16,100,10,0.8270,11420.9,85.75,102.54,113.00,147.12,87.56,1239,1190,2569,1538,4108,3563,544,0,10,39343.5,23728392,24.6,40
n100k_d128_l2,100000,128,l2,cluster,0.0200,0.0200,2000,C_acorn_g32,acorn,ACORN,16,32,16,100,10,0.8120,11163.4,86.00,102.50,120.25,232.75,89.58,1239,1189,2768,1577,4347,3577,769,0,10,101521.7,30656776,24.6,40
n100k_d128_l2,100000,128,l2,cluster,0.0200,0.0200,2000,A_std_standard,std,STANDARD,16,1,32,250,10,0.0300,3978.1,254.71,281.54,349.50,365.00,251.38,1904,1904,1904,0,1904,0,0,258,0,11604.8,14033032,24.6,32
n100k_d128_l2,100000,128,l2,cluster,0.0200,0.0200,2000,B_std_acorn1,std,ACORN,16,1,32,250,10,0.0000,308399.3,3.25,3.54,3.67,4.04,3.24,1,1,36,581,618,0,618,0,0,11604.8,14033032,24.6,32
n100k_d128_l2,100000,128,l2,cluster,0.0200,0.0200,2000,D_large24_standard,large,STANDARD,24,1,48,250,10,0.0300,3845.3,260.75,298.46,379.38,437.04,260.06,2001,2001,2001,0,2001,0,0,257,0,10822.2,20424136,30.6,48
n100k_d128_l2,100000,128,l2,cluster,0.0200,0.0200,2000,E_large24_acorn1,large,ACORN,24,1,48,250,10,0.9970,4353.5,225.42,258.29,323.75,341.58,229.70,2052,1955,5784,8655,14441,13182,1258,0,10,10822.2,20424136,30.6,48
n100k_d128_l2,100000,128,l2,cluster,0.0200,0.0200,2000,D_large48_standard,large,STANDARD,48,1,96,250,10,0.0300,3721.4,270.17,303.88,378.83,393.38,268.71,2105,2105,2105,0,2105,0,0,255,0,10314.6,39618184,36.1,96
n100k_d128_l2,100000,128,l2,cluster,0.0200,0.0200,2000,E_large48_acorn1,large,ACORN,48,1,96,250,10,0.9990,3804.6,252.71,310.38,451.17,452.71,262.84,2094,1983,8511,15466,23979,18198,5781,0,10,10314.6,39618184,36.1,96
n100k_d128_l2,100000,128,l2,cluster,0.0200,0.0200,2000,C_acorn_g4,acorn,ACORN,16,4,16,250,10,0.0000,258373.2,3.83,4.12,4.25,4.38,3.87,1,1,179,447,627,0,627,0,0,12923.4,18532104,24.5,40
n100k_d128_l2,100000,128,l2,cluster,0.0200,0.0200,2000,C_acorn_g8,acorn,ACORN,16,8,16,250,10,0.0000,312787.4,3.12,3.62,3.67,3.75,3.20,1,1,306,458,765,0,765,0,0,20867.5,20264200,24.6,40
n100k_d128_l2,100000,128,l2,cluster,0.0200,0.0200,2000,C_acorn_g16,acorn,ACORN,16,16,16,250,10,0.9510,4987.0,195.17,227.00,290.21,366.83,200.52,1747,1698,5813,3660,9474,8869,604,0,10,39343.5,23728392,24.6,40
n100k_d128_l2,100000,128,l2,cluster,0.0200,0.0200,2000,C_acorn_g32,acorn,ACORN,16,32,16,250,10,0.9560,5001.9,195.96,225.08,268.50,281.71,199.92,1748,1698,6036,3824,9862,8932,930,0,10,101521.7,30656776,24.6,40
n100k_d128_l2,100000,128,l2,cluster,0.0200,0.0200,2000,A_std_standard,std,STANDARD,16,1,32,500,10,0.0300,2048.0,487.12,567.12,611.54,627.33,488.29,2042,2042,2042,0,2042,0,0,508,0,11604.8,14033032,24.6,32
n100k_d128_l2,100000,128,l2,cluster,0.0200,0.0200,2000,B_std_acorn1,std,ACORN,16,1,32,500,10,0.0000,277362.5,3.54,3.83,4.33,11.79,3.61,1,1,36,581,618,0,618,0,0,11604.8,14033032,24.6,32
n100k_d128_l2,100000,128,l2,cluster,0.0200,0.0200,2000,D_large24_standard,large,STANDARD,24,1,48,500,10,0.0300,2039.6,487.00,553.62,646.38,667.42,490.29,2079,2079,2079,0,2079,0,0,507,0,10822.2,20424136,30.6,48
n100k_d128_l2,100000,128,l2,cluster,0.0200,0.0200,2000,E_large24_acorn1,large,ACORN,24,1,48,500,10,1.0000,2184.3,442.50,553.92,639.46,709.92,457.81,2092,1995,13671,12309,25981,24197,1783,0,10,10822.2,20424136,30.6,48
n100k_d128_l2,100000,128,l2,cluster,0.0200,0.0200,2000,D_large48_standard,large,STANDARD,48,1,96,500,10,0.0300,1988.5,497.42,583.62,664.54,701.75,502.89,2168,2168,2168,0,2168,0,0,505,0,10314.6,39618184,36.1,96
n100k_d128_l2,100000,128,l2,cluster,0.0200,0.0200,2000,E_large48_acorn1,large,ACORN,48,1,96,500,10,1.0000,2006.0,483.88,589.88,682.12,694.12,498.51,2109,1998,18228,21378,39607,31694,7912,0,10,10314.6,39618184,36.1,96
n100k_d128_l2,100000,128,l2,cluster,0.0200,0.0200,2000,C_acorn_g4,acorn,ACORN,16,4,16,500,10,0.0000,285582.9,3.46,3.83,3.96,4.08,3.50,1,1,179,447,627,0,627,0,0,12923.4,18532104,24.5,40
n100k_d128_l2,100000,128,l2,cluster,0.0200,0.0200,2000,C_acorn_g8,acorn,ACORN,16,8,16,500,10,0.0000,328546.4,3.00,3.42,3.46,3.46,3.04,1,1,306,458,765,0,765,0,0,20867.5,20264200,24.6,40
n100k_d128_l2,100000,128,l2,cluster,0.0200,0.0200,2000,C_acorn_g16,acorn,ACORN,16,16,16,500,10,0.9970,2371.1,410.17,482.04,543.00,552.54,421.75,1995,1946,11715,6397,18114,17396,718,0,10,39343.5,23728392,24.6,40
n100k_d128_l2,100000,128,l2,cluster,0.0200,0.0200,2000,C_acorn_g32,acorn,ACORN,16,32,16,500,10,0.9980,2310.9,421.21,519.88,596.38,639.08,432.73,1995,1946,11980,6810,18792,17597,1194,0,10,101521.7,30656776,24.6,40
n100k_d128_l2,100000,128,l2,cluster,0.0200,0.0200,2000,F_exact,exact,EXACT,16,0,0,0,100,1.0000,4094.8,237.67,280.79,327.25,366.25,244.21,2000,0,0,0,100000,0,0,0,100,0.0,0,0.0,0
n100k_d128_l2,100000,128,l2,cluster,0.0200,0.0200,2000,A_std_standard,std,STANDARD,16,1,32,50,100,0.0253,11626.4,87.08,98.21,122.12,127.12,86.01,1035,1035,1035,0,1035,0,0,59,3,11604.8,14033032,24.6,32
n100k_d128_l2,100000,128,l2,cluster,0.0200,0.0200,2000,B_std_acorn1,std,ACORN,16,1,32,50,100,0.0000,346117.8,2.88,3.04,3.12,3.54,2.89,1,1,36,581,618,0,618,0,0,11604.8,14033032,24.6,32
n100k_d128_l2,100000,128,l2,cluster,0.0200,0.0200,2000,D_large24_standard,large,STANDARD,24,1,48,50,100,0.0279,10528.4,94.62,118.00,142.42,169.33,94.98,1218,1218,1218,0,1218,0,0,57,3,10822.2,20424136,30.6,48
n100k_d128_l2,100000,128,l2,cluster,0.0200,0.0200,2000,E_large24_acorn1,large,ACORN,24,1,48,50,100,0.7038,10960.1,88.04,110.92,150.04,154.96,91.24,1384,1287,518,3009,3528,2750,778,0,100,10822.2,20424136,30.6,48
n100k_d128_l2,100000,128,l2,cluster,0.0200,0.0200,2000,D_large48_standard,large,STANDARD,48,1,96,50,100,0.0285,9242.4,109.08,128.21,161.75,165.75,108.20,1438,1438,1438,0,1438,0,0,56,3,10314.6,39618184,36.1,96
n100k_d128_l2,100000,128,l2,cluster,0.0200,0.0200,2000,E_large48_acorn1,large,ACORN,48,1,96,50,100,0.8791,8126.9,120.62,141.54,152.12,206.46,123.05,1754,1643,1064,7898,8964,5107,3857,0,100,10314.6,39618184,36.1,96
n100k_d128_l2,100000,128,l2,cluster,0.0200,0.0200,2000,C_acorn_g4,acorn,ACORN,16,4,16,50,100,0.0000,288050.8,3.46,3.62,4.12,4.12,3.47,1,1,179,447,627,0,627,0,0,12923.4,18532104,24.5,40
n100k_d128_l2,100000,128,l2,cluster,0.0200,0.0200,2000,C_acorn_g8,acorn,ACORN,16,8,16,50,100,0.0000,289782.8,3.42,3.62,5.21,23.12,3.45,1,1,306,458,765,0,765,0,0,20867.5,20264200,24.6,40
n100k_d128_l2,100000,128,l2,cluster,0.0200,0.0200,2000,C_acorn_g16,acorn,ACORN,16,16,16,50,100,0.5930,14984.5,65.00,76.50,86.67,87.75,66.74,884,835,1555,778,2335,1806,528,0,100,39343.5,23728392,24.6,40
n100k_d128_l2,100000,128,l2,cluster,0.0200,0.0200,2000,C_acorn_g32,acorn,ACORN,16,32,16,50,100,0.5951,14519.3,65.62,84.75,108.54,130.21,68.87,884,835,1749,790,2540,1810,730,0,100,101521.7,30656776,24.6,40
n100k_d128_l2,100000,128,l2,cluster,0.0200,0.0200,2000,A_std_standard,std,STANDARD,16,1,32,100,100,0.0284,7813.7,129.71,157.71,201.25,212.96,127.98,1455,1455,1455,0,1455,0,0,108,3,11604.8,14033032,24.6,32
n100k_d128_l2,100000,128,l2,cluster,0.0200,0.0200,2000,B_std_acorn1,std,ACORN,16,1,32,100,100,0.0000,368095.0,2.67,2.92,3.00,3.17,2.72,1,1,36,581,618,0,618,0,0,11604.8,14033032,24.6,32
n100k_d128_l2,100000,128,l2,cluster,0.0200,0.0200,2000,D_large24_standard,large,STANDARD,24,1,48,100,100,0.0299,7202.9,140.21,162.83,219.25,260.21,138.83,1638,1638,1638,0,1638,0,0,107,3,10822.2,20424136,30.6,48
n100k_d128_l2,100000,128,l2,cluster,0.0200,0.0200,2000,E_large24_acorn1,large,ACORN,24,1,48,100,100,0.8916,7998.8,122.46,142.46,149.04,149.50,125.02,1783,1686,1457,4924,6383,5488,895,0,100,10822.2,20424136,30.6,48
n100k_d128_l2,100000,128,l2,cluster,0.0200,0.0200,2000,D_large48_standard,large,STANDARD,48,1,96,100,100,0.0299,6847.3,148.12,173.58,204.08,223.42,146.04,1819,1819,1819,0,1819,0,0,106,3,10314.6,39618184,36.1,96
n100k_d128_l2,100000,128,l2,cluster,0.0200,0.0200,2000,E_large48_acorn1,large,ACORN,48,1,96,100,100,0.9739,6210.6,156.71,204.50,256.62,307.04,161.01,1996,1885,2752,10559,13313,9104,4208,0,100,10314.6,39618184,36.1,96
n100k_d128_l2,100000,128,l2,cluster,0.0200,0.0200,2000,C_acorn_g4,acorn,ACORN,16,4,16,100,100,0.0000,304138.1,3.33,3.58,3.67,3.83,3.29,1,1,179,447,627,0,627,0,0,12923.4,18532104,24.5,40
n100k_d128_l2,100000,128,l2,cluster,0.0200,0.0200,2000,C_acorn_g8,acorn,ACORN,16,8,16,100,100,0.0000,351798.0,2.83,3.00,3.00,3.17,2.84,1,1,306,458,765,0,765,0,0,20867.5,20264200,24.6,40
n100k_d128_l2,100000,128,l2,cluster,0.0200,0.0200,2000,C_acorn_g16,acorn,ACORN,16,16,16,100,100,0.7600,10565.6,93.54,103.58,119.83,121.12,94.65,1239,1190,2569,1538,4108,3563,544,0,100,39343.5,23728392,24.6,40
n100k_d128_l2,100000,128,l2,cluster,0.0200,0.0200,2000,C_acorn_g32,acorn,ACORN,16,32,16,100,100,0.7576,10165.2,93.42,126.42,166.17,194.79,98.37,1239,1189,2768,1577,4347,3577,769,0,100,101521.7,30656776,24.6,40
n100k_d128_l2,100000,128,l2,cluster,0.0200,0.0200,2000,A_std_standard,std,STANDARD,16,1,32,250,100,0.0300,3939.1,258.58,286.96,347.42,391.50,253.86,1904,1904,1904,0,1904,0,0,258,3,11604.8,14033032,24.6,32
n100k_d128_l2,100000,128,l2,cluster,0.0200,0.0200,2000,B_std_acorn1,std,ACORN,16,1,32,250,100,0.0000,315496.2,3.17,3.50,3.62,3.96,3.17,1,1,36,581,618,0,618,0,0,11604.8,14033032,24.6,32
n100k_d128_l2,100000,128,l2,cluster,0.0200,0.0200,2000,D_large24_standard,large,STANDARD,24,1,48,250,100,0.0304,3870.3,263.25,288.25,313.29,412.25,258.38,2001,2001,2001,0,2001,0,0,257,3,10822.2,20424136,30.6,48
n100k_d128_l2,100000,128,l2,cluster,0.0200,0.0200,2000,E_large24_acorn1,large,ACORN,24,1,48,250,100,0.9930,4065.7,241.12,276.58,370.29,403.50,245.96,2052,1955,5784,8655,14441,13182,1258,0,100,10822.2,20424136,30.6,48
n100k_d128_l2,100000,128,l2,cluster,0.0200,0.0200,2000,D_large48_standard,large,STANDARD,48,1,96,250,100,0.0302,3747.4,268.00,305.17,350.92,444.08,266.85,2105,2105,2105,0,2105,0,0,255,3,10314.6,39618184,36.1,96
n100k_d128_l2,100000,128,l2,cluster,0.0200,0.0200,2000,E_large48_acorn1,large,ACORN,48,1,96,250,100,0.9988,3548.9,270.62,337.71,442.12,457.00,281.78,2094,1983,8511,15466,23979,18198,5781,0,100,10314.6,39618184,36.1,96
n100k_d128_l2,100000,128,l2,cluster,0.0200,0.0200,2000,C_acorn_g4,acorn,ACORN,16,4,16,250,100,0.0000,264430.6,3.75,4.04,4.08,4.21,3.78,1,1,179,447,627,0,627,0,0,12923.4,18532104,24.5,40
n100k_d128_l2,100000,128,l2,cluster,0.0200,0.0200,2000,C_acorn_g8,acorn,ACORN,16,8,16,250,100,0.0000,285005.8,3.58,3.71,3.79,3.83,3.51,1,1,306,458,765,0,765,0,0,20867.5,20264200,24.6,40
n100k_d128_l2,100000,128,l2,cluster,0.0200,0.0200,2000,C_acorn_g16,acorn,ACORN,16,16,16,250,100,0.9386,4691.4,208.67,236.25,267.88,375.83,213.15,1747,1698,5813,3660,9474,8869,604,0,100,39343.5,23728392,24.6,40
n100k_d128_l2,100000,128,l2,cluster,0.0200,0.0200,2000,C_acorn_g32,acorn,ACORN,16,32,16,250,100,0.9370,4634.8,209.58,235.92,302.21,412.67,215.76,1748,1698,6036,3824,9862,8932,930,0,100,101521.7,30656776,24.6,40
n100k_d128_l2,100000,128,l2,cluster,0.0200,0.0200,2000,A_std_standard,std,STANDARD,16,1,32,500,100,0.0302,2045.6,489.00,534.92,636.12,644.62,488.85,2042,2042,2042,0,2042,0,0,508,3,11604.8,14033032,24.6,32
n100k_d128_l2,100000,128,l2,cluster,0.0200,0.0200,2000,B_std_acorn1,std,ACORN,16,1,32,500,100,0.0000,286057.6,3.50,3.75,3.88,4.21,3.50,1,1,36,581,618,0,618,0,0,11604.8,14033032,24.6,32
n100k_d128_l2,100000,128,l2,cluster,0.0200,0.0200,2000,D_large24_standard,large,STANDARD,24,1,48,500,100,0.0304,2055.0,484.79,529.67,608.46,611.42,486.63,2079,2079,2079,0,2079,0,0,507,3,10822.2,20424136,30.6,48
n100k_d128_l2,100000,128,l2,cluster,0.0200,0.0200,2000,E_large24_acorn1,large,ACORN,24,1,48,500,100,0.9999,2141.5,456.12,560.62,624.54,639.67,466.97,2092,1995,13671,12309,25981,24197,1783,0,100,10822.2,20424136,30.6,48
n100k_d128_l2,100000,128,l2,cluster,0.0200,0.0200,2000,D_large48_standard,large,STANDARD,48,1,96,500,100,0.0303,1969.0,502.08,585.00,684.04,697.00,507.87,2168,2168,2168,0,2168,0,0,505,3,10314.6,39618184,36.1,96
n100k_d128_l2,100000,128,l2,cluster,0.0200,0.0200,2000,E_large48_acorn1,large,ACORN,48,1,96,500,100,1.0000,1931.7,501.58,591.83,718.62,720.67,517.67,2109,1998,18228,21378,39607,31694,7912,0,100,10314.6,39618184,36.1,96
n100k_d128_l2,100000,128,l2,cluster,0.0200,0.0200,2000,C_acorn_g4,acorn,ACORN,16,4,16,500,100,0.0000,289747.6,3.42,3.79,3.83,4.12,3.45,1,1,179,447,627,0,627,0,0,12923.4,18532104,24.5,40
n100k_d128_l2,100000,128,l2,cluster,0.0200,0.0200,2000,C_acorn_g8,acorn,ACORN,16,8,16,500,100,0.0000,328855.4,2.96,3.46,3.46,3.50,3.04,1,1,306,458,765,0,765,0,0,20867.5,20264200,24.6,40
n100k_d128_l2,100000,128,l2,cluster,0.0200,0.0200,2000,C_acorn_g16,acorn,ACORN,16,16,16,500,100,0.9960,2272.1,423.62,533.08,626.58,632.75,440.13,1995,1946,11715,6397,18114,17396,718,0,100,39343.5,23728392,24.6,40
n100k_d128_l2,100000,128,l2,cluster,0.0200,0.0200,2000,C_acorn_g32,acorn,ACORN,16,32,16,500,100,0.9941,2289.3,426.54,495.17,614.38,635.88,436.81,1995,1946,11980,6810,18792,17597,1194,0,100,101521.7,30656776,24.6,40
n100k_d128_l2,100000,128,l2,cluster,0.0100,0.0100,1000,F_exact,exact,EXACT,16,0,0,0,10,1.0000,5844.5,168.25,192.29,218.04,226.29,171.10,1000,0,0,0,100000,0,0,0,10,0.0,0,0.0,0
n100k_d128_l2,100000,128,l2,cluster,0.0100,0.0100,1000,A_std_standard,std,STANDARD,16,1,32,50,10,0.0170,13252.7,76.04,87.58,100.54,154.62,75.46,1035,1035,1035,0,1035,0,0,59,0,11604.8,14033032,24.6,32
n100k_d128_l2,100000,128,l2,cluster,0.0100,0.0100,1000,B_std_acorn1,std,ACORN,16,1,32,50,10,0.0000,298725.0,3.38,3.58,3.58,4.12,3.35,1,1,36,581,618,0,618,0,0,11604.8,14033032,24.6,32
n100k_d128_l2,100000,128,l2,cluster,0.0100,0.0100,1000,D_large24_standard,large,STANDARD,24,1,48,50,10,0.0190,11784.5,85.50,97.83,117.25,154.00,84.86,1218,1218,1218,0,1218,0,0,57,0,10822.2,20424136,30.6,48
n100k_d128_l2,100000,128,l2,cluster,0.0100,0.0100,1000,E_large24_acorn1,large,ACORN,24,1,48,50,10,0.0000,223485.7,4.42,4.67,5.29,5.38,4.47,1,1,65,1412,1478,0,1478,0,0,10822.2,20424136,30.6,48
n100k_d128_l2,100000,128,l2,cluster,0.0100,0.0100,1000,D_large48_standard,large,STANDARD,48,1,96,50,10,0.0190,10646.0,94.92,112.17,122.08,148.29,93.93,1438,1438,1438,0,1438,0,0,56,0,10314.6,39618184,36.1,96
n100k_d128_l2,100000,128,l2,cluster,0.0100,0.0100,1000,E_large48_acorn1,large,ACORN,48,1,96,50,10,0.9970,6108.9,160.58,194.04,226.96,249.38,163.70,1100,995,1518,19753,21272,11534,9738,0,10,10314.6,39618184,36.1,96
n100k_d128_l2,100000,128,l2,cluster,0.0100,0.0100,1000,C_acorn_g4,acorn,ACORN,16,4,16,50,10,0.0000,312139.1,3.29,3.75,4.04,4.67,3.20,1,1,179,447,627,0,627,0,0,12923.4,18532104,24.5,40
n100k_d128_l2,100000,128,l2,cluster,0.0100,0.0100,1000,C_acorn_g8,acorn,ACORN,16,8,16,50,10,0.8480,18413.0,52.62,61.12,112.25,122.58,54.31,706,696,1530,1339,2870,1792,1078,0,10,20867.5,20264200,24.6,40
n100k_d128_l2,100000,128,l2,cluster,0.0100,0.0100,1000,C_acorn_g16,acorn,ACORN,16,16,16,50,10,0.8410,18720.1,52.12,62.67,77.38,104.71,53.42,744,703,1869,1310,3180,1790,1390,0,10,39343.5,23728392,24.6,40
n100k_d128_l2,100000,128,l2,cluster,0.0100,0.0100,1000,C_acorn_g32,acorn,ACORN,16,32,16,50,10,0.0000,199714.0,5.21,5.54,5.79,10.67,5.01,1,1,921,605,1527,0,1527,0,0,101521.7,30656776,24.6,40
n100k_d128_l2,100000,128,l2,cluster,0.0100,0.0100,1000,A_std_standard,std,STANDARD,16,1,32,100,10,0.0190,8051.8,126.75,145.08,156.50,218.04,124.20,1455,1455,1455,0,1455,0,0,108,0,11604.8,14033032,24.6,32
n100k_d128_l2,100000,128,l2,cluster,0.0100,0.0100,1000,B_std_acorn1,std,ACORN,16,1,32,100,10,0.0000,309877.7,3.21,3.50,3.58,3.92,3.23,1,1,36,581,618,0,618,0,0,11604.8,14033032,24.6,32
n100k_d128_l2,100000,128,l2,cluster,0.0100,0.0100,1000,D_large24_standard,large,STANDARD,24,1,48,100,10,0.0200,7277.9,137.04,168.62,219.88,239.21,137.40,1638,1638,1638,0,1638,0,0,107,0,10822.2,20424136,30.6,48
n100k_d128_l2,100000,128,l2,cluster,0.0100,0.0100,1000,E_large24_acorn1,large,ACORN,24,1,48,100,10,0.0000,205303.4,4.79,5.29,5.38,5.79,4.87,1,1,65,1412,1478,0,1478,0,0,10822.2,20424136,30.6,48
n100k_d128_l2,100000,128,l2,cluster,0.0100,0.0100,1000,D_large48_standard,large,STANDARD,48,1,96,100,10,0.0200,6953.6,146.08,169.96,195.83,323.50,143.81,1819,1819,1819,0,1819,0,0,106,0,10314.6,39618184,36.1,96
n100k_d128_l2,100000,128,l2,cluster,0.0100,0.0100,1000,E_large48_acorn1,large,ACORN,48,1,96,100,10,1.0000,2938.9,331.12,394.92,499.54,559.38,340.26,1105,999,3802,45809,49612,29152,20460,0,10,10314.6,39618184,36.1,96
n100k_d128_l2,100000,128,l2,cluster,0.0100,0.0100,1000,C_acorn_g4,acorn,ACORN,16,4,16,100,10,0.0000,308561.0,3.04,3.75,3.92,4.08,3.24,1,1,179,447,627,0,627,0,0,12923.4,18532104,24.5,40
n100k_d128_l2,100000,128,l2,cluster,0.0100,0.0100,1000,C_acorn_g8,acorn,ACORN,16,8,16,100,10,0.9590,10808.7,90.83,103.08,120.92,132.96,92.52,888,878,2699,3022,5722,3871,1850,0,10,20867.5,20264200,24.6,40
n100k_d128_l2,100000,128,l2,cluster,0.0100,0.0100,1000,C_acorn_g16,acorn,ACORN,16,16,16,100,10,0.9730,10584.8,92.21,108.58,131.33,134.54,94.47,933,892,3036,2966,6003,3856,2147,0,10,39343.5,23728392,24.6,40
n100k_d128_l2,100000,128,l2,cluster,0.0100,0.0100,1000,C_acorn_g32,acorn,ACORN,16,32,16,100,10,0.0000,205532.9,4.83,5.08,5.17,5.25,4.87,1,1,921,605,1527,0,1527,0,0,101521.7,30656776,24.6,40
n100k_d128_l2,100000,128,l2,cluster,0.0100,0.0100,1000,A_std_standard,std,STANDARD,16,1,32,250,10,0.0190,3898.7,257.00,299.83,338.21,376.75,256.50,1904,1904,1904,0,1904,0,0,258,0,11604.8,14033032,24.6,32
n100k_d128_l2,100000,128,l2,cluster,0.0100,0.0100,1000,B_std_acorn1,std,ACORN,16,1,32,250,10,0.0000,298991.2,3.33,3.67,3.75,4.00,3.34,1,1,36,581,618,0,618,0,0,11604.8,14033032,24.6,32
n100k_d128_l2,100000,128,l2,cluster,0.0100,0.0100,1000,D_large24_standard,large,STANDARD,24,1,48,250,10,0.0200,3854.2,263.42,291.46,346.04,363.67,259.46,2001,2001,2001,0,2001,0,0,257,0,10822.2,20424136,30.6,48
n100k_d128_l2,100000,128,l2,cluster,0.0100,0.0100,1000,E_large24_acorn1,large,ACORN,24,1,48,250,10,0.0000,206809.8,4.79,5.08,5.29,5.42,4.84,1,1,65,1412,1478,0,1478,0,0,10822.2,20424136,30.6,48
n100k_d128_l2,100000,128,l2,cluster,0.0100,0.0100,1000,D_large48_standard,large,STANDARD,48,1,96,250,10,0.0200,3808.9,265.08,303.92,330.33,371.58,262.55,2105,2105,2105,0,2105,0,0,255,0,10314.6,39618184,36.1,96
n100k_d128_l2,100000,128,l2,cluster,0.0100,0.0100,1000,E_large48_acorn1,large,ACORN,48,1,96,250,10,1.0000,1122.6,865.83,1060.54,1173.58,1174.92,890.77,1105,1000,10764,125074,135839,82705,53134,0,10,10314.6,39618184,36.1,96
n100k_d128_l2,100000,128,l2,cluster,0.0100,0.0100,1000,C_acorn_g4,acorn,ACORN,16,4,16,250,10,0.0000,294554.3,3.33,3.83,4.00,4.08,3.39,1,1,179,447,627,0,627,0,0,12923.4,18532104,24.5,40
n100k_d128_l2,100000,128,l2,cluster,0.0100,0.0100,1000,C_acorn_g8,acorn,ACORN,16,8,16,250,10,0.9760,4163.7,228.54,315.71,384.67,387.29,240.17,984,974,6555,14236,20793,15135,5657,0,10,20867.5,20264200,24.6,40
n100k_d128_l2,100000,128,l2,cluster,0.0100,0.0100,1000,C_acorn_g16,acorn,ACORN,16,16,16,250,10,1.0000,3997.4,235.92,345.83,481.75,512.50,250.16,1037,996,6894,13958,20853,15019,5834,0,10,39343.5,23728392,24.6,40
n100k_d128_l2,100000,128,l2,cluster,0.0100,0.0100,1000,C_acorn_g32,acorn,ACORN,16,32,16,250,10,0.0000,180232.5,3.83,14.71,31.17,47.29,5.55,1,1,921,605,1527,0,1527,0,0,101521.7,30656776,24.6,40
n100k_d128_l2,100000,128,l2,cluster,0.0100,0.0100,1000,A_std_standard,std,STANDARD,16,1,32,500,10,0.0200,2043.6,488.38,565.25,632.04,681.17,489.34,2042,2042,2042,0,2042,0,0,508,0,11604.8,14033032,24.6,32
n100k_d128_l2,100000,128,l2,cluster,0.0100,0.0100,1000,B_std_acorn1,std,ACORN,16,1,32,500,10,0.0000,255510.1,3.92,4.00,4.12,4.46,3.91,1,1,36,581,618,0,618,0,0,11604.8,14033032,24.6,32
n100k_d128_l2,100000,128,l2,cluster,0.0100,0.0100,1000,D_large24_standard,large,STANDARD,24,1,48,500,10,0.0200,2028.7,491.92,556.04,652.62,653.92,492.93,2079,2079,2079,0,2079,0,0,507,0,10822.2,20424136,30.6,48
n100k_d128_l2,100000,128,l2,cluster,0.0100,0.0100,1000,E_large24_acorn1,large,ACORN,24,1,48,500,10,0.0000,226328.3,4.38,4.67,4.83,5.25,4.42,1,1,65,1412,1478,0,1478,0,0,10822.2,20424136,30.6,48
n100k_d128_l2,100000,128,l2,cluster,0.0100,0.0100,1000,D_large48_standard,large,STANDARD,48,1,96,500,10,0.0200,1996.6,495.25,577.12,638.62,664.12,500.86,2168,2168,2168,0,2168,0,0,505,0,10314.6,39618184,36.1,96
n100k_d128_l2,100000,128,l2,cluster,0.0100,0.0100,1000,E_large48_acorn1,large,ACORN,48,1,96,500,10,1.0000,537.3,1834.50,2045.17,2122.96,2124.96,1861.12,1105,1000,22315,257841,280158,172422,107735,0,10,10314.6,39618184,36.1,96
n100k_d128_l2,100000,128,l2,cluster,0.0100,0.0100,1000,C_acorn_g4,acorn,ACORN,16,4,16,500,10,0.0000,318807.4,2.96,3.71,3.79,4.00,3.14,1,1,179,447,627,0,627,0,0,12923.4,18532104,24.5,40
n100k_d128_l2,100000,128,l2,cluster,0.0100,0.0100,1000,C_acorn_g8,acorn,ACORN,16,8,16,500,10,0.9760,1803.8,534.67,653.75,754.17,768.12,554.39,986,977,13187,38353,51542,38354,13187,0,10,20867.5,20264200,24.6,40
n100k_d128_l2,100000,128,l2,cluster,0.0100,0.0100,1000,C_acorn_g16,acorn,ACORN,16,16,16,500,10,1.0000,1805.2,535.88,664.88,733.62,850.71,553.94,1040,998,13502,37712,51216,38109,13106,0,10,39343.5,23728392,24.6,40
n100k_d128_l2,100000,128,l2,cluster,0.0100,0.0100,1000,C_acorn_g32,acorn,ACORN,16,32,16,500,10,0.0000,206520.7,4.83,5.04,5.42,12.21,4.84,1,1,921,605,1527,0,1527,0,0,101521.7,30656776,24.6,40
n100k_d128_l2,100000,128,l2,cluster,0.0050,0.0050,500,F_exact,exact,EXACT,16,0,0,0,10,1.0000,7165.5,136.33,156.17,186.75,191.96,139.56,500,0,0,0,100000,0,0,0,10,0.0,0,0.0,0
n100k_d128_l2,100000,128,l2,cluster,0.0050,0.0050,500,A_std_standard,std,STANDARD,16,1,32,50,10,0.0290,13190.5,77.21,85.29,114.83,173.96,75.81,1035,1035,1035,0,1035,0,0,59,0,11604.8,14033032,24.6,32
n100k_d128_l2,100000,128,l2,cluster,0.0050,0.0050,500,B_std_acorn1,std,ACORN,16,1,32,50,10,0.0000,323059.0,2.92,3.42,3.71,16.75,3.10,1,1,36,581,618,0,618,0,0,11604.8,14033032,24.6,32
n100k_d128_l2,100000,128,l2,cluster,0.0050,0.0050,500,D_large24_standard,large,STANDARD,24,1,48,50,10,0.0290,11819.5,85.54,96.58,120.62,148.38,84.61,1218,1218,1218,0,1218,0,0,57,0,10822.2,20424136,30.6,48
n100k_d128_l2,100000,128,l2,cluster,0.0050,0.0050,500,E_large24_acorn1,large,ACORN,24,1,48,50,10,1.0000,5268.4,185.92,219.54,303.50,381.75,189.81,556,500,1599,27670,29270,10618,18652,0,10,10822.2,20424136,30.6,48
n100k_d128_l2,100000,128,l2,cluster,0.0050,0.0050,500,D_large48_standard,large,STANDARD,48,1,96,50,10,0.0290,10896.0,90.75,108.29,121.08,162.58,91.78,1438,1438,1438,0,1438,0,0,56,0,10314.6,39618184,36.1,96
n100k_d128_l2,100000,128,l2,cluster,0.0050,0.0050,500,E_large48_acorn1,large,ACORN,48,1,96,50,10,0.0000,74039.7,11.79,17.38,51.54,82.71,13.51,1,1,112,5023,5136,0,5136,0,0,10314.6,39618184,36.1,96
n100k_d128_l2,100000,128,l2,cluster,0.0050,0.0050,500,C_acorn_g4,acorn,ACORN,16,4,16,50,10,0.0000,443374.4,2.21,2.46,2.62,2.79,2.26,1,1,179,447,627,0,627,0,0,12923.4,18532104,24.5,40
n100k_d128_l2,100000,128,l2,cluster,0.0050,0.0050,500,C_acorn_g8,acorn,ACORN,16,8,16,50,10,0.0000,405891.9,2.42,2.46,2.58,8.58,2.46,1,1,306,458,765,0,765,0,0,20867.5,20264200,24.6,40
n100k_d128_l2,100000,128,l2,cluster,0.0050,0.0050,500,C_acorn_g16,acorn,ACORN,16,16,16,50,10,0.0000,367070.8,2.71,2.75,2.79,2.83,2.72,1,1,562,424,987,0,987,0,0,39343.5,23728392,24.6,40
n100k_d128_l2,100000,128,l2,cluster,0.0050,0.0050,500,C_acorn_g32,acorn,ACORN,16,32,16,50,10,0.9700,19172.4,51.04,60.04,68.00,69.42,52.16,479,447,1834,2510,4345,1964,2381,0,10,101521.7,30656776,24.6,40
n100k_d128_l2,100000,128,l2,cluster,0.0050,0.0050,500,A_std_standard,std,STANDARD,16,1,32,100,10,0.0300,7918.1,126.88,144.50,201.92,244.67,126.29,1455,1455,1455,0,1455,0,0,108,0,11604.8,14033032,24.6,32
n100k_d128_l2,100000,128,l2,cluster,0.0050,0.0050,500,B_std_acorn1,std,ACORN,16,1,32,100,10,0.0000,304956.1,3.29,3.50,3.54,3.71,3.28,1,1,36,581,618,0,618,0,0,11604.8,14033032,24.6,32
n100k_d128_l2,100000,128,l2,cluster,0.0050,0.0050,500,D_large24_standard,large,STANDARD,24,1,48,100,10,0.0300,7422.2,135.50,156.71,198.58,267.50,134.73,1638,1638,1638,0,1638,0,0,107,0,10822.2,20424136,30.6,48
n100k_d128_l2,100000,128,l2,cluster,0.0050,0.0050,500,E_large24_acorn1,large,ACORN,24,1,48,100,10,1.0000,2442.3,395.83,522.38,599.58,605.38,409.45,556,500,3581,62758,66341,24505,41835,0,10,10822.2,20424136,30.6,48
n100k_d128_l2,100000,128,l2,cluster,0.0050,0.0050,500,D_large48_standard,large,STANDARD,48,1,96,100,10,0.0300,6941.4,147.00,178.46,186.96,242.75,144.06,1819,1819,1819,0,1819,0,0,106,0,10314.6,39618184,36.1,96
n100k_d128_l2,100000,128,l2,cluster,0.0050,0.0050,500,E_large48_acorn1,large,ACORN,48,1,96,100,10,0.0000,82183.3,12.08,12.46,13.17,13.25,12.17,1,1,112,5023,5136,0,5136,0,0,10314.6,39618184,36.1,96
n100k_d128_l2,100000,128,l2,cluster,0.0050,0.0050,500,C_acorn_g4,acorn,ACORN,16,4,16,100,10,0.0000,398477.8,2.50,2.58,2.67,2.88,2.51,1,1,179,447,627,0,627,0,0,12923.4,18532104,24.5,40
n100k_d128_l2,100000,128,l2,cluster,0.0050,0.0050,500,C_acorn_g8,acorn,ACORN,16,8,16,100,10,0.0000,380961.1,2.62,2.67,2.71,2.83,2.62,1,1,306,458,765,0,765,0,0,20867.5,20264200,24.6,40
n100k_d128_l2,100000,128,l2,cluster,0.0050,0.0050,500,C_acorn_g16,acorn,ACORN,16,16,16,100,10,0.0000,334353.1,2.96,3.04,3.62,3.67,2.99,1,1,562,424,987,0,987,0,0,39343.5,23728392,24.6,40
n100k_d128_l2,100000,128,l2,cluster,0.0050,0.0050,500,C_acorn_g32,acorn,ACORN,16,32,16,100,10,1.0000,9179.3,105.54,129.71,163.88,190.04,108.94,526,493,3171,8202,11374,5749,5625,0,10,101521.7,30656776,24.6,40
n100k_d128_l2,100000,128,l2,cluster,0.0050,0.0050,500,A_std_standard,std,STANDARD,16,1,32,250,10,0.0310,3979.8,253.38,285.04,396.54,429.46,251.27,1904,1904,1904,0,1904,0,0,258,0,11604.8,14033032,24.6,32
n100k_d128_l2,100000,128,l2,cluster,0.0050,0.0050,500,B_std_acorn1,std,ACORN,16,1,32,250,10,0.0000,324587.9,3.04,3.38,3.50,3.88,3.08,1,1,36,581,618,0,618,0,0,11604.8,14033032,24.6,32
n100k_d128_l2,100000,128,l2,cluster,0.0050,0.0050,500,D_large24_standard,large,STANDARD,24,1,48,250,10,0.0300,3844.1,261.83,293.42,319.29,417.88,260.14,2001,2001,2001,0,2001,0,0,257,0,10822.2,20424136,30.6,48
n100k_d128_l2,100000,128,l2,cluster,0.0050,0.0050,500,E_large24_acorn1,large,ACORN,24,1,48,250,10,1.0000,935.2,1031.00,1286.42,1329.75,1333.50,1069.26,556,500,9537,167230,176768,65899,110868,0,10,10822.2,20424136,30.6,48
n100k_d128_l2,100000,128,l2,cluster,0.0050,0.0050,500,D_large48_standard,large,STANDARD,48,1,96,250,10,0.0310,3734.3,268.67,296.71,403.71,430.42,267.78,2105,2105,2105,0,2105,0,0,255,0,10314.6,39618184,36.1,96
n100k_d128_l2,100000,128,l2,cluster,0.0050,0.0050,500,E_large48_acorn1,large,ACORN,48,1,96,250,10,0.0000,85296.7,11.71,11.88,11.92,12.29,11.72,1,1,112,5023,5136,0,5136,0,0,10314.6,39618184,36.1,96
n100k_d128_l2,100000,128,l2,cluster,0.0050,0.0050,500,C_acorn_g4,acorn,ACORN,16,4,16,250,10,0.0000,430641.0,2.29,2.42,2.50,2.67,2.32,1,1,179,447,627,0,627,0,0,12923.4,18532104,24.5,40
n100k_d128_l2,100000,128,l2,cluster,0.0050,0.0050,500,C_acorn_g8,acorn,ACORN,16,8,16,250,10,0.0000,404166.1,2.46,2.50,2.54,2.67,2.47,1,1,306,458,765,0,765,0,0,20867.5,20264200,24.6,40
n100k_d128_l2,100000,128,l2,cluster,0.0050,0.0050,500,C_acorn_g16,acorn,ACORN,16,16,16,250,10,0.0000,355871.9,2.79,2.88,2.88,2.92,2.81,1,1,562,424,987,0,987,0,0,39343.5,23728392,24.6,40
n100k_d128_l2,100000,128,l2,cluster,0.0050,0.0050,500,C_acorn_g32,acorn,ACORN,16,32,16,250,10,1.0000,3220.0,302.46,378.50,428.12,469.79,310.56,529,497,7350,32686,40037,21457,18580,0,10,101521.7,30656776,24.6,40
n100k_d128_l2,100000,128,l2,cluster,0.0050,0.0050,500,A_std_standard,std,STANDARD,16,1,32,500,10,0.0320,2046.3,487.33,527.62,661.79,667.54,488.69,2042,2042,2042,0,2042,0,0,508,0,11604.8,14033032,24.6,32
n100k_d128_l2,100000,128,l2,cluster,0.0050,0.0050,500,B_std_acorn1,std,ACORN,16,1,32,500,10,0.0000,297736.0,3.33,3.75,3.96,4.21,3.36,1,1,36,581,618,0,618,0,0,11604.8,14033032,24.6,32
n100k_d128_l2,100000,128,l2,cluster,0.0050,0.0050,500,D_large24_standard,large,STANDARD,24,1,48,500,10,0.0300,2055.4,485.42,538.92,597.08,674.88,486.51,2079,2079,2079,0,2079,0,0,507,0,10822.2,20424136,30.6,48
n100k_d128_l2,100000,128,l2,cluster,0.0050,0.0050,500,E_large24_acorn1,large,ACORN,24,1,48,500,10,1.0000,449.3,2175.38,2488.67,2547.21,2602.00,2225.73,556,500,19433,339733,359168,134421,224746,0,10,10822.2,20424136,30.6,48
n100k_d128_l2,100000,128,l2,cluster,0.0050,0.0050,500,D_large48_standard,large,STANDARD,48,1,96,500,10,0.0320,1996.3,497.79,554.04,644.58,670.54,500.94,2168,2168,2168,0,2168,0,0,505,0,10314.6,39618184,36.1,96
n100k_d128_l2,100000,128,l2,cluster,0.0050,0.0050,500,E_large48_acorn1,large,ACORN,48,1,96,500,10,0.0000,84296.3,11.88,11.96,12.12,12.33,11.86,1,1,112,5023,5136,0,5136,0,0,10314.6,39618184,36.1,96
n100k_d128_l2,100000,128,l2,cluster,0.0050,0.0050,500,C_acorn_g4,acorn,ACORN,16,4,16,500,10,0.0000,426828.7,2.29,2.50,2.88,2.88,2.34,1,1,179,447,627,0,627,0,0,12923.4,18532104,24.5,40
n100k_d128_l2,100000,128,l2,cluster,0.0050,0.0050,500,C_acorn_g8,acorn,ACORN,16,8,16,500,10,0.0000,377297.3,2.46,2.75,3.62,19.00,2.65,1,1,306,458,765,0,765,0,0,20867.5,20264200,24.6,40
n100k_d128_l2,100000,128,l2,cluster,0.0050,0.0050,500,C_acorn_g16,acorn,ACORN,16,16,16,500,10,0.0000,234741.2,2.79,8.46,48.08,60.71,4.26,1,1,562,424,987,0,987,0,0,39343.5,23728392,24.6,40
n100k_d128_l2,100000,128,l2,cluster,0.0050,0.0050,500,C_acorn_g32,acorn,ACORN,16,32,16,500,10,1.0000,1407.9,681.92,872.92,989.17,1043.33,710.28,529,497,14141,71700,85843,46656,39186,0,10,101521.7,30656776,24.6,40
n100k_d128_l2,100000,128,l2,cluster,0.0010,0.0010,100,F_exact,exact,EXACT,16,0,0,0,10,1.0000,8912.3,110.04,117.88,144.88,190.79,112.20,100,0,0,0,100000,0,0,0,10,0.0,0,0.0,0
n100k_d128_l2,100000,128,l2,cluster,0.0010,0.0010,100,A_std_standard,std,STANDARD,16,1,32,50,10,0.0290,13145.7,77.00,88.96,103.79,158.83,76.07,1035,1035,1035,0,1035,0,0,59,0,11604.8,14033032,24.6,32
n100k_d128_l2,100000,128,l2,cluster,0.0010,0.0010,100,B_std_acorn1,std,ACORN,16,1,32,50,10,0.0000,298243.9,3.33,3.54,3.62,4.08,3.35,1,1,36,581,618,0,618,0,0,11604.8,14033032,24.6,32
n100k_d128_l2,100000,128,l2,cluster,0.0010,0.0010,100,D_large24_standard,large,STANDARD,24,1,48,50,10,0.0300,11728.6,84.92,98.33,126.62,192.67,85.26,1218,1218,1218,0,1218,0,0,57,0,10822.2,20424136,30.6,48
n100k_d128_l2,100000,128,l2,cluster,0.0010,0.0010,100,E_large24_acorn1,large,ACORN,24,1,48,50,10,1.0000,4228.7,225.62,317.08,379.00,464.00,236.48,133,100,2264,62444,64710,8123,56587,0,10,10822.2,20424136,30.6,48
n100k_d128_l2,100000,128,l2,cluster,0.0010,0.0010,100,D_large48_standard,large,STANDARD,48,1,96,50,10,0.0300,10815.9,93.96,107.00,121.75,129.83,92.46,1438,1438,1438,0,1438,0,0,56,0,10314.6,39618184,36.1,96
n100k_d128_l2,100000,128,l2,cluster,0.0010,0.0010,100,E_large48_acorn1,large,ACORN,48,1,96,50,10,0.0000,85345.5,11.67,11.88,12.42,13.58,11.72,1,1,112,5023,5136,0,5136,0,0,10314.6,39618184,36.1,96
n100k_d128_l2,100000,128,l2,cluster,0.0010,0.0010,100,C_acorn_g4,acorn,ACORN,16,4,16,50,10,0.0000,442237.2,2.21,2.29,2.67,5.08,2.26,1,1,179,447,627,0,627,0,0,12923.4,18532104,24.5,40
n100k_d128_l2,100000,128,l2,cluster,0.0010,0.0010,100,C_acorn_g8,acorn,ACORN,16,8,16,50,10,0.0000,410106.7,2.42,2.50,2.50,2.62,2.44,1,1,306,458,765,0,765,0,0,20867.5,20264200,24.6,40
n100k_d128_l2,100000,128,l2,cluster,0.0010,0.0010,100,C_acorn_g16,acorn,ACORN,16,16,16,50,10,1.0000,16375.9,56.33,83.92,109.54,223.79,61.07,110,100,2422,9379,11802,2508,9294,0,10,39343.5,23728392,24.6,40
n100k_d128_l2,100000,128,l2,cluster,0.0010,0.0010,100,C_acorn_g32,acorn,ACORN,16,32,16,50,10,1.0000,16577.6,57.54,75.62,108.42,127.79,60.32,110,100,3128,9271,12401,2480,9921,0,10,101521.7,30656776,24.6,40
n100k_d128_l2,100000,128,l2,cluster,0.0010,0.0010,100,A_std_standard,std,STANDARD,16,1,32,100,10,0.0300,7997.9,127.08,139.79,158.79,230.54,125.03,1455,1455,1455,0,1455,0,0,108,0,11604.8,14033032,24.6,32
n100k_d128_l2,100000,128,l2,cluster,0.0010,0.0010,100,B_std_acorn1,std,ACORN,16,1,32,100,10,0.0000,367316.2,2.71,2.88,2.96,3.21,2.72,1,1,36,581,618,0,618,0,0,11604.8,14033032,24.6,32
n100k_d128_l2,100000,128,l2,cluster,0.0010,0.0010,100,D_large24_standard,large,STANDARD,24,1,48,100,10,0.0300,7319.8,137.42,174.50,199.12,248.96,136.62,1638,1638,1638,0,1638,0,0,107,0,10822.2,20424136,30.6,48
n100k_d128_l2,100000,128,l2,cluster,0.0010,0.0010,100,E_large24_acorn1,large,ACORN,24,1,48,100,10,1.0000,2132.8,451.67,622.38,706.75,828.54,468.86,133,100,4528,126459,130989,16452,114536,0,10,10822.2,20424136,30.6,48
n100k_d128_l2,100000,128,l2,cluster,0.0010,0.0010,100,D_large48_standard,large,STANDARD,48,1,96,100,10,0.0300,6931.5,146.62,167.38,206.54,311.71,144.27,1819,1819,1819,0,1819,0,0,106,0,10314.6,39618184,36.1,96
n100k_d128_l2,100000,128,l2,cluster,0.0010,0.0010,100,E_large48_acorn1,large,ACORN,48,1,96,100,10,0.0000,86334.3,11.58,11.75,11.88,12.00,11.58,1,1,112,5023,5136,0,5136,0,0,10314.6,39618184,36.1,96
n100k_d128_l2,100000,128,l2,cluster,0.0010,0.0010,100,C_acorn_g4,acorn,ACORN,16,4,16,100,10,0.0000,453426.3,2.21,2.29,2.38,2.67,2.21,1,1,179,447,627,0,627,0,0,12923.4,18532104,24.5,40
n100k_d128_l2,100000,128,l2,cluster,0.0010,0.0010,100,C_acorn_g8,acorn,ACORN,16,8,16,100,10,0.0000,425986.9,2.33,2.46,2.54,2.54,2.35,1,1,306,458,765,0,765,0,0,20867.5,20264200,24.6,40
n100k_d128_l2,100000,128,l2,cluster,0.0010,0.0010,100,C_acorn_g16,acorn,ACORN,16,16,16,100,10,1.0000,8844.1,108.88,122.88,212.29,252.79,113.07,110,100,3823,20314,24138,5381,18757,0,10,39343.5,23728392,24.6,40
n100k_d128_l2,100000,128,l2,cluster,0.0010,0.0010,100,C_acorn_g32,acorn,ACORN,16,32,16,100,10,1.0000,8797.8,109.08,134.58,173.42,306.42,113.66,110,100,4532,20018,24552,5309,19243,0,10,101521.7,30656776,24.6,40
n100k_d128_l2,100000,128,l2,cluster,0.0010,0.0010,100,A_std_standard,std,STANDARD,16,1,32,250,10,0.0300,3956.2,258.08,279.25,354.79,404.50,252.77,1904,1904,1904,0,1904,0,0,258,0,11604.8,14033032,24.6,32
n100k_d128_l2,100000,128,l2,cluster,0.0010,0.0010,100,B_std_acorn1,std,ACORN,16,1,32,250,10,0.0000,274691.3,3.67,3.83,4.00,4.29,3.64,1,1,36,581,618,0,618,0,0,11604.8,14033032,24.6,32
n100k_d128_l2,100000,128,l2,cluster,0.0010,0.0010,100,D_large24_standard,large,STANDARD,24,1,48,250,10,0.0300,3890.1,259.42,299.62,338.25,380.25,257.06,2001,2001,2001,0,2001,0,0,257,0,10822.2,20424136,30.6,48
n100k_d128_l2,100000,128,l2,cluster,0.0010,0.0010,100,E_large24_acorn1,large,ACORN,24,1,48,250,10,1.0000,2135.6,447.58,617.33,715.71,776.17,468.25,133,100,4528,126459,130989,16452,114536,0,10,10822.2,20424136,30.6,48
n100k_d128_l2,100000,128,l2,cluster,0.0010,0.0010,100,D_large48_standard,large,STANDARD,48,1,96,250,10,0.0300,3748.7,268.67,305.58,358.92,399.83,266.76,2105,2105,2105,0,2105,0,0,255,0,10314.6,39618184,36.1,96
n100k_d128_l2,100000,128,l2,cluster,0.0010,0.0010,100,E_large48_acorn1,large,ACORN,48,1,96,250,10,0.0000,83646.9,11.92,12.08,12.42,14.71,11.96,1,1,112,5023,5136,0,5136,0,0,10314.6,39618184,36.1,96
n100k_d128_l2,100000,128,l2,cluster,0.0010,0.0010,100,C_acorn_g4,acorn,ACORN,16,4,16,250,10,0.0000,429640.0,2.33,2.42,2.46,2.67,2.33,1,1,179,447,627,0,627,0,0,12923.4,18532104,24.5,40
n100k_d128_l2,100000,128,l2,cluster,0.0010,0.0010,100,C_acorn_g8,acorn,ACORN,16,8,16,250,10,0.0000,403264.8,2.46,2.50,2.54,2.62,2.48,1,1,306,458,765,0,765,0,0,20867.5,20264200,24.6,40
n100k_d128_l2,100000,128,l2,cluster,0.0010,0.0010,100,C_acorn_g16,acorn,ACORN,16,16,16,250,10,1.0000,8791.5,108.62,131.83,222.71,244.08,113.75,110,100,3823,20314,24138,5381,18757,0,10,39343.5,23728392,24.6,40
n100k_d128_l2,100000,128,l2,cluster,0.0010,0.0010,100,C_acorn_g32,acorn,ACORN,16,32,16,250,10,1.0000,8725.4,111.00,131.58,164.96,217.71,114.61,110,100,4532,20018,24552,5309,19243,0,10,101521.7,30656776,24.6,40
n100k_d128_l2,100000,128,l2,cluster,0.0010,0.0010,100,A_std_standard,std,STANDARD,16,1,32,500,10,0.0310,2043.3,488.75,564.21,647.17,651.04,489.42,2042,2042,2042,0,2042,0,0,508,0,11604.8,14033032,24.6,32
n100k_d128_l2,100000,128,l2,cluster,0.0010,0.0010,100,B_std_acorn1,std,ACORN,16,1,32,500,10,0.0000,265780.7,3.71,3.96,4.08,4.46,3.76,1,1,36,581,618,0,618,0,0,11604.8,14033032,24.6,32
n100k_d128_l2,100000,128,l2,cluster,0.0010,0.0010,100,D_large24_standard,large,STANDARD,24,1,48,500,10,0.0300,2025.7,488.92,578.00,651.83,657.17,493.66,2079,2079,2079,0,2079,0,0,507,0,10822.2,20424136,30.6,48
n100k_d128_l2,100000,128,l2,cluster,0.0010,0.0010,100,E_large24_acorn1,large,ACORN,24,1,48,500,10,1.0000,2165.9,444.33,539.46,801.83,833.12,461.71,133,100,4528,126459,130989,16452,114536,0,10,10822.2,20424136,30.6,48
n100k_d128_l2,100000,128,l2,cluster,0.0010,0.0010,100,D_large48_standard,large,STANDARD,48,1,96,500,10,0.0300,1992.7,499.00,552.75,624.08,663.75,501.83,2168,2168,2168,0,2168,0,0,505,0,10314.6,39618184,36.1,96
n100k_d128_l2,100000,128,l2,cluster,0.0010,0.0010,100,E_large48_acorn1,large,ACORN,48,1,96,500,10,0.0000,93410.5,9.79,12.17,14.67,32.83,10.71,1,1,112,5023,5136,0,5136,0,0,10314.6,39618184,36.1,96
n100k_d128_l2,100000,128,l2,cluster,0.0010,0.0010,100,C_acorn_g4,acorn,ACORN,16,4,16,500,10,0.0000,441495.3,2.25,2.42,2.50,2.62,2.27,1,1,179,447,627,0,627,0,0,12923.4,18532104,24.5,40
n100k_d128_l2,100000,128,l2,cluster,0.0010,0.0010,100,C_acorn_g8,acorn,ACORN,16,8,16,500,10,0.0000,410251.4,2.42,2.50,2.54,2.71,2.44,1,1,306,458,765,0,765,0,0,20867.5,20264200,24.6,40
n100k_d128_l2,100000,128,l2,cluster,0.0010,0.0010,100,C_acorn_g16,acorn,ACORN,16,16,16,500,10,1.0000,8622.8,111.17,132.25,190.79,321.04,115.97,110,100,3823,20314,24138,5381,18757,0,10,39343.5,23728392,24.6,40
n100k_d128_l2,100000,128,l2,cluster,0.0010,0.0010,100,C_acorn_g32,acorn,ACORN,16,32,16,500,10,1.0000,8557.1,110.96,148.71,210.25,219.21,116.86,110,100,4532,20018,24552,5309,19243,0,10,101521.7,30656776,24.6,40
n100k_d128_l2,100000,128,l2,adversarial,0.5000,0.5000,50000,F_exact,exact,EXACT,16,0,0,0,10,1.0000,228.8,4362.38,4485.33,4681.83,4721.83,4371.12,50000,0,0,0,100000,0,0,0,10,0.0,0,0.0,0
n100k_d128_l2,100000,128,l2,adversarial,0.5000,0.5000,50000,A_std_standard,std,STANDARD,16,1,32,50,10,0.7010,13278.1,74.67,85.54,113.79,177.58,75.31,1035,1035,1035,0,1035,0,0,59,8,11604.8,14033032,24.6,32
n100k_d128_l2,100000,128,l2,adversarial,0.5000,0.5000,50000,B_std_acorn1,std,ACORN,16,1,32,50,10,0.5070,7415.6,118.54,244.58,279.75,428.25,134.85,1086,975,503,5529,6033,2290,3743,0,10,11604.8,14033032,24.6,32
n100k_d128_l2,100000,128,l2,adversarial,0.5000,0.5000,50000,D_large24_standard,large,STANDARD,24,1,48,50,10,0.7540,11533.9,87.29,100.00,136.62,168.71,86.70,1218,1218,1218,0,1218,0,0,57,8,10822.2,20424136,30.6,48
n100k_d128_l2,100000,128,l2,adversarial,0.5000,0.5000,50000,E_large24_acorn1,large,ACORN,24,1,48,50,10,0.6550,5856.8,139.50,335.42,421.38,436.00,170.74,1304,1137,710,10204,10915,3652,7262,0,10,10822.2,20424136,30.6,48
n100k_d128_l2,100000,128,l2,adversarial,0.5000,0.5000,50000,D_large48_standard,large,STANDARD,48,1,96,50,10,0.7870,10641.6,95.00,113.00,140.17,153.25,93.97,1438,1438,1438,0,1438,0,0,56,8,10314.6,39618184,36.1,96
n100k_d128_l2,100000,128,l2,adversarial,0.5000,0.5000,50000,E_large48_acorn1,large,ACORN,48,1,96,50,10,0.7540,4072.1,198.50,437.12,489.50,551.96,245.57,1576,1347,1263,21693,22957,7039,15917,0,10,10314.6,39618184,36.1,96
n100k_d128_l2,100000,128,l2,adversarial,0.5000,0.5000,50000,C_acorn_g4,acorn,ACORN,16,4,16,50,10,0.4620,11712.9,88.33,130.71,146.83,157.25,85.38,678,599,1272,2117,3391,1721,1669,0,10,12923.4,18532104,24.5,40
n100k_d128_l2,100000,128,l2,adversarial,0.5000,0.5000,50000,C_acorn_g8,acorn,ACORN,16,8,16,50,10,0.5150,11323.6,87.25,120.62,130.46,169.79,88.31,782,699,1287,1989,3277,1713,1564,0,10,20867.5,20264200,24.6,40
n100k_d128_l2,100000,128,l2,adversarial,0.5000,0.5000,50000,C_acorn_g16,acorn,ACORN,16,16,16,50,10,0.5070,10942.4,87.67,118.88,155.04,211.92,91.39,761,677,1299,2124,3425,1694,1731,0,10,39343.5,23728392,24.6,40
n100k_d128_l2,100000,128,l2,adversarial,0.5000,0.5000,50000,C_acorn_g32,acorn,ACORN,16,32,16,50,10,0.3750,11754.5,82.75,116.33,191.62,314.79,85.07,834,755,1220,1558,2779,1847,931,0,10,101521.7,30656776,24.6,40
n100k_d128_l2,100000,128,l2,adversarial,0.5000,0.5000,50000,A_std_standard,std,STANDARD,16,1,32,100,10,0.7960,8012.2,127.83,137.96,149.67,187.75,124.81,1455,1455,1455,0,1455,0,0,108,8,11604.8,14033032,24.6,32
n100k_d128_l2,100000,128,l2,adversarial,0.5000,0.5000,50000,B_std_acorn1,std,ACORN,16,1,32,100,10,0.6260,4353.4,192.50,446.50,575.42,595.12,229.71,1457,1345,1261,12091,13354,5004,8349,0,10,11604.8,14033032,24.6,32
n100k_d128_l2,100000,128,l2,adversarial,0.5000,0.5000,50000,D_large24_standard,large,STANDARD,24,1,48,100,10,0.8370,7238.7,137.79,158.00,214.42,214.88,138.15,1638,1638,1638,0,1638,0,0,107,8,10822.2,20424136,30.6,48
n100k_d128_l2,100000,128,l2,adversarial,0.5000,0.5000,50000,E_large24_acorn1,large,ACORN,24,1,48,100,10,0.7340,3573.1,216.38,568.50,590.46,637.79,279.87,1604,1437,1827,20769,22597,8077,14520,0,10,10822.2,20424136,30.6,48
n100k_d128_l2,100000,128,l2,adversarial,0.5000,0.5000,50000,D_large48_standard,large,STANDARD,48,1,96,100,10,0.8450,6853.7,145.17,169.67,205.17,304.79,145.91,1819,1819,1819,0,1819,0,0,106,9,10314.6,39618184,36.1,96
n100k_d128_l2,100000,128,l2,adversarial,0.5000,0.5000,50000,E_large48_acorn1,large,ACORN,48,1,96,100,10,0.7960,2535.8,304.33,749.50,859.67,918.79,394.36,1790,1561,3066,41618,44685,14793,29891,0,10,10314.6,39618184,36.1,96
n100k_d128_l2,100000,128,l2,adversarial,0.5000,0.5000,50000,C_acorn_g4,acorn,ACORN,16,4,16,100,10,0.5090,6932.4,143.83,212.79,269.71,324.12,144.25,889,809,2364,4232,6598,3425,3173,0,10,12923.4,18532104,24.5,40
n100k_d128_l2,100000,128,l2,adversarial,0.5000,0.5000,50000,C_acorn_g8,acorn,ACORN,16,8,16,100,10,0.5660,6849.2,145.83,207.08,223.42,246.71,146.00,1054,970,2339,3998,6338,3320,3018,0,10,20867.5,20264200,24.6,40
n100k_d128_l2,100000,128,l2,adversarial,0.5000,0.5000,50000,C_acorn_g16,acorn,ACORN,16,16,16,100,10,0.5540,6793.9,145.17,201.50,217.04,239.67,147.19,1019,935,2358,4285,6645,3300,3344,0,10,39343.5,23728392,24.6,40
n100k_d128_l2,100000,128,l2,adversarial,0.5000,0.5000,50000,C_acorn_g32,acorn,ACORN,16,32,16,100,10,0.4260,6587.4,145.04,249.50,289.79,373.71,151.81,1151,1072,2311,3291,5603,3626,1977,0,10,101521.7,30656776,24.6,40
n100k_d128_l2,100000,128,l2,adversarial,0.5000,0.5000,50000,A_std_standard,std,STANDARD,16,1,32,250,10,0.8510,3934.1,257.92,296.04,366.00,374.50,254.19,1904,1904,1904,0,1904,0,0,258,8,11604.8,14033032,24.6,32
n100k_d128_l2,100000,128,l2,adversarial,0.5000,0.5000,50000,B_std_acorn1,std,ACORN,16,1,32,250,10,0.6760,2048.9,402.33,896.54,1018.67,1083.29,488.07,1810,1698,4656,32305,36963,15491,21471,0,10,11604.8,14033032,24.6,32
n100k_d128_l2,100000,128,l2,adversarial,0.5000,0.5000,50000,D_large24_standard,large,STANDARD,24,1,48,250,10,0.8610,3816.5,263.29,293.50,361.58,379.29,262.02,2001,2001,2001,0,2001,0,0,257,8,10822.2,20424136,30.6,48
n100k_d128_l2,100000,128,l2,adversarial,0.5000,0.5000,50000,E_large24_acorn1,large,ACORN,24,1,48,250,10,0.7700,1774.0,407.62,1158.46,1279.17,1311.29,563.70,1922,1756,6337,49108,55447,23247,32200,0,10,10822.2,20424136,30.6,48
n100k_d128_l2,100000,128,l2,adversarial,0.5000,0.5000,50000,D_large48_standard,large,STANDARD,48,1,96,250,10,0.8680,3754.4,268.71,295.42,409.00,425.58,266.35,2105,2105,2105,0,2105,0,0,255,9,10314.6,39618184,36.1,96
n100k_d128_l2,100000,128,l2,adversarial,0.5000,0.5000,50000,E_large48_acorn1,large,ACORN,48,1,96,250,10,0.8730,1291.7,660.21,1533.33,1604.42,1625.42,774.17,2217,1988,8688,89992,98681,36553,62127,0,10,10314.6,39618184,36.1,96
n100k_d128_l2,100000,128,l2,adversarial,0.5000,0.5000,50000,C_acorn_g4,acorn,ACORN,16,4,16,250,10,0.5350,3384.7,301.75,416.71,490.96,507.67,295.45,1205,1125,5704,9428,15134,8549,6585,0,10,12923.4,18532104,24.5,40
n100k_d128_l2,100000,128,l2,adversarial,0.5000,0.5000,50000,C_acorn_g8,acorn,ACORN,16,8,16,250,10,0.6100,3093.5,316.04,443.62,517.46,551.33,323.25,1494,1411,5592,8614,14208,8374,5834,0,10,20867.5,20264200,24.6,40
n100k_d128_l2,100000,128,l2,adversarial,0.5000,0.5000,50000,C_acorn_g16,acorn,ACORN,16,16,16,250,10,0.5980,3194.2,310.25,422.75,520.33,563.96,313.07,1355,1271,5559,9733,15294,8230,7064,0,10,39343.5,23728392,24.6,40
n100k_d128_l2,100000,128,l2,adversarial,0.5000,0.5000,50000,C_acorn_g32,acorn,ACORN,16,32,16,250,10,0.5030,3009.0,316.25,530.42,721.21,760.04,332.33,1551,1471,5641,8785,14427,8782,5644,0,10,101521.7,30656776,24.6,40
n100k_d128_l2,100000,128,l2,adversarial,0.5000,0.5000,50000,A_std_standard,std,STANDARD,16,1,32,500,10,0.8630,2040.0,489.50,527.96,631.33,637.04,490.20,2042,2042,2042,0,2042,0,0,508,8,11604.8,14033032,24.6,32
n100k_d128_l2,100000,128,l2,adversarial,0.5000,0.5000,50000,B_std_acorn1,std,ACORN,16,1,32,500,10,0.6970,1134.5,797.17,1556.92,1815.38,2435.21,881.47,2135,2024,10806,54777,65585,32096,33488,0,10,11604.8,14033032,24.6,32
n100k_d128_l2,100000,128,l2,adversarial,0.5000,0.5000,50000,D_large24_standard,large,STANDARD,24,1,48,500,10,0.8720,2039.9,489.92,529.00,609.29,636.25,490.21,2079,2079,2079,0,2079,0,0,507,9,10822.2,20424136,30.6,48
n100k_d128_l2,100000,128,l2,adversarial,0.5000,0.5000,50000,E_large24_acorn1,large,ACORN,24,1,48,500,10,0.7710,1008.4,757.04,1909.50,2383.58,2477.17,991.66,2196,2030,14058,79841,93900,45747,48152,0,10,10822.2,20424136,30.6,48
n100k_d128_l2,100000,128,l2,adversarial,0.5000,0.5000,50000,D_large48_standard,large,STANDARD,48,1,96,500,10,0.8740,1976.5,502.96,560.96,651.96,687.25,505.96,2168,2168,2168,0,2168,0,0,505,9,10314.6,39618184,36.1,96
n100k_d128_l2,100000,128,l2,adversarial,0.5000,0.5000,50000,E_large48_acorn1,large,ACORN,48,1,96,500,10,0.8940,757.2,1000.96,2692.62,3001.33,3513.79,1320.68,2817,2588,18065,137053,155120,70068,85051,0,10,10314.6,39618184,36.1,96
n100k_d128_l2,100000,128,l2,adversarial,0.5000,0.5000,50000,C_acorn_g4,acorn,ACORN,16,4,16,500,10,0.5370,1872.5,572.29,723.92,1019.08,1231.54,534.04,1395,1315,10432,14133,24567,15484,9082,0,10,12923.4,18532104,24.5,40
n100k_d128_l2,100000,128,l2,adversarial,0.5000,0.5000,50000,C_acorn_g8,acorn,ACORN,16,8,16,500,10,0.6140,1676.8,600.25,782.67,824.33,856.38,596.39,1735,1652,11291,14035,25327,16986,8341,0,10,20867.5,20264200,24.6,40
n100k_d128_l2,100000,128,l2,adversarial,0.5000,0.5000,50000,C_acorn_g16,acorn,ACORN,16,16,16,500,10,0.6040,1734.6,587.17,785.54,909.71,916.88,576.49,1571,1487,10949,16204,27154,16431,10723,0,10,39343.5,23728392,24.6,40
n100k_d128_l2,100000,128,l2,adversarial,0.5000,0.5000,50000,C_acorn_g32,acorn,ACORN,16,32,16,500,10,0.5160,1579.3,601.67,891.79,1070.54,1224.71,633.18,1808,1728,11398,15655,27054,17341,9712,0,10,101521.7,30656776,24.6,40
n100k_d128_l2,100000,128,l2,adversarial,0.5000,0.5000,50000,F_exact,exact,EXACT,16,0,0,0,100,1.0000,229.6,4341.21,4482.75,4549.17,4587.04,4355.42,50000,0,0,0,100000,0,0,0,100,0.0,0,0.0,0
n100k_d128_l2,100000,128,l2,adversarial,0.5000,0.5000,50000,A_std_standard,std,STANDARD,16,1,32,50,100,0.5560,10754.8,92.96,106.67,123.58,156.54,92.98,1035,1035,1035,0,1035,0,0,59,68,11604.8,14033032,24.6,32
n100k_d128_l2,100000,128,l2,adversarial,0.5000,0.5000,50000,B_std_acorn1,std,ACORN,16,1,32,50,100,0.5336,6358.5,140.62,285.38,317.00,365.00,157.27,1086,975,503,5529,6033,2290,3743,0,100,11604.8,14033032,24.6,32
n100k_d128_l2,100000,128,l2,adversarial,0.5000,0.5000,50000,D_large24_standard,large,STANDARD,24,1,48,50,100,0.6074,9568.9,104.83,120.92,145.67,177.21,104.51,1218,1218,1218,0,1218,0,0,57,69,10822.2,20424136,30.6,48
n100k_d128_l2,100000,128,l2,adversarial,0.5000,0.5000,50000,E_large24_acorn1,large,ACORN,24,1,48,50,100,0.6769,5145.8,165.08,369.29,422.92,574.58,194.33,1304,1137,710,10204,10915,3652,7262,0,100,10822.2,20424136,30.6,48
n100k_d128_l2,100000,128,l2,adversarial,0.5000,0.5000,50000,D_large48_standard,large,STANDARD,48,1,96,50,100,0.6395,8714.2,115.58,135.04,156.88,165.50,114.75,1438,1438,1438,0,1438,0,0,56,71,10314.6,39618184,36.1,96
n100k_d128_l2,100000,128,l2,adversarial,0.5000,0.5000,50000,E_large48_acorn1,large,ACORN,48,1,96,50,100,0.8250,3713.0,224.42,467.67,495.21,633.25,269.32,1576,1347,1263,21693,22957,7039,15917,0,100,10314.6,39618184,36.1,96
n100k_d128_l2,100000,128,l2,adversarial,0.5000,0.5000,50000,C_acorn_g4,acorn,ACORN,16,4,16,50,100,0.4855,9776.9,103.83,142.00,180.17,183.58,102.28,678,599,1272,2117,3391,1721,1669,0,100,12923.4,18532104,24.5,40
n100k_d128_l2,100000,128,l2,adversarial,0.5000,0.5000,50000,C_acorn_g8,acorn,ACORN,16,8,16,50,100,0.5392,9275.6,108.38,132.21,150.96,235.83,107.81,782,699,1287,1989,3277,1713,1564,0,100,20867.5,20264200,24.6,40
n100k_d128_l2,100000,128,l2,adversarial,0.5000,0.5000,50000,C_acorn_g16,acorn,ACORN,16,16,16,50,100,0.5310,9344.0,107.83,134.17,149.04,200.88,107.02,761,677,1299,2124,3425,1694,1731,0,100,39343.5,23728392,24.6,40
n100k_d128_l2,100000,128,l2,adversarial,0.5000,0.5000,50000,C_acorn_g32,acorn,ACORN,16,32,16,50,100,0.3780,9473.9,102.46,149.21,213.88,236.46,105.55,834,755,1220,1558,2779,1847,931,0,99,101521.7,30656776,24.6,40
n100k_d128_l2,100000,128,l2,adversarial,0.5000,0.5000,50000,A_std_standard,std,STANDARD,16,1,32,100,100,0.6553,7463.7,136.58,153.62,159.58,217.83,133.98,1455,1455,1455,0,1455,0,0,108,71,11604.8,14033032,24.6,32
n100k_d128_l2,100000,128,l2,adversarial,0.5000,0.5000,50000,B_std_acorn1,std,ACORN,16,1,32,100,100,0.6868,4124.6,205.83,448.29,514.58,576.67,242.45,1457,1345,1261,12091,13354,5004,8349,0,100,11604.8,14033032,24.6,32
n100k_d128_l2,100000,128,l2,adversarial,0.5000,0.5000,50000,D_large24_standard,large,STANDARD,24,1,48,100,100,0.6918,6637.2,148.92,172.29,224.08,239.67,150.67,1638,1638,1638,0,1638,0,0,107,72,10822.2,20424136,30.6,48
n100k_d128_l2,100000,128,l2,adversarial,0.5000,0.5000,50000,E_large24_acorn1,large,ACORN,24,1,48,100,100,0.7834,3398.9,239.04,598.21,665.92,670.38,294.22,1604,1437,1827,20769,22597,8077,14520,0,100,10822.2,20424136,30.6,48
n100k_d128_l2,100000,128,l2,adversarial,0.5000,0.5000,50000,D_large48_standard,large,STANDARD,48,1,96,100,100,0.7004,6417.4,156.62,182.92,186.12,319.33,155.83,1819,1819,1819,0,1819,0,0,106,72,10314.6,39618184,36.1,96
n100k_d128_l2,100000,128,l2,adversarial,0.5000,0.5000,50000,E_large48_acorn1,large,ACORN,48,1,96,100,100,0.8833,2439.3,320.12,772.04,802.75,961.04,409.96,1790,1561,3066,41618,44685,14793,29891,0,100,10314.6,39618184,36.1,96
n100k_d128_l2,100000,128,l2,adversarial,0.5000,0.5000,50000,C_acorn_g4,acorn,ACORN,16,4,16,100,100,0.5578,6579.2,160.38,217.83,251.75,302.62,151.99,889,809,2364,4232,6598,3425,3173,0,100,12923.4,18532104,24.5,40
n100k_d128_l2,100000,128,l2,adversarial,0.5000,0.5000,50000,C_acorn_g8,acorn,ACORN,16,8,16,100,100,0.6269,6214.7,161.46,218.25,266.00,312.38,160.91,1054,970,2339,3998,6338,3320,3018,0,100,20867.5,20264200,24.6,40
n100k_d128_l2,100000,128,l2,adversarial,0.5000,0.5000,50000,C_acorn_g16,acorn,ACORN,16,16,16,100,100,0.6140,6335.5,157.75,207.50,235.83,255.62,157.84,1019,935,2358,4285,6645,3300,3344,0,100,39343.5,23728392,24.6,40
n100k_d128_l2,100000,128,l2,adversarial,0.5000,0.5000,50000,C_acorn_g32,acorn,ACORN,16,32,16,100,100,0.4521,6180.3,157.33,266.54,322.46,446.29,161.80,1151,1072,2311,3291,5603,3626,1977,0,99,101521.7,30656776,24.6,40
n100k_d128_l2,100000,128,l2,adversarial,0.5000,0.5000,50000,A_std_standard,std,STANDARD,16,1,32,250,100,0.7115,3791.6,267.67,292.71,370.79,398.62,263.74,1904,1904,1904,0,1904,0,0,258,72,11604.8,14033032,24.6,32
n100k_d128_l2,100000,128,l2,adversarial,0.5000,0.5000,50000,B_std_acorn1,std,ACORN,16,1,32,250,100,0.7713,1973.9,438.04,949.50,1052.04,1195.25,506.61,1810,1698,4656,32305,36963,15491,21471,0,100,11604.8,14033032,24.6,32
n100k_d128_l2,100000,128,l2,adversarial,0.5000,0.5000,50000,D_large24_standard,large,STANDARD,24,1,48,250,100,0.7241,3664.4,274.00,311.08,345.54,388.04,272.89,2001,2001,2001,0,2001,0,0,257,72,10822.2,20424136,30.6,48
n100k_d128_l2,100000,128,l2,adversarial,0.5000,0.5000,50000,E_large24_acorn1,large,ACORN,24,1,48,250,100,0.8366,1725.7,446.12,1145.58,1339.79,1344.46,579.48,1922,1756,6337,49108,55447,23247,32200,0,100,10822.2,20424136,30.6,48
n100k_d128_l2,100000,128,l2,adversarial,0.5000,0.5000,50000,D_large48_standard,large,STANDARD,48,1,96,250,100,0.7269,3584.9,282.67,306.54,399.04,409.38,278.95,2105,2105,2105,0,2105,0,0,255,74,10314.6,39618184,36.1,96
n100k_d128_l2,100000,128,l2,adversarial,0.5000,0.5000,50000,E_large48_acorn1,large,ACORN,48,1,96,250,100,0.9220,1261.4,562.21,1538.46,1608.33,1664.92,792.78,2217,1988,8688,89992,98681,36553,62127,0,100,10314.6,39618184,36.1,96
n100k_d128_l2,100000,128,l2,adversarial,0.5000,0.5000,50000,C_acorn_g4,acorn,ACORN,16,4,16,250,100,0.6137,3162.1,313.08,471.46,538.75,585.50,316.24,1205,1125,5704,9428,15134,8549,6585,0,100,12923.4,18532104,24.5,40
n100k_d128_l2,100000,128,l2,adversarial,0.5000,0.5000,50000,C_acorn_g8,acorn,ACORN,16,8,16,250,100,0.7001,2950.3,331.00,465.04,529.04,631.29,338.95,1494,1411,5592,8614,14208,8374,5834,0,100,20867.5,20264200,24.6,40
n100k_d128_l2,100000,128,l2,adversarial,0.5000,0.5000,50000,C_acorn_g16,acorn,ACORN,16,16,16,250,100,0.6787,3088.3,324.67,428.04,510.62,520.17,323.80,1355,1271,5559,9733,15294,8230,7064,0,100,39343.5,23728392,24.6,40
n100k_d128_l2,100000,128,l2,adversarial,0.5000,0.5000,50000,C_acorn_g32,acorn,ACORN,16,32,16,250,100,0.5497,2896.5,334.71,535.62,656.17,719.50,345.24,1551,1471,5641,8785,14427,8782,5644,0,99,101521.7,30656776,24.6,40
n100k_d128_l2,100000,128,l2,adversarial,0.5000,0.5000,50000,A_std_standard,std,STANDARD,16,1,32,500,100,0.7213,2006.8,500.04,552.83,606.29,706.08,498.29,2042,2042,2042,0,2042,0,0,508,73,11604.8,14033032,24.6,32
n100k_d128_l2,100000,128,l2,adversarial,0.5000,0.5000,50000,B_std_acorn1,std,ACORN,16,1,32,500,100,0.8021,1102.8,826.71,1611.12,1859.29,2521.50,906.79,2135,2024,10806,54777,65585,32096,33488,0,100,11604.8,14033032,24.6,32
n100k_d128_l2,100000,128,l2,adversarial,0.5000,0.5000,50000,D_large24_standard,large,STANDARD,24,1,48,500,100,0.7289,1981.3,501.92,567.50,657.83,711.92,504.72,2079,2079,2079,0,2079,0,0,507,73,10822.2,20424136,30.6,48
n100k_d128_l2,100000,128,l2,adversarial,0.5000,0.5000,50000,E_large24_acorn1,large,ACORN,24,1,48,500,100,0.8471,992.5,763.38,1949.71,2191.75,2413.62,1007.52,2196,2030,14058,79841,93900,45747,48152,0,100,10822.2,20424136,30.6,48
n100k_d128_l2,100000,128,l2,adversarial,0.5000,0.5000,50000,D_large48_standard,large,STANDARD,48,1,96,500,100,0.7306,1949.8,507.08,575.42,619.00,732.38,512.86,2168,2168,2168,0,2168,0,0,505,76,10314.6,39618184,36.1,96
n100k_d128_l2,100000,128,l2,adversarial,0.5000,0.5000,50000,E_large48_acorn1,large,ACORN,48,1,96,500,100,0.9525,747.0,1096.25,2794.33,3162.88,3584.92,1338.65,2817,2588,18065,137053,155120,70068,85051,0,100,10314.6,39618184,36.1,96
n100k_d128_l2,100000,128,l2,adversarial,0.5000,0.5000,50000,C_acorn_g4,acorn,ACORN,16,4,16,500,100,0.6249,1837.4,597.38,757.71,896.58,1036.46,544.23,1395,1315,10432,14133,24567,15484,9082,0,100,12923.4,18532104,24.5,40
n100k_d128_l2,100000,128,l2,adversarial,0.5000,0.5000,50000,C_acorn_g8,acorn,ACORN,16,8,16,500,100,0.7118,1621.3,618.33,776.17,834.58,842.58,616.79,1735,1652,11291,14035,25327,16986,8341,0,100,20867.5,20264200,24.6,40
n100k_d128_l2,100000,128,l2,adversarial,0.5000,0.5000,50000,C_acorn_g16,acorn,ACORN,16,16,16,500,100,0.6914,1682.1,601.33,846.54,931.29,936.50,594.50,1571,1487,10949,16204,27154,16431,10723,0,100,39343.5,23728392,24.6,40
n100k_d128_l2,100000,128,l2,adversarial,0.5000,0.5000,50000,C_acorn_g32,acorn,ACORN,16,32,16,500,100,0.5740,1545.4,611.83,994.46,1117.12,1147.17,647.08,1808,1728,11398,15655,27054,17341,9712,0,99,101521.7,30656776,24.6,40
n100k_d128_l2,100000,128,l2,adversarial,0.2500,0.2500,25000,F_exact,exact,EXACT,16,0,0,0,10,1.0000,420.1,2377.75,2482.96,2509.79,2515.42,2380.59,25000,0,0,0,100000,0,0,0,10,0.0,0,0.0,0
n100k_d128_l2,100000,128,l2,adversarial,0.2500,0.2500,25000,A_std_standard,std,STANDARD,16,1,32,50,10,0.3820,13802.2,72.58,84.38,89.79,90.79,72.45,1035,1035,1035,0,1035,0,0,59,4,11604.8,14033032,24.6,32
n100k_d128_l2,100000,128,l2,adversarial,0.2500,0.2500,25000,B_std_acorn1,std,ACORN,16,1,32,50,10,0.4040,9045.4,92.46,246.50,306.92,315.67,110.55,1034,933,512,5249,5762,2289,3472,0,10,11604.8,14033032,24.6,32
n100k_d128_l2,100000,128,l2,adversarial,0.2500,0.2500,25000,D_large24_standard,large,STANDARD,24,1,48,50,10,0.4300,11716.5,86.50,95.58,157.04,164.12,85.35,1218,1218,1218,0,1218,0,0,57,4,10822.2,20424136,30.6,48
n100k_d128_l2,100000,128,l2,adversarial,0.2500,0.2500,25000,E_large24_acorn1,large,ACORN,24,1,48,50,10,0.5210,6953.3,124.12,289.42,325.33,327.25,143.82,1217,1092,670,8833,9504,3414,6090,0,10,10822.2,20424136,30.6,48
n100k_d128_l2,100000,128,l2,adversarial,0.2500,0.2500,25000,D_large48_standard,large,STANDARD,48,1,96,50,10,0.4490,10637.5,94.54,109.83,134.75,156.88,94.01,1438,1438,1438,0,1438,0,0,56,5,10314.6,39618184,36.1,96
n100k_d128_l2,100000,128,l2,adversarial,0.2500,0.2500,25000,E_large48_acorn1,large,ACORN,48,1,96,50,10,0.7760,4280.0,188.58,443.67,488.88,619.79,233.65,1536,1310,1195,21077,22274,7457,14817,0,10,10314.6,39618184,36.1,96
n100k_d128_l2,100000,128,l2,adversarial,0.2500,0.2500,25000,C_acorn_g4,acorn,ACORN,16,4,16,50,10,0.2930,13155.6,73.29,108.33,128.62,133.42,76.01,786,731,1248,1594,2844,1747,1096,0,10,12923.4,18532104,24.5,40
n100k_d128_l2,100000,128,l2,adversarial,0.2500,0.2500,25000,C_acorn_g8,acorn,ACORN,16,8,16,50,10,0.4470,12282.9,79.96,114.08,121.38,123.25,81.41,722,660,1439,2421,3862,1674,2187,0,10,20867.5,20264200,24.6,40
n100k_d128_l2,100000,128,l2,adversarial,0.2500,0.2500,25000,C_acorn_g16,acorn,ACORN,16,16,16,50,10,0.4960,11844.5,82.67,126.25,142.42,143.62,84.43,744,666,1585,2136,3722,1713,2008,0,10,39343.5,23728392,24.6,40
n100k_d128_l2,100000,128,l2,adversarial,0.2500,0.2500,25000,C_acorn_g32,acorn,ACORN,16,32,16,50,10,0.4690,11595.4,85.54,118.46,152.29,225.79,86.24,810,736,1368,1925,3295,1725,1569,0,10,101521.7,30656776,24.6,40
n100k_d128_l2,100000,128,l2,adversarial,0.2500,0.2500,25000,A_std_standard,std,STANDARD,16,1,32,100,10,0.4520,7962.4,127.00,146.42,176.50,224.17,125.59,1455,1455,1455,0,1455,0,0,108,4,11604.8,14033032,24.6,32
n100k_d128_l2,100000,128,l2,adversarial,0.2500,0.2500,25000,B_std_acorn1,std,ACORN,16,1,32,100,10,0.4810,4907.5,174.71,398.92,436.08,436.33,203.77,1353,1252,1277,11774,13052,5278,7774,0,10,11604.8,14033032,24.6,32
n100k_d128_l2,100000,128,l2,adversarial,0.2500,0.2500,25000,D_large24_standard,large,STANDARD,24,1,48,100,10,0.4860,7307.8,139.58,159.29,176.71,206.75,136.84,1638,1638,1638,0,1638,0,0,107,5,10822.2,20424136,30.6,48
n100k_d128_l2,100000,128,l2,adversarial,0.2500,0.2500,25000,E_large24_acorn1,large,ACORN,24,1,48,100,10,0.5880,4117.5,207.08,497.96,540.42,590.75,242.87,1549,1424,1719,17478,19199,8397,10802,0,10,10822.2,20424136,30.6,48
n100k_d128_l2,100000,128,l2,adversarial,0.2500,0.2500,25000,D_large48_standard,large,STANDARD,48,1,96,100,10,0.4870,6990.0,145.33,168.58,191.88,249.92,143.06,1819,1819,1819,0,1819,0,0,106,5,10314.6,39618184,36.1,96
n100k_d128_l2,100000,128,l2,adversarial,0.2500,0.2500,25000,E_large48_acorn1,large,ACORN,48,1,96,100,10,0.8440,2520.4,346.38,713.42,902.00,937.67,396.76,1763,1537,2859,43037,45898,16964,28933,0,10,10314.6,39618184,36.1,96
n100k_d128_l2,100000,128,l2,adversarial,0.2500,0.2500,25000,C_acorn_g4,acorn,ACORN,16,4,16,100,10,0.3350,7475.6,128.54,193.92,239.46,309.17,133.77,1044,989,2302,3206,5509,3414,2095,0,10,12923.4,18532104,24.5,40
n100k_d128_l2,100000,128,l2,adversarial,0.2500,0.2500,25000,C_acorn_g8,acorn,ACORN,16,8,16,100,10,0.4920,7025.1,140.46,193.08,224.00,234.58,142.35,949,887,2514,4925,7440,3286,4153,0,10,20867.5,20264200,24.6,40
n100k_d128_l2,100000,128,l2,adversarial,0.2500,0.2500,25000,C_acorn_g16,acorn,ACORN,16,16,16,100,10,0.5730,6872.5,144.46,204.83,239.08,272.04,145.51,986,907,2656,4270,6928,3375,3553,0,10,39343.5,23728392,24.6,40
n100k_d128_l2,100000,128,l2,adversarial,0.2500,0.2500,25000,C_acorn_g32,acorn,ACORN,16,32,16,100,10,0.5350,7022.8,141.12,186.62,227.79,240.92,142.39,1091,1017,2412,3812,6225,3355,2870,0,10,101521.7,30656776,24.6,40
n100k_d128_l2,100000,128,l2,adversarial,0.2500,0.2500,25000,A_std_standard,std,STANDARD,16,1,32,250,10,0.4850,3851.6,260.88,301.88,374.38,399.54,259.63,1904,1904,1904,0,1904,0,0,258,5,11604.8,14033032,24.6,32
n100k_d128_l2,100000,128,l2,adversarial,0.2500,0.2500,25000,B_std_acorn1,std,ACORN,16,1,32,250,10,0.5260,2278.8,385.79,827.04,1035.38,1085.92,438.82,1606,1505,4532,31016,35550,17196,18354,0,10,11604.8,14033032,24.6,32
n100k_d128_l2,100000,128,l2,adversarial,0.2500,0.2500,25000,D_large24_standard,large,STANDARD,24,1,48,250,10,0.4990,3874.6,257.08,298.67,377.50,387.71,258.09,2001,2001,2001,0,2001,0,0,257,5,10822.2,20424136,30.6,48
n100k_d128_l2,100000,128,l2,adversarial,0.2500,0.2500,25000,E_large24_acorn1,large,ACORN,24,1,48,250,10,0.6010,1793.3,454.79,1182.17,1352.83,1411.88,557.64,1701,1575,6122,47977,54100,27850,26250,0,10,10822.2,20424136,30.6,48
n100k_d128_l2,100000,128,l2,adversarial,0.2500,0.2500,25000,D_large48_standard,large,STANDARD,48,1,96,250,10,0.5030,3543.8,283.83,344.21,437.54,462.67,282.18,2105,2105,2105,0,2105,0,0,255,6,10314.6,39618184,36.1,96
n100k_d128_l2,100000,128,l2,adversarial,0.2500,0.2500,25000,E_large48_acorn1,large,ACORN,48,1,96,250,10,0.8600,1232.1,707.71,1586.46,1782.08,1823.96,811.59,2076,1850,8214,95276,103491,46240,57251,0,10,10314.6,39618184,36.1,96
n100k_d128_l2,100000,128,l2,adversarial,0.2500,0.2500,25000,C_acorn_g4,acorn,ACORN,16,4,16,250,10,0.3670,3384.7,295.04,400.08,469.62,478.67,295.45,1340,1285,5582,8941,14524,8871,5652,0,10,12923.4,18532104,24.5,40
n100k_d128_l2,100000,128,l2,adversarial,0.2500,0.2500,25000,C_acorn_g8,acorn,ACORN,16,8,16,250,10,0.5580,3134.6,313.67,434.25,506.67,517.04,319.02,1241,1179,5859,12798,18658,8520,10138,0,10,20867.5,20264200,24.6,40
n100k_d128_l2,100000,128,l2,adversarial,0.2500,0.2500,25000,C_acorn_g16,acorn,ACORN,16,16,16,250,10,0.6190,3285.2,306.25,427.88,495.17,605.71,304.39,1269,1190,5865,10591,16458,8558,7899,0,10,39343.5,23728392,24.6,40
n100k_d128_l2,100000,128,l2,adversarial,0.2500,0.2500,25000,C_acorn_g32,acorn,ACORN,16,32,16,250,10,0.5820,3285.3,302.33,399.42,437.00,487.04,304.38,1476,1401,5609,8421,14031,8443,5588,0,10,101521.7,30656776,24.6,40
n100k_d128_l2,100000,128,l2,adversarial,0.2500,0.2500,25000,A_std_standard,std,STANDARD,16,1,32,500,10,0.4870,2047.4,487.62,573.17,627.79,704.04,488.44,2042,2042,2042,0,2042,0,0,508,5,11604.8,14033032,24.6,32
n100k_d128_l2,100000,128,l2,adversarial,0.2500,0.2500,25000,B_std_acorn1,std,ACORN,16,1,32,500,10,0.5870,1211.2,698.71,1497.54,1555.58,1562.21,825.60,1665,1564,10280,58436,68717,36703,32014,0,10,11604.8,14033032,24.6,32
n100k_d128_l2,100000,128,l2,adversarial,0.2500,0.2500,25000,D_large24_standard,large,STANDARD,24,1,48,500,10,0.5000,2036.7,488.96,559.54,625.50,658.33,490.99,2079,2079,2079,0,2079,0,0,507,5,10822.2,20424136,30.6,48
n100k_d128_l2,100000,128,l2,adversarial,0.2500,0.2500,25000,E_large24_acorn1,large,ACORN,24,1,48,500,10,0.6510,966.7,904.75,2077.42,2308.88,2320.12,1034.48,1786,1660,13824,93503,107328,59062,48266,0,10,10822.2,20424136,30.6,48
n100k_d128_l2,100000,128,l2,adversarial,0.2500,0.2500,25000,D_large48_standard,large,STANDARD,48,1,96,500,10,0.5060,2003.7,494.29,579.62,640.54,667.50,499.09,2168,2168,2168,0,2168,0,0,505,7,10314.6,39618184,36.1,96
n100k_d128_l2,100000,128,l2,adversarial,0.2500,0.2500,25000,E_large48_acorn1,large,ACORN,48,1,96,500,10,0.8940,672.2,1248.29,2950.17,3361.67,3902.12,1487.69,2301,2075,17596,169774,187371,96334,91037,0,10,10314.6,39618184,36.1,96
n100k_d128_l2,100000,128,l2,adversarial,0.2500,0.2500,25000,C_acorn_g4,acorn,ACORN,16,4,16,500,10,0.3700,1664.6,594.00,819.50,911.54,945.79,600.73,1444,1389,11369,20026,31397,19011,12385,0,10,12923.4,18532104,24.5,40
n100k_d128_l2,100000,128,l2,adversarial,0.2500,0.2500,25000,C_acorn_g8,acorn,ACORN,16,8,16,500,10,0.5650,1681.6,602.50,838.04,914.46,937.79,594.68,1337,1275,10988,22557,33546,17323,16222,0,10,20867.5,20264200,24.6,40
n100k_d128_l2,100000,128,l2,adversarial,0.2500,0.2500,25000,C_acorn_g16,acorn,ACORN,16,16,16,500,10,0.6290,1766.5,596.46,831.04,910.88,918.62,566.08,1371,1292,10799,18598,29399,16937,12462,0,10,39343.5,23728392,24.6,40
n100k_d128_l2,100000,128,l2,adversarial,0.2500,0.2500,25000,C_acorn_g32,acorn,ACORN,16,32,16,500,10,0.5960,1720.8,576.12,765.33,857.71,867.25,581.13,1627,1553,11100,14888,25990,17418,8571,0,10,101521.7,30656776,24.6,40
n100k_d128_l2,100000,128,l2,adversarial,0.2500,0.2500,25000,F_exact,exact,EXACT,16,0,0,0,100,1.0000,416.5,2397.42,2550.50,2633.62,2736.96,2401.11,25000,0,0,0,100000,0,0,0,100,0.0,0,0.0,0
n100k_d128_l2,100000,128,l2,adversarial,0.2500,0.2500,25000,A_std_standard,std,STANDARD,16,1,32,50,100,0.2851,11330.8,88.83,99.50,107.21,148.42,88.26,1035,1035,1035,0,1035,0,0,59,36,11604.8,14033032,24.6,32
n100k_d128_l2,100000,128,l2,adversarial,0.2500,0.2500,25000,B_std_acorn1,std,ACORN,16,1,32,50,100,0.4200,7464.8,123.42,228.71,299.08,322.75,133.96,1034,933,512,5249,5762,2289,3472,0,100,11604.8,14033032,24.6,32
n100k_d128_l2,100000,128,l2,adversarial,0.2500,0.2500,25000,D_large24_standard,large,STANDARD,24,1,48,50,100,0.3203,9905.7,100.21,119.83,127.67,196.83,100.95,1218,1218,1218,0,1218,0,0,57,37,10822.2,20424136,30.6,48
n100k_d128_l2,100000,128,l2,adversarial,0.2500,0.2500,25000,E_large24_acorn1,large,ACORN,24,1,48,50,100,0.5065,5924.2,149.29,303.38,357.12,402.38,168.80,1217,1092,670,8833,9504,3414,6090,0,100,10822.2,20424136,30.6,48
n100k_d128_l2,100000,128,l2,adversarial,0.2500,0.2500,25000,D_large48_standard,large,STANDARD,48,1,96,50,100,0.3378,8847.1,111.08,142.71,173.75,232.29,113.03,1438,1438,1438,0,1438,0,0,56,38,10314.6,39618184,36.1,96
n100k_d128_l2,100000,128,l2,adversarial,0.2500,0.2500,25000,E_large48_acorn1,large,ACORN,48,1,96,50,100,0.7544,3865.7,219.38,474.50,521.71,544.83,258.68,1536,1310,1195,21077,22274,7457,14817,0,100,10314.6,39618184,36.1,96
n100k_d128_l2,100000,128,l2,adversarial,0.2500,0.2500,25000,C_acorn_g4,acorn,ACORN,16,4,16,50,100,0.2774,10315.0,93.62,125.12,154.29,181.21,96.95,786,731,1248,1594,2844,1747,1096,0,100,12923.4,18532104,24.5,40
n100k_d128_l2,100000,128,l2,adversarial,0.2500,0.2500,25000,C_acorn_g8,acorn,ACORN,16,8,16,50,100,0.4380,9858.5,99.79,129.83,158.38,185.71,101.44,722,660,1439,2421,3862,1674,2187,0,100,20867.5,20264200,24.6,40
n100k_d128_l2,100000,128,l2,adversarial,0.2500,0.2500,25000,C_acorn_g16,acorn,ACORN,16,16,16,50,100,0.4796,9530.7,101.29,141.96,156.29,278.75,104.92,744,666,1585,2136,3722,1713,2008,0,100,39343.5,23728392,24.6,40
n100k_d128_l2,100000,128,l2,adversarial,0.2500,0.2500,25000,C_acorn_g32,acorn,ACORN,16,32,16,50,100,0.4615,9657.4,104.04,134.42,146.79,157.50,103.55,810,736,1368,1925,3295,1725,1569,0,100,101521.7,30656776,24.6,40
n100k_d128_l2,100000,128,l2,adversarial,0.2500,0.2500,25000,A_std_standard,std,STANDARD,16,1,32,100,100,0.3506,7592.0,133.21,157.04,174.00,230.96,131.72,1455,1455,1455,0,1455,0,0,108,38,11604.8,14033032,24.6,32
n100k_d128_l2,100000,128,l2,adversarial,0.2500,0.2500,25000,B_std_acorn1,std,ACORN,16,1,32,100,100,0.5194,4625.6,189.58,409.42,463.42,489.25,216.19,1353,1252,1277,11774,13052,5278,7774,0,100,11604.8,14033032,24.6,32
n100k_d128_l2,100000,128,l2,adversarial,0.2500,0.2500,25000,D_large24_standard,large,STANDARD,24,1,48,100,100,0.3763,7083.3,141.33,169.46,188.17,191.96,141.18,1638,1638,1638,0,1638,0,0,107,39,10822.2,20424136,30.6,48
n100k_d128_l2,100000,128,l2,adversarial,0.2500,0.2500,25000,E_large24_acorn1,large,ACORN,24,1,48,100,100,0.5986,3858.0,217.71,512.17,563.04,655.38,259.20,1549,1424,1719,17478,19199,8397,10802,0,100,10822.2,20424136,30.6,48
n100k_d128_l2,100000,128,l2,adversarial,0.2500,0.2500,25000,D_large48_standard,large,STANDARD,48,1,96,100,100,0.3820,6605.0,151.29,184.92,192.79,230.62,151.40,1819,1819,1819,0,1819,0,0,106,40,10314.6,39618184,36.1,96
n100k_d128_l2,100000,128,l2,adversarial,0.2500,0.2500,25000,E_large48_acorn1,large,ACORN,48,1,96,100,100,0.8334,2417.3,365.75,759.79,815.88,883.25,413.69,1763,1537,2859,43037,45898,16964,28933,0,100,10314.6,39618184,36.1,96
n100k_d128_l2,100000,128,l2,adversarial,0.2500,0.2500,25000,C_acorn_g4,acorn,ACORN,16,4,16,100,100,0.3343,6983.9,137.71,214.25,254.04,301.67,143.19,1044,989,2302,3206,5509,3414,2095,0,100,12923.4,18532104,24.5,40
n100k_d128_l2,100000,128,l2,adversarial,0.2500,0.2500,25000,C_acorn_g8,acorn,ACORN,16,8,16,100,100,0.5139,6554.8,149.58,206.21,237.33,286.67,152.56,949,887,2514,4925,7440,3286,4153,0,100,20867.5,20264200,24.6,40
n100k_d128_l2,100000,128,l2,adversarial,0.2500,0.2500,25000,C_acorn_g16,acorn,ACORN,16,16,16,100,100,0.5709,6501.4,151.33,223.12,245.46,284.50,153.81,986,907,2656,4270,6928,3375,3553,0,100,39343.5,23728392,24.6,40
n100k_d128_l2,100000,128,l2,adversarial,0.2500,0.2500,25000,C_acorn_g32,acorn,ACORN,16,32,16,100,100,0.5567,6494.8,150.58,197.62,254.42,284.12,153.97,1091,1017,2412,3812,6225,3355,2870,0,100,101521.7,30656776,24.6,40
n100k_d128_l2,100000,128,l2,adversarial,0.2500,0.2500,25000,A_std_standard,std,STANDARD,16,1,32,250,100,0.3900,3834.4,261.38,307.96,368.25,426.38,260.80,1904,1904,1904,0,1904,0,0,258,40,11604.8,14033032,24.6,32
n100k_d128_l2,100000,128,l2,adversarial,0.2500,0.2500,25000,B_std_acorn1,std,ACORN,16,1,32,250,100,0.5793,2175.4,405.83,847.04,910.75,1104.88,459.69,1606,1505,4532,31016,35550,17196,18354,0,100,11604.8,14033032,24.6,32
n100k_d128_l2,100000,128,l2,adversarial,0.2500,0.2500,25000,D_large24_standard,large,STANDARD,24,1,48,250,100,0.4026,3740.1,269.29,315.42,351.79,360.75,267.37,2001,2001,2001,0,2001,0,0,257,40,10822.2,20424136,30.6,48
n100k_d128_l2,100000,128,l2,adversarial,0.2500,0.2500,25000,E_large24_acorn1,large,ACORN,24,1,48,250,100,0.6257,1782.4,449.21,1175.46,1312.33,1370.88,561.06,1701,1575,6122,47977,54100,27850,26250,0,100,10822.2,20424136,30.6,48
n100k_d128_l2,100000,128,l2,adversarial,0.2500,0.2500,25000,D_large48_standard,large,STANDARD,48,1,96,250,100,0.4055,3639.5,278.08,312.29,357.92,388.75,274.76,2105,2105,2105,0,2105,0,0,255,42,10314.6,39618184,36.1,96
n100k_d128_l2,100000,128,l2,adversarial,0.2500,0.2500,25000,E_large48_acorn1,large,ACORN,48,1,96,250,100,0.8635,1200.3,697.79,1587.21,1838.29,1960.38,833.12,2076,1850,8214,95276,103491,46240,57251,0,100,10314.6,39618184,36.1,96
n100k_d128_l2,100000,128,l2,adversarial,0.2500,0.2500,25000,C_acorn_g4,acorn,ACORN,16,4,16,250,100,0.3864,3267.5,304.08,410.62,483.00,519.42,306.04,1340,1285,5582,8941,14524,8871,5652,0,100,12923.4,18532104,24.5,40
n100k_d128_l2,100000,128,l2,adversarial,0.2500,0.2500,25000,C_acorn_g8,acorn,ACORN,16,8,16,250,100,0.5874,3007.1,326.29,446.50,487.67,522.04,332.55,1241,1179,5859,12798,18658,8520,10138,0,100,20867.5,20264200,24.6,40
n100k_d128_l2,100000,128,l2,adversarial,0.2500,0.2500,25000,C_acorn_g16,acorn,ACORN,16,16,16,250,100,0.6468,3157.2,313.75,442.79,505.38,567.42,316.73,1269,1190,5865,10591,16458,8558,7899,0,100,39343.5,23728392,24.6,40
n100k_d128_l2,100000,128,l2,adversarial,0.2500,0.2500,25000,C_acorn_g32,acorn,ACORN,16,32,16,250,100,0.6392,3154.0,313.79,434.88,508.12,522.25,317.06,1476,1401,5609,8421,14031,8443,5588,0,100,101521.7,30656776,24.6,40
n100k_d128_l2,100000,128,l2,adversarial,0.2500,0.2500,25000,A_std_standard,std,STANDARD,16,1,32,500,100,0.3978,2017.5,496.96,544.75,620.67,639.42,495.66,2042,2042,2042,0,2042,0,0,508,40,11604.8,14033032,24.6,32
n100k_d128_l2,100000,128,l2,adversarial,0.2500,0.2500,25000,B_std_acorn1,std,ACORN,16,1,32,500,100,0.6069,1177.9,709.38,1556.75,1607.54,1686.42,848.96,1665,1564,10280,58436,68717,36703,32014,0,100,11604.8,14033032,24.6,32
n100k_d128_l2,100000,128,l2,adversarial,0.2500,0.2500,25000,D_large24_standard,large,STANDARD,24,1,48,500,100,0.4067,2014.0,496.54,531.46,634.29,648.96,496.52,2079,2079,2079,0,2079,0,0,507,41,10822.2,20424136,30.6,48
n100k_d128_l2,100000,128,l2,adversarial,0.2500,0.2500,25000,E_large24_acorn1,large,ACORN,24,1,48,500,100,0.6592,952.1,930.12,2098.38,2144.96,2167.04,1050.30,1786,1660,13824,93503,107328,59062,48266,0,100,10822.2,20424136,30.6,48
n100k_d128_l2,100000,128,l2,adversarial,0.2500,0.2500,25000,D_large48_standard,large,STANDARD,48,1,96,500,100,0.4099,1963.1,509.17,563.25,669.46,694.71,509.40,2168,2168,2168,0,2168,0,0,505,43,10314.6,39618184,36.1,96
n100k_d128_l2,100000,128,l2,adversarial,0.2500,0.2500,25000,E_large48_acorn1,large,ACORN,48,1,96,500,100,0.8966,660.1,1249.00,2959.33,3408.75,3843.75,1514.88,2301,2075,17596,169774,187371,96334,91037,0,100,10314.6,39618184,36.1,96
n100k_d128_l2,100000,128,l2,adversarial,0.2500,0.2500,25000,C_acorn_g4,acorn,ACORN,16,4,16,500,100,0.3964,1621.5,611.50,811.00,950.67,1099.62,616.72,1444,1389,11369,20026,31397,19011,12385,0,100,12923.4,18532104,24.5,40
n100k_d128_l2,100000,128,l2,adversarial,0.2500,0.2500,25000,C_acorn_g8,acorn,ACORN,16,8,16,500,100,0.6026,1628.9,629.58,836.38,909.17,930.83,613.91,1337,1275,10988,22557,33546,17323,16222,0,100,20867.5,20264200,24.6,40
n100k_d128_l2,100000,128,l2,adversarial,0.2500,0.2500,25000,C_acorn_g16,acorn,ACORN,16,16,16,500,100,0.6641,1722.2,602.42,857.25,938.42,947.88,580.65,1371,1292,10799,18598,29399,16937,12462,0,100,39343.5,23728392,24.6,40
n100k_d128_l2,100000,128,l2,adversarial,0.2500,0.2500,25000,C_acorn_g32,acorn,ACORN,16,32,16,500,100,0.6580,1670.6,602.00,772.58,952.58,1038.71,598.59,1627,1553,11100,14888,25990,17418,8571,0,100,101521.7,30656776,24.6,40
n100k_d128_l2,100000,128,l2,adversarial,0.1000,0.1000,10000,F_exact,exact,EXACT,16,0,0,0,10,1.0000,1131.8,862.25,968.54,991.08,1018.54,883.54,10000,0,0,0,100000,0,0,0,10,0.0,0,0.0,0
n100k_d128_l2,100000,128,l2,adversarial,0.1000,0.1000,10000,A_std_standard,std,STANDARD,16,1,32,50,10,0.2090,13356.9,76.38,91.21,102.79,142.79,74.87,1035,1035,1035,0,1035,0,0,59,2,11604.8,14033032,24.6,32
n100k_d128_l2,100000,128,l2,adversarial,0.1000,0.1000,10000,B_std_acorn1,std,ACORN,16,1,32,50,10,0.2650,10875.6,78.29,173.42,223.71,259.83,91.95,1049,951,514,4733,5248,2436,2811,0,10,11604.8,14033032,24.6,32
n100k_d128_l2,100000,128,l2,adversarial,0.1000,0.1000,10000,D_large24_standard,large,STANDARD,24,1,48,50,10,0.2310,11842.7,84.46,98.67,115.54,123.04,84.44,1218,1218,1218,0,1218,0,0,57,2,10822.2,20424136,30.6,48
n100k_d128_l2,100000,128,l2,adversarial,0.1000,0.1000,10000,E_large24_acorn1,large,ACORN,24,1,48,50,10,0.4230,7146.2,120.54,278.96,341.79,367.83,139.93,1107,1009,772,10259,11032,4368,6664,0,9,10822.2,20424136,30.6,48
n100k_d128_l2,100000,128,l2,adversarial,0.1000,0.1000,10000,D_large48_standard,large,STANDARD,48,1,96,50,10,0.2440,10551.2,95.50,112.08,137.79,162.12,94.78,1438,1438,1438,0,1438,0,0,56,2,10314.6,39618184,36.1,96
n100k_d128_l2,100000,128,l2,adversarial,0.1000,0.1000,10000,E_large48_acorn1,large,ACORN,48,1,96,50,10,0.5580,4392.4,182.00,407.08,603.62,710.17,227.67,1279,1054,1289,27709,28999,8149,20850,0,10,10314.6,39618184,36.1,96
n100k_d128_l2,100000,128,l2,adversarial,0.1000,0.1000,10000,C_acorn_g4,acorn,ACORN,16,4,16,50,10,0.2640,12933.3,72.42,118.25,134.33,183.42,77.32,596,555,1335,3195,4532,1655,2877,0,10,12923.4,18532104,24.5,40
n100k_d128_l2,100000,128,l2,adversarial,0.1000,0.1000,10000,C_acorn_g8,acorn,ACORN,16,8,16,50,10,0.2150,13184.7,71.50,120.46,136.75,206.04,75.85,586,543,1591,3215,4808,1685,3122,0,10,20867.5,20264200,24.6,40
n100k_d128_l2,100000,128,l2,adversarial,0.1000,0.1000,10000,C_acorn_g16,acorn,ACORN,16,16,16,50,10,0.4000,14075.0,75.04,116.50,146.96,149.62,71.05,506,445,1730,3251,4983,1517,3465,0,10,39343.5,23728392,24.6,40
n100k_d128_l2,100000,128,l2,adversarial,0.1000,0.1000,10000,C_acorn_g32,acorn,ACORN,16,32,16,50,10,0.4900,11735.8,81.83,124.67,139.54,140.79,85.21,663,600,1706,2992,4700,1637,3063,0,10,101521.7,30656776,24.6,40
n100k_d128_l2,100000,128,l2,adversarial,0.1000,0.1000,10000,A_std_standard,std,STANDARD,16,1,32,100,10,0.2360,7947.2,128.00,148.12,159.62,217.62,125.83,1455,1455,1455,0,1455,0,0,108,2,11604.8,14033032,24.6,32
n100k_d128_l2,100000,128,l2,adversarial,0.1000,0.1000,10000,B_std_acorn1,std,ACORN,16,1,32,100,10,0.3050,5936.8,140.17,328.29,450.67,452.00,168.44,1364,1267,1264,10815,12081,5629,6452,0,10,11604.8,14033032,24.6,32
n100k_d128_l2,100000,128,l2,adversarial,0.1000,0.1000,10000,D_large24_standard,large,STANDARD,24,1,48,100,10,0.2560,7328.7,136.50,158.75,175.75,182.04,136.45,1638,1638,1638,0,1638,0,0,107,2,10822.2,20424136,30.6,48
n100k_d128_l2,100000,128,l2,adversarial,0.1000,0.1000,10000,E_large24_acorn1,large,ACORN,24,1,48,100,10,0.4640,3802.0,214.54,479.33,534.46,578.62,263.02,1314,1216,1960,25301,27263,10959,16304,0,9,10822.2,20424136,30.6,48
n100k_d128_l2,100000,128,l2,adversarial,0.1000,0.1000,10000,D_large48_standard,large,STANDARD,48,1,96,100,10,0.2620,6799.7,145.83,170.71,227.50,236.96,147.07,1819,1819,1819,0,1819,0,0,106,2,10314.6,39618184,36.1,96
n100k_d128_l2,100000,128,l2,adversarial,0.1000,0.1000,10000,E_large48_acorn1,large,ACORN,48,1,96,100,10,0.6020,2394.1,342.79,710.46,905.21,1056.58,417.70,1431,1205,2982,57310,60293,18753,41539,0,10,10314.6,39618184,36.1,96
n100k_d128_l2,100000,128,l2,adversarial,0.1000,0.1000,10000,C_acorn_g4,acorn,ACORN,16,4,16,100,10,0.2880,7462.0,127.17,193.00,237.67,256.62,134.01,762,721,2459,6872,9332,3402,5930,0,10,12923.4,18532104,24.5,40
n100k_d128_l2,100000,128,l2,adversarial,0.1000,0.1000,10000,C_acorn_g8,acorn,ACORN,16,8,16,100,10,0.2710,7652.2,122.33,195.04,246.50,254.00,130.68,814,771,2796,6417,9215,3344,5870,0,10,20867.5,20264200,24.6,40
n100k_d128_l2,100000,128,l2,adversarial,0.1000,0.1000,10000,C_acorn_g16,acorn,ACORN,16,16,16,100,10,0.4360,8482.6,127.25,198.04,241.54,244.42,117.89,638,576,2649,5942,8593,2820,5773,0,10,39343.5,23728392,24.6,40
n100k_d128_l2,100000,128,l2,adversarial,0.1000,0.1000,10000,C_acorn_g32,acorn,ACORN,16,32,16,100,10,0.5510,6772.3,137.92,216.71,234.88,284.33,147.66,850,787,2805,6225,9031,3231,5800,0,10,101521.7,30656776,24.6,40
n100k_d128_l2,100000,128,l2,adversarial,0.1000,0.1000,10000,A_std_standard,std,STANDARD,16,1,32,250,10,0.2540,3983.4,253.79,278.54,335.62,419.12,251.04,1904,1904,1904,0,1904,0,0,258,2,11604.8,14033032,24.6,32
n100k_d128_l2,100000,128,l2,adversarial,0.1000,0.1000,10000,B_std_acorn1,std,ACORN,16,1,32,250,10,0.3210,2498.2,344.79,778.38,823.50,984.17,400.29,1558,1460,4615,33648,38264,19984,18279,0,10,11604.8,14033032,24.6,32
n100k_d128_l2,100000,128,l2,adversarial,0.1000,0.1000,10000,D_large24_standard,large,STANDARD,24,1,48,250,10,0.2710,3877.5,261.33,286.71,317.08,413.12,257.90,2001,2001,2001,0,2001,0,0,257,2,10822.2,20424136,30.6,48
n100k_d128_l2,100000,128,l2,adversarial,0.1000,0.1000,10000,E_large24_acorn1,large,ACORN,24,1,48,250,10,0.4810,1574.8,569.88,1108.33,1170.67,1221.25,635.02,1414,1317,6284,73130,79415,33245,46170,0,9,10822.2,20424136,30.6,48
n100k_d128_l2,100000,128,l2,adversarial,0.1000,0.1000,10000,D_large48_standard,large,STANDARD,48,1,96,250,10,0.2750,3705.8,269.50,298.33,399.79,471.12,269.84,2105,2105,2105,0,2105,0,0,255,3,10314.6,39618184,36.1,96
n100k_d128_l2,100000,128,l2,adversarial,0.1000,0.1000,10000,E_large48_acorn1,large,ACORN,48,1,96,250,10,0.6540,1051.0,852.29,1688.92,2363.79,2512.38,951.44,1664,1438,8377,137260,145639,53400,92238,0,10,10314.6,39618184,36.1,96
n100k_d128_l2,100000,128,l2,adversarial,0.1000,0.1000,10000,C_acorn_g4,acorn,ACORN,16,4,16,250,10,0.3000,3387.3,279.21,445.25,495.75,496.75,295.22,933,892,5678,16933,22612,8892,13719,0,10,12923.4,18532104,24.5,40
n100k_d128_l2,100000,128,l2,adversarial,0.1000,0.1000,10000,C_acorn_g8,acorn,ACORN,16,8,16,250,10,0.2950,3470.0,276.21,469.50,479.96,508.17,288.19,1109,1066,5965,13901,19868,8246,11621,0,10,20867.5,20264200,24.6,40
n100k_d128_l2,100000,128,l2,adversarial,0.1000,0.1000,10000,C_acorn_g16,acorn,ACORN,16,16,16,250,10,0.4440,4127.6,279.88,420.42,474.25,511.25,242.27,760,698,5057,13546,18604,6769,11834,0,10,39343.5,23728392,24.6,40
n100k_d128_l2,100000,128,l2,adversarial,0.1000,0.1000,10000,C_acorn_g32,acorn,ACORN,16,32,16,250,10,0.5740,3097.0,305.83,456.71,581.21,630.08,322.90,1056,993,6080,16027,22108,8478,13630,0,10,101521.7,30656776,24.6,40
n100k_d128_l2,100000,128,l2,adversarial,0.1000,0.1000,10000,A_std_standard,std,STANDARD,16,1,32,500,10,0.2600,2063.3,486.96,559.88,580.58,584.58,484.66,2042,2042,2042,0,2042,0,0,508,2,11604.8,14033032,24.6,32
n100k_d128_l2,100000,128,l2,adversarial,0.1000,0.1000,10000,B_std_acorn1,std,ACORN,16,1,32,500,10,0.3220,1204.0,724.79,1543.04,1620.17,1693.12,830.53,1580,1482,10698,71256,81955,44969,36985,0,10,11604.8,14033032,24.6,32
n100k_d128_l2,100000,128,l2,adversarial,0.1000,0.1000,10000,D_large24_standard,large,STANDARD,24,1,48,500,10,0.2740,2026.7,489.17,584.38,637.38,671.54,493.41,2079,2079,2079,0,2079,0,0,507,2,10822.2,20424136,30.6,48
n100k_d128_l2,100000,128,l2,adversarial,0.1000,0.1000,10000,E_large24_acorn1,large,ACORN,24,1,48,500,10,0.4820,787.7,1197.50,2220.17,2259.42,2332.46,1269.53,1489,1391,13773,146588,160363,69617,90745,0,9,10822.2,20424136,30.6,48
n100k_d128_l2,100000,128,l2,adversarial,0.1000,0.1000,10000,D_large48_standard,large,STANDARD,48,1,96,500,10,0.2810,1992.4,501.12,546.58,673.08,678.62,501.91,2168,2168,2168,0,2168,0,0,505,4,10314.6,39618184,36.1,96
n100k_d128_l2,100000,128,l2,adversarial,0.1000,0.1000,10000,E_large48_acorn1,large,ACORN,48,1,96,500,10,0.6540,561.0,1615.00,3179.29,3454.58,3502.29,1782.52,1873,1647,17296,250391,267688,108802,158886,0,10,10314.6,39618184,36.1,96
n100k_d128_l2,100000,128,l2,adversarial,0.1000,0.1000,10000,C_acorn_g4,acorn,ACORN,16,4,16,500,10,0.3040,1921.7,527.25,800.29,900.54,937.33,520.38,979,938,9965,27362,37328,16598,20729,0,10,12923.4,18532104,24.5,40
n100k_d128_l2,100000,128,l2,adversarial,0.1000,0.1000,10000,C_acorn_g8,acorn,ACORN,16,8,16,500,10,0.2970,1895.3,541.50,803.25,941.96,1085.58,527.61,1182,1139,10711,23705,34418,16599,17818,0,10,20867.5,20264200,24.6,40
n100k_d128_l2,100000,128,l2,adversarial,0.1000,0.1000,10000,C_acorn_g16,acorn,ACORN,16,16,16,500,10,0.4470,2211.2,549.12,814.04,956.96,1190.54,452.25,791,729,8773,24736,33511,13764,19747,0,10,39343.5,23728392,24.6,40
n100k_d128_l2,100000,128,l2,adversarial,0.1000,0.1000,10000,C_acorn_g32,acorn,ACORN,16,32,16,500,10,0.5770,1612.1,621.25,879.29,926.88,935.00,620.30,1135,1071,11252,30306,41560,17397,24162,0,10,101521.7,30656776,24.6,40
n100k_d128_l2,100000,128,l2,adversarial,0.1000,0.1000,10000,F_exact,exact,EXACT,16,0,0,0,100,1.0000,1135.1,854.71,975.96,995.00,1029.71,880.98,10000,0,0,0,100000,0,0,0,100,0.0,0,0.0,0
n100k_d128_l2,100000,128,l2,adversarial,0.1000,0.1000,10000,A_std_standard,std,STANDARD,16,1,32,50,100,0.1597,11376.1,87.33,103.46,132.38,202.38,87.90,1035,1035,1035,0,1035,0,0,59,21,11604.8,14033032,24.6,32
n100k_d128_l2,100000,128,l2,adversarial,0.1000,0.1000,10000,B_std_acorn1,std,ACORN,16,1,32,50,100,0.2768,8854.8,101.08,190.50,238.92,275.79,112.93,1049,951,514,4733,5248,2436,2811,0,100,11604.8,14033032,24.6,32
n100k_d128_l2,100000,128,l2,adversarial,0.1000,0.1000,10000,D_large24_standard,large,STANDARD,24,1,48,50,100,0.1788,10335.5,95.46,119.00,123.92,141.29,96.75,1218,1218,1218,0,1218,0,0,57,21,10822.2,20424136,30.6,48
n100k_d128_l2,100000,128,l2,adversarial,0.1000,0.1000,10000,E_large24_acorn1,large,ACORN,24,1,48,50,100,0.4602,6268.4,140.04,283.92,352.79,390.71,159.53,1107,1009,772,10259,11032,4368,6664,0,99,10822.2,20424136,30.6,48
n100k_d128_l2,100000,128,l2,adversarial,0.1000,0.1000,10000,D_large48_standard,large,STANDARD,48,1,96,50,100,0.1934,9208.1,106.29,136.33,152.83,221.00,108.60,1438,1438,1438,0,1438,0,0,56,22,10314.6,39618184,36.1,96
n100k_d128_l2,100000,128,l2,adversarial,0.1000,0.1000,10000,E_large48_acorn1,large,ACORN,48,1,96,50,100,0.5755,3901.3,214.29,430.04,512.04,737.50,256.33,1279,1054,1289,27709,28999,8149,20850,0,100,10314.6,39618184,36.1,96
n100k_d128_l2,100000,128,l2,adversarial,0.1000,0.1000,10000,C_acorn_g4,acorn,ACORN,16,4,16,50,100,0.2683,10782.2,88.21,126.75,150.67,154.75,92.75,596,555,1335,3195,4532,1655,2877,0,100,12923.4,18532104,24.5,40
n100k_d128_l2,100000,128,l2,adversarial,0.1000,0.1000,10000,C_acorn_g8,acorn,ACORN,16,8,16,50,100,0.2306,11185.0,89.33,132.92,144.71,167.58,89.41,586,543,1591,3215,4808,1685,3122,0,100,20867.5,20264200,24.6,40
n100k_d128_l2,100000,128,l2,adversarial,0.1000,0.1000,10000,C_acorn_g16,acorn,ACORN,16,16,16,50,100,0.3975,11921.7,90.71,137.58,168.71,189.42,83.88,506,445,1730,3251,4983,1517,3465,0,86,39343.5,23728392,24.6,40
n100k_d128_l2,100000,128,l2,adversarial,0.1000,0.1000,10000,C_acorn_g32,acorn,ACORN,16,32,16,50,100,0.4853,9405.0,100.21,143.21,215.04,225.58,106.33,663,600,1706,2992,4700,1637,3063,0,100,101521.7,30656776,24.6,40
n100k_d128_l2,100000,128,l2,adversarial,0.1000,0.1000,10000,A_std_standard,std,STANDARD,16,1,32,100,100,0.1958,7799.3,129.67,155.58,181.83,185.33,128.22,1455,1455,1455,0,1455,0,0,108,21,11604.8,14033032,24.6,32
n100k_d128_l2,100000,128,l2,adversarial,0.1000,0.1000,10000,B_std_acorn1,std,ACORN,16,1,32,100,100,0.3411,5513.2,153.21,351.08,405.79,579.00,181.38,1364,1267,1264,10815,12081,5629,6452,0,100,11604.8,14033032,24.6,32
n100k_d128_l2,100000,128,l2,adversarial,0.1000,0.1000,10000,D_large24_standard,large,STANDARD,24,1,48,100,100,0.2092,7270.7,137.79,157.33,165.79,239.50,137.54,1638,1638,1638,0,1638,0,0,107,22,10822.2,20424136,30.6,48
n100k_d128_l2,100000,128,l2,adversarial,0.1000,0.1000,10000,E_large24_acorn1,large,ACORN,24,1,48,100,100,0.5127,3599.4,236.25,506.62,573.75,655.38,277.83,1314,1216,1960,25301,27263,10959,16304,0,99,10822.2,20424136,30.6,48
n100k_d128_l2,100000,128,l2,adversarial,0.1000,0.1000,10000,D_large48_standard,large,STANDARD,48,1,96,100,100,0.2169,6753.7,149.38,180.75,204.92,243.92,148.07,1819,1819,1819,0,1819,0,0,106,22,10314.6,39618184,36.1,96
n100k_d128_l2,100000,128,l2,adversarial,0.1000,0.1000,10000,E_large48_acorn1,large,ACORN,48,1,96,100,100,0.6198,2320.3,367.00,757.96,1040.25,1204.33,430.99,1431,1205,2982,57310,60293,18753,41539,0,100,10314.6,39618184,36.1,96
n100k_d128_l2,100000,128,l2,adversarial,0.1000,0.1000,10000,C_acorn_g4,acorn,ACORN,16,4,16,100,100,0.3074,7139.9,132.58,200.96,230.50,237.29,140.06,762,721,2459,6872,9332,3402,5930,0,100,12923.4,18532104,24.5,40
n100k_d128_l2,100000,128,l2,adversarial,0.1000,0.1000,10000,C_acorn_g8,acorn,ACORN,16,8,16,100,100,0.2977,7192.5,133.04,203.29,239.88,267.33,139.03,814,771,2796,6417,9215,3344,5870,0,100,20867.5,20264200,24.6,40
n100k_d128_l2,100000,128,l2,adversarial,0.1000,0.1000,10000,C_acorn_g16,acorn,ACORN,16,16,16,100,100,0.4575,7610.6,146.00,223.25,244.92,247.58,131.40,638,576,2649,5942,8593,2820,5773,0,86,39343.5,23728392,24.6,40
n100k_d128_l2,100000,128,l2,adversarial,0.1000,0.1000,10000,C_acorn_g32,acorn,ACORN,16,32,16,100,100,0.5668,5818.6,165.54,251.83,281.04,327.46,171.86,850,787,2805,6225,9031,3231,5800,0,100,101521.7,30656776,24.6,40
n100k_d128_l2,100000,128,l2,adversarial,0.1000,0.1000,10000,A_std_standard,std,STANDARD,16,1,32,250,100,0.2144,3892.6,257.83,292.50,363.79,383.29,256.90,1904,1904,1904,0,1904,0,0,258,22,11604.8,14033032,24.6,32
n100k_d128_l2,100000,128,l2,adversarial,0.1000,0.1000,10000,B_std_acorn1,std,ACORN,16,1,32,250,100,0.3682,2405.0,363.46,780.12,902.71,921.58,415.79,1558,1460,4615,33648,38264,19984,18279,0,100,11604.8,14033032,24.6,32
n100k_d128_l2,100000,128,l2,adversarial,0.1000,0.1000,10000,D_large24_standard,large,STANDARD,24,1,48,250,100,0.2233,3786.1,263.54,302.58,374.67,378.00,264.13,2001,2001,2001,0,2001,0,0,257,22,10822.2,20424136,30.6,48
n100k_d128_l2,100000,128,l2,adversarial,0.1000,0.1000,10000,E_large24_acorn1,large,ACORN,24,1,48,250,100,0.5292,1534.2,583.08,1152.46,1220.83,1393.50,651.79,1414,1317,6284,73130,79415,33245,46170,0,99,10822.2,20424136,30.6,48
n100k_d128_l2,100000,128,l2,adversarial,0.1000,0.1000,10000,D_large48_standard,large,STANDARD,48,1,96,250,100,0.2264,3709.5,270.04,308.88,357.00,357.79,269.57,2105,2105,2105,0,2105,0,0,255,23,10314.6,39618184,36.1,96
n100k_d128_l2,100000,128,l2,adversarial,0.1000,0.1000,10000,E_large48_acorn1,large,ACORN,48,1,96,250,100,0.6724,1030.6,853.38,1812.12,2149.71,2405.00,970.33,1664,1438,8377,137260,145639,53400,92238,0,100,10314.6,39618184,36.1,96
n100k_d128_l2,100000,128,l2,adversarial,0.1000,0.1000,10000,C_acorn_g4,acorn,ACORN,16,4,16,250,100,0.3361,3299.8,294.54,406.33,506.08,602.50,303.05,933,892,5678,16933,22612,8892,13719,0,100,12923.4,18532104,24.5,40
n100k_d128_l2,100000,128,l2,adversarial,0.1000,0.1000,10000,C_acorn_g8,acorn,ACORN,16,8,16,250,100,0.3492,3293.0,292.21,445.08,516.29,518.46,303.67,1109,1066,5965,13901,19868,8246,11621,0,100,20867.5,20264200,24.6,40
n100k_d128_l2,100000,128,l2,adversarial,0.1000,0.1000,10000,C_acorn_g16,acorn,ACORN,16,16,16,250,100,0.4872,3866.5,281.08,444.54,529.75,576.25,258.63,760,698,5057,13546,18604,6769,11834,0,86,39343.5,23728392,24.6,40
n100k_d128_l2,100000,128,l2,adversarial,0.1000,0.1000,10000,C_acorn_g32,acorn,ACORN,16,32,16,250,100,0.6259,2972.4,323.67,476.83,522.08,684.83,336.43,1056,993,6080,16027,22108,8478,13630,0,100,101521.7,30656776,24.6,40
n100k_d128_l2,100000,128,l2,adversarial,0.1000,0.1000,10000,A_std_standard,std,STANDARD,16,1,32,500,100,0.2174,2050.5,486.54,540.29,569.25,624.04,487.69,2042,2042,2042,0,2042,0,0,508,22,11604.8,14033032,24.6,32
n100k_d128_l2,100000,128,l2,adversarial,0.1000,0.1000,10000,B_std_acorn1,std,ACORN,16,1,32,500,100,0.3693,1194.2,712.29,1572.00,1706.42,1757.42,837.35,1580,1482,10698,71256,81955,44969,36985,0,100,11604.8,14033032,24.6,32
n100k_d128_l2,100000,128,l2,adversarial,0.1000,0.1000,10000,D_large24_standard,large,STANDARD,24,1,48,500,100,0.2249,2021.7,495.92,549.08,635.29,667.21,494.63,2079,2079,2079,0,2079,0,0,507,22,10822.2,20424136,30.6,48
n100k_d128_l2,100000,128,l2,adversarial,0.1000,0.1000,10000,E_large24_acorn1,large,ACORN,24,1,48,500,100,0.5311,777.1,1205.88,2225.00,2343.38,2420.50,1286.89,1489,1391,13773,146588,160363,69617,90745,0,99,10822.2,20424136,30.6,48
n100k_d128_l2,100000,128,l2,adversarial,0.1000,0.1000,10000,D_large48_standard,large,STANDARD,48,1,96,500,100,0.2290,1981.4,503.54,549.96,654.21,657.67,504.68,2168,2168,2168,0,2168,0,0,505,23,10314.6,39618184,36.1,96
n100k_d128_l2,100000,128,l2,adversarial,0.1000,0.1000,10000,E_large48_acorn1,large,ACORN,48,1,96,500,100,0.6752,550.3,1657.88,3265.33,3452.12,3732.46,1817.05,1873,1647,17296,250391,267688,108802,158886,0,100,10314.6,39618184,36.1,96
n100k_d128_l2,100000,128,l2,adversarial,0.1000,0.1000,10000,C_acorn_g4,acorn,ACORN,16,4,16,500,100,0.3413,1859.1,562.50,812.92,861.00,910.62,537.90,979,938,9965,27362,37328,16598,20729,0,100,12923.4,18532104,24.5,40
n100k_d128_l2,100000,128,l2,adversarial,0.1000,0.1000,10000,C_acorn_g8,acorn,ACORN,16,8,16,500,100,0.3556,1840.5,575.29,805.71,888.58,986.71,543.33,1182,1139,10711,23705,34418,16599,17818,0,100,20867.5,20264200,24.6,40
n100k_d128_l2,100000,128,l2,adversarial,0.1000,0.1000,10000,C_acorn_g16,acorn,ACORN,16,16,16,500,100,0.4920,2130.6,574.79,865.71,959.92,993.92,469.36,791,729,8773,24736,33511,13764,19747,0,86,39343.5,23728392,24.6,40
n100k_d128_l2,100000,128,l2,adversarial,0.1000,0.1000,10000,C_acorn_g32,acorn,ACORN,16,32,16,500,100,0.6367,1594.6,627.25,852.21,952.92,973.79,627.12,1135,1071,11252,30306,41560,17397,24162,0,100,101521.7,30656776,24.6,40
n100k_d128_l2,100000,128,l2,adversarial,0.0500,0.0500,5000,F_exact,exact,EXACT,16,0,0,0,10,1.0000,2126.5,459.42,530.58,561.17,670.62,470.25,5000,0,0,0,100000,0,0,0,10,0.0,0,0.0,0
n100k_d128_l2,100000,128,l2,adversarial,0.0500,0.0500,5000,A_std_standard,std,STANDARD,16,1,32,50,10,0.1480,13456.5,74.62,87.08,100.12,128.96,74.31,1035,1035,1035,0,1035,0,0,59,2,11604.8,14033032,24.6,32
n100k_d128_l2,100000,128,l2,adversarial,0.0500,0.0500,5000,B_std_acorn1,std,ACORN,16,1,32,50,10,0.2800,9608.7,98.58,159.50,177.92,256.21,104.07,938,854,638,6902,7541,2928,4613,0,10,11604.8,14033032,24.6,32
n100k_d128_l2,100000,128,l2,adversarial,0.0500,0.0500,5000,D_large24_standard,large,STANDARD,24,1,48,50,10,0.1770,11873.3,85.75,96.25,105.33,155.29,84.22,1218,1218,1218,0,1218,0,0,57,2,10822.2,20424136,30.6,48
n100k_d128_l2,100000,128,l2,adversarial,0.0500,0.0500,5000,E_large24_acorn1,large,ACORN,24,1,48,50,10,0.3390,7179.1,105.46,249.08,294.04,371.42,139.29,891,816,894,17519,18415,3704,14711,0,10,10822.2,20424136,30.6,48
n100k_d128_l2,100000,128,l2,adversarial,0.0500,0.0500,5000,D_large48_standard,large,STANDARD,48,1,96,50,10,0.1900,10647.7,92.96,114.29,171.96,181.00,93.92,1438,1438,1438,0,1438,0,0,56,2,10314.6,39618184,36.1,96
n100k_d128_l2,100000,128,l2,adversarial,0.0500,0.0500,5000,E_large48_acorn1,large,ACORN,48,1,96,50,10,0.3620,4084.0,257.71,370.50,421.42,432.38,244.86,1108,879,1440,34476,35918,10278,25639,0,10,10314.6,39618184,36.1,96
n100k_d128_l2,100000,128,l2,adversarial,0.0500,0.0500,5000,C_acorn_g4,acorn,ACORN,16,4,16,50,10,0.1280,17156.6,56.75,68.04,74.42,86.00,58.29,532,496,1363,3524,4889,1514,3375,0,10,12923.4,18532104,24.5,40
n100k_d128_l2,100000,128,l2,adversarial,0.0500,0.0500,5000,C_acorn_g8,acorn,ACORN,16,8,16,50,10,0.1390,15876.7,58.58,77.79,113.62,195.71,62.99,541,504,1501,3573,5076,1545,3530,0,10,20867.5,20264200,24.6,40
n100k_d128_l2,100000,128,l2,adversarial,0.0500,0.0500,5000,C_acorn_g16,acorn,ACORN,16,16,16,50,10,0.3140,14485.9,68.00,100.29,119.00,145.42,69.03,347,310,2108,5202,7312,1379,5933,0,10,39343.5,23728392,24.6,40
n100k_d128_l2,100000,128,l2,adversarial,0.0500,0.0500,5000,C_acorn_g32,acorn,ACORN,16,32,16,50,10,0.4800,12516.8,76.33,110.08,118.96,140.96,79.89,559,499,2170,4091,6263,1503,4760,0,10,101521.7,30656776,24.6,40
n100k_d128_l2,100000,128,l2,adversarial,0.0500,0.0500,5000,A_std_standard,std,STANDARD,16,1,32,100,10,0.1800,7850.1,128.04,151.92,188.92,218.42,127.39,1455,1455,1455,0,1455,0,0,108,2,11604.8,14033032,24.6,32
n100k_d128_l2,100000,128,l2,adversarial,0.0500,0.0500,5000,B_std_acorn1,std,ACORN,16,1,32,100,10,0.3130,4974.4,174.17,297.00,393.62,437.12,201.03,1142,1058,1566,17780,19348,7594,11753,0,10,11604.8,14033032,24.6,32
n100k_d128_l2,100000,128,l2,adversarial,0.0500,0.0500,5000,D_large24_standard,large,STANDARD,24,1,48,100,10,0.2020,7429.9,135.21,156.71,192.00,243.67,134.59,1638,1638,1638,0,1638,0,0,107,2,10822.2,20424136,30.6,48
n100k_d128_l2,100000,128,l2,adversarial,0.0500,0.0500,5000,E_large24_acorn1,large,ACORN,24,1,48,100,10,0.3730,3259.5,262.96,540.08,635.33,640.92,306.80,1064,989,2102,37526,39629,9367,30262,0,10,10822.2,20424136,30.6,48
n100k_d128_l2,100000,128,l2,adversarial,0.0500,0.0500,5000,D_large48_standard,large,STANDARD,48,1,96,100,10,0.2060,6498.7,158.54,174.33,183.88,184.54,153.88,1819,1819,1819,0,1819,0,0,106,2,10314.6,39618184,36.1,96
n100k_d128_l2,100000,128,l2,adversarial,0.0500,0.0500,5000,E_large48_acorn1,large,ACORN,48,1,96,100,10,0.3670,1980.9,534.17,804.04,846.62,918.08,504.82,1273,1043,3116,70049,73167,24154,49012,0,10,10314.6,39618184,36.1,96
n100k_d128_l2,100000,128,l2,adversarial,0.0500,0.0500,5000,C_acorn_g4,acorn,ACORN,16,4,16,100,10,0.1420,9388.9,103.38,124.92,157.42,188.04,106.51,635,599,2510,7474,9986,3087,6898,0,10,12923.4,18532104,24.5,40
n100k_d128_l2,100000,128,l2,adversarial,0.0500,0.0500,5000,C_acorn_g8,acorn,ACORN,16,8,16,100,10,0.1450,9054.5,105.42,138.33,180.33,182.12,110.44,642,604,2647,7584,10232,3157,7074,0,10,20867.5,20264200,24.6,40
n100k_d128_l2,100000,128,l2,adversarial,0.0500,0.0500,5000,C_acorn_g16,acorn,ACORN,16,16,16,100,10,0.3390,8704.0,114.50,173.71,231.33,283.62,114.89,405,368,3270,10450,13721,2722,10999,0,10,39343.5,23728392,24.6,40
n100k_d128_l2,100000,128,l2,adversarial,0.0500,0.0500,5000,C_acorn_g32,acorn,ACORN,16,32,16,100,10,0.5390,7527.2,128.88,188.38,209.88,243.04,132.85,707,647,3278,8179,11459,2936,8522,0,10,101521.7,30656776,24.6,40
n100k_d128_l2,100000,128,l2,adversarial,0.0500,0.0500,5000,A_std_standard,std,STANDARD,16,1,32,250,10,0.1970,3954.2,257.04,277.96,357.83,362.92,252.89,1904,1904,1904,0,1904,0,0,258,2,11604.8,14033032,24.6,32
n100k_d128_l2,100000,128,l2,adversarial,0.0500,0.0500,5000,B_std_acorn1,std,ACORN,16,1,32,250,10,0.3290,1915.3,505.42,746.50,865.04,876.25,522.10,1224,1139,5133,57130,62265,26331,35933,0,10,11604.8,14033032,24.6,32
n100k_d128_l2,100000,128,l2,adversarial,0.0500,0.0500,5000,D_large24_standard,large,STANDARD,24,1,48,250,10,0.2110,3891.4,259.42,293.67,336.79,362.50,256.97,2001,2001,2001,0,2001,0,0,257,2,10822.2,20424136,30.6,48
n100k_d128_l2,100000,128,l2,adversarial,0.0500,0.0500,5000,E_large24_acorn1,large,ACORN,24,1,48,250,10,0.3820,1830.6,554.29,942.42,1140.38,1412.96,546.26,1118,1043,5510,75304,80816,29244,51571,0,10,10822.2,20424136,30.6,48
n100k_d128_l2,100000,128,l2,adversarial,0.0500,0.0500,5000,D_large48_standard,large,STANDARD,48,1,96,250,10,0.2160,3729.8,269.92,314.71,397.58,435.17,268.11,2105,2105,2105,0,2105,0,0,255,2,10314.6,39618184,36.1,96
n100k_d128_l2,100000,128,l2,adversarial,0.0500,0.0500,5000,E_large48_acorn1,large,ACORN,48,1,96,250,10,0.4210,811.3,1331.29,2057.83,2273.83,2363.75,1232.54,1430,1200,8925,183825,192751,72615,120136,0,10,10314.6,39618184,36.1,96
n100k_d128_l2,100000,128,l2,adversarial,0.0500,0.0500,5000,C_acorn_g4,acorn,ACORN,16,4,16,250,10,0.1520,3736.4,255.42,364.25,423.42,458.00,267.64,683,648,6063,22376,28441,8756,19685,0,10,12923.4,18532104,24.5,40
n100k_d128_l2,100000,128,l2,adversarial,0.0500,0.0500,5000,C_acorn_g8,acorn,ACORN,16,8,16,250,10,0.1500,3754.4,257.04,331.62,446.12,496.08,266.35,687,649,6193,22674,28869,8965,19903,0,10,20867.5,20264200,24.6,40
n100k_d128_l2,100000,128,l2,adversarial,0.0500,0.0500,5000,C_acorn_g16,acorn,ACORN,16,16,16,250,10,0.3450,4580.4,233.75,399.88,459.75,519.38,218.32,435,398,5262,19276,24539,5841,18698,0,10,39343.5,23728392,24.6,40
n100k_d128_l2,100000,128,l2,adversarial,0.0500,0.0500,5000,C_acorn_g32,acorn,ACORN,16,32,16,250,10,0.5720,3703.2,271.21,409.33,492.25,504.00,270.03,849,790,5964,16429,22394,7194,15200,0,10,101521.7,30656776,24.6,40
n100k_d128_l2,100000,128,l2,adversarial,0.0500,0.0500,5000,A_std_standard,std,STANDARD,16,1,32,500,10,0.2020,2054.3,487.33,547.04,585.88,647.04,486.79,2042,2042,2042,0,2042,0,0,508,2,11604.8,14033032,24.6,32
n100k_d128_l2,100000,128,l2,adversarial,0.0500,0.0500,5000,B_std_acorn1,std,ACORN,16,1,32,500,10,0.3290,900.2,1093.08,1506.08,1642.42,1653.92,1110.92,1231,1146,11299,122634,133935,58203,75731,0,10,11604.8,14033032,24.6,32
n100k_d128_l2,100000,128,l2,adversarial,0.0500,0.0500,5000,D_large24_standard,large,STANDARD,24,1,48,500,10,0.2130,2051.2,484.54,536.83,600.12,626.92,487.51,2079,2079,2079,0,2079,0,0,507,2,10822.2,20424136,30.6,48
n100k_d128_l2,100000,128,l2,adversarial,0.0500,0.0500,5000,E_large24_acorn1,large,ACORN,24,1,48,500,10,0.3820,1030.0,801.67,2013.33,2185.04,2405.08,970.92,1122,1047,10765,121361,132128,60509,71619,0,10,10822.2,20424136,30.6,48
n100k_d128_l2,100000,128,l2,adversarial,0.0500,0.0500,5000,D_large48_standard,large,STANDARD,48,1,96,500,10,0.2210,1976.6,501.54,601.88,667.29,671.71,505.93,2168,2168,2168,0,2168,0,0,505,2,10314.6,39618184,36.1,96
n100k_d128_l2,100000,128,l2,adversarial,0.0500,0.0500,5000,E_large48_acorn1,large,ACORN,48,1,96,500,10,0.4610,395.3,2743.25,4003.29,5101.08,5199.75,2529.89,1595,1365,19174,367804,386979,157571,229408,0,10,10314.6,39618184,36.1,96
n100k_d128_l2,100000,128,l2,adversarial,0.0500,0.0500,5000,C_acorn_g4,acorn,ACORN,16,4,16,500,10,0.1530,1721.1,557.75,684.96,795.88,890.58,581.03,690,655,12026,48607,60635,18728,41907,0,10,12923.4,18532104,24.5,40
n100k_d128_l2,100000,128,l2,adversarial,0.0500,0.0500,5000,C_acorn_g8,acorn,ACORN,16,8,16,500,10,0.1530,1699.1,565.21,717.67,856.08,867.38,588.56,692,654,12131,49048,61180,19086,42093,0,10,20867.5,20264200,24.6,40
n100k_d128_l2,100000,128,l2,adversarial,0.0500,0.0500,5000,C_acorn_g16,acorn,ACORN,16,16,16,500,10,0.3470,2650.2,258.50,791.12,833.67,896.88,377.33,439,402,8022,31184,39208,10813,28394,0,10,39343.5,23728392,24.6,40
n100k_d128_l2,100000,128,l2,adversarial,0.0500,0.0500,5000,C_acorn_g32,acorn,ACORN,16,32,16,500,10,0.5820,2040.5,551.88,772.25,856.62,877.75,490.08,889,829,9937,27645,37583,14701,22882,0,10,101521.7,30656776,24.6,40
n100k_d128_l2,100000,128,l2,adversarial,0.0500,0.0500,5000,F_exact,exact,EXACT,16,0,0,0,100,1.0000,2117.0,454.83,556.29,618.46,669.75,472.37,5000,0,0,0,100000,0,0,0,100,0.0,0,0.0,0
n100k_d128_l2,100000,128,l2,adversarial,0.0500,0.0500,5000,A_std_standard,std,STANDARD,16,1,32,50,100,0.0996,11360.6,87.96,102.00,116.33,206.88,88.02,1035,1035,1035,0,1035,0,0,59,12,11604.8,14033032,24.6,32
n100k_d128_l2,100000,128,l2,adversarial,0.0500,0.0500,5000,B_std_acorn1,std,ACORN,16,1,32,50,100,0.3534,8042.0,119.08,169.25,247.92,272.25,124.35,938,854,638,6902,7541,2928,4613,0,100,11604.8,14033032,24.6,32
n100k_d128_l2,100000,128,l2,adversarial,0.0500,0.0500,5000,D_large24_standard,large,STANDARD,24,1,48,50,100,0.1106,10423.4,96.38,113.46,121.92,161.17,95.94,1218,1218,1218,0,1218,0,0,57,13,10822.2,20424136,30.6,48
n100k_d128_l2,100000,128,l2,adversarial,0.0500,0.0500,5000,E_large24_acorn1,large,ACORN,24,1,48,50,100,0.4697,6168.1,128.88,263.17,368.04,392.67,162.13,891,816,894,17519,18415,3704,14711,0,99,10822.2,20424136,30.6,48
n100k_d128_l2,100000,128,l2,adversarial,0.0500,0.0500,5000,D_large48_standard,large,STANDARD,48,1,96,50,100,0.1210,9352.6,107.71,127.21,143.42,175.67,106.92,1438,1438,1438,0,1438,0,0,56,13,10314.6,39618184,36.1,96
n100k_d128_l2,100000,128,l2,adversarial,0.0500,0.0500,5000,E_large48_acorn1,large,ACORN,48,1,96,50,100,0.4437,3705.6,272.58,403.79,462.04,497.17,269.87,1108,879,1440,34476,35918,10278,25639,0,96,10314.6,39618184,36.1,96
n100k_d128_l2,100000,128,l2,adversarial,0.0500,0.0500,5000,C_acorn_g4,acorn,ACORN,16,4,16,50,100,0.1363,13458.6,72.29,89.62,102.71,128.33,74.30,532,496,1363,3524,4889,1514,3375,0,100,12923.4,18532104,24.5,40
n100k_d128_l2,100000,128,l2,adversarial,0.0500,0.0500,5000,C_acorn_g8,acorn,ACORN,16,8,16,50,100,0.1385,13359.2,73.33,88.00,97.42,103.25,74.85,541,504,1501,3573,5076,1545,3530,0,100,20867.5,20264200,24.6,40
n100k_d128_l2,100000,128,l2,adversarial,0.0500,0.0500,5000,C_acorn_g16,acorn,ACORN,16,16,16,50,100,0.3785,13001.4,76.75,119.00,146.33,150.38,76.91,347,310,2108,5202,7312,1379,5933,0,97,39343.5,23728392,24.6,40
n100k_d128_l2,100000,128,l2,adversarial,0.0500,0.0500,5000,C_acorn_g32,acorn,ACORN,16,32,16,50,100,0.5865,10776.8,89.46,123.71,137.17,156.58,92.79,559,499,2170,4091,6263,1503,4760,0,98,101521.7,30656776,24.6,40
n100k_d128_l2,100000,128,l2,adversarial,0.0500,0.0500,5000,A_std_standard,std,STANDARD,16,1,32,100,100,0.1259,7835.1,130.25,149.00,157.50,242.58,127.63,1455,1455,1455,0,1455,0,0,108,13,11604.8,14033032,24.6,32
n100k_d128_l2,100000,128,l2,adversarial,0.0500,0.0500,5000,B_std_acorn1,std,ACORN,16,1,32,100,100,0.4044,4683.6,199.42,317.54,424.92,425.54,213.51,1142,1058,1566,17780,19348,7594,11753,0,100,11604.8,14033032,24.6,32
n100k_d128_l2,100000,128,l2,adversarial,0.0500,0.0500,5000,D_large24_standard,large,STANDARD,24,1,48,100,100,0.1367,7125.6,141.79,170.00,235.29,306.71,140.34,1638,1638,1638,0,1638,0,0,107,14,10822.2,20424136,30.6,48
n100k_d128_l2,100000,128,l2,adversarial,0.0500,0.0500,5000,E_large24_acorn1,large,ACORN,24,1,48,100,100,0.5155,3601.8,229.04,485.17,570.17,573.12,277.64,1064,989,2102,37526,39629,9367,30262,0,99,10822.2,20424136,30.6,48
n100k_d128_l2,100000,128,l2,adversarial,0.0500,0.0500,5000,D_large48_standard,large,STANDARD,48,1,96,100,100,0.1413,6763.7,147.79,176.96,220.38,293.46,147.85,1819,1819,1819,0,1819,0,0,106,14,10314.6,39618184,36.1,96
n100k_d128_l2,100000,128,l2,adversarial,0.0500,0.0500,5000,E_large48_acorn1,large,ACORN,48,1,96,100,100,0.4578,2033.8,518.00,744.67,839.04,973.42,491.70,1273,1043,3116,70049,73167,24154,49012,0,100,10314.6,39618184,36.1,96
n100k_d128_l2,100000,128,l2,adversarial,0.0500,0.0500,5000,C_acorn_g4,acorn,ACORN,16,4,16,100,100,0.1545,8560.6,112.38,145.71,206.38,226.33,116.81,635,599,2510,7474,9986,3087,6898,0,100,12923.4,18532104,24.5,40
n100k_d128_l2,100000,128,l2,adversarial,0.0500,0.0500,5000,C_acorn_g8,acorn,ACORN,16,8,16,100,100,0.1555,8581.7,112.21,139.71,174.83,254.50,116.53,642,604,2647,7584,10232,3157,7074,0,100,20867.5,20264200,24.6,40
n100k_d128_l2,100000,128,l2,adversarial,0.0500,0.0500,5000,C_acorn_g16,acorn,ACORN,16,16,16,100,100,0.4142,7961.4,126.71,200.46,234.12,254.92,125.61,405,368,3270,10450,13721,2722,10999,0,98,39343.5,23728392,24.6,40
n100k_d128_l2,100000,128,l2,adversarial,0.0500,0.0500,5000,C_acorn_g32,acorn,ACORN,16,32,16,100,100,0.6718,7196.3,133.96,183.50,232.12,313.79,138.96,707,647,3278,8179,11459,2936,8522,0,99,101521.7,30656776,24.6,40
n100k_d128_l2,100000,128,l2,adversarial,0.0500,0.0500,5000,A_std_standard,std,STANDARD,16,1,32,250,100,0.1464,3895.2,258.96,285.33,336.96,338.21,256.73,1904,1904,1904,0,1904,0,0,258,14,11604.8,14033032,24.6,32
n100k_d128_l2,100000,128,l2,adversarial,0.0500,0.0500,5000,B_std_acorn1,std,ACORN,16,1,32,250,100,0.4194,1867.1,535.25,755.88,857.92,947.50,535.58,1224,1139,5133,57130,62265,26331,35933,0,100,11604.8,14033032,24.6,32
n100k_d128_l2,100000,128,l2,adversarial,0.0500,0.0500,5000,D_large24_standard,large,STANDARD,24,1,48,250,100,0.1540,3835.6,263.62,299.62,316.42,371.21,260.72,2001,2001,2001,0,2001,0,0,257,15,10822.2,20424136,30.6,48
n100k_d128_l2,100000,128,l2,adversarial,0.0500,0.0500,5000,E_large24_acorn1,large,ACORN,24,1,48,250,100,0.5237,1806.6,561.71,950.12,1137.04,1373.50,553.53,1118,1043,5510,75304,80816,29244,51571,0,99,10822.2,20424136,30.6,48
n100k_d128_l2,100000,128,l2,adversarial,0.0500,0.0500,5000,D_large48_standard,large,STANDARD,48,1,96,250,100,0.1561,3699.8,270.54,303.54,368.62,381.75,270.29,2105,2105,2105,0,2105,0,0,255,15,10314.6,39618184,36.1,96
n100k_d128_l2,100000,128,l2,adversarial,0.0500,0.0500,5000,E_large48_acorn1,large,ACORN,48,1,96,250,100,0.5211,798.3,1343.04,1950.04,2363.67,2404.92,1252.67,1430,1200,8925,183825,192751,72615,120136,0,100,10314.6,39618184,36.1,96
n100k_d128_l2,100000,128,l2,adversarial,0.0500,0.0500,5000,C_acorn_g4,acorn,ACORN,16,4,16,250,100,0.1614,3567.7,266.29,375.42,460.33,495.92,280.29,683,648,6063,22376,28441,8756,19685,0,100,12923.4,18532104,24.5,40
n100k_d128_l2,100000,128,l2,adversarial,0.0500,0.0500,5000,C_acorn_g8,acorn,ACORN,16,8,16,250,100,0.1611,3627.1,267.33,345.08,418.46,422.29,275.70,687,649,6193,22674,28869,8965,19903,0,100,20867.5,20264200,24.6,40
n100k_d128_l2,100000,128,l2,adversarial,0.0500,0.0500,5000,C_acorn_g16,acorn,ACORN,16,16,16,250,100,0.4234,4375.4,251.12,387.46,471.92,489.79,228.55,435,398,5262,19276,24539,5841,18698,0,98,39343.5,23728392,24.6,40
n100k_d128_l2,100000,128,l2,adversarial,0.0500,0.0500,5000,C_acorn_g32,acorn,ACORN,16,32,16,250,100,0.7284,3564.4,273.62,432.21,489.38,520.29,280.55,849,790,5964,16429,22394,7194,15200,0,99,101521.7,30656776,24.6,40
n100k_d128_l2,100000,128,l2,adversarial,0.0500,0.0500,5000,A_std_standard,std,STANDARD,16,1,32,500,100,0.1517,2029.0,493.46,539.67,668.29,694.12,492.86,2042,2042,2042,0,2042,0,0,508,15,11604.8,14033032,24.6,32
n100k_d128_l2,100000,128,l2,adversarial,0.0500,0.0500,5000,B_std_acorn1,std,ACORN,16,1,32,500,100,0.4197,890.5,1103.42,1499.83,1540.54,1695.75,1122.92,1231,1146,11299,122634,133935,58203,75731,0,100,11604.8,14033032,24.6,32
n100k_d128_l2,100000,128,l2,adversarial,0.0500,0.0500,5000,D_large24_standard,large,STANDARD,24,1,48,500,100,0.1577,2026.1,490.58,560.79,615.58,644.62,493.57,2079,2079,2079,0,2079,0,0,507,15,10822.2,20424136,30.6,48
n100k_d128_l2,100000,128,l2,adversarial,0.0500,0.0500,5000,E_large24_acorn1,large,ACORN,24,1,48,500,100,0.5239,1021.7,795.54,1873.46,2151.17,2155.38,978.77,1122,1047,10765,121361,132128,60509,71619,0,99,10822.2,20424136,30.6,48
n100k_d128_l2,100000,128,l2,adversarial,0.0500,0.0500,5000,D_large48_standard,large,STANDARD,48,1,96,500,100,0.1590,1985.4,500.79,548.08,643.46,656.25,503.67,2168,2168,2168,0,2168,0,0,505,16,10314.6,39618184,36.1,96
n100k_d128_l2,100000,128,l2,adversarial,0.0500,0.0500,5000,E_large48_acorn1,large,ACORN,48,1,96,500,100,0.5680,393.2,2750.83,4168.50,4940.42,5336.00,2543.20,1595,1365,19174,367804,386979,157571,229408,0,100,10314.6,39618184,36.1,96
n100k_d128_l2,100000,128,l2,adversarial,0.0500,0.0500,5000,C_acorn_g4,acorn,ACORN,16,4,16,500,100,0.1623,1695.7,566.17,728.83,813.12,845.62,589.72,690,655,12026,48607,60635,18728,41907,0,100,12923.4,18532104,24.5,40
n100k_d128_l2,100000,128,l2,adversarial,0.0500,0.0500,5000,C_acorn_g8,acorn,ACORN,16,8,16,500,100,0.1624,1673.8,571.17,761.25,822.46,832.71,597.45,692,654,12131,49048,61180,19086,42093,0,100,20867.5,20264200,24.6,40
n100k_d128_l2,100000,128,l2,adversarial,0.0500,0.0500,5000,C_acorn_g16,acorn,ACORN,16,16,16,500,100,0.4240,2548.0,272.50,774.79,908.04,967.46,392.47,439,402,8022,31184,39208,10813,28394,0,98,39343.5,23728392,24.6,40
n100k_d128_l2,100000,128,l2,adversarial,0.0500,0.0500,5000,C_acorn_g32,acorn,ACORN,16,32,16,500,100,0.7373,1957.1,575.12,850.12,927.29,974.17,510.96,889,829,9937,27645,37583,14701,22882,0,99,101521.7,30656776,24.6,40
n100k_d128_l2,100000,128,l2,adversarial,0.0200,0.0200,2000,F_exact,exact,EXACT,16,0,0,0,10,1.0000,4109.5,235.46,280.42,401.42,406.29,243.34,2000,0,0,0,100000,0,0,0,10,0.0,0,0.0,0
n100k_d128_l2,100000,128,l2,adversarial,0.0200,0.0200,2000,A_std_standard,std,STANDARD,16,1,32,50,10,0.0920,13388.8,75.92,87.38,105.00,130.12,74.69,1035,1035,1035,0,1035,0,0,59,1,11604.8,14033032,24.6,32
n100k_d128_l2,100000,128,l2,adversarial,0.0200,0.0200,2000,B_std_acorn1,std,ACORN,16,1,32,50,10,0.0000,332782.0,2.96,3.21,3.33,3.58,3.00,1,1,36,581,618,0,618,0,0,11604.8,14033032,24.6,32
n100k_d128_l2,100000,128,l2,adversarial,0.0200,0.0200,2000,D_large24_standard,large,STANDARD,24,1,48,50,10,0.1030,11797.3,84.62,99.29,136.83,180.38,84.77,1218,1218,1218,0,1218,0,0,57,1,10822.2,20424136,30.6,48
n100k_d128_l2,100000,128,l2,adversarial,0.0200,0.0200,2000,E_large24_acorn1,large,ACORN,24,1,48,50,10,0.3460,8424.4,147.92,203.29,261.50,286.25,118.70,478,419,853,16997,17852,4285,13566,0,9,10822.2,20424136,30.6,48
n100k_d128_l2,100000,128,l2,adversarial,0.0200,0.0200,2000,D_large48_standard,large,STANDARD,48,1,96,50,10,0.1070,10572.8,96.25,107.38,145.83,186.29,94.58,1438,1438,1438,0,1438,0,0,56,1,10314.6,39618184,36.1,96
n100k_d128_l2,100000,128,l2,adversarial,0.0200,0.0200,2000,E_large48_acorn1,large,ACORN,48,1,96,50,10,0.1680,4694.3,207.08,247.12,349.00,399.83,213.02,1096,1013,1326,25730,27058,11526,15532,0,10,10314.6,39618184,36.1,96
n100k_d128_l2,100000,128,l2,adversarial,0.0200,0.0200,2000,C_acorn_g4,acorn,ACORN,16,4,16,50,10,0.0000,288811.2,3.29,3.75,9.00,23.96,3.46,1,1,179,447,627,0,627,0,0,12923.4,18532104,24.5,40
n100k_d128_l2,100000,128,l2,adversarial,0.0200,0.0200,2000,C_acorn_g8,acorn,ACORN,16,8,16,50,10,0.0000,399937.6,2.42,2.83,2.88,2.96,2.50,1,1,306,458,765,0,765,0,0,20867.5,20264200,24.6,40
n100k_d128_l2,100000,128,l2,adversarial,0.0200,0.0200,2000,C_acorn_g16,acorn,ACORN,16,16,16,50,10,0.0000,357195.2,2.79,2.96,3.33,3.33,2.80,1,1,562,424,987,0,987,0,0,39343.5,23728392,24.6,40
n100k_d128_l2,100000,128,l2,adversarial,0.0200,0.0200,2000,C_acorn_g32,acorn,ACORN,16,32,16,50,10,0.4710,18170.5,64.00,86.08,103.04,138.08,55.03,355,332,2380,3368,5750,1089,4661,0,8,101521.7,30656776,24.6,40
n100k_d128_l2,100000,128,l2,adversarial,0.0200,0.0200,2000,A_std_standard,std,STANDARD,16,1,32,100,10,0.1160,7839.6,128.12,149.12,171.29,194.62,127.56,1455,1455,1455,0,1455,0,0,108,1,11604.8,14033032,24.6,32
n100k_d128_l2,100000,128,l2,adversarial,0.0200,0.0200,2000,B_std_acorn1,std,ACORN,16,1,32,100,10,0.0000,285139.1,3.50,3.75,3.83,4.17,3.51,1,1,36,581,618,0,618,0,0,11604.8,14033032,24.6,32
n100k_d128_l2,100000,128,l2,adversarial,0.0200,0.0200,2000,D_large24_standard,large,STANDARD,24,1,48,100,10,0.1250,7319.9,139.83,156.62,193.50,198.21,136.61,1638,1638,1638,0,1638,0,0,107,1,10822.2,20424136,30.6,48
n100k_d128_l2,100000,128,l2,adversarial,0.0200,0.0200,2000,E_large24_acorn1,large,ACORN,24,1,48,100,10,0.3500,4202.4,318.92,404.92,461.54,604.00,237.96,486,427,1817,37291,39109,10599,28509,0,9,10822.2,20424136,30.6,48
n100k_d128_l2,100000,128,l2,adversarial,0.0200,0.0200,2000,D_large48_standard,large,STANDARD,48,1,96,100,10,0.1300,7148.8,145.29,161.17,174.04,187.62,139.88,1819,1819,1819,0,1819,0,0,106,1,10314.6,39618184,36.1,96
n100k_d128_l2,100000,128,l2,adversarial,0.0200,0.0200,2000,E_large48_acorn1,large,ACORN,48,1,96,100,10,0.1680,2174.6,445.75,537.79,631.83,671.38,459.86,1108,1024,3096,62132,65229,29195,36033,0,10,10314.6,39618184,36.1,96
n100k_d128_l2,100000,128,l2,adversarial,0.0200,0.0200,2000,C_acorn_g4,acorn,ACORN,16,4,16,100,10,0.0000,296554.6,3.38,3.67,3.79,3.92,3.37,1,1,179,447,627,0,627,0,0,12923.4,18532104,24.5,40
n100k_d128_l2,100000,128,l2,adversarial,0.0200,0.0200,2000,C_acorn_g8,acorn,ACORN,16,8,16,100,10,0.0000,341099.0,2.79,3.25,3.29,3.29,2.93,1,1,306,458,765,0,765,0,0,20867.5,20264200,24.6,40
n100k_d128_l2,100000,128,l2,adversarial,0.0200,0.0200,2000,C_acorn_g16,acorn,ACORN,16,16,16,100,10,0.0000,333942.2,2.96,3.08,3.17,3.21,2.99,1,1,562,424,987,0,987,0,0,39343.5,23728392,24.6,40
n100k_d128_l2,100000,128,l2,adversarial,0.0200,0.0200,2000,C_acorn_g32,acorn,ACORN,16,32,16,100,10,0.5130,10382.0,115.12,171.83,206.29,265.38,96.32,429,406,3219,6668,9888,2183,7705,0,8,101521.7,30656776,24.6,40
n100k_d128_l2,100000,128,l2,adversarial,0.0200,0.0200,2000,A_std_standard,std,STANDARD,16,1,32,250,10,0.1320,3950.5,256.96,283.62,358.00,365.46,253.13,1904,1904,1904,0,1904,0,0,258,1,11604.8,14033032,24.6,32
n100k_d128_l2,100000,128,l2,adversarial,0.0200,0.0200,2000,B_std_acorn1,std,ACORN,16,1,32,250,10,0.0000,328230.4,2.96,3.42,3.46,4.00,3.05,1,1,36,581,618,0,618,0,0,11604.8,14033032,24.6,32
n100k_d128_l2,100000,128,l2,adversarial,0.0200,0.0200,2000,D_large24_standard,large,STANDARD,24,1,48,250,10,0.1380,3875.7,263.62,286.62,313.38,316.12,258.02,2001,2001,2001,0,2001,0,0,257,1,10822.2,20424136,30.6,48
n100k_d128_l2,100000,128,l2,adversarial,0.0200,0.0200,2000,E_large24_acorn1,large,ACORN,24,1,48,250,10,0.3500,1646.1,852.29,1047.08,1142.79,1150.17,607.50,486,427,4795,99833,104629,30128,74501,0,9,10822.2,20424136,30.6,48
n100k_d128_l2,100000,128,l2,adversarial,0.0200,0.0200,2000,D_large48_standard,large,STANDARD,48,1,96,250,10,0.1420,3742.2,269.62,296.71,373.67,410.96,267.22,2105,2105,2105,0,2105,0,0,255,1,10314.6,39618184,36.1,96
n100k_d128_l2,100000,128,l2,adversarial,0.0200,0.0200,2000,E_large48_acorn1,large,ACORN,48,1,96,250,10,0.1680,814.8,1196.67,1412.67,1540.79,1853.75,1227.37,1108,1025,8461,171004,179467,82236,97230,0,10,10314.6,39618184,36.1,96
n100k_d128_l2,100000,128,l2,adversarial,0.0200,0.0200,2000,C_acorn_g4,acorn,ACORN,16,4,16,250,10,0.0000,288040.8,3.46,3.83,4.17,6.12,3.47,1,1,179,447,627,0,627,0,0,12923.4,18532104,24.5,40
n100k_d128_l2,100000,128,l2,adversarial,0.0200,0.0200,2000,C_acorn_g8,acorn,ACORN,16,8,16,250,10,0.0000,351235.8,2.83,2.92,2.96,3.08,2.85,1,1,306,458,765,0,765,0,0,20867.5,20264200,24.6,40
n100k_d128_l2,100000,128,l2,adversarial,0.0200,0.0200,2000,C_acorn_g16,acorn,ACORN,16,16,16,250,10,0.0000,345572.4,2.88,2.96,3.00,3.08,2.89,1,1,562,424,987,0,987,0,0,39343.5,23728392,24.6,40
n100k_d128_l2,100000,128,l2,adversarial,0.0200,0.0200,2000,C_acorn_g32,acorn,ACORN,16,32,16,250,10,0.5300,4737.4,281.62,363.58,452.08,461.33,211.09,475,451,5466,16233,21700,6000,15699,0,8,101521.7,30656776,24.6,40
n100k_d128_l2,100000,128,l2,adversarial,0.0200,0.0200,2000,A_std_standard,std,STANDARD,16,1,32,500,10,0.1370,2049.7,487.96,543.96,623.96,653.04,487.89,2042,2042,2042,0,2042,0,0,508,1,11604.8,14033032,24.6,32
n100k_d128_l2,100000,128,l2,adversarial,0.0200,0.0200,2000,B_std_acorn1,std,ACORN,16,1,32,500,10,0.0000,281760.0,3.42,3.83,4.12,12.92,3.55,1,1,36,581,618,0,618,0,0,11604.8,14033032,24.6,32
n100k_d128_l2,100000,128,l2,adversarial,0.0200,0.0200,2000,D_large24_standard,large,STANDARD,24,1,48,500,10,0.1420,2041.2,486.62,555.33,600.88,631.67,489.91,2079,2079,2079,0,2079,0,0,507,1,10822.2,20424136,30.6,48
n100k_d128_l2,100000,128,l2,adversarial,0.0200,0.0200,2000,E_large24_acorn1,large,ACORN,24,1,48,500,10,0.3500,811.2,1783.17,2058.29,2154.58,2159.58,1232.76,486,427,9694,199922,209617,61628,147989,0,9,10822.2,20424136,30.6,48
n100k_d128_l2,100000,128,l2,adversarial,0.0200,0.0200,2000,D_large48_standard,large,STANDARD,48,1,96,500,10,0.1430,1998.8,496.12,565.25,617.83,629.75,500.29,2168,2168,2168,0,2168,0,0,505,1,10314.6,39618184,36.1,96
n100k_d128_l2,100000,128,l2,adversarial,0.0200,0.0200,2000,E_large48_acorn1,large,ACORN,48,1,96,500,10,0.1680,398.7,2487.96,2684.42,2786.25,2792.50,2508.10,1108,1025,17516,351355,368873,170358,198514,0,10,10314.6,39618184,36.1,96
n100k_d128_l2,100000,128,l2,adversarial,0.0200,0.0200,2000,C_acorn_g4,acorn,ACORN,16,4,16,500,10,0.0000,315366.9,2.96,3.75,4.00,4.21,3.17,1,1,179,447,627,0,627,0,0,12923.4,18532104,24.5,40
n100k_d128_l2,100000,128,l2,adversarial,0.0200,0.0200,2000,C_acorn_g8,acorn,ACORN,16,8,16,500,10,0.0000,333472.3,2.75,3.00,12.50,14.25,3.00,1,1,306,458,765,0,765,0,0,20867.5,20264200,24.6,40
n100k_d128_l2,100000,128,l2,adversarial,0.0200,0.0200,2000,C_acorn_g16,acorn,ACORN,16,16,16,500,10,0.0000,330844.3,3.00,3.12,3.71,3.71,3.02,1,1,562,424,987,0,987,0,0,39343.5,23728392,24.6,40
n100k_d128_l2,100000,128,l2,adversarial,0.0200,0.0200,2000,C_acorn_g32,acorn,ACORN,16,32,16,500,10,0.5310,2415.0,589.75,774.71,834.50,972.62,414.08,480,457,8905,31152,40058,12636,27421,0,8,101521.7,30656776,24.6,40
n100k_d128_l2,100000,128,l2,adversarial,0.0200,0.0200,2000,F_exact,exact,EXACT,16,0,0,0,100,1.0000,4061.4,236.04,310.67,389.21,392.38,246.22,2000,0,0,0,100000,0,0,0,100,0.0,0,0.0,0
n100k_d128_l2,100000,128,l2,adversarial,0.0200,0.0200,2000,A_std_standard,std,STANDARD,16,1,32,50,100,0.0490,11059.5,89.12,106.12,163.21,198.04,90.42,1035,1035,1035,0,1035,0,0,59,6,11604.8,14033032,24.6,32
n100k_d128_l2,100000,128,l2,adversarial,0.0200,0.0200,2000,B_std_acorn1,std,ACORN,16,1,32,50,100,0.0000,370488.4,2.62,2.79,3.17,10.00,2.70,1,1,36,581,618,0,618,0,0,11604.8,14033032,24.6,32
n100k_d128_l2,100000,128,l2,adversarial,0.0200,0.0200,2000,D_large24_standard,large,STANDARD,24,1,48,50,100,0.0539,10518.4,95.88,112.54,120.54,123.21,95.07,1218,1218,1218,0,1218,0,0,57,7,10822.2,20424136,30.6,48
n100k_d128_l2,100000,128,l2,adversarial,0.0200,0.0200,2000,E_large24_acorn1,large,ACORN,24,1,48,50,100,0.3300,7778.8,165.92,204.71,231.12,386.38,128.55,478,419,853,16997,17852,4285,13566,0,67,10822.2,20424136,30.6,48
n100k_d128_l2,100000,128,l2,adversarial,0.0200,0.0200,2000,D_large48_standard,large,STANDARD,48,1,96,50,100,0.0585,9385.8,106.38,132.17,138.00,191.21,106.54,1438,1438,1438,0,1438,0,0,56,7,10314.6,39618184,36.1,96
n100k_d128_l2,100000,128,l2,adversarial,0.0200,0.0200,2000,E_large48_acorn1,large,ACORN,48,1,96,50,100,0.2145,4199.3,230.54,289.79,429.04,438.12,238.14,1096,1013,1326,25730,27058,11526,15532,0,100,10314.6,39618184,36.1,96
n100k_d128_l2,100000,128,l2,adversarial,0.0200,0.0200,2000,C_acorn_g4,acorn,ACORN,16,4,16,50,100,0.0000,306552.9,3.29,3.54,3.62,3.88,3.26,1,1,179,447,627,0,627,0,0,12923.4,18532104,24.5,40
n100k_d128_l2,100000,128,l2,adversarial,0.0200,0.0200,2000,C_acorn_g8,acorn,ACORN,16,8,16,50,100,0.0000,394615.9,2.38,2.83,2.83,2.88,2.53,1,1,306,458,765,0,765,0,0,20867.5,20264200,24.6,40
n100k_d128_l2,100000,128,l2,adversarial,0.0200,0.0200,2000,C_acorn_g16,acorn,ACORN,16,16,16,50,100,0.0000,378964.4,2.62,2.67,2.71,2.75,2.64,1,1,562,424,987,0,987,0,0,39343.5,23728392,24.6,40
n100k_d128_l2,100000,128,l2,adversarial,0.0200,0.0200,2000,C_acorn_g32,acorn,ACORN,16,32,16,50,100,0.4538,14687.4,80.75,110.00,141.75,144.75,68.09,355,332,2380,3368,5750,1089,4661,0,74,101521.7,30656776,24.6,40
n100k_d128_l2,100000,128,l2,adversarial,0.0200,0.0200,2000,A_std_standard,std,STANDARD,16,1,32,100,100,0.0644,7835.6,129.75,144.88,154.75,239.79,127.62,1455,1455,1455,0,1455,0,0,108,7,11604.8,14033032,24.6,32
n100k_d128_l2,100000,128,l2,adversarial,0.0200,0.0200,2000,B_std_acorn1,std,ACORN,16,1,32,100,100,0.0000,310035.2,3.21,3.33,3.38,3.88,3.23,1,1,36,581,618,0,618,0,0,11604.8,14033032,24.6,32
n100k_d128_l2,100000,128,l2,adversarial,0.0200,0.0200,2000,D_large24_standard,large,STANDARD,24,1,48,100,100,0.0687,7133.0,139.96,165.50,260.17,284.62,140.19,1638,1638,1638,0,1638,0,0,107,7,10822.2,20424136,30.6,48
n100k_d128_l2,100000,128,l2,adversarial,0.0200,0.0200,2000,E_large24_acorn1,large,ACORN,24,1,48,100,100,0.3333,4065.0,333.04,420.00,464.75,590.00,246.00,486,427,1817,37291,39109,10599,28509,0,67,10822.2,20424136,30.6,48
n100k_d128_l2,100000,128,l2,adversarial,0.0200,0.0200,2000,D_large48_standard,large,STANDARD,48,1,96,100,100,0.0717,6855.4,146.79,176.12,217.96,277.88,145.87,1819,1819,1819,0,1819,0,0,106,7,10314.6,39618184,36.1,96
n100k_d128_l2,100000,128,l2,adversarial,0.0200,0.0200,2000,E_large48_acorn1,large,ACORN,48,1,96,100,100,0.2155,2111.5,463.54,563.21,624.33,634.83,473.60,1108,1024,3096,62132,65229,29195,36033,0,100,10314.6,39618184,36.1,96
n100k_d128_l2,100000,128,l2,adversarial,0.0200,0.0200,2000,C_acorn_g4,acorn,ACORN,16,4,16,100,100,0.0000,323495.8,3.04,3.67,3.92,4.08,3.09,1,1,179,447,627,0,627,0,0,12923.4,18532104,24.5,40
n100k_d128_l2,100000,128,l2,adversarial,0.0200,0.0200,2000,C_acorn_g8,acorn,ACORN,16,8,16,100,100,0.0000,345519.8,2.88,3.00,3.17,3.25,2.89,1,1,306,458,765,0,765,0,0,20867.5,20264200,24.6,40
n100k_d128_l2,100000,128,l2,adversarial,0.0200,0.0200,2000,C_acorn_g16,acorn,ACORN,16,16,16,100,100,0.0000,323973.7,3.08,3.17,3.25,3.33,3.09,1,1,562,424,987,0,987,0,0,39343.5,23728392,24.6,40
n100k_d128_l2,100000,128,l2,adversarial,0.0200,0.0200,2000,C_acorn_g32,acorn,ACORN,16,32,16,100,100,0.5094,9718.0,122.62,177.50,244.50,315.00,102.90,429,406,3219,6668,9888,2183,7705,0,74,101521.7,30656776,24.6,40
n100k_d128_l2,100000,128,l2,adversarial,0.0200,0.0200,2000,A_std_standard,std,STANDARD,16,1,32,250,100,0.0748,3926.7,257.83,286.96,310.58,374.12,254.67,1904,1904,1904,0,1904,0,0,258,7,11604.8,14033032,24.6,32
n100k_d128_l2,100000,128,l2,adversarial,0.0200,0.0200,2000,B_std_acorn1,std,ACORN,16,1,32,250,100,0.0000,376235.5,2.29,2.54,3.96,31.83,2.66,1,1,36,581,618,0,618,0,0,11604.8,14033032,24.6,32
n100k_d128_l2,100000,128,l2,adversarial,0.0200,0.0200,2000,D_large24_standard,large,STANDARD,24,1,48,250,100,0.0762,3826.9,262.92,295.71,379.50,397.88,261.31,2001,2001,2001,0,2001,0,0,257,7,10822.2,20424136,30.6,48
n100k_d128_l2,100000,128,l2,adversarial,0.0200,0.0200,2000,E_large24_acorn1,large,ACORN,24,1,48,250,100,0.3333,1622.1,863.12,1091.42,1130.33,1175.00,616.50,486,427,4795,99833,104629,30128,74501,0,67,10822.2,20424136,30.6,48
n100k_d128_l2,100000,128,l2,adversarial,0.0200,0.0200,2000,D_large48_standard,large,STANDARD,48,1,96,250,100,0.0774,3708.7,270.67,303.04,397.04,403.42,269.64,2105,2105,2105,0,2105,0,0,255,7,10314.6,39618184,36.1,96
n100k_d128_l2,100000,128,l2,adversarial,0.0200,0.0200,2000,E_large48_acorn1,large,ACORN,48,1,96,250,100,0.2155,815.7,1203.71,1402.67,1453.92,1511.79,1225.95,1108,1025,8461,171004,179467,82236,97230,0,100,10314.6,39618184,36.1,96
n100k_d128_l2,100000,128,l2,adversarial,0.0200,0.0200,2000,C_acorn_g4,acorn,ACORN,16,4,16,250,100,0.0000,360956.1,2.71,3.00,3.21,3.42,2.77,1,1,179,447,627,0,627,0,0,12923.4,18532104,24.5,40
n100k_d128_l2,100000,128,l2,adversarial,0.0200,0.0200,2000,C_acorn_g8,acorn,ACORN,16,8,16,250,100,0.0000,387544.3,2.50,2.88,2.92,2.96,2.58,1,1,306,458,765,0,765,0,0,20867.5,20264200,24.6,40
n100k_d128_l2,100000,128,l2,adversarial,0.0200,0.0200,2000,C_acorn_g16,acorn,ACORN,16,16,16,250,100,0.0000,368618.7,2.71,2.79,2.88,2.92,2.71,1,1,562,424,987,0,987,0,0,39343.5,23728392,24.6,40
n100k_d128_l2,100000,128,l2,adversarial,0.0200,0.0200,2000,C_acorn_g32,acorn,ACORN,16,32,16,250,100,0.5343,4418.9,293.71,434.75,505.17,577.62,226.30,475,451,5466,16233,21700,6000,15699,0,74,101521.7,30656776,24.6,40
n100k_d128_l2,100000,128,l2,adversarial,0.0200,0.0200,2000,A_std_standard,std,STANDARD,16,1,32,500,100,0.0771,2045.2,487.71,537.12,604.08,625.17,488.96,2042,2042,2042,0,2042,0,0,508,7,11604.8,14033032,24.6,32
n100k_d128_l2,100000,128,l2,adversarial,0.0200,0.0200,2000,B_std_acorn1,std,ACORN,16,1,32,500,100,0.0000,279133.1,3.54,3.83,3.96,4.38,3.58,1,1,36,581,618,0,618,0,0,11604.8,14033032,24.6,32
n100k_d128_l2,100000,128,l2,adversarial,0.0200,0.0200,2000,D_large24_standard,large,STANDARD,24,1,48,500,100,0.0780,2017.2,494.50,548.00,654.75,705.12,495.73,2079,2079,2079,0,2079,0,0,507,7,10822.2,20424136,30.6,48
n100k_d128_l2,100000,128,l2,adversarial,0.0200,0.0200,2000,E_large24_acorn1,large,ACORN,24,1,48,500,100,0.3333,802.8,1791.58,2092.83,2224.17,2266.92,1245.60,486,427,9694,199922,209617,61628,147989,0,67,10822.2,20424136,30.6,48
n100k_d128_l2,100000,128,l2,adversarial,0.0200,0.0200,2000,D_large48_standard,large,STANDARD,48,1,96,500,100,0.0780,1986.1,499.67,568.92,665.54,672.75,503.50,2168,2168,2168,0,2168,0,0,505,7,10314.6,39618184,36.1,96
n100k_d128_l2,100000,128,l2,adversarial,0.0200,0.0200,2000,E_large48_acorn1,large,ACORN,48,1,96,500,100,0.2155,394.9,2508.75,2720.54,2800.96,2881.83,2532.16,1108,1025,17516,351355,368873,170358,198514,0,100,10314.6,39618184,36.1,96
n100k_d128_l2,100000,128,l2,adversarial,0.0200,0.0200,2000,C_acorn_g4,acorn,ACORN,16,4,16,500,100,0.0000,330579.6,2.83,3.58,3.71,3.83,3.02,1,1,179,447,627,0,627,0,0,12923.4,18532104,24.5,40
n100k_d128_l2,100000,128,l2,adversarial,0.0200,0.0200,2000,C_acorn_g8,acorn,ACORN,16,8,16,500,100,0.0000,363025.2,2.75,2.88,2.96,3.00,2.75,1,1,306,458,765,0,765,0,0,20867.5,20264200,24.6,40
n100k_d128_l2,100000,128,l2,adversarial,0.0200,0.0200,2000,C_acorn_g16,acorn,ACORN,16,16,16,500,100,0.0000,333153.4,3.00,3.04,3.08,3.12,3.00,1,1,562,424,987,0,987,0,0,39343.5,23728392,24.6,40
n100k_d128_l2,100000,128,l2,adversarial,0.0200,0.0200,2000,C_acorn_g32,acorn,ACORN,16,32,16,500,100,0.5362,2381.2,601.17,797.29,840.58,854.29,419.96,480,457,8905,31152,40058,12636,27421,0,74,101521.7,30656776,24.6,40
n100k_d128_l2,100000,128,l2,adversarial,0.0100,0.0100,1000,F_exact,exact,EXACT,16,0,0,0,10,1.0000,5789.9,167.83,183.71,237.83,320.08,172.71,1000,0,0,0,100000,0,0,0,10,0.0,0,0.0,0
n100k_d128_l2,100000,128,l2,adversarial,0.0100,0.0100,1000,A_std_standard,std,STANDARD,16,1,32,50,10,0.0570,13055.5,77.50,86.67,121.38,123.42,76.60,1035,1035,1035,0,1035,0,0,59,0,11604.8,14033032,24.6,32
n100k_d128_l2,100000,128,l2,adversarial,0.0100,0.0100,1000,B_std_acorn1,std,ACORN,16,1,32,50,10,0.0000,396166.7,2.50,2.71,2.71,3.29,2.52,1,1,36,581,618,0,618,0,0,11604.8,14033032,24.6,32
n100k_d128_l2,100000,128,l2,adversarial,0.0100,0.0100,1000,D_large24_standard,large,STANDARD,24,1,48,50,10,0.0590,11831.6,84.67,104.08,122.38,129.75,84.52,1218,1218,1218,0,1218,0,0,57,0,10822.2,20424136,30.6,48
n100k_d128_l2,100000,128,l2,adversarial,0.0100,0.0100,1000,E_large24_acorn1,large,ACORN,24,1,48,50,10,0.0000,244051.8,4.08,4.21,4.25,4.50,4.10,1,1,65,1412,1478,0,1478,0,0,10822.2,20424136,30.6,48
n100k_d128_l2,100000,128,l2,adversarial,0.0100,0.0100,1000,D_large48_standard,large,STANDARD,48,1,96,50,10,0.0640,10754.8,92.88,111.62,133.83,150.25,92.98,1438,1438,1438,0,1438,0,0,56,0,10314.6,39618184,36.1,96
n100k_d128_l2,100000,128,l2,adversarial,0.0100,0.0100,1000,E_large48_acorn1,large,ACORN,48,1,96,50,10,0.2250,3991.9,243.12,309.58,420.75,422.17,250.51,637,572,1602,45118,46721,11974,34747,0,10,10314.6,39618184,36.1,96
n100k_d128_l2,100000,128,l2,adversarial,0.0100,0.0100,1000,C_acorn_g4,acorn,ACORN,16,4,16,50,10,0.0000,346876.6,2.17,3.17,15.21,41.62,2.88,1,1,179,447,627,0,627,0,0,12923.4,18532104,24.5,40
n100k_d128_l2,100000,128,l2,adversarial,0.0100,0.0100,1000,C_acorn_g8,acorn,ACORN,16,8,16,50,10,0.0000,423732.4,2.33,2.58,2.67,4.08,2.36,1,1,306,458,765,0,765,0,0,20867.5,20264200,24.6,40
n100k_d128_l2,100000,128,l2,adversarial,0.0100,0.0100,1000,C_acorn_g16,acorn,ACORN,16,16,16,50,10,0.0000,383382.7,2.58,2.79,2.88,2.96,2.61,1,1,562,424,987,0,987,0,0,39343.5,23728392,24.6,40
n100k_d128_l2,100000,128,l2,adversarial,0.0100,0.0100,1000,C_acorn_g32,acorn,ACORN,16,32,16,50,10,0.5230,17148.8,49.75,82.12,110.88,134.38,58.31,217,206,2808,7160,9969,998,8971,0,10,101521.7,30656776,24.6,40
n100k_d128_l2,100000,128,l2,adversarial,0.0100,0.0100,1000,A_std_standard,std,STANDARD,16,1,32,100,10,0.0670,7992.1,125.96,147.04,161.54,171.67,125.12,1455,1455,1455,0,1455,0,0,108,0,11604.8,14033032,24.6,32
n100k_d128_l2,100000,128,l2,adversarial,0.0100,0.0100,1000,B_std_acorn1,std,ACORN,16,1,32,100,10,0.0000,370426.6,2.67,2.83,2.96,3.12,2.70,1,1,36,581,618,0,618,0,0,11604.8,14033032,24.6,32
n100k_d128_l2,100000,128,l2,adversarial,0.0100,0.0100,1000,D_large24_standard,large,STANDARD,24,1,48,100,10,0.0680,7309.1,138.54,164.21,212.46,255.21,136.82,1638,1638,1638,0,1638,0,0,107,0,10822.2,20424136,30.6,48
n100k_d128_l2,100000,128,l2,adversarial,0.0100,0.0100,1000,E_large24_acorn1,large,ACORN,24,1,48,100,10,0.0000,211863.5,4.67,5.00,5.42,5.50,4.72,1,1,65,1412,1478,0,1478,0,0,10822.2,20424136,30.6,48
n100k_d128_l2,100000,128,l2,adversarial,0.0100,0.0100,1000,D_large48_standard,large,STANDARD,48,1,96,100,10,0.0690,7060.6,143.17,164.08,174.42,249.96,141.63,1819,1819,1819,0,1819,0,0,106,0,10314.6,39618184,36.1,96
n100k_d128_l2,100000,128,l2,adversarial,0.0100,0.0100,1000,E_large48_acorn1,large,ACORN,48,1,96,100,10,0.2250,1984.7,490.50,604.71,723.46,777.83,503.86,637,572,3358,96071,99431,26146,73285,0,10,10314.6,39618184,36.1,96
n100k_d128_l2,100000,128,l2,adversarial,0.0100,0.0100,1000,C_acorn_g4,acorn,ACORN,16,4,16,100,10,0.0000,370478.8,2.67,2.88,3.08,3.25,2.70,1,1,179,447,627,0,627,0,0,12923.4,18532104,24.5,40
n100k_d128_l2,100000,128,l2,adversarial,0.0100,0.0100,1000,C_acorn_g8,acorn,ACORN,16,8,16,100,10,0.0000,373134.3,2.67,2.79,2.88,2.92,2.68,1,1,306,458,765,0,765,0,0,20867.5,20264200,24.6,40
n100k_d128_l2,100000,128,l2,adversarial,0.0100,0.0100,1000,C_acorn_g16,acorn,ACORN,16,16,16,100,10,0.0000,338594.0,2.92,3.00,3.12,5.50,2.95,1,1,562,424,987,0,987,0,0,39343.5,23728392,24.6,40
n100k_d128_l2,100000,128,l2,adversarial,0.0100,0.0100,1000,C_acorn_g32,acorn,ACORN,16,32,16,100,10,0.5450,11958.4,54.25,141.08,185.67,238.46,83.62,246,235,3336,9493,12831,1699,11131,0,10,101521.7,30656776,24.6,40
n100k_d128_l2,100000,128,l2,adversarial,0.0100,0.0100,1000,A_std_standard,std,STANDARD,16,1,32,250,10,0.0690,3940.3,254.33,295.50,345.38,407.08,253.79,1904,1904,1904,0,1904,0,0,258,0,11604.8,14033032,24.6,32
n100k_d128_l2,100000,128,l2,adversarial,0.0100,0.0100,1000,B_std_acorn1,std,ACORN,16,1,32,250,10,0.0000,324369.9,3.08,3.38,3.50,3.88,3.08,1,1,36,581,618,0,618,0,0,11604.8,14033032,24.6,32
n100k_d128_l2,100000,128,l2,adversarial,0.0100,0.0100,1000,D_large24_standard,large,STANDARD,24,1,48,250,10,0.0690,4140.7,242.17,289.54,412.25,419.67,241.51,2001,2001,2001,0,2001,0,0,257,0,10822.2,20424136,30.6,48
n100k_d128_l2,100000,128,l2,adversarial,0.0100,0.0100,1000,E_large24_acorn1,large,ACORN,24,1,48,250,10,0.0000,232333.4,4.25,4.54,4.67,5.00,4.30,1,1,65,1412,1478,0,1478,0,0,10822.2,20424136,30.6,48
n100k_d128_l2,100000,128,l2,adversarial,0.0100,0.0100,1000,D_large48_standard,large,STANDARD,48,1,96,250,10,0.0700,4027.7,251.79,280.67,373.50,455.08,248.28,2105,2105,2105,0,2105,0,0,255,0,10314.6,39618184,36.1,96
n100k_d128_l2,100000,128,l2,adversarial,0.0100,0.0100,1000,E_large48_acorn1,large,ACORN,48,1,96,250,10,0.2250,776.8,1255.33,1475.33,1580.25,1608.38,1287.41,637,573,8732,250762,259495,69238,190256,0,10,10314.6,39618184,36.1,96
n100k_d128_l2,100000,128,l2,adversarial,0.0100,0.0100,1000,C_acorn_g4,acorn,ACORN,16,4,16,250,10,0.0000,365859.5,2.71,2.83,3.08,3.21,2.73,1,1,179,447,627,0,627,0,0,12923.4,18532104,24.5,40
n100k_d128_l2,100000,128,l2,adversarial,0.0100,0.0100,1000,C_acorn_g8,acorn,ACORN,16,8,16,250,10,0.0000,374000.9,2.54,2.96,2.96,3.00,2.67,1,1,306,458,765,0,765,0,0,20867.5,20264200,24.6,40
n100k_d128_l2,100000,128,l2,adversarial,0.0100,0.0100,1000,C_acorn_g16,acorn,ACORN,16,16,16,250,10,0.0000,353350.6,2.83,2.88,2.92,3.00,2.83,1,1,562,424,987,0,987,0,0,39343.5,23728392,24.6,40
n100k_d128_l2,100000,128,l2,adversarial,0.0100,0.0100,1000,C_acorn_g32,acorn,ACORN,16,32,16,250,10,0.5510,6263.4,64.75,330.00,451.96,470.71,159.66,258,246,4973,18064,23038,4204,18833,0,10,101521.7,30656776,24.6,40
n100k_d128_l2,100000,128,l2,adversarial,0.0100,0.0100,1000,A_std_standard,std,STANDARD,16,1,32,500,10,0.0700,2171.3,461.12,541.67,617.92,628.42,460.55,2042,2042,2042,0,2042,0,0,508,0,11604.8,14033032,24.6,32
n100k_d128_l2,100000,128,l2,adversarial,0.0100,0.0100,1000,B_std_acorn1,std,ACORN,16,1,32,500,10,0.0000,259178.8,3.88,3.96,4.04,4.38,3.86,1,1,36,581,618,0,618,0,0,11604.8,14033032,24.6,32
n100k_d128_l2,100000,128,l2,adversarial,0.0100,0.0100,1000,D_large24_standard,large,STANDARD,24,1,48,500,10,0.0700,2147.5,465.92,529.25,658.33,689.08,465.65,2079,2079,2079,0,2079,0,0,507,0,10822.2,20424136,30.6,48
n100k_d128_l2,100000,128,l2,adversarial,0.0100,0.0100,1000,E_large24_acorn1,large,ACORN,24,1,48,500,10,0.0000,227253.1,4.38,4.58,4.62,4.92,4.40,1,1,65,1412,1478,0,1478,0,0,10822.2,20424136,30.6,48
n100k_d128_l2,100000,128,l2,adversarial,0.0100,0.0100,1000,D_large48_standard,large,STANDARD,48,1,96,500,10,0.0710,2108.5,476.33,552.25,607.38,688.46,474.26,2168,2168,2168,0,2168,0,0,505,0,10314.6,39618184,36.1,96
n100k_d128_l2,100000,128,l2,adversarial,0.0100,0.0100,1000,E_large48_acorn1,large,ACORN,48,1,96,500,10,0.2250,387.6,2542.46,2789.08,2833.38,2877.54,2580.19,637,573,17445,494559,512006,137738,374267,0,10,10314.6,39618184,36.1,96
n100k_d128_l2,100000,128,l2,adversarial,0.0100,0.0100,1000,C_acorn_g4,acorn,ACORN,16,4,16,500,10,0.0000,332913.9,3.00,3.21,3.58,5.58,3.00,1,1,179,447,627,0,627,0,0,12923.4,18532104,24.5,40
n100k_d128_l2,100000,128,l2,adversarial,0.0100,0.0100,1000,C_acorn_g8,acorn,ACORN,16,8,16,500,10,0.0000,365023.5,2.88,3.00,3.04,3.04,2.74,1,1,306,458,765,0,765,0,0,20867.5,20264200,24.6,40
n100k_d128_l2,100000,128,l2,adversarial,0.0100,0.0100,1000,C_acorn_g16,acorn,ACORN,16,16,16,500,10,0.0000,348889.1,2.83,3.00,3.50,3.54,2.87,1,1,562,424,987,0,987,0,0,39343.5,23728392,24.6,40
n100k_d128_l2,100000,128,l2,adversarial,0.0100,0.0100,1000,C_acorn_g32,acorn,ACORN,16,32,16,500,10,0.5520,3671.0,56.42,642.83,788.79,812.62,272.40,258,247,7035,28248,35285,7621,27663,0,10,101521.7,30656776,24.6,40
n100k_d128_l2,100000,128,l2,adversarial,0.0050,0.0050,500,F_exact,exact,EXACT,16,0,0,0,10,1.0000,7203.4,135.42,140.83,251.92,282.04,138.82,500,0,0,0,100000,0,0,0,10,0.0,0,0.0,0
n100k_d128_l2,100000,128,l2,adversarial,0.0050,0.0050,500,A_std_standard,std,STANDARD,16,1,32,50,10,0.0430,14544.2,70.46,78.42,83.04,107.50,68.76,1035,1035,1035,0,1035,0,0,59,0,11604.8,14033032,24.6,32
n100k_d128_l2,100000,128,l2,adversarial,0.0050,0.0050,500,B_std_acorn1,std,ACORN,16,1,32,50,10,0.0000,298880.4,3.33,3.58,3.71,4.08,3.35,1,1,36,581,618,0,618,0,0,11604.8,14033032,24.6,32
n100k_d128_l2,100000,128,l2,adversarial,0.0050,0.0050,500,D_large24_standard,large,STANDARD,24,1,48,50,10,0.0490,12415.4,80.00,100.83,164.12,171.04,80.55,1218,1218,1218,0,1218,0,0,57,0,10822.2,20424136,30.6,48
n100k_d128_l2,100000,128,l2,adversarial,0.0050,0.0050,500,E_large24_acorn1,large,ACORN,24,1,48,50,10,0.0000,236875.3,4.04,4.33,7.46,18.75,4.22,1,1,65,1412,1478,0,1478,0,0,10822.2,20424136,30.6,48
n100k_d128_l2,100000,128,l2,adversarial,0.0050,0.0050,500,D_large48_standard,large,STANDARD,48,1,96,50,10,0.0550,11393.4,87.54,107.12,147.25,167.71,87.77,1438,1438,1438,0,1438,0,0,56,0,10314.6,39618184,36.1,96
n100k_d128_l2,100000,128,l2,adversarial,0.0050,0.0050,500,E_large48_acorn1,large,ACORN,48,1,96,50,10,0.0000,84755.0,11.75,12.00,12.54,12.92,11.80,1,1,112,5023,5136,0,5136,0,0,10314.6,39618184,36.1,96
n100k_d128_l2,100000,128,l2,adversarial,0.0050,0.0050,500,C_acorn_g4,acorn,ACORN,16,4,16,50,10,0.0000,437162.3,2.29,2.33,2.38,2.67,2.29,1,1,179,447,627,0,627,0,0,12923.4,18532104,24.5,40
n100k_d128_l2,100000,128,l2,adversarial,0.0050,0.0050,500,C_acorn_g8,acorn,ACORN,16,8,16,50,10,0.0000,404794.4,2.46,2.50,2.54,2.62,2.47,1,1,306,458,765,0,765,0,0,20867.5,20264200,24.6,40
n100k_d128_l2,100000,128,l2,adversarial,0.0050,0.0050,500,C_acorn_g16,acorn,ACORN,16,16,16,50,10,0.0000,352583.2,2.83,2.88,2.92,2.96,2.84,1,1,562,424,987,0,987,0,0,39343.5,23728392,24.6,40
n100k_d128_l2,100000,128,l2,adversarial,0.0050,0.0050,500,C_acorn_g32,acorn,ACORN,16,32,16,50,10,0.0000,255210.8,3.79,3.92,3.96,16.50,3.92,1,1,921,605,1527,0,1527,0,0,101521.7,30656776,24.6,40
n100k_d128_l2,100000,128,l2,adversarial,0.0050,0.0050,500,A_std_standard,std,STANDARD,16,1,32,100,10,0.0570,8698.5,118.04,133.29,165.67,177.75,114.96,1455,1455,1455,0,1455,0,0,108,0,11604.8,14033032,24.6,32
n100k_d128_l2,100000,128,l2,adversarial,0.0050,0.0050,500,B_std_acorn1,std,ACORN,16,1,32,100,10,0.0000,303297.8,3.25,3.50,3.58,3.75,3.30,1,1,36,581,618,0,618,0,0,11604.8,14033032,24.6,32
n100k_d128_l2,100000,128,l2,adversarial,0.0050,0.0050,500,D_large24_standard,large,STANDARD,24,1,48,100,10,0.0630,7898.3,126.33,156.71,238.08,267.83,126.61,1638,1638,1638,0,1638,0,0,107,0,10822.2,20424136,30.6,48
n100k_d128_l2,100000,128,l2,adversarial,0.0050,0.0050,500,E_large24_acorn1,large,ACORN,24,1,48,100,10,0.0000,218281.0,4.54,4.92,5.04,5.54,4.58,1,1,65,1412,1478,0,1478,0,0,10822.2,20424136,30.6,48
n100k_d128_l2,100000,128,l2,adversarial,0.0050,0.0050,500,D_large48_standard,large,STANDARD,48,1,96,100,10,0.0630,7546.4,134.42,161.17,183.42,205.12,132.51,1819,1819,1819,0,1819,0,0,106,0,10314.6,39618184,36.1,96
n100k_d128_l2,100000,128,l2,adversarial,0.0050,0.0050,500,E_large48_acorn1,large,ACORN,48,1,96,100,10,0.0000,84889.8,11.75,11.92,12.04,14.50,11.78,1,1,112,5023,5136,0,5136,0,0,10314.6,39618184,36.1,96
n100k_d128_l2,100000,128,l2,adversarial,0.0050,0.0050,500,C_acorn_g4,acorn,ACORN,16,4,16,100,10,0.0000,445835.5,2.25,2.29,2.38,2.62,2.24,1,1,179,447,627,0,627,0,0,12923.4,18532104,24.5,40
n100k_d128_l2,100000,128,l2,adversarial,0.0050,0.0050,500,C_acorn_g8,acorn,ACORN,16,8,16,100,10,0.0000,417604.5,2.38,2.42,2.50,2.54,2.39,1,1,306,458,765,0,765,0,0,20867.5,20264200,24.6,40
n100k_d128_l2,100000,128,l2,adversarial,0.0050,0.0050,500,C_acorn_g16,acorn,ACORN,16,16,16,100,10,0.0000,362542.1,2.75,2.79,2.83,2.88,2.76,1,1,562,424,987,0,987,0,0,39343.5,23728392,24.6,40
n100k_d128_l2,100000,128,l2,adversarial,0.0050,0.0050,500,C_acorn_g32,acorn,ACORN,16,32,16,100,10,0.0000,266374.0,3.71,3.83,4.58,4.62,3.75,1,1,921,605,1527,0,1527,0,0,101521.7,30656776,24.6,40
n100k_d128_l2,100000,128,l2,adversarial,0.0050,0.0050,500,A_std_standard,std,STANDARD,16,1,32,250,10,0.0670,4266.1,237.08,269.92,387.12,418.00,234.41,1904,1904,1904,0,1904,0,0,258,0,11604.8,14033032,24.6,32
n100k_d128_l2,100000,128,l2,adversarial,0.0050,0.0050,500,B_std_acorn1,std,ACORN,16,1,32,250,10,0.0000,309240.4,3.21,3.54,3.67,3.88,3.23,1,1,36,581,618,0,618,0,0,11604.8,14033032,24.6,32
n100k_d128_l2,100000,128,l2,adversarial,0.0050,0.0050,500,D_large24_standard,large,STANDARD,24,1,48,250,10,0.0700,4166.0,242.54,277.00,379.96,380.83,240.04,2001,2001,2001,0,2001,0,0,257,0,10822.2,20424136,30.6,48
n100k_d128_l2,100000,128,l2,adversarial,0.0050,0.0050,500,E_large24_acorn1,large,ACORN,24,1,48,250,10,0.0000,208189.3,4.79,5.12,5.71,5.83,4.80,1,1,65,1412,1478,0,1478,0,0,10822.2,20424136,30.6,48
n100k_d128_l2,100000,128,l2,adversarial,0.0050,0.0050,500,D_large48_standard,large,STANDARD,48,1,96,250,10,0.0690,4023.0,250.42,283.00,362.17,376.21,248.57,2105,2105,2105,0,2105,0,0,255,0,10314.6,39618184,36.1,96
n100k_d128_l2,100000,128,l2,adversarial,0.0050,0.0050,500,E_large48_acorn1,large,ACORN,48,1,96,250,10,0.0000,92826.0,9.79,12.00,13.29,16.50,10.77,1,1,112,5023,5136,0,5136,0,0,10314.6,39618184,36.1,96
n100k_d128_l2,100000,128,l2,adversarial,0.0050,0.0050,500,C_acorn_g4,acorn,ACORN,16,4,16,250,10,0.0000,454206.9,2.21,2.29,2.42,2.62,2.20,1,1,179,447,627,0,627,0,0,12923.4,18532104,24.5,40
n100k_d128_l2,100000,128,l2,adversarial,0.0050,0.0050,500,C_acorn_g8,acorn,ACORN,16,8,16,250,10,0.0000,413796.0,2.42,2.50,2.58,2.62,2.42,1,1,306,458,765,0,765,0,0,20867.5,20264200,24.6,40
n100k_d128_l2,100000,128,l2,adversarial,0.0050,0.0050,500,C_acorn_g16,acorn,ACORN,16,16,16,250,10,0.0000,361719.9,2.75,2.79,2.88,2.88,2.76,1,1,562,424,987,0,987,0,0,39343.5,23728392,24.6,40
n100k_d128_l2,100000,128,l2,adversarial,0.0050,0.0050,500,C_acorn_g32,acorn,ACORN,16,32,16,250,10,0.0000,266369.0,3.75,3.79,3.83,3.83,3.75,1,1,921,605,1527,0,1527,0,0,101521.7,30656776,24.6,40
n100k_d128_l2,100000,128,l2,adversarial,0.0050,0.0050,500,A_std_standard,std,STANDARD,16,1,32,500,10,0.0700,2188.5,457.38,509.71,624.96,628.75,456.93,2042,2042,2042,0,2042,0,0,508,0,11604.8,14033032,24.6,32
n100k_d128_l2,100000,128,l2,adversarial,0.0050,0.0050,500,B_std_acorn1,std,ACORN,16,1,32,500,10,0.0000,268248.3,3.71,3.96,4.04,4.46,3.73,1,1,36,581,618,0,618,0,0,11604.8,14033032,24.6,32
n100k_d128_l2,100000,128,l2,adversarial,0.0050,0.0050,500,D_large24_standard,large,STANDARD,24,1,48,500,10,0.0700,2152.1,464.33,565.42,615.67,630.83,464.66,2079,2079,2079,0,2079,0,0,507,0,10822.2,20424136,30.6,48
n100k_d128_l2,100000,128,l2,adversarial,0.0050,0.0050,500,E_large24_acorn1,large,ACORN,24,1,48,500,10,0.0000,196158.0,5.04,5.33,5.92,7.71,5.10,1,1,65,1412,1478,0,1478,0,0,10822.2,20424136,30.6,48
n100k_d128_l2,100000,128,l2,adversarial,0.0050,0.0050,500,D_large48_standard,large,STANDARD,48,1,96,500,10,0.0700,2102.2,478.21,577.50,631.00,648.08,475.69,2168,2168,2168,0,2168,0,0,505,0,10314.6,39618184,36.1,96
n100k_d128_l2,100000,128,l2,adversarial,0.0050,0.0050,500,E_large48_acorn1,large,ACORN,48,1,96,500,10,0.0000,81635.1,12.17,12.50,12.88,18.71,12.25,1,1,112,5023,5136,0,5136,0,0,10314.6,39618184,36.1,96
n100k_d128_l2,100000,128,l2,adversarial,0.0050,0.0050,500,C_acorn_g4,acorn,ACORN,16,4,16,500,10,0.0000,413724.1,2.42,2.50,2.58,2.75,2.42,1,1,179,447,627,0,627,0,0,12923.4,18532104,24.5,40
n100k_d128_l2,100000,128,l2,adversarial,0.0050,0.0050,500,C_acorn_g8,acorn,ACORN,16,8,16,500,10,0.0000,393313.7,2.54,2.58,2.67,2.71,2.54,1,1,306,458,765,0,765,0,0,20867.5,20264200,24.6,40
n100k_d128_l2,100000,128,l2,adversarial,0.0050,0.0050,500,C_acorn_g16,acorn,ACORN,16,16,16,500,10,0.0000,349551.4,2.83,2.96,3.00,3.00,2.86,1,1,562,424,987,0,987,0,0,39343.5,23728392,24.6,40
n100k_d128_l2,100000,128,l2,adversarial,0.0050,0.0050,500,C_acorn_g32,acorn,ACORN,16,32,16,500,10,0.0000,261439.3,3.79,3.92,4.04,4.38,3.82,1,1,921,605,1527,0,1527,0,0,101521.7,30656776,24.6,40
n100k_d128_l2,100000,128,l2,adversarial,0.0010,0.0010,100,F_exact,exact,EXACT,16,0,0,0,10,1.0000,8984.2,110.00,120.96,121.96,144.54,111.31,100,0,0,0,100000,0,0,0,10,0.0,0,0.0,0
n100k_d128_l2,100000,128,l2,adversarial,0.0010,0.0010,100,A_std_standard,std,STANDARD,16,1,32,50,10,0.0210,14158.5,70.92,81.21,97.71,206.92,70.63,1035,1035,1035,0,1035,0,0,59,0,11604.8,14033032,24.6,32
n100k_d128_l2,100000,128,l2,adversarial,0.0010,0.0010,100,B_std_acorn1,std,ACORN,16,1,32,50,10,0.0000,384736.7,2.58,2.71,2.79,3.17,2.60,1,1,36,581,618,0,618,0,0,11604.8,14033032,24.6,32
n100k_d128_l2,100000,128,l2,adversarial,0.0010,0.0010,100,D_large24_standard,large,STANDARD,24,1,48,50,10,0.0220,12553.7,79.62,96.79,110.25,216.71,79.66,1218,1218,1218,0,1218,0,0,57,0,10822.2,20424136,30.6,48
n100k_d128_l2,100000,128,l2,adversarial,0.0010,0.0010,100,E_large24_acorn1,large,ACORN,24,1,48,50,10,0.0000,224424.1,4.42,4.71,4.96,7.33,4.46,1,1,65,1412,1478,0,1478,0,0,10822.2,20424136,30.6,48
n100k_d128_l2,100000,128,l2,adversarial,0.0010,0.0010,100,D_large48_standard,large,STANDARD,48,1,96,50,10,0.0230,11528.1,87.62,106.92,121.75,197.46,86.74,1438,1438,1438,0,1438,0,0,56,0,10314.6,39618184,36.1,96
n100k_d128_l2,100000,128,l2,adversarial,0.0010,0.0010,100,E_large48_acorn1,large,ACORN,48,1,96,50,10,0.0000,82268.2,11.58,13.00,29.17,64.96,12.16,1,1,112,5023,5136,0,5136,0,0,10314.6,39618184,36.1,96
n100k_d128_l2,100000,128,l2,adversarial,0.0010,0.0010,100,C_acorn_g4,acorn,ACORN,16,4,16,50,10,0.0000,464228.8,2.12,2.21,2.33,2.54,2.15,1,1,179,447,627,0,627,0,0,12923.4,18532104,24.5,40
n100k_d128_l2,100000,128,l2,adversarial,0.0010,0.0010,100,C_acorn_g8,acorn,ACORN,16,8,16,50,10,0.0000,420093.9,2.38,2.46,2.46,2.54,2.38,1,1,306,458,765,0,765,0,0,20867.5,20264200,24.6,40
n100k_d128_l2,100000,128,l2,adversarial,0.0010,0.0010,100,C_acorn_g16,acorn,ACORN,16,16,16,50,10,0.0000,359174.8,2.79,2.83,2.83,2.88,2.78,1,1,562,424,987,0,987,0,0,39343.5,23728392,24.6,40
n100k_d128_l2,100000,128,l2,adversarial,0.0010,0.0010,100,C_acorn_g32,acorn,ACORN,16,32,16,50,10,0.0000,267984.4,3.71,3.79,3.79,3.83,3.73,1,1,921,605,1527,0,1527,0,0,101521.7,30656776,24.6,40
n100k_d128_l2,100000,128,l2,adversarial,0.0010,0.0010,100,A_std_standard,std,STANDARD,16,1,32,100,10,0.0240,8675.6,117.29,134.04,154.38,244.21,115.27,1455,1455,1455,0,1455,0,0,108,0,11604.8,14033032,24.6,32
n100k_d128_l2,100000,128,l2,adversarial,0.0010,0.0010,100,B_std_acorn1,std,ACORN,16,1,32,100,10,0.0000,370199.0,2.71,2.88,2.96,3.12,2.70,1,1,36,581,618,0,618,0,0,11604.8,14033032,24.6,32
n100k_d128_l2,100000,128,l2,adversarial,0.0010,0.0010,100,D_large24_standard,large,STANDARD,24,1,48,100,10,0.0280,7865.9,128.75,159.75,210.29,245.25,127.13,1638,1638,1638,0,1638,0,0,107,0,10822.2,20424136,30.6,48
n100k_d128_l2,100000,128,l2,adversarial,0.0010,0.0010,100,E_large24_acorn1,large,ACORN,24,1,48,100,10,0.0000,247019.1,4.04,4.17,4.25,4.67,4.05,1,1,65,1412,1478,0,1478,0,0,10822.2,20424136,30.6,48
n100k_d128_l2,100000,128,l2,adversarial,0.0010,0.0010,100,D_large48_standard,large,STANDARD,48,1,96,100,10,0.0290,7516.8,136.21,160.96,201.75,227.42,133.04,1819,1819,1819,0,1819,0,0,106,0,10314.6,39618184,36.1,96
n100k_d128_l2,100000,128,l2,adversarial,0.0010,0.0010,100,E_large48_acorn1,large,ACORN,48,1,96,100,10,0.0000,96010.8,9.62,12.12,14.25,50.04,10.42,1,1,112,5023,5136,0,5136,0,0,10314.6,39618184,36.1,96
n100k_d128_l2,100000,128,l2,adversarial,0.0010,0.0010,100,C_acorn_g4,acorn,ACORN,16,4,16,100,10,0.0000,451546.8,2.21,2.25,2.38,2.62,2.21,1,1,179,447,627,0,627,0,0,12923.4,18532104,24.5,40
n100k_d128_l2,100000,128,l2,adversarial,0.0010,0.0010,100,C_acorn_g8,acorn,ACORN,16,8,16,100,10,0.0000,410957.8,2.42,2.50,2.96,3.00,2.43,1,1,306,458,765,0,765,0,0,20867.5,20264200,24.6,40
n100k_d128_l2,100000,128,l2,adversarial,0.0010,0.0010,100,C_acorn_g16,acorn,ACORN,16,16,16,100,10,0.0000,359116.7,2.79,2.83,2.83,2.96,2.78,1,1,562,424,987,0,987,0,0,39343.5,23728392,24.6,40
n100k_d128_l2,100000,128,l2,adversarial,0.0010,0.0010,100,C_acorn_g32,acorn,ACORN,16,32,16,100,10,0.0000,265748.2,3.75,3.79,3.83,3.88,3.76,1,1,921,605,1527,0,1527,0,0,101521.7,30656776,24.6,40
n100k_d128_l2,100000,128,l2,adversarial,0.0010,0.0010,100,A_std_standard,std,STANDARD,16,1,32,250,10,0.0250,4289.1,240.33,265.08,345.88,391.79,233.15,1904,1904,1904,0,1904,0,0,258,0,11604.8,14033032,24.6,32
n100k_d128_l2,100000,128,l2,adversarial,0.0010,0.0010,100,B_std_acorn1,std,ACORN,16,1,32,250,10,0.0000,321665.5,3.08,3.38,3.50,3.75,3.11,1,1,36,581,618,0,618,0,0,11604.8,14033032,24.6,32
n100k_d128_l2,100000,128,l2,adversarial,0.0010,0.0010,100,D_large24_standard,large,STANDARD,24,1,48,250,10,0.0310,4173.8,244.25,259.67,374.38,378.38,239.59,2001,2001,2001,0,2001,0,0,257,0,10822.2,20424136,30.6,48
n100k_d128_l2,100000,128,l2,adversarial,0.0010,0.0010,100,E_large24_acorn1,large,ACORN,24,1,48,250,10,0.0000,215304.7,4.58,5.00,5.79,6.00,4.64,1,1,65,1412,1478,0,1478,0,0,10822.2,20424136,30.6,48
n100k_d128_l2,100000,128,l2,adversarial,0.0010,0.0010,100,D_large48_standard,large,STANDARD,48,1,96,250,10,0.0290,4060.7,249.08,286.50,361.54,387.12,246.26,2105,2105,2105,0,2105,0,0,255,0,10314.6,39618184,36.1,96
n100k_d128_l2,100000,128,l2,adversarial,0.0010,0.0010,100,E_large48_acorn1,large,ACORN,48,1,96,250,10,0.0000,90408.6,9.71,12.29,24.46,39.25,11.06,1,1,112,5023,5136,0,5136,0,0,10314.6,39618184,36.1,96
n100k_d128_l2,100000,128,l2,adversarial,0.0010,0.0010,100,C_acorn_g4,acorn,ACORN,16,4,16,250,10,0.0000,430564.9,2.21,2.29,2.50,12.58,2.32,1,1,179,447,627,0,627,0,0,12923.4,18532104,24.5,40
n100k_d128_l2,100000,128,l2,adversarial,0.0010,0.0010,100,C_acorn_g8,acorn,ACORN,16,8,16,250,10,0.0000,411383.8,2.42,2.50,3.04,3.08,2.43,1,1,306,458,765,0,765,0,0,20867.5,20264200,24.6,40
n100k_d128_l2,100000,128,l2,adversarial,0.0010,0.0010,100,C_acorn_g16,acorn,ACORN,16,16,16,250,10,0.0000,359063.8,2.79,2.83,2.88,2.88,2.79,1,1,562,424,987,0,987,0,0,39343.5,23728392,24.6,40
n100k_d128_l2,100000,128,l2,adversarial,0.0010,0.0010,100,C_acorn_g32,acorn,ACORN,16,32,16,250,10,0.0000,265987.9,3.75,3.83,3.88,3.88,3.76,1,1,921,605,1527,0,1527,0,0,101521.7,30656776,24.6,40
n100k_d128_l2,100000,128,l2,adversarial,0.0010,0.0010,100,A_std_standard,std,STANDARD,16,1,32,500,10,0.0290,2197.4,460.00,524.25,628.75,635.04,455.08,2042,2042,2042,0,2042,0,0,508,0,11604.8,14033032,24.6,32
n100k_d128_l2,100000,128,l2,adversarial,0.0010,0.0010,100,B_std_acorn1,std,ACORN,16,1,32,500,10,0.0000,277708.4,3.58,3.83,3.92,4.29,3.60,1,1,36,581,618,0,618,0,0,11604.8,14033032,24.6,32
n100k_d128_l2,100000,128,l2,adversarial,0.0010,0.0010,100,D_large24_standard,large,STANDARD,24,1,48,500,10,0.0310,2157.1,462.38,537.62,637.33,641.75,463.58,2079,2079,2079,0,2079,0,0,507,0,10822.2,20424136,30.6,48
n100k_d128_l2,100000,128,l2,adversarial,0.0010,0.0010,100,E_large24_acorn1,large,ACORN,24,1,48,500,10,0.0000,205021.0,4.75,5.25,6.71,10.92,4.88,1,1,65,1412,1478,0,1478,0,0,10822.2,20424136,30.6,48
n100k_d128_l2,100000,128,l2,adversarial,0.0010,0.0010,100,D_large48_standard,large,STANDARD,48,1,96,500,10,0.0320,2130.2,470.96,529.75,587.71,674.92,469.44,2168,2168,2168,0,2168,0,0,505,0,10314.6,39618184,36.1,96
n100k_d128_l2,100000,128,l2,adversarial,0.0010,0.0010,100,E_large48_acorn1,large,ACORN,48,1,96,500,10,0.0000,86969.1,9.75,14.17,51.54,101.67,11.50,1,1,112,5023,5136,0,5136,0,0,10314.6,39618184,36.1,96
n100k_d128_l2,100000,128,l2,adversarial,0.0010,0.0010,100,C_acorn_g4,acorn,ACORN,16,4,16,500,10,0.0000,441341.3,2.25,2.46,2.92,3.00,2.27,1,1,179,447,627,0,627,0,0,12923.4,18532104,24.5,40
n100k_d128_l2,100000,128,l2,adversarial,0.0010,0.0010,100,C_acorn_g8,acorn,ACORN,16,8,16,500,10,0.0000,415082.4,2.42,2.46,2.54,2.62,2.41,1,1,306,458,765,0,765,0,0,20867.5,20264200,24.6,40
n100k_d128_l2,100000,128,l2,adversarial,0.0010,0.0010,100,C_acorn_g16,acorn,ACORN,16,16,16,500,10,0.0000,358902.8,2.79,2.83,2.88,2.96,2.79,1,1,562,424,987,0,987,0,0,39343.5,23728392,24.6,40
n100k_d128_l2,100000,128,l2,adversarial,0.0010,0.0010,100,C_acorn_g32,acorn,ACORN,16,32,16,500,10,0.0000,266103.9,3.75,3.79,3.88,3.88,3.76,1,1,921,605,1527,0,1527,0,0,101521.7,30656776,24.6,40
n100k_d128_l2,100000,128,l2,multicluster,0.5000,0.3376,33761,F_exact,exact,EXACT,16,0,0,0,10,1.0000,322.9,3093.42,3193.54,3224.79,3239.29,3097.21,33761,0,0,0,100000,0,0,0,10,0.0,0,0.0,0
n100k_d128_l2,100000,128,l2,multicluster,0.5000,0.3376,33761,A_std_standard,std,STANDARD,16,1,32,50,10,0.5870,15278.7,66.67,75.08,79.50,81.83,65.45,1035,1035,1035,0,1035,0,0,59,6,11604.8,14033032,24.6,32
n100k_d128_l2,100000,128,l2,multicluster,0.5000,0.3376,33761,B_std_acorn1,std,ACORN,16,1,32,50,10,0.6350,8337.8,97.42,246.83,329.38,333.33,119.94,1084,974,546,6655,7203,2220,4982,0,10,11604.8,14033032,24.6,32
n100k_d128_l2,100000,128,l2,multicluster,0.5000,0.3376,33761,D_large24_standard,large,STANDARD,24,1,48,50,10,0.6220,12588.6,79.92,96.12,135.42,159.12,79.44,1218,1218,1218,0,1218,0,0,57,6,10822.2,20424136,30.6,48
n100k_d128_l2,100000,128,l2,multicluster,0.5000,0.3376,33761,E_large24_acorn1,large,ACORN,24,1,48,50,10,0.7390,6400.9,132.58,306.62,358.79,428.71,156.23,1307,1182,724,10496,11222,3520,7702,0,10,10822.2,20424136,30.6,48
n100k_d128_l2,100000,128,l2,multicluster,0.5000,0.3376,33761,D_large48_standard,large,STANDARD,48,1,96,50,10,0.6500,11702.1,87.21,101.75,120.62,137.25,85.45,1438,1438,1438,0,1438,0,0,56,7,10314.6,39618184,36.1,96
n100k_d128_l2,100000,128,l2,multicluster,0.5000,0.3376,33761,E_large48_acorn1,large,ACORN,48,1,96,50,10,0.8750,4180.8,192.50,465.71,579.79,663.42,239.19,1701,1476,1283,22476,23761,7174,16586,0,10,10314.6,39618184,36.1,96
n100k_d128_l2,100000,128,l2,multicluster,0.5000,0.3376,33761,C_acorn_g4,acorn,ACORN,16,4,16,50,10,0.4310,13517.2,68.00,125.17,145.00,207.83,73.98,827,751,1156,1227,2385,1832,552,0,9,12923.4,18532104,24.5,40
n100k_d128_l2,100000,128,l2,multicluster,0.5000,0.3376,33761,C_acorn_g8,acorn,ACORN,16,8,16,50,10,0.4970,12639.9,72.79,121.88,168.83,221.04,79.11,898,822,1163,1225,2390,1842,547,0,10,20867.5,20264200,24.6,40
n100k_d128_l2,100000,128,l2,multicluster,0.5000,0.3376,33761,C_acorn_g16,acorn,ACORN,16,16,16,50,10,0.4950,12976.8,72.75,106.58,141.79,179.50,77.06,866,789,1165,1383,2550,1807,743,0,10,39343.5,23728392,24.6,40
n100k_d128_l2,100000,128,l2,multicluster,0.5000,0.3376,33761,C_acorn_g32,acorn,ACORN,16,32,16,50,10,0.4550,12335.2,74.33,136.33,166.83,183.46,81.07,862,792,1244,1726,2971,1820,1151,0,10,101521.7,30656776,24.6,40
n100k_d128_l2,100000,128,l2,multicluster,0.5000,0.3376,33761,A_std_standard,std,STANDARD,16,1,32,100,10,0.6660,8530.6,119.12,133.42,152.42,275.12,117.22,1455,1455,1455,0,1455,0,0,108,6,11604.8,14033032,24.6,32
n100k_d128_l2,100000,128,l2,multicluster,0.5000,0.3376,33761,B_std_acorn1,std,ACORN,16,1,32,100,10,0.7880,4822.9,171.38,412.67,508.79,518.83,207.35,1475,1365,1245,11469,12716,4832,7883,0,10,11604.8,14033032,24.6,32
n100k_d128_l2,100000,128,l2,multicluster,0.5000,0.3376,33761,D_large24_standard,large,STANDARD,24,1,48,100,10,0.6790,8029.7,127.96,147.75,157.21,182.54,124.54,1638,1638,1638,0,1638,0,0,107,7,10822.2,20424136,30.6,48
n100k_d128_l2,100000,128,l2,multicluster,0.5000,0.3376,33761,E_large24_acorn1,large,ACORN,24,1,48,100,10,0.8560,3698.7,218.00,533.04,600.83,701.58,270.36,1682,1557,1886,21099,22987,8371,14616,0,10,10822.2,20424136,30.6,48
n100k_d128_l2,100000,128,l2,multicluster,0.5000,0.3376,33761,D_large48_standard,large,STANDARD,48,1,96,100,10,0.6840,7537.5,136.08,151.29,166.96,259.12,132.67,1819,1819,1819,0,1819,0,0,106,7,10314.6,39618184,36.1,96
n100k_d128_l2,100000,128,l2,multicluster,0.5000,0.3376,33761,E_large48_acorn1,large,ACORN,48,1,96,100,10,0.9290,2629.0,331.29,749.58,818.04,884.17,380.37,1954,1729,3024,39844,42869,15347,27522,0,10,10314.6,39618184,36.1,96
n100k_d128_l2,100000,128,l2,multicluster,0.5000,0.3376,33761,C_acorn_g4,acorn,ACORN,16,4,16,100,10,0.4830,8041.5,121.96,185.62,234.25,244.67,124.35,1100,1025,2171,2390,4562,3593,969,0,9,12923.4,18532104,24.5,40
n100k_d128_l2,100000,128,l2,multicluster,0.5000,0.3376,33761,C_acorn_g8,acorn,ACORN,16,8,16,100,10,0.5650,7499.7,130.21,186.33,208.67,220.42,133.34,1215,1138,2177,2262,4440,3542,897,0,10,20867.5,20264200,24.6,40
n100k_d128_l2,100000,128,l2,multicluster,0.5000,0.3376,33761,C_acorn_g16,acorn,ACORN,16,16,16,100,10,0.5600,7454.1,126.62,183.17,279.67,362.96,134.15,1183,1105,2177,2477,4655,3491,1163,0,10,39343.5,23728392,24.6,40
n100k_d128_l2,100000,128,l2,multicluster,0.5000,0.3376,33761,C_acorn_g32,acorn,ACORN,16,32,16,100,10,0.5170,7173.8,130.25,221.58,265.83,275.04,139.40,1192,1122,2273,2958,5233,3522,1710,0,10,101521.7,30656776,24.6,40
n100k_d128_l2,100000,128,l2,multicluster,0.5000,0.3376,33761,A_std_standard,std,STANDARD,16,1,32,250,10,0.7010,4258.5,240.21,281.92,355.50,378.00,234.83,1904,1904,1904,0,1904,0,0,258,7,11604.8,14033032,24.6,32
n100k_d128_l2,100000,128,l2,multicluster,0.5000,0.3376,33761,B_std_acorn1,std,ACORN,16,1,32,250,10,0.8390,2354.5,386.46,799.88,973.88,982.33,424.71,1840,1730,4596,26271,30869,15486,15383,0,10,11604.8,14033032,24.6,32
n100k_d128_l2,100000,128,l2,multicluster,0.5000,0.3376,33761,D_large24_standard,large,STANDARD,24,1,48,250,10,0.7020,4168.0,244.29,268.04,325.92,419.88,239.92,2001,2001,2001,0,2001,0,0,257,7,10822.2,20424136,30.6,48
n100k_d128_l2,100000,128,l2,multicluster,0.5000,0.3376,33761,E_large24_acorn1,large,ACORN,24,1,48,250,10,0.9070,1766.6,530.67,1085.75,1125.29,1133.75,566.06,2048,1924,6445,49468,55914,25436,30478,0,10,10822.2,20424136,30.6,48
n100k_d128_l2,100000,128,l2,multicluster,0.5000,0.3376,33761,D_large48_standard,large,STANDARD,48,1,96,250,10,0.7080,4012.8,253.54,282.25,397.75,422.88,249.20,2105,2105,2105,0,2105,0,0,255,8,10314.6,39618184,36.1,96
n100k_d128_l2,100000,128,l2,multicluster,0.5000,0.3376,33761,E_large48_acorn1,large,ACORN,48,1,96,250,10,0.9660,1344.8,714.42,1645.67,1884.75,1967.46,743.61,2347,2123,8736,81837,90575,40532,50042,0,10,10314.6,39618184,36.1,96
n100k_d128_l2,100000,128,l2,multicluster,0.5000,0.3376,33761,C_acorn_g4,acorn,ACORN,16,4,16,250,10,0.5550,3649.8,270.67,417.83,465.83,500.62,273.99,1464,1388,5462,6558,12021,9221,2800,0,9,12923.4,18532104,24.5,40
n100k_d128_l2,100000,128,l2,multicluster,0.5000,0.3376,33761,C_acorn_g8,acorn,ACORN,16,8,16,250,10,0.6180,3453.3,290.25,394.12,454.67,457.62,289.58,1626,1550,5494,5767,11262,9014,2248,0,10,20867.5,20264200,24.6,40
n100k_d128_l2,100000,128,l2,multicluster,0.5000,0.3376,33761,C_acorn_g16,acorn,ACORN,16,16,16,250,10,0.6180,3539.5,273.04,396.00,458.88,509.25,282.52,1587,1510,5429,6137,11567,8887,2680,0,10,39343.5,23728392,24.6,40
n100k_d128_l2,100000,128,l2,multicluster,0.5000,0.3376,33761,C_acorn_g32,acorn,ACORN,16,32,16,250,10,0.6270,3081.8,301.21,560.50,786.08,877.00,324.49,1751,1681,5795,7414,13210,9269,3941,0,10,101521.7,30656776,24.6,40
n100k_d128_l2,100000,128,l2,multicluster,0.5000,0.3376,33761,A_std_standard,std,STANDARD,16,1,32,500,10,0.7070,2196.3,461.17,507.12,594.67,621.92,455.32,2042,2042,2042,0,2042,0,0,508,7,11604.8,14033032,24.6,32
n100k_d128_l2,100000,128,l2,multicluster,0.5000,0.3376,33761,B_std_acorn1,std,ACORN,16,1,32,500,10,0.8420,1225.4,727.25,1550.38,1750.12,1896.29,816.09,2038,1928,10944,49847,60792,34383,26409,0,10,11604.8,14033032,24.6,32
n100k_d128_l2,100000,128,l2,multicluster,0.5000,0.3376,33761,D_large24_standard,large,STANDARD,24,1,48,500,10,0.7100,2148.7,466.12,521.50,622.71,632.96,465.40,2079,2079,2079,0,2079,0,0,507,7,10822.2,20424136,30.6,48
n100k_d128_l2,100000,128,l2,multicluster,0.5000,0.3376,33761,E_large24_acorn1,large,ACORN,24,1,48,500,10,0.9090,908.3,1030.17,2099.42,2394.79,2451.92,1100.97,2320,2195,14213,88105,102319,53934,48385,0,10,10822.2,20424136,30.6,48
n100k_d128_l2,100000,128,l2,multicluster,0.5000,0.3376,33761,D_large48_standard,large,STANDARD,48,1,96,500,10,0.7130,2068.2,481.42,575.62,693.38,697.29,483.52,2168,2168,2168,0,2168,0,0,505,9,10314.6,39618184,36.1,96
n100k_d128_l2,100000,128,l2,multicluster,0.5000,0.3376,33761,E_large48_acorn1,large,ACORN,48,1,96,500,10,0.9730,715.7,1271.50,3036.71,3181.54,3232.54,1397.32,2767,2543,18072,144696,162769,82725,80044,0,10,10314.6,39618184,36.1,96
n100k_d128_l2,100000,128,l2,multicluster,0.5000,0.3376,33761,C_acorn_g4,acorn,ACORN,16,4,16,500,10,0.5890,1743.2,568.21,826.29,988.12,1085.67,573.65,1748,1673,11226,13148,24376,18589,5786,0,9,12923.4,18532104,24.5,40
n100k_d128_l2,100000,128,l2,multicluster,0.5000,0.3376,33761,C_acorn_g8,acorn,ACORN,16,8,16,500,10,0.6310,1669.0,580.29,872.92,1037.21,1077.58,599.17,1838,1761,11575,12711,24288,19002,5285,0,10,20867.5,20264200,24.6,40
n100k_d128_l2,100000,128,l2,multicluster,0.5000,0.3376,33761,C_acorn_g16,acorn,ACORN,16,16,16,500,10,0.6420,1694.0,584.21,790.38,939.42,1058.71,590.32,1802,1724,11445,13777,25223,18823,6399,0,10,39343.5,23728392,24.6,40
n100k_d128_l2,100000,128,l2,multicluster,0.5000,0.3376,33761,C_acorn_g32,acorn,ACORN,16,32,16,500,10,0.6810,1531.9,613.21,1108.58,1473.92,1531.79,652.78,2019,1950,11817,14555,26374,19007,7367,0,10,101521.7,30656776,24.6,40
n100k_d128_l2,100000,128,l2,multicluster,0.5000,0.3376,33761,F_exact,exact,EXACT,16,0,0,0,100,1.0000,322.0,3110.58,3222.21,3243.58,3323.79,3105.59,33761,0,0,0,100000,0,0,0,100,0.0,0,0.0,0
n100k_d128_l2,100000,128,l2,multicluster,0.5000,0.3376,33761,A_std_standard,std,STANDARD,16,1,32,50,100,0.4681,11652.8,86.88,97.79,110.08,135.58,85.82,1035,1035,1035,0,1035,0,0,59,55,11604.8,14033032,24.6,32
n100k_d128_l2,100000,128,l2,multicluster,0.5000,0.3376,33761,B_std_acorn1,std,ACORN,16,1,32,50,100,0.6207,7024.0,119.71,299.58,356.71,421.79,142.37,1084,974,546,6655,7203,2220,4982,0,99,11604.8,14033032,24.6,32
n100k_d128_l2,100000,128,l2,multicluster,0.5000,0.3376,33761,D_large24_standard,large,STANDARD,24,1,48,50,100,0.5060,10406.5,95.79,110.96,128.62,143.71,96.09,1218,1218,1218,0,1218,0,0,57,56,10822.2,20424136,30.6,48
n100k_d128_l2,100000,128,l2,multicluster,0.5000,0.3376,33761,E_large24_acorn1,large,ACORN,24,1,48,50,100,0.7347,5518.2,159.25,330.21,376.96,380.67,181.22,1307,1182,724,10496,11222,3520,7702,0,99,10822.2,20424136,30.6,48
n100k_d128_l2,100000,128,l2,multicluster,0.5000,0.3376,33761,D_large48_standard,large,STANDARD,48,1,96,50,100,0.5330,9510.1,104.46,123.58,136.67,167.17,105.15,1438,1438,1438,0,1438,0,0,56,58,10314.6,39618184,36.1,96
n100k_d128_l2,100000,128,l2,multicluster,0.5000,0.3376,33761,E_large48_acorn1,large,ACORN,48,1,96,50,100,0.8697,3696.9,222.79,496.67,598.62,686.83,270.50,1701,1476,1283,22476,23760,7174,16585,0,100,10314.6,39618184,36.1,96
n100k_d128_l2,100000,128,l2,multicluster,0.5000,0.3376,33761,C_acorn_g4,acorn,ACORN,16,4,16,50,100,0.4271,10513.4,90.12,138.12,166.79,298.50,95.12,827,751,1156,1227,2385,1832,552,0,97,12923.4,18532104,24.5,40
n100k_d128_l2,100000,128,l2,multicluster,0.5000,0.3376,33761,C_acorn_g8,acorn,ACORN,16,8,16,50,100,0.4892,9983.1,93.12,152.58,174.33,234.38,100.17,898,822,1163,1225,2390,1842,547,0,99,20867.5,20264200,24.6,40
n100k_d128_l2,100000,128,l2,multicluster,0.5000,0.3376,33761,C_acorn_g16,acorn,ACORN,16,16,16,50,100,0.4848,10320.2,92.29,149.88,161.75,161.96,96.90,866,789,1165,1383,2550,1807,743,0,98,39343.5,23728392,24.6,40
n100k_d128_l2,100000,128,l2,multicluster,0.5000,0.3376,33761,C_acorn_g32,acorn,ACORN,16,32,16,50,100,0.4247,9703.0,94.33,182.42,220.58,228.71,103.06,862,792,1244,1726,2971,1820,1151,0,97,101521.7,30656776,24.6,40
n100k_d128_l2,100000,128,l2,multicluster,0.5000,0.3376,33761,A_std_standard,std,STANDARD,16,1,32,100,100,0.5506,8002.7,124.00,143.04,213.38,260.25,124.96,1455,1455,1455,0,1455,0,0,108,58,11604.8,14033032,24.6,32
n100k_d128_l2,100000,128,l2,multicluster,0.5000,0.3376,33761,B_std_acorn1,std,ACORN,16,1,32,100,100,0.7901,4566.3,189.29,379.92,461.29,503.71,219.00,1475,1365,1245,11469,12716,4832,7883,0,100,11604.8,14033032,24.6,32
n100k_d128_l2,100000,128,l2,multicluster,0.5000,0.3376,33761,D_large24_standard,large,STANDARD,24,1,48,100,100,0.5724,6414.4,147.79,244.54,349.42,354.92,155.90,1638,1638,1638,0,1638,0,0,107,59,10822.2,20424136,30.6,48
n100k_d128_l2,100000,128,l2,multicluster,0.5000,0.3376,33761,E_large24_acorn1,large,ACORN,24,1,48,100,100,0.8783,3288.9,257.67,560.25,713.50,818.67,304.05,1682,1557,1886,21099,22987,8371,14616,0,100,10822.2,20424136,30.6,48
n100k_d128_l2,100000,128,l2,multicluster,0.5000,0.3376,33761,D_large48_standard,large,STANDARD,48,1,96,100,100,0.5799,6056.8,159.58,222.54,235.38,245.92,165.10,1819,1819,1819,0,1819,0,0,106,60,10314.6,39618184,36.1,96
n100k_d128_l2,100000,128,l2,multicluster,0.5000,0.3376,33761,E_large48_acorn1,large,ACORN,48,1,96,100,100,0.9356,2390.6,361.75,779.08,1046.96,1156.75,418.31,1954,1729,3024,39844,42869,15347,27522,0,100,10314.6,39618184,36.1,96
n100k_d128_l2,100000,128,l2,multicluster,0.5000,0.3376,33761,C_acorn_g4,acorn,ACORN,16,4,16,100,100,0.5087,6909.0,135.00,225.29,269.88,283.62,144.74,1100,1025,2171,2390,4562,3593,969,0,97,12923.4,18532104,24.5,40
n100k_d128_l2,100000,128,l2,multicluster,0.5000,0.3376,33761,C_acorn_g8,acorn,ACORN,16,8,16,100,100,0.5882,5739.1,163.21,302.79,343.79,356.33,174.24,1215,1138,2177,2262,4440,3542,897,0,99,20867.5,20264200,24.6,40
n100k_d128_l2,100000,128,l2,multicluster,0.5000,0.3376,33761,C_acorn_g16,acorn,ACORN,16,16,16,100,100,0.5853,6317.5,144.54,278.83,354.38,508.04,158.29,1183,1105,2177,2477,4655,3491,1163,0,98,39343.5,23728392,24.6,40
n100k_d128_l2,100000,128,l2,multicluster,0.5000,0.3376,33761,C_acorn_g32,acorn,ACORN,16,32,16,100,100,0.5150,6350.6,146.88,250.12,314.33,316.29,157.47,1192,1122,2273,2958,5233,3522,1710,0,97,101521.7,30656776,24.6,40
n100k_d128_l2,100000,128,l2,multicluster,0.5000,0.3376,33761,A_std_standard,std,STANDARD,16,1,32,250,100,0.5964,3950.5,252.83,300.54,416.79,419.25,253.13,1904,1904,1904,0,1904,0,0,258,60,11604.8,14033032,24.6,32
n100k_d128_l2,100000,128,l2,multicluster,0.5000,0.3376,33761,B_std_acorn1,std,ACORN,16,1,32,250,100,0.8735,2105.8,434.42,850.67,1004.62,1090.46,474.87,1840,1730,4596,26271,30869,15486,15383,0,100,11604.8,14033032,24.6,32
n100k_d128_l2,100000,128,l2,multicluster,0.5000,0.3376,33761,D_large24_standard,large,STANDARD,24,1,48,250,100,0.6012,3631.1,264.88,392.12,454.75,645.00,275.40,2001,2001,2001,0,2001,0,0,257,60,10822.2,20424136,30.6,48
n100k_d128_l2,100000,128,l2,multicluster,0.5000,0.3376,33761,E_large24_acorn1,large,ACORN,24,1,48,250,100,0.9509,1621.4,562.83,1180.71,1248.33,1508.25,616.74,2048,1924,6445,49468,55914,25436,30478,0,100,10822.2,20424136,30.6,48
n100k_d128_l2,100000,128,l2,multicluster,0.5000,0.3376,33761,D_large48_standard,large,STANDARD,48,1,96,250,100,0.6039,3494.0,276.71,416.00,441.08,500.50,286.20,2105,2105,2105,0,2105,0,0,255,62,10314.6,39618184,36.1,96
n100k_d128_l2,100000,128,l2,multicluster,0.5000,0.3376,33761,E_large48_acorn1,large,ACORN,48,1,96,250,100,0.9685,1251.4,762.71,1784.42,2061.25,2160.25,799.08,2347,2123,8736,81837,90575,40532,50042,0,100,10314.6,39618184,36.1,96
n100k_d128_l2,100000,128,l2,multicluster,0.5000,0.3376,33761,C_acorn_g4,acorn,ACORN,16,4,16,250,100,0.6068,2959.6,328.67,523.46,557.83,1023.25,337.88,1464,1388,5462,6558,12021,9221,2800,0,97,12923.4,18532104,24.5,40
n100k_d128_l2,100000,128,l2,multicluster,0.5000,0.3376,33761,C_acorn_g8,acorn,ACORN,16,8,16,250,100,0.6735,3114.5,317.83,462.75,538.46,590.54,321.07,1626,1550,5494,5767,11262,9014,2248,0,99,20867.5,20264200,24.6,40
n100k_d128_l2,100000,128,l2,multicluster,0.5000,0.3376,33761,C_acorn_g16,acorn,ACORN,16,16,16,250,100,0.6670,3221.0,306.62,445.29,588.71,595.75,310.46,1587,1510,5429,6137,11567,8887,2680,0,98,39343.5,23728392,24.6,40
n100k_d128_l2,100000,128,l2,multicluster,0.5000,0.3376,33761,C_acorn_g32,acorn,ACORN,16,32,16,250,100,0.6494,2581.1,349.08,748.75,1012.58,1208.46,387.43,1751,1681,5795,7414,13210,9269,3941,0,97,101521.7,30656776,24.6,40
n100k_d128_l2,100000,128,l2,multicluster,0.5000,0.3376,33761,A_std_standard,std,STANDARD,16,1,32,500,100,0.6027,2050.0,483.12,581.21,725.00,730.67,487.82,2042,2042,2042,0,2042,0,0,508,60,11604.8,14033032,24.6,32
n100k_d128_l2,100000,128,l2,multicluster,0.5000,0.3376,33761,B_std_acorn1,std,ACORN,16,1,32,500,100,0.8845,1099.9,820.62,1835.21,1928.17,1968.71,909.21,2038,1928,10944,49847,60792,34383,26409,0,100,11604.8,14033032,24.6,32
n100k_d128_l2,100000,128,l2,multicluster,0.5000,0.3376,33761,D_large24_standard,large,STANDARD,24,1,48,500,100,0.6048,2018.9,487.75,704.96,736.96,771.38,495.33,2079,2079,2079,0,2079,0,0,507,61,10822.2,20424136,30.6,48
n100k_d128_l2,100000,128,l2,multicluster,0.5000,0.3376,33761,E_large24_acorn1,large,ACORN,24,1,48,500,100,0.9584,842.0,1054.25,2172.96,2890.88,2901.17,1187.69,2320,2195,14213,88105,102319,53934,48385,0,100,10822.2,20424136,30.6,48
n100k_d128_l2,100000,128,l2,multicluster,0.5000,0.3376,33761,D_large48_standard,large,STANDARD,48,1,96,500,100,0.6083,1967.4,498.46,603.50,779.83,913.75,508.29,2168,2168,2168,0,2168,0,0,505,64,10314.6,39618184,36.1,96
n100k_d128_l2,100000,128,l2,multicluster,0.5000,0.3376,33761,E_large48_acorn1,large,ACORN,48,1,96,500,100,0.9881,721.3,1264.92,3086.79,3138.25,3370.00,1386.36,2767,2543,18072,144696,162769,82725,80044,0,100,10314.6,39618184,36.1,96
n100k_d128_l2,100000,128,l2,multicluster,0.5000,0.3376,33761,C_acorn_g4,acorn,ACORN,16,4,16,500,100,0.6452,1756.3,573.00,821.25,871.54,880.67,569.38,1748,1673,11226,13148,24376,18589,5786,0,97,12923.4,18532104,24.5,40
n100k_d128_l2,100000,128,l2,multicluster,0.5000,0.3376,33761,C_acorn_g8,acorn,ACORN,16,8,16,500,100,0.6945,1694.6,570.71,878.04,946.54,1096.71,590.11,1838,1761,11575,12711,24288,19002,5285,0,99,20867.5,20264200,24.6,40
n100k_d128_l2,100000,128,l2,multicluster,0.5000,0.3376,33761,C_acorn_g16,acorn,ACORN,16,16,16,500,100,0.7022,1680.3,595.79,847.04,1035.92,1106.17,595.14,1802,1724,11445,13777,25223,18823,6399,0,98,39343.5,23728392,24.6,40
n100k_d128_l2,100000,128,l2,multicluster,0.5000,0.3376,33761,C_acorn_g32,acorn,ACORN,16,32,16,500,100,0.7001,1526.0,621.33,1110.96,1519.04,1540.92,655.30,2019,1950,11817,14555,26374,19007,7367,0,97,101521.7,30656776,24.6,40
n100k_d128_l2,100000,128,l2,multicluster,0.2500,0.1899,18988,F_exact,exact,EXACT,16,0,0,0,10,1.0000,589.7,1693.92,1783.75,1898.58,1918.67,1695.88,18988,0,0,0,100000,0,0,0,10,0.0,0,0.0,0
n100k_d128_l2,100000,128,l2,multicluster,0.2500,0.1899,18988,A_std_standard,std,STANDARD,16,1,32,50,10,0.3250,14287.8,69.54,85.54,134.88,151.42,69.99,1035,1035,1035,0,1035,0,0,59,3,11604.8,14033032,24.6,32
n100k_d128_l2,100000,128,l2,multicluster,0.2500,0.1899,18988,B_std_acorn1,std,ACORN,16,1,32,50,10,0.5080,10119.6,82.42,209.46,256.33,257.42,98.82,1080,967,500,4896,5398,2257,3140,0,10,11604.8,14033032,24.6,32
n100k_d128_l2,100000,128,l2,multicluster,0.2500,0.1899,18988,D_large24_standard,large,STANDARD,24,1,48,50,10,0.3500,12712.1,78.88,96.29,112.17,159.79,78.67,1218,1218,1218,0,1218,0,0,57,3,10822.2,20424136,30.6,48
n100k_d128_l2,100000,128,l2,multicluster,0.2500,0.1899,18988,E_large24_acorn1,large,ACORN,24,1,48,50,10,0.6120,7444.2,107.54,302.38,332.62,349.54,134.33,1361,1208,695,7870,8566,3703,4862,0,10,10822.2,20424136,30.6,48
n100k_d128_l2,100000,128,l2,multicluster,0.2500,0.1899,18988,D_large48_standard,large,STANDARD,48,1,96,50,10,0.3620,11405.5,88.46,106.75,136.83,170.25,87.68,1438,1438,1438,0,1438,0,0,56,4,10314.6,39618184,36.1,96
n100k_d128_l2,100000,128,l2,multicluster,0.2500,0.1899,18988,E_large48_acorn1,large,ACORN,48,1,96,50,10,0.7600,4969.6,161.96,412.58,447.38,595.08,201.22,1568,1346,1228,20609,21838,7034,14804,0,10,10314.6,39618184,36.1,96
n100k_d128_l2,100000,128,l2,multicluster,0.2500,0.1899,18988,C_acorn_g4,acorn,ACORN,16,4,16,50,10,0.4030,14176.8,67.17,109.42,147.25,159.12,70.54,828,746,1188,1371,2560,1796,763,0,10,12923.4,18532104,24.5,40
n100k_d128_l2,100000,128,l2,multicluster,0.2500,0.1899,18988,C_acorn_g8,acorn,ACORN,16,8,16,50,10,0.4360,14591.9,64.88,106.46,126.83,159.75,68.53,863,780,1197,1329,2527,1823,704,0,10,20867.5,20264200,24.6,40
n100k_d128_l2,100000,128,l2,multicluster,0.2500,0.1899,18988,C_acorn_g16,acorn,ACORN,16,16,16,50,10,0.4450,14289.5,64.17,109.33,159.50,189.79,69.98,857,773,1192,1248,2441,1819,622,0,10,39343.5,23728392,24.6,40
n100k_d128_l2,100000,128,l2,multicluster,0.2500,0.1899,18988,C_acorn_g32,acorn,ACORN,16,32,16,50,10,0.4110,12560.5,68.92,155.29,190.88,200.21,79.61,939,864,1297,1374,2673,1970,702,0,10,101521.7,30656776,24.6,40
n100k_d128_l2,100000,128,l2,multicluster,0.2500,0.1899,18988,A_std_standard,std,STANDARD,16,1,32,100,10,0.3640,8482.3,118.75,139.46,190.04,219.50,117.89,1455,1455,1455,0,1455,0,0,108,3,11604.8,14033032,24.6,32
n100k_d128_l2,100000,128,l2,multicluster,0.2500,0.1899,18988,B_std_acorn1,std,ACORN,16,1,32,100,10,0.6450,5589.1,154.00,336.79,406.88,421.21,178.92,1480,1367,1233,10313,11548,5066,6481,0,10,11604.8,14033032,24.6,32
n100k_d128_l2,100000,128,l2,multicluster,0.2500,0.1899,18988,D_large24_standard,large,STANDARD,24,1,48,100,10,0.3760,7882.2,128.50,155.00,208.21,231.54,126.87,1638,1638,1638,0,1638,0,0,107,3,10822.2,20424136,30.6,48
n100k_d128_l2,100000,128,l2,multicluster,0.2500,0.1899,18988,E_large24_acorn1,large,ACORN,24,1,48,100,10,0.6970,4364.4,185.75,491.25,573.00,586.04,229.13,1689,1535,1815,17075,18891,8516,10375,0,10,10822.2,20424136,30.6,48
n100k_d128_l2,100000,128,l2,multicluster,0.2500,0.1899,18988,D_large48_standard,large,STANDARD,48,1,96,100,10,0.3810,7383.0,135.54,169.38,249.71,285.75,135.45,1819,1819,1819,0,1819,0,0,106,4,10314.6,39618184,36.1,96
n100k_d128_l2,100000,128,l2,multicluster,0.2500,0.1899,18988,E_large48_acorn1,large,ACORN,48,1,96,100,10,0.8100,2984.5,244.08,710.25,752.50,818.96,335.07,1888,1666,2933,37499,40433,15128,25305,0,10,10314.6,39618184,36.1,96
n100k_d128_l2,100000,128,l2,multicluster,0.2500,0.1899,18988,C_acorn_g4,acorn,ACORN,16,4,16,100,10,0.4740,7934.4,115.08,200.29,269.50,275.50,126.03,1102,1021,2234,2792,5028,3509,1518,0,10,12923.4,18532104,24.5,40
n100k_d128_l2,100000,128,l2,multicluster,0.2500,0.1899,18988,C_acorn_g8,acorn,ACORN,16,8,16,100,10,0.5370,8009.1,117.96,195.04,210.83,231.71,124.86,1184,1100,2275,2763,5039,3618,1421,0,10,20867.5,20264200,24.6,40
n100k_d128_l2,100000,128,l2,multicluster,0.2500,0.1899,18988,C_acorn_g16,acorn,ACORN,16,16,16,100,10,0.5270,7947.9,115.75,187.08,229.58,251.88,125.82,1167,1083,2264,2753,5018,3594,1424,0,10,39343.5,23728392,24.6,40
n100k_d128_l2,100000,128,l2,multicluster,0.2500,0.1899,18988,C_acorn_g32,acorn,ACORN,16,32,16,100,10,0.5160,6910.0,127.50,282.96,311.50,324.12,144.72,1304,1229,2438,2867,5306,3866,1439,0,10,101521.7,30656776,24.6,40
n100k_d128_l2,100000,128,l2,multicluster,0.2500,0.1899,18988,A_std_standard,std,STANDARD,16,1,32,250,10,0.3810,4082.0,246.54,290.21,352.38,633.62,244.98,1904,1904,1904,0,1904,0,0,258,3,11604.8,14033032,24.6,32
n100k_d128_l2,100000,128,l2,multicluster,0.2500,0.1899,18988,B_std_acorn1,std,ACORN,16,1,32,250,10,0.7390,2340.5,335.71,868.54,974.08,1012.75,427.27,1872,1758,4595,28637,33233,16069,17164,0,10,11604.8,14033032,24.6,32
n100k_d128_l2,100000,128,l2,multicluster,0.2500,0.1899,18988,D_large24_standard,large,STANDARD,24,1,48,250,10,0.3840,4151.4,243.83,281.42,335.83,359.46,240.88,2001,2001,2001,0,2001,0,0,257,4,10822.2,20424136,30.6,48
n100k_d128_l2,100000,128,l2,multicluster,0.2500,0.1899,18988,E_large24_acorn1,large,ACORN,24,1,48,250,10,0.7410,1927.5,358.79,1131.08,1216.71,1306.50,518.80,2013,1860,6234,44587,50823,24602,26221,0,10,10822.2,20424136,30.6,48
n100k_d128_l2,100000,128,l2,multicluster,0.2500,0.1899,18988,D_large48_standard,large,STANDARD,48,1,96,250,10,0.3930,3688.9,263.79,357.79,489.92,562.83,271.08,2105,2105,2105,0,2105,0,0,255,5,10314.6,39618184,36.1,96
n100k_d128_l2,100000,128,l2,multicluster,0.2500,0.1899,18988,E_large48_acorn1,large,ACORN,48,1,96,250,10,0.8520,1262.7,593.38,1695.33,2029.92,2932.71,791.96,2352,2130,8588,86439,95028,39539,55489,0,10,10314.6,39618184,36.1,96
n100k_d128_l2,100000,128,l2,multicluster,0.2500,0.1899,18988,C_acorn_g4,acorn,ACORN,16,4,16,250,10,0.5340,3312.8,284.67,470.54,535.54,641.58,301.86,1461,1379,5636,7394,13032,9034,3997,0,10,12923.4,18532104,24.5,40
n100k_d128_l2,100000,128,l2,multicluster,0.2500,0.1899,18988,C_acorn_g8,acorn,ACORN,16,8,16,250,10,0.6360,3428.4,281.83,444.71,495.96,713.71,291.68,1604,1520,5629,7360,12990,9188,3801,0,10,20867.5,20264200,24.6,40
n100k_d128_l2,100000,128,l2,multicluster,0.2500,0.1899,18988,C_acorn_g16,acorn,ACORN,16,16,16,250,10,0.6080,3349.2,278.71,437.12,564.08,742.04,298.58,1581,1497,5619,7242,12862,9183,3679,0,10,39343.5,23728392,24.6,40
n100k_d128_l2,100000,128,l2,multicluster,0.2500,0.1899,18988,C_acorn_g32,acorn,ACORN,16,32,16,250,10,0.6040,3336.3,287.38,478.58,551.25,596.58,299.73,1766,1691,5909,7628,13538,9625,3913,0,10,101521.7,30656776,24.6,40
n100k_d128_l2,100000,128,l2,multicluster,0.2500,0.1899,18988,A_std_standard,std,STANDARD,16,1,32,500,10,0.3860,2180.6,459.62,500.33,624.08,637.67,458.59,2042,2042,2042,0,2042,0,0,508,4,11604.8,14033032,24.6,32
n100k_d128_l2,100000,128,l2,multicluster,0.2500,0.1899,18988,B_std_acorn1,std,ACORN,16,1,32,500,10,0.7510,1271.4,575.62,1487.50,1870.33,1883.00,786.57,2069,1956,10630,53962,64593,33193,31400,0,10,11604.8,14033032,24.6,32
n100k_d128_l2,100000,128,l2,multicluster,0.2500,0.1899,18988,D_large24_standard,large,STANDARD,24,1,48,500,10,0.3910,2153.8,465.83,571.21,616.08,628.54,464.29,2079,2079,2079,0,2079,0,0,507,4,10822.2,20424136,30.6,48
n100k_d128_l2,100000,128,l2,multicluster,0.2500,0.1899,18988,E_large24_acorn1,large,ACORN,24,1,48,500,10,0.7500,1051.3,633.25,1911.50,2091.12,2369.92,951.22,2285,2131,13920,81912,95833,49773,46059,0,10,10822.2,20424136,30.6,48
n100k_d128_l2,100000,128,l2,multicluster,0.2500,0.1899,18988,D_large48_standard,large,STANDARD,48,1,96,500,10,0.4040,2094.0,476.54,576.71,636.62,653.71,477.54,2168,2168,2168,0,2168,0,0,505,7,10314.6,39618184,36.1,96
n100k_d128_l2,100000,128,l2,multicluster,0.2500,0.1899,18988,E_large48_acorn1,large,ACORN,48,1,96,500,10,0.8720,747.5,974.58,2854.12,3303.58,3399.50,1337.81,2785,2563,17623,151413,169037,76056,92980,0,10,10314.6,39618184,36.1,96
n100k_d128_l2,100000,128,l2,multicluster,0.2500,0.1899,18988,C_acorn_g4,acorn,ACORN,16,4,16,500,10,0.5480,1760.3,545.17,814.62,913.12,1014.92,568.07,1618,1536,11618,15763,27382,18600,8782,0,10,12923.4,18532104,24.5,40
n100k_d128_l2,100000,128,l2,multicluster,0.2500,0.1899,18988,C_acorn_g8,acorn,ACORN,16,8,16,500,10,0.6590,1772.0,550.42,793.96,861.00,904.83,564.32,1853,1769,11486,14758,26245,18622,7622,0,10,20867.5,20264200,24.6,40
n100k_d128_l2,100000,128,l2,multicluster,0.2500,0.1899,18988,C_acorn_g16,acorn,ACORN,16,16,16,500,10,0.6160,1786.3,538.83,809.92,867.04,895.71,559.81,1826,1742,11538,14602,26142,18660,7481,0,10,39343.5,23728392,24.6,40
n100k_d128_l2,100000,128,l2,multicluster,0.2500,0.1899,18988,C_acorn_g32,acorn,ACORN,16,32,16,500,10,0.6430,1605.6,597.38,952.75,1019.38,1266.00,622.83,2079,2004,11997,15773,27772,19511,8260,0,10,101521.7,30656776,24.6,40
n100k_d128_l2,100000,128,l2,multicluster,0.2500,0.1899,18988,F_exact,exact,EXACT,16,0,0,0,100,1.0000,590.1,1693.88,1817.08,1844.96,1855.88,1694.60,18988,0,0,0,100000,0,0,0,100,0.0,0,0.0,0
n100k_d128_l2,100000,128,l2,multicluster,0.2500,0.1899,18988,A_std_standard,std,STANDARD,16,1,32,50,100,0.2765,11796.7,85.33,97.08,102.67,193.12,84.77,1035,1035,1035,0,1035,0,0,59,34,11604.8,14033032,24.6,32
n100k_d128_l2,100000,128,l2,multicluster,0.2500,0.1899,18988,B_std_acorn1,std,ACORN,16,1,32,50,100,0.5672,8234.4,106.83,226.33,256.21,264.50,121.44,1080,967,500,4896,5398,2257,3140,0,99,11604.8,14033032,24.6,32
n100k_d128_l2,100000,128,l2,multicluster,0.2500,0.1899,18988,D_large24_standard,large,STANDARD,24,1,48,50,100,0.2992,10586.3,94.75,113.92,119.96,174.88,94.46,1218,1218,1218,0,1218,0,0,57,34,10822.2,20424136,30.6,48
n100k_d128_l2,100000,128,l2,multicluster,0.2500,0.1899,18988,E_large24_acorn1,large,ACORN,24,1,48,50,100,0.6665,6325.2,133.75,301.42,357.33,531.83,158.10,1361,1208,695,7870,8566,3703,4862,0,99,10822.2,20424136,30.6,48
n100k_d128_l2,100000,128,l2,multicluster,0.2500,0.1899,18988,D_large48_standard,large,STANDARD,48,1,96,50,100,0.3131,9752.1,101.33,122.46,148.38,206.58,102.54,1438,1438,1438,0,1438,0,0,56,35,10314.6,39618184,36.1,96
n100k_d128_l2,100000,128,l2,multicluster,0.2500,0.1899,18988,E_large48_acorn1,large,ACORN,48,1,96,50,100,0.7820,4407.0,189.21,434.62,465.25,519.67,226.91,1568,1346,1228,20609,21838,7034,14804,0,100,10314.6,39618184,36.1,96
n100k_d128_l2,100000,128,l2,multicluster,0.2500,0.1899,18988,C_acorn_g4,acorn,ACORN,16,4,16,50,100,0.4411,10953.0,86.79,123.25,159.83,189.54,91.30,828,746,1188,1371,2560,1796,763,0,100,12923.4,18532104,24.5,40
n100k_d128_l2,100000,128,l2,multicluster,0.2500,0.1899,18988,C_acorn_g8,acorn,ACORN,16,8,16,50,100,0.4820,11095.6,85.92,122.04,158.83,189.46,90.13,863,780,1197,1329,2527,1823,704,0,100,20867.5,20264200,24.6,40
n100k_d128_l2,100000,128,l2,multicluster,0.2500,0.1899,18988,C_acorn_g16,acorn,ACORN,16,16,16,50,100,0.4792,11248.0,84.50,127.04,173.25,174.33,88.90,857,773,1192,1248,2441,1819,622,0,100,39343.5,23728392,24.6,40
n100k_d128_l2,100000,128,l2,multicluster,0.2500,0.1899,18988,C_acorn_g32,acorn,ACORN,16,32,16,50,100,0.4513,9504.6,91.12,172.92,243.92,251.96,105.21,939,864,1297,1374,2673,1970,702,0,100,101521.7,30656776,24.6,40
n100k_d128_l2,100000,128,l2,multicluster,0.2500,0.1899,18988,A_std_standard,std,STANDARD,16,1,32,100,100,0.3264,8202.3,122.33,142.29,167.42,233.79,121.92,1455,1455,1455,0,1455,0,0,108,34,11604.8,14033032,24.6,32
n100k_d128_l2,100000,128,l2,multicluster,0.2500,0.1899,18988,B_std_acorn1,std,ACORN,16,1,32,100,100,0.7269,5186.9,168.42,364.21,407.08,411.29,192.79,1480,1367,1233,10313,11548,5066,6481,0,100,11604.8,14033032,24.6,32
n100k_d128_l2,100000,128,l2,multicluster,0.2500,0.1899,18988,D_large24_standard,large,STANDARD,24,1,48,100,100,0.3396,7595.2,131.38,151.38,176.79,245.67,131.66,1638,1638,1638,0,1638,0,0,107,35,10822.2,20424136,30.6,48
n100k_d128_l2,100000,128,l2,multicluster,0.2500,0.1899,18988,E_large24_acorn1,large,ACORN,24,1,48,100,100,0.7824,4106.2,202.04,495.71,552.17,586.00,243.54,1689,1535,1815,17075,18891,8516,10375,0,100,10822.2,20424136,30.6,48
n100k_d128_l2,100000,128,l2,multicluster,0.2500,0.1899,18988,D_large48_standard,large,STANDARD,48,1,96,100,100,0.3465,7136.5,139.67,181.58,194.38,215.08,140.13,1819,1819,1819,0,1819,0,0,106,36,10314.6,39618184,36.1,96
n100k_d128_l2,100000,128,l2,multicluster,0.2500,0.1899,18988,E_large48_acorn1,large,ACORN,48,1,96,100,100,0.8601,2879.6,250.75,748.17,795.62,824.38,347.27,1888,1666,2933,37499,40433,15128,25305,0,100,10314.6,39618184,36.1,96
n100k_d128_l2,100000,128,l2,multicluster,0.2500,0.1899,18988,C_acorn_g4,acorn,ACORN,16,4,16,100,100,0.5238,7351.6,125.04,200.62,290.79,293.17,136.03,1102,1021,2234,2792,5028,3509,1518,0,100,12923.4,18532104,24.5,40
n100k_d128_l2,100000,128,l2,multicluster,0.2500,0.1899,18988,C_acorn_g8,acorn,ACORN,16,8,16,100,100,0.5975,7219.1,129.58,201.67,248.92,286.79,138.52,1184,1100,2275,2763,5039,3618,1421,0,100,20867.5,20264200,24.6,40
n100k_d128_l2,100000,128,l2,multicluster,0.2500,0.1899,18988,C_acorn_g16,acorn,ACORN,16,16,16,100,100,0.5888,7593.0,124.54,189.67,221.29,244.38,131.70,1167,1083,2264,2753,5018,3594,1424,0,100,39343.5,23728392,24.6,40
n100k_d128_l2,100000,128,l2,multicluster,0.2500,0.1899,18988,C_acorn_g32,acorn,ACORN,16,32,16,100,100,0.5737,6690.3,135.42,249.21,324.67,331.04,149.47,1304,1229,2438,2867,5306,3866,1439,0,100,101521.7,30656776,24.6,40
n100k_d128_l2,100000,128,l2,multicluster,0.2500,0.1899,18988,A_std_standard,std,STANDARD,16,1,32,250,100,0.3504,4047.4,247.79,306.88,319.88,383.50,247.07,1904,1904,1904,0,1904,0,0,258,35,11604.8,14033032,24.6,32
n100k_d128_l2,100000,128,l2,multicluster,0.2500,0.1899,18988,B_std_acorn1,std,ACORN,16,1,32,250,100,0.8346,2232.5,370.50,870.50,1021.79,1246.29,447.94,1872,1758,4595,28637,33233,16069,17164,0,100,11604.8,14033032,24.6,32
n100k_d128_l2,100000,128,l2,multicluster,0.2500,0.1899,18988,D_large24_standard,large,STANDARD,24,1,48,250,100,0.3531,4027.9,252.17,287.00,314.79,365.04,248.27,2001,2001,2001,0,2001,0,0,257,35,10822.2,20424136,30.6,48
n100k_d128_l2,100000,128,l2,multicluster,0.2500,0.1899,18988,E_large24_acorn1,large,ACORN,24,1,48,250,100,0.8382,1926.2,356.96,1113.62,1194.12,1217.54,519.15,2013,1860,6234,44587,50823,24602,26221,0,100,10822.2,20424136,30.6,48
n100k_d128_l2,100000,128,l2,multicluster,0.2500,0.1899,18988,D_large48_standard,large,STANDARD,48,1,96,250,100,0.3579,3931.6,255.04,292.33,332.54,395.62,254.35,2105,2105,2105,0,2105,0,0,255,37,10314.6,39618184,36.1,96
n100k_d128_l2,100000,128,l2,multicluster,0.2500,0.1899,18988,E_large48_acorn1,large,ACORN,48,1,96,250,100,0.9217,1341.3,586.38,1591.75,1796.33,1819.21,745.57,2352,2130,8588,86439,95028,39539,55489,0,100,10314.6,39618184,36.1,96
n100k_d128_l2,100000,128,l2,multicluster,0.2500,0.1899,18988,C_acorn_g4,acorn,ACORN,16,4,16,250,100,0.6035,3399.8,277.92,445.12,476.92,659.33,294.13,1461,1379,5636,7394,13032,9034,3997,0,100,12923.4,18532104,24.5,40
n100k_d128_l2,100000,128,l2,multicluster,0.2500,0.1899,18988,C_acorn_g8,acorn,ACORN,16,8,16,250,100,0.7036,3376.6,285.92,426.08,456.62,489.46,296.16,1604,1520,5629,7360,12990,9188,3801,0,100,20867.5,20264200,24.6,40
n100k_d128_l2,100000,128,l2,multicluster,0.2500,0.1899,18988,C_acorn_g16,acorn,ACORN,16,16,16,250,100,0.6808,3366.9,279.58,420.50,514.88,632.38,297.01,1581,1497,5619,7242,12862,9183,3679,0,100,39343.5,23728392,24.6,40
n100k_d128_l2,100000,128,l2,multicluster,0.2500,0.1899,18988,C_acorn_g32,acorn,ACORN,16,32,16,250,100,0.6960,3048.1,306.08,518.58,594.12,621.96,328.07,1766,1691,5909,7628,13538,9625,3913,0,100,101521.7,30656776,24.6,40
n100k_d128_l2,100000,128,l2,multicluster,0.2500,0.1899,18988,A_std_standard,std,STANDARD,16,1,32,500,100,0.3548,2155.4,465.54,534.08,608.00,618.29,463.95,2042,2042,2042,0,2042,0,0,508,35,11604.8,14033032,24.6,32
n100k_d128_l2,100000,128,l2,multicluster,0.2500,0.1899,18988,B_std_acorn1,std,ACORN,16,1,32,500,100,0.8504,1238.4,614.04,1536.88,1935.42,1955.50,807.50,2069,1956,10630,53962,64593,33193,31400,0,100,11604.8,14033032,24.6,32
n100k_d128_l2,100000,128,l2,multicluster,0.2500,0.1899,18988,D_large24_standard,large,STANDARD,24,1,48,500,100,0.3566,2116.7,473.08,556.25,620.75,621.92,472.44,2079,2079,2079,0,2079,0,0,507,36,10822.2,20424136,30.6,48
n100k_d128_l2,100000,128,l2,multicluster,0.2500,0.1899,18988,E_large24_acorn1,large,ACORN,24,1,48,500,100,0.8574,1025.3,687.46,2059.33,2234.58,2320.50,975.28,2285,2131,13920,81912,95833,49773,46059,0,100,10822.2,20424136,30.6,48
n100k_d128_l2,100000,128,l2,multicluster,0.2500,0.1899,18988,D_large48_standard,large,STANDARD,48,1,96,500,100,0.3630,2071.4,480.58,537.71,668.46,685.62,482.77,2168,2168,2168,0,2168,0,0,505,39,10314.6,39618184,36.1,96
n100k_d128_l2,100000,128,l2,multicluster,0.2500,0.1899,18988,E_large48_acorn1,large,ACORN,48,1,96,500,100,0.9384,738.3,1026.17,2917.96,3122.92,3227.04,1354.55,2785,2563,17623,151413,169037,76056,92980,0,100,10314.6,39618184,36.1,96
n100k_d128_l2,100000,128,l2,multicluster,0.2500,0.1899,18988,C_acorn_g4,acorn,ACORN,16,4,16,500,100,0.6213,1716.7,559.67,844.17,1105.00,1226.62,582.51,1618,1536,11618,15763,27382,18600,8782,0,100,12923.4,18532104,24.5,40
n100k_d128_l2,100000,128,l2,multicluster,0.2500,0.1899,18988,C_acorn_g8,acorn,ACORN,16,8,16,500,100,0.7403,1706.9,561.21,811.38,917.58,1060.62,585.86,1853,1769,11486,14758,26245,18622,7622,0,100,20867.5,20264200,24.6,40
n100k_d128_l2,100000,128,l2,multicluster,0.2500,0.1899,18988,C_acorn_g16,acorn,ACORN,16,16,16,500,100,0.7027,1738.0,556.08,854.62,914.54,1041.75,575.38,1826,1742,11538,14602,26142,18660,7481,0,100,39343.5,23728392,24.6,40
n100k_d128_l2,100000,128,l2,multicluster,0.2500,0.1899,18988,C_acorn_g32,acorn,ACORN,16,32,16,500,100,0.7445,1547.3,617.67,931.54,1110.88,1593.54,646.28,2079,2004,11997,15773,27772,19511,8260,0,100,101521.7,30656776,24.6,40
n100k_d128_l2,100000,128,l2,multicluster,0.1000,0.1000,10000,F_exact,exact,EXACT,16,0,0,0,10,1.0000,1102.1,881.83,1024.29,1120.21,1150.79,907.36,10000,0,0,0,100000,0,0,0,10,0.0,0,0.0,0
n100k_d128_l2,100000,128,l2,multicluster,0.1000,0.1000,10000,A_std_standard,std,STANDARD,16,1,32,50,10,0.0570,14085.4,72.25,85.71,92.67,109.00,71.00,1035,1035,1035,0,1035,0,0,59,0,11604.8,14033032,24.6,32
n100k_d128_l2,100000,128,l2,multicluster,0.1000,0.1000,10000,B_std_acorn1,std,ACORN,16,1,32,50,10,0.5180,14911.0,64.29,90.79,101.42,101.96,67.06,1178,1082,380,2037,2419,1877,542,0,10,11604.8,14033032,24.6,32
n100k_d128_l2,100000,128,l2,multicluster,0.1000,0.1000,10000,D_large24_standard,large,STANDARD,24,1,48,50,10,0.0580,11578.4,86.21,108.71,146.08,164.75,86.37,1218,1218,1218,0,1218,0,0,57,0,10822.2,20424136,30.6,48
n100k_d128_l2,100000,128,l2,multicluster,0.1000,0.1000,10000,E_large24_acorn1,large,ACORN,24,1,48,50,10,0.6260,11106.3,83.08,137.00,175.21,179.21,90.04,1482,1374,547,2952,3500,2847,652,0,10,10822.2,20424136,30.6,48
n100k_d128_l2,100000,128,l2,multicluster,0.1000,0.1000,10000,D_large48_standard,large,STANDARD,48,1,96,50,10,0.0620,11369.4,89.33,104.54,129.29,141.75,87.96,1438,1438,1438,0,1438,0,0,56,0,10314.6,39618184,36.1,96
n100k_d128_l2,100000,128,l2,multicluster,0.1000,0.1000,10000,E_large48_acorn1,large,ACORN,48,1,96,50,10,0.8380,8689.5,107.83,167.04,189.79,198.83,115.08,1996,1725,1072,7315,8389,5172,3217,0,10,10314.6,39618184,36.1,96
n100k_d128_l2,100000,128,l2,multicluster,0.1000,0.1000,10000,C_acorn_g4,acorn,ACORN,16,4,16,50,10,0.3860,16607.7,53.08,109.50,119.79,142.46,60.21,946,884,1230,811,2043,1901,141,0,10,12923.4,18532104,24.5,40
n100k_d128_l2,100000,128,l2,multicluster,0.1000,0.1000,10000,C_acorn_g8,acorn,ACORN,16,8,16,50,10,0.5150,16741.7,55.04,83.50,102.46,112.88,59.73,898,833,1306,792,2099,1837,262,0,10,20867.5,20264200,24.6,40
n100k_d128_l2,100000,128,l2,multicluster,0.1000,0.1000,10000,C_acorn_g16,acorn,ACORN,16,16,16,50,10,0.5220,17292.1,54.46,79.92,110.92,136.33,57.83,869,803,1378,810,2189,1880,309,0,10,39343.5,23728392,24.6,40
n100k_d128_l2,100000,128,l2,multicluster,0.1000,0.1000,10000,C_acorn_g32,acorn,ACORN,16,32,16,50,10,0.4390,19178.0,49.83,69.71,88.54,102.08,52.14,894,842,1255,794,2050,1815,235,0,10,101521.7,30656776,24.6,40
n100k_d128_l2,100000,128,l2,multicluster,0.1000,0.1000,10000,A_std_standard,std,STANDARD,16,1,32,100,10,0.0620,8413.6,119.83,136.67,185.62,274.33,118.86,1455,1455,1455,0,1455,0,0,108,0,11604.8,14033032,24.6,32
n100k_d128_l2,100000,128,l2,multicluster,0.1000,0.1000,10000,B_std_acorn1,std,ACORN,16,1,32,100,10,0.6830,8392.3,109.62,167.21,206.62,242.38,119.16,1647,1551,937,3306,4245,3659,585,0,10,11604.8,14033032,24.6,32
n100k_d128_l2,100000,128,l2,multicluster,0.1000,0.1000,10000,D_large24_standard,large,STANDARD,24,1,48,100,10,0.0610,7875.1,127.08,156.08,207.42,225.67,126.98,1638,1638,1638,0,1638,0,0,107,0,10822.2,20424136,30.6,48
n100k_d128_l2,100000,128,l2,multicluster,0.1000,0.1000,10000,E_large24_acorn1,large,ACORN,24,1,48,100,10,0.8020,6958.5,134.58,206.29,286.71,298.38,143.71,1927,1818,1506,4742,6249,5527,722,0,10,10822.2,20424136,30.6,48
n100k_d128_l2,100000,128,l2,multicluster,0.1000,0.1000,10000,D_large48_standard,large,STANDARD,48,1,96,100,10,0.0630,7504.4,135.96,152.75,179.75,231.21,133.26,1819,1819,1819,0,1819,0,0,106,1,10314.6,39618184,36.1,96
n100k_d128_l2,100000,128,l2,multicluster,0.1000,0.1000,10000,E_large48_acorn1,large,ACORN,48,1,96,100,10,0.9170,5701.5,162.38,258.46,311.96,361.88,175.39,2270,1998,2738,9693,12432,8828,3603,0,10,10314.6,39618184,36.1,96
n100k_d128_l2,100000,128,l2,multicluster,0.1000,0.1000,10000,C_acorn_g4,acorn,ACORN,16,4,16,100,10,0.4950,9587.7,92.17,174.96,191.21,225.50,104.30,1339,1277,2306,1615,3922,3754,168,0,10,12923.4,18532104,24.5,40
n100k_d128_l2,100000,128,l2,multicluster,0.1000,0.1000,10000,C_acorn_g8,acorn,ACORN,16,8,16,100,10,0.6220,9867.8,95.58,136.46,156.62,241.17,101.34,1237,1173,2322,1562,3885,3585,299,0,10,20867.5,20264200,24.6,40
n100k_d128_l2,100000,128,l2,multicluster,0.1000,0.1000,10000,C_acorn_g16,acorn,ACORN,16,16,16,100,10,0.6340,9937.4,94.62,154.00,209.54,262.00,100.63,1198,1132,2440,1586,4027,3679,347,0,10,39343.5,23728392,24.6,40
n100k_d128_l2,100000,128,l2,multicluster,0.1000,0.1000,10000,C_acorn_g32,acorn,ACORN,16,32,16,100,10,0.5420,10226.6,91.88,127.42,174.71,244.96,97.78,1250,1197,2274,1559,3835,3570,265,0,10,101521.7,30656776,24.6,40
n100k_d128_l2,100000,128,l2,multicluster,0.1000,0.1000,10000,A_std_standard,std,STANDARD,16,1,32,250,10,0.0650,4261.3,240.29,266.29,331.79,424.79,234.67,1904,1904,1904,0,1904,0,0,258,0,11604.8,14033032,24.6,32
n100k_d128_l2,100000,128,l2,multicluster,0.1000,0.1000,10000,B_std_acorn1,std,ACORN,16,1,32,250,10,0.8160,3973.0,231.96,401.88,438.42,458.58,251.70,2169,2073,4134,6038,10173,9481,691,0,10,11604.8,14033032,24.6,32
n100k_d128_l2,100000,128,l2,multicluster,0.1000,0.1000,10000,D_large24_standard,large,STANDARD,24,1,48,250,10,0.0630,4135.0,244.29,270.96,365.88,394.54,241.84,2001,2001,2001,0,2001,0,0,257,0,10822.2,20424136,30.6,48
n100k_d128_l2,100000,128,l2,multicluster,0.1000,0.1000,10000,E_large24_acorn1,large,ACORN,24,1,48,250,10,0.9220,3655.3,251.67,401.08,434.42,587.96,273.58,2324,2215,5884,7633,13518,12604,913,0,10,10822.2,20424136,30.6,48
n100k_d128_l2,100000,128,l2,multicluster,0.1000,0.1000,10000,D_large48_standard,large,STANDARD,48,1,96,250,10,0.0700,4067.9,249.75,283.25,339.96,381.71,245.83,2105,2105,2105,0,2105,0,0,255,1,10314.6,39618184,36.1,96
n100k_d128_l2,100000,128,l2,multicluster,0.1000,0.1000,10000,E_large48_acorn1,large,ACORN,48,1,96,250,10,0.9860,3276.9,281.92,461.04,520.96,567.88,305.17,2629,2358,8291,13195,21487,16711,4776,0,10,10314.6,39618184,36.1,96
n100k_d128_l2,100000,128,l2,multicluster,0.1000,0.1000,10000,C_acorn_g4,acorn,ACORN,16,4,16,250,10,0.6030,4295.9,210.88,340.83,373.38,377.92,232.78,1831,1769,5514,3633,9149,8911,237,0,10,12923.4,18532104,24.5,40
n100k_d128_l2,100000,128,l2,multicluster,0.1000,0.1000,10000,C_acorn_g8,acorn,ACORN,16,8,16,250,10,0.7410,4319.9,220.67,309.79,399.42,438.58,231.49,1752,1688,5652,3744,9397,8954,443,0,10,20867.5,20264200,24.6,40
n100k_d128_l2,100000,128,l2,multicluster,0.1000,0.1000,10000,C_acorn_g16,acorn,ACORN,16,16,16,250,10,0.7570,4472.4,213.17,338.04,392.71,422.00,223.59,1624,1558,5753,3551,9305,8831,473,0,10,39343.5,23728392,24.6,40
n100k_d128_l2,100000,128,l2,multicluster,0.1000,0.1000,10000,C_acorn_g32,acorn,ACORN,16,32,16,250,10,0.6540,4294.9,209.58,368.42,482.54,511.17,232.83,1842,1789,5657,3735,9393,9026,367,0,10,101521.7,30656776,24.6,40
n100k_d128_l2,100000,128,l2,multicluster,0.1000,0.1000,10000,A_std_standard,std,STANDARD,16,1,32,500,10,0.0680,2177.1,458.12,503.38,642.67,647.17,459.32,2042,2042,2042,0,2042,0,0,508,1,11604.8,14033032,24.6,32
n100k_d128_l2,100000,128,l2,multicluster,0.1000,0.1000,10000,B_std_acorn1,std,ACORN,16,1,32,500,10,0.8360,2037.9,453.79,649.88,863.08,972.79,490.69,2322,2226,10317,7582,17901,17073,827,0,10,11604.8,14033032,24.6,32
n100k_d128_l2,100000,128,l2,multicluster,0.1000,0.1000,10000,D_large24_standard,large,STANDARD,24,1,48,500,10,0.0660,2152.0,467.71,510.83,621.67,646.79,464.69,2079,2079,2079,0,2079,0,0,507,1,10822.2,20424136,30.6,48
n100k_d128_l2,100000,128,l2,multicluster,0.1000,0.1000,10000,E_large24_acorn1,large,ACORN,24,1,48,500,10,0.9400,1923.7,487.88,669.92,912.42,1045.71,519.84,2495,2386,13774,9360,23135,21937,1198,0,10,10822.2,20424136,30.6,48
n100k_d128_l2,100000,128,l2,multicluster,0.1000,0.1000,10000,D_large48_standard,large,STANDARD,48,1,96,500,10,0.0730,2104.5,477.00,571.04,632.38,662.17,475.18,2168,2168,2168,0,2168,0,0,505,2,10314.6,39618184,36.1,96
n100k_d128_l2,100000,128,l2,multicluster,0.1000,0.1000,10000,E_large48_acorn1,large,ACORN,48,1,96,500,10,0.9980,1798.3,532.88,706.33,806.54,1002.38,556.09,2870,2599,17267,16448,33717,27287,6430,0,10,10314.6,39618184,36.1,96
n100k_d128_l2,100000,128,l2,multicluster,0.1000,0.1000,10000,C_acorn_g4,acorn,ACORN,16,4,16,500,10,0.6540,2095.0,428.42,646.58,969.33,1047.62,477.33,2150,2088,11517,6047,17565,17190,375,0,10,12923.4,18532104,24.5,40
n100k_d128_l2,100000,128,l2,multicluster,0.1000,0.1000,10000,C_acorn_g8,acorn,ACORN,16,8,16,500,10,0.8120,2065.2,451.42,663.46,988.46,1118.54,484.20,2077,2012,11845,6249,18096,17439,656,0,10,20867.5,20264200,24.6,40
n100k_d128_l2,100000,128,l2,multicluster,0.1000,0.1000,10000,C_acorn_g16,acorn,ACORN,16,16,16,500,10,0.7980,2198.7,443.88,600.58,633.42,643.12,454.81,1845,1779,11719,5742,17462,16795,667,0,10,39343.5,23728392,24.6,40
n100k_d128_l2,100000,128,l2,multicluster,0.1000,0.1000,10000,C_acorn_g32,acorn,ACORN,16,32,16,500,10,0.7420,1899.5,450.62,954.38,1163.33,1594.46,526.47,2388,2335,12373,6590,18964,18378,586,0,10,101521.7,30656776,24.6,40
n100k_d128_l2,100000,128,l2,multicluster,0.1000,0.1000,10000,F_exact,exact,EXACT,16,0,0,0,100,1.0000,1100.9,882.88,1022.67,1088.04,1096.50,908.34,10000,0,0,0,100000,0,0,0,100,0.0,0,0.0,0
n100k_d128_l2,100000,128,l2,multicluster,0.1000,0.1000,10000,A_std_standard,std,STANDARD,16,1,32,50,100,0.0518,12104.5,82.67,96.29,111.12,168.46,82.61,1035,1035,1035,0,1035,0,0,59,7,11604.8,14033032,24.6,32
n100k_d128_l2,100000,128,l2,multicluster,0.1000,0.1000,10000,B_std_acorn1,std,ACORN,16,1,32,50,100,0.4921,11219.7,85.29,111.29,156.54,211.25,89.13,1178,1082,380,2037,2419,1877,542,0,100,11604.8,14033032,24.6,32
n100k_d128_l2,100000,128,l2,multicluster,0.1000,0.1000,10000,D_large24_standard,large,STANDARD,24,1,48,50,100,0.0554,11016.9,91.42,105.29,121.50,212.08,90.77,1218,1218,1218,0,1218,0,0,57,6,10822.2,20424136,30.6,48
n100k_d128_l2,100000,128,l2,multicluster,0.1000,0.1000,10000,E_large24_acorn1,large,ACORN,24,1,48,50,100,0.6110,8904.1,106.12,158.58,193.00,270.88,112.31,1482,1374,547,2952,3500,2847,652,0,100,10822.2,20424136,30.6,48
n100k_d128_l2,100000,128,l2,multicluster,0.1000,0.1000,10000,D_large48_standard,large,STANDARD,48,1,96,50,100,0.0579,9952.9,99.88,117.88,128.00,167.83,100.47,1438,1438,1438,0,1438,0,0,56,6,10314.6,39618184,36.1,96
n100k_d128_l2,100000,128,l2,multicluster,0.1000,0.1000,10000,E_large48_acorn1,large,ACORN,48,1,96,50,100,0.8267,6949.7,132.42,195.88,285.54,289.88,143.89,1996,1725,1072,7315,8389,5172,3217,0,100,10314.6,39618184,36.1,96
n100k_d128_l2,100000,128,l2,multicluster,0.1000,0.1000,10000,C_acorn_g4,acorn,ACORN,16,4,16,50,100,0.3408,12977.5,70.46,124.42,142.42,148.38,77.06,946,884,1230,811,2043,1901,141,0,100,12923.4,18532104,24.5,40
n100k_d128_l2,100000,128,l2,multicluster,0.1000,0.1000,10000,C_acorn_g8,acorn,ACORN,16,8,16,50,100,0.4400,13491.6,71.54,97.29,113.50,120.79,74.12,898,833,1306,792,2099,1837,262,0,100,20867.5,20264200,24.6,40
n100k_d128_l2,100000,128,l2,multicluster,0.1000,0.1000,10000,C_acorn_g16,acorn,ACORN,16,16,16,50,100,0.4655,13474.0,72.71,97.75,124.62,153.54,74.22,869,803,1378,810,2189,1880,309,0,100,39343.5,23728392,24.6,40
n100k_d128_l2,100000,128,l2,multicluster,0.1000,0.1000,10000,C_acorn_g32,acorn,ACORN,16,32,16,50,100,0.3783,13817.9,67.88,93.67,132.21,157.50,72.37,894,842,1255,794,2050,1815,235,0,100,101521.7,30656776,24.6,40
n100k_d128_l2,100000,128,l2,multicluster,0.1000,0.1000,10000,A_std_standard,std,STANDARD,16,1,32,100,100,0.0592,8321.8,120.92,141.75,208.62,255.38,120.17,1455,1455,1455,0,1455,0,0,108,7,11604.8,14033032,24.6,32
n100k_d128_l2,100000,128,l2,multicluster,0.1000,0.1000,10000,B_std_acorn1,std,ACORN,16,1,32,100,100,0.6742,7568.9,122.00,177.00,259.17,403.67,132.12,1647,1551,937,3306,4245,3659,585,0,100,11604.8,14033032,24.6,32
n100k_d128_l2,100000,128,l2,multicluster,0.1000,0.1000,10000,D_large24_standard,large,STANDARD,24,1,48,100,100,0.0591,7909.7,129.79,147.33,160.62,205.67,126.43,1638,1638,1638,0,1638,0,0,107,6,10822.2,20424136,30.6,48
n100k_d128_l2,100000,128,l2,multicluster,0.1000,0.1000,10000,E_large24_acorn1,large,ACORN,24,1,48,100,100,0.7943,6342.3,147.33,222.21,287.58,312.04,157.67,1927,1818,1506,4742,6249,5527,722,0,100,10822.2,20424136,30.6,48
n100k_d128_l2,100000,128,l2,multicluster,0.1000,0.1000,10000,D_large48_standard,large,STANDARD,48,1,96,100,100,0.0606,7282.3,137.88,169.17,203.04,220.00,137.32,1819,1819,1819,0,1819,0,0,106,6,10314.6,39618184,36.1,96
n100k_d128_l2,100000,128,l2,multicluster,0.1000,0.1000,10000,E_large48_acorn1,large,ACORN,48,1,96,100,100,0.9173,5351.7,176.00,250.58,307.71,319.79,186.86,2270,1998,2738,9693,12432,8828,3603,0,100,10314.6,39618184,36.1,96
n100k_d128_l2,100000,128,l2,multicluster,0.1000,0.1000,10000,C_acorn_g4,acorn,ACORN,16,4,16,100,100,0.4568,8352.9,104.92,201.79,262.46,339.92,119.72,1339,1277,2306,1615,3922,3754,168,0,100,12923.4,18532104,24.5,40
n100k_d128_l2,100000,128,l2,multicluster,0.1000,0.1000,10000,C_acorn_g8,acorn,ACORN,16,8,16,100,100,0.5689,9160.4,104.00,142.08,169.21,268.17,109.17,1237,1173,2322,1562,3885,3585,299,0,100,20867.5,20264200,24.6,40
n100k_d128_l2,100000,128,l2,multicluster,0.1000,0.1000,10000,C_acorn_g16,acorn,ACORN,16,16,16,100,100,0.6094,9189.5,104.29,169.75,195.25,237.46,108.82,1198,1132,2440,1586,4027,3679,347,0,100,39343.5,23728392,24.6,40
n100k_d128_l2,100000,128,l2,multicluster,0.1000,0.1000,10000,C_acorn_g32,acorn,ACORN,16,32,16,100,100,0.4916,9326.0,99.62,144.71,185.50,191.00,107.23,1250,1197,2274,1559,3835,3570,265,0,100,101521.7,30656776,24.6,40
n100k_d128_l2,100000,128,l2,multicluster,0.1000,0.1000,10000,A_std_standard,std,STANDARD,16,1,32,250,100,0.0628,4205.7,240.17,275.67,385.96,386.79,237.77,1904,1904,1904,0,1904,0,0,258,7,11604.8,14033032,24.6,32
n100k_d128_l2,100000,128,l2,multicluster,0.1000,0.1000,10000,B_std_acorn1,std,ACORN,16,1,32,250,100,0.8139,3729.1,245.00,407.50,500.33,533.71,268.16,2169,2073,4134,6038,10173,9481,691,0,100,11604.8,14033032,24.6,32
n100k_d128_l2,100000,128,l2,multicluster,0.1000,0.1000,10000,D_large24_standard,large,STANDARD,24,1,48,250,100,0.0608,4081.9,245.83,288.54,372.08,380.33,244.99,2001,2001,2001,0,2001,0,0,257,6,10822.2,20424136,30.6,48
n100k_d128_l2,100000,128,l2,multicluster,0.1000,0.1000,10000,E_large24_acorn1,large,ACORN,24,1,48,250,100,0.9202,3390.4,275.29,429.83,469.04,495.83,294.95,2324,2215,5884,7633,13518,12604,913,0,100,10822.2,20424136,30.6,48
n100k_d128_l2,100000,128,l2,multicluster,0.1000,0.1000,10000,D_large48_standard,large,STANDARD,48,1,96,250,100,0.0636,4022.0,249.83,287.62,330.75,344.71,248.63,2105,2105,2105,0,2105,0,0,255,7,10314.6,39618184,36.1,96
n100k_d128_l2,100000,128,l2,multicluster,0.1000,0.1000,10000,E_large48_acorn1,large,ACORN,48,1,96,250,100,0.9839,3073.4,295.29,489.29,590.12,637.08,325.37,2629,2358,8291,13195,21487,16711,4776,0,100,10314.6,39618184,36.1,96
n100k_d128_l2,100000,128,l2,multicluster,0.1000,0.1000,10000,C_acorn_g4,acorn,ACORN,16,4,16,250,100,0.5753,4007.1,225.83,380.92,410.79,491.08,249.56,1831,1769,5514,3633,9149,8911,237,0,100,12923.4,18532104,24.5,40
n100k_d128_l2,100000,128,l2,multicluster,0.1000,0.1000,10000,C_acorn_g8,acorn,ACORN,16,8,16,250,100,0.7269,4108.4,230.88,336.17,385.79,447.96,243.41,1752,1688,5652,3744,9397,8954,443,0,100,20867.5,20264200,24.6,40
n100k_d128_l2,100000,128,l2,multicluster,0.1000,0.1000,10000,C_acorn_g16,acorn,ACORN,16,16,16,250,100,0.7585,4209.0,225.33,339.83,387.88,410.08,237.58,1624,1558,5753,3551,9305,8831,473,0,100,39343.5,23728392,24.6,40
n100k_d128_l2,100000,128,l2,multicluster,0.1000,0.1000,10000,C_acorn_g32,acorn,ACORN,16,32,16,250,100,0.6310,4022.3,220.88,394.08,550.33,554.92,248.61,1842,1789,5657,3735,9393,9026,367,0,100,101521.7,30656776,24.6,40
n100k_d128_l2,100000,128,l2,multicluster,0.1000,0.1000,10000,A_std_standard,std,STANDARD,16,1,32,500,100,0.0636,2174.4,457.88,541.29,615.54,617.83,459.89,2042,2042,2042,0,2042,0,0,508,7,11604.8,14033032,24.6,32
n100k_d128_l2,100000,128,l2,multicluster,0.1000,0.1000,10000,B_std_acorn1,std,ACORN,16,1,32,500,100,0.8336,1986.5,467.54,682.50,1016.46,1137.33,503.40,2322,2226,10317,7582,17901,17073,827,0,100,11604.8,14033032,24.6,32
n100k_d128_l2,100000,128,l2,multicluster,0.1000,0.1000,10000,D_large24_standard,large,STANDARD,24,1,48,500,100,0.0625,2124.6,470.33,545.42,600.71,650.92,470.68,2079,2079,2079,0,2079,0,0,507,6,10822.2,20424136,30.6,48
n100k_d128_l2,100000,128,l2,multicluster,0.1000,0.1000,10000,E_large24_acorn1,large,ACORN,24,1,48,500,100,0.9409,1839.6,524.71,721.54,918.50,1078.54,543.61,2495,2386,13774,9360,23135,21937,1198,0,100,10822.2,20424136,30.6,48
n100k_d128_l2,100000,128,l2,multicluster,0.1000,0.1000,10000,D_large48_standard,large,STANDARD,48,1,96,500,100,0.0663,2104.0,476.79,544.92,586.04,646.04,475.29,2168,2168,2168,0,2168,0,0,505,8,10314.6,39618184,36.1,96
n100k_d128_l2,100000,128,l2,multicluster,0.1000,0.1000,10000,E_large48_acorn1,large,ACORN,48,1,96,500,100,0.9947,1723.2,556.62,754.92,863.25,1028.50,580.32,2870,2599,17267,16448,33717,27287,6430,0,100,10314.6,39618184,36.1,96
n100k_d128_l2,100000,128,l2,multicluster,0.1000,0.1000,10000,C_acorn_g4,acorn,ACORN,16,4,16,500,100,0.6427,2005.7,453.04,663.67,935.21,1052.92,498.58,2150,2088,11517,6047,17565,17190,375,0,100,12923.4,18532104,24.5,40
n100k_d128_l2,100000,128,l2,multicluster,0.1000,0.1000,10000,C_acorn_g8,acorn,ACORN,16,8,16,500,100,0.8020,1973.9,470.33,716.12,1202.46,1213.71,506.62,2077,2012,11845,6249,18096,17439,656,0,100,20867.5,20264200,24.6,40
n100k_d128_l2,100000,128,l2,multicluster,0.1000,0.1000,10000,C_acorn_g16,acorn,ACORN,16,16,16,500,100,0.8094,2136.1,454.62,604.83,685.79,733.21,468.14,1845,1779,11719,5742,17462,16795,667,0,100,39343.5,23728392,24.6,40
n100k_d128_l2,100000,128,l2,multicluster,0.1000,0.1000,10000,C_acorn_g32,acorn,ACORN,16,32,16,500,100,0.7326,1837.2,473.08,999.67,1259.79,1532.42,544.32,2388,2335,12373,6590,18964,18378,586,0,100,101521.7,30656776,24.6,40
n100k_d128_l2,100000,128,l2,multicluster,0.0500,0.0500,5000,F_exact,exact,EXACT,16,0,0,0,10,1.0000,2124.7,454.71,585.38,625.25,699.33,470.66,5000,0,0,0,100000,0,0,0,10,0.0,0,0.0,0
n100k_d128_l2,100000,128,l2,multicluster,0.0500,0.0500,5000,A_std_standard,std,STANDARD,16,1,32,50,10,0.0990,14760.4,68.29,78.92,85.88,86.00,67.75,1035,1035,1035,0,1035,0,0,59,1,11604.8,14033032,24.6,32
n100k_d128_l2,100000,128,l2,multicluster,0.0500,0.0500,5000,B_std_acorn1,std,ACORN,16,1,32,50,10,0.0000,302425.5,3.29,3.46,3.58,3.88,3.31,1,1,36,581,618,0,618,0,0,11604.8,14033032,24.6,32
n100k_d128_l2,100000,128,l2,multicluster,0.0500,0.0500,5000,D_large24_standard,large,STANDARD,24,1,48,50,10,0.1010,12617.1,79.04,98.50,119.58,172.67,79.26,1218,1218,1218,0,1218,0,0,57,1,10822.2,20424136,30.6,48
n100k_d128_l2,100000,128,l2,multicluster,0.0500,0.0500,5000,E_large24_acorn1,large,ACORN,24,1,48,50,10,0.5070,8899.0,105.00,167.29,194.62,217.62,112.37,1026,937,795,7994,8791,4986,3805,0,10,10822.2,20424136,30.6,48
n100k_d128_l2,100000,128,l2,multicluster,0.0500,0.0500,5000,D_large48_standard,large,STANDARD,48,1,96,50,10,0.1060,11539.2,87.33,105.17,119.79,127.33,86.66,1438,1438,1438,0,1438,0,0,56,1,10314.6,39618184,36.1,96
n100k_d128_l2,100000,128,l2,multicluster,0.0500,0.0500,5000,E_large48_acorn1,large,ACORN,48,1,96,50,10,0.8370,5281.2,180.21,259.83,329.46,333.04,189.35,1244,995,1562,20165,21729,11538,10190,0,10,10314.6,39618184,36.1,96
n100k_d128_l2,100000,128,l2,multicluster,0.0500,0.0500,5000,C_acorn_g4,acorn,ACORN,16,4,16,50,10,0.0000,296918.3,3.33,3.75,3.83,4.00,3.37,1,1,179,447,627,0,627,0,0,12923.4,18532104,24.5,40
n100k_d128_l2,100000,128,l2,multicluster,0.0500,0.0500,5000,C_acorn_g8,acorn,ACORN,16,8,16,50,10,0.5040,17073.0,54.88,85.46,137.04,177.08,58.57,635,599,1584,1867,3453,2204,1248,0,10,20867.5,20264200,24.6,40
n100k_d128_l2,100000,128,l2,multicluster,0.0500,0.0500,5000,C_acorn_g16,acorn,ACORN,16,16,16,50,10,0.6530,17259.1,56.88,77.25,93.50,121.00,57.94,646,597,1794,1883,3678,2195,1483,0,10,39343.5,23728392,24.6,40
n100k_d128_l2,100000,128,l2,multicluster,0.0500,0.0500,5000,C_acorn_g32,acorn,ACORN,16,32,16,50,10,0.5970,19722.4,55.29,77.58,98.04,102.79,50.70,594,536,1852,1637,3490,1881,1609,0,10,101521.7,30656776,24.6,40
n100k_d128_l2,100000,128,l2,multicluster,0.0500,0.0500,5000,A_std_standard,std,STANDARD,16,1,32,100,10,0.1070,8375.5,120.71,143.79,170.67,244.25,119.40,1455,1455,1455,0,1455,0,0,108,1,11604.8,14033032,24.6,32
n100k_d128_l2,100000,128,l2,multicluster,0.0500,0.0500,5000,B_std_acorn1,std,ACORN,16,1,32,100,10,0.0000,364140.9,2.71,2.96,3.00,3.50,2.75,1,1,36,581,618,0,618,0,0,11604.8,14033032,24.6,32
n100k_d128_l2,100000,128,l2,multicluster,0.0500,0.0500,5000,D_large24_standard,large,STANDARD,24,1,48,100,10,0.1080,7965.6,128.71,142.08,150.46,276.33,125.54,1638,1638,1638,0,1638,0,0,107,1,10822.2,20424136,30.6,48
n100k_d128_l2,100000,128,l2,multicluster,0.0500,0.0500,5000,E_large24_acorn1,large,ACORN,24,1,48,100,10,0.5230,4208.1,226.88,317.54,377.38,424.08,237.64,1087,999,2503,24102,26607,16099,10507,0,10,10822.2,20424136,30.6,48
n100k_d128_l2,100000,128,l2,multicluster,0.0500,0.0500,5000,D_large48_standard,large,STANDARD,48,1,96,100,10,0.1090,7480.3,136.08,155.38,181.71,190.25,133.68,1819,1819,1819,0,1819,0,0,106,1,10314.6,39618184,36.1,96
n100k_d128_l2,100000,128,l2,multicluster,0.0500,0.0500,5000,E_large48_acorn1,large,ACORN,48,1,96,100,10,0.8620,2552.1,366.17,511.50,705.75,780.75,391.83,1288,1039,3902,46261,50165,29083,21081,0,10,10314.6,39618184,36.1,96
n100k_d128_l2,100000,128,l2,multicluster,0.0500,0.0500,5000,C_acorn_g4,acorn,ACORN,16,4,16,100,10,0.0000,328229.4,3.00,3.46,3.62,4.08,3.05,1,1,179,447,627,0,627,0,0,12923.4,18532104,24.5,40
n100k_d128_l2,100000,128,l2,multicluster,0.0500,0.0500,5000,C_acorn_g8,acorn,ACORN,16,8,16,100,10,0.5680,10661.7,94.83,136.17,162.83,171.08,93.79,790,755,2632,3526,6160,4192,1967,0,10,20867.5,20264200,24.6,40
n100k_d128_l2,100000,128,l2,multicluster,0.0500,0.0500,5000,C_acorn_g16,acorn,ACORN,16,16,16,100,10,0.7410,10565.0,95.33,142.38,177.62,204.00,94.65,809,761,2786,3202,5990,3909,2080,0,10,39343.5,23728392,24.6,40
n100k_d128_l2,100000,128,l2,multicluster,0.0500,0.0500,5000,C_acorn_g32,acorn,ACORN,16,32,16,100,10,0.6700,11183.2,96.04,142.62,198.50,282.29,89.42,737,678,2729,2817,5547,3424,2122,0,10,101521.7,30656776,24.6,40
n100k_d128_l2,100000,128,l2,multicluster,0.0500,0.0500,5000,A_std_standard,std,STANDARD,16,1,32,250,10,0.1090,4321.8,236.62,266.79,310.04,326.46,231.38,1904,1904,1904,0,1904,0,0,258,1,11604.8,14033032,24.6,32
n100k_d128_l2,100000,128,l2,multicluster,0.0500,0.0500,5000,B_std_acorn1,std,ACORN,16,1,32,250,10,0.0000,349658.9,2.17,3.67,10.92,19.21,2.86,1,1,36,581,618,0,618,0,0,11604.8,14033032,24.6,32
n100k_d128_l2,100000,128,l2,multicluster,0.0500,0.0500,5000,D_large24_standard,large,STANDARD,24,1,48,250,10,0.1100,4078.0,246.58,287.33,400.21,414.54,245.22,2001,2001,2001,0,2001,0,0,257,1,10822.2,20424136,30.6,48
n100k_d128_l2,100000,128,l2,multicluster,0.0500,0.0500,5000,E_large24_acorn1,large,ACORN,24,1,48,250,10,0.5330,1511.6,630.00,824.83,1136.25,1235.04,661.57,1108,1020,8096,76680,84777,52453,32324,0,10,10822.2,20424136,30.6,48
n100k_d128_l2,100000,128,l2,multicluster,0.0500,0.0500,5000,D_large48_standard,large,STANDARD,48,1,96,250,10,0.1110,3978.1,254.83,291.46,348.17,405.92,251.38,2105,2105,2105,0,2105,0,0,255,1,10314.6,39618184,36.1,96
n100k_d128_l2,100000,128,l2,multicluster,0.0500,0.0500,5000,E_large48_acorn1,large,ACORN,48,1,96,250,10,0.9330,992.8,947.33,1382.33,1690.42,1830.33,1007.28,1431,1182,11179,127578,138758,83840,54917,0,10,10314.6,39618184,36.1,96
n100k_d128_l2,100000,128,l2,multicluster,0.0500,0.0500,5000,C_acorn_g4,acorn,ACORN,16,4,16,250,10,0.0000,337309.1,2.92,3.29,3.54,3.83,2.96,1,1,179,447,627,0,627,0,0,12923.4,18532104,24.5,40
n100k_d128_l2,100000,128,l2,multicluster,0.0500,0.0500,5000,C_acorn_g8,acorn,ACORN,16,8,16,250,10,0.5950,4315.0,242.96,347.42,455.92,483.75,231.75,878,843,5867,12775,18644,13676,4967,0,10,20867.5,20264200,24.6,40
n100k_d128_l2,100000,128,l2,multicluster,0.0500,0.0500,5000,C_acorn_g16,acorn,ACORN,16,16,16,250,10,0.7630,4213.1,249.67,386.21,438.04,442.21,237.36,903,854,6063,12439,18503,13407,5096,0,10,39343.5,23728392,24.6,40
n100k_d128_l2,100000,128,l2,multicluster,0.0500,0.0500,5000,C_acorn_g32,acorn,ACORN,16,32,16,250,10,0.6960,4575.1,249.58,377.79,413.71,564.00,218.58,821,763,5678,11176,16856,12051,4805,0,10,101521.7,30656776,24.6,40
n100k_d128_l2,100000,128,l2,multicluster,0.0500,0.0500,5000,A_std_standard,std,STANDARD,16,1,32,500,10,0.1100,2159.3,465.25,549.21,623.96,668.08,463.11,2042,2042,2042,0,2042,0,0,508,1,11604.8,14033032,24.6,32
n100k_d128_l2,100000,128,l2,multicluster,0.0500,0.0500,5000,B_std_acorn1,std,ACORN,16,1,32,500,10,0.0000,256081.3,3.96,4.08,4.12,4.54,3.91,1,1,36,581,618,0,618,0,0,11604.8,14033032,24.6,32
n100k_d128_l2,100000,128,l2,multicluster,0.0500,0.0500,5000,D_large24_standard,large,STANDARD,24,1,48,500,10,0.1110,2144.0,467.17,531.04,634.42,644.88,466.42,2079,2079,2079,0,2079,0,0,507,1,10822.2,20424136,30.6,48
n100k_d128_l2,100000,128,l2,multicluster,0.0500,0.0500,5000,E_large24_acorn1,large,ACORN,24,1,48,500,10,0.5330,704.8,1371.17,1727.75,2179.50,2520.75,1418.78,1138,1050,17474,164946,182421,113452,68969,0,10,10822.2,20424136,30.6,48
n100k_d128_l2,100000,128,l2,multicluster,0.0500,0.0500,5000,D_large48_standard,large,STANDARD,48,1,96,500,10,0.1110,2082.6,481.67,551.67,651.54,688.83,480.18,2168,2168,2168,0,2168,0,0,505,1,10314.6,39618184,36.1,96
n100k_d128_l2,100000,128,l2,multicluster,0.0500,0.0500,5000,E_large48_acorn1,large,ACORN,48,1,96,500,10,0.9720,483.9,1969.75,2731.75,3405.96,4146.38,2066.60,1560,1311,22991,260008,283001,173134,109867,0,10,10314.6,39618184,36.1,96
n100k_d128_l2,100000,128,l2,multicluster,0.0500,0.0500,5000,C_acorn_g4,acorn,ACORN,16,4,16,500,10,0.0000,316415.6,3.17,3.50,3.71,3.83,3.16,1,1,179,447,627,0,627,0,0,12923.4,18532104,24.5,40
n100k_d128_l2,100000,128,l2,multicluster,0.0500,0.0500,5000,C_acorn_g8,acorn,ACORN,16,8,16,500,10,0.5950,1928.5,564.38,748.62,786.79,826.83,518.53,880,844,11467,33653,45122,33967,11155,0,10,20867.5,20264200,24.6,40
n100k_d128_l2,100000,128,l2,multicluster,0.0500,0.0500,5000,C_acorn_g16,acorn,ACORN,16,16,16,500,10,0.7630,1873.5,580.29,747.08,836.08,847.29,533.77,905,857,11758,33561,45320,33859,11461,0,10,39343.5,23728392,24.6,40
n100k_d128_l2,100000,128,l2,multicluster,0.0500,0.0500,5000,C_acorn_g32,acorn,ACORN,16,32,16,500,10,0.6960,2063.6,578.46,775.83,857.04,873.50,484.59,823,765,10767,30089,40858,30486,10372,0,10,101521.7,30656776,24.6,40
n100k_d128_l2,100000,128,l2,multicluster,0.0500,0.0500,5000,F_exact,exact,EXACT,16,0,0,0,100,1.0000,2094.7,459.54,588.00,655.79,663.12,477.39,5000,0,0,0,100000,0,0,0,100,0.0,0,0.0,0
n100k_d128_l2,100000,128,l2,multicluster,0.0500,0.0500,5000,A_std_standard,std,STANDARD,16,1,32,50,100,0.0945,11815.3,85.12,94.88,107.29,191.42,84.64,1035,1035,1035,0,1035,0,0,59,11,11604.8,14033032,24.6,32
n100k_d128_l2,100000,128,l2,multicluster,0.0500,0.0500,5000,B_std_acorn1,std,ACORN,16,1,32,50,100,0.0000,296990.6,3.38,3.54,4.29,4.29,3.37,1,1,36,581,618,0,618,0,0,11604.8,14033032,24.6,32
n100k_d128_l2,100000,128,l2,multicluster,0.0500,0.0500,5000,D_large24_standard,large,STANDARD,24,1,48,50,100,0.1001,10821.0,92.00,113.42,119.29,149.88,92.41,1218,1218,1218,0,1218,0,0,57,11,10822.2,20424136,30.6,48
n100k_d128_l2,100000,128,l2,multicluster,0.0500,0.0500,5000,E_large24_acorn1,large,ACORN,24,1,48,50,100,0.4877,7653.3,124.12,166.42,199.50,215.79,130.66,1026,937,795,7994,8791,4986,3805,0,100,10822.2,20424136,30.6,48
n100k_d128_l2,100000,128,l2,multicluster,0.0500,0.0500,5000,D_large48_standard,large,STANDARD,48,1,96,50,100,0.1027,9860.7,101.25,122.88,129.88,228.17,101.41,1438,1438,1438,0,1438,0,0,56,11,10314.6,39618184,36.1,96
n100k_d128_l2,100000,128,l2,multicluster,0.0500,0.0500,5000,E_large48_acorn1,large,ACORN,48,1,96,50,100,0.8187,4655.0,204.92,287.71,389.04,392.79,214.82,1244,995,1563,20169,21733,11540,10192,0,100,10314.6,39618184,36.1,96
n100k_d128_l2,100000,128,l2,multicluster,0.0500,0.0500,5000,C_acorn_g4,acorn,ACORN,16,4,16,50,100,0.0000,256378.0,3.42,6.79,29.42,29.54,3.90,1,1,179,447,627,0,627,0,0,12923.4,18532104,24.5,40
n100k_d128_l2,100000,128,l2,multicluster,0.0500,0.0500,5000,C_acorn_g8,acorn,ACORN,16,8,16,50,100,0.4949,14242.7,71.83,89.29,117.46,120.17,70.21,635,599,1584,1867,3453,2204,1248,0,94,20867.5,20264200,24.6,40
n100k_d128_l2,100000,128,l2,multicluster,0.0500,0.0500,5000,C_acorn_g16,acorn,ACORN,16,16,16,50,100,0.6068,13540.7,73.04,103.08,182.71,186.33,73.85,646,597,1794,1883,3678,2195,1483,0,92,39343.5,23728392,24.6,40
n100k_d128_l2,100000,128,l2,multicluster,0.0500,0.0500,5000,C_acorn_g32,acorn,ACORN,16,32,16,50,100,0.5607,14422.6,74.00,116.33,150.62,158.50,69.34,594,536,1852,1637,3490,1881,1609,0,82,101521.7,30656776,24.6,40
n100k_d128_l2,100000,128,l2,multicluster,0.0500,0.0500,5000,A_std_standard,std,STANDARD,16,1,32,100,100,0.1067,8165.7,122.71,149.38,229.04,246.67,122.46,1455,1455,1455,0,1455,0,0,108,11,11604.8,14033032,24.6,32
n100k_d128_l2,100000,128,l2,multicluster,0.0500,0.0500,5000,B_std_acorn1,std,ACORN,16,1,32,100,100,0.0000,364908.9,2.71,3.00,3.17,3.25,2.74,1,1,36,581,618,0,618,0,0,11604.8,14033032,24.6,32
n100k_d128_l2,100000,128,l2,multicluster,0.0500,0.0500,5000,D_large24_standard,large,STANDARD,24,1,48,100,100,0.1089,7675.9,131.88,162.71,175.29,230.42,130.28,1638,1638,1638,0,1638,0,0,107,11,10822.2,20424136,30.6,48
n100k_d128_l2,100000,128,l2,multicluster,0.0500,0.0500,5000,E_large24_acorn1,large,ACORN,24,1,48,100,100,0.5084,3776.5,249.96,352.42,418.38,451.50,264.80,1087,999,2503,24102,26607,16099,10507,0,100,10822.2,20424136,30.6,48
n100k_d128_l2,100000,128,l2,multicluster,0.0500,0.0500,5000,D_large48_standard,large,STANDARD,48,1,96,100,100,0.1091,6541.6,154.67,193.33,236.96,241.42,152.87,1819,1819,1819,0,1819,0,0,106,11,10314.6,39618184,36.1,96
n100k_d128_l2,100000,128,l2,multicluster,0.0500,0.0500,5000,E_large48_acorn1,large,ACORN,48,1,96,100,100,0.8439,2431.7,387.33,562.58,811.75,947.42,411.23,1288,1039,3902,46261,50165,29083,21081,0,100,10314.6,39618184,36.1,96
n100k_d128_l2,100000,128,l2,multicluster,0.0500,0.0500,5000,C_acorn_g4,acorn,ACORN,16,4,16,100,100,0.0000,297033.8,3.29,3.67,3.88,3.92,3.37,1,1,179,447,627,0,627,0,0,12923.4,18532104,24.5,40
n100k_d128_l2,100000,128,l2,multicluster,0.0500,0.0500,5000,C_acorn_g8,acorn,ACORN,16,8,16,100,100,0.5694,9408.3,107.54,146.54,191.29,343.71,106.29,790,755,2632,3526,6160,4192,1967,0,94,20867.5,20264200,24.6,40
n100k_d128_l2,100000,128,l2,multicluster,0.0500,0.0500,5000,C_acorn_g16,acorn,ACORN,16,16,16,100,100,0.7107,9578.2,108.04,154.21,179.58,185.25,104.40,809,761,2786,3202,5990,3909,2080,0,92,39343.5,23728392,24.6,40
n100k_d128_l2,100000,128,l2,multicluster,0.0500,0.0500,5000,C_acorn_g32,acorn,ACORN,16,32,16,100,100,0.6488,10287.5,108.04,151.21,191.12,218.67,97.21,737,678,2729,2817,5547,3424,2122,0,82,101521.7,30656776,24.6,40
n100k_d128_l2,100000,128,l2,multicluster,0.0500,0.0500,5000,A_std_standard,std,STANDARD,16,1,32,250,100,0.1097,4127.0,244.12,277.17,338.33,454.38,242.31,1904,1904,1904,0,1904,0,0,258,11,11604.8,14033032,24.6,32
n100k_d128_l2,100000,128,l2,multicluster,0.0500,0.0500,5000,B_std_acorn1,std,ACORN,16,1,32,250,100,0.0000,306712.7,3.17,3.58,4.25,4.25,3.26,1,1,36,581,618,0,618,0,0,11604.8,14033032,24.6,32
n100k_d128_l2,100000,128,l2,multicluster,0.0500,0.0500,5000,D_large24_standard,large,STANDARD,24,1,48,250,100,0.1104,3985.7,253.42,289.88,325.58,427.46,250.90,2001,2001,2001,0,2001,0,0,257,11,10822.2,20424136,30.6,48
n100k_d128_l2,100000,128,l2,multicluster,0.0500,0.0500,5000,E_large24_acorn1,large,ACORN,24,1,48,250,100,0.5184,1477.2,642.67,847.83,1130.08,1332.92,676.96,1108,1020,8096,76680,84777,52453,32324,0,100,10822.2,20424136,30.6,48
n100k_d128_l2,100000,128,l2,multicluster,0.0500,0.0500,5000,D_large48_standard,large,STANDARD,48,1,96,250,100,0.1111,3871.1,257.21,304.79,416.62,492.83,258.32,2105,2105,2105,0,2105,0,0,255,11,10314.6,39618184,36.1,96
n100k_d128_l2,100000,128,l2,multicluster,0.0500,0.0500,5000,E_large48_acorn1,large,ACORN,48,1,96,250,100,0.9196,956.2,985.46,1549.62,1853.67,2026.79,1045.83,1431,1182,11179,127578,138758,83840,54917,0,100,10314.6,39618184,36.1,96
n100k_d128_l2,100000,128,l2,multicluster,0.0500,0.0500,5000,C_acorn_g4,acorn,ACORN,16,4,16,250,100,0.0000,327952.7,2.92,3.62,3.75,3.88,3.05,1,1,179,447,627,0,627,0,0,12923.4,18532104,24.5,40
n100k_d128_l2,100000,128,l2,multicluster,0.0500,0.0500,5000,C_acorn_g8,acorn,ACORN,16,8,16,250,100,0.5971,3887.0,263.46,409.62,519.67,540.54,257.26,878,843,5867,12775,18644,13676,4967,0,94,20867.5,20264200,24.6,40
n100k_d128_l2,100000,128,l2,multicluster,0.0500,0.0500,5000,C_acorn_g16,acorn,ACORN,16,16,16,250,100,0.7504,3153.8,334.67,507.50,542.17,604.83,317.08,903,854,6063,12439,18503,13407,5096,0,92,39343.5,23728392,24.6,40
n100k_d128_l2,100000,128,l2,multicluster,0.0500,0.0500,5000,C_acorn_g32,acorn,ACORN,16,32,16,250,100,0.6823,3950.5,270.75,491.62,583.54,687.62,253.13,821,763,5678,11176,16856,12051,4805,0,82,101521.7,30656776,24.6,40
n100k_d128_l2,100000,128,l2,multicluster,0.0500,0.0500,5000,A_std_standard,std,STANDARD,16,1,32,500,100,0.1099,2039.9,489.46,567.92,714.83,741.17,490.23,2042,2042,2042,0,2042,0,0,508,11,11604.8,14033032,24.6,32
n100k_d128_l2,100000,128,l2,multicluster,0.0500,0.0500,5000,B_std_acorn1,std,ACORN,16,1,32,500,100,0.0000,279493.6,3.54,3.83,3.96,4.54,3.58,1,1,36,581,618,0,618,0,0,11604.8,14033032,24.6,32
n100k_d128_l2,100000,128,l2,multicluster,0.0500,0.0500,5000,D_large24_standard,large,STANDARD,24,1,48,500,100,0.1108,2105.7,474.42,561.92,618.79,764.79,474.91,2079,2079,2079,0,2079,0,0,507,11,10822.2,20424136,30.6,48
n100k_d128_l2,100000,128,l2,multicluster,0.0500,0.0500,5000,E_large24_acorn1,large,ACORN,24,1,48,500,100,0.5184,696.4,1401.25,1691.12,2292.17,2378.79,1435.96,1138,1050,17474,164946,182421,113452,68969,0,100,10822.2,20424136,30.6,48
n100k_d128_l2,100000,128,l2,multicluster,0.0500,0.0500,5000,D_large48_standard,large,STANDARD,48,1,96,500,100,0.1119,2053.6,484.58,539.92,667.08,685.96,486.96,2168,2168,2168,0,2168,0,0,505,11,10314.6,39618184,36.1,96
n100k_d128_l2,100000,128,l2,multicluster,0.0500,0.0500,5000,E_large48_acorn1,large,ACORN,48,1,96,500,100,0.9595,475.9,1997.75,2775.79,3498.83,3942.00,2101.29,1560,1311,22991,260008,283001,173134,109867,0,100,10314.6,39618184,36.1,96
n100k_d128_l2,100000,128,l2,multicluster,0.0500,0.0500,5000,C_acorn_g4,acorn,ACORN,16,4,16,500,100,0.0000,301019.9,3.29,3.67,3.88,4.00,3.32,1,1,179,447,627,0,627,0,0,12923.4,18532104,24.5,40
n100k_d128_l2,100000,128,l2,multicluster,0.0500,0.0500,5000,C_acorn_g8,acorn,ACORN,16,8,16,500,100,0.5975,1883.5,583.42,755.54,813.42,824.33,530.92,880,844,11467,33653,45122,33967,11155,0,94,20867.5,20264200,24.6,40
n100k_d128_l2,100000,128,l2,multicluster,0.0500,0.0500,5000,C_acorn_g16,acorn,ACORN,16,16,16,500,100,0.7507,1839.1,590.29,785.62,815.71,936.79,543.75,905,857,11758,33561,45320,33859,11461,0,92,39343.5,23728392,24.6,40
n100k_d128_l2,100000,128,l2,multicluster,0.0500,0.0500,5000,C_acorn_g32,acorn,ACORN,16,32,16,500,100,0.6823,2034.8,589.12,774.33,797.67,831.50,491.46,823,765,10767,30089,40858,30486,10372,0,82,101521.7,30656776,24.6,40
n100k_d128_l2,100000,128,l2,multicluster,0.0200,0.0200,2000,F_exact,exact,EXACT,16,0,0,0,10,1.0000,4131.0,234.96,280.62,338.83,341.29,242.07,2000,0,0,0,100000,0,0,0,10,0.0,0,0.0,0
n100k_d128_l2,100000,128,l2,multicluster,0.0200,0.0200,2000,A_std_standard,std,STANDARD,16,1,32,50,10,0.1050,13930.5,73.21,83.58,108.21,117.42,71.78,1035,1035,1035,0,1035,0,0,59,1,11604.8,14033032,24.6,32
n100k_d128_l2,100000,128,l2,multicluster,0.0200,0.0200,2000,B_std_acorn1,std,ACORN,16,1,32,50,10,0.3250,7409.1,129.21,177.04,238.17,260.04,134.97,452,399,1281,19108,20391,6350,14041,0,10,11604.8,14033032,24.6,32
n100k_d128_l2,100000,128,l2,multicluster,0.0200,0.0200,2000,D_large24_standard,large,STANDARD,24,1,48,50,10,0.1060,12505.7,80.17,90.79,150.79,152.12,79.96,1218,1218,1218,0,1218,0,0,57,1,10822.2,20424136,30.6,48
n100k_d128_l2,100000,128,l2,multicluster,0.0200,0.0200,2000,E_large24_acorn1,large,ACORN,24,1,48,50,10,0.3090,4403.9,212.83,324.38,365.92,393.17,227.07,491,400,1755,33974,35731,11302,24428,0,10,10822.2,20424136,30.6,48
n100k_d128_l2,100000,128,l2,multicluster,0.0200,0.0200,2000,D_large48_standard,large,STANDARD,48,1,96,50,10,0.1090,11458.0,88.25,109.12,118.04,153.75,87.27,1438,1438,1438,0,1438,0,0,56,1,10314.6,39618184,36.1,96
n100k_d128_l2,100000,128,l2,multicluster,0.0200,0.0200,2000,E_large48_acorn1,large,ACORN,48,1,96,50,10,0.6950,2102.4,425.17,730.67,826.25,909.71,475.66,648,569,2996,76694,79692,23865,55826,0,10,10314.6,39618184,36.1,96
n100k_d128_l2,100000,128,l2,multicluster,0.0200,0.0200,2000,C_acorn_g4,acorn,ACORN,16,4,16,50,10,0.4030,15841.3,55.29,100.71,133.42,163.29,63.13,480,441,1614,3457,5073,2207,2865,0,10,12923.4,18532104,24.5,40
n100k_d128_l2,100000,128,l2,multicluster,0.0200,0.0200,2000,C_acorn_g8,acorn,ACORN,16,8,16,50,10,0.3240,17763.4,54.29,66.75,81.12,129.38,56.30,423,384,1671,3351,5023,2147,2876,0,10,20867.5,20264200,24.6,40
n100k_d128_l2,100000,128,l2,multicluster,0.0200,0.0200,2000,C_acorn_g16,acorn,ACORN,16,16,16,50,10,0.6440,15347.1,60.92,90.67,108.92,126.04,65.16,424,383,1955,3214,5170,2087,3083,0,10,39343.5,23728392,24.6,40
n100k_d128_l2,100000,128,l2,multicluster,0.0200,0.0200,2000,C_acorn_g32,acorn,ACORN,16,32,16,50,10,0.7580,15594.6,60.67,93.75,107.38,122.50,64.12,417,371,2053,3176,5230,2048,3181,0,10,101521.7,30656776,24.6,40
n100k_d128_l2,100000,128,l2,multicluster,0.0200,0.0200,2000,A_std_standard,std,STANDARD,16,1,32,100,10,0.1100,8490.9,121.46,132.67,164.08,226.21,117.77,1455,1455,1455,0,1455,0,0,108,1,11604.8,14033032,24.6,32
n100k_d128_l2,100000,128,l2,multicluster,0.0200,0.0200,2000,B_std_acorn1,std,ACORN,16,1,32,100,10,0.3250,3651.1,263.79,302.00,465.38,612.21,273.89,452,400,2840,43658,46500,14839,31661,0,10,11604.8,14033032,24.6,32
n100k_d128_l2,100000,128,l2,multicluster,0.0200,0.0200,2000,D_large24_standard,large,STANDARD,24,1,48,100,10,0.1100,7758.1,129.12,152.00,231.04,260.67,128.90,1638,1638,1638,0,1638,0,0,107,1,10822.2,20424136,30.6,48
n100k_d128_l2,100000,128,l2,multicluster,0.0200,0.0200,2000,E_large24_acorn1,large,ACORN,24,1,48,100,10,0.3090,2049.4,445.12,682.96,797.33,814.12,487.96,491,400,3788,74720,78510,25134,53375,0,10,10822.2,20424136,30.6,48
n100k_d128_l2,100000,128,l2,multicluster,0.0200,0.0200,2000,D_large48_standard,large,STANDARD,48,1,96,100,10,0.1110,7356.9,137.67,166.25,183.96,222.08,135.93,1819,1819,1819,0,1819,0,0,106,1,10314.6,39618184,36.1,96
n100k_d128_l2,100000,128,l2,multicluster,0.0200,0.0200,2000,E_large48_acorn1,large,ACORN,48,1,96,100,10,0.7430,1116.4,859.88,1302.00,1529.08,1540.04,895.74,684,604,5822,148952,154775,47270,107504,0,10,10314.6,39618184,36.1,96
n100k_d128_l2,100000,128,l2,multicluster,0.0200,0.0200,2000,C_acorn_g4,acorn,ACORN,16,4,16,100,10,0.4420,7367.7,121.96,222.83,267.46,279.58,135.73,521,482,3039,11004,14044,6580,7464,0,10,12923.4,18532104,24.5,40
n100k_d128_l2,100000,128,l2,multicluster,0.0200,0.0200,2000,C_acorn_g8,acorn,ACORN,16,8,16,100,10,0.3250,8417.9,114.92,133.62,183.12,258.83,118.79,438,399,3060,11340,14401,6675,7726,0,10,20867.5,20264200,24.6,40
n100k_d128_l2,100000,128,l2,multicluster,0.0200,0.0200,2000,C_acorn_g16,acorn,ACORN,16,16,16,100,10,0.6570,7058.2,134.67,193.92,252.42,291.58,141.68,440,399,3312,10838,14152,6403,7748,0,10,39343.5,23728392,24.6,40
n100k_d128_l2,100000,128,l2,multicluster,0.0200,0.0200,2000,C_acorn_g32,acorn,ACORN,16,32,16,100,10,0.7700,7174.4,132.21,210.67,229.04,231.42,139.38,433,387,3377,10629,14007,6298,7709,0,10,101521.7,30656776,24.6,40
n100k_d128_l2,100000,128,l2,multicluster,0.0200,0.0200,2000,A_std_standard,std,STANDARD,16,1,32,250,10,0.1100,4160.7,243.29,278.17,357.33,410.92,240.34,1904,1904,1904,0,1904,0,0,258,1,11604.8,14033032,24.6,32
n100k_d128_l2,100000,128,l2,multicluster,0.0200,0.0200,2000,B_std_acorn1,std,ACORN,16,1,32,250,10,0.3250,1370.0,705.12,923.54,1015.17,1030.92,729.93,452,400,7513,117671,125185,40274,84911,0,10,11604.8,14033032,24.6,32
n100k_d128_l2,100000,128,l2,multicluster,0.0200,0.0200,2000,D_large24_standard,large,STANDARD,24,1,48,250,10,0.1100,4055.9,249.62,281.75,340.62,418.38,246.55,2001,2001,2001,0,2001,0,0,257,1,10822.2,20424136,30.6,48
n100k_d128_l2,100000,128,l2,multicluster,0.0200,0.0200,2000,E_large24_acorn1,large,ACORN,24,1,48,250,10,0.3090,837.1,1151.88,1450.67,1554.38,1578.88,1194.66,491,400,9914,196815,206731,66600,140131,0,10,10822.2,20424136,30.6,48
n100k_d128_l2,100000,128,l2,multicluster,0.0200,0.0200,2000,D_large48_standard,large,STANDARD,48,1,96,250,10,0.1150,3953.7,255.96,294.00,374.21,381.67,252.93,2105,2105,2105,0,2105,0,0,255,1,10314.6,39618184,36.1,96
n100k_d128_l2,100000,128,l2,multicluster,0.0200,0.0200,2000,E_large48_acorn1,large,ACORN,48,1,96,250,10,0.7900,463.7,2099.12,2902.54,3309.79,3620.62,2156.76,737,657,14440,370367,384808,118925,265883,0,10,10314.6,39618184,36.1,96
n100k_d128_l2,100000,128,l2,multicluster,0.0200,0.0200,2000,C_acorn_g4,acorn,ACORN,16,4,16,250,10,0.4420,2737.3,339.79,496.08,567.62,603.71,365.33,552,513,7175,36361,43538,21093,22444,0,10,12923.4,18532104,24.5,40
n100k_d128_l2,100000,128,l2,multicluster,0.0200,0.0200,2000,C_acorn_g8,acorn,ACORN,16,8,16,250,10,0.3250,3016.1,321.62,422.08,489.67,521.08,331.55,439,400,7250,37911,45162,21595,23567,0,10,20867.5,20264200,24.6,40
n100k_d128_l2,100000,128,l2,multicluster,0.0200,0.0200,2000,C_acorn_g16,acorn,ACORN,16,16,16,250,10,0.6570,2563.4,364.29,547.17,563.00,650.54,390.10,440,399,7456,36989,44447,21029,23417,0,10,39343.5,23728392,24.6,40
n100k_d128_l2,100000,128,l2,multicluster,0.0200,0.0200,2000,C_acorn_g32,acorn,ACORN,16,32,16,250,10,0.7700,2630.8,369.17,507.46,552.58,573.38,380.11,433,387,7384,35602,42988,20415,22572,0,10,101521.7,30656776,24.6,40
n100k_d128_l2,100000,128,l2,multicluster,0.0200,0.0200,2000,A_std_standard,std,STANDARD,16,1,32,500,10,0.1110,2139.5,468.58,536.21,664.00,732.75,467.41,2042,2042,2042,0,2042,0,0,508,1,11604.8,14033032,24.6,32
n100k_d128_l2,100000,128,l2,multicluster,0.0200,0.0200,2000,B_std_acorn1,std,ACORN,16,1,32,500,10,0.3250,829.2,1160.54,1431.25,1526.58,1617.58,1205.98,452,400,12167,191335,203504,65544,137959,0,10,11604.8,14033032,24.6,32
n100k_d128_l2,100000,128,l2,multicluster,0.0200,0.0200,2000,D_large24_standard,large,STANDARD,24,1,48,500,10,0.1110,2117.4,473.42,525.62,595.92,607.33,472.27,2079,2079,2079,0,2079,0,0,507,1,10822.2,20424136,30.6,48
n100k_d128_l2,100000,128,l2,multicluster,0.0200,0.0200,2000,E_large24_acorn1,large,ACORN,24,1,48,500,10,0.3090,493.8,1915.67,2796.08,3078.79,3138.00,2025.11,557,466,16546,330178,346725,111662,235063,0,10,10822.2,20424136,30.6,48
n100k_d128_l2,100000,128,l2,multicluster,0.0200,0.0200,2000,D_large48_standard,large,STANDARD,48,1,96,500,10,0.1160,2071.3,481.75,535.58,618.54,755.38,482.79,2168,2168,2168,0,2168,0,0,505,1,10314.6,39618184,36.1,96
n100k_d128_l2,100000,128,l2,multicluster,0.0200,0.0200,2000,E_large48_acorn1,large,ACORN,48,1,96,500,10,0.8720,222.6,4310.62,6634.17,6990.71,7114.54,4492.83,1064,985,29363,751905,781270,242499,538771,0,10,10314.6,39618184,36.1,96
n100k_d128_l2,100000,128,l2,multicluster,0.0200,0.0200,2000,C_acorn_g4,acorn,ACORN,16,4,16,500,10,0.4480,1289.1,754.04,953.62,1133.29,1167.75,775.74,838,799,13764,72871,86636,42281,44354,0,10,12923.4,18532104,24.5,40
n100k_d128_l2,100000,128,l2,multicluster,0.0200,0.0200,2000,C_acorn_g8,acorn,ACORN,16,8,16,500,10,0.3250,1751.8,548.83,716.12,778.21,804.58,570.84,439,400,11435,64261,75697,36411,39286,0,10,20867.5,20264200,24.6,40
n100k_d128_l2,100000,128,l2,multicluster,0.0200,0.0200,2000,C_acorn_g16,acorn,ACORN,16,16,16,500,10,0.6570,1514.9,639.12,828.33,861.17,904.92,660.11,440,399,11623,63572,75196,35882,39314,0,10,39343.5,23728392,24.6,40
n100k_d128_l2,100000,128,l2,multicluster,0.0200,0.0200,2000,C_acorn_g32,acorn,ACORN,16,32,16,500,10,0.7700,1543.7,642.42,824.62,1000.29,1117.08,647.81,433,387,11377,60813,72191,34569,37622,0,10,101521.7,30656776,24.6,40
n100k_d128_l2,100000,128,l2,multicluster,0.0200,0.0200,2000,F_exact,exact,EXACT,16,0,0,0,100,1.0000,4120.5,235.33,289.58,327.75,378.46,242.69,2000,0,0,0,100000,0,0,0,100,0.0,0,0.0,0
n100k_d128_l2,100000,128,l2,multicluster,0.0200,0.0200,2000,A_std_standard,std,STANDARD,16,1,32,50,100,0.0975,11908.0,83.42,97.46,131.08,142.92,83.98,1035,1035,1035,0,1035,0,0,59,11,11604.8,14033032,24.6,32
n100k_d128_l2,100000,128,l2,multicluster,0.0200,0.0200,2000,B_std_acorn1,std,ACORN,16,1,32,50,100,0.3143,6660.2,142.88,179.92,273.75,385.54,150.15,452,399,1281,19108,20391,6350,14041,0,100,11604.8,14033032,24.6,32
n100k_d128_l2,100000,128,l2,multicluster,0.0200,0.0200,2000,D_large24_standard,large,STANDARD,24,1,48,50,100,0.1015,10878.3,91.58,109.42,154.67,156.67,91.93,1218,1218,1218,0,1218,0,0,57,11,10822.2,20424136,30.6,48
n100k_d128_l2,100000,128,l2,multicluster,0.0200,0.0200,2000,E_large24_acorn1,large,ACORN,24,1,48,50,100,0.3129,4021.7,228.54,347.92,389.04,508.29,248.65,491,400,1755,33974,35731,11302,24428,0,100,10822.2,20424136,30.6,48
n100k_d128_l2,100000,128,l2,multicluster,0.0200,0.0200,2000,D_large48_standard,large,STANDARD,48,1,96,50,100,0.1045,10095.9,98.58,122.75,130.75,187.00,99.05,1438,1438,1438,0,1438,0,0,56,11,10314.6,39618184,36.1,96
n100k_d128_l2,100000,128,l2,multicluster,0.0200,0.0200,2000,E_large48_acorn1,large,ACORN,48,1,96,50,100,0.6911,2003.6,459.71,711.21,855.92,861.62,499.11,648,569,2996,76694,79692,23865,55826,0,100,10314.6,39618184,36.1,96
n100k_d128_l2,100000,128,l2,multicluster,0.0200,0.0200,2000,C_acorn_g4,acorn,ACORN,16,4,16,50,100,0.3844,12756.5,68.71,122.54,146.83,169.50,78.39,480,441,1615,3460,5076,2209,2867,0,100,12923.4,18532104,24.5,40
n100k_d128_l2,100000,128,l2,multicluster,0.0200,0.0200,2000,C_acorn_g8,acorn,ACORN,16,8,16,50,100,0.3084,14630.4,66.38,79.46,109.12,113.96,68.35,423,384,1671,3351,5023,2147,2876,0,100,20867.5,20264200,24.6,40
n100k_d128_l2,100000,128,l2,multicluster,0.0200,0.0200,2000,C_acorn_g16,acorn,ACORN,16,16,16,50,100,0.6376,12741.9,73.46,106.88,122.79,125.04,78.48,424,383,1955,3214,5170,2087,3083,0,100,39343.5,23728392,24.6,40
n100k_d128_l2,100000,128,l2,multicluster,0.0200,0.0200,2000,C_acorn_g32,acorn,ACORN,16,32,16,50,100,0.7565,12676.6,74.96,102.33,124.79,177.54,78.89,417,371,2053,3176,5230,2048,3181,0,97,101521.7,30656776,24.6,40
n100k_d128_l2,100000,128,l2,multicluster,0.0200,0.0200,2000,A_std_standard,std,STANDARD,16,1,32,100,100,0.1078,8056.2,125.00,147.17,229.79,235.83,124.13,1455,1455,1455,0,1455,0,0,108,11,11604.8,14033032,24.6,32
n100k_d128_l2,100000,128,l2,multicluster,0.0200,0.0200,2000,B_std_acorn1,std,ACORN,16,1,32,100,100,0.3143,3511.6,277.33,340.67,414.17,469.88,284.77,452,400,2840,43658,46500,14839,31661,0,100,11604.8,14033032,24.6,32
n100k_d128_l2,100000,128,l2,multicluster,0.0200,0.0200,2000,D_large24_standard,large,STANDARD,24,1,48,100,100,0.1086,7603.4,130.12,161.33,241.21,260.04,131.52,1638,1638,1638,0,1638,0,0,107,11,10822.2,20424136,30.6,48
n100k_d128_l2,100000,128,l2,multicluster,0.0200,0.0200,2000,E_large24_acorn1,large,ACORN,24,1,48,100,100,0.3129,2054.5,454.46,651.75,757.38,792.83,486.74,491,400,3788,74720,78510,25134,53375,0,100,10822.2,20424136,30.6,48
n100k_d128_l2,100000,128,l2,multicluster,0.0200,0.0200,2000,D_large48_standard,large,STANDARD,48,1,96,100,100,0.1100,7278.0,138.62,164.96,221.33,229.46,137.40,1819,1819,1819,0,1819,0,0,106,11,10314.6,39618184,36.1,96
n100k_d128_l2,100000,128,l2,multicluster,0.0200,0.0200,2000,E_large48_acorn1,large,ACORN,48,1,96,100,100,0.7335,1099.4,893.46,1236.29,1475.21,1525.04,909.60,684,604,5822,148952,154775,47270,107504,0,100,10314.6,39618184,36.1,96
n100k_d128_l2,100000,128,l2,multicluster,0.0200,0.0200,2000,C_acorn_g4,acorn,ACORN,16,4,16,100,100,0.4192,6906.6,128.71,230.96,261.33,333.08,144.79,521,482,3039,11004,14044,6580,7464,0,100,12923.4,18532104,24.5,40
n100k_d128_l2,100000,128,l2,multicluster,0.0200,0.0200,2000,C_acorn_g8,acorn,ACORN,16,8,16,100,100,0.3142,7912.6,122.58,158.83,193.12,247.88,126.38,438,399,3060,11340,14401,6675,7726,0,100,20867.5,20264200,24.6,40
n100k_d128_l2,100000,128,l2,multicluster,0.0200,0.0200,2000,C_acorn_g16,acorn,ACORN,16,16,16,100,100,0.6526,6842.5,139.08,192.12,281.88,287.71,146.14,440,399,3312,10838,14152,6403,7748,0,100,39343.5,23728392,24.6,40
n100k_d128_l2,100000,128,l2,multicluster,0.0200,0.0200,2000,C_acorn_g32,acorn,ACORN,16,32,16,100,100,0.7747,6586.6,139.50,208.42,324.58,486.17,151.82,433,387,3377,10629,14007,6298,7709,0,97,101521.7,30656776,24.6,40
n100k_d128_l2,100000,128,l2,multicluster,0.0200,0.0200,2000,A_std_standard,std,STANDARD,16,1,32,250,100,0.1102,4034.3,249.38,279.58,413.62,567.12,247.88,1904,1904,1904,0,1904,0,0,258,11,11604.8,14033032,24.6,32
n100k_d128_l2,100000,128,l2,multicluster,0.0200,0.0200,2000,B_std_acorn1,std,ACORN,16,1,32,250,100,0.3143,1262.0,741.33,1015.04,1250.79,2338.25,792.38,452,400,7513,117671,125185,40274,84911,0,100,11604.8,14033032,24.6,32
n100k_d128_l2,100000,128,l2,multicluster,0.0200,0.0200,2000,D_large24_standard,large,STANDARD,24,1,48,250,100,0.1102,4145.8,244.67,272.21,280.38,310.42,241.21,2001,2001,2001,0,2001,0,0,257,11,10822.2,20424136,30.6,48
n100k_d128_l2,100000,128,l2,multicluster,0.0200,0.0200,2000,E_large24_acorn1,large,ACORN,24,1,48,250,100,0.3129,850.3,1150.12,1328.46,1454.54,1538.17,1176.04,491,400,9914,196815,206731,66600,140131,0,100,10822.2,20424136,30.6,48
n100k_d128_l2,100000,128,l2,multicluster,0.0200,0.0200,2000,D_large48_standard,large,STANDARD,48,1,96,250,100,0.1114,4056.3,251.17,275.38,277.46,282.79,246.53,2105,2105,2105,0,2105,0,0,255,11,10314.6,39618184,36.1,96
n100k_d128_l2,100000,128,l2,multicluster,0.0200,0.0200,2000,E_large48_acorn1,large,ACORN,48,1,96,250,100,0.7850,482.9,1998.96,2649.04,3364.33,3433.21,2070.65,737,657,14440,370367,384808,118925,265883,0,100,10314.6,39618184,36.1,96
n100k_d128_l2,100000,128,l2,multicluster,0.0200,0.0200,2000,C_acorn_g4,acorn,ACORN,16,4,16,250,100,0.4210,2755.8,347.96,467.96,489.25,509.79,362.87,552,513,7175,36361,43538,21093,22444,0,100,12923.4,18532104,24.5,40
n100k_d128_l2,100000,128,l2,multicluster,0.0200,0.0200,2000,C_acorn_g8,acorn,ACORN,16,8,16,250,100,0.3143,3038.5,324.62,376.62,432.58,444.08,329.11,439,400,7250,37911,45162,21595,23567,0,100,20867.5,20264200,24.6,40
n100k_d128_l2,100000,128,l2,multicluster,0.0200,0.0200,2000,C_acorn_g16,acorn,ACORN,16,16,16,250,100,0.6528,2642.9,369.33,456.92,555.75,567.67,378.37,440,399,7456,36989,44447,21029,23417,0,100,39343.5,23728392,24.6,40
n100k_d128_l2,100000,128,l2,multicluster,0.0200,0.0200,2000,C_acorn_g32,acorn,ACORN,16,32,16,250,100,0.7752,2684.4,371.54,450.25,548.33,580.88,372.53,433,387,7384,35602,42988,20415,22572,0,97,101521.7,30656776,24.6,40
n100k_d128_l2,100000,128,l2,multicluster,0.0200,0.0200,2000,A_std_standard,std,STANDARD,16,1,32,500,100,0.1104,2243.0,453.42,489.75,504.92,507.33,445.83,2042,2042,2042,0,2042,0,0,508,11,11604.8,14033032,24.6,32
n100k_d128_l2,100000,128,l2,multicluster,0.0200,0.0200,2000,B_std_acorn1,std,ACORN,16,1,32,500,100,0.3143,841.6,1182.25,1226.88,1291.38,1305.79,1188.27,452,400,12167,191335,203504,65544,137959,0,100,11604.8,14033032,24.6,32
n100k_d128_l2,100000,128,l2,multicluster,0.0200,0.0200,2000,D_large24_standard,large,STANDARD,24,1,48,500,100,0.1106,2201.6,461.58,496.21,501.58,514.21,454.22,2079,2079,2079,0,2079,0,0,507,11,10822.2,20424136,30.6,48
n100k_d128_l2,100000,128,l2,multicluster,0.0200,0.0200,2000,E_large24_acorn1,large,ACORN,24,1,48,500,100,0.3129,514.5,1825.71,2588.33,2695.25,2710.71,1943.73,557,466,16546,330178,346725,111662,235063,0,100,10822.2,20424136,30.6,48
n100k_d128_l2,100000,128,l2,multicluster,0.0200,0.0200,2000,D_large48_standard,large,STANDARD,48,1,96,500,100,0.1124,2064.7,483.54,535.12,650.33,650.83,484.33,2168,2168,2168,0,2168,0,0,505,11,10314.6,39618184,36.1,96
n100k_d128_l2,100000,128,l2,multicluster,0.0200,0.0200,2000,E_large48_acorn1,large,ACORN,48,1,96,500,100,0.8682,234.8,4027.88,6357.00,6697.00,6763.92,4258.59,1064,985,29363,751905,781270,242499,538771,0,100,10314.6,39618184,36.1,96
n100k_d128_l2,100000,128,l2,multicluster,0.0200,0.0200,2000,C_acorn_g4,acorn,ACORN,16,4,16,500,100,0.4274,1309.9,752.92,836.58,877.12,906.25,763.39,838,799,13764,72871,86636,42281,44354,0,100,12923.4,18532104,24.5,40
n100k_d128_l2,100000,128,l2,multicluster,0.0200,0.0200,2000,C_acorn_g8,acorn,ACORN,16,8,16,500,100,0.3143,1766.2,556.17,628.83,684.62,688.25,566.20,439,400,11435,64261,75697,36411,39286,0,100,20867.5,20264200,24.6,40
n100k_d128_l2,100000,128,l2,multicluster,0.0200,0.0200,2000,C_acorn_g16,acorn,ACORN,16,16,16,500,100,0.6528,1570.3,631.50,746.29,832.04,854.29,636.83,440,399,11623,63572,75196,35882,39314,0,100,39343.5,23728392,24.6,40
n100k_d128_l2,100000,128,l2,multicluster,0.0200,0.0200,2000,C_acorn_g32,acorn,ACORN,16,32,16,500,100,0.7752,1608.7,630.17,755.96,829.25,879.17,621.62,433,387,11377,60813,72191,34569,37622,0,97,101521.7,30656776,24.6,40
n100k_d128_l2,100000,128,l2,multicluster,0.0100,0.0100,1000,F_exact,exact,EXACT,16,0,0,0,10,1.0000,5908.1,167.29,179.79,191.42,210.08,169.26,1000,0,0,0,100000,0,0,0,10,0.0,0,0.0,0
n100k_d128_l2,100000,128,l2,multicluster,0.0100,0.0100,1000,A_std_standard,std,STANDARD,16,1,32,50,10,0.1160,14129.3,71.62,81.50,85.62,97.21,70.78,1035,1035,1035,0,1035,0,0,59,1,11604.8,14033032,24.6,32
n100k_d128_l2,100000,128,l2,multicluster,0.0100,0.0100,1000,B_std_acorn1,std,ACORN,16,1,32,50,10,0.2480,7287.5,135.25,148.25,172.25,206.75,137.22,241,200,1487,28892,30380,5861,24519,0,10,11604.8,14033032,24.6,32
n100k_d128_l2,100000,128,l2,multicluster,0.0100,0.0100,1000,D_large24_standard,large,STANDARD,24,1,48,50,10,0.1160,12805.0,80.67,89.54,96.04,103.04,78.09,1218,1218,1218,0,1218,0,0,57,1,10822.2,20424136,30.6,48
n100k_d128_l2,100000,128,l2,multicluster,0.0100,0.0100,1000,E_large24_acorn1,large,ACORN,24,1,48,50,10,0.0000,252205.5,3.96,4.04,4.08,4.58,3.97,1,1,65,1412,1478,0,1478,0,0,10822.2,20424136,30.6,48
n100k_d128_l2,100000,128,l2,multicluster,0.0100,0.0100,1000,D_large48_standard,large,STANDARD,48,1,96,50,10,0.1200,11432.4,88.88,99.71,111.12,113.83,87.47,1438,1438,1438,0,1438,0,0,56,1,10314.6,39618184,36.1,96
n100k_d128_l2,100000,128,l2,multicluster,0.0100,0.0100,1000,E_large48_acorn1,large,ACORN,48,1,96,50,10,0.4570,2244.7,424.50,560.17,851.17,863.67,445.49,371,214,3235,102749,105985,19561,86423,0,10,10314.6,39618184,36.1,96
n100k_d128_l2,100000,128,l2,multicluster,0.0100,0.0100,1000,C_acorn_g4,acorn,ACORN,16,4,16,50,10,0.2480,17044.7,56.67,71.17,95.92,114.00,58.67,222,199,1589,7349,8939,2781,6158,0,10,12923.4,18532104,24.5,40
n100k_d128_l2,100000,128,l2,multicluster,0.0100,0.0100,1000,C_acorn_g8,acorn,ACORN,16,8,16,50,10,0.2480,17065.0,58.29,66.83,74.00,77.21,58.60,228,199,1771,7591,9364,2875,6488,0,10,20867.5,20264200,24.6,40
n100k_d128_l2,100000,128,l2,multicluster,0.0100,0.0100,1000,C_acorn_g16,acorn,ACORN,16,16,16,50,10,0.0660,19205.4,50.62,63.54,84.12,96.33,52.07,69,59,2363,10095,12459,3320,9139,0,10,39343.5,23728392,24.6,40
n100k_d128_l2,100000,128,l2,multicluster,0.0100,0.0100,1000,C_acorn_g32,acorn,ACORN,16,32,16,50,10,0.4510,16161.4,60.12,74.38,81.67,107.58,61.88,207,184,3118,6854,9973,2696,7277,0,10,101521.7,30656776,24.6,40
n100k_d128_l2,100000,128,l2,multicluster,0.0100,0.0100,1000,A_std_standard,std,STANDARD,16,1,32,100,10,0.1200,8474.8,120.62,133.62,139.79,145.71,118.00,1455,1455,1455,0,1455,0,0,108,1,11604.8,14033032,24.6,32
n100k_d128_l2,100000,128,l2,multicluster,0.0100,0.0100,1000,B_std_acorn1,std,ACORN,16,1,32,100,10,0.2480,3652.7,270.88,287.79,309.75,364.96,273.77,241,200,3073,60700,63774,12415,51359,0,10,11604.8,14033032,24.6,32
n100k_d128_l2,100000,128,l2,multicluster,0.0100,0.0100,1000,D_large24_standard,large,STANDARD,24,1,48,100,10,0.1200,7918.7,128.83,145.04,155.83,157.29,126.28,1638,1638,1638,0,1638,0,0,107,1,10822.2,20424136,30.6,48
n100k_d128_l2,100000,128,l2,multicluster,0.0100,0.0100,1000,E_large24_acorn1,large,ACORN,24,1,48,100,10,0.0000,221770.8,4.50,4.75,4.79,5.25,4.51,1,1,65,1412,1478,0,1478,0,0,10822.2,20424136,30.6,48
n100k_d128_l2,100000,128,l2,multicluster,0.0100,0.0100,1000,D_large48_standard,large,STANDARD,48,1,96,100,10,0.1220,7485.7,137.17,150.29,153.04,154.88,133.59,1819,1819,1819,0,1819,0,0,106,1,10314.6,39618184,36.1,96
n100k_d128_l2,100000,128,l2,multicluster,0.0100,0.0100,1000,E_large48_acorn1,large,ACORN,48,1,96,100,10,0.4870,1168.9,820.04,1144.29,1473.04,1653.67,855.54,381,224,6419,203926,210346,39509,170836,0,10,10314.6,39618184,36.1,96
n100k_d128_l2,100000,128,l2,multicluster,0.0100,0.0100,1000,C_acorn_g4,acorn,ACORN,16,4,16,100,10,0.2480,8386.8,117.54,132.17,157.50,189.08,119.24,223,200,3003,18118,21123,6811,14311,0,10,12923.4,18532104,24.5,40
n100k_d128_l2,100000,128,l2,multicluster,0.0100,0.0100,1000,C_acorn_g8,acorn,ACORN,16,8,16,100,10,0.2480,8123.1,120.25,137.12,173.58,197.00,123.11,228,200,3189,18458,21649,6880,14768,0,10,20867.5,20264200,24.6,40
n100k_d128_l2,100000,128,l2,multicluster,0.0100,0.0100,1000,C_acorn_g16,acorn,ACORN,16,16,16,100,10,0.0660,17752.4,55.75,60.92,69.62,79.58,56.33,69,59,2608,11934,14544,3932,10611,0,10,39343.5,23728392,24.6,40
n100k_d128_l2,100000,128,l2,multicluster,0.0100,0.0100,1000,C_acorn_g32,acorn,ACORN,16,32,16,100,10,0.4510,8170.3,121.17,139.29,143.46,170.50,122.39,208,184,4491,16458,20951,6379,14571,0,10,101521.7,30656776,24.6,40
n100k_d128_l2,100000,128,l2,multicluster,0.0100,0.0100,1000,A_std_standard,std,STANDARD,16,1,32,250,10,0.1200,4304.4,237.75,261.21,273.79,281.50,232.32,1904,1904,1904,0,1904,0,0,258,1,11604.8,14033032,24.6,32
n100k_d128_l2,100000,128,l2,multicluster,0.0100,0.0100,1000,B_std_acorn1,std,ACORN,16,1,32,250,10,0.2480,1758.9,558.21,633.71,647.38,659.58,568.54,241,200,6250,125068,131320,25620,105700,0,10,11604.8,14033032,24.6,32
n100k_d128_l2,100000,128,l2,multicluster,0.0100,0.0100,1000,D_large24_standard,large,STANDARD,24,1,48,250,10,0.1200,4179.1,245.54,264.83,281.54,293.12,239.28,2001,2001,2001,0,2001,0,0,257,1,10822.2,20424136,30.6,48
n100k_d128_l2,100000,128,l2,multicluster,0.0100,0.0100,1000,E_large24_acorn1,large,ACORN,24,1,48,250,10,0.0000,208531.9,4.62,5.38,6.75,10.88,4.80,1,1,65,1412,1478,0,1478,0,0,10822.2,20424136,30.6,48
n100k_d128_l2,100000,128,l2,multicluster,0.0100,0.0100,1000,D_large48_standard,large,STANDARD,48,1,96,250,10,0.1240,4060.9,249.25,276.92,280.92,281.21,246.25,2105,2105,2105,0,2105,0,0,255,1,10314.6,39618184,36.1,96
n100k_d128_l2,100000,128,l2,multicluster,0.0100,0.0100,1000,E_large48_acorn1,large,ACORN,48,1,96,250,10,0.5150,534.1,1706.04,2376.21,2938.42,3306.50,1872.17,453,296,13907,442497,456405,86415,369990,0,10,10314.6,39618184,36.1,96
n100k_d128_l2,100000,128,l2,multicluster,0.0100,0.0100,1000,C_acorn_g4,acorn,ACORN,16,4,16,250,10,0.2480,4065.6,243.00,259.75,289.25,344.38,245.97,223,200,5775,38638,44415,14539,29875,0,10,12923.4,18532104,24.5,40
n100k_d128_l2,100000,128,l2,multicluster,0.0100,0.0100,1000,C_acorn_g8,acorn,ACORN,16,8,16,250,10,0.2480,3912.1,250.46,295.79,333.67,347.58,255.61,228,200,6013,40021,46035,14771,31264,0,10,20867.5,20264200,24.6,40
n100k_d128_l2,100000,128,l2,multicluster,0.0100,0.0100,1000,C_acorn_g16,acorn,ACORN,16,16,16,250,10,0.0660,17137.7,57.75,63.21,71.17,78.04,58.35,69,59,2608,11934,14544,3932,10611,0,10,39343.5,23728392,24.6,40
n100k_d128_l2,100000,128,l2,multicluster,0.0100,0.0100,1000,C_acorn_g32,acorn,ACORN,16,32,16,250,10,0.4510,4394.4,228.46,282.29,303.79,323.08,227.56,208,184,6770,31809,38580,12312,26268,0,10,101521.7,30656776,24.6,40
n100k_d128_l2,100000,128,l2,multicluster,0.0100,0.0100,1000,A_std_standard,std,STANDARD,16,1,32,500,10,0.1220,2252.0,451.75,490.08,501.79,505.25,444.05,2042,2042,2042,0,2042,0,0,508,1,11604.8,14033032,24.6,32
n100k_d128_l2,100000,128,l2,multicluster,0.0100,0.0100,1000,B_std_acorn1,std,ACORN,16,1,32,500,10,0.2480,1764.8,559.33,618.12,675.67,676.83,566.65,241,200,6250,125068,131320,25620,105700,0,10,11604.8,14033032,24.6,32
n100k_d128_l2,100000,128,l2,multicluster,0.0100,0.0100,1000,D_large24_standard,large,STANDARD,24,1,48,500,10,0.1220,2212.7,461.58,491.00,498.46,517.58,451.93,2079,2079,2079,0,2079,0,0,507,1,10822.2,20424136,30.6,48
n100k_d128_l2,100000,128,l2,multicluster,0.0100,0.0100,1000,E_large24_acorn1,large,ACORN,24,1,48,500,10,0.0000,213372.5,4.62,4.96,5.12,5.42,4.69,1,1,65,1412,1478,0,1478,0,0,10822.2,20424136,30.6,48
n100k_d128_l2,100000,128,l2,multicluster,0.0100,0.0100,1000,D_large48_standard,large,STANDARD,48,1,96,500,10,0.1240,2165.4,465.50,500.79,505.79,508.04,461.80,2168,2168,2168,0,2168,0,0,505,1,10314.6,39618184,36.1,96
n100k_d128_l2,100000,128,l2,multicluster,0.0100,0.0100,1000,E_large48_acorn1,large,ACORN,48,1,96,500,10,0.5150,374.9,1588.62,4313.12,4399.92,4482.12,2667.67,521,364,19941,636848,656791,124478,532312,0,10,10314.6,39618184,36.1,96
n100k_d128_l2,100000,128,l2,multicluster,0.0100,0.0100,1000,C_acorn_g4,acorn,ACORN,16,4,16,500,10,0.2480,4015.9,243.83,284.83,338.88,339.12,249.01,223,200,5775,38638,44415,14539,29875,0,10,12923.4,18532104,24.5,40
n100k_d128_l2,100000,128,l2,multicluster,0.0100,0.0100,1000,C_acorn_g8,acorn,ACORN,16,8,16,500,10,0.2480,3942.9,249.21,274.83,325.67,370.38,253.62,228,200,6013,40021,46035,14771,31264,0,10,20867.5,20264200,24.6,40
n100k_d128_l2,100000,128,l2,multicluster,0.0100,0.0100,1000,C_acorn_g16,acorn,ACORN,16,16,16,500,10,0.0660,17408.6,56.17,63.58,80.67,99.17,57.44,69,59,2608,11934,14544,3932,10611,0,10,39343.5,23728392,24.6,40
n100k_d128_l2,100000,128,l2,multicluster,0.0100,0.0100,1000,C_acorn_g32,acorn,ACORN,16,32,16,500,10,0.4510,4365.5,227.38,281.46,326.75,333.04,229.07,208,184,6770,31809,38580,12312,26268,0,10,101521.7,30656776,24.6,40
n100k_d128_l2,100000,128,l2,multicluster,0.0050,0.0050,500,F_exact,exact,EXACT,16,0,0,0,10,1.0000,7363.5,135.08,140.71,146.17,150.12,135.81,500,0,0,0,100000,0,0,0,10,0.0,0,0.0,0
n100k_d128_l2,100000,128,l2,multicluster,0.0050,0.0050,500,A_std_standard,std,STANDARD,16,1,32,50,10,0.0960,14605.5,69.88,77.92,83.38,89.04,68.47,1035,1035,1035,0,1035,0,0,59,1,11604.8,14033032,24.6,32
n100k_d128_l2,100000,128,l2,multicluster,0.0050,0.0050,500,B_std_acorn1,std,ACORN,16,1,32,50,10,0.3990,7465.4,131.88,143.88,152.25,198.21,133.95,130,100,1571,35797,37369,4590,32779,0,10,11604.8,14033032,24.6,32
n100k_d128_l2,100000,128,l2,multicluster,0.0050,0.0050,500,D_large24_standard,large,STANDARD,24,1,48,50,10,0.0980,12663.6,81.00,91.62,92.29,95.71,78.97,1218,1218,1218,0,1218,0,0,57,1,10822.2,20424136,30.6,48
n100k_d128_l2,100000,128,l2,multicluster,0.0050,0.0050,500,E_large24_acorn1,large,ACORN,24,1,48,50,10,0.1630,4411.1,224.25,244.58,296.79,328.88,226.70,101,101,2281,64798,67080,7837,59243,0,10,10822.2,20424136,30.6,48
n100k_d128_l2,100000,128,l2,multicluster,0.0050,0.0050,500,D_large48_standard,large,STANDARD,48,1,96,50,10,0.1020,11337.0,90.38,98.58,105.17,121.46,88.21,1438,1438,1438,0,1438,0,0,56,1,10314.6,39618184,36.1,96
n100k_d128_l2,100000,128,l2,multicluster,0.0050,0.0050,500,E_large48_acorn1,large,ACORN,48,1,96,50,10,0.3520,2346.6,418.33,498.54,631.83,635.58,426.16,256,108,3413,123369,126784,14248,112536,0,10,10314.6,39618184,36.1,96
n100k_d128_l2,100000,128,l2,multicluster,0.0050,0.0050,500,C_acorn_g4,acorn,ACORN,16,4,16,50,10,0.3990,18066.9,54.04,65.62,72.29,94.83,55.35,113,100,1600,9524,11126,2432,8693,0,10,12923.4,18532104,24.5,40
n100k_d128_l2,100000,128,l2,multicluster,0.0050,0.0050,500,C_acorn_g8,acorn,ACORN,16,8,16,50,10,0.3990,18470.3,53.92,59.58,61.75,67.04,54.14,115,99,1763,9414,11178,2347,8831,0,10,20867.5,20264200,24.6,40
n100k_d128_l2,100000,128,l2,multicluster,0.0050,0.0050,500,C_acorn_g16,acorn,ACORN,16,16,16,50,10,0.1230,25432.9,34.67,69.17,99.08,171.46,39.32,45,38,1945,7905,9851,1896,7954,0,10,39343.5,23728392,24.6,40
n100k_d128_l2,100000,128,l2,multicluster,0.0050,0.0050,500,C_acorn_g32,acorn,ACORN,16,32,16,50,10,0.3390,15828.3,58.71,79.62,164.08,170.21,63.18,107,93,2887,9119,12008,2512,9496,0,10,101521.7,30656776,24.6,40
n100k_d128_l2,100000,128,l2,multicluster,0.0050,0.0050,500,A_std_standard,std,STANDARD,16,1,32,100,10,0.1010,8493.9,120.12,133.00,136.42,140.75,117.73,1455,1455,1455,0,1455,0,0,108,1,11604.8,14033032,24.6,32
n100k_d128_l2,100000,128,l2,multicluster,0.0050,0.0050,500,B_std_acorn1,std,ACORN,16,1,32,100,10,0.3990,3647.8,274.71,289.33,301.75,407.38,274.14,130,100,3158,73296,76456,9425,67030,0,10,11604.8,14033032,24.6,32
n100k_d128_l2,100000,128,l2,multicluster,0.0050,0.0050,500,D_large24_standard,large,STANDARD,24,1,48,100,10,0.1000,8009.4,129.71,139.75,148.62,159.92,124.85,1638,1638,1638,0,1638,0,0,107,1,10822.2,20424136,30.6,48
n100k_d128_l2,100000,128,l2,multicluster,0.0050,0.0050,500,E_large24_acorn1,large,ACORN,24,1,48,100,10,0.1630,2209.8,449.96,493.54,556.71,569.12,452.54,101,101,4537,129790,134328,15995,118332,0,10,10822.2,20424136,30.6,48
n100k_d128_l2,100000,128,l2,multicluster,0.0050,0.0050,500,D_large48_standard,large,STANDARD,48,1,96,100,10,0.1030,7506.8,136.54,150.29,155.62,157.92,133.21,1819,1819,1819,0,1819,0,0,106,1,10314.6,39618184,36.1,96
n100k_d128_l2,100000,128,l2,multicluster,0.0050,0.0050,500,E_large48_acorn1,large,ACORN,48,1,96,100,10,0.3520,1223.2,807.75,909.75,1030.17,1084.75,817.52,264,116,6673,240349,247023,28241,218781,0,10,10314.6,39618184,36.1,96
n100k_d128_l2,100000,128,l2,multicluster,0.0050,0.0050,500,C_acorn_g4,acorn,ACORN,16,4,16,100,10,0.3990,9199.8,107.54,115.42,134.62,169.25,108.70,113,100,3010,20652,23664,5282,18381,0,10,12923.4,18532104,24.5,40
n100k_d128_l2,100000,128,l2,multicluster,0.0050,0.0050,500,C_acorn_g8,acorn,ACORN,16,8,16,100,10,0.3990,8904.4,110.21,117.83,170.83,172.21,112.30,115,100,3181,20906,24088,5191,18897,0,10,20867.5,20264200,24.6,40
n100k_d128_l2,100000,128,l2,multicluster,0.0050,0.0050,500,C_acorn_g16,acorn,ACORN,16,16,16,100,10,0.1230,21867.9,34.79,128.08,176.29,278.75,45.73,45,38,2056,8780,10837,2136,8700,0,10,39343.5,23728392,24.6,40
n100k_d128_l2,100000,128,l2,multicluster,0.0050,0.0050,500,C_acorn_g32,acorn,ACORN,16,32,16,100,10,0.3390,8697.5,103.88,146.83,275.50,287.79,114.97,107,93,4083,18283,22367,5011,17356,0,10,101521.7,30656776,24.6,40
n100k_d128_l2,100000,128,l2,multicluster,0.0050,0.0050,500,A_std_standard,std,STANDARD,16,1,32,250,10,0.1010,4268.6,238.62,271.62,279.12,309.46,234.27,1904,1904,1904,0,1904,0,0,258,1,11604.8,14033032,24.6,32
n100k_d128_l2,100000,128,l2,multicluster,0.0050,0.0050,500,B_std_acorn1,std,ACORN,16,1,32,250,10,0.3990,3652.2,274.50,291.46,337.04,358.71,273.81,130,100,3158,73296,76456,9425,67030,0,10,11604.8,14033032,24.6,32
n100k_d128_l2,100000,128,l2,multicluster,0.0050,0.0050,500,D_large24_standard,large,STANDARD,24,1,48,250,10,0.1000,4238.7,243.21,259.17,269.33,276.79,235.92,2001,2001,2001,0,2001,0,0,257,1,10822.2,20424136,30.6,48
n100k_d128_l2,100000,128,l2,multicluster,0.0050,0.0050,500,E_large24_acorn1,large,ACORN,24,1,48,250,10,0.1630,2196.3,445.46,509.96,542.54,560.25,455.31,101,101,4576,130888,135466,16138,119327,0,10,10822.2,20424136,30.6,48
n100k_d128_l2,100000,128,l2,multicluster,0.0050,0.0050,500,D_large48_standard,large,STANDARD,48,1,96,250,10,0.1040,4036.0,252.04,274.29,285.79,288.75,247.77,2105,2105,2105,0,2105,0,0,255,1,10314.6,39618184,36.1,96
n100k_d128_l2,100000,128,l2,multicluster,0.0050,0.0050,500,E_large48_acorn1,large,ACORN,48,1,96,250,10,0.3520,838.4,833.58,1833.58,1928.00,2005.88,1192.79,292,145,9612,346712,356326,40792,315534,0,10,10314.6,39618184,36.1,96
n100k_d128_l2,100000,128,l2,multicluster,0.0050,0.0050,500,C_acorn_g4,acorn,ACORN,16,4,16,250,10,0.3990,9298.6,106.71,114.83,117.92,143.79,107.54,113,100,3010,20652,23664,5282,18381,0,10,12923.4,18532104,24.5,40
n100k_d128_l2,100000,128,l2,multicluster,0.0050,0.0050,500,C_acorn_g8,acorn,ACORN,16,8,16,250,10,0.3990,8974.0,108.21,126.00,168.00,170.88,111.43,115,100,3181,20906,24088,5191,18897,0,10,20867.5,20264200,24.6,40
n100k_d128_l2,100000,128,l2,multicluster,0.0050,0.0050,500,C_acorn_g16,acorn,ACORN,16,16,16,250,10,0.1230,21504.4,35.92,126.71,199.54,279.92,46.50,45,38,2056,8780,10837,2136,8700,0,10,39343.5,23728392,24.6,40
n100k_d128_l2,100000,128,l2,multicluster,0.0050,0.0050,500,C_acorn_g32,acorn,ACORN,16,32,16,250,10,0.3390,8483.1,105.08,186.00,303.21,326.21,117.88,107,93,4083,18283,22367,5011,17356,0,10,101521.7,30656776,24.6,40
n100k_d128_l2,100000,128,l2,multicluster,0.0050,0.0050,500,A_std_standard,std,STANDARD,16,1,32,500,10,0.1020,2156.3,466.25,522.29,544.21,569.92,463.75,2042,2042,2042,0,2042,0,0,508,1,11604.8,14033032,24.6,32
n100k_d128_l2,100000,128,l2,multicluster,0.0050,0.0050,500,B_std_acorn1,std,ACORN,16,1,32,500,10,0.3990,3641.6,267.12,310.67,355.08,418.50,274.61,130,100,3158,73296,76456,9425,67030,0,10,11604.8,14033032,24.6,32
n100k_d128_l2,100000,128,l2,multicluster,0.0050,0.0050,500,D_large24_standard,large,STANDARD,24,1,48,500,10,0.1010,2145.6,468.62,505.79,546.17,561.79,466.08,2079,2079,2079,0,2079,0,0,507,1,10822.2,20424136,30.6,48
n100k_d128_l2,100000,128,l2,multicluster,0.0050,0.0050,500,E_large24_acorn1,large,ACORN,24,1,48,500,10,0.1630,2135.2,457.58,571.38,645.04,658.71,468.35,101,101,4576,130888,135466,16138,119327,0,10,10822.2,20424136,30.6,48
n100k_d128_l2,100000,128,l2,multicluster,0.0050,0.0050,500,D_large48_standard,large,STANDARD,48,1,96,500,10,0.1040,2076.1,484.29,542.12,568.25,587.29,481.67,2168,2168,2168,0,2168,0,0,505,1,10314.6,39618184,36.1,96
n100k_d128_l2,100000,128,l2,multicluster,0.0050,0.0050,500,E_large48_acorn1,large,ACORN,48,1,96,500,10,0.3520,798.9,937.88,1915.38,2238.25,2265.46,1251.73,292,145,9612,346712,356326,40792,315534,0,10,10314.6,39618184,36.1,96
n100k_d128_l2,100000,128,l2,multicluster,0.0050,0.0050,500,C_acorn_g4,acorn,ACORN,16,4,16,500,10,0.3990,9005.4,108.62,125.17,151.88,197.96,111.05,113,100,3010,20652,23664,5282,18381,0,10,12923.4,18532104,24.5,40
n100k_d128_l2,100000,128,l2,multicluster,0.0050,0.0050,500,C_acorn_g8,acorn,ACORN,16,8,16,500,10,0.3990,8744.0,112.25,124.33,162.33,175.58,114.36,115,100,3181,20906,24088,5191,18897,0,10,20867.5,20264200,24.6,40
n100k_d128_l2,100000,128,l2,multicluster,0.0050,0.0050,500,C_acorn_g16,acorn,ACORN,16,16,16,500,10,0.1230,20988.7,36.04,130.38,190.33,279.71,47.64,45,38,2056,8780,10837,2136,8700,0,10,39343.5,23728392,24.6,40
n100k_d128_l2,100000,128,l2,multicluster,0.0050,0.0050,500,C_acorn_g32,acorn,ACORN,16,32,16,500,10,0.3390,8500.2,108.58,172.50,269.58,290.50,117.64,107,93,4083,18283,22367,5011,17356,0,10,101521.7,30656776,24.6,40
n100k_d128_l2,100000,128,l2,multicluster,0.0010,0.0010,100,F_exact,exact,EXACT,16,0,0,0,10,1.0000,8951.1,110.08,118.42,145.17,164.96,111.72,100,0,0,0,100000,0,0,0,10,0.0,0,0.0,0
n100k_d128_l2,100000,128,l2,multicluster,0.0010,0.0010,100,A_std_standard,std,STANDARD,16,1,32,50,10,0.0840,13770.7,73.38,85.21,106.46,128.29,72.62,1035,1035,1035,0,1035,0,0,59,0,11604.8,14033032,24.6,32
n100k_d128_l2,100000,128,l2,multicluster,0.0010,0.0010,100,B_std_acorn1,std,ACORN,16,1,32,50,10,0.0000,396491.8,2.50,2.62,2.71,3.00,2.52,1,1,36,581,618,0,618,0,0,11604.8,14033032,24.6,32
n100k_d128_l2,100000,128,l2,multicluster,0.0010,0.0010,100,D_large24_standard,large,STANDARD,24,1,48,50,10,0.0860,12227.7,82.67,95.67,100.29,124.67,81.78,1218,1218,1218,0,1218,0,0,57,0,10822.2,20424136,30.6,48
n100k_d128_l2,100000,128,l2,multicluster,0.0010,0.0010,100,E_large24_acorn1,large,ACORN,24,1,48,50,10,0.3240,10774.2,90.79,102.58,154.04,159.33,92.81,45,20,1007,31630,32639,1674,30964,0,10,10822.2,20424136,30.6,48
n100k_d128_l2,100000,128,l2,multicluster,0.0010,0.0010,100,D_large48_standard,large,STANDARD,48,1,96,50,10,0.0900,11450.2,89.83,100.71,110.25,110.79,87.33,1438,1438,1438,0,1438,0,0,56,0,10314.6,39618184,36.1,96
n100k_d128_l2,100000,128,l2,multicluster,0.0010,0.0010,100,E_large48_acorn1,large,ACORN,48,1,96,50,10,0.1960,5294.3,183.83,209.42,262.54,315.38,188.88,21,21,1628,68164,69793,2807,66985,0,10,10314.6,39618184,36.1,96
n100k_d128_l2,100000,128,l2,multicluster,0.0010,0.0010,100,C_acorn_g4,acorn,ACORN,16,4,16,50,10,0.0000,369236.7,2.62,2.88,3.29,7.75,2.71,1,1,179,447,627,0,627,0,0,12923.4,18532104,24.5,40
n100k_d128_l2,100000,128,l2,multicluster,0.0010,0.0010,100,C_acorn_g8,acorn,ACORN,16,8,16,50,10,0.0000,364410.2,2.79,2.88,2.96,3.08,2.74,1,1,306,458,765,0,765,0,0,20867.5,20264200,24.6,40
n100k_d128_l2,100000,128,l2,multicluster,0.0010,0.0010,100,C_acorn_g16,acorn,ACORN,16,16,16,50,10,0.0000,358534.7,2.79,2.83,2.88,2.92,2.79,1,1,562,424,987,0,987,0,0,39343.5,23728392,24.6,40
n100k_d128_l2,100000,128,l2,multicluster,0.0010,0.0010,100,C_acorn_g32,acorn,ACORN,16,32,16,50,10,0.1940,44806.1,21.58,24.17,37.38,67.54,22.32,21,19,1984,4386,6371,500,5870,0,10,101521.7,30656776,24.6,40
n100k_d128_l2,100000,128,l2,multicluster,0.0010,0.0010,100,A_std_standard,std,STANDARD,16,1,32,100,10,0.0890,8590.0,119.58,133.54,140.12,157.17,116.41,1455,1455,1455,0,1455,0,0,108,0,11604.8,14033032,24.6,32
n100k_d128_l2,100000,128,l2,multicluster,0.0010,0.0010,100,B_std_acorn1,std,ACORN,16,1,32,100,10,0.0000,366746.4,2.71,3.00,3.25,3.29,2.73,1,1,36,581,618,0,618,0,0,11604.8,14033032,24.6,32
n100k_d128_l2,100000,128,l2,multicluster,0.0010,0.0010,100,D_large24_standard,large,STANDARD,24,1,48,100,10,0.0900,7771.6,129.79,158.12,201.75,210.33,128.67,1638,1638,1638,0,1638,0,0,107,0,10822.2,20424136,30.6,48
n100k_d128_l2,100000,128,l2,multicluster,0.0010,0.0010,100,E_large24_acorn1,large,ACORN,24,1,48,100,10,0.3240,10660.5,91.29,103.00,133.58,232.00,93.80,45,20,1007,31630,32639,1674,30964,0,10,10822.2,20424136,30.6,48
n100k_d128_l2,100000,128,l2,multicluster,0.0010,0.0010,100,D_large48_standard,large,STANDARD,48,1,96,100,10,0.0900,7411.2,138.75,154.38,159.79,200.71,134.93,1819,1819,1819,0,1819,0,0,106,0,10314.6,39618184,36.1,96
n100k_d128_l2,100000,128,l2,multicluster,0.0010,0.0010,100,E_large48_acorn1,large,ACORN,48,1,96,100,10,0.1960,5240.4,184.12,230.50,264.33,270.12,190.82,21,21,1628,68164,69793,2807,66985,0,10,10314.6,39618184,36.1,96
n100k_d128_l2,100000,128,l2,multicluster,0.0010,0.0010,100,C_acorn_g4,acorn,ACORN,16,4,16,100,10,0.0000,394544.2,2.58,2.75,2.79,2.83,2.53,1,1,179,447,627,0,627,0,0,12923.4,18532104,24.5,40
n100k_d128_l2,100000,128,l2,multicluster,0.0010,0.0010,100,C_acorn_g8,acorn,ACORN,16,8,16,100,10,0.0000,417531.3,2.38,2.46,2.50,2.50,2.40,1,1,306,458,765,0,765,0,0,20867.5,20264200,24.6,40
n100k_d128_l2,100000,128,l2,multicluster,0.0010,0.0010,100,C_acorn_g16,acorn,ACORN,16,16,16,100,10,0.0000,338501.1,3.17,3.21,3.25,3.33,2.95,1,1,562,424,987,0,987,0,0,39343.5,23728392,24.6,40
n100k_d128_l2,100000,128,l2,multicluster,0.0010,0.0010,100,C_acorn_g32,acorn,ACORN,16,32,16,100,10,0.1940,45775.2,21.58,23.12,23.67,24.08,21.85,21,19,1984,4386,6371,500,5870,0,10,101521.7,30656776,24.6,40
n100k_d128_l2,100000,128,l2,multicluster,0.0010,0.0010,100,A_std_standard,std,STANDARD,16,1,32,250,10,0.0900,4305.4,238.96,259.46,261.75,300.71,232.26,1904,1904,1904,0,1904,0,0,258,0,11604.8,14033032,24.6,32
n100k_d128_l2,100000,128,l2,multicluster,0.0010,0.0010,100,B_std_acorn1,std,ACORN,16,1,32,250,10,0.0000,272260.0,3.67,3.92,4.58,4.58,3.67,1,1,36,581,618,0,618,0,0,11604.8,14033032,24.6,32
n100k_d128_l2,100000,128,l2,multicluster,0.0010,0.0010,100,D_large24_standard,large,STANDARD,24,1,48,250,10,0.0900,4139.6,245.21,273.21,290.88,309.38,241.57,2001,2001,2001,0,2001,0,0,257,0,10822.2,20424136,30.6,48
n100k_d128_l2,100000,128,l2,multicluster,0.0010,0.0010,100,E_large24_acorn1,large,ACORN,24,1,48,250,10,0.3240,11103.0,88.46,95.33,115.96,161.79,90.07,45,20,1007,31630,32639,1674,30964,0,10,10822.2,20424136,30.6,48
n100k_d128_l2,100000,128,l2,multicluster,0.0010,0.0010,100,D_large48_standard,large,STANDARD,48,1,96,250,10,0.0910,4058.2,252.29,271.12,288.38,333.12,246.42,2105,2105,2105,0,2105,0,0,255,0,10314.6,39618184,36.1,96
n100k_d128_l2,100000,128,l2,multicluster,0.0010,0.0010,100,E_large48_acorn1,large,ACORN,48,1,96,250,10,0.1960,5236.9,186.17,212.67,314.08,322.92,190.95,21,21,1628,68164,69793,2807,66985,0,10,10314.6,39618184,36.1,96
n100k_d128_l2,100000,128,l2,multicluster,0.0010,0.0010,100,C_acorn_g4,acorn,ACORN,16,4,16,250,10,0.0000,380481.3,2.71,2.83,2.88,3.00,2.63,1,1,179,447,627,0,627,0,0,12923.4,18532104,24.5,40
n100k_d128_l2,100000,128,l2,multicluster,0.0010,0.0010,100,C_acorn_g8,acorn,ACORN,16,8,16,250,10,0.0000,398997.7,2.46,2.58,2.62,6.46,2.51,1,1,306,458,765,0,765,0,0,20867.5,20264200,24.6,40
n100k_d128_l2,100000,128,l2,multicluster,0.0010,0.0010,100,C_acorn_g16,acorn,ACORN,16,16,16,250,10,0.0000,355613.7,2.79,2.92,2.96,3.04,2.81,1,1,562,424,987,0,987,0,0,39343.5,23728392,24.6,40
n100k_d128_l2,100000,128,l2,multicluster,0.0010,0.0010,100,C_acorn_g32,acorn,ACORN,16,32,16,250,10,0.1940,45633.4,21.79,23.21,23.83,24.75,21.91,21,19,1984,4386,6371,500,5870,0,10,101521.7,30656776,24.6,40
n100k_d128_l2,100000,128,l2,multicluster,0.0010,0.0010,100,A_std_standard,std,STANDARD,16,1,32,500,10,0.0900,2206.7,460.38,492.17,517.08,524.12,453.16,2042,2042,2042,0,2042,0,0,508,0,11604.8,14033032,24.6,32
n100k_d128_l2,100000,128,l2,multicluster,0.0010,0.0010,100,B_std_acorn1,std,ACORN,16,1,32,500,10,0.0000,281198.2,3.25,3.83,13.50,18.75,3.56,1,1,36,581,618,0,618,0,0,11604.8,14033032,24.6,32
n100k_d128_l2,100000,128,l2,multicluster,0.0010,0.0010,100,D_large24_standard,large,STANDARD,24,1,48,500,10,0.0900,2151.3,469.25,518.71,544.38,585.54,464.83,2079,2079,2079,0,2079,0,0,507,0,10822.2,20424136,30.6,48
n100k_d128_l2,100000,128,l2,multicluster,0.0010,0.0010,100,E_large24_acorn1,large,ACORN,24,1,48,500,10,0.3240,10825.7,90.88,93.58,147.67,192.83,92.37,45,20,1007,31630,32639,1674,30964,0,10,10822.2,20424136,30.6,48
n100k_d128_l2,100000,128,l2,multicluster,0.0010,0.0010,100,D_large48_standard,large,STANDARD,48,1,96,500,10,0.0910,2119.0,475.75,521.79,536.88,567.08,471.91,2168,2168,2168,0,2168,0,0,505,0,10314.6,39618184,36.1,96
n100k_d128_l2,100000,128,l2,multicluster,0.0010,0.0010,100,E_large48_acorn1,large,ACORN,48,1,96,500,10,0.1960,5241.5,185.71,220.21,281.12,335.62,190.79,21,21,1628,68164,69793,2807,66985,0,10,10314.6,39618184,36.1,96
n100k_d128_l2,100000,128,l2,multicluster,0.0010,0.0010,100,C_acorn_g4,acorn,ACORN,16,4,16,500,10,0.0000,391584.1,2.62,2.79,2.83,2.92,2.55,1,1,179,447,627,0,627,0,0,12923.4,18532104,24.5,40
n100k_d128_l2,100000,128,l2,multicluster,0.0010,0.0010,100,C_acorn_g8,acorn,ACORN,16,8,16,500,10,0.0000,424789.0,2.33,2.42,2.46,2.50,2.35,1,1,306,458,765,0,765,0,0,20867.5,20264200,24.6,40
n100k_d128_l2,100000,128,l2,multicluster,0.0010,0.0010,100,C_acorn_g16,acorn,ACORN,16,16,16,500,10,0.0000,378845.3,2.62,2.67,2.71,2.75,2.64,1,1,562,424,987,0,987,0,0,39343.5,23728392,24.6,40
n100k_d128_l2,100000,128,l2,multicluster,0.0010,0.0010,100,C_acorn_g32,acorn,ACORN,16,32,16,500,10,0.1940,43259.8,22.12,24.71,50.08,57.83,23.12,21,19,1984,4386,6371,500,5870,0,10,101521.7,30656776,24.6,40
