tag,n,d,metric,filter,sel_target,sel_actual,cand,baseline,graph,mode,M,gamma,M_beta,ef,k,recall,qps,p50_us,p95_us,p99_us,max_us,mean_us,ndis,nodes_visited,first_hop,second_hop,sel_checks,accepted,rejected,hops,results_returned,build_ms,graph_bytes,avg_deg0,max_deg0
n1m_d128_l2,1000000,128,l2,random,0.5000,0.5000,500000,F_exact,exact,EXACT,16,0,0,0,10,1.0000,19.7,50908.33,51768.54,52542.88,52542.88,50686.33,500000,0,0,0,1000000,0,0,0,10,0.0,0,0.0,0
n1m_d128_l2,1000000,128,l2,random,0.5000,0.5000,500000,A_std_standard,std,STANDARD,16,1,32,50,10,0.8680,3356.7,259.29,606.54,1555.67,1555.67,297.91,1103,1103,1103,0,1103,0,0,65,10,140884.0,140258120,24.5,32
n1m_d128_l2,1000000,128,l2,random,0.5000,0.5000,500000,B_std_acorn1,std,ACORN,16,1,32,50,10,0.6260,1862.1,484.00,889.54,1608.00,1608.00,537.02,1218,1077,682,5858,6542,3347,3194,0,10,140884.0,140258120,24.5,32
n1m_d128_l2,1000000,128,l2,random,0.5000,0.5000,500000,D_large24_standard,large,STANDARD,24,1,48,50,10,0.9280,457.8,1968.83,4961.62,6552.00,6552.00,2184.40,1279,1279,1279,0,1279,0,0,61,10,132908.2,204166792,30.4,48
n1m_d128_l2,1000000,128,l2,random,0.5000,0.5000,500000,E_large24_acorn1,large,ACORN,24,1,48,50,10,0.6540,940.6,936.33,2137.12,2390.96,2390.96,1063.15,1432,1258,976,12092,13069,6674,6395,0,10,132908.2,204166792,30.4,48
n1m_d128_l2,1000000,128,l2,random,0.5000,0.5000,500000,D_large48_standard,large,STANDARD,48,1,96,50,10,0.9680,771.1,1044.00,2639.21,4782.88,4782.88,1296.84,1465,1465,1465,0,1465,0,0,58,10,142299.3,396080968,35.9,96
n1m_d128_l2,1000000,128,l2,random,0.5000,0.5000,500000,E_large48_acorn1,large,ACORN,48,1,96,50,10,0.8620,1028.9,914.17,1780.83,1989.21,1989.21,971.87,2001,1715,1689,32987,34677,17715,16961,0,10,142299.3,396080968,35.9,96
n1m_d128_l2,1000000,128,l2,random,0.5000,0.5000,500000,C_acorn_g4,acorn,ACORN,16,4,16,50,10,0.5520,1798.8,529.50,905.25,1777.12,1777.12,555.94,823,715,1424,2519,3945,2019,1925,0,10,222708.5,185032456,24.6,40
n1m_d128_l2,1000000,128,l2,random,0.5000,0.5000,500000,C_acorn_g8,acorn,ACORN,16,8,16,50,10,0.6000,1625.7,627.25,1059.46,1242.17,1242.17,615.11,866,755,1418,2493,3912,2007,1905,0,10,316872.6,202064904,24.6,40
n1m_d128_l2,1000000,128,l2,random,0.5000,0.5000,500000,C_acorn_g16,acorn,ACORN,16,16,16,50,10,0.5220,5353.1,158.58,378.83,441.83,441.83,186.81,925,815,1495,2689,4185,2153,2032,0,10,1186950.8,236129800,24.6,40
n1m_d128_l2,1000000,128,l2,random,0.5000,0.5000,500000,A_std_standard,std,STANDARD,16,1,32,100,10,0.9360,5982.3,165.92,240.50,279.71,279.71,167.16,1525,1525,1525,0,1525,0,0,114,10,140884.0,140258120,24.5,32
n1m_d128_l2,1000000,128,l2,random,0.5000,0.5000,500000,B_std_acorn1,std,ACORN,16,1,32,100,10,0.7300,1798.5,529.96,829.12,911.58,911.58,556.03,1442,1301,1957,21613,23571,12090,11480,0,10,140884.0,140258120,24.5,32
n1m_d128_l2,1000000,128,l2,random,0.5000,0.5000,500000,D_large24_standard,large,STANDARD,24,1,48,100,10,0.9840,4645.4,212.04,289.62,296.79,296.79,215.27,1699,1699,1699,0,1699,0,0,110,10,132908.2,204166792,30.4,48
n1m_d128_l2,1000000,128,l2,random,0.5000,0.5000,500000,E_large24_acorn1,large,ACORN,24,1,48,100,10,0.7560,1191.1,786.17,1353.92,1563.42,1563.42,839.56,1668,1494,2798,42233,45032,23047,21984,0,10,132908.2,204166792,30.4,48
n1m_d128_l2,1000000,128,l2,random,0.5000,0.5000,500000,D_large48_standard,large,STANDARD,48,1,96,100,10,0.9960,4907.6,205.38,239.08,388.92,388.92,203.77,1848,1848,1848,0,1848,0,0,108,10,142299.3,396080968,35.9,96
n1m_d128_l2,1000000,128,l2,random,0.5000,0.5000,500000,E_large48_acorn1,large,ACORN,48,1,96,100,10,0.9220,855.8,1110.17,1665.79,2053.46,2053.46,1168.43,2198,1912,3968,82102,86072,43957,42114,0,10,142299.3,396080968,35.9,96
n1m_d128_l2,1000000,128,l2,random,0.5000,0.5000,500000,C_acorn_g4,acorn,ACORN,16,4,16,100,10,0.6000,2768.2,354.92,510.46,887.50,887.50,361.25,1004,895,2603,5269,7873,4046,3827,0,10,222708.5,185032456,24.6,40
n1m_d128_l2,1000000,128,l2,random,0.5000,0.5000,500000,C_acorn_g8,acorn,ACORN,16,8,16,100,10,0.7340,2677.7,348.67,651.75,818.17,818.17,373.45,1128,1018,2715,5374,8091,4160,3930,0,10,316872.6,202064904,24.6,40
n1m_d128_l2,1000000,128,l2,random,0.5000,0.5000,500000,C_acorn_g16,acorn,ACORN,16,16,16,100,10,0.6460,3607.3,251.75,399.92,606.75,606.75,277.21,1242,1132,2791,5450,8243,4253,3989,0,10,1186950.8,236129800,24.6,40
n1m_d128_l2,1000000,128,l2,random,0.5000,0.5000,500000,A_std_standard,std,STANDARD,16,1,32,250,10,0.9440,3320.4,298.42,418.21,455.67,455.67,301.17,1966,1966,1966,0,1966,0,0,264,10,140884.0,140258120,24.5,32
n1m_d128_l2,1000000,128,l2,random,0.5000,0.5000,500000,B_std_acorn1,std,ACORN,16,1,32,250,10,0.8100,854.2,1082.75,1659.46,2607.50,2607.50,1170.67,1659,1519,6166,77441,83609,42881,40727,0,10,140884.0,140258120,24.5,32
n1m_d128_l2,1000000,128,l2,random,0.5000,0.5000,500000,D_large24_standard,large,STANDARD,24,1,48,250,10,0.9960,2982.7,337.54,419.50,522.04,522.04,335.27,2061,2061,2061,0,2061,0,0,260,10,132908.2,204166792,30.4,48
n1m_d128_l2,1000000,128,l2,random,0.5000,0.5000,500000,E_large24_acorn1,large,ACORN,24,1,48,250,10,0.8760,606.3,1494.58,2533.38,2736.42,2736.42,1649.23,1851,1677,8246,134808,143056,73236,69819,0,10,132908.2,204166792,30.4,48
n1m_d128_l2,1000000,128,l2,random,0.5000,0.5000,500000,D_large48_standard,large,STANDARD,48,1,96,250,10,0.9980,3119.1,328.29,361.17,410.29,410.29,320.60,2138,2138,2138,0,2138,0,0,258,10,142299.3,396080968,35.9,96
n1m_d128_l2,1000000,128,l2,random,0.5000,0.5000,500000,E_large48_acorn1,large,ACORN,48,1,96,250,10,0.9820,439.0,2169.96,3295.54,3980.79,3980.79,2278.16,2424,2138,10330,220973,231304,118174,113130,0,10,142299.3,396080968,35.9,96
n1m_d128_l2,1000000,128,l2,random,0.5000,0.5000,500000,C_acorn_g4,acorn,ACORN,16,4,16,250,10,0.6500,1499.7,625.92,1241.00,1390.21,1390.21,666.79,1256,1147,6591,18133,24726,12753,11972,0,10,222708.5,185032456,24.6,40
n1m_d128_l2,1000000,128,l2,random,0.5000,0.5000,500000,C_acorn_g8,acorn,ACORN,16,8,16,250,10,0.7560,1494.0,644.04,926.04,1412.29,1412.29,669.36,1348,1238,6539,17460,24000,12366,11633,0,10,316872.6,202064904,24.6,40
n1m_d128_l2,1000000,128,l2,random,0.5000,0.5000,500000,C_acorn_g16,acorn,ACORN,16,16,16,250,10,0.7580,1566.1,565.58,1063.54,1259.75,1259.75,638.54,1593,1482,6956,17919,24877,12863,12013,0,10,1186950.8,236129800,24.6,40
n1m_d128_l2,1000000,128,l2,random,0.5000,0.5000,500000,A_std_standard,std,STANDARD,16,1,32,500,10,0.9440,1803.2,545.25,633.96,719.21,719.21,554.57,2166,2166,2166,0,2166,0,0,514,10,140884.0,140258120,24.5,32
n1m_d128_l2,1000000,128,l2,random,0.5000,0.5000,500000,B_std_acorn1,std,ACORN,16,1,32,500,10,0.8500,465.7,1991.62,3557.00,4401.12,4401.12,2147.45,1864,1724,12882,166848,179731,92173,87558,0,10,140884.0,140258120,24.5,32
n1m_d128_l2,1000000,128,l2,random,0.5000,0.5000,500000,D_large24_standard,large,STANDARD,24,1,48,500,10,0.9960,1792.7,561.04,601.17,928.29,928.29,557.82,2141,2141,2141,0,2141,0,0,510,10,132908.2,204166792,30.4,48
n1m_d128_l2,1000000,128,l2,random,0.5000,0.5000,500000,E_large24_acorn1,large,ACORN,24,1,48,500,10,0.9360,335.2,2784.79,4079.67,5184.88,5184.88,2983.55,2059,1885,16732,279852,296585,151720,144864,0,10,132908.2,204166792,30.4,48
n1m_d128_l2,1000000,128,l2,random,0.5000,0.5000,500000,D_large48_standard,large,STANDARD,48,1,96,500,10,0.9980,1740.1,572.58,656.75,714.21,714.21,574.69,2210,2210,2210,0,2210,0,0,508,10,142299.3,396080968,35.9,96
n1m_d128_l2,1000000,128,l2,random,0.5000,0.5000,500000,E_large48_acorn1,large,ACORN,48,1,96,500,10,1.0000,242.5,4000.71,5239.00,7155.46,7155.46,4124.31,2667,2381,19994,432767,452763,231191,221572,0,10,142299.3,396080968,35.9,96
n1m_d128_l2,1000000,128,l2,random,0.5000,0.5000,500000,C_acorn_g4,acorn,ACORN,16,4,16,500,10,0.6720,861.7,1090.92,1631.17,2172.00,2172.00,1160.43,1396,1287,12878,42216,55095,28396,26699,0,10,222708.5,185032456,24.6,40
n1m_d128_l2,1000000,128,l2,random,0.5000,0.5000,500000,C_acorn_g8,acorn,ACORN,16,8,16,500,10,0.7820,825.2,1150.67,1679.71,2037.04,2037.04,1211.84,1526,1415,13025,42302,55328,28478,26849,0,10,316872.6,202064904,24.6,40
n1m_d128_l2,1000000,128,l2,random,0.5000,0.5000,500000,C_acorn_g16,acorn,ACORN,16,16,16,500,10,0.8020,792.4,1113.50,2051.75,2515.38,2515.38,1262.03,1767,1656,13553,43088,56643,29305,27338,0,10,1186950.8,236129800,24.6,40
n1m_d128_l2,1000000,128,l2,random,0.5000,0.5000,500000,F_exact,exact,EXACT,16,0,0,0,100,1.0000,19.7,51002.88,51853.17,52576.92,52576.92,50639.78,500000,0,0,0,1000000,0,0,0,100,0.0,0,0.0,0
n1m_d128_l2,1000000,128,l2,random,0.5000,0.5000,500000,A_std_standard,std,STANDARD,16,1,32,50,100,0.7578,8159.3,118.58,193.08,279.17,279.17,122.56,1103,1103,1103,0,1103,0,0,65,99,140884.0,140258120,24.5,32
n1m_d128_l2,1000000,128,l2,random,0.5000,0.5000,500000,B_std_acorn1,std,ACORN,16,1,32,50,100,0.6114,3799.0,244.08,380.62,473.50,473.50,263.23,1218,1077,682,5858,6542,3347,3194,0,100,140884.0,140258120,24.5,32
n1m_d128_l2,1000000,128,l2,random,0.5000,0.5000,500000,D_large24_standard,large,STANDARD,24,1,48,50,100,0.8660,7721.5,128.88,151.04,214.54,214.54,129.51,1279,1279,1279,0,1279,0,0,61,100,132908.2,204166792,30.4,48
n1m_d128_l2,1000000,128,l2,random,0.5000,0.5000,500000,E_large24_acorn1,large,ACORN,24,1,48,50,100,0.6532,2971.7,317.29,537.42,573.04,573.04,336.51,1432,1258,976,12092,13069,6674,6395,0,100,132908.2,204166792,30.4,48
n1m_d128_l2,1000000,128,l2,random,0.5000,0.5000,500000,D_large48_standard,large,STANDARD,48,1,96,50,100,0.9092,7197.2,140.50,162.29,213.58,213.58,138.94,1465,1465,1465,0,1465,0,0,58,100,142299.3,396080968,35.9,96
n1m_d128_l2,1000000,128,l2,random,0.5000,0.5000,500000,E_large48_acorn1,large,ACORN,48,1,96,50,100,0.8592,1705.5,586.46,935.04,993.79,993.79,586.32,2001,1715,1689,32987,34677,17715,16961,0,100,142299.3,396080968,35.9,96
n1m_d128_l2,1000000,128,l2,random,0.5000,0.5000,500000,C_acorn_g4,acorn,ACORN,16,4,16,50,100,0.5418,5839.7,158.88,255.12,341.12,341.12,171.24,823,715,1424,2519,3945,2019,1925,0,100,222708.5,185032456,24.6,40
n1m_d128_l2,1000000,128,l2,random,0.5000,0.5000,500000,C_acorn_g8,acorn,ACORN,16,8,16,50,100,0.5734,5767.6,163.29,269.67,285.88,285.88,173.38,866,755,1418,2493,3912,2007,1905,0,100,316872.6,202064904,24.6,40
n1m_d128_l2,1000000,128,l2,random,0.5000,0.5000,500000,C_acorn_g16,acorn,ACORN,16,16,16,50,100,0.4982,5575.5,159.67,286.12,313.00,313.00,179.36,925,815,1495,2689,4185,2153,2032,0,100,1186950.8,236129800,24.6,40
n1m_d128_l2,1000000,128,l2,random,0.5000,0.5000,500000,A_std_standard,std,STANDARD,16,1,32,100,100,0.8930,5883.5,167.88,241.96,304.54,304.54,169.97,1525,1525,1525,0,1525,0,0,114,100,140884.0,140258120,24.5,32
n1m_d128_l2,1000000,128,l2,random,0.5000,0.5000,500000,B_std_acorn1,std,ACORN,16,1,32,100,100,0.7240,1946.5,475.46,771.04,846.50,846.50,513.74,1442,1301,1957,21613,23571,12090,11480,0,100,140884.0,140258120,24.5,32
n1m_d128_l2,1000000,128,l2,random,0.5000,0.5000,500000,D_large24_standard,large,STANDARD,24,1,48,100,100,0.9714,5603.9,180.46,205.50,258.54,258.54,178.45,1699,1699,1699,0,1699,0,0,110,100,132908.2,204166792,30.4,48
n1m_d128_l2,1000000,128,l2,random,0.5000,0.5000,500000,E_large24_acorn1,large,ACORN,24,1,48,100,100,0.7582,1403.5,669.92,1108.25,1238.88,1238.88,712.51,1668,1494,2798,42233,45032,23047,21984,0,100,132908.2,204166792,30.4,48
n1m_d128_l2,1000000,128,l2,random,0.5000,0.5000,500000,D_large48_standard,large,STANDARD,48,1,96,100,100,0.9816,5151.2,195.71,223.21,257.29,257.29,194.13,1848,1848,1848,0,1848,0,0,108,100,142299.3,396080968,35.9,96
n1m_d128_l2,1000000,128,l2,random,0.5000,0.5000,500000,E_large48_acorn1,large,ACORN,48,1,96,100,100,0.9196,942.7,1035.38,1431.62,1665.25,1665.25,1060.82,2198,1912,3968,82102,86072,43957,42114,0,100,142299.3,396080968,35.9,96
n1m_d128_l2,1000000,128,l2,random,0.5000,0.5000,500000,C_acorn_g4,acorn,ACORN,16,4,16,100,100,0.6016,4008.2,236.58,352.12,414.58,414.58,249.49,1004,895,2603,5269,7873,4046,3827,0,100,222708.5,185032456,24.6,40
n1m_d128_l2,1000000,128,l2,random,0.5000,0.5000,500000,C_acorn_g8,acorn,ACORN,16,8,16,100,100,0.7152,3714.2,245.21,405.58,516.38,516.38,269.24,1128,1018,2715,5374,8091,4160,3930,0,100,316872.6,202064904,24.6,40
n1m_d128_l2,1000000,128,l2,random,0.5000,0.5000,500000,C_acorn_g16,acorn,ACORN,16,16,16,100,100,0.6328,3384.1,250.58,521.00,919.12,919.12,295.50,1242,1132,2791,5450,8243,4253,3989,0,100,1186950.8,236129800,24.6,40
n1m_d128_l2,1000000,128,l2,random,0.5000,0.5000,500000,A_std_standard,std,STANDARD,16,1,32,250,100,0.9380,3327.3,303.46,393.17,473.08,473.08,300.55,1966,1966,1966,0,1966,0,0,264,100,140884.0,140258120,24.5,32
n1m_d128_l2,1000000,128,l2,random,0.5000,0.5000,500000,B_std_acorn1,std,ACORN,16,1,32,250,100,0.8040,853.9,1080.04,1683.42,2647.58,2647.58,1171.07,1659,1519,6166,77441,83609,42881,40727,0,100,140884.0,140258120,24.5,32
n1m_d128_l2,1000000,128,l2,random,0.5000,0.5000,500000,D_large24_standard,large,STANDARD,24,1,48,250,100,0.9968,3064.2,329.00,387.58,421.21,421.21,326.35,2061,2061,2061,0,2061,0,0,260,100,132908.2,204166792,30.4,48
n1m_d128_l2,1000000,128,l2,random,0.5000,0.5000,500000,E_large24_acorn1,large,ACORN,24,1,48,250,100,0.8774,599.3,1508.42,2605.58,2780.83,2780.83,1668.74,1851,1677,8246,134808,143056,73236,69819,0,100,132908.2,204166792,30.4,48
n1m_d128_l2,1000000,128,l2,random,0.5000,0.5000,500000,D_large48_standard,large,STANDARD,48,1,96,250,100,0.9972,3050.2,331.29,363.96,419.38,419.38,327.85,2138,2138,2138,0,2138,0,0,258,100,142299.3,396080968,35.9,96
n1m_d128_l2,1000000,128,l2,random,0.5000,0.5000,500000,E_large48_acorn1,large,ACORN,48,1,96,250,100,0.9792,435.8,2185.54,3031.58,3736.50,3736.50,2294.68,2424,2138,10330,220973,231304,118174,113130,0,100,142299.3,396080968,35.9,96
n1m_d128_l2,1000000,128,l2,random,0.5000,0.5000,500000,C_acorn_g4,acorn,ACORN,16,4,16,250,100,0.6582,1649.5,561.75,907.92,965.75,965.75,606.24,1256,1147,6591,18133,24726,12753,11972,0,100,222708.5,185032456,24.6,40
n1m_d128_l2,1000000,128,l2,random,0.5000,0.5000,500000,C_acorn_g8,acorn,ACORN,16,8,16,250,100,0.7580,1681.2,572.88,785.04,1030.58,1030.58,594.81,1348,1238,6539,17460,24000,12366,11633,0,100,316872.6,202064904,24.6,40
n1m_d128_l2,1000000,128,l2,random,0.5000,0.5000,500000,C_acorn_g16,acorn,ACORN,16,16,16,250,100,0.7532,1524.8,583.96,1196.88,1298.33,1298.33,655.82,1593,1482,6956,17919,24877,12863,12013,0,100,1186950.8,236129800,24.6,40
n1m_d128_l2,1000000,128,l2,random,0.5000,0.5000,500000,A_std_standard,std,STANDARD,16,1,32,500,100,0.9406,1745.1,569.75,713.50,769.67,769.67,573.03,2166,2166,2166,0,2166,0,0,514,100,140884.0,140258120,24.5,32
n1m_d128_l2,1000000,128,l2,random,0.5000,0.5000,500000,B_std_acorn1,std,ACORN,16,1,32,500,100,0.8436,446.1,2086.00,3851.00,4535.71,4535.71,2241.68,1864,1724,12882,166848,179731,92173,87558,0,100,140884.0,140258120,24.5,32
n1m_d128_l2,1000000,128,l2,random,0.5000,0.5000,500000,D_large24_standard,large,STANDARD,24,1,48,500,100,0.9974,1689.2,583.42,712.88,782.42,782.42,592.00,2141,2141,2141,0,2141,0,0,510,100,132908.2,204166792,30.4,48
n1m_d128_l2,1000000,128,l2,random,0.5000,0.5000,500000,E_large24_acorn1,large,ACORN,24,1,48,500,100,0.9374,321.8,2888.79,4218.38,5232.42,5232.42,3107.91,2059,1885,16732,279852,296585,151720,144864,0,100,132908.2,204166792,30.4,48
n1m_d128_l2,1000000,128,l2,random,0.5000,0.5000,500000,D_large48_standard,large,STANDARD,48,1,96,500,100,0.9974,1654.7,597.12,664.71,694.21,694.21,604.34,2210,2210,2210,0,2210,0,0,508,100,142299.3,396080968,35.9,96
n1m_d128_l2,1000000,128,l2,random,0.5000,0.5000,500000,E_large48_acorn1,large,ACORN,48,1,96,500,100,0.9982,237.6,4042.62,5380.79,7339.50,7339.50,4208.74,2667,2381,19994,432767,452763,231191,221572,0,100,142299.3,396080968,35.9,96
n1m_d128_l2,1000000,128,l2,random,0.5000,0.5000,500000,C_acorn_g4,acorn,ACORN,16,4,16,500,100,0.6804,882.7,1094.17,1535.42,1950.83,1950.83,1132.84,1396,1287,12878,42216,55095,28396,26699,0,100,222708.5,185032456,24.6,40
n1m_d128_l2,1000000,128,l2,random,0.5000,0.5000,500000,C_acorn_g8,acorn,ACORN,16,8,16,500,100,0.7916,827.4,1151.12,1744.21,1865.92,1865.92,1208.55,1526,1415,13025,42302,55328,28478,26849,0,100,316872.6,202064904,24.6,40
n1m_d128_l2,1000000,128,l2,random,0.5000,0.5000,500000,C_acorn_g16,acorn,ACORN,16,16,16,500,100,0.7948,782.3,1125.04,2081.58,2663.46,2663.46,1278.23,1767,1656,13553,43088,56643,29305,27338,0,100,1186950.8,236129800,24.6,40
n1m_d128_l2,1000000,128,l2,random,0.2500,0.2500,250000,F_exact,exact,EXACT,16,0,0,0,10,1.0000,32.2,31073.88,31787.12,32661.33,32661.33,31090.49,250000,0,0,0,1000000,0,0,0,10,0.0,0,0.0,0
n1m_d128_l2,1000000,128,l2,random,0.2500,0.2500,250000,A_std_standard,std,STANDARD,16,1,32,50,10,0.8360,10485.6,93.67,153.92,197.00,197.00,95.37,1103,1103,1103,0,1103,0,0,65,10,140884.0,140258120,24.5,32
n1m_d128_l2,1000000,128,l2,random,0.2500,0.2500,250000,B_std_acorn1,std,ACORN,16,1,32,50,10,0.5900,3048.9,319.88,505.38,742.00,742.00,327.99,753,594,1159,19266,20427,5584,14842,0,10,140884.0,140258120,24.5,32
n1m_d128_l2,1000000,128,l2,random,0.2500,0.2500,250000,D_large24_standard,large,STANDARD,24,1,48,50,10,0.9280,9494.3,105.58,122.79,181.00,181.00,105.33,1279,1279,1279,0,1279,0,0,61,10,132908.2,204166792,30.4,48
n1m_d128_l2,1000000,128,l2,random,0.2500,0.2500,250000,E_large24_acorn1,large,ACORN,24,1,48,50,10,0.8160,2034.6,451.04,718.88,965.04,965.04,491.51,891,709,1630,36508,38140,10313,27826,0,10,132908.2,204166792,30.4,48
n1m_d128_l2,1000000,128,l2,random,0.2500,0.2500,250000,D_large48_standard,large,STANDARD,48,1,96,50,10,0.9640,7356.4,124.79,242.54,324.83,324.83,135.94,1465,1465,1465,0,1465,0,0,58,10,142299.3,396080968,35.9,96
n1m_d128_l2,1000000,128,l2,random,0.2500,0.2500,250000,E_large48_acorn1,large,ACORN,48,1,96,50,10,0.8980,1518.5,649.04,825.79,1200.04,1200.04,658.56,1132,821,2085,64131,66217,17763,48454,0,10,142299.3,396080968,35.9,96
n1m_d128_l2,1000000,128,l2,random,0.2500,0.2500,250000,C_acorn_g4,acorn,ACORN,16,4,16,50,10,0.4400,5227.2,184.42,328.75,439.04,439.04,191.31,544,441,1647,4973,6622,1820,4801,0,10,222708.5,185032456,24.6,40
n1m_d128_l2,1000000,128,l2,random,0.2500,0.2500,250000,C_acorn_g8,acorn,ACORN,16,8,16,50,10,0.4480,5064.6,190.04,337.62,425.38,425.38,197.45,559,450,1661,4902,6564,1795,4769,0,10,316872.6,202064904,24.6,40
n1m_d128_l2,1000000,128,l2,random,0.2500,0.2500,250000,C_acorn_g16,acorn,ACORN,16,16,16,50,10,0.6680,6122.2,156.88,206.71,284.42,284.42,163.34,620,510,1732,5056,6790,1856,4934,0,10,1186950.8,236129800,24.6,40
n1m_d128_l2,1000000,128,l2,random,0.2500,0.2500,250000,A_std_standard,std,STANDARD,16,1,32,100,10,0.9160,6534.1,153.12,229.08,273.92,273.92,153.04,1525,1525,1525,0,1525,0,0,114,10,140884.0,140258120,24.5,32
n1m_d128_l2,1000000,128,l2,random,0.2500,0.2500,250000,B_std_acorn1,std,ACORN,16,1,32,100,10,0.6300,1671.2,573.62,980.08,1157.75,1157.75,598.36,810,652,2529,46312,48843,13337,35505,0,10,140884.0,140258120,24.5,32
n1m_d128_l2,1000000,128,l2,random,0.2500,0.2500,250000,D_large24_standard,large,STANDARD,24,1,48,100,10,0.9860,6050.1,166.67,194.79,244.67,244.67,165.29,1699,1699,1699,0,1699,0,0,110,10,132908.2,204166792,30.4,48
n1m_d128_l2,1000000,128,l2,random,0.2500,0.2500,250000,E_large24_acorn1,large,ACORN,24,1,48,100,10,0.8580,1153.5,790.88,1413.29,1570.88,1570.88,866.89,957,775,3416,81902,85319,23044,62275,0,10,132908.2,204166792,30.4,48
n1m_d128_l2,1000000,128,l2,random,0.2500,0.2500,250000,D_large48_standard,large,STANDARD,48,1,96,100,10,0.9920,5470.5,184.75,212.21,247.12,247.12,182.80,1848,1848,1848,0,1848,0,0,108,10,142299.3,396080968,35.9,96
n1m_d128_l2,1000000,128,l2,random,0.2500,0.2500,250000,E_large48_acorn1,large,ACORN,48,1,96,100,10,0.9580,873.6,1102.79,1612.75,1832.92,1832.92,1144.67,1214,903,4247,134775,139023,37291,101731,0,10,142299.3,396080968,35.9,96
n1m_d128_l2,1000000,128,l2,random,0.2500,0.2500,250000,C_acorn_g4,acorn,ACORN,16,4,16,100,10,0.4640,3783.8,262.12,355.42,454.08,454.08,264.29,630,526,2907,10987,13895,3808,10087,0,10,222708.5,185032456,24.6,40
n1m_d128_l2,1000000,128,l2,random,0.2500,0.2500,250000,C_acorn_g8,acorn,ACORN,16,8,16,100,10,0.4960,3772.5,265.08,349.58,461.75,461.75,265.08,661,552,2963,11048,14012,3837,10174,0,10,316872.6,202064904,24.6,40
n1m_d128_l2,1000000,128,l2,random,0.2500,0.2500,250000,C_acorn_g16,acorn,ACORN,16,16,16,100,10,0.7320,3429.6,274.58,520.29,558.33,558.33,291.58,748,638,3116,11400,14518,3972,10545,0,10,1186950.8,236129800,24.6,40
n1m_d128_l2,1000000,128,l2,random,0.2500,0.2500,250000,A_std_standard,std,STANDARD,16,1,32,250,10,0.9320,3358.6,293.25,442.50,596.75,596.75,297.75,1966,1966,1966,0,1966,0,0,264,10,140884.0,140258120,24.5,32
n1m_d128_l2,1000000,128,l2,random,0.2500,0.2500,250000,B_std_acorn1,std,ACORN,16,1,32,250,10,0.6900,815.3,1104.79,2146.21,2719.75,2719.75,1226.53,983,824,6746,129581,136329,37163,99166,0,10,140884.0,140258120,24.5,32
n1m_d128_l2,1000000,128,l2,random,0.2500,0.2500,250000,D_large24_standard,large,STANDARD,24,1,48,250,10,0.9960,3377.1,299.71,314.88,394.04,394.04,296.11,2061,2061,2061,0,2061,0,0,260,10,132908.2,204166792,30.4,48
n1m_d128_l2,1000000,128,l2,random,0.2500,0.2500,250000,E_large24_acorn1,large,ACORN,24,1,48,250,10,0.9580,506.8,1838.75,3485.96,4210.46,4210.46,1973.04,1094,912,8794,218276,227071,61332,165738,0,10,132908.2,204166792,30.4,48
n1m_d128_l2,1000000,128,l2,random,0.2500,0.2500,250000,D_large48_standard,large,STANDARD,48,1,96,250,10,0.9980,3113.4,312.25,414.88,637.00,637.00,321.19,2138,2138,2138,0,2138,0,0,258,10,142299.3,396080968,35.9,96
n1m_d128_l2,1000000,128,l2,random,0.2500,0.2500,250000,E_large48_acorn1,large,ACORN,48,1,96,250,10,0.9980,435.4,2226.50,2985.67,3863.25,3863.25,2296.91,1358,1046,10108,326100,336210,90263,245947,0,10,142299.3,396080968,35.9,96
n1m_d128_l2,1000000,128,l2,random,0.2500,0.2500,250000,C_acorn_g4,acorn,ACORN,16,4,16,250,10,0.4900,1679.9,584.88,791.75,1095.04,1095.04,595.29,734,630,6678,31999,38679,10603,28075,0,10,222708.5,185032456,24.6,40
n1m_d128_l2,1000000,128,l2,random,0.2500,0.2500,250000,C_acorn_g8,acorn,ACORN,16,8,16,250,10,0.5720,1520.8,613.62,1156.83,1451.88,1451.88,657.54,839,730,7163,34101,41265,11378,29887,0,10,316872.6,202064904,24.6,40
n1m_d128_l2,1000000,128,l2,random,0.2500,0.2500,250000,C_acorn_g16,acorn,ACORN,16,16,16,250,10,0.7740,1417.9,651.62,1022.71,1558.79,1558.79,705.27,921,811,7178,33911,41091,11354,29737,0,10,1186950.8,236129800,24.6,40
n1m_d128_l2,1000000,128,l2,random,0.2500,0.2500,250000,A_std_standard,std,STANDARD,16,1,32,500,10,0.9340,1829.5,546.12,652.33,719.04,719.04,546.60,2166,2166,2166,0,2166,0,0,514,10,140884.0,140258120,24.5,32
n1m_d128_l2,1000000,128,l2,random,0.2500,0.2500,250000,B_std_acorn1,std,ACORN,16,1,32,500,10,0.7700,405.3,2103.38,4038.96,4181.21,4181.21,2467.36,1296,1138,13676,265927,279605,76492,203112,0,10,140884.0,140258120,24.5,32
n1m_d128_l2,1000000,128,l2,random,0.2500,0.2500,250000,D_large24_standard,large,STANDARD,24,1,48,500,10,0.9960,1820.8,555.54,592.38,665.25,665.25,549.22,2141,2141,2141,0,2141,0,0,510,10,132908.2,204166792,30.4,48
n1m_d128_l2,1000000,128,l2,random,0.2500,0.2500,250000,E_large24_acorn1,large,ACORN,24,1,48,500,10,0.9780,321.6,2888.42,4407.08,5527.17,5527.17,3109.54,1363,1181,16152,405069,421222,113999,307223,0,10,132908.2,204166792,30.4,48
n1m_d128_l2,1000000,128,l2,random,0.2500,0.2500,250000,D_large48_standard,large,STANDARD,48,1,96,500,10,0.9980,1773.1,564.17,605.96,670.42,670.42,563.97,2210,2210,2210,0,2210,0,0,508,10,142299.3,396080968,35.9,96
n1m_d128_l2,1000000,128,l2,random,0.2500,0.2500,250000,E_large48_acorn1,large,ACORN,48,1,96,500,10,0.9980,256.2,3806.21,4978.00,5531.33,5531.33,3903.65,1676,1364,18147,587818,605967,162836,443130,0,10,142299.3,396080968,35.9,96
n1m_d128_l2,1000000,128,l2,random,0.2500,0.2500,250000,C_acorn_g4,acorn,ACORN,16,4,16,500,10,0.5500,823.4,1104.88,1903.04,3047.50,3047.50,1214.50,1037,933,13649,70687,84338,23030,61307,0,10,222708.5,185032456,24.6,40
n1m_d128_l2,1000000,128,l2,random,0.2500,0.2500,250000,C_acorn_g8,acorn,ACORN,16,8,16,500,10,0.6340,739.9,1159.83,2431.62,2991.62,2991.62,1351.46,1156,1047,14416,74968,89386,24633,64752,0,10,316872.6,202064904,24.6,40
n1m_d128_l2,1000000,128,l2,random,0.2500,0.2500,250000,C_acorn_g16,acorn,ACORN,16,16,16,500,10,0.8140,771.8,1152.29,2085.75,2250.79,2250.79,1295.66,1193,1083,13749,70417,84168,23208,60960,0,10,1186950.8,236129800,24.6,40
n1m_d128_l2,1000000,128,l2,random,0.2500,0.2500,250000,F_exact,exact,EXACT,16,0,0,0,100,1.0000,32.1,31086.00,31781.29,32676.46,32676.46,31104.90,250000,0,0,0,1000000,0,0,0,100,0.0,0,0.0,0
n1m_d128_l2,1000000,128,l2,random,0.2500,0.2500,250000,A_std_standard,std,STANDARD,16,1,32,50,100,0.6972,8517.1,115.38,188.08,247.58,247.58,117.41,1103,1103,1103,0,1103,0,0,65,98,140884.0,140258120,24.5,32
n1m_d128_l2,1000000,128,l2,random,0.2500,0.2500,250000,B_std_acorn1,std,ACORN,16,1,32,50,100,0.5934,2886.8,338.00,534.33,792.62,792.62,346.40,753,594,1159,19266,20427,5584,14842,0,100,140884.0,140258120,24.5,32
n1m_d128_l2,1000000,128,l2,random,0.2500,0.2500,250000,D_large24_standard,large,STANDARD,24,1,48,50,100,0.8238,7743.6,129.25,187.17,212.04,212.04,129.14,1279,1279,1279,0,1279,0,0,61,100,132908.2,204166792,30.4,48
n1m_d128_l2,1000000,128,l2,random,0.2500,0.2500,250000,E_large24_acorn1,large,ACORN,24,1,48,50,100,0.8176,2058.5,447.79,807.21,951.33,951.33,485.78,891,709,1630,36508,38140,10313,27826,0,100,132908.2,204166792,30.4,48
n1m_d128_l2,1000000,128,l2,random,0.2500,0.2500,250000,D_large48_standard,large,STANDARD,48,1,96,50,100,0.8710,7364.8,138.12,148.79,209.08,209.08,135.78,1465,1465,1465,0,1465,0,0,58,100,142299.3,396080968,35.9,96
n1m_d128_l2,1000000,128,l2,random,0.2500,0.2500,250000,E_large48_acorn1,large,ACORN,48,1,96,50,100,0.8984,1407.0,701.42,936.42,1133.67,1133.67,710.72,1132,821,2085,64131,66217,17763,48454,0,100,142299.3,396080968,35.9,96
n1m_d128_l2,1000000,128,l2,random,0.2500,0.2500,250000,C_acorn_g4,acorn,ACORN,16,4,16,50,100,0.4320,5809.9,164.79,237.21,323.50,323.50,172.12,544,441,1647,4973,6622,1820,4801,0,100,222708.5,185032456,24.6,40
n1m_d128_l2,1000000,128,l2,random,0.2500,0.2500,250000,C_acorn_g8,acorn,ACORN,16,8,16,50,100,0.4454,6055.8,162.92,254.58,306.00,306.00,165.13,559,450,1661,4902,6564,1795,4769,0,100,316872.6,202064904,24.6,40
n1m_d128_l2,1000000,128,l2,random,0.2500,0.2500,250000,C_acorn_g16,acorn,ACORN,16,16,16,50,100,0.6458,5661.7,169.79,243.50,304.96,304.96,176.62,620,510,1732,5056,6790,1856,4934,0,100,1186950.8,236129800,24.6,40
n1m_d128_l2,1000000,128,l2,random,0.2500,0.2500,250000,A_std_standard,std,STANDARD,16,1,32,100,100,0.8636,6115.4,162.50,230.00,295.96,295.96,163.52,1525,1525,1525,0,1525,0,0,114,99,140884.0,140258120,24.5,32
n1m_d128_l2,1000000,128,l2,random,0.2500,0.2500,250000,B_std_acorn1,std,ACORN,16,1,32,100,100,0.6348,1542.3,610.21,1070.62,1367.75,1367.75,648.37,810,652,2529,46312,48843,13337,35505,0,100,140884.0,140258120,24.5,32
n1m_d128_l2,1000000,128,l2,random,0.2500,0.2500,250000,D_large24_standard,large,STANDARD,24,1,48,100,100,0.9548,5542.7,180.33,241.96,291.08,291.08,180.42,1699,1699,1699,0,1699,0,0,110,100,132908.2,204166792,30.4,48
n1m_d128_l2,1000000,128,l2,random,0.2500,0.2500,250000,E_large24_acorn1,large,ACORN,24,1,48,100,100,0.8578,1143.3,819.71,1256.71,1550.29,1550.29,874.70,957,775,3416,81902,85319,23044,62275,0,100,132908.2,204166792,30.4,48
n1m_d128_l2,1000000,128,l2,random,0.2500,0.2500,250000,D_large48_standard,large,STANDARD,48,1,96,100,100,0.9712,5274.7,191.21,225.17,257.83,257.83,189.58,1848,1848,1848,0,1848,0,0,108,100,142299.3,396080968,35.9,96
n1m_d128_l2,1000000,128,l2,random,0.2500,0.2500,250000,E_large48_acorn1,large,ACORN,48,1,96,100,100,0.9584,779.3,1231.42,2218.25,2420.62,2420.62,1283.20,1214,903,4247,134775,139023,37291,101731,0,100,142299.3,396080968,35.9,96
n1m_d128_l2,1000000,128,l2,random,0.2500,0.2500,250000,C_acorn_g4,acorn,ACORN,16,4,16,100,100,0.4544,3082.0,317.12,471.88,566.67,566.67,324.47,630,526,2907,10987,13895,3808,10087,0,100,222708.5,185032456,24.6,40
n1m_d128_l2,1000000,128,l2,random,0.2500,0.2500,250000,C_acorn_g8,acorn,ACORN,16,8,16,100,100,0.4934,3223.4,292.67,444.00,991.58,991.58,310.23,661,552,2963,11048,14012,3837,10174,0,100,316872.6,202064904,24.6,40
n1m_d128_l2,1000000,128,l2,random,0.2500,0.2500,250000,C_acorn_g16,acorn,ACORN,16,16,16,100,100,0.7232,2681.9,334.21,626.71,725.42,725.42,372.88,748,638,3116,11400,14518,3972,10545,0,100,1186950.8,236129800,24.6,40
n1m_d128_l2,1000000,128,l2,random,0.2500,0.2500,250000,A_std_standard,std,STANDARD,16,1,32,250,100,0.9358,3147.1,316.25,459.08,500.96,500.96,317.75,1966,1966,1966,0,1966,0,0,264,99,140884.0,140258120,24.5,32
n1m_d128_l2,1000000,128,l2,random,0.2500,0.2500,250000,B_std_acorn1,std,ACORN,16,1,32,250,100,0.6946,727.5,1216.75,2208.54,2956.92,2956.92,1374.53,983,824,6746,129581,136329,37163,99166,0,100,140884.0,140258120,24.5,32
n1m_d128_l2,1000000,128,l2,random,0.2500,0.2500,250000,D_large24_standard,large,STANDARD,24,1,48,250,100,0.9960,3179.9,318.67,370.46,418.38,418.38,314.48,2061,2061,2061,0,2061,0,0,260,100,132908.2,204166792,30.4,48
n1m_d128_l2,1000000,128,l2,random,0.2500,0.2500,250000,E_large24_acorn1,large,ACORN,24,1,48,250,100,0.9576,544.3,1694.96,2686.08,3753.29,3753.29,1837.25,1094,912,8794,218276,227071,61332,165738,0,100,132908.2,204166792,30.4,48
n1m_d128_l2,1000000,128,l2,random,0.2500,0.2500,250000,D_large48_standard,large,STANDARD,48,1,96,250,100,0.9974,3147.7,321.83,346.75,408.54,408.54,317.69,2138,2138,2138,0,2138,0,0,258,100,142299.3,396080968,35.9,96
n1m_d128_l2,1000000,128,l2,random,0.2500,0.2500,250000,E_large48_acorn1,large,ACORN,48,1,96,250,100,0.9984,430.7,2180.92,3633.88,3796.00,3796.00,2321.55,1358,1046,10108,326100,336210,90263,245947,0,100,142299.3,396080968,35.9,96
n1m_d128_l2,1000000,128,l2,random,0.2500,0.2500,250000,C_acorn_g4,acorn,ACORN,16,4,16,250,100,0.4824,1646.4,604.96,790.08,1059.67,1059.67,607.39,734,630,6678,31999,38679,10603,28075,0,100,222708.5,185032456,24.6,40
n1m_d128_l2,1000000,128,l2,random,0.2500,0.2500,250000,C_acorn_g8,acorn,ACORN,16,8,16,250,100,0.5780,1447.3,645.25,1082.38,1322.83,1322.83,690.94,839,730,7163,34101,41265,11378,29887,0,100,316872.6,202064904,24.6,40
n1m_d128_l2,1000000,128,l2,random,0.2500,0.2500,250000,C_acorn_g16,acorn,ACORN,16,16,16,250,100,0.7738,1432.0,641.21,1157.71,1508.17,1508.17,698.31,921,811,7178,33911,41091,11354,29737,0,100,1186950.8,236129800,24.6,40
n1m_d128_l2,1000000,128,l2,random,0.2500,0.2500,250000,A_std_standard,std,STANDARD,16,1,32,500,100,0.9420,1729.8,571.88,733.92,1032.62,1032.62,578.09,2166,2166,2166,0,2166,0,0,514,100,140884.0,140258120,24.5,32
n1m_d128_l2,1000000,128,l2,random,0.2500,0.2500,250000,B_std_acorn1,std,ACORN,16,1,32,500,100,0.7690,395.8,2156.38,4120.38,4173.62,4173.62,2526.70,1296,1138,13676,265927,279605,76492,203112,0,100,140884.0,140258120,24.5,32
n1m_d128_l2,1000000,128,l2,random,0.2500,0.2500,250000,D_large24_standard,large,STANDARD,24,1,48,500,100,0.9970,1685.5,579.96,755.83,1106.50,1106.50,593.31,2141,2141,2141,0,2141,0,0,510,100,132908.2,204166792,30.4,48
n1m_d128_l2,1000000,128,l2,random,0.2500,0.2500,250000,E_large24_acorn1,large,ACORN,24,1,48,500,100,0.9776,317.3,2931.67,4460.71,5450.42,5450.42,3151.83,1363,1181,16152,405069,421222,113999,307223,0,100,132908.2,204166792,30.4,48
n1m_d128_l2,1000000,128,l2,random,0.2500,0.2500,250000,D_large48_standard,large,STANDARD,48,1,96,500,100,0.9984,1713.7,582.04,697.58,719.67,719.67,583.53,2210,2210,2210,0,2210,0,0,508,100,142299.3,396080968,35.9,96
n1m_d128_l2,1000000,128,l2,random,0.2500,0.2500,250000,E_large48_acorn1,large,ACORN,48,1,96,500,100,0.9984,250.7,3880.08,4678.75,5464.88,5464.88,3988.24,1676,1364,18147,587818,605967,162836,443130,0,100,142299.3,396080968,35.9,96
n1m_d128_l2,1000000,128,l2,random,0.2500,0.2500,250000,C_acorn_g4,acorn,ACORN,16,4,16,500,100,0.5442,776.0,1147.92,1935.54,3623.75,3623.75,1288.65,1037,933,13649,70687,84338,23030,61307,0,100,222708.5,185032456,24.6,40
n1m_d128_l2,1000000,128,l2,random,0.2500,0.2500,250000,C_acorn_g8,acorn,ACORN,16,8,16,500,100,0.6350,748.7,1164.79,2395.67,2850.08,2850.08,1335.67,1156,1047,14416,74968,89386,24633,64752,0,100,316872.6,202064904,24.6,40
n1m_d128_l2,1000000,128,l2,random,0.2500,0.2500,250000,C_acorn_g16,acorn,ACORN,16,16,16,500,100,0.8146,787.8,1117.83,2064.58,2409.75,2409.75,1269.40,1193,1083,13749,70417,84168,23208,60960,0,100,1186950.8,236129800,24.6,40
n1m_d128_l2,1000000,128,l2,random,0.1000,0.1000,100000,F_exact,exact,EXACT,16,0,0,0,10,1.0000,67.5,14749.83,15312.12,16004.08,16004.08,14808.57,100000,0,0,0,1000000,0,0,0,10,0.0,0,0.0,0
n1m_d128_l2,1000000,128,l2,random,0.1000,0.1000,100000,A_std_standard,std,STANDARD,16,1,32,50,10,0.7780,10066.0,98.12,159.58,207.42,207.42,99.34,1103,1103,1103,0,1103,0,0,65,10,140884.0,140258120,24.5,32
n1m_d128_l2,1000000,128,l2,random,0.1000,0.1000,100000,B_std_acorn1,std,ACORN,16,1,32,50,10,0.4760,2482.3,372.79,678.50,912.62,912.62,402.86,407,254,1475,32682,34158,4301,29856,0,10,140884.0,140258120,24.5,32
n1m_d128_l2,1000000,128,l2,random,0.1000,0.1000,100000,D_large24_standard,large,STANDARD,24,1,48,50,10,0.9040,8984.3,114.50,125.08,175.12,175.12,111.31,1279,1279,1279,0,1279,0,0,61,10,132908.2,204166792,30.4,48
n1m_d128_l2,1000000,128,l2,random,0.1000,0.1000,100000,E_large24_acorn1,large,ACORN,24,1,48,50,10,0.7380,1962.6,493.17,759.50,856.38,856.38,509.52,408,249,1807,52199,54007,6642,47365,0,10,132908.2,204166792,30.4,48
n1m_d128_l2,1000000,128,l2,random,0.1000,0.1000,100000,D_large48_standard,large,STANDARD,48,1,96,50,10,0.9360,8059.3,122.88,158.29,224.04,224.04,124.08,1465,1465,1465,0,1465,0,0,58,10,142299.3,396080968,35.9,96
n1m_d128_l2,1000000,128,l2,random,0.1000,0.1000,100000,E_large48_acorn1,large,ACORN,48,1,96,50,10,0.9400,1332.4,692.96,1073.00,1286.83,1286.83,750.55,599,365,2385,90633,93020,11218,81801,0,10,142299.3,396080968,35.9,96
n1m_d128_l2,1000000,128,l2,random,0.1000,0.1000,100000,C_acorn_g4,acorn,ACORN,16,4,16,50,10,0.2560,6611.8,156.33,192.88,470.79,470.79,151.25,245,199,1710,8459,10171,1304,8866,0,10,222708.5,185032456,24.6,40
n1m_d128_l2,1000000,128,l2,random,0.1000,0.1000,100000,C_acorn_g8,acorn,ACORN,16,8,16,50,10,0.4240,5027.1,192.54,322.79,415.67,415.67,198.92,289,210,2122,8885,11009,1429,9580,0,10,316872.6,202064904,24.6,40
n1m_d128_l2,1000000,128,l2,random,0.1000,0.1000,100000,C_acorn_g16,acorn,ACORN,16,16,16,50,10,0.5000,5874.7,168.83,276.79,398.17,398.17,170.22,319,225,2291,8870,11163,1450,9713,0,10,1186950.8,236129800,24.6,40
n1m_d128_l2,1000000,128,l2,random,0.1000,0.1000,100000,A_std_standard,std,STANDARD,16,1,32,100,10,0.9080,6567.6,153.17,247.42,270.38,270.38,152.26,1525,1525,1525,0,1525,0,0,114,10,140884.0,140258120,24.5,32
n1m_d128_l2,1000000,128,l2,random,0.1000,0.1000,100000,B_std_acorn1,std,ACORN,16,1,32,100,10,0.4960,1619.1,578.17,1047.46,1252.92,1252.92,617.64,444,292,2875,66092,68969,8712,60256,0,10,140884.0,140258120,24.5,32
n1m_d128_l2,1000000,128,l2,random,0.1000,0.1000,100000,D_large24_standard,large,STANDARD,24,1,48,100,10,0.9900,6206.5,164.46,185.50,233.38,233.38,161.12,1699,1699,1699,0,1699,0,0,110,10,132908.2,204166792,30.4,48
n1m_d128_l2,1000000,128,l2,random,0.1000,0.1000,100000,E_large24_acorn1,large,ACORN,24,1,48,100,10,0.7780,1186.4,809.71,1187.17,1332.38,1332.38,842.89,425,265,3438,102221,105661,12957,92703,0,10,132908.2,204166792,30.4,48
n1m_d128_l2,1000000,128,l2,random,0.1000,0.1000,100000,D_large48_standard,large,STANDARD,48,1,96,100,10,0.9960,5521.3,181.96,222.92,239.62,239.62,181.12,1848,1848,1848,0,1848,0,0,108,10,142299.3,396080968,35.9,96
n1m_d128_l2,1000000,128,l2,random,0.1000,0.1000,100000,E_large48_acorn1,large,ACORN,48,1,96,100,10,0.9600,952.5,1007.46,1407.67,1634.21,1634.21,1049.91,627,394,4287,165754,170042,20478,149563,0,10,142299.3,396080968,35.9,96
n1m_d128_l2,1000000,128,l2,random,0.1000,0.1000,100000,C_acorn_g4,acorn,ACORN,16,4,16,100,10,0.2620,3576.6,279.12,376.79,598.50,598.50,279.60,277,231,3004,17552,20557,2660,17897,0,10,222708.5,185032456,24.6,40
n1m_d128_l2,1000000,128,l2,random,0.1000,0.1000,100000,C_acorn_g8,acorn,ACORN,16,8,16,100,10,0.4600,3161.9,303.96,506.62,601.62,601.62,316.27,320,240,3391,17925,21317,2776,18541,0,10,316872.6,202064904,24.6,40
n1m_d128_l2,1000000,128,l2,random,0.1000,0.1000,100000,C_acorn_g16,acorn,ACORN,16,16,16,100,10,0.5560,3257.3,302.50,482.50,722.42,722.42,307.00,373,280,3707,18889,22598,2960,19637,0,10,1186950.8,236129800,24.6,40
n1m_d128_l2,1000000,128,l2,random,0.1000,0.1000,100000,A_std_standard,std,STANDARD,16,1,32,250,10,0.9360,3468.0,291.08,414.08,438.42,438.42,288.35,1966,1966,1966,0,1966,0,0,264,10,140884.0,140258120,24.5,32
n1m_d128_l2,1000000,128,l2,random,0.1000,0.1000,100000,B_std_acorn1,std,ACORN,16,1,32,250,10,0.5560,706.7,1345.38,1884.08,3109.83,3109.83,1415.09,715,562,6719,156997,163717,20682,143034,0,10,140884.0,140258120,24.5,32
n1m_d128_l2,1000000,128,l2,random,0.1000,0.1000,100000,D_large24_standard,large,STANDARD,24,1,48,250,10,0.9980,3359.8,303.17,337.62,397.17,397.17,297.64,2061,2061,2061,0,2061,0,0,260,10,132908.2,204166792,30.4,48
n1m_d128_l2,1000000,128,l2,random,0.1000,0.1000,100000,E_large24_acorn1,large,ACORN,24,1,48,250,10,0.7980,589.4,1652.75,2191.42,3148.00,3148.00,1696.50,721,562,8095,243534,251630,30910,220720,0,10,132908.2,204166792,30.4,48
n1m_d128_l2,1000000,128,l2,random,0.1000,0.1000,100000,D_large48_standard,large,STANDARD,48,1,96,250,10,1.0000,3100.0,322.46,375.12,520.75,520.75,322.58,2138,2138,2138,0,2138,0,0,258,10,142299.3,396080968,35.9,96
n1m_d128_l2,1000000,128,l2,random,0.1000,0.1000,100000,E_large48_acorn1,large,ACORN,48,1,96,250,10,1.0000,449.5,2181.54,3024.25,3632.33,3632.33,2224.54,1005,771,9338,363720,373059,44938,328120,0,10,142299.3,396080968,35.9,96
n1m_d128_l2,1000000,128,l2,random,0.1000,0.1000,100000,C_acorn_g4,acorn,ACORN,16,4,16,250,10,0.2960,1354.4,694.17,1421.33,2771.83,2771.83,738.36,525,480,7238,46821,54060,7020,47039,0,10,222708.5,185032456,24.6,40
n1m_d128_l2,1000000,128,l2,random,0.1000,0.1000,100000,C_acorn_g8,acorn,ACORN,16,8,16,250,10,0.4820,1587.7,638.38,898.25,1017.46,1017.46,629.86,520,440,7181,44309,51492,6719,44773,0,10,316872.6,202064904,24.6,40
n1m_d128_l2,1000000,128,l2,random,0.1000,0.1000,100000,C_acorn_g16,acorn,ACORN,16,16,16,250,10,0.6400,1337.8,713.42,1233.75,1512.21,1512.21,747.50,634,540,7736,46702,54440,7104,47335,0,10,1186950.8,236129800,24.6,40
n1m_d128_l2,1000000,128,l2,random,0.1000,0.1000,100000,A_std_standard,std,STANDARD,16,1,32,500,10,0.9360,1867.2,536.62,642.42,719.62,719.62,535.56,2166,2166,2166,0,2166,0,0,514,10,140884.0,140258120,24.5,32
n1m_d128_l2,1000000,128,l2,random,0.1000,0.1000,100000,B_std_acorn1,std,ACORN,16,1,32,500,10,0.6560,340.6,2657.83,4607.96,6025.25,6025.25,2936.29,1218,1065,14320,336886,351207,44506,306700,0,10,140884.0,140258120,24.5,32
n1m_d128_l2,1000000,128,l2,random,0.1000,0.1000,100000,D_large24_standard,large,STANDARD,24,1,48,500,10,0.9980,1817.9,553.21,629.29,668.62,668.62,550.07,2141,2141,2141,0,2141,0,0,510,10,132908.2,204166792,30.4,48
n1m_d128_l2,1000000,128,l2,random,0.1000,0.1000,100000,E_large24_acorn1,large,ACORN,24,1,48,500,10,0.8180,289.5,3313.12,4037.21,6512.92,6512.92,3454.06,1128,969,15997,482927,498925,61364,437561,0,10,132908.2,204166792,30.4,48
n1m_d128_l2,1000000,128,l2,random,0.1000,0.1000,100000,D_large48_standard,large,STANDARD,48,1,96,500,10,1.0000,1843.6,550.83,588.38,629.38,629.38,542.43,2210,2210,2210,0,2210,0,0,508,10,142299.3,396080968,35.9,96
n1m_d128_l2,1000000,128,l2,random,0.1000,0.1000,100000,E_large48_acorn1,large,ACORN,48,1,96,500,10,1.0000,209.8,4573.08,6479.62,6947.83,6947.83,4767.04,1663,1430,18256,712993,731250,87932,643317,0,10,142299.3,396080968,35.9,96
n1m_d128_l2,1000000,128,l2,random,0.1000,0.1000,100000,C_acorn_g4,acorn,ACORN,16,4,16,500,10,0.4060,633.9,1564.08,2688.12,2758.58,2758.58,1577.63,1023,978,14945,99851,114798,14953,99844,0,10,222708.5,185032456,24.6,40
n1m_d128_l2,1000000,128,l2,random,0.1000,0.1000,100000,C_acorn_g8,acorn,ACORN,16,8,16,500,10,0.5220,775.7,1319.33,2256.12,2596.08,2596.08,1289.22,884,804,13334,87476,100812,13157,87654,0,10,316872.6,202064904,24.6,40
n1m_d128_l2,1000000,128,l2,random,0.1000,0.1000,100000,C_acorn_g16,acorn,ACORN,16,16,16,500,10,0.7800,676.5,1357.29,2490.88,2504.12,2504.12,1478.30,1117,1023,15068,97640,112710,14616,98093,0,10,1186950.8,236129800,24.6,40
n1m_d128_l2,1000000,128,l2,random,0.1000,0.1000,100000,F_exact,exact,EXACT,16,0,0,0,100,1.0000,68.4,14582.54,15065.33,15551.25,15551.25,14612.02,100000,0,0,0,1000000,0,0,0,100,0.0,0,0.0,0
n1m_d128_l2,1000000,128,l2,random,0.1000,0.1000,100000,A_std_standard,std,STANDARD,16,1,32,50,100,0.5950,8965.3,108.96,179.88,234.62,234.62,111.54,1103,1103,1103,0,1103,0,0,65,89,140884.0,140258120,24.5,32
n1m_d128_l2,1000000,128,l2,random,0.1000,0.1000,100000,B_std_acorn1,std,ACORN,16,1,32,50,100,0.4746,2446.3,376.83,624.83,1116.21,1116.21,408.78,407,254,1475,32682,34158,4301,29856,0,100,140884.0,140258120,24.5,32
n1m_d128_l2,1000000,128,l2,random,0.1000,0.1000,100000,D_large24_standard,large,STANDARD,24,1,48,50,100,0.7020,8137.5,123.04,162.17,197.17,197.17,122.89,1279,1279,1279,0,1279,0,0,61,99,132908.2,204166792,30.4,48
n1m_d128_l2,1000000,128,l2,random,0.1000,0.1000,100000,E_large24_acorn1,large,ACORN,24,1,48,50,100,0.7378,2099.3,474.08,705.46,746.33,746.33,476.35,408,249,1807,52199,54007,6642,47365,0,100,132908.2,204166792,30.4,48
n1m_d128_l2,1000000,128,l2,random,0.1000,0.1000,100000,D_large48_standard,large,STANDARD,48,1,96,50,100,0.7786,7548.9,134.00,166.25,191.50,191.50,132.47,1465,1465,1465,0,1465,0,0,58,100,142299.3,396080968,35.9,96
n1m_d128_l2,1000000,128,l2,random,0.1000,0.1000,100000,E_large48_acorn1,large,ACORN,48,1,96,50,100,0.9380,1294.4,696.17,1239.62,1966.00,1966.00,772.55,599,365,2385,90633,93020,11218,81801,0,100,142299.3,396080968,35.9,96
n1m_d128_l2,1000000,128,l2,random,0.1000,0.1000,100000,C_acorn_g4,acorn,ACORN,16,4,16,50,100,0.2518,5199.3,193.04,266.25,378.54,378.54,192.34,245,199,1710,8459,10171,1304,8866,0,100,222708.5,185032456,24.6,40
n1m_d128_l2,1000000,128,l2,random,0.1000,0.1000,100000,C_acorn_g8,acorn,ACORN,16,8,16,50,100,0.4126,4799.9,197.75,392.25,470.00,470.00,208.34,289,210,2122,8885,11009,1429,9580,0,100,316872.6,202064904,24.6,40
n1m_d128_l2,1000000,128,l2,random,0.1000,0.1000,100000,C_acorn_g16,acorn,ACORN,16,16,16,50,100,0.4934,5386.8,181.92,298.00,521.50,521.50,185.64,319,225,2291,8870,11163,1450,9713,0,100,1186950.8,236129800,24.6,40
n1m_d128_l2,1000000,128,l2,random,0.1000,0.1000,100000,A_std_standard,std,STANDARD,16,1,32,100,100,0.7892,6230.7,159.79,229.92,296.00,296.00,160.50,1525,1525,1525,0,1525,0,0,114,97,140884.0,140258120,24.5,32
n1m_d128_l2,1000000,128,l2,random,0.1000,0.1000,100000,B_std_acorn1,std,ACORN,16,1,32,100,100,0.4946,1365.9,652.17,1279.17,1394.04,1394.04,732.14,444,292,2875,66092,68969,8712,60256,0,100,140884.0,140258120,24.5,32
n1m_d128_l2,1000000,128,l2,random,0.1000,0.1000,100000,D_large24_standard,large,STANDARD,24,1,48,100,100,0.8912,5054.1,195.42,255.29,260.75,260.75,197.86,1699,1699,1699,0,1699,0,0,110,100,132908.2,204166792,30.4,48
n1m_d128_l2,1000000,128,l2,random,0.1000,0.1000,100000,E_large24_acorn1,large,ACORN,24,1,48,100,100,0.7778,1268.0,784.96,1018.92,1388.29,1388.29,788.66,425,265,3438,102221,105661,12957,92703,0,100,132908.2,204166792,30.4,48
n1m_d128_l2,1000000,128,l2,random,0.1000,0.1000,100000,D_large48_standard,large,STANDARD,48,1,96,100,100,0.9258,5649.1,181.25,208.54,235.83,235.83,177.02,1848,1848,1848,0,1848,0,0,108,100,142299.3,396080968,35.9,96
n1m_d128_l2,1000000,128,l2,random,0.1000,0.1000,100000,E_large48_acorn1,large,ACORN,48,1,96,100,100,0.9580,856.1,1107.21,1751.25,1863.29,1863.29,1168.11,627,394,4287,165754,170042,20478,149563,0,100,142299.3,396080968,35.9,96
n1m_d128_l2,1000000,128,l2,random,0.1000,0.1000,100000,C_acorn_g4,acorn,ACORN,16,4,16,100,100,0.2612,3847.7,268.96,367.58,617.25,617.25,259.90,277,231,3004,17552,20557,2660,17897,0,100,222708.5,185032456,24.6,40
n1m_d128_l2,1000000,128,l2,random,0.1000,0.1000,100000,C_acorn_g8,acorn,ACORN,16,8,16,100,100,0.4520,3471.9,293.29,434.29,539.42,539.42,288.03,320,240,3391,17925,21317,2776,18541,0,100,316872.6,202064904,24.6,40
n1m_d128_l2,1000000,128,l2,random,0.1000,0.1000,100000,C_acorn_g16,acorn,ACORN,16,16,16,100,100,0.5500,2971.7,328.17,573.42,702.50,702.50,336.51,373,280,3707,18889,22598,2960,19637,0,100,1186950.8,236129800,24.6,40
n1m_d128_l2,1000000,128,l2,random,0.1000,0.1000,100000,A_std_standard,std,STANDARD,16,1,32,250,100,0.9198,3065.9,316.75,488.00,634.12,634.12,326.17,1966,1966,1966,0,1966,0,0,264,97,140884.0,140258120,24.5,32
n1m_d128_l2,1000000,128,l2,random,0.1000,0.1000,100000,B_std_acorn1,std,ACORN,16,1,32,250,100,0.5548,709.0,1330.96,1924.42,2453.58,2453.58,1410.48,715,562,6719,156997,163717,20682,143034,0,100,140884.0,140258120,24.5,32
n1m_d128_l2,1000000,128,l2,random,0.1000,0.1000,100000,D_large24_standard,large,STANDARD,24,1,48,250,100,0.9892,3225.8,313.25,367.29,412.42,412.42,310.00,2061,2061,2061,0,2061,0,0,260,100,132908.2,204166792,30.4,48
n1m_d128_l2,1000000,128,l2,random,0.1000,0.1000,100000,E_large24_acorn1,large,ACORN,24,1,48,250,100,0.7978,598.5,1627.00,2142.25,3287.88,3287.88,1670.94,721,562,8095,243534,251630,30910,220720,0,100,132908.2,204166792,30.4,48
n1m_d128_l2,1000000,128,l2,random,0.1000,0.1000,100000,D_large48_standard,large,STANDARD,48,1,96,250,100,0.9942,3001.9,328.96,447.50,471.92,471.92,333.12,2138,2138,2138,0,2138,0,0,258,100,142299.3,396080968,35.9,96
n1m_d128_l2,1000000,128,l2,random,0.1000,0.1000,100000,E_large48_acorn1,large,ACORN,48,1,96,250,100,0.9980,450.9,2139.25,2932.62,3359.50,3359.50,2217.70,1005,771,9338,363720,373059,44938,328120,0,100,142299.3,396080968,35.9,96
n1m_d128_l2,1000000,128,l2,random,0.1000,0.1000,100000,C_acorn_g4,acorn,ACORN,16,4,16,250,100,0.2894,1440.9,666.08,1325.21,2133.38,2133.38,694.01,525,480,7238,46821,54060,7020,47039,0,100,222708.5,185032456,24.6,40
n1m_d128_l2,1000000,128,l2,random,0.1000,0.1000,100000,C_acorn_g8,acorn,ACORN,16,8,16,250,100,0.4748,1536.6,643.04,960.12,1082.21,1082.21,650.81,520,440,7181,44309,51492,6719,44773,0,100,316872.6,202064904,24.6,40
n1m_d128_l2,1000000,128,l2,random,0.1000,0.1000,100000,C_acorn_g16,acorn,ACORN,16,16,16,250,100,0.6350,1424.1,658.04,1049.67,1433.88,1433.88,702.18,634,540,7736,46702,54440,7104,47335,0,100,1186950.8,236129800,24.6,40
n1m_d128_l2,1000000,128,l2,random,0.1000,0.1000,100000,A_std_standard,std,STANDARD,16,1,32,500,100,0.9368,1799.8,552.08,680.08,730.71,730.71,555.63,2166,2166,2166,0,2166,0,0,514,100,140884.0,140258120,24.5,32
n1m_d128_l2,1000000,128,l2,random,0.1000,0.1000,100000,B_std_acorn1,std,ACORN,16,1,32,500,100,0.6530,341.2,2743.83,4590.46,5524.83,5524.83,2930.71,1218,1065,14320,336886,351207,44506,306700,0,100,140884.0,140258120,24.5,32
n1m_d128_l2,1000000,128,l2,random,0.1000,0.1000,100000,D_large24_standard,large,STANDARD,24,1,48,500,100,0.9966,1818.7,556.92,598.62,657.42,657.42,549.83,2141,2141,2141,0,2141,0,0,510,100,132908.2,204166792,30.4,48
n1m_d128_l2,1000000,128,l2,random,0.1000,0.1000,100000,E_large24_acorn1,large,ACORN,24,1,48,500,100,0.8174,285.0,3378.29,4499.33,5878.83,5878.83,3508.91,1128,969,15997,482927,498925,61364,437561,0,100,132908.2,204166792,30.4,48
n1m_d128_l2,1000000,128,l2,random,0.1000,0.1000,100000,D_large48_standard,large,STANDARD,48,1,96,500,100,0.9980,1720.6,574.12,664.00,770.46,770.46,581.19,2210,2210,2210,0,2210,0,0,508,100,142299.3,396080968,35.9,96
n1m_d128_l2,1000000,128,l2,random,0.1000,0.1000,100000,E_large48_acorn1,large,ACORN,48,1,96,500,100,0.9980,224.7,4464.62,5191.67,5313.88,5313.88,4449.88,1663,1430,18256,712993,731250,87932,643317,0,100,142299.3,396080968,35.9,96
n1m_d128_l2,1000000,128,l2,random,0.1000,0.1000,100000,C_acorn_g4,acorn,ACORN,16,4,16,500,100,0.4022,666.5,1427.75,2547.96,2908.62,2908.62,1500.42,1023,978,14945,99851,114798,14953,99844,0,100,222708.5,185032456,24.6,40
n1m_d128_l2,1000000,128,l2,random,0.1000,0.1000,100000,C_acorn_g8,acorn,ACORN,16,8,16,500,100,0.5150,768.9,1385.50,2273.88,2449.25,2449.25,1300.48,884,804,13334,87476,100812,13157,87654,0,100,316872.6,202064904,24.6,40
n1m_d128_l2,1000000,128,l2,random,0.1000,0.1000,100000,C_acorn_g16,acorn,ACORN,16,16,16,500,100,0.7736,583.0,1563.83,2584.62,2922.92,2922.92,1715.38,1117,1023,15068,97640,112710,14616,98093,0,100,1186950.8,236129800,24.6,40
n1m_d128_l2,1000000,128,l2,random,0.0500,0.0500,50000,F_exact,exact,EXACT,16,0,0,0,10,1.0000,118.5,8476.92,9464.50,9889.92,9889.92,8437.43,50000,0,0,0,1000000,0,0,0,10,0.0,0,0.0,0
n1m_d128_l2,1000000,128,l2,random,0.0500,0.0500,50000,A_std_standard,std,STANDARD,16,1,32,50,10,0.7520,10574.5,93.54,150.12,197.21,197.21,94.57,1103,1103,1103,0,1103,0,0,65,9,140884.0,140258120,24.5,32
n1m_d128_l2,1000000,128,l2,random,0.0500,0.0500,50000,B_std_acorn1,std,ACORN,16,1,32,50,10,0.2340,3001.1,344.50,474.38,526.29,526.29,333.21,209,119,1398,33692,35092,2766,32326,0,10,140884.0,140258120,24.5,32
n1m_d128_l2,1000000,128,l2,random,0.0500,0.0500,50000,D_large24_standard,large,STANDARD,24,1,48,50,10,0.8520,9500.4,106.54,121.71,172.25,172.25,105.26,1279,1279,1279,0,1279,0,0,61,10,132908.2,204166792,30.4,48
n1m_d128_l2,1000000,128,l2,random,0.0500,0.0500,50000,E_large24_acorn1,large,ACORN,24,1,48,50,10,0.4000,2415.6,424.04,655.04,746.12,746.12,413.97,256,128,1770,54821,56593,4174,52419,0,10,132908.2,204166792,30.4,48
n1m_d128_l2,1000000,128,l2,random,0.0500,0.0500,50000,D_large48_standard,large,STANDARD,48,1,96,50,10,0.8980,8686.9,115.92,138.12,161.00,161.00,115.12,1465,1465,1465,0,1465,0,0,58,10,142299.3,396080968,35.9,96
n1m_d128_l2,1000000,128,l2,random,0.0500,0.0500,50000,E_large48_acorn1,large,ACORN,48,1,96,50,10,0.6600,1543.5,617.96,1062.38,1137.38,1137.38,647.89,358,204,2256,90931,93189,6546,86642,0,10,142299.3,396080968,35.9,96
n1m_d128_l2,1000000,128,l2,random,0.0500,0.0500,50000,C_acorn_g4,acorn,ACORN,16,4,16,50,10,0.0780,6963.7,108.12,278.88,583.25,583.25,143.60,142,125,1711,10607,12320,1062,11257,0,10,222708.5,185032456,24.6,40
n1m_d128_l2,1000000,128,l2,random,0.0500,0.0500,50000,C_acorn_g8,acorn,ACORN,16,8,16,50,10,0.2120,6904.2,158.58,249.04,300.21,300.21,144.84,156,120,2075,10394,12470,1041,11428,0,9,316872.6,202064904,24.6,40
n1m_d128_l2,1000000,128,l2,random,0.0500,0.0500,50000,C_acorn_g16,acorn,ACORN,16,16,16,50,10,0.4440,6161.7,167.79,294.88,400.12,400.12,162.29,177,114,2667,10197,12865,1027,11838,0,9,1186950.8,236129800,24.6,40
n1m_d128_l2,1000000,128,l2,random,0.0500,0.0500,50000,A_std_standard,std,STANDARD,16,1,32,100,10,0.8820,6687.6,148.92,212.54,268.96,268.96,149.53,1525,1525,1525,0,1525,0,0,114,10,140884.0,140258120,24.5,32
n1m_d128_l2,1000000,128,l2,random,0.0500,0.0500,50000,B_std_acorn1,std,ACORN,16,1,32,100,10,0.2540,2024.6,522.17,625.33,988.25,988.25,493.92,249,160,2690,66149,68840,5460,63379,0,10,140884.0,140258120,24.5,32
n1m_d128_l2,1000000,128,l2,random,0.0500,0.0500,50000,D_large24_standard,large,STANDARD,24,1,48,100,10,0.9660,5869.6,167.25,231.25,276.75,276.75,170.37,1699,1699,1699,0,1699,0,0,110,10,132908.2,204166792,30.4,48
n1m_d128_l2,1000000,128,l2,random,0.0500,0.0500,50000,E_large24_acorn1,large,ACORN,24,1,48,100,10,0.4200,1257.9,761.79,1408.62,1479.25,1479.25,794.95,324,196,3543,112005,115550,8506,107043,0,10,132908.2,204166792,30.4,48
n1m_d128_l2,1000000,128,l2,random,0.0500,0.0500,50000,D_large48_standard,large,STANDARD,48,1,96,100,10,0.9840,5795.9,175.75,193.75,224.83,224.83,172.54,1848,1848,1848,0,1848,0,0,108,10,142299.3,396080968,35.9,96
n1m_d128_l2,1000000,128,l2,random,0.0500,0.0500,50000,E_large48_acorn1,large,ACORN,48,1,96,100,10,0.7600,878.8,1086.54,1765.08,1881.12,1881.12,1137.88,449,296,4347,177730,182078,12832,169245,0,10,142299.3,396080968,35.9,96
n1m_d128_l2,1000000,128,l2,random,0.0500,0.0500,50000,C_acorn_g4,acorn,ACORN,16,4,16,100,10,0.0780,4589.0,179.75,385.67,433.54,433.54,217.91,178,161,3069,21030,24100,2095,22005,0,10,222708.5,185032456,24.6,40
n1m_d128_l2,1000000,128,l2,random,0.0500,0.0500,50000,C_acorn_g8,acorn,ACORN,16,8,16,100,10,0.2520,3956.3,268.96,358.96,600.42,600.42,252.76,192,155,3363,20335,23699,2000,21699,0,9,316872.6,202064904,24.6,40
n1m_d128_l2,1000000,128,l2,random,0.0500,0.0500,50000,C_acorn_g16,acorn,ACORN,16,16,16,100,10,0.4720,3283.6,311.46,479.12,591.42,591.42,304.55,221,158,3934,20054,23989,1953,22036,0,9,1186950.8,236129800,24.6,40
n1m_d128_l2,1000000,128,l2,random,0.0500,0.0500,50000,A_std_standard,std,STANDARD,16,1,32,250,10,0.9420,3526.8,287.12,365.00,436.17,436.17,283.55,1966,1966,1966,0,1966,0,0,264,10,140884.0,140258120,24.5,32
n1m_d128_l2,1000000,128,l2,random,0.0500,0.0500,50000,B_std_acorn1,std,ACORN,16,1,32,250,10,0.2740,769.3,1339.79,2055.42,2246.12,2246.12,1299.96,442,352,6368,158366,164736,13143,151592,0,10,140884.0,140258120,24.5,32
n1m_d128_l2,1000000,128,l2,random,0.0500,0.0500,50000,D_large24_standard,large,STANDARD,24,1,48,250,10,0.9960,3376.9,301.50,325.58,384.38,384.38,296.13,2061,2061,2061,0,2061,0,0,260,10,132908.2,204166792,30.4,48
n1m_d128_l2,1000000,128,l2,random,0.0500,0.0500,50000,E_large24_acorn1,large,ACORN,24,1,48,250,10,0.5000,496.8,1792.62,3444.33,3621.46,3621.46,2012.85,641,513,9218,294160,303379,22610,280768,0,10,132908.2,204166792,30.4,48
n1m_d128_l2,1000000,128,l2,random,0.0500,0.0500,50000,D_large48_standard,large,STANDARD,48,1,96,250,10,0.9980,3114.5,320.83,392.92,446.38,446.38,321.08,2138,2138,2138,0,2138,0,0,258,10,142299.3,396080968,35.9,96
n1m_d128_l2,1000000,128,l2,random,0.0500,0.0500,50000,E_large48_acorn1,large,ACORN,48,1,96,250,10,0.9000,373.0,2411.00,4920.42,6557.38,6557.38,2680.72,849,695,10599,436972,447573,31811,415762,0,10,142299.3,396080968,35.9,96
n1m_d128_l2,1000000,128,l2,random,0.0500,0.0500,50000,C_acorn_g4,acorn,ACORN,16,4,16,250,10,0.1000,1847.8,524.25,1041.92,1235.83,1235.83,541.18,375,358,6834,50281,57116,4905,52211,0,10,222708.5,185032456,24.6,40
n1m_d128_l2,1000000,128,l2,random,0.0500,0.0500,50000,C_acorn_g8,acorn,ACORN,16,8,16,250,10,0.2520,1865.3,582.29,890.25,1238.17,1238.17,536.11,358,322,6586,44608,51195,4307,46887,0,9,316872.6,202064904,24.6,40
n1m_d128_l2,1000000,128,l2,random,0.0500,0.0500,50000,C_acorn_g16,acorn,ACORN,16,16,16,250,10,0.5500,1260.9,768.71,1374.17,1471.33,1471.33,793.08,488,425,8269,53532,61803,5173,56630,0,9,1186950.8,236129800,24.6,40
n1m_d128_l2,1000000,128,l2,random,0.0500,0.0500,50000,A_std_standard,std,STANDARD,16,1,32,500,10,0.9440,1835.6,536.92,640.21,793.96,793.96,544.77,2166,2166,2166,0,2166,0,0,514,10,140884.0,140258120,24.5,32
n1m_d128_l2,1000000,128,l2,random,0.0500,0.0500,50000,B_std_acorn1,std,ACORN,16,1,32,500,10,0.2940,394.3,2665.42,4109.33,4621.04,4621.04,2535.89,751,662,12226,305153,317380,25138,292242,0,10,140884.0,140258120,24.5,32
n1m_d128_l2,1000000,128,l2,random,0.0500,0.0500,50000,D_large24_standard,large,STANDARD,24,1,48,500,10,1.0000,1834.1,551.29,605.62,675.71,675.71,545.22,2141,2141,2141,0,2141,0,0,510,10,132908.2,204166792,30.4,48
n1m_d128_l2,1000000,128,l2,random,0.0500,0.0500,50000,E_large24_acorn1,large,ACORN,24,1,48,500,10,0.5600,221.0,4286.46,6452.50,7612.46,7612.46,4525.45,1041,913,18056,578241,596298,44484,551813,0,10,132908.2,204166792,30.4,48
n1m_d128_l2,1000000,128,l2,random,0.0500,0.0500,50000,D_large48_standard,large,STANDARD,48,1,96,500,10,0.9980,1695.3,581.21,774.25,824.54,824.54,589.87,2210,2210,2210,0,2210,0,0,508,10,142299.3,396080968,35.9,96
n1m_d128_l2,1000000,128,l2,random,0.0500,0.0500,50000,E_large48_acorn1,large,ACORN,48,1,96,500,10,0.9400,170.0,5595.96,7726.92,8960.08,8960.08,5883.26,1336,1182,19799,818073,837874,59810,778063,0,10,142299.3,396080968,35.9,96
n1m_d128_l2,1000000,128,l2,random,0.0500,0.0500,50000,C_acorn_g4,acorn,ACORN,16,4,16,500,10,0.1180,582.6,1752.04,2849.79,3590.71,3590.71,1716.53,674,657,13174,99260,112436,9524,102911,0,10,222708.5,185032456,24.6,40
n1m_d128_l2,1000000,128,l2,random,0.0500,0.0500,50000,C_acorn_g8,acorn,ACORN,16,8,16,500,10,0.3180,684.5,1545.67,2603.62,2701.62,2701.62,1460.89,616,580,11992,85976,97969,8244,89725,0,9,316872.6,202064904,24.6,40
n1m_d128_l2,1000000,128,l2,random,0.0500,0.0500,50000,C_acorn_g16,acorn,ACORN,16,16,16,500,10,0.6300,585.1,1670.96,2852.08,3938.38,3938.38,1709.20,845,781,15016,105846,120863,10112,110750,0,9,1186950.8,236129800,24.6,40
n1m_d128_l2,1000000,128,l2,random,0.0500,0.0500,50000,F_exact,exact,EXACT,16,0,0,0,100,1.0000,125.0,8197.38,8719.79,8839.83,8839.83,7999.73,50000,0,0,0,1000000,0,0,0,100,0.0,0,0.0,0
n1m_d128_l2,1000000,128,l2,random,0.0500,0.0500,50000,A_std_standard,std,STANDARD,16,1,32,50,100,0.4480,8250.9,108.08,214.17,355.04,355.04,121.20,1103,1103,1103,0,1103,0,0,65,48,140884.0,140258120,24.5,32
n1m_d128_l2,1000000,128,l2,random,0.0500,0.0500,50000,B_std_acorn1,std,ACORN,16,1,32,50,100,0.2222,3243.0,336.83,408.00,516.38,516.38,308.36,209,119,1398,33692,35092,2766,32326,0,98,140884.0,140258120,24.5,32
n1m_d128_l2,1000000,128,l2,random,0.0500,0.0500,50000,D_large24_standard,large,STANDARD,24,1,48,50,100,0.5552,8396.9,119.33,145.17,203.17,203.17,119.09,1279,1279,1279,0,1279,0,0,61,58,132908.2,204166792,30.4,48
n1m_d128_l2,1000000,128,l2,random,0.0500,0.0500,50000,E_large24_acorn1,large,ACORN,24,1,48,50,100,0.3798,2438.4,428.50,652.79,762.50,762.50,410.11,256,128,1770,54821,56593,4174,52419,0,98,132908.2,204166792,30.4,48
n1m_d128_l2,1000000,128,l2,random,0.0500,0.0500,50000,D_large48_standard,large,STANDARD,48,1,96,50,100,0.6296,7684.8,131.38,143.67,185.83,185.83,130.13,1465,1465,1465,0,1465,0,0,58,65,142299.3,396080968,35.9,96
n1m_d128_l2,1000000,128,l2,random,0.0500,0.0500,50000,E_large48_acorn1,large,ACORN,48,1,96,50,100,0.6352,1480.8,635.29,993.00,1167.96,1167.96,675.33,358,204,2256,90931,93189,6546,86642,0,100,142299.3,396080968,35.9,96
n1m_d128_l2,1000000,128,l2,random,0.0500,0.0500,50000,C_acorn_g4,acorn,ACORN,16,4,16,50,100,0.0738,8193.1,95.83,252.79,280.21,280.21,122.05,142,125,1711,10607,12320,1062,11257,0,98,222708.5,185032456,24.6,40
n1m_d128_l2,1000000,128,l2,random,0.0500,0.0500,50000,C_acorn_g8,acorn,ACORN,16,8,16,50,100,0.1914,6708.7,158.79,262.00,303.21,303.21,149.06,156,120,2075,10394,12470,1041,11428,0,95,316872.6,202064904,24.6,40
n1m_d128_l2,1000000,128,l2,random,0.0500,0.0500,50000,C_acorn_g16,acorn,ACORN,16,16,16,50,100,0.4104,5990.3,172.12,298.21,411.33,411.33,166.94,177,114,2667,10197,12865,1027,11838,0,93,1186950.8,236129800,24.6,40
n1m_d128_l2,1000000,128,l2,random,0.0500,0.0500,50000,A_std_standard,std,STANDARD,16,1,32,100,100,0.6320,6422.1,154.54,220.96,283.42,283.42,155.71,1525,1525,1525,0,1525,0,0,114,68,140884.0,140258120,24.5,32
n1m_d128_l2,1000000,128,l2,random,0.0500,0.0500,50000,B_std_acorn1,std,ACORN,16,1,32,100,100,0.2432,1769.1,566.46,729.83,1014.88,1014.88,565.26,249,160,2690,66149,68840,5460,63379,0,100,140884.0,140258120,24.5,32
n1m_d128_l2,1000000,128,l2,random,0.0500,0.0500,50000,D_large24_standard,large,STANDARD,24,1,48,100,100,0.7548,6004.3,169.21,214.62,238.83,238.83,166.55,1699,1699,1699,0,1699,0,0,110,78,132908.2,204166792,30.4,48
n1m_d128_l2,1000000,128,l2,random,0.0500,0.0500,50000,E_large24_acorn1,large,ACORN,24,1,48,100,100,0.4038,1220.6,777.29,1492.83,1505.75,1505.75,819.29,324,196,3543,112005,115550,8506,107043,0,100,132908.2,204166792,30.4,48
n1m_d128_l2,1000000,128,l2,random,0.0500,0.0500,50000,D_large48_standard,large,STANDARD,48,1,96,100,100,0.8074,5542.5,184.67,201.12,237.08,237.08,180.42,1848,1848,1848,0,1848,0,0,108,83,142299.3,396080968,35.9,96
n1m_d128_l2,1000000,128,l2,random,0.0500,0.0500,50000,E_large48_acorn1,large,ACORN,48,1,96,100,100,0.7560,989.6,932.38,1633.67,1706.38,1706.38,1010.50,449,296,4347,177730,182078,12832,169245,0,100,142299.3,396080968,35.9,96
n1m_d128_l2,1000000,128,l2,random,0.0500,0.0500,50000,C_acorn_g4,acorn,ACORN,16,4,16,100,100,0.0786,4321.5,203.29,406.00,444.04,444.04,231.40,178,161,3069,21030,24100,2095,22005,0,100,222708.5,185032456,24.6,40
n1m_d128_l2,1000000,128,l2,random,0.0500,0.0500,50000,C_acorn_g8,acorn,ACORN,16,8,16,100,100,0.2370,3666.0,288.42,415.58,605.62,605.62,272.78,192,155,3363,20335,23699,2000,21699,0,97,316872.6,202064904,24.6,40
n1m_d128_l2,1000000,128,l2,random,0.0500,0.0500,50000,C_acorn_g16,acorn,ACORN,16,16,16,100,100,0.4466,3503.5,298.21,439.17,547.17,547.17,285.43,221,158,3934,20054,23989,1953,22036,0,95,1186950.8,236129800,24.6,40
n1m_d128_l2,1000000,128,l2,random,0.0500,0.0500,50000,A_std_standard,std,STANDARD,16,1,32,250,100,0.8298,3403.6,296.46,379.42,446.67,446.67,293.81,1966,1966,1966,0,1966,0,0,264,88,140884.0,140258120,24.5,32
n1m_d128_l2,1000000,128,l2,random,0.0500,0.0500,50000,B_std_acorn1,std,ACORN,16,1,32,250,100,0.2604,758.8,1353.62,2088.96,2402.88,2402.88,1317.91,442,352,6368,158366,164736,13143,151592,0,100,140884.0,140258120,24.5,32
n1m_d128_l2,1000000,128,l2,random,0.0500,0.0500,50000,D_large24_standard,large,STANDARD,24,1,48,250,100,0.9144,3184.5,312.29,410.17,470.75,470.75,314.03,2061,2061,2061,0,2061,0,0,260,93,132908.2,204166792,30.4,48
n1m_d128_l2,1000000,128,l2,random,0.0500,0.0500,50000,E_large24_acorn1,large,ACORN,24,1,48,250,100,0.4878,486.7,1878.17,3180.46,3655.71,3655.71,2054.83,641,513,9218,294160,303379,22610,280768,0,100,132908.2,204166792,30.4,48
n1m_d128_l2,1000000,128,l2,random,0.0500,0.0500,50000,D_large48_standard,large,STANDARD,48,1,96,250,100,0.9312,3232.4,313.79,341.17,389.00,389.00,309.37,2138,2138,2138,0,2138,0,0,258,94,142299.3,396080968,35.9,96
n1m_d128_l2,1000000,128,l2,random,0.0500,0.0500,50000,E_large48_acorn1,large,ACORN,48,1,96,250,100,0.8974,336.5,2734.21,5189.58,5597.92,5597.92,2971.92,849,695,10599,436972,447573,31811,415762,0,100,142299.3,396080968,35.9,96
n1m_d128_l2,1000000,128,l2,random,0.0500,0.0500,50000,C_acorn_g4,acorn,ACORN,16,4,16,250,100,0.1030,1214.2,786.42,1624.33,1966.96,1966.96,823.57,375,358,6834,50281,57116,4905,52211,0,100,222708.5,185032456,24.6,40
n1m_d128_l2,1000000,128,l2,random,0.0500,0.0500,50000,C_acorn_g8,acorn,ACORN,16,8,16,250,100,0.2382,1864.0,567.38,891.12,1237.62,1237.62,536.48,358,322,6586,44608,51195,4307,46887,0,97,316872.6,202064904,24.6,40
n1m_d128_l2,1000000,128,l2,random,0.0500,0.0500,50000,C_acorn_g16,acorn,ACORN,16,16,16,250,100,0.5310,1316.8,778.42,1172.67,1297.25,1297.25,759.44,488,425,8269,53532,61803,5173,56630,0,95,1186950.8,236129800,24.6,40
n1m_d128_l2,1000000,128,l2,random,0.0500,0.0500,50000,A_std_standard,std,STANDARD,16,1,32,500,100,0.8872,1762.0,563.38,709.21,749.62,749.62,567.53,2166,2166,2166,0,2166,0,0,514,95,140884.0,140258120,24.5,32
n1m_d128_l2,1000000,128,l2,random,0.0500,0.0500,50000,B_std_acorn1,std,ACORN,16,1,32,500,100,0.2804,350.1,3232.38,4508.83,5952.00,5952.00,2856.03,751,662,12226,305153,317380,25138,292242,0,100,140884.0,140258120,24.5,32
n1m_d128_l2,1000000,128,l2,random,0.0500,0.0500,50000,D_large24_standard,large,STANDARD,24,1,48,500,100,0.9482,1789.5,564.04,608.00,694.29,694.29,558.81,2141,2141,2141,0,2141,0,0,510,95,132908.2,204166792,30.4,48
n1m_d128_l2,1000000,128,l2,random,0.0500,0.0500,50000,E_large24_acorn1,large,ACORN,24,1,48,500,100,0.5492,207.8,4462.88,7032.17,7811.50,7811.50,4811.79,1041,913,18056,578241,596298,44484,551813,0,100,132908.2,204166792,30.4,48
n1m_d128_l2,1000000,128,l2,random,0.0500,0.0500,50000,D_large48_standard,large,STANDARD,48,1,96,500,100,0.9516,1631.6,599.00,707.25,840.42,840.42,612.89,2210,2210,2210,0,2210,0,0,508,96,142299.3,396080968,35.9,96
n1m_d128_l2,1000000,128,l2,random,0.0500,0.0500,50000,E_large48_acorn1,large,ACORN,48,1,96,500,100,0.9352,170.5,5633.04,8078.08,9137.83,9137.83,5866.13,1336,1182,19799,818073,837874,59810,778063,0,100,142299.3,396080968,35.9,96
n1m_d128_l2,1000000,128,l2,random,0.0500,0.0500,50000,C_acorn_g4,acorn,ACORN,16,4,16,500,100,0.1192,785.2,1262.46,2212.92,2338.50,2338.50,1273.63,674,657,13174,99260,112436,9524,102911,0,100,222708.5,185032456,24.6,40
n1m_d128_l2,1000000,128,l2,random,0.0500,0.0500,50000,C_acorn_g8,acorn,ACORN,16,8,16,500,100,0.3094,792.6,1371.96,2211.75,2317.17,2317.17,1261.69,616,580,11992,85976,97969,8244,89725,0,97,316872.6,202064904,24.6,40
n1m_d128_l2,1000000,128,l2,random,0.0500,0.0500,50000,C_acorn_g16,acorn,ACORN,16,16,16,500,100,0.6152,653.4,1527.75,2389.96,3123.04,3123.04,1530.55,845,781,15016,105846,120863,10112,110750,0,95,1186950.8,236129800,24.6,40
n1m_d128_l2,1000000,128,l2,random,0.0200,0.0200,20000,F_exact,exact,EXACT,16,0,0,0,10,1.0000,303.9,3264.50,4025.83,4551.04,4551.04,3290.73,20000,0,0,0,1000000,0,0,0,10,0.0,0,0.0,0
n1m_d128_l2,1000000,128,l2,random,0.0200,0.0200,20000,A_std_standard,std,STANDARD,16,1,32,50,10,0.6860,10441.3,93.83,151.62,203.38,203.38,95.77,1103,1103,1103,0,1103,0,0,65,9,140884.0,140258120,24.5,32
n1m_d128_l2,1000000,128,l2,random,0.0200,0.0200,20000,B_std_acorn1,std,ACORN,16,1,32,50,10,0.0600,4087.4,221.08,426.08,546.08,546.08,244.65,146,76,1357,34324,35682,1811,33871,0,10,140884.0,140258120,24.5,32
n1m_d128_l2,1000000,128,l2,random,0.0200,0.0200,20000,D_large24_standard,large,STANDARD,24,1,48,50,10,0.7920,9572.8,106.21,119.00,167.79,167.79,104.46,1279,1279,1279,0,1279,0,0,61,10,132908.2,204166792,30.4,48
n1m_d128_l2,1000000,128,l2,random,0.0200,0.0200,20000,E_large24_acorn1,large,ACORN,24,1,48,50,10,0.0780,2717.6,356.79,540.21,649.75,649.75,367.97,175,77,1685,54122,55808,2589,53218,0,10,132908.2,204166792,30.4,48
n1m_d128_l2,1000000,128,l2,random,0.0200,0.0200,20000,D_large48_standard,large,STANDARD,48,1,96,50,10,0.8420,8716.2,116.79,125.92,162.04,162.04,114.73,1465,1465,1465,0,1465,0,0,58,10,142299.3,396080968,35.9,96
n1m_d128_l2,1000000,128,l2,random,0.0200,0.0200,20000,E_large48_acorn1,large,ACORN,48,1,96,50,10,0.4160,1476.7,645.08,1089.04,1502.08,1502.08,677.20,236,137,2217,92850,95068,4032,91035,0,10,142299.3,396080968,35.9,96
n1m_d128_l2,1000000,128,l2,random,0.0200,0.0200,20000,C_acorn_g4,acorn,ACORN,16,4,16,50,10,0.0000,19145.5,52.25,58.75,92.42,92.42,52.23,58,53,1519,9628,11148,582,10566,0,10,222708.5,185032456,24.6,40
n1m_d128_l2,1000000,128,l2,random,0.0200,0.0200,20000,C_acorn_g8,acorn,ACORN,16,8,16,50,10,0.0380,12514.3,63.21,181.75,217.00,217.00,79.91,59,46,1767,9052,10820,585,10235,0,9,316872.6,202064904,24.6,40
n1m_d128_l2,1000000,128,l2,random,0.0200,0.0200,20000,C_acorn_g16,acorn,ACORN,16,16,16,50,10,0.0620,8814.6,102.75,199.58,225.46,225.46,113.45,78,54,2498,9624,12123,652,11470,0,9,1186950.8,236129800,24.6,40
n1m_d128_l2,1000000,128,l2,random,0.0200,0.0200,20000,A_std_standard,std,STANDARD,16,1,32,100,10,0.8760,6505.7,152.00,238.29,274.88,274.88,153.71,1525,1525,1525,0,1525,0,0,114,9,140884.0,140258120,24.5,32
n1m_d128_l2,1000000,128,l2,random,0.0200,0.0200,20000,B_std_acorn1,std,ACORN,16,1,32,100,10,0.0600,2441.8,403.04,675.21,904.58,904.58,409.54,179,109,2308,59156,61465,3072,58393,0,10,140884.0,140258120,24.5,32
n1m_d128_l2,1000000,128,l2,random,0.0200,0.0200,20000,D_large24_standard,large,STANDARD,24,1,48,100,10,0.9420,6163.9,164.00,192.12,237.25,237.25,162.24,1699,1699,1699,0,1699,0,0,110,10,132908.2,204166792,30.4,48
n1m_d128_l2,1000000,128,l2,random,0.0200,0.0200,20000,E_large24_acorn1,large,ACORN,24,1,48,100,10,0.0980,1271.6,755.46,1553.00,1707.79,1707.79,786.41,226,128,2992,97704,100697,4635,96062,0,10,132908.2,204166792,30.4,48
n1m_d128_l2,1000000,128,l2,random,0.0200,0.0200,20000,D_large48_standard,large,STANDARD,48,1,96,100,10,0.9800,5079.5,194.33,234.50,252.88,252.88,196.87,1848,1848,1848,0,1848,0,0,108,10,142299.3,396080968,35.9,96
n1m_d128_l2,1000000,128,l2,random,0.0200,0.0200,20000,E_large48_acorn1,large,ACORN,48,1,96,100,10,0.5360,568.5,1619.00,2913.62,4139.29,4139.29,1759.06,358,259,4949,210990,215940,9188,206752,0,10,142299.3,396080968,35.9,96
n1m_d128_l2,1000000,128,l2,random,0.0200,0.0200,20000,C_acorn_g4,acorn,ACORN,16,4,16,100,10,0.0000,15516.9,66.25,95.17,101.88,101.88,64.45,65,60,1848,12120,13969,739,13230,0,10,222708.5,185032456,24.6,40
n1m_d128_l2,1000000,128,l2,random,0.0200,0.0200,20000,C_acorn_g8,acorn,ACORN,16,8,16,100,10,0.0380,10714.3,68.88,177.92,354.71,354.71,93.33,70,57,2045,11398,13444,737,12706,0,9,316872.6,202064904,24.6,40
n1m_d128_l2,1000000,128,l2,random,0.0200,0.0200,20000,C_acorn_g16,acorn,ACORN,16,16,16,100,10,0.0620,6090.7,134.46,330.92,619.12,619.12,164.18,100,76,3095,14298,17394,959,16434,0,9,1186950.8,236129800,24.6,40
n1m_d128_l2,1000000,128,l2,random,0.0200,0.0200,20000,A_std_standard,std,STANDARD,16,1,32,250,10,0.9380,3371.8,291.79,412.29,445.04,445.04,296.58,1966,1966,1966,0,1966,0,0,264,9,140884.0,140258120,24.5,32
n1m_d128_l2,1000000,128,l2,random,0.0200,0.0200,20000,B_std_acorn1,std,ACORN,16,1,32,250,10,0.0600,1563.0,539.25,1502.38,1798.21,1798.21,639.81,219,148,3616,93323,96941,4810,92131,0,10,140884.0,140258120,24.5,32
n1m_d128_l2,1000000,128,l2,random,0.0200,0.0200,20000,D_large24_standard,large,STANDARD,24,1,48,250,10,0.9920,3322.4,306.88,329.79,417.62,417.62,300.99,2061,2061,2061,0,2061,0,0,260,10,132908.2,204166792,30.4,48
n1m_d128_l2,1000000,128,l2,random,0.0200,0.0200,20000,E_large24_acorn1,large,ACORN,24,1,48,250,10,0.1180,660.0,1807.12,2640.54,2949.08,2949.08,1515.25,369,271,6627,218730,225359,10425,214934,0,10,132908.2,204166792,30.4,48
n1m_d128_l2,1000000,128,l2,random,0.0200,0.0200,20000,D_large48_standard,large,STANDARD,48,1,96,250,10,0.9960,3296.6,306.71,336.38,367.50,367.50,303.35,2138,2138,2138,0,2138,0,0,258,10,142299.3,396080968,35.9,96
n1m_d128_l2,1000000,128,l2,random,0.0200,0.0200,20000,E_large48_acorn1,large,ACORN,48,1,96,250,10,0.6360,321.6,2990.12,4097.25,4278.54,4278.54,3109.71,639,540,10970,470373,481344,20386,460958,0,10,142299.3,396080968,35.9,96
n1m_d128_l2,1000000,128,l2,random,0.0200,0.0200,20000,C_acorn_g4,acorn,ACORN,16,4,16,250,10,0.0000,15938.4,65.75,79.12,101.92,101.92,62.74,65,60,1848,12120,13969,739,13230,0,10,222708.5,185032456,24.6,40
n1m_d128_l2,1000000,128,l2,random,0.0200,0.0200,20000,C_acorn_g8,acorn,ACORN,16,8,16,250,10,0.0380,10005.9,68.46,187.83,457.00,457.00,99.94,72,58,2179,12491,14671,817,13854,0,9,316872.6,202064904,24.6,40
n1m_d128_l2,1000000,128,l2,random,0.0200,0.0200,20000,C_acorn_g16,acorn,ACORN,16,16,16,250,10,0.0620,4184.6,146.42,793.54,958.17,958.17,238.97,134,109,4003,21655,25659,1433,24225,0,9,1186950.8,236129800,24.6,40
n1m_d128_l2,1000000,128,l2,random,0.0200,0.0200,20000,A_std_standard,std,STANDARD,16,1,32,500,10,0.9420,1823.3,546.71,656.62,868.79,868.79,548.45,2166,2166,2166,0,2166,0,0,514,10,140884.0,140258120,24.5,32
n1m_d128_l2,1000000,128,l2,random,0.0200,0.0200,20000,B_std_acorn1,std,ACORN,16,1,32,500,10,0.0600,1237.9,549.83,2752.83,3322.08,3322.08,807.81,251,181,4493,116212,120706,6028,114678,0,10,140884.0,140258120,24.5,32
n1m_d128_l2,1000000,128,l2,random,0.0200,0.0200,20000,D_large24_standard,large,STANDARD,24,1,48,500,10,0.9920,1817.7,547.08,633.17,702.67,702.67,550.16,2141,2141,2141,0,2141,0,0,510,10,132908.2,204166792,30.4,48
n1m_d128_l2,1000000,128,l2,random,0.0200,0.0200,20000,E_large24_acorn1,large,ACORN,24,1,48,500,10,0.1780,323.6,3866.54,5517.83,7821.46,7821.46,3089.79,586,488,12796,424222,437020,20095,416924,0,10,132908.2,204166792,30.4,48
n1m_d128_l2,1000000,128,l2,random,0.0200,0.0200,20000,D_large48_standard,large,STANDARD,48,1,96,500,10,0.9960,1830.4,550.96,588.04,616.67,616.67,546.32,2210,2210,2210,0,2210,0,0,508,10,142299.3,396080968,35.9,96
n1m_d128_l2,1000000,128,l2,random,0.0200,0.0200,20000,E_large48_acorn1,large,ACORN,48,1,96,500,10,0.7360,163.1,6013.42,8345.21,9655.25,9655.25,6132.12,1049,950,20679,887409,908089,38300,869789,0,10,142299.3,396080968,35.9,96
n1m_d128_l2,1000000,128,l2,random,0.0200,0.0200,20000,C_acorn_g4,acorn,ACORN,16,4,16,500,10,0.0000,15883.7,66.00,73.04,104.75,104.75,62.96,65,60,1848,12120,13969,739,13230,0,10,222708.5,185032456,24.6,40
n1m_d128_l2,1000000,128,l2,random,0.0200,0.0200,20000,C_acorn_g8,acorn,ACORN,16,8,16,500,10,0.0380,9963.5,69.58,193.33,464.75,464.75,100.37,72,58,2179,12491,14671,817,13854,0,9,316872.6,202064904,24.6,40
n1m_d128_l2,1000000,128,l2,random,0.0200,0.0200,20000,C_acorn_g16,acorn,ACORN,16,16,16,500,10,0.0620,3476.3,152.96,1047.04,1705.38,1705.38,287.66,157,133,4605,26555,31161,1740,29420,0,9,1186950.8,236129800,24.6,40
n1m_d128_l2,1000000,128,l2,random,0.0200,0.0200,20000,F_exact,exact,EXACT,16,0,0,0,100,1.0000,307.3,3099.92,4263.12,4440.00,4440.00,3253.83,20000,0,0,0,1000000,0,0,0,100,0.0,0,0.0,0
n1m_d128_l2,1000000,128,l2,random,0.0200,0.0200,20000,A_std_standard,std,STANDARD,16,1,32,50,100,0.1834,9411.3,104.62,168.46,227.62,227.62,106.26,1103,1103,1103,0,1103,0,0,65,19,140884.0,140258120,24.5,32
n1m_d128_l2,1000000,128,l2,random,0.0200,0.0200,20000,B_std_acorn1,std,ACORN,16,1,32,50,100,0.0290,4171.8,201.88,417.62,525.00,525.00,239.71,146,76,1357,34324,35682,1811,33871,0,73,140884.0,140258120,24.5,32
n1m_d128_l2,1000000,128,l2,random,0.0200,0.0200,20000,D_large24_standard,large,STANDARD,24,1,48,50,100,0.2224,8317.4,119.71,136.42,203.25,203.25,120.23,1279,1279,1279,0,1279,0,0,61,22,132908.2,204166792,30.4,48
n1m_d128_l2,1000000,128,l2,random,0.0200,0.0200,20000,E_large24_acorn1,large,ACORN,24,1,48,50,100,0.0784,2614.1,375.75,565.33,698.62,698.62,382.54,175,77,1685,54122,55808,2589,53218,0,74,132908.2,204166792,30.4,48
n1m_d128_l2,1000000,128,l2,random,0.0200,0.0200,20000,D_large48_standard,large,STANDARD,48,1,96,50,100,0.2568,7306.3,132.00,201.21,264.33,264.33,136.87,1465,1465,1465,0,1465,0,0,58,26,142299.3,396080968,35.9,96
n1m_d128_l2,1000000,128,l2,random,0.0200,0.0200,20000,E_large48_acorn1,large,ACORN,48,1,96,50,100,0.3090,1505.2,657.88,1097.71,1448.04,1448.04,664.36,236,137,2217,92850,95068,4032,91035,0,94,142299.3,396080968,35.9,96
n1m_d128_l2,1000000,128,l2,random,0.0200,0.0200,20000,C_acorn_g4,acorn,ACORN,16,4,16,50,100,0.0002,18666.6,54.38,61.88,93.08,93.08,53.57,58,53,1519,9628,11148,582,10566,0,53,222708.5,185032456,24.6,40
n1m_d128_l2,1000000,128,l2,random,0.0200,0.0200,20000,C_acorn_g8,acorn,ACORN,16,8,16,50,100,0.0308,12910.0,64.42,190.71,219.42,219.42,77.46,59,46,1767,9052,10820,585,10235,0,46,316872.6,202064904,24.6,40
n1m_d128_l2,1000000,128,l2,random,0.0200,0.0200,20000,C_acorn_g16,acorn,ACORN,16,16,16,50,100,0.0512,8513.2,108.79,205.92,221.00,221.00,117.46,78,54,2498,9624,12123,652,11470,0,54,1186950.8,236129800,24.6,40
n1m_d128_l2,1000000,128,l2,random,0.0200,0.0200,20000,A_std_standard,std,STANDARD,16,1,32,100,100,0.2658,6539.2,152.88,216.50,273.88,273.88,152.92,1525,1525,1525,0,1525,0,0,114,28,140884.0,140258120,24.5,32
n1m_d128_l2,1000000,128,l2,random,0.0200,0.0200,20000,B_std_acorn1,std,ACORN,16,1,32,100,100,0.0290,2213.2,472.83,788.67,809.21,809.21,451.84,179,109,2308,59156,61465,3072,58393,0,86,140884.0,140258120,24.5,32
n1m_d128_l2,1000000,128,l2,random,0.0200,0.0200,20000,D_large24_standard,large,STANDARD,24,1,48,100,100,0.3086,6072.4,167.17,203.75,237.50,237.50,164.68,1699,1699,1699,0,1699,0,0,110,31,132908.2,204166792,30.4,48
n1m_d128_l2,1000000,128,l2,random,0.0200,0.0200,20000,E_large24_acorn1,large,ACORN,24,1,48,100,100,0.0980,1239.3,786.38,1338.79,2390.12,2390.12,806.92,226,128,2992,97704,100697,4635,96062,0,84,132908.2,204166792,30.4,48
n1m_d128_l2,1000000,128,l2,random,0.0200,0.0200,20000,D_large48_standard,large,STANDARD,48,1,96,100,100,0.3372,5623.6,182.79,224.83,232.88,232.88,177.82,1848,1848,1848,0,1848,0,0,108,34,142299.3,396080968,35.9,96
n1m_d128_l2,1000000,128,l2,random,0.0200,0.0200,20000,E_large48_acorn1,large,ACORN,48,1,96,100,100,0.4524,581.0,1451.12,2968.71,3405.42,3405.42,1721.27,358,259,4949,210990,215940,9188,206752,0,100,142299.3,396080968,35.9,96
n1m_d128_l2,1000000,128,l2,random,0.0200,0.0200,20000,C_acorn_g4,acorn,ACORN,16,4,16,100,100,0.0002,15730.9,66.42,76.00,104.00,104.00,63.57,65,60,1848,12120,13969,739,13230,0,60,222708.5,185032456,24.6,40
n1m_d128_l2,1000000,128,l2,random,0.0200,0.0200,20000,C_acorn_g8,acorn,ACORN,16,8,16,100,100,0.0308,10569.1,67.00,190.12,391.67,391.67,94.62,70,57,2045,11398,13444,737,12706,0,52,316872.6,202064904,24.6,40
n1m_d128_l2,1000000,128,l2,random,0.0200,0.0200,20000,C_acorn_g16,acorn,ACORN,16,16,16,100,100,0.0512,6082.9,135.12,346.04,627.08,627.08,164.40,100,76,3095,14298,17394,959,16434,0,67,1186950.8,236129800,24.6,40
n1m_d128_l2,1000000,128,l2,random,0.0200,0.0200,20000,A_std_standard,std,STANDARD,16,1,32,250,100,0.3430,3333.0,294.71,397.83,529.67,529.67,300.03,1966,1966,1966,0,1966,0,0,264,36,140884.0,140258120,24.5,32
n1m_d128_l2,1000000,128,l2,random,0.0200,0.0200,20000,B_std_acorn1,std,ACORN,16,1,32,250,100,0.0290,1774.1,514.17,1424.04,1724.04,1724.04,563.67,219,148,3616,93323,96941,4810,92131,0,86,140884.0,140258120,24.5,32
n1m_d128_l2,1000000,128,l2,random,0.0200,0.0200,20000,D_large24_standard,large,STANDARD,24,1,48,250,100,0.3814,3339.4,304.92,326.79,385.67,385.67,299.46,2061,2061,2061,0,2061,0,0,260,38,132908.2,204166792,30.4,48
n1m_d128_l2,1000000,128,l2,random,0.0200,0.0200,20000,E_large24_acorn1,large,ACORN,24,1,48,250,100,0.1310,661.7,1786.38,2517.33,2900.54,2900.54,1511.17,369,271,6627,218730,225359,10425,214934,0,84,132908.2,204166792,30.4,48
n1m_d128_l2,1000000,128,l2,random,0.0200,0.0200,20000,D_large48_standard,large,STANDARD,48,1,96,250,100,0.3864,3238.4,311.62,345.04,386.88,386.88,308.79,2138,2138,2138,0,2138,0,0,258,39,142299.3,396080968,35.9,96
n1m_d128_l2,1000000,128,l2,random,0.0200,0.0200,20000,E_large48_acorn1,large,ACORN,48,1,96,250,100,0.5738,317.1,3150.38,3966.08,4142.88,4142.88,3153.67,639,540,10970,470373,481344,20386,460958,0,100,142299.3,396080968,35.9,96
n1m_d128_l2,1000000,128,l2,random,0.0200,0.0200,20000,C_acorn_g4,acorn,ACORN,16,4,16,250,100,0.0002,15382.2,67.12,87.96,107.21,107.21,65.01,65,60,1848,12120,13969,739,13230,0,60,222708.5,185032456,24.6,40
n1m_d128_l2,1000000,128,l2,random,0.0200,0.0200,20000,C_acorn_g8,acorn,ACORN,16,8,16,250,100,0.0308,9785.1,71.54,191.08,461.12,461.12,102.20,72,58,2179,12491,14671,817,13854,0,52,316872.6,202064904,24.6,40
n1m_d128_l2,1000000,128,l2,random,0.0200,0.0200,20000,C_acorn_g16,acorn,ACORN,16,16,16,250,100,0.0512,4390.8,136.62,775.54,884.58,884.58,227.75,134,109,4003,21655,25659,1433,24225,0,67,1186950.8,236129800,24.6,40
n1m_d128_l2,1000000,128,l2,random,0.0200,0.0200,20000,A_std_standard,std,STANDARD,16,1,32,500,100,0.3724,1841.9,541.67,695.33,712.62,712.62,542.92,2166,2166,2166,0,2166,0,0,514,40,140884.0,140258120,24.5,32
n1m_d128_l2,1000000,128,l2,random,0.0200,0.0200,20000,B_std_acorn1,std,ACORN,16,1,32,500,100,0.0290,1383.6,506.96,2049.17,3157.25,3157.25,722.73,251,181,4493,116212,120706,6028,114678,0,86,140884.0,140258120,24.5,32
n1m_d128_l2,1000000,128,l2,random,0.0200,0.0200,20000,D_large24_standard,large,STANDARD,24,1,48,500,100,0.3960,1827.7,549.29,670.54,750.58,750.58,547.13,2141,2141,2141,0,2141,0,0,510,40,132908.2,204166792,30.4,48
n1m_d128_l2,1000000,128,l2,random,0.0200,0.0200,20000,E_large24_acorn1,large,ACORN,24,1,48,500,100,0.1640,343.3,3581.08,5112.67,6667.25,6667.25,2913.17,586,488,12796,424222,437020,20095,416924,0,84,132908.2,204166792,30.4,48
n1m_d128_l2,1000000,128,l2,random,0.0200,0.0200,20000,D_large48_standard,large,STANDARD,48,1,96,500,100,0.3984,1829.3,557.92,587.29,639.88,639.88,546.67,2210,2210,2210,0,2210,0,0,508,40,142299.3,396080968,35.9,96
n1m_d128_l2,1000000,128,l2,random,0.0200,0.0200,20000,E_large48_acorn1,large,ACORN,48,1,96,500,100,0.6770,169.1,5617.50,8080.50,8843.46,8843.46,5915.02,1049,950,20679,887409,908089,38300,869789,0,100,142299.3,396080968,35.9,96
n1m_d128_l2,1000000,128,l2,random,0.0200,0.0200,20000,C_acorn_g4,acorn,ACORN,16,4,16,500,100,0.0002,15660.7,66.92,73.25,114.17,114.17,63.85,65,60,1848,12120,13969,739,13230,0,60,222708.5,185032456,24.6,40
n1m_d128_l2,1000000,128,l2,random,0.0200,0.0200,20000,C_acorn_g8,acorn,ACORN,16,8,16,500,100,0.0308,9788.2,70.79,185.42,457.75,457.75,102.16,72,58,2179,12491,14671,817,13854,0,52,316872.6,202064904,24.6,40
n1m_d128_l2,1000000,128,l2,random,0.0200,0.0200,20000,C_acorn_g16,acorn,ACORN,16,16,16,500,100,0.0512,3399.2,148.83,1100.58,1576.92,1576.92,294.19,157,133,4605,26555,31161,1740,29420,0,67,1186950.8,236129800,24.6,40
n1m_d128_l2,1000000,128,l2,random,0.0100,0.0100,10000,F_exact,exact,EXACT,16,0,0,0,10,1.0000,496.3,1962.29,2290.12,3375.83,3375.83,2014.76,10000,0,0,0,1000000,0,0,0,10,0.0,0,0.0,0
n1m_d128_l2,1000000,128,l2,random,0.0100,0.0100,10000,A_std_standard,std,STANDARD,16,1,32,50,10,0.5880,10442.8,93.38,147.21,215.79,215.79,95.76,1103,1103,1103,0,1103,0,0,65,8,140884.0,140258120,24.5,32
n1m_d128_l2,1000000,128,l2,random,0.0100,0.0100,10000,B_std_acorn1,std,ACORN,16,1,32,50,10,0.0000,27576.7,36.04,39.38,39.71,39.71,36.26,41,13,398,9640,10039,379,9660,0,10,140884.0,140258120,24.5,32
n1m_d128_l2,1000000,128,l2,random,0.0100,0.0100,10000,D_large24_standard,large,STANDARD,24,1,48,50,10,0.7220,9622.6,104.29,146.79,165.83,165.83,103.92,1279,1279,1279,0,1279,0,0,61,9,132908.2,204166792,30.4,48
n1m_d128_l2,1000000,128,l2,random,0.0100,0.0100,10000,E_large24_acorn1,large,ACORN,24,1,48,50,10,0.0200,4215.4,228.92,519.42,600.08,600.08,237.22,96,51,1399,45603,47004,1708,45295,0,10,132908.2,204166792,30.4,48
n1m_d128_l2,1000000,128,l2,random,0.0100,0.0100,10000,D_large48_standard,large,STANDARD,48,1,96,50,10,0.8100,8074.5,118.83,176.50,250.08,250.08,123.85,1465,1465,1465,0,1465,0,0,58,9,142299.3,396080968,35.9,96
n1m_d128_l2,1000000,128,l2,random,0.0100,0.0100,10000,E_large48_acorn1,large,ACORN,48,1,96,50,10,0.1400,2033.8,453.50,864.08,950.21,950.21,491.68,174,91,2202,93459,95663,3050,92613,0,10,142299.3,396080968,35.9,96
n1m_d128_l2,1000000,128,l2,random,0.0100,0.0100,10000,C_acorn_g4,acorn,ACORN,16,4,16,50,10,0.0000,53092.5,18.79,19.38,19.96,19.96,18.84,11,10,584,3492,4077,180,3897,0,10,222708.5,185032456,24.6,40
n1m_d128_l2,1000000,128,l2,random,0.0100,0.0100,10000,C_acorn_g8,acorn,ACORN,16,8,16,50,10,0.0000,124069.8,8.04,8.17,8.29,8.29,8.06,2,1,549,121,671,7,664,0,1,316872.6,202064904,24.6,40
n1m_d128_l2,1000000,128,l2,random,0.0100,0.0100,10000,C_acorn_g16,acorn,ACORN,16,16,16,50,10,0.0320,25631.2,32.08,94.04,217.33,217.33,39.02,24,14,1725,3616,5343,196,5146,0,8,1186950.8,236129800,24.6,40
n1m_d128_l2,1000000,128,l2,random,0.0100,0.0100,10000,A_std_standard,std,STANDARD,16,1,32,100,10,0.7820,6646.9,149.29,212.21,271.00,271.00,150.45,1525,1525,1525,0,1525,0,0,114,9,140884.0,140258120,24.5,32
n1m_d128_l2,1000000,128,l2,random,0.0100,0.0100,10000,B_std_acorn1,std,ACORN,16,1,32,100,10,0.0000,27406.0,36.42,37.21,39.54,39.54,36.49,41,13,398,9640,10039,379,9660,0,10,140884.0,140258120,24.5,32
n1m_d128_l2,1000000,128,l2,random,0.0100,0.0100,10000,D_large24_standard,large,STANDARD,24,1,48,100,10,0.8920,6180.6,163.92,198.92,232.58,232.58,161.80,1699,1699,1699,0,1699,0,0,110,9,132908.2,204166792,30.4,48
n1m_d128_l2,1000000,128,l2,random,0.0100,0.0100,10000,E_large24_acorn1,large,ACORN,24,1,48,100,10,0.0200,2763.0,326.00,901.96,1486.71,1486.71,361.92,111,66,2005,66101,68108,2458,65649,0,10,132908.2,204166792,30.4,48
n1m_d128_l2,1000000,128,l2,random,0.0100,0.0100,10000,D_large48_standard,large,STANDARD,48,1,96,100,10,0.9460,5661.9,177.58,210.79,228.08,228.08,176.62,1848,1848,1848,0,1848,0,0,108,9,142299.3,396080968,35.9,96
n1m_d128_l2,1000000,128,l2,random,0.0100,0.0100,10000,E_large48_acorn1,large,ACORN,48,1,96,100,10,0.1600,902.6,1060.46,1760.46,2350.04,2350.04,1107.87,252,170,4500,193781,198283,6355,191927,0,10,142299.3,396080968,35.9,96
n1m_d128_l2,1000000,128,l2,random,0.0100,0.0100,10000,C_acorn_g4,acorn,ACORN,16,4,16,100,10,0.0000,52779.6,18.92,19.54,20.00,20.00,18.95,11,10,584,3492,4077,180,3897,0,10,222708.5,185032456,24.6,40
n1m_d128_l2,1000000,128,l2,random,0.0100,0.0100,10000,C_acorn_g8,acorn,ACORN,16,8,16,100,10,0.0000,123915.4,8.04,8.17,8.21,8.21,8.07,2,1,549,121,671,7,664,0,1,316872.6,202064904,24.6,40
n1m_d128_l2,1000000,128,l2,random,0.0100,0.0100,10000,C_acorn_g16,acorn,ACORN,16,16,16,100,10,0.0320,25919.1,32.17,91.21,224.38,224.38,38.58,24,14,1725,3620,5347,197,5150,0,8,1186950.8,236129800,24.6,40
n1m_d128_l2,1000000,128,l2,random,0.0100,0.0100,10000,A_std_standard,std,STANDARD,16,1,32,250,10,0.9160,3448.4,293.88,368.46,441.92,441.92,289.99,1966,1966,1966,0,1966,0,0,264,9,140884.0,140258120,24.5,32
n1m_d128_l2,1000000,128,l2,random,0.0100,0.0100,10000,B_std_acorn1,std,ACORN,16,1,32,250,10,0.0000,21943.5,37.08,99.58,252.54,252.54,45.57,41,13,398,9640,10039,379,9660,0,10,140884.0,140258120,24.5,32
n1m_d128_l2,1000000,128,l2,random,0.0100,0.0100,10000,D_large24_standard,large,STANDARD,24,1,48,250,10,0.9900,3329.1,306.29,338.21,414.46,414.46,300.39,2061,2061,2061,0,2061,0,0,260,10,132908.2,204166792,30.4,48
n1m_d128_l2,1000000,128,l2,random,0.0100,0.0100,10000,E_large24_acorn1,large,ACORN,24,1,48,250,10,0.0200,2266.8,286.04,1152.54,2256.83,2256.83,441.16,134,89,2838,94217,97057,3472,93584,0,10,132908.2,204166792,30.4,48
n1m_d128_l2,1000000,128,l2,random,0.0100,0.0100,10000,D_large48_standard,large,STANDARD,48,1,96,250,10,0.9940,3321.4,307.46,340.29,368.88,368.88,301.08,2138,2138,2138,0,2138,0,0,258,10,142299.3,396080968,35.9,96
n1m_d128_l2,1000000,128,l2,random,0.0100,0.0100,10000,E_large48_acorn1,large,ACORN,48,1,96,250,10,0.1800,337.9,2939.50,4261.75,4968.46,4968.46,2959.16,480,397,11233,486127,497362,15971,481390,0,10,142299.3,396080968,35.9,96
n1m_d128_l2,1000000,128,l2,random,0.0100,0.0100,10000,C_acorn_g4,acorn,ACORN,16,4,16,250,10,0.0000,52742.7,18.92,19.58,20.38,20.38,18.96,11,10,584,3492,4077,180,3897,0,10,222708.5,185032456,24.6,40
n1m_d128_l2,1000000,128,l2,random,0.0100,0.0100,10000,C_acorn_g8,acorn,ACORN,16,8,16,250,10,0.0000,124818.4,8.00,8.08,8.17,8.17,8.01,2,1,549,121,671,7,664,0,1,316872.6,202064904,24.6,40
n1m_d128_l2,1000000,128,l2,random,0.0100,0.0100,10000,C_acorn_g16,acorn,ACORN,16,16,16,250,10,0.0320,26501.8,30.96,89.96,218.25,218.25,37.73,24,14,1725,3620,5347,197,5150,0,8,1186950.8,236129800,24.6,40
n1m_d128_l2,1000000,128,l2,random,0.0100,0.0100,10000,A_std_standard,std,STANDARD,16,1,32,500,10,0.9400,1844.6,538.88,625.21,727.79,727.79,542.12,2166,2166,2166,0,2166,0,0,514,9,140884.0,140258120,24.5,32
n1m_d128_l2,1000000,128,l2,random,0.0100,0.0100,10000,B_std_acorn1,std,ACORN,16,1,32,500,10,0.0000,27312.5,36.12,39.12,49.96,49.96,36.61,41,13,398,9640,10039,379,9660,0,10,140884.0,140258120,24.5,32
n1m_d128_l2,1000000,128,l2,random,0.0100,0.0100,10000,D_large24_standard,large,STANDARD,24,1,48,500,10,0.9980,1801.7,554.54,639.79,701.50,701.50,555.04,2141,2141,2141,0,2141,0,0,510,10,132908.2,204166792,30.4,48
n1m_d128_l2,1000000,128,l2,random,0.0100,0.0100,10000,E_large24_acorn1,large,ACORN,24,1,48,500,10,0.0200,2167.0,286.71,1222.96,2314.83,2314.83,461.47,134,89,2869,95233,98103,3507,94596,0,10,132908.2,204166792,30.4,48
n1m_d128_l2,1000000,128,l2,random,0.0100,0.0100,10000,D_large48_standard,large,STANDARD,48,1,96,500,10,0.9980,1834.0,548.83,582.12,619.00,619.00,545.26,2210,2210,2210,0,2210,0,0,508,10,142299.3,396080968,35.9,96
n1m_d128_l2,1000000,128,l2,random,0.0100,0.0100,10000,E_large48_acorn1,large,ACORN,48,1,96,500,10,0.3200,173.7,5409.42,8693.17,10567.21,10567.21,5757.72,788,705,21252,921330,942584,30301,912282,0,10,142299.3,396080968,35.9,96
n1m_d128_l2,1000000,128,l2,random,0.0100,0.0100,10000,C_acorn_g4,acorn,ACORN,16,4,16,500,10,0.0000,52498.4,19.04,19.79,20.29,20.29,19.05,11,10,584,3492,4077,180,3897,0,10,222708.5,185032456,24.6,40
n1m_d128_l2,1000000,128,l2,random,0.0100,0.0100,10000,C_acorn_g8,acorn,ACORN,16,8,16,500,10,0.0000,123419.0,8.08,8.21,8.21,8.21,8.10,2,1,549,121,671,7,664,0,1,316872.6,202064904,24.6,40
n1m_d128_l2,1000000,128,l2,random,0.0100,0.0100,10000,C_acorn_g16,acorn,ACORN,16,16,16,500,10,0.0320,26237.0,32.04,89.29,219.21,219.21,38.11,24,14,1725,3620,5347,197,5150,0,8,1186950.8,236129800,24.6,40
n1m_d128_l2,1000000,128,l2,random,0.0050,0.0050,5000,F_exact,exact,EXACT,16,0,0,0,10,1.0000,662.4,1493.62,1609.12,1936.92,1936.92,1509.76,5000,0,0,0,1000000,0,0,0,10,0.0,0,0.0,0
n1m_d128_l2,1000000,128,l2,random,0.0050,0.0050,5000,A_std_standard,std,STANDARD,16,1,32,50,10,0.4380,10699.4,92.25,148.21,195.42,195.42,93.46,1103,1103,1103,0,1103,0,0,65,5,140884.0,140258120,24.5,32
n1m_d128_l2,1000000,128,l2,random,0.0050,0.0050,5000,B_std_acorn1,std,ACORN,16,1,32,50,10,0.0000,31350.4,31.67,33.58,36.88,36.88,31.90,32,11,341,8315,8658,296,8361,0,10,140884.0,140258120,24.5,32
n1m_d128_l2,1000000,128,l2,random,0.0050,0.0050,5000,D_large24_standard,large,STANDARD,24,1,48,50,10,0.5620,9634.9,104.83,134.79,168.21,168.21,103.79,1279,1279,1279,0,1279,0,0,61,6,132908.2,204166792,30.4,48
n1m_d128_l2,1000000,128,l2,random,0.0050,0.0050,5000,E_large24_acorn1,large,ACORN,24,1,48,50,10,0.0000,24972.9,35.46,138.92,181.62,181.62,40.04,71,6,294,8203,8498,276,8222,0,5,132908.2,204166792,30.4,48
n1m_d128_l2,1000000,128,l2,random,0.0050,0.0050,5000,D_large48_standard,large,STANDARD,48,1,96,50,10,0.6240,7739.5,120.04,210.04,373.38,373.38,129.21,1465,1465,1465,0,1465,0,0,58,6,142299.3,396080968,35.9,96
n1m_d128_l2,1000000,128,l2,random,0.0050,0.0050,5000,E_large48_acorn1,large,ACORN,48,1,96,50,10,0.0500,2581.3,427.62,689.75,755.04,755.04,387.40,151,63,1831,78493,80326,2152,78174,0,9,142299.3,396080968,35.9,96
n1m_d128_l2,1000000,128,l2,random,0.0050,0.0050,5000,C_acorn_g4,acorn,ACORN,16,4,16,50,10,0.0000,112212.0,8.67,10.54,15.88,15.88,8.91,5,1,372,417,790,19,770,0,1,222708.5,185032456,24.6,40
n1m_d128_l2,1000000,128,l2,random,0.0050,0.0050,5000,C_acorn_g8,acorn,ACORN,16,8,16,50,10,0.0140,88306.8,9.42,17.42,17.62,17.62,11.32,7,3,698,788,1487,46,1441,0,3,316872.6,202064904,24.6,40
n1m_d128_l2,1000000,128,l2,random,0.0050,0.0050,5000,C_acorn_g16,acorn,ACORN,16,16,16,50,10,0.0060,80144.5,11.92,20.79,24.50,24.50,12.48,11,2,1289,580,1870,35,1835,0,2,1186950.8,236129800,24.6,40
n1m_d128_l2,1000000,128,l2,random,0.0050,0.0050,5000,A_std_standard,std,STANDARD,16,1,32,100,10,0.6220,6726.4,148.96,213.83,269.21,269.21,148.67,1525,1525,1525,0,1525,0,0,114,6,140884.0,140258120,24.5,32
n1m_d128_l2,1000000,128,l2,random,0.0050,0.0050,5000,B_std_acorn1,std,ACORN,16,1,32,100,10,0.0000,31573.0,31.46,32.92,34.38,34.38,31.67,32,11,341,8315,8658,296,8361,0,10,140884.0,140258120,24.5,32
n1m_d128_l2,1000000,128,l2,random,0.0050,0.0050,5000,D_large24_standard,large,STANDARD,24,1,48,100,10,0.7040,6110.2,165.71,191.25,235.38,235.38,163.66,1699,1699,1699,0,1699,0,0,110,7,132908.2,204166792,30.4,48
n1m_d128_l2,1000000,128,l2,random,0.0050,0.0050,5000,E_large24_acorn1,large,ACORN,24,1,48,100,10,0.0000,25326.6,35.25,137.54,177.46,177.46,39.48,71,6,294,8203,8498,276,8222,0,5,132908.2,204166792,30.4,48
n1m_d128_l2,1000000,128,l2,random,0.0050,0.0050,5000,D_large48_standard,large,STANDARD,48,1,96,100,10,0.7620,5851.2,174.58,205.79,224.12,224.12,170.90,1848,1848,1848,0,1848,0,0,108,7,142299.3,396080968,35.9,96
n1m_d128_l2,1000000,128,l2,random,0.0050,0.0050,5000,E_large48_acorn1,large,ACORN,48,1,96,100,10,0.0800,1455.4,747.71,1216.42,1646.33,1646.33,687.07,193,105,3159,136947,140108,3785,136323,0,9,142299.3,396080968,35.9,96
n1m_d128_l2,1000000,128,l2,random,0.0050,0.0050,5000,C_acorn_g4,acorn,ACORN,16,4,16,100,10,0.0000,114920.1,8.58,9.17,15.88,15.88,8.70,5,1,372,417,790,19,770,0,1,222708.5,185032456,24.6,40
n1m_d128_l2,1000000,128,l2,random,0.0050,0.0050,5000,C_acorn_g8,acorn,ACORN,16,8,16,100,10,0.0140,88566.9,9.42,16.92,17.62,17.62,11.29,7,3,698,788,1487,46,1441,0,3,316872.6,202064904,24.6,40
n1m_d128_l2,1000000,128,l2,random,0.0050,0.0050,5000,C_acorn_g16,acorn,ACORN,16,16,16,100,10,0.0060,80439.9,11.92,20.62,24.92,24.92,12.43,11,2,1289,580,1870,35,1835,0,2,1186950.8,236129800,24.6,40
n1m_d128_l2,1000000,128,l2,random,0.0050,0.0050,5000,A_std_standard,std,STANDARD,16,1,32,250,10,0.7680,3424.2,296.29,369.17,439.29,439.29,292.04,1966,1966,1966,0,1966,0,0,264,8,140884.0,140258120,24.5,32
n1m_d128_l2,1000000,128,l2,random,0.0050,0.0050,5000,B_std_acorn1,std,ACORN,16,1,32,250,10,0.0000,31105.8,31.96,33.25,34.79,34.79,32.15,32,11,341,8315,8658,296,8361,0,10,140884.0,140258120,24.5,32
n1m_d128_l2,1000000,128,l2,random,0.0050,0.0050,5000,D_large24_standard,large,STANDARD,24,1,48,250,10,0.8380,3397.2,298.88,339.67,391.92,391.92,294.36,2061,2061,2061,0,2061,0,0,260,8,132908.2,204166792,30.4,48
n1m_d128_l2,1000000,128,l2,random,0.0050,0.0050,5000,E_large24_acorn1,large,ACORN,24,1,48,250,10,0.0000,25253.6,35.67,136.00,174.67,174.67,39.60,71,6,294,8203,8498,276,8222,0,5,132908.2,204166792,30.4,48
n1m_d128_l2,1000000,128,l2,random,0.0050,0.0050,5000,D_large48_standard,large,STANDARD,48,1,96,250,10,0.8560,3287.8,307.12,335.00,370.79,370.79,304.15,2138,2138,2138,0,2138,0,0,258,8,142299.3,396080968,35.9,96
n1m_d128_l2,1000000,128,l2,random,0.0050,0.0050,5000,E_large48_acorn1,large,ACORN,48,1,96,250,10,0.0800,666.7,1876.71,2571.92,2888.46,2888.46,1499.91,315,227,7265,317843,325110,8841,316269,0,9,142299.3,396080968,35.9,96
n1m_d128_l2,1000000,128,l2,random,0.0050,0.0050,5000,C_acorn_g4,acorn,ACORN,16,4,16,250,10,0.0000,114504.8,8.58,9.29,15.83,15.83,8.73,5,1,372,417,790,19,770,0,1,222708.5,185032456,24.6,40
n1m_d128_l2,1000000,128,l2,random,0.0050,0.0050,5000,C_acorn_g8,acorn,ACORN,16,8,16,250,10,0.0140,87361.3,9.62,17.12,18.50,18.50,11.45,7,3,698,788,1487,46,1441,0,3,316872.6,202064904,24.6,40
n1m_d128_l2,1000000,128,l2,random,0.0050,0.0050,5000,C_acorn_g16,acorn,ACORN,16,16,16,250,10,0.0060,79607.8,12.00,20.75,24.83,24.83,12.56,11,2,1289,580,1870,35,1835,0,2,1186950.8,236129800,24.6,40
n1m_d128_l2,1000000,128,l2,random,0.0050,0.0050,5000,A_std_standard,std,STANDARD,16,1,32,500,10,0.8240,1827.0,540.25,729.83,733.58,733.58,547.36,2166,2166,2166,0,2166,0,0,514,8,140884.0,140258120,24.5,32
n1m_d128_l2,1000000,128,l2,random,0.0050,0.0050,5000,B_std_acorn1,std,ACORN,16,1,32,500,10,0.0000,32094.2,31.04,32.00,32.83,32.83,31.16,32,11,341,8315,8658,296,8361,0,10,140884.0,140258120,24.5,32
n1m_d128_l2,1000000,128,l2,random,0.0050,0.0050,5000,D_large24_standard,large,STANDARD,24,1,48,500,10,0.8640,1886.5,541.25,567.88,642.46,642.46,530.07,2141,2141,2141,0,2141,0,0,510,8,132908.2,204166792,30.4,48
n1m_d128_l2,1000000,128,l2,random,0.0050,0.0050,5000,E_large24_acorn1,large,ACORN,24,1,48,500,10,0.0000,25779.8,35.50,128.58,167.92,167.92,38.79,71,6,294,8203,8498,276,8222,0,5,132908.2,204166792,30.4,48
n1m_d128_l2,1000000,128,l2,random,0.0050,0.0050,5000,D_large48_standard,large,STANDARD,48,1,96,500,10,0.8700,1746.3,571.54,614.42,719.46,719.46,572.63,2210,2210,2210,0,2210,0,0,508,8,142299.3,396080968,35.9,96
n1m_d128_l2,1000000,128,l2,random,0.0050,0.0050,5000,E_large48_acorn1,large,ACORN,48,1,96,500,10,0.0840,204.8,6678.21,8668.75,9228.17,9228.17,4883.79,498,410,14003,615268,629272,17123,612149,0,9,142299.3,396080968,35.9,96
n1m_d128_l2,1000000,128,l2,random,0.0050,0.0050,5000,C_acorn_g4,acorn,ACORN,16,4,16,500,10,0.0000,95915.3,8.79,17.50,51.21,51.21,10.43,5,1,372,417,790,19,770,0,1,222708.5,185032456,24.6,40
n1m_d128_l2,1000000,128,l2,random,0.0050,0.0050,5000,C_acorn_g8,acorn,ACORN,16,8,16,500,10,0.0140,87571.8,9.54,17.25,17.96,17.96,11.42,7,3,698,788,1487,46,1441,0,3,316872.6,202064904,24.6,40
n1m_d128_l2,1000000,128,l2,random,0.0050,0.0050,5000,C_acorn_g16,acorn,ACORN,16,16,16,500,10,0.0060,79286.7,12.08,21.29,24.92,24.92,12.61,11,2,1289,580,1870,35,1835,0,2,1186950.8,236129800,24.6,40
n1m_d128_l2,1000000,128,l2,random,0.0010,0.0010,1000,F_exact,exact,EXACT,16,0,0,0,10,1.0000,870.2,1132.25,1249.62,1250.83,1250.83,1149.22,1000,0,0,0,1000000,0,0,0,10,0.0,0,0.0,0
n1m_d128_l2,1000000,128,l2,random,0.0010,0.0010,1000,A_std_standard,std,STANDARD,16,1,32,50,10,0.1000,10210.0,95.92,150.58,239.67,239.67,97.94,1103,1103,1103,0,1103,0,0,65,1,140884.0,140258120,24.5,32
n1m_d128_l2,1000000,128,l2,random,0.0010,0.0010,1000,B_std_acorn1,std,ACORN,16,1,32,50,10,0.0000,104229.6,9.08,11.46,21.54,21.54,9.59,1,1,68,1316,1385,0,1385,0,0,140884.0,140258120,24.5,32
n1m_d128_l2,1000000,128,l2,random,0.0010,0.0010,1000,D_large24_standard,large,STANDARD,24,1,48,50,10,0.1260,9736.3,104.21,117.46,165.75,165.75,102.71,1279,1279,1279,0,1279,0,0,61,1,132908.2,204166792,30.4,48
n1m_d128_l2,1000000,128,l2,random,0.0010,0.0010,1000,E_large24_acorn1,large,ACORN,24,1,48,50,10,0.0040,80487.8,12.25,14.33,14.62,14.62,12.42,19,1,105,2196,2302,53,2249,0,1,132908.2,204166792,30.4,48
n1m_d128_l2,1000000,128,l2,random,0.0010,0.0010,1000,D_large48_standard,large,STANDARD,48,1,96,50,10,0.1320,8435.0,117.50,145.75,163.92,163.92,118.55,1465,1465,1465,0,1465,0,0,58,1,142299.3,396080968,35.9,96
n1m_d128_l2,1000000,128,l2,random,0.0010,0.0010,1000,E_large48_acorn1,large,ACORN,48,1,96,50,10,0.0120,28182.2,34.50,43.08,46.75,46.75,35.48,33,5,289,9962,10252,230,10022,0,5,142299.3,396080968,35.9,96
n1m_d128_l2,1000000,128,l2,random,0.0010,0.0010,1000,C_acorn_g4,acorn,ACORN,16,4,16,50,10,0.0000,136224.9,6.96,12.33,13.54,13.54,7.34,1,1,228,99,328,0,328,0,0,222708.5,185032456,24.6,40
n1m_d128_l2,1000000,128,l2,random,0.0010,0.0010,1000,C_acorn_g8,acorn,ACORN,16,8,16,50,10,0.0000,117947.6,7.83,10.38,27.42,27.42,8.48,1,1,433,414,848,0,848,0,0,316872.6,202064904,24.6,40
n1m_d128_l2,1000000,128,l2,random,0.0010,0.0010,1000,C_acorn_g16,acorn,ACORN,16,16,16,50,10,0.0040,106204.2,9.38,10.21,10.42,10.42,9.42,2,1,1020,239,1260,14,1246,0,1,1186950.8,236129800,24.6,40
n1m_d128_l2,1000000,128,l2,random,0.0010,0.0010,1000,A_std_standard,std,STANDARD,16,1,32,100,10,0.1460,6561.1,151.67,215.25,288.17,288.17,152.41,1525,1525,1525,0,1525,0,0,114,1,140884.0,140258120,24.5,32
n1m_d128_l2,1000000,128,l2,random,0.0010,0.0010,1000,B_std_acorn1,std,ACORN,16,1,32,100,10,0.0000,109809.0,8.96,10.17,10.79,10.79,9.11,1,1,68,1316,1385,0,1385,0,0,140884.0,140258120,24.5,32
n1m_d128_l2,1000000,128,l2,random,0.0010,0.0010,1000,D_large24_standard,large,STANDARD,24,1,48,100,10,0.1580,5638.1,166.21,295.46,325.62,325.62,177.36,1699,1699,1699,0,1699,0,0,110,1,132908.2,204166792,30.4,48
n1m_d128_l2,1000000,128,l2,random,0.0010,0.0010,1000,E_large24_acorn1,large,ACORN,24,1,48,100,10,0.0040,81521.3,12.17,13.42,14.75,14.75,12.27,19,1,105,2196,2302,53,2249,0,1,132908.2,204166792,30.4,48
n1m_d128_l2,1000000,128,l2,random,0.0010,0.0010,1000,D_large48_standard,large,STANDARD,48,1,96,100,10,0.1600,5663.7,179.29,212.21,245.04,245.04,176.56,1848,1848,1848,0,1848,0,0,108,1,142299.3,396080968,35.9,96
n1m_d128_l2,1000000,128,l2,random,0.0010,0.0010,1000,E_large48_acorn1,large,ACORN,48,1,96,100,10,0.0120,29214.8,34.21,34.71,35.33,35.33,34.23,33,5,289,9962,10252,230,10022,0,5,142299.3,396080968,35.9,96
n1m_d128_l2,1000000,128,l2,random,0.0010,0.0010,1000,C_acorn_g4,acorn,ACORN,16,4,16,100,10,0.0000,144074.8,6.96,7.21,8.08,8.08,6.94,1,1,228,99,328,0,328,0,0,222708.5,185032456,24.6,40
n1m_d128_l2,1000000,128,l2,random,0.0010,0.0010,1000,C_acorn_g8,acorn,ACORN,16,8,16,100,10,0.0000,130095.9,7.67,7.75,7.83,7.83,7.69,1,1,433,414,848,0,848,0,0,316872.6,202064904,24.6,40
n1m_d128_l2,1000000,128,l2,random,0.0010,0.0010,1000,C_acorn_g16,acorn,ACORN,16,16,16,100,10,0.0040,106430.5,9.42,9.62,11.62,11.62,9.40,2,1,1020,239,1260,14,1246,0,1,1186950.8,236129800,24.6,40
n1m_d128_l2,1000000,128,l2,random,0.0010,0.0010,1000,A_std_standard,std,STANDARD,16,1,32,250,10,0.1880,3334.7,292.83,377.25,434.04,434.04,299.88,1966,1966,1966,0,1966,0,0,264,2,140884.0,140258120,24.5,32
n1m_d128_l2,1000000,128,l2,random,0.0010,0.0010,1000,B_std_acorn1,std,ACORN,16,1,32,250,10,0.0000,98312.6,9.71,11.83,21.38,21.38,10.17,1,1,68,1316,1385,0,1385,0,0,140884.0,140258120,24.5,32
n1m_d128_l2,1000000,128,l2,random,0.0010,0.0010,1000,D_large24_standard,large,STANDARD,24,1,48,250,10,0.1920,3227.0,308.96,368.79,405.50,405.50,309.88,2061,2061,2061,0,2061,0,0,260,1,132908.2,204166792,30.4,48
n1m_d128_l2,1000000,128,l2,random,0.0010,0.0010,1000,E_large24_acorn1,large,ACORN,24,1,48,250,10,0.0040,77027.7,12.38,18.08,20.96,20.96,12.98,19,1,105,2196,2302,53,2249,0,1,132908.2,204166792,30.4,48
n1m_d128_l2,1000000,128,l2,random,0.0010,0.0010,1000,D_large48_standard,large,STANDARD,48,1,96,250,10,0.1940,3078.4,324.17,385.79,404.92,404.92,324.85,2138,2138,2138,0,2138,0,0,258,2,142299.3,396080968,35.9,96
n1m_d128_l2,1000000,128,l2,random,0.0010,0.0010,1000,E_large48_acorn1,large,ACORN,48,1,96,250,10,0.0120,28812.9,34.29,36.83,42.04,42.04,34.71,33,5,289,9962,10252,230,10022,0,5,142299.3,396080968,35.9,96
n1m_d128_l2,1000000,128,l2,random,0.0010,0.0010,1000,C_acorn_g4,acorn,ACORN,16,4,16,250,10,0.0000,139179.2,7.04,7.12,14.83,14.83,7.18,1,1,228,99,328,0,328,0,0,222708.5,185032456,24.6,40
n1m_d128_l2,1000000,128,l2,random,0.0010,0.0010,1000,C_acorn_g8,acorn,ACORN,16,8,16,250,10,0.0000,123940.3,7.71,8.42,21.54,21.54,8.07,1,1,433,414,848,0,848,0,0,316872.6,202064904,24.6,40
n1m_d128_l2,1000000,128,l2,random,0.0010,0.0010,1000,C_acorn_g16,acorn,ACORN,16,16,16,250,10,0.0040,108567.7,9.33,9.50,9.67,9.67,9.21,2,1,1020,239,1260,14,1246,0,1,1186950.8,236129800,24.6,40
n1m_d128_l2,1000000,128,l2,random,0.0010,0.0010,1000,A_std_standard,std,STANDARD,16,1,32,500,10,0.2000,1753.6,567.12,674.71,806.75,806.75,570.27,2166,2166,2166,0,2166,0,0,514,2,140884.0,140258120,24.5,32
n1m_d128_l2,1000000,128,l2,random,0.0010,0.0010,1000,B_std_acorn1,std,ACORN,16,1,32,500,10,0.0000,92371.2,10.46,12.83,20.75,20.75,10.83,1,1,68,1316,1385,0,1385,0,0,140884.0,140258120,24.5,32
n1m_d128_l2,1000000,128,l2,random,0.0010,0.0010,1000,D_large24_standard,large,STANDARD,24,1,48,500,10,0.1980,1752.6,558.04,759.12,808.88,808.88,570.58,2141,2141,2141,0,2141,0,0,510,1,132908.2,204166792,30.4,48
n1m_d128_l2,1000000,128,l2,random,0.0010,0.0010,1000,E_large24_acorn1,large,ACORN,24,1,48,500,10,0.0040,76731.4,12.50,17.58,20.83,20.83,13.03,19,1,105,2196,2302,53,2249,0,1,132908.2,204166792,30.4,48
n1m_d128_l2,1000000,128,l2,random,0.0010,0.0010,1000,D_large48_standard,large,STANDARD,48,1,96,500,10,0.2000,1760.7,568.54,628.50,670.17,670.17,567.97,2210,2210,2210,0,2210,0,0,508,2,142299.3,396080968,35.9,96
n1m_d128_l2,1000000,128,l2,random,0.0010,0.0010,1000,E_large48_acorn1,large,ACORN,48,1,96,500,10,0.0120,28703.4,34.33,41.17,42.96,42.96,34.84,33,5,289,9962,10252,230,10022,0,5,142299.3,396080968,35.9,96
n1m_d128_l2,1000000,128,l2,random,0.0010,0.0010,1000,C_acorn_g4,acorn,ACORN,16,4,16,500,10,0.0000,140120.4,7.00,8.33,8.79,8.79,7.14,1,1,228,99,328,0,328,0,0,222708.5,185032456,24.6,40
n1m_d128_l2,1000000,128,l2,random,0.0010,0.0010,1000,C_acorn_g8,acorn,ACORN,16,8,16,500,10,0.0000,124870.4,7.71,8.08,15.58,15.58,8.01,1,1,433,414,848,0,848,0,0,316872.6,202064904,24.6,40
n1m_d128_l2,1000000,128,l2,random,0.0010,0.0010,1000,C_acorn_g16,acorn,ACORN,16,16,16,500,10,0.0040,104185.6,9.38,11.00,15.88,15.88,9.60,2,1,1020,239,1260,14,1246,0,1,1186950.8,236129800,24.6,40
n1m_d128_l2,1000000,128,l2,correlated,0.5000,0.5000,500000,F_exact,exact,EXACT,16,0,0,0,10,1.0000,20.0,50215.79,50818.29,51302.17,51302.17,49899.88,500000,0,0,0,1000000,0,0,0,10,0.0,0,0.0,0
n1m_d128_l2,1000000,128,l2,correlated,0.5000,0.5000,500000,A_std_standard,std,STANDARD,16,1,32,50,10,0.5580,10644.2,92.00,155.25,194.54,194.54,93.95,1103,1103,1103,0,1103,0,0,65,7,140884.0,140258120,24.5,32
n1m_d128_l2,1000000,128,l2,correlated,0.5000,0.5000,500000,B_std_acorn1,std,ACORN,16,1,32,50,10,0.3740,5539.4,162.12,342.62,363.79,363.79,180.53,1289,1152,481,3796,4279,2381,1897,0,10,140884.0,140258120,24.5,32
n1m_d128_l2,1000000,128,l2,correlated,0.5000,0.5000,500000,D_large24_standard,large,STANDARD,24,1,48,50,10,0.6100,9270.6,108.29,136.21,171.08,171.08,107.87,1279,1279,1279,0,1279,0,0,61,6,132908.2,204166792,30.4,48
n1m_d128_l2,1000000,128,l2,correlated,0.5000,0.5000,500000,E_large24_acorn1,large,ACORN,24,1,48,50,10,0.4440,4299.6,203.75,429.54,582.71,582.71,232.58,1681,1513,621,5837,6460,3545,2914,0,10,132908.2,204166792,30.4,48
n1m_d128_l2,1000000,128,l2,correlated,0.5000,0.5000,500000,D_large48_standard,large,STANDARD,48,1,96,50,10,0.6240,8284.8,120.54,132.12,166.21,166.21,120.70,1465,1465,1465,0,1465,0,0,58,7,142299.3,396080968,35.9,96
n1m_d128_l2,1000000,128,l2,correlated,0.5000,0.5000,500000,E_large48_acorn1,large,ACORN,48,1,96,50,10,0.5660,2825.4,324.83,576.12,737.00,737.00,353.93,2343,2056,1234,14563,15799,7805,7993,0,10,142299.3,396080968,35.9,96
n1m_d128_l2,1000000,128,l2,correlated,0.5000,0.5000,500000,C_acorn_g4,acorn,ACORN,16,4,16,50,10,0.2540,7916.1,126.33,171.25,231.12,231.12,126.32,963,853,1257,1178,2437,1964,472,0,10,222708.5,185032456,24.6,40
n1m_d128_l2,1000000,128,l2,correlated,0.5000,0.5000,500000,C_acorn_g8,acorn,ACORN,16,8,16,50,10,0.3180,8016.0,122.00,171.38,255.04,255.04,124.75,1002,893,1253,1066,2321,1968,353,0,10,316872.6,202064904,24.6,40
n1m_d128_l2,1000000,128,l2,correlated,0.5000,0.5000,500000,C_acorn_g16,acorn,ACORN,16,16,16,50,10,0.2260,7792.7,123.62,221.79,238.25,238.25,128.33,1085,978,1357,1233,2592,2106,485,0,10,1186950.8,236129800,24.6,40
n1m_d128_l2,1000000,128,l2,correlated,0.5000,0.5000,500000,A_std_standard,std,STANDARD,16,1,32,100,10,0.6100,6662.3,150.38,223.12,272.96,272.96,150.10,1525,1525,1525,0,1525,0,0,114,7,140884.0,140258120,24.5,32
n1m_d128_l2,1000000,128,l2,correlated,0.5000,0.5000,500000,B_std_acorn1,std,ACORN,16,1,32,100,10,0.4900,3370.6,246.00,571.29,890.38,890.38,296.68,1837,1700,1192,7720,8913,5142,3770,0,10,140884.0,140258120,24.5,32
n1m_d128_l2,1000000,128,l2,correlated,0.5000,0.5000,500000,D_large24_standard,large,STANDARD,24,1,48,100,10,0.6540,6068.7,165.79,191.21,238.33,238.33,164.78,1699,1699,1699,0,1699,0,0,110,7,132908.2,204166792,30.4,48
n1m_d128_l2,1000000,128,l2,correlated,0.5000,0.5000,500000,E_large24_acorn1,large,ACORN,24,1,48,100,10,0.5680,2725.4,290.00,755.71,920.00,920.00,366.92,2122,1954,1749,13114,14864,7711,7153,0,10,132908.2,204166792,30.4,48
n1m_d128_l2,1000000,128,l2,correlated,0.5000,0.5000,500000,D_large48_standard,large,STANDARD,48,1,96,100,10,0.6540,5617.0,182.25,196.67,233.42,233.42,178.03,1848,1848,1848,0,1848,0,0,108,7,142299.3,396080968,35.9,96
n1m_d128_l2,1000000,128,l2,correlated,0.5000,0.5000,500000,E_large48_acorn1,large,ACORN,48,1,96,100,10,0.6960,1733.4,508.88,1098.21,1307.88,1307.88,576.89,2902,2615,3263,29301,32566,16262,16304,0,10,142299.3,396080968,35.9,96
n1m_d128_l2,1000000,128,l2,correlated,0.5000,0.5000,500000,C_acorn_g4,acorn,ACORN,16,4,16,100,10,0.2920,4674.7,208.50,304.29,474.04,474.04,213.92,1371,1261,2360,2370,4732,3824,907,0,10,222708.5,185032456,24.6,40
n1m_d128_l2,1000000,128,l2,correlated,0.5000,0.5000,500000,C_acorn_g8,acorn,ACORN,16,8,16,100,10,0.3420,4698.3,208.88,345.04,388.62,388.62,212.84,1397,1288,2346,2149,4497,3826,671,0,10,316872.6,202064904,24.6,40
n1m_d128_l2,1000000,128,l2,correlated,0.5000,0.5000,500000,C_acorn_g16,acorn,ACORN,16,16,16,100,10,0.4420,3464.2,247.88,526.46,635.21,635.21,288.67,1750,1642,2928,3559,6488,4673,1815,0,10,1186950.8,236129800,24.6,40
n1m_d128_l2,1000000,128,l2,correlated,0.5000,0.5000,500000,A_std_standard,std,STANDARD,16,1,32,250,10,0.6280,2953.1,343.08,443.00,512.17,512.17,338.63,1966,1966,1966,0,1966,0,0,264,7,140884.0,140258120,24.5,32
n1m_d128_l2,1000000,128,l2,correlated,0.5000,0.5000,500000,B_std_acorn1,std,ACORN,16,1,32,250,10,0.5680,1489.5,575.50,1247.67,1646.54,1646.54,671.38,2300,2164,4673,20078,24753,14945,9807,0,10,140884.0,140258120,24.5,32
n1m_d128_l2,1000000,128,l2,correlated,0.5000,0.5000,500000,D_large24_standard,large,STANDARD,24,1,48,250,10,0.6660,1872.6,554.83,602.96,708.46,708.46,534.01,2061,2061,2061,0,2061,0,0,260,7,132908.2,204166792,30.4,48
n1m_d128_l2,1000000,128,l2,correlated,0.5000,0.5000,500000,E_large24_acorn1,large,ACORN,24,1,48,250,10,0.6340,1324.5,661.83,1447.33,1572.67,1572.67,754.98,2691,2523,6384,32001,38387,21894,16492,0,10,132908.2,204166792,30.4,48
n1m_d128_l2,1000000,128,l2,correlated,0.5000,0.5000,500000,D_large48_standard,large,STANDARD,48,1,96,250,10,0.6660,3190.1,318.96,342.79,407.75,407.75,313.47,2138,2138,2138,0,2138,0,0,258,9,142299.3,396080968,35.9,96
n1m_d128_l2,1000000,128,l2,correlated,0.5000,0.5000,500000,E_large48_acorn1,large,ACORN,48,1,96,250,10,0.7640,1068.3,768.92,1856.21,2192.75,2192.75,936.07,3464,3177,9444,60641,70086,36595,33491,0,10,142299.3,396080968,35.9,96
n1m_d128_l2,1000000,128,l2,correlated,0.5000,0.5000,500000,C_acorn_g4,acorn,ACORN,16,4,16,250,10,0.3620,2352.1,406.29,656.96,817.75,817.75,425.15,1979,1869,5768,5579,11348,9429,1919,0,10,222708.5,185032456,24.6,40
n1m_d128_l2,1000000,128,l2,correlated,0.5000,0.5000,500000,C_acorn_g8,acorn,ACORN,16,8,16,250,10,0.4620,2188.0,407.58,853.75,1140.46,1140.46,457.03,2022,1912,6038,6456,12496,9870,2625,0,10,316872.6,202064904,24.6,40
n1m_d128_l2,1000000,128,l2,correlated,0.5000,0.5000,500000,C_acorn_g16,acorn,ACORN,16,16,16,250,10,0.5200,1533.7,562.83,1128.83,1579.46,1579.46,652.01,2516,2409,6788,8284,15073,10945,4128,0,10,1186950.8,236129800,24.6,40
n1m_d128_l2,1000000,128,l2,correlated,0.5000,0.5000,500000,A_std_standard,std,STANDARD,16,1,32,500,10,0.6340,1753.0,543.62,796.46,995.96,995.96,570.45,2166,2166,2166,0,2166,0,0,514,8,140884.0,140258120,24.5,32
n1m_d128_l2,1000000,128,l2,correlated,0.5000,0.5000,500000,B_std_acorn1,std,ACORN,16,1,32,500,10,0.6460,889.7,891.08,2075.71,2211.75,2211.75,1123.98,2831,2695,11799,39233,51033,31579,19454,0,10,140884.0,140258120,24.5,32
n1m_d128_l2,1000000,128,l2,correlated,0.5000,0.5000,500000,D_large24_standard,large,STANDARD,24,1,48,500,10,0.6680,1754.1,575.00,671.21,680.83,680.83,570.10,2141,2141,2141,0,2141,0,0,510,8,132908.2,204166792,30.4,48
n1m_d128_l2,1000000,128,l2,correlated,0.5000,0.5000,500000,E_large24_acorn1,large,ACORN,24,1,48,500,10,0.6960,773.4,1024.25,2573.58,3607.92,3607.92,1292.95,3340,3172,15337,56050,71388,44385,27003,0,10,132908.2,204166792,30.4,48
n1m_d128_l2,1000000,128,l2,correlated,0.5000,0.5000,500000,D_large48_standard,large,STANDARD,48,1,96,500,10,0.6680,1720.6,585.42,676.75,737.96,737.96,581.19,2210,2210,2210,0,2210,0,0,508,9,142299.3,396080968,35.9,96
n1m_d128_l2,1000000,128,l2,correlated,0.5000,0.5000,500000,E_large48_acorn1,large,ACORN,48,1,96,500,10,0.8460,640.1,1427.50,3389.62,3815.12,3815.12,1562.15,4208,3921,19501,101669,121171,67656,53515,0,10,142299.3,396080968,35.9,96
n1m_d128_l2,1000000,128,l2,correlated,0.5000,0.5000,500000,C_acorn_g4,acorn,ACORN,16,4,16,500,10,0.3720,1344.3,715.21,1068.29,1167.25,1167.25,743.88,2332,2222,11661,10159,21821,18051,3770,0,10,222708.5,185032456,24.6,40
n1m_d128_l2,1000000,128,l2,correlated,0.5000,0.5000,500000,C_acorn_g8,acorn,ACORN,16,8,16,500,10,0.4700,1192.0,738.29,1397.21,1596.21,1596.21,838.93,2298,2189,12080,12460,24541,19071,5469,0,10,316872.6,202064904,24.6,40
n1m_d128_l2,1000000,128,l2,correlated,0.5000,0.5000,500000,C_acorn_g16,acorn,ACORN,16,16,16,500,10,0.5660,892.2,995.75,1751.33,2501.67,2501.67,1120.85,2988,2881,13080,14182,27263,20548,6715,0,10,1186950.8,236129800,24.6,40
n1m_d128_l2,1000000,128,l2,correlated,0.5000,0.5000,500000,F_exact,exact,EXACT,16,0,0,0,100,1.0000,19.9,50361.46,51131.46,51555.71,51555.71,50305.28,500000,0,0,0,1000000,0,0,0,100,0.0,0,0.0,0
n1m_d128_l2,1000000,128,l2,correlated,0.5000,0.5000,500000,A_std_standard,std,STANDARD,16,1,32,50,100,0.4708,8907.4,112.08,184.96,241.21,241.21,112.27,1103,1103,1103,0,1103,0,0,65,65,140884.0,140258120,24.5,32
n1m_d128_l2,1000000,128,l2,correlated,0.5000,0.5000,500000,B_std_acorn1,std,ACORN,16,1,32,50,100,0.3496,5088.2,173.75,347.92,396.46,396.46,196.54,1289,1152,482,3797,4280,2382,1897,0,100,140884.0,140258120,24.5,32
n1m_d128_l2,1000000,128,l2,correlated,0.5000,0.5000,500000,D_large24_standard,large,STANDARD,24,1,48,50,100,0.5280,7718.5,131.88,156.29,215.83,215.83,129.56,1279,1279,1279,0,1279,0,0,61,59,132908.2,204166792,30.4,48
n1m_d128_l2,1000000,128,l2,correlated,0.5000,0.5000,500000,E_large24_acorn1,large,ACORN,24,1,48,50,100,0.4412,3973.9,214.38,457.71,575.96,575.96,251.64,1681,1513,621,5837,6460,3545,2914,0,100,132908.2,204166792,30.4,48
n1m_d128_l2,1000000,128,l2,correlated,0.5000,0.5000,500000,D_large48_standard,large,STANDARD,48,1,96,50,100,0.5518,7228.9,141.58,167.08,193.46,193.46,138.33,1465,1465,1465,0,1465,0,0,58,60,142299.3,396080968,35.9,96
n1m_d128_l2,1000000,128,l2,correlated,0.5000,0.5000,500000,E_large48_acorn1,large,ACORN,48,1,96,50,100,0.5766,2736.2,332.79,579.42,788.71,788.71,365.48,2343,2056,1234,14563,15799,7805,7993,0,100,142299.3,396080968,35.9,96
n1m_d128_l2,1000000,128,l2,correlated,0.5000,0.5000,500000,C_acorn_g4,acorn,ACORN,16,4,16,50,100,0.2500,6978.0,141.75,206.96,261.88,261.88,143.31,963,853,1257,1178,2437,1964,472,0,100,222708.5,185032456,24.6,40
n1m_d128_l2,1000000,128,l2,correlated,0.5000,0.5000,500000,C_acorn_g8,acorn,ACORN,16,8,16,50,100,0.3042,6994.8,138.79,193.38,295.58,295.58,142.96,1002,893,1253,1066,2321,1968,353,0,100,316872.6,202064904,24.6,40
n1m_d128_l2,1000000,128,l2,correlated,0.5000,0.5000,500000,C_acorn_g16,acorn,ACORN,16,16,16,50,100,0.2086,6360.6,142.62,281.04,320.38,320.38,157.22,1085,978,1357,1233,2592,2106,485,0,100,1186950.8,236129800,24.6,40
n1m_d128_l2,1000000,128,l2,correlated,0.5000,0.5000,500000,A_std_standard,std,STANDARD,16,1,32,100,100,0.5378,5247.0,192.33,272.54,346.50,346.50,190.59,1525,1525,1525,0,1525,0,0,114,65,140884.0,140258120,24.5,32
n1m_d128_l2,1000000,128,l2,correlated,0.5000,0.5000,500000,B_std_acorn1,std,ACORN,16,1,32,100,100,0.4804,2854.0,295.58,662.46,1067.38,1067.38,350.38,1837,1700,1192,7720,8913,5142,3770,0,100,140884.0,140258120,24.5,32
n1m_d128_l2,1000000,128,l2,correlated,0.5000,0.5000,500000,D_large24_standard,large,STANDARD,24,1,48,100,100,0.5840,4505.4,226.12,260.92,328.38,328.38,221.96,1699,1699,1699,0,1699,0,0,110,60,132908.2,204166792,30.4,48
n1m_d128_l2,1000000,128,l2,correlated,0.5000,0.5000,500000,E_large24_acorn1,large,ACORN,24,1,48,100,100,0.5704,2218.1,374.42,916.25,1058.33,1058.33,450.84,2122,1954,1749,13114,14864,7711,7153,0,100,132908.2,204166792,30.4,48
n1m_d128_l2,1000000,128,l2,correlated,0.5000,0.5000,500000,D_large48_standard,large,STANDARD,48,1,96,100,100,0.5946,5311.4,191.79,209.75,237.42,237.42,188.27,1848,1848,1848,0,1848,0,0,108,62,142299.3,396080968,35.9,96
n1m_d128_l2,1000000,128,l2,correlated,0.5000,0.5000,500000,E_large48_acorn1,large,ACORN,48,1,96,100,100,0.7080,1712.0,526.33,1117.54,1315.17,1315.17,584.10,2902,2615,3263,29301,32566,16262,16304,0,100,142299.3,396080968,35.9,96
n1m_d128_l2,1000000,128,l2,correlated,0.5000,0.5000,500000,C_acorn_g4,acorn,ACORN,16,4,16,100,100,0.2934,4443.2,213.08,321.38,492.96,492.96,225.06,1371,1261,2360,2370,4732,3824,907,0,100,222708.5,185032456,24.6,40
n1m_d128_l2,1000000,128,l2,correlated,0.5000,0.5000,500000,C_acorn_g8,acorn,ACORN,16,8,16,100,100,0.3584,4456.0,214.12,368.04,411.08,411.08,224.41,1397,1288,2346,2149,4497,3826,671,0,100,316872.6,202064904,24.6,40
n1m_d128_l2,1000000,128,l2,correlated,0.5000,0.5000,500000,C_acorn_g16,acorn,ACORN,16,16,16,100,100,0.4438,3505.8,235.83,549.17,603.75,603.75,285.24,1750,1642,2928,3559,6488,4673,1815,0,100,1186950.8,236129800,24.6,40
n1m_d128_l2,1000000,128,l2,correlated,0.5000,0.5000,500000,A_std_standard,std,STANDARD,16,1,32,250,100,0.5668,3137.9,322.54,409.62,491.38,491.38,318.69,1966,1966,1966,0,1966,0,0,264,67,140884.0,140258120,24.5,32
n1m_d128_l2,1000000,128,l2,correlated,0.5000,0.5000,500000,B_std_acorn1,std,ACORN,16,1,32,250,100,0.5686,1413.0,615.29,1359.29,1870.46,1870.46,707.71,2300,2164,4673,20078,24753,14945,9807,0,100,140884.0,140258120,24.5,32
n1m_d128_l2,1000000,128,l2,correlated,0.5000,0.5000,500000,D_large24_standard,large,STANDARD,24,1,48,250,100,0.6032,2290.4,447.25,473.04,576.71,576.71,436.61,2061,2061,2061,0,2061,0,0,260,62,132908.2,204166792,30.4,48
n1m_d128_l2,1000000,128,l2,correlated,0.5000,0.5000,500000,E_large24_acorn1,large,ACORN,24,1,48,250,100,0.6450,910.8,978.88,2120.75,2461.96,2461.96,1097.89,2691,2523,6384,32001,38387,21894,16492,0,100,132908.2,204166792,30.4,48
n1m_d128_l2,1000000,128,l2,correlated,0.5000,0.5000,500000,D_large48_standard,large,STANDARD,48,1,96,250,100,0.6080,1779.9,575.75,645.00,689.54,689.54,561.82,2138,2138,2138,0,2138,0,0,258,65,142299.3,396080968,35.9,96
n1m_d128_l2,1000000,128,l2,correlated,0.5000,0.5000,500000,E_large48_acorn1,large,ACORN,48,1,96,250,100,0.7784,664.7,1269.83,2742.38,3112.62,3112.62,1504.34,3464,3177,9444,60641,70086,36595,33491,0,100,142299.3,396080968,35.9,96
n1m_d128_l2,1000000,128,l2,correlated,0.5000,0.5000,500000,C_acorn_g4,acorn,ACORN,16,4,16,250,100,0.3686,1351.6,736.46,1140.71,1479.92,1479.92,739.86,1979,1869,5768,5579,11348,9429,1919,0,100,222708.5,185032456,24.6,40
n1m_d128_l2,1000000,128,l2,correlated,0.5000,0.5000,500000,C_acorn_g8,acorn,ACORN,16,8,16,250,100,0.4834,1267.1,732.04,1538.29,1878.21,1878.21,789.22,2022,1912,6038,6456,12496,9870,2625,0,100,316872.6,202064904,24.6,40
n1m_d128_l2,1000000,128,l2,correlated,0.5000,0.5000,500000,C_acorn_g16,acorn,ACORN,16,16,16,250,100,0.5330,1029.9,823.79,1602.96,1725.00,1725.00,971.00,2516,2409,6788,8284,15073,10945,4128,0,100,1186950.8,236129800,24.6,40
n1m_d128_l2,1000000,128,l2,correlated,0.5000,0.5000,500000,A_std_standard,std,STANDARD,16,1,32,500,100,0.5704,1137.9,897.50,1068.33,1203.54,1203.54,878.80,2166,2166,2166,0,2166,0,0,514,69,140884.0,140258120,24.5,32
n1m_d128_l2,1000000,128,l2,correlated,0.5000,0.5000,500000,B_std_acorn1,std,ACORN,16,1,32,500,100,0.6574,640.7,1223.96,3074.00,3533.79,3533.79,1560.73,2831,2695,11799,39233,51033,31579,19454,0,100,140884.0,140258120,24.5,32
n1m_d128_l2,1000000,128,l2,correlated,0.5000,0.5000,500000,D_large24_standard,large,STANDARD,24,1,48,500,100,0.6050,1131.1,904.29,970.46,1104.50,1104.50,884.07,2141,2141,2141,0,2141,0,0,510,63,132908.2,204166792,30.4,48
n1m_d128_l2,1000000,128,l2,correlated,0.5000,0.5000,500000,E_large24_acorn1,large,ACORN,24,1,48,500,100,0.7080,544.4,1561.12,3282.00,5019.33,5019.33,1836.75,3340,3172,15337,56050,71388,44385,27003,0,100,132908.2,204166792,30.4,48
n1m_d128_l2,1000000,128,l2,correlated,0.5000,0.5000,500000,D_large48_standard,large,STANDARD,48,1,96,500,100,0.6102,1125.7,923.50,997.88,1028.75,1028.75,888.36,2210,2210,2210,0,2210,0,0,508,69,142299.3,396080968,35.9,96
n1m_d128_l2,1000000,128,l2,correlated,0.5000,0.5000,500000,E_large48_acorn1,large,ACORN,48,1,96,500,100,0.8576,470.1,1761.50,3804.67,4291.42,4291.42,2127.09,4208,3921,19501,101669,121171,67656,53515,0,100,142299.3,396080968,35.9,96
n1m_d128_l2,1000000,128,l2,correlated,0.5000,0.5000,500000,C_acorn_g4,acorn,ACORN,16,4,16,500,100,0.3784,1320.5,722.17,1101.67,1228.83,1228.83,757.27,2332,2222,11661,10159,21821,18051,3770,0,100,222708.5,185032456,24.6,40
n1m_d128_l2,1000000,128,l2,correlated,0.5000,0.5000,500000,C_acorn_g8,acorn,ACORN,16,8,16,500,100,0.4940,1219.8,731.50,1347.21,1637.38,1637.38,819.80,2298,2189,12080,12460,24541,19071,5469,0,100,316872.6,202064904,24.6,40
n1m_d128_l2,1000000,128,l2,correlated,0.5000,0.5000,500000,C_acorn_g16,acorn,ACORN,16,16,16,500,100,0.5808,972.6,909.58,1528.21,2229.54,2229.54,1028.17,2988,2881,13080,14182,27263,20548,6715,0,100,1186950.8,236129800,24.6,40
n1m_d128_l2,1000000,128,l2,correlated,0.2500,0.2500,250000,F_exact,exact,EXACT,16,0,0,0,10,1.0000,32.0,31305.88,31965.92,32740.71,32740.71,31291.24,250000,0,0,0,1000000,0,0,0,10,0.0,0,0.0,0
n1m_d128_l2,1000000,128,l2,correlated,0.2500,0.2500,250000,A_std_standard,std,STANDARD,16,1,32,50,10,0.3640,9023.1,102.67,192.67,539.71,539.71,110.83,1103,1103,1103,0,1103,0,0,65,5,140884.0,140258120,24.5,32
n1m_d128_l2,1000000,128,l2,correlated,0.2500,0.2500,250000,B_std_acorn1,std,ACORN,16,1,32,50,10,0.2800,4094.4,217.21,392.67,617.67,617.67,244.23,1256,1119,490,4008,4500,2363,2136,0,10,140884.0,140258120,24.5,32
n1m_d128_l2,1000000,128,l2,correlated,0.2500,0.2500,250000,D_large24_standard,large,STANDARD,24,1,48,50,10,0.4080,9053.7,111.46,128.04,176.92,176.92,110.45,1279,1279,1279,0,1279,0,0,61,4,132908.2,204166792,30.4,48
n1m_d128_l2,1000000,128,l2,correlated,0.2500,0.2500,250000,E_large24_acorn1,large,ACORN,24,1,48,50,10,0.3680,3151.5,271.38,561.67,908.54,908.54,317.31,1512,1338,704,9366,10072,3494,6577,0,10,132908.2,204166792,30.4,48
n1m_d128_l2,1000000,128,l2,correlated,0.2500,0.2500,250000,D_large48_standard,large,STANDARD,48,1,96,50,10,0.4360,7844.6,121.00,199.42,244.67,244.67,127.48,1465,1465,1465,0,1465,0,0,58,5,142299.3,396080968,35.9,96
n1m_d128_l2,1000000,128,l2,correlated,0.2500,0.2500,250000,E_large48_acorn1,large,ACORN,48,1,96,50,10,0.5880,3109.4,268.75,638.21,808.17,808.17,321.60,1894,1603,1140,14030,15171,6321,8850,0,10,142299.3,396080968,35.9,96
n1m_d128_l2,1000000,128,l2,correlated,0.2500,0.2500,250000,C_acorn_g4,acorn,ACORN,16,4,16,50,10,0.2180,6078.3,167.92,221.75,333.29,333.29,164.52,873,771,1331,1507,2839,1908,931,0,10,222708.5,185032456,24.6,40
n1m_d128_l2,1000000,128,l2,correlated,0.2500,0.2500,250000,C_acorn_g8,acorn,ACORN,16,8,16,50,10,0.2980,5585.7,183.79,222.08,383.33,383.33,179.03,905,800,1314,1493,2809,1881,928,0,10,316872.6,202064904,24.6,40
n1m_d128_l2,1000000,128,l2,correlated,0.2500,0.2500,250000,C_acorn_g16,acorn,ACORN,16,16,16,50,10,0.3000,7546.5,125.54,235.62,305.42,305.42,132.51,982,877,1405,1577,2983,2024,958,0,10,1186950.8,236129800,24.6,40
n1m_d128_l2,1000000,128,l2,correlated,0.2500,0.2500,250000,A_std_standard,std,STANDARD,16,1,32,100,10,0.3980,6605.9,151.25,216.29,267.00,267.00,151.38,1525,1525,1525,0,1525,0,0,114,5,140884.0,140258120,24.5,32
n1m_d128_l2,1000000,128,l2,correlated,0.2500,0.2500,250000,B_std_acorn1,std,ACORN,16,1,32,100,10,0.3780,3466.0,239.54,510.75,613.00,613.00,288.52,1726,1589,1163,7944,9108,4892,4216,0,10,140884.0,140258120,24.5,32
n1m_d128_l2,1000000,128,l2,correlated,0.2500,0.2500,250000,D_large24_standard,large,STANDARD,24,1,48,100,10,0.4400,6293.2,162.04,180.25,235.25,235.25,158.90,1699,1699,1699,0,1699,0,0,110,4,132908.2,204166792,30.4,48
n1m_d128_l2,1000000,128,l2,correlated,0.2500,0.2500,250000,E_large24_acorn1,large,ACORN,24,1,48,100,10,0.4340,2590.2,293.00,852.71,1011.17,1011.17,386.07,2092,1918,1804,17434,19240,7792,11447,0,10,132908.2,204166792,30.4,48
n1m_d128_l2,1000000,128,l2,correlated,0.2500,0.2500,250000,D_large48_standard,large,STANDARD,48,1,96,100,10,0.4480,5275.8,184.54,256.50,293.38,293.38,189.54,1848,1848,1848,0,1848,0,0,108,5,142299.3,396080968,35.9,96
n1m_d128_l2,1000000,128,l2,correlated,0.2500,0.2500,250000,E_large48_acorn1,large,ACORN,48,1,96,100,10,0.6440,2010.5,368.29,1124.21,1319.88,1319.88,497.40,2283,1992,2895,26357,29254,12567,16686,0,10,142299.3,396080968,35.9,96
n1m_d128_l2,1000000,128,l2,correlated,0.2500,0.2500,250000,C_acorn_g4,acorn,ACORN,16,4,16,100,10,0.2560,4826.5,208.54,296.38,356.04,356.04,207.19,1207,1104,2447,2842,5291,3724,1566,0,10,222708.5,185032456,24.6,40
n1m_d128_l2,1000000,128,l2,correlated,0.2500,0.2500,250000,C_acorn_g8,acorn,ACORN,16,8,16,100,10,0.3580,4584.5,208.75,344.54,450.92,450.92,218.13,1250,1145,2389,2858,5248,3650,1598,0,10,316872.6,202064904,24.6,40
n1m_d128_l2,1000000,128,l2,correlated,0.2500,0.2500,250000,C_acorn_g16,acorn,ACORN,16,16,16,100,10,0.3600,4582.0,203.92,377.58,386.42,386.42,218.24,1331,1225,2516,3128,5645,3832,1813,0,10,1186950.8,236129800,24.6,40
n1m_d128_l2,1000000,128,l2,correlated,0.2500,0.2500,250000,A_std_standard,std,STANDARD,16,1,32,250,10,0.4200,3407.0,297.75,365.21,452.58,452.58,293.51,1966,1966,1966,0,1966,0,0,264,5,140884.0,140258120,24.5,32
n1m_d128_l2,1000000,128,l2,correlated,0.2500,0.2500,250000,B_std_acorn1,std,ACORN,16,1,32,250,10,0.4060,1741.4,445.79,1160.88,1483.42,1483.42,574.25,2252,2115,4528,19894,24423,13617,10806,0,10,140884.0,140258120,24.5,32
n1m_d128_l2,1000000,128,l2,correlated,0.2500,0.2500,250000,D_large24_standard,large,STANDARD,24,1,48,250,10,0.4520,3050.4,315.38,401.12,643.62,643.62,327.83,2061,2061,2061,0,2061,0,0,260,5,132908.2,204166792,30.4,48
n1m_d128_l2,1000000,128,l2,correlated,0.2500,0.2500,250000,E_large24_acorn1,large,ACORN,24,1,48,250,10,0.4600,1405.0,532.50,1562.88,1732.92,1732.92,711.73,2511,2337,6263,37087,43351,20044,23306,0,10,132908.2,204166792,30.4,48
n1m_d128_l2,1000000,128,l2,correlated,0.2500,0.2500,250000,D_large48_standard,large,STANDARD,48,1,96,250,10,0.4600,3130.9,323.58,391.25,401.04,401.04,319.39,2138,2138,2138,0,2138,0,0,258,6,142299.3,396080968,35.9,96
n1m_d128_l2,1000000,128,l2,correlated,0.2500,0.2500,250000,E_large48_acorn1,large,ACORN,48,1,96,250,10,0.6600,1246.5,569.33,1937.08,2031.79,2031.79,802.22,2656,2365,8472,54997,63470,29191,34279,0,10,142299.3,396080968,35.9,96
n1m_d128_l2,1000000,128,l2,correlated,0.2500,0.2500,250000,C_acorn_g4,acorn,ACORN,16,4,16,250,10,0.2800,2386.8,397.12,591.29,707.12,707.12,418.98,1713,1611,5994,6883,12878,9320,3558,0,10,222708.5,185032456,24.6,40
n1m_d128_l2,1000000,128,l2,correlated,0.2500,0.2500,250000,C_acorn_g8,acorn,ACORN,16,8,16,250,10,0.3920,2204.1,403.96,891.92,1077.71,1077.71,453.69,1842,1737,6235,8276,14512,9805,4707,0,10,316872.6,202064904,24.6,40
n1m_d128_l2,1000000,128,l2,correlated,0.2500,0.2500,250000,C_acorn_g16,acorn,ACORN,16,16,16,250,10,0.4200,2180.1,395.12,739.75,1012.92,1012.92,458.68,1948,1843,6251,8963,15215,9891,5323,0,10,1186950.8,236129800,24.6,40
n1m_d128_l2,1000000,128,l2,correlated,0.2500,0.2500,250000,A_std_standard,std,STANDARD,16,1,32,500,10,0.4260,1832.4,550.21,644.71,727.04,727.04,545.73,2166,2166,2166,0,2166,0,0,514,6,140884.0,140258120,24.5,32
n1m_d128_l2,1000000,128,l2,correlated,0.2500,0.2500,250000,B_std_acorn1,std,ACORN,16,1,32,500,10,0.4380,999.0,769.46,1947.38,2074.46,2074.46,1001.04,2690,2553,10967,35546,46514,26293,20221,0,10,140884.0,140258120,24.5,32
n1m_d128_l2,1000000,128,l2,correlated,0.2500,0.2500,250000,D_large24_standard,large,STANDARD,24,1,48,500,10,0.4560,1832.7,548.88,603.79,692.42,692.42,545.65,2141,2141,2141,0,2141,0,0,510,5,132908.2,204166792,30.4,48
n1m_d128_l2,1000000,128,l2,correlated,0.2500,0.2500,250000,E_large24_acorn1,large,ACORN,24,1,48,500,10,0.5280,769.7,978.00,2765.54,2975.71,2975.71,1299.20,3095,2921,15286,68336,83624,40690,42933,0,10,132908.2,204166792,30.4,48
n1m_d128_l2,1000000,128,l2,correlated,0.2500,0.2500,250000,D_large48_standard,large,STANDARD,48,1,96,500,10,0.4660,1799.5,564.67,614.83,636.33,636.33,555.70,2210,2210,2210,0,2210,0,0,508,7,142299.3,396080968,35.9,96
n1m_d128_l2,1000000,128,l2,correlated,0.2500,0.2500,250000,E_large48_acorn1,large,ACORN,48,1,96,500,10,0.7580,707.4,1089.79,3505.08,3661.79,3661.79,1413.53,3373,3081,18680,92290,110972,55665,55306,0,10,142299.3,396080968,35.9,96
n1m_d128_l2,1000000,128,l2,correlated,0.2500,0.2500,250000,C_acorn_g4,acorn,ACORN,16,4,16,500,10,0.3060,1277.9,723.33,1196.71,1392.79,1392.79,782.56,2094,1992,12108,13264,25374,18292,7081,0,10,222708.5,185032456,24.6,40
n1m_d128_l2,1000000,128,l2,correlated,0.2500,0.2500,250000,C_acorn_g8,acorn,ACORN,16,8,16,500,10,0.4080,1192.8,743.75,1508.25,1754.17,1754.17,838.35,2260,2155,12371,14280,26652,18768,7884,0,10,316872.6,202064904,24.6,40
n1m_d128_l2,1000000,128,l2,correlated,0.2500,0.2500,250000,C_acorn_g16,acorn,ACORN,16,16,16,500,10,0.4600,1128.6,790.29,1445.92,1720.96,1720.96,886.05,2424,2318,12402,16142,28545,18860,9684,0,10,1186950.8,236129800,24.6,40
n1m_d128_l2,1000000,128,l2,correlated,0.2500,0.2500,250000,F_exact,exact,EXACT,16,0,0,0,100,1.0000,32.1,31202.62,31852.17,31974.00,31974.00,31174.42,250000,0,0,0,1000000,0,0,0,100,0.0,0,0.0,0
n1m_d128_l2,1000000,128,l2,correlated,0.2500,0.2500,250000,A_std_standard,std,STANDARD,16,1,32,50,100,0.2916,8771.2,112.00,197.38,228.62,228.62,114.01,1103,1103,1103,0,1103,0,0,65,45,140884.0,140258120,24.5,32
n1m_d128_l2,1000000,128,l2,correlated,0.2500,0.2500,250000,B_std_acorn1,std,ACORN,16,1,32,50,100,0.2800,5078.1,171.92,369.50,428.17,428.17,196.93,1256,1119,490,4008,4500,2363,2136,0,100,140884.0,140258120,24.5,32
n1m_d128_l2,1000000,128,l2,correlated,0.2500,0.2500,250000,D_large24_standard,large,STANDARD,24,1,48,50,100,0.3368,8148.8,122.58,139.62,197.25,197.25,122.72,1279,1279,1279,0,1279,0,0,61,38,132908.2,204166792,30.4,48
n1m_d128_l2,1000000,128,l2,correlated,0.2500,0.2500,250000,E_large24_acorn1,large,ACORN,24,1,48,50,100,0.3392,3768.3,219.96,473.62,839.08,839.08,265.37,1512,1338,704,9366,10072,3494,6577,0,99,132908.2,204166792,30.4,48
n1m_d128_l2,1000000,128,l2,correlated,0.2500,0.2500,250000,D_large48_standard,large,STANDARD,48,1,96,50,100,0.3610,7611.9,132.04,151.92,195.75,195.75,131.37,1465,1465,1465,0,1465,0,0,58,39,142299.3,396080968,35.9,96
n1m_d128_l2,1000000,128,l2,correlated,0.2500,0.2500,250000,E_large48_acorn1,large,ACORN,48,1,96,50,100,0.6254,3333.0,265.25,528.33,626.83,626.83,300.03,1894,1603,1140,14030,15171,6321,8850,0,100,142299.3,396080968,35.9,96
n1m_d128_l2,1000000,128,l2,correlated,0.2500,0.2500,250000,C_acorn_g4,acorn,ACORN,16,4,16,50,100,0.2140,7352.1,136.67,183.58,212.54,212.54,136.02,873,771,1331,1507,2839,1908,931,0,99,222708.5,185032456,24.6,40
n1m_d128_l2,1000000,128,l2,correlated,0.2500,0.2500,250000,C_acorn_g8,acorn,ACORN,16,8,16,50,100,0.2998,7500.0,131.17,170.00,298.88,298.88,133.33,905,800,1314,1493,2809,1881,928,0,100,316872.6,202064904,24.6,40
n1m_d128_l2,1000000,128,l2,correlated,0.2500,0.2500,250000,C_acorn_g16,acorn,ACORN,16,16,16,50,100,0.2720,6568.0,141.92,264.92,342.75,342.75,152.25,982,877,1405,1577,2983,2024,958,0,100,1186950.8,236129800,24.6,40
n1m_d128_l2,1000000,128,l2,correlated,0.2500,0.2500,250000,A_std_standard,std,STANDARD,16,1,32,100,100,0.3370,6307.1,156.08,228.12,275.08,275.08,158.55,1525,1525,1525,0,1525,0,0,114,46,140884.0,140258120,24.5,32
n1m_d128_l2,1000000,128,l2,correlated,0.2500,0.2500,250000,B_std_acorn1,std,ACORN,16,1,32,100,100,0.3844,3322.4,251.33,535.71,651.54,651.54,300.99,1726,1589,1163,7944,9108,4892,4216,0,100,140884.0,140258120,24.5,32
n1m_d128_l2,1000000,128,l2,correlated,0.2500,0.2500,250000,D_large24_standard,large,STANDARD,24,1,48,100,100,0.3810,5732.3,173.67,193.54,275.17,275.17,174.45,1699,1699,1699,0,1699,0,0,110,39,132908.2,204166792,30.4,48
n1m_d128_l2,1000000,128,l2,correlated,0.2500,0.2500,250000,E_large24_acorn1,large,ACORN,24,1,48,100,100,0.4238,2393.6,315.67,880.38,1318.96,1318.96,417.79,2092,1918,1804,17434,19240,7792,11447,0,100,132908.2,204166792,30.4,48
n1m_d128_l2,1000000,128,l2,correlated,0.2500,0.2500,250000,D_large48_standard,large,STANDARD,48,1,96,100,100,0.3902,5631.8,181.21,200.12,238.62,238.62,177.56,1848,1848,1848,0,1848,0,0,108,40,142299.3,396080968,35.9,96
n1m_d128_l2,1000000,128,l2,correlated,0.2500,0.2500,250000,E_large48_acorn1,large,ACORN,48,1,96,100,100,0.7096,2221.4,354.92,913.96,956.33,956.33,450.17,2283,1992,2895,26357,29254,12567,16686,0,100,142299.3,396080968,35.9,96
n1m_d128_l2,1000000,128,l2,correlated,0.2500,0.2500,250000,C_acorn_g4,acorn,ACORN,16,4,16,100,100,0.2580,4868.0,202.42,283.75,308.54,308.54,205.42,1207,1104,2447,2842,5291,3724,1566,0,100,222708.5,185032456,24.6,40
n1m_d128_l2,1000000,128,l2,correlated,0.2500,0.2500,250000,C_acorn_g8,acorn,ACORN,16,8,16,100,100,0.3696,4999.6,198.67,281.17,369.38,369.38,200.01,1250,1145,2389,2858,5248,3650,1598,0,100,316872.6,202064904,24.6,40
n1m_d128_l2,1000000,128,l2,correlated,0.2500,0.2500,250000,C_acorn_g16,acorn,ACORN,16,16,16,100,100,0.3406,4519.4,212.46,385.25,411.46,411.46,221.27,1331,1225,2516,3128,5645,3832,1813,0,100,1186950.8,236129800,24.6,40
n1m_d128_l2,1000000,128,l2,correlated,0.2500,0.2500,250000,A_std_standard,std,STANDARD,16,1,32,250,100,0.3622,3330.5,302.25,384.33,443.96,443.96,300.26,1966,1966,1966,0,1966,0,0,264,47,140884.0,140258120,24.5,32
n1m_d128_l2,1000000,128,l2,correlated,0.2500,0.2500,250000,B_std_acorn1,std,ACORN,16,1,32,250,100,0.4344,1711.2,456.58,1145.62,1532.92,1532.92,584.40,2252,2115,4528,19894,24423,13617,10806,0,100,140884.0,140258120,24.5,32
n1m_d128_l2,1000000,128,l2,correlated,0.2500,0.2500,250000,D_large24_standard,large,STANDARD,24,1,48,250,100,0.3972,3234.9,312.12,364.08,394.38,394.38,309.13,2061,2061,2061,0,2061,0,0,260,40,132908.2,204166792,30.4,48
n1m_d128_l2,1000000,128,l2,correlated,0.2500,0.2500,250000,E_large24_acorn1,large,ACORN,24,1,48,250,100,0.4624,1374.0,535.25,1628.42,1704.08,1704.08,727.79,2511,2337,6263,37087,43351,20044,23306,0,100,132908.2,204166792,30.4,48
n1m_d128_l2,1000000,128,l2,correlated,0.2500,0.2500,250000,D_large48_standard,large,STANDARD,48,1,96,250,100,0.4028,3076.6,331.12,368.17,407.42,407.42,325.04,2138,2138,2138,0,2138,0,0,258,42,142299.3,396080968,35.9,96
n1m_d128_l2,1000000,128,l2,correlated,0.2500,0.2500,250000,E_large48_acorn1,large,ACORN,48,1,96,250,100,0.7424,1243.4,597.54,1897.25,2051.17,2051.17,804.25,2656,2365,8472,54997,63470,29191,34279,0,100,142299.3,396080968,35.9,96
n1m_d128_l2,1000000,128,l2,correlated,0.2500,0.2500,250000,C_acorn_g4,acorn,ACORN,16,4,16,250,100,0.2852,2215.3,431.83,676.79,729.96,729.96,451.40,1713,1611,5994,6883,12878,9320,3558,0,100,222708.5,185032456,24.6,40
n1m_d128_l2,1000000,128,l2,correlated,0.2500,0.2500,250000,C_acorn_g8,acorn,ACORN,16,8,16,250,100,0.4224,2144.5,420.54,869.21,1010.92,1010.92,466.31,1842,1737,6235,8276,14512,9805,4707,0,100,316872.6,202064904,24.6,40
n1m_d128_l2,1000000,128,l2,correlated,0.2500,0.2500,250000,C_acorn_g16,acorn,ACORN,16,16,16,250,100,0.4248,1846.5,480.83,856.29,1205.17,1205.17,541.56,1948,1843,6251,8963,15215,9891,5323,0,100,1186950.8,236129800,24.6,40
n1m_d128_l2,1000000,128,l2,correlated,0.2500,0.2500,250000,A_std_standard,std,STANDARD,16,1,32,500,100,0.3682,1553.8,649.21,809.21,817.88,817.88,643.56,2166,2166,2166,0,2166,0,0,514,48,140884.0,140258120,24.5,32
n1m_d128_l2,1000000,128,l2,correlated,0.2500,0.2500,250000,B_std_acorn1,std,ACORN,16,1,32,500,100,0.4782,684.6,1121.17,2912.42,3219.38,3219.38,1460.77,2690,2553,10967,35546,46514,26293,20221,0,100,140884.0,140258120,24.5,32
n1m_d128_l2,1000000,128,l2,correlated,0.2500,0.2500,250000,D_large24_standard,large,STANDARD,24,1,48,500,100,0.4002,1140.8,912.12,977.25,1083.21,1083.21,876.55,2141,2141,2141,0,2141,0,0,510,40,132908.2,204166792,30.4,48
n1m_d128_l2,1000000,128,l2,correlated,0.2500,0.2500,250000,E_large24_acorn1,large,ACORN,24,1,48,500,100,0.5486,740.0,1067.42,2722.50,2947.25,2947.25,1351.28,3095,2921,15286,68336,83624,40690,42933,0,100,132908.2,204166792,30.4,48
n1m_d128_l2,1000000,128,l2,correlated,0.2500,0.2500,250000,D_large48_standard,large,STANDARD,48,1,96,500,100,0.4062,1616.2,595.50,735.38,785.75,785.75,618.72,2210,2210,2210,0,2210,0,0,508,45,142299.3,396080968,35.9,96
n1m_d128_l2,1000000,128,l2,correlated,0.2500,0.2500,250000,E_large48_acorn1,large,ACORN,48,1,96,500,100,0.8254,600.3,1328.67,3837.17,4322.96,4322.96,1665.72,3373,3081,18680,92290,110972,55665,55306,0,100,142299.3,396080968,35.9,96
n1m_d128_l2,1000000,128,l2,correlated,0.2500,0.2500,250000,C_acorn_g4,acorn,ACORN,16,4,16,500,100,0.3180,1155.9,798.17,1251.42,1471.54,1471.54,865.15,2094,1992,12108,13264,25374,18292,7081,0,100,222708.5,185032456,24.6,40
n1m_d128_l2,1000000,128,l2,correlated,0.2500,0.2500,250000,C_acorn_g8,acorn,ACORN,16,8,16,500,100,0.4484,1138.8,773.29,1638.38,1897.83,1897.83,878.15,2260,2155,12371,14280,26652,18768,7884,0,100,316872.6,202064904,24.6,40
n1m_d128_l2,1000000,128,l2,correlated,0.2500,0.2500,250000,C_acorn_g16,acorn,ACORN,16,16,16,500,100,0.4692,1085.0,794.25,1615.83,1864.21,1864.21,921.65,2424,2318,12402,16142,28545,18860,9684,0,100,1186950.8,236129800,24.6,40
n1m_d128_l2,1000000,128,l2,correlated,0.1000,0.1000,100000,F_exact,exact,EXACT,16,0,0,0,10,1.0000,64.4,14797.42,19496.71,23263.67,23263.67,15538.27,100000,0,0,0,1000000,0,0,0,10,0.0,0,0.0,0
n1m_d128_l2,1000000,128,l2,correlated,0.1000,0.1000,100000,A_std_standard,std,STANDARD,16,1,32,50,10,0.1100,10056.9,97.00,158.08,203.67,203.67,99.43,1103,1103,1103,0,1103,0,0,65,1,140884.0,140258120,24.5,32
n1m_d128_l2,1000000,128,l2,correlated,0.1000,0.1000,100000,B_std_acorn1,std,ACORN,16,1,32,50,10,0.2540,5264.5,180.71,323.04,379.29,379.29,189.95,1110,952,609,7028,7638,2425,5213,0,10,140884.0,140258120,24.5,32
n1m_d128_l2,1000000,128,l2,correlated,0.1000,0.1000,100000,D_large24_standard,large,STANDARD,24,1,48,50,10,0.1200,8712.1,114.75,138.42,239.50,239.50,114.78,1279,1279,1279,0,1279,0,0,61,1,132908.2,204166792,30.4,48
n1m_d128_l2,1000000,128,l2,correlated,0.1000,0.1000,100000,E_large24_acorn1,large,ACORN,24,1,48,50,10,0.2700,5172.9,175.04,379.88,427.67,427.67,193.31,1340,1180,691,7285,7977,3486,4490,0,10,132908.2,204166792,30.4,48
n1m_d128_l2,1000000,128,l2,correlated,0.1000,0.1000,100000,D_large48_standard,large,STANDARD,48,1,96,50,10,0.1420,8479.5,121.29,144.92,165.21,165.21,117.93,1465,1465,1465,0,1465,0,0,58,2,142299.3,396080968,35.9,96
n1m_d128_l2,1000000,128,l2,correlated,0.1000,0.1000,100000,E_large48_acorn1,large,ACORN,48,1,96,50,10,0.4020,3322.9,252.96,591.50,656.21,656.21,300.94,1928,1649,1199,15466,16666,6604,10062,0,10,142299.3,396080968,35.9,96
n1m_d128_l2,1000000,128,l2,correlated,0.1000,0.1000,100000,C_acorn_g4,acorn,ACORN,16,4,16,50,10,0.0960,9453.9,98.46,171.96,175.50,175.50,105.78,807,736,1337,1549,2887,1772,1115,0,10,222708.5,185032456,24.6,40
n1m_d128_l2,1000000,128,l2,correlated,0.1000,0.1000,100000,C_acorn_g8,acorn,ACORN,16,8,16,50,10,0.1320,9357.8,109.46,164.50,171.00,171.00,106.86,851,761,1548,1285,2835,1802,1032,0,10,316872.6,202064904,24.6,40
n1m_d128_l2,1000000,128,l2,correlated,0.1000,0.1000,100000,C_acorn_g16,acorn,ACORN,16,16,16,50,10,0.1780,7529.8,140.67,207.04,270.67,270.67,132.81,878,782,1699,1373,3073,1856,1217,0,10,1186950.8,236129800,24.6,40
n1m_d128_l2,1000000,128,l2,correlated,0.1000,0.1000,100000,A_std_standard,std,STANDARD,16,1,32,100,10,0.1380,5462.2,185.25,267.08,326.00,326.00,183.08,1525,1525,1525,0,1525,0,0,114,1,140884.0,140258120,24.5,32
n1m_d128_l2,1000000,128,l2,correlated,0.1000,0.1000,100000,B_std_acorn1,std,ACORN,16,1,32,100,10,0.3000,3106.0,284.67,535.92,666.38,666.38,321.96,1433,1275,1347,14251,15599,5109,10489,0,10,140884.0,140258120,24.5,32
n1m_d128_l2,1000000,128,l2,correlated,0.1000,0.1000,100000,D_large24_standard,large,STANDARD,24,1,48,100,10,0.1460,4677.3,219.42,249.25,314.88,314.88,213.80,1699,1699,1699,0,1699,0,0,110,1,132908.2,204166792,30.4,48
n1m_d128_l2,1000000,128,l2,correlated,0.1000,0.1000,100000,E_large24_acorn1,large,ACORN,24,1,48,100,10,0.3380,2328.1,352.21,872.21,1200.21,1200.21,429.54,1738,1578,1785,15660,17446,8013,9433,0,10,132908.2,204166792,30.4,48
n1m_d128_l2,1000000,128,l2,correlated,0.1000,0.1000,100000,D_large48_standard,large,STANDARD,48,1,96,100,10,0.1560,2854.0,357.75,483.38,500.71,500.71,350.39,1848,1848,1848,0,1848,0,0,108,2,142299.3,396080968,35.9,96
n1m_d128_l2,1000000,128,l2,correlated,0.1000,0.1000,100000,E_large48_acorn1,large,ACORN,48,1,96,100,10,0.4820,1287.1,619.88,1531.08,1719.08,1719.08,776.92,2329,2049,2915,29294,32211,13729,18481,0,10,142299.3,396080968,35.9,96
n1m_d128_l2,1000000,128,l2,correlated,0.1000,0.1000,100000,C_acorn_g4,acorn,ACORN,16,4,16,100,10,0.1080,3388.0,287.67,507.17,558.08,558.08,295.16,1090,1020,2386,3207,5595,3474,2121,0,10,222708.5,185032456,24.6,40
n1m_d128_l2,1000000,128,l2,correlated,0.1000,0.1000,100000,C_acorn_g8,acorn,ACORN,16,8,16,100,10,0.1460,3388.2,272.54,481.79,579.88,579.88,295.14,1165,1075,2574,2493,5068,3496,1572,0,10,316872.6,202064904,24.6,40
n1m_d128_l2,1000000,128,l2,correlated,0.1000,0.1000,100000,C_acorn_g16,acorn,ACORN,16,16,16,100,10,0.2400,3197.2,270.00,567.92,804.12,804.12,312.77,1223,1127,2760,2770,5531,3605,1925,0,10,1186950.8,236129800,24.6,40
n1m_d128_l2,1000000,128,l2,correlated,0.1000,0.1000,100000,A_std_standard,std,STANDARD,16,1,32,250,10,0.1600,1924.0,551.25,762.88,900.17,900.17,519.76,1966,1966,1966,0,1966,0,0,264,2,140884.0,140258120,24.5,32
n1m_d128_l2,1000000,128,l2,correlated,0.1000,0.1000,100000,B_std_acorn1,std,ACORN,16,1,32,250,10,0.3980,1534.5,508.88,1129.62,1617.46,1617.46,651.68,1991,1833,4621,33375,37997,14723,23274,0,10,140884.0,140258120,24.5,32
n1m_d128_l2,1000000,128,l2,correlated,0.1000,0.1000,100000,D_large24_standard,large,STANDARD,24,1,48,250,10,0.1540,3253.3,304.92,367.25,406.04,406.04,307.38,2061,2061,2061,0,2061,0,0,260,1,132908.2,204166792,30.4,48
n1m_d128_l2,1000000,128,l2,correlated,0.1000,0.1000,100000,E_large24_acorn1,large,ACORN,24,1,48,250,10,0.4140,1331.9,551.38,1673.42,2190.75,2190.75,750.79,2196,2036,6461,42672,49135,23190,25945,0,10,132908.2,204166792,30.4,48
n1m_d128_l2,1000000,128,l2,correlated,0.1000,0.1000,100000,D_large48_standard,large,STANDARD,48,1,96,250,10,0.1640,3074.4,325.29,392.79,436.67,436.67,325.27,2138,2138,2138,0,2138,0,0,258,3,142299.3,396080968,35.9,96
n1m_d128_l2,1000000,128,l2,correlated,0.1000,0.1000,100000,E_large48_acorn1,large,ACORN,48,1,96,250,10,0.5820,954.9,863.25,2311.42,2375.50,2375.50,1047.18,2841,2562,9125,75321,84448,37651,46797,0,10,142299.3,396080968,35.9,96
n1m_d128_l2,1000000,128,l2,correlated,0.1000,0.1000,100000,C_acorn_g4,acorn,ACORN,16,4,16,250,10,0.1240,2544.6,393.00,714.58,854.62,854.62,392.99,1538,1467,5739,7716,13456,8737,4718,0,10,222708.5,185032456,24.6,40
n1m_d128_l2,1000000,128,l2,correlated,0.1000,0.1000,100000,C_acorn_g8,acorn,ACORN,16,8,16,250,10,0.1700,2536.1,409.62,643.92,848.46,848.46,394.30,1656,1566,5910,6242,12154,8853,3300,0,10,316872.6,202064904,24.6,40
n1m_d128_l2,1000000,128,l2,correlated,0.1000,0.1000,100000,C_acorn_g16,acorn,ACORN,16,16,16,250,10,0.2720,2336.1,412.58,728.92,831.96,831.96,428.07,1753,1657,6146,6547,12694,9102,3591,0,10,1186950.8,236129800,24.6,40
n1m_d128_l2,1000000,128,l2,correlated,0.1000,0.1000,100000,A_std_standard,std,STANDARD,16,1,32,500,10,0.1620,1528.1,638.25,802.08,969.71,969.71,654.43,2166,2166,2166,0,2166,0,0,514,2,140884.0,140258120,24.5,32
n1m_d128_l2,1000000,128,l2,correlated,0.1000,0.1000,100000,B_std_acorn1,std,ACORN,16,1,32,500,10,0.4000,766.1,1066.29,2645.46,3690.79,3690.79,1305.23,2270,2112,10631,53708,64340,28612,35727,0,10,140884.0,140258120,24.5,32
n1m_d128_l2,1000000,128,l2,correlated,0.1000,0.1000,100000,D_large24_standard,large,STANDARD,24,1,48,500,10,0.1580,1755.9,573.12,648.38,677.88,677.88,569.50,2141,2141,2141,0,2141,0,0,510,2,132908.2,204166792,30.4,48
n1m_d128_l2,1000000,128,l2,correlated,0.1000,0.1000,100000,E_large24_acorn1,large,ACORN,24,1,48,500,10,0.4380,813.5,858.96,2831.88,4220.00,4220.00,1229.30,2472,2312,14317,79910,94229,44335,49893,0,10,132908.2,204166792,30.4,48
n1m_d128_l2,1000000,128,l2,correlated,0.1000,0.1000,100000,D_large48_standard,large,STANDARD,48,1,96,500,10,0.1700,1775.4,570.88,605.50,643.12,643.12,563.27,2210,2210,2210,0,2210,0,0,508,5,142299.3,396080968,35.9,96
n1m_d128_l2,1000000,128,l2,correlated,0.1000,0.1000,100000,E_large48_acorn1,large,ACORN,48,1,96,500,10,0.6740,553.9,1301.12,3797.25,6611.79,6611.79,1805.41,3458,3179,19025,151489,170515,74265,96250,0,10,142299.3,396080968,35.9,96
n1m_d128_l2,1000000,128,l2,correlated,0.1000,0.1000,100000,C_acorn_g4,acorn,ACORN,16,4,16,500,10,0.1240,1516.1,636.62,1170.96,1224.38,1224.38,659.60,1862,1791,11577,12457,24036,17219,6816,0,10,222708.5,185032456,24.6,40
n1m_d128_l2,1000000,128,l2,correlated,0.1000,0.1000,100000,C_acorn_g8,acorn,ACORN,16,8,16,500,10,0.1760,1492.6,660.08,1047.42,1205.79,1205.79,669.96,1892,1801,11702,11124,22827,17471,5356,0,10,316872.6,202064904,24.6,40
n1m_d128_l2,1000000,128,l2,correlated,0.1000,0.1000,100000,C_acorn_g16,acorn,ACORN,16,16,16,500,10,0.2800,1329.4,704.75,1354.50,1929.21,1929.21,752.22,2102,2005,12254,13078,25333,18282,7050,0,10,1186950.8,236129800,24.6,40
n1m_d128_l2,1000000,128,l2,correlated,0.1000,0.1000,100000,F_exact,exact,EXACT,16,0,0,0,100,1.0000,57.7,15135.58,23187.29,24109.62,24109.62,17322.88,100000,0,0,0,1000000,0,0,0,100,0.0,0,0.0,0
n1m_d128_l2,1000000,128,l2,correlated,0.1000,0.1000,100000,A_std_standard,std,STANDARD,16,1,32,50,100,0.0724,6640.7,150.12,246.62,322.08,322.08,150.59,1103,1103,1103,0,1103,0,0,65,11,140884.0,140258120,24.5,32
n1m_d128_l2,1000000,128,l2,correlated,0.1000,0.1000,100000,B_std_acorn1,std,ACORN,16,1,32,50,100,0.2510,4598.3,200.92,363.50,469.08,469.08,217.47,1110,952,609,7028,7638,2425,5213,0,99,140884.0,140258120,24.5,32
n1m_d128_l2,1000000,128,l2,correlated,0.1000,0.1000,100000,D_large24_standard,large,STANDARD,24,1,48,50,100,0.0836,7241.0,139.00,157.75,225.12,225.12,138.10,1279,1279,1279,0,1279,0,0,61,9,132908.2,204166792,30.4,48
n1m_d128_l2,1000000,128,l2,correlated,0.1000,0.1000,100000,E_large24_acorn1,large,ACORN,24,1,48,50,100,0.2892,4077.9,230.25,483.88,539.62,539.62,245.22,1340,1180,691,7285,7977,3486,4490,0,100,132908.2,204166792,30.4,48
n1m_d128_l2,1000000,128,l2,correlated,0.1000,0.1000,100000,D_large48_standard,large,STANDARD,48,1,96,50,100,0.0852,5975.0,168.67,198.54,235.21,235.21,167.36,1465,1465,1465,0,1465,0,0,58,9,142299.3,396080968,35.9,96
n1m_d128_l2,1000000,128,l2,correlated,0.1000,0.1000,100000,E_large48_acorn1,large,ACORN,48,1,96,50,100,0.4118,2155.3,440.50,884.62,1163.62,1163.62,463.97,1928,1649,1199,15466,16666,6604,10062,0,100,142299.3,396080968,35.9,96
n1m_d128_l2,1000000,128,l2,correlated,0.1000,0.1000,100000,C_acorn_g4,acorn,ACORN,16,4,16,50,100,0.0856,5023.1,200.00,283.71,338.42,338.42,199.08,807,736,1337,1549,2887,1772,1115,0,100,222708.5,185032456,24.6,40
n1m_d128_l2,1000000,128,l2,correlated,0.1000,0.1000,100000,C_acorn_g8,acorn,ACORN,16,8,16,50,100,0.1174,5192.8,183.12,316.50,341.17,341.17,192.58,851,761,1548,1285,2835,1802,1032,0,100,316872.6,202064904,24.6,40
n1m_d128_l2,1000000,128,l2,correlated,0.1000,0.1000,100000,C_acorn_g16,acorn,ACORN,16,16,16,50,100,0.1706,4778.8,220.75,316.00,345.83,345.83,209.26,878,782,1699,1373,3074,1856,1217,0,98,1186950.8,236129800,24.6,40
n1m_d128_l2,1000000,128,l2,correlated,0.1000,0.1000,100000,A_std_standard,std,STANDARD,16,1,32,100,100,0.0904,3391.8,301.88,428.33,532.83,532.83,294.82,1525,1525,1525,0,1525,0,0,114,12,140884.0,140258120,24.5,32
n1m_d128_l2,1000000,128,l2,correlated,0.1000,0.1000,100000,B_std_acorn1,std,ACORN,16,1,32,100,100,0.3122,2076.5,465.88,771.00,1035.58,1035.58,481.58,1433,1275,1347,14251,15599,5109,10489,0,99,140884.0,140258120,24.5,32
n1m_d128_l2,1000000,128,l2,correlated,0.1000,0.1000,100000,D_large24_standard,large,STANDARD,24,1,48,100,100,0.0954,3145.2,325.12,367.83,455.71,455.71,317.94,1699,1699,1699,0,1699,0,0,110,9,132908.2,204166792,30.4,48
n1m_d128_l2,1000000,128,l2,correlated,0.1000,0.1000,100000,E_large24_acorn1,large,ACORN,24,1,48,100,100,0.3638,1894.1,494.50,1189.96,1373.17,1373.17,527.97,1738,1578,1785,15660,17446,8013,9433,0,100,132908.2,204166792,30.4,48
n1m_d128_l2,1000000,128,l2,correlated,0.1000,0.1000,100000,D_large48_standard,large,STANDARD,48,1,96,100,100,0.0982,2939.3,349.42,382.79,456.50,456.50,340.22,1848,1848,1848,0,1848,0,0,108,10,142299.3,396080968,35.9,96
n1m_d128_l2,1000000,128,l2,correlated,0.1000,0.1000,100000,E_large48_acorn1,large,ACORN,48,1,96,100,100,0.5236,1249.8,641.04,1511.00,1647.33,1647.33,800.16,2329,2049,2915,29294,32211,13729,18481,0,100,142299.3,396080968,35.9,96
n1m_d128_l2,1000000,128,l2,correlated,0.1000,0.1000,100000,C_acorn_g4,acorn,ACORN,16,4,16,100,100,0.1020,3399.9,285.96,495.54,559.25,559.25,294.13,1090,1020,2386,3207,5595,3474,2121,0,100,222708.5,185032456,24.6,40
n1m_d128_l2,1000000,128,l2,correlated,0.1000,0.1000,100000,C_acorn_g8,acorn,ACORN,16,8,16,100,100,0.1412,3324.1,311.75,450.62,557.42,557.42,300.83,1165,1075,2574,2493,5068,3496,1572,0,100,316872.6,202064904,24.6,40
n1m_d128_l2,1000000,128,l2,correlated,0.1000,0.1000,100000,C_acorn_g16,acorn,ACORN,16,16,16,100,100,0.2342,3058.8,332.83,517.00,701.83,701.83,326.92,1223,1127,2760,2770,5531,3605,1925,0,98,1186950.8,236129800,24.6,40
n1m_d128_l2,1000000,128,l2,correlated,0.1000,0.1000,100000,A_std_standard,std,STANDARD,16,1,32,250,100,0.1002,1924.3,533.83,671.83,777.71,777.71,519.67,1966,1966,1966,0,1966,0,0,264,12,140884.0,140258120,24.5,32
n1m_d128_l2,1000000,128,l2,correlated,0.1000,0.1000,100000,B_std_acorn1,std,ACORN,16,1,32,250,100,0.4132,1132.6,765.83,1643.46,2443.33,2443.33,882.89,1991,1833,4621,33375,37997,14723,23274,0,99,140884.0,140258120,24.5,32
n1m_d128_l2,1000000,128,l2,correlated,0.1000,0.1000,100000,D_large24_standard,large,STANDARD,24,1,48,250,100,0.1018,1854.0,551.46,594.75,693.04,693.04,539.39,2061,2061,2061,0,2061,0,0,260,10,132908.2,204166792,30.4,48
n1m_d128_l2,1000000,128,l2,correlated,0.1000,0.1000,100000,E_large24_acorn1,large,ACORN,24,1,48,250,100,0.4386,1259.3,522.17,2005.33,2524.00,2524.00,794.09,2196,2036,6461,42672,49135,23190,25945,0,100,132908.2,204166792,30.4,48
n1m_d128_l2,1000000,128,l2,correlated,0.1000,0.1000,100000,D_large48_standard,large,STANDARD,48,1,96,250,100,0.1048,3170.2,318.71,348.62,385.79,385.79,315.44,2138,2138,2138,0,2138,0,0,258,12,142299.3,396080968,35.9,96
n1m_d128_l2,1000000,128,l2,correlated,0.1000,0.1000,100000,E_large48_acorn1,large,ACORN,48,1,96,250,100,0.6336,1025.5,763.38,1974.83,2217.88,2217.88,975.11,2841,2562,9125,75321,84448,37651,46797,0,100,142299.3,396080968,35.9,96
n1m_d128_l2,1000000,128,l2,correlated,0.1000,0.1000,100000,C_acorn_g4,acorn,ACORN,16,4,16,250,100,0.1214,2739.0,345.67,596.46,837.58,837.58,365.10,1538,1467,5739,7716,13456,8737,4718,0,100,222708.5,185032456,24.6,40
n1m_d128_l2,1000000,128,l2,correlated,0.1000,0.1000,100000,C_acorn_g8,acorn,ACORN,16,8,16,250,100,0.1788,2689.9,365.29,624.50,754.67,754.67,371.77,1656,1566,5910,6242,12154,8853,3300,0,100,316872.6,202064904,24.6,40
n1m_d128_l2,1000000,128,l2,correlated,0.1000,0.1000,100000,C_acorn_g16,acorn,ACORN,16,16,16,250,100,0.2868,2463.2,401.75,743.50,788.17,788.17,405.97,1753,1657,6146,6547,12694,9102,3591,0,98,1186950.8,236129800,24.6,40
n1m_d128_l2,1000000,128,l2,correlated,0.1000,0.1000,100000,A_std_standard,std,STANDARD,16,1,32,500,100,0.1028,1608.6,609.46,741.04,934.29,934.29,621.67,2166,2166,2166,0,2166,0,0,514,13,140884.0,140258120,24.5,32
n1m_d128_l2,1000000,128,l2,correlated,0.1000,0.1000,100000,B_std_acorn1,std,ACORN,16,1,32,500,100,0.4168,823.5,1070.62,2156.17,2729.67,2729.67,1214.37,2270,2112,10631,53708,64340,28612,35727,0,99,140884.0,140258120,24.5,32
n1m_d128_l2,1000000,128,l2,correlated,0.1000,0.1000,100000,D_large24_standard,large,STANDARD,24,1,48,500,100,0.1038,1861.3,540.21,583.62,640.96,640.96,537.25,2141,2141,2141,0,2141,0,0,510,10,132908.2,204166792,30.4,48
n1m_d128_l2,1000000,128,l2,correlated,0.1000,0.1000,100000,E_large24_acorn1,large,ACORN,24,1,48,500,100,0.4652,838.4,840.88,2792.92,3874.21,3874.21,1192.80,2472,2312,14317,79910,94229,44335,49893,0,100,132908.2,204166792,30.4,48
n1m_d128_l2,1000000,128,l2,correlated,0.1000,0.1000,100000,D_large48_standard,large,STANDARD,48,1,96,500,100,0.1088,1667.4,569.12,940.29,1105.96,1105.96,599.75,2210,2210,2210,0,2210,0,0,508,14,142299.3,396080968,35.9,96
n1m_d128_l2,1000000,128,l2,correlated,0.1000,0.1000,100000,E_large48_acorn1,large,ACORN,48,1,96,500,100,0.7218,552.7,1228.12,3926.42,6664.50,6664.50,1809.21,3458,3179,19025,151489,170515,74265,96250,0,100,142299.3,396080968,35.9,96
n1m_d128_l2,1000000,128,l2,correlated,0.1000,0.1000,100000,C_acorn_g4,acorn,ACORN,16,4,16,500,100,0.1256,1551.7,613.88,1159.96,1197.67,1197.67,644.45,1862,1791,11577,12457,24036,17219,6816,0,100,222708.5,185032456,24.6,40
n1m_d128_l2,1000000,128,l2,correlated,0.1000,0.1000,100000,C_acorn_g8,acorn,ACORN,16,8,16,500,100,0.1890,1499.6,649.79,1041.33,1241.17,1241.17,666.86,1892,1801,11702,11124,22827,17471,5356,0,100,316872.6,202064904,24.6,40
n1m_d128_l2,1000000,128,l2,correlated,0.1000,0.1000,100000,C_acorn_g16,acorn,ACORN,16,16,16,500,100,0.3050,1331.2,700.83,1297.96,1928.12,1928.12,751.19,2102,2005,12254,13078,25333,18282,7050,0,98,1186950.8,236129800,24.6,40
n1m_d128_l2,1000000,128,l2,correlated,0.0500,0.0500,50000,F_exact,exact,EXACT,16,0,0,0,10,1.0000,131.1,7255.83,9090.25,10124.46,10124.46,7625.83,50000,0,0,0,1000000,0,0,0,10,0.0,0,0.0,0
n1m_d128_l2,1000000,128,l2,correlated,0.0500,0.0500,50000,A_std_standard,std,STANDARD,16,1,32,50,10,0.0720,10782.4,92.25,140.67,193.38,193.38,92.74,1103,1103,1103,0,1103,0,0,65,1,140884.0,140258120,24.5,32
n1m_d128_l2,1000000,128,l2,correlated,0.0500,0.0500,50000,B_std_acorn1,std,ACORN,16,1,32,50,10,0.3780,7549.0,125.46,200.00,224.08,224.08,132.47,1139,994,510,4204,4715,2227,2487,0,10,140884.0,140258120,24.5,32
n1m_d128_l2,1000000,128,l2,correlated,0.0500,0.0500,50000,D_large24_standard,large,STANDARD,24,1,48,50,10,0.0640,9225.7,109.75,120.25,178.83,178.83,108.39,1279,1279,1279,0,1279,0,0,61,0,132908.2,204166792,30.4,48
n1m_d128_l2,1000000,128,l2,correlated,0.0500,0.0500,50000,E_large24_acorn1,large,ACORN,24,1,48,50,10,0.4480,5519.9,167.08,342.33,404.25,404.25,181.16,1305,1155,697,7574,8273,3611,4662,0,10,132908.2,204166792,30.4,48
n1m_d128_l2,1000000,128,l2,correlated,0.0500,0.0500,50000,D_large48_standard,large,STANDARD,48,1,96,50,10,0.0660,8162.3,123.92,139.04,175.58,175.58,122.51,1465,1465,1465,0,1465,0,0,58,0,142299.3,396080968,35.9,96
n1m_d128_l2,1000000,128,l2,correlated,0.0500,0.0500,50000,E_large48_acorn1,large,ACORN,48,1,96,50,10,0.5840,3985.2,230.42,424.58,555.46,555.46,250.93,1618,1392,1137,14676,15814,7050,8763,0,10,142299.3,396080968,35.9,96
n1m_d128_l2,1000000,128,l2,correlated,0.0500,0.0500,50000,C_acorn_g4,acorn,ACORN,16,4,16,50,10,0.2460,9890.2,99.54,132.75,136.00,136.00,101.11,799,739,1380,1449,2830,1746,1084,0,10,222708.5,185032456,24.6,40
n1m_d128_l2,1000000,128,l2,correlated,0.0500,0.0500,50000,C_acorn_g8,acorn,ACORN,16,8,16,50,10,0.3200,9300.0,105.42,139.46,207.00,207.00,107.53,858,783,1664,1432,3098,1823,1275,0,10,316872.6,202064904,24.6,40
n1m_d128_l2,1000000,128,l2,correlated,0.0500,0.0500,50000,C_acorn_g16,acorn,ACORN,16,16,16,50,10,0.4060,9461.6,102.08,136.88,199.00,199.00,105.69,879,794,2000,1340,3341,1837,1503,0,10,1186950.8,236129800,24.6,40
n1m_d128_l2,1000000,128,l2,correlated,0.0500,0.0500,50000,A_std_standard,std,STANDARD,16,1,32,100,10,0.0760,6594.5,151.58,215.38,279.29,279.29,151.64,1525,1525,1525,0,1525,0,0,114,1,140884.0,140258120,24.5,32
n1m_d128_l2,1000000,128,l2,correlated,0.0500,0.0500,50000,B_std_acorn1,std,ACORN,16,1,32,100,10,0.4440,4296.1,231.21,379.33,402.08,402.08,232.77,1493,1347,1207,8506,9715,5032,4682,0,10,140884.0,140258120,24.5,32
n1m_d128_l2,1000000,128,l2,correlated,0.0500,0.0500,50000,D_large24_standard,large,STANDARD,24,1,48,100,10,0.0680,6136.3,164.83,185.12,233.42,233.42,162.97,1699,1699,1699,0,1699,0,0,110,0,132908.2,204166792,30.4,48
n1m_d128_l2,1000000,128,l2,correlated,0.0500,0.0500,50000,E_large24_acorn1,large,ACORN,24,1,48,100,10,0.5200,3452.3,260.08,540.29,674.46,674.46,289.66,1595,1445,1785,16201,17987,8413,9574,0,10,132908.2,204166792,30.4,48
n1m_d128_l2,1000000,128,l2,correlated,0.0500,0.0500,50000,D_large48_standard,large,STANDARD,48,1,96,100,10,0.0700,5592.6,182.29,199.71,232.83,232.83,178.81,1848,1848,1848,0,1848,0,0,108,0,142299.3,396080968,35.9,96
n1m_d128_l2,1000000,128,l2,correlated,0.0500,0.0500,50000,E_large48_acorn1,large,ACORN,48,1,96,100,10,0.6200,2567.4,321.00,739.33,909.25,909.25,389.50,1848,1623,2776,29644,32421,15395,17026,0,10,142299.3,396080968,35.9,96
n1m_d128_l2,1000000,128,l2,correlated,0.0500,0.0500,50000,C_acorn_g4,acorn,ACORN,16,4,16,100,10,0.2780,6074.8,157.12,215.79,311.71,311.71,164.61,1089,1029,2470,3031,5502,3520,1982,0,10,222708.5,185032456,24.6,40
n1m_d128_l2,1000000,128,l2,correlated,0.0500,0.0500,50000,C_acorn_g8,acorn,ACORN,16,8,16,100,10,0.3760,5541.6,171.62,265.38,298.29,298.29,180.45,1199,1124,2759,2941,5701,3632,2068,0,10,316872.6,202064904,24.6,40
n1m_d128_l2,1000000,128,l2,correlated,0.0500,0.0500,50000,C_acorn_g16,acorn,ACORN,16,16,16,100,10,0.4740,5589.2,172.00,234.62,296.25,296.25,178.92,1222,1138,3076,2751,5828,3618,2210,0,10,1186950.8,236129800,24.6,40
n1m_d128_l2,1000000,128,l2,correlated,0.0500,0.0500,50000,A_std_standard,std,STANDARD,16,1,32,250,10,0.0780,3460.9,294.54,380.46,443.83,443.83,288.94,1966,1966,1966,0,1966,0,0,264,1,140884.0,140258120,24.5,32
n1m_d128_l2,1000000,128,l2,correlated,0.0500,0.0500,50000,B_std_acorn1,std,ACORN,16,1,32,250,10,0.5120,2078.6,429.71,841.08,914.42,914.42,481.09,1804,1659,4581,25176,29759,16924,12835,0,10,140884.0,140258120,24.5,32
n1m_d128_l2,1000000,128,l2,correlated,0.0500,0.0500,50000,D_large24_standard,large,STANDARD,24,1,48,250,10,0.0760,3300.5,306.50,330.12,395.83,395.83,302.99,2061,2061,2061,0,2061,0,0,260,1,132908.2,204166792,30.4,48
n1m_d128_l2,1000000,128,l2,correlated,0.0500,0.0500,50000,E_large24_acorn1,large,ACORN,24,1,48,250,10,0.5640,1732.1,487.42,1159.38,1401.12,1401.12,577.32,1801,1651,6158,45097,51257,25686,25571,0,10,132908.2,204166792,30.4,48
n1m_d128_l2,1000000,128,l2,correlated,0.0500,0.0500,50000,D_large48_standard,large,STANDARD,48,1,96,250,10,0.0720,3212.9,317.46,340.12,378.33,378.33,311.25,2138,2138,2138,0,2138,0,0,258,1,142299.3,396080968,35.9,96
n1m_d128_l2,1000000,128,l2,correlated,0.0500,0.0500,50000,E_large48_acorn1,large,ACORN,48,1,96,250,10,0.6420,1307.1,649.75,1614.67,1739.04,1739.04,765.07,2092,1867,8210,77136,85348,41545,43802,0,10,142299.3,396080968,35.9,96
n1m_d128_l2,1000000,128,l2,correlated,0.0500,0.0500,50000,C_acorn_g4,acorn,ACORN,16,4,16,250,10,0.3240,2994.7,325.92,439.71,512.38,512.38,333.92,1448,1388,5872,8510,14383,9204,5179,0,10,222708.5,185032456,24.6,40
n1m_d128_l2,1000000,128,l2,correlated,0.0500,0.0500,50000,C_acorn_g8,acorn,ACORN,16,8,16,250,10,0.4220,2778.5,363.21,473.00,506.71,506.71,359.91,1605,1530,6111,7977,14090,9246,4843,0,10,316872.6,202064904,24.6,40
n1m_d128_l2,1000000,128,l2,correlated,0.0500,0.0500,50000,C_acorn_g16,acorn,ACORN,16,16,16,250,10,0.5400,2808.5,347.08,456.12,646.17,646.17,356.06,1678,1593,6431,7663,14096,9176,4919,0,10,1186950.8,236129800,24.6,40
n1m_d128_l2,1000000,128,l2,correlated,0.0500,0.0500,50000,A_std_standard,std,STANDARD,16,1,32,500,10,0.0820,1889.8,532.00,626.79,702.12,702.12,529.17,2166,2166,2166,0,2166,0,0,514,1,140884.0,140258120,24.5,32
n1m_d128_l2,1000000,128,l2,correlated,0.0500,0.0500,50000,B_std_acorn1,std,ACORN,16,1,32,500,10,0.5160,1103.7,800.54,1558.38,1669.08,1669.08,906.05,2080,1935,10862,52092,62956,36866,26089,0,10,140884.0,140258120,24.5,32
n1m_d128_l2,1000000,128,l2,correlated,0.0500,0.0500,50000,D_large24_standard,large,STANDARD,24,1,48,500,10,0.0800,1886.3,536.38,555.58,645.67,645.67,530.13,2141,2141,2141,0,2141,0,0,510,1,132908.2,204166792,30.4,48
n1m_d128_l2,1000000,128,l2,correlated,0.0500,0.0500,50000,E_large24_acorn1,large,ACORN,24,1,48,500,10,0.5640,982.2,894.92,2211.62,2638.38,2638.38,1018.09,1928,1779,13622,86293,99916,53362,46553,0,10,132908.2,204166792,30.4,48
n1m_d128_l2,1000000,128,l2,correlated,0.0500,0.0500,50000,D_large48_standard,large,STANDARD,48,1,96,500,10,0.0740,1849.9,548.75,580.92,618.50,618.50,540.58,2210,2210,2210,0,2210,0,0,508,2,142299.3,396080968,35.9,96
n1m_d128_l2,1000000,128,l2,correlated,0.0500,0.0500,50000,E_large48_acorn1,large,ACORN,48,1,96,500,10,0.7420,641.5,1310.50,3137.96,4613.50,4613.50,1558.86,2537,2312,18241,167484,185727,91067,94660,0,10,142299.3,396080968,35.9,96
n1m_d128_l2,1000000,128,l2,correlated,0.0500,0.0500,50000,C_acorn_g4,acorn,ACORN,16,4,16,500,10,0.3320,1577.1,637.96,840.21,848.00,848.00,634.08,1615,1556,11896,18473,30371,19376,10994,0,10,222708.5,185032456,24.6,40
n1m_d128_l2,1000000,128,l2,correlated,0.0500,0.0500,50000,C_acorn_g8,acorn,ACORN,16,8,16,500,10,0.4340,1394.5,681.21,1223.00,1483.62,1483.62,717.12,1958,1883,12542,18427,30971,20273,10697,0,10,316872.6,202064904,24.6,40
n1m_d128_l2,1000000,128,l2,correlated,0.0500,0.0500,50000,C_acorn_g16,acorn,ACORN,16,16,16,500,10,0.5540,1499.4,643.25,932.83,1013.46,1013.46,666.92,1948,1864,12387,16321,28710,18941,9769,0,10,1186950.8,236129800,24.6,40
n1m_d128_l2,1000000,128,l2,correlated,0.0500,0.0500,50000,F_exact,exact,EXACT,16,0,0,0,100,1.0000,114.0,9726.12,10924.00,12253.67,12253.67,8769.33,50000,0,0,0,1000000,0,0,0,100,0.0,0,0.0,0
n1m_d128_l2,1000000,128,l2,correlated,0.0500,0.0500,50000,A_std_standard,std,STANDARD,16,1,32,50,100,0.0590,9478.5,103.21,175.00,228.67,228.67,105.50,1103,1103,1103,0,1103,0,0,65,10,140884.0,140258120,24.5,32
n1m_d128_l2,1000000,128,l2,correlated,0.0500,0.0500,50000,B_std_acorn1,std,ACORN,16,1,32,50,100,0.3844,6605.1,146.12,220.92,240.67,240.67,151.40,1139,994,510,4204,4715,2227,2487,0,100,140884.0,140258120,24.5,32
n1m_d128_l2,1000000,128,l2,correlated,0.0500,0.0500,50000,D_large24_standard,large,STANDARD,24,1,48,50,100,0.0556,8672.2,115.29,138.08,203.38,203.38,115.31,1279,1279,1279,0,1279,0,0,61,8,132908.2,204166792,30.4,48
n1m_d128_l2,1000000,128,l2,correlated,0.0500,0.0500,50000,E_large24_acorn1,large,ACORN,24,1,48,50,100,0.4832,5092.4,181.46,343.54,428.62,428.62,196.37,1305,1155,697,7574,8273,3611,4662,0,100,132908.2,204166792,30.4,48
n1m_d128_l2,1000000,128,l2,correlated,0.0500,0.0500,50000,D_large48_standard,large,STANDARD,48,1,96,50,100,0.0574,7830.8,129.00,154.42,183.46,183.46,127.70,1465,1465,1465,0,1465,0,0,58,6,142299.3,396080968,35.9,96
n1m_d128_l2,1000000,128,l2,correlated,0.0500,0.0500,50000,E_large48_acorn1,large,ACORN,48,1,96,50,100,0.6148,3869.1,235.75,424.54,553.33,553.33,258.46,1618,1392,1137,14676,15814,7050,8763,0,100,142299.3,396080968,35.9,96
n1m_d128_l2,1000000,128,l2,correlated,0.0500,0.0500,50000,C_acorn_g4,acorn,ACORN,16,4,16,50,100,0.2582,8902.6,111.46,146.33,149.46,149.46,112.33,799,739,1380,1449,2830,1746,1084,0,100,222708.5,185032456,24.6,40
n1m_d128_l2,1000000,128,l2,correlated,0.0500,0.0500,50000,C_acorn_g8,acorn,ACORN,16,8,16,50,100,0.3206,8325.9,117.50,155.21,233.33,233.33,120.11,858,783,1664,1432,3098,1823,1275,0,100,316872.6,202064904,24.6,40
n1m_d128_l2,1000000,128,l2,correlated,0.0500,0.0500,50000,C_acorn_g16,acorn,ACORN,16,16,16,50,100,0.3982,8221.0,119.29,158.17,220.33,220.33,121.64,879,794,2000,1340,3341,1837,1503,0,100,1186950.8,236129800,24.6,40
n1m_d128_l2,1000000,128,l2,correlated,0.0500,0.0500,50000,A_std_standard,std,STANDARD,16,1,32,100,100,0.0642,6336.5,157.46,237.46,281.25,281.25,157.82,1525,1525,1525,0,1525,0,0,114,10,140884.0,140258120,24.5,32
n1m_d128_l2,1000000,128,l2,correlated,0.0500,0.0500,50000,B_std_acorn1,std,ACORN,16,1,32,100,100,0.4924,4134.9,238.67,387.21,412.21,412.21,241.85,1493,1347,1207,8506,9715,5032,4682,0,100,140884.0,140258120,24.5,32
n1m_d128_l2,1000000,128,l2,correlated,0.0500,0.0500,50000,D_large24_standard,large,STANDARD,24,1,48,100,100,0.0600,5973.8,167.04,197.42,253.46,253.46,167.40,1699,1699,1699,0,1699,0,0,110,8,132908.2,204166792,30.4,48
n1m_d128_l2,1000000,128,l2,correlated,0.0500,0.0500,50000,E_large24_acorn1,large,ACORN,24,1,48,100,100,0.5742,3306.3,273.46,549.42,690.62,690.62,302.45,1595,1445,1785,16201,17987,8413,9574,0,100,132908.2,204166792,30.4,48
n1m_d128_l2,1000000,128,l2,correlated,0.0500,0.0500,50000,D_large48_standard,large,STANDARD,48,1,96,100,100,0.0612,5437.9,188.92,208.17,233.29,233.29,183.90,1848,1848,1848,0,1848,0,0,108,6,142299.3,396080968,35.9,96
n1m_d128_l2,1000000,128,l2,correlated,0.0500,0.0500,50000,E_large48_acorn1,large,ACORN,48,1,96,100,100,0.6652,2495.9,339.21,753.29,917.21,917.21,400.66,1848,1623,2776,29644,32421,15395,17026,0,100,142299.3,396080968,35.9,96
n1m_d128_l2,1000000,128,l2,correlated,0.0500,0.0500,50000,C_acorn_g4,acorn,ACORN,16,4,16,100,100,0.3038,5974.3,160.71,216.08,318.29,318.29,167.38,1089,1029,2470,3031,5502,3520,1982,0,100,222708.5,185032456,24.6,40
n1m_d128_l2,1000000,128,l2,correlated,0.0500,0.0500,50000,C_acorn_g8,acorn,ACORN,16,8,16,100,100,0.3908,5506.9,174.62,266.25,308.17,308.17,181.59,1199,1124,2759,2941,5701,3632,2068,0,100,316872.6,202064904,24.6,40
n1m_d128_l2,1000000,128,l2,correlated,0.0500,0.0500,50000,C_acorn_g16,acorn,ACORN,16,16,16,100,100,0.4910,5558.6,174.96,236.21,290.79,290.79,179.90,1222,1138,3076,2751,5828,3618,2210,0,100,1186950.8,236129800,24.6,40
n1m_d128_l2,1000000,128,l2,correlated,0.0500,0.0500,50000,A_std_standard,std,STANDARD,16,1,32,250,100,0.0666,3454.3,293.50,383.17,437.00,437.00,289.50,1966,1966,1966,0,1966,0,0,264,10,140884.0,140258120,24.5,32
n1m_d128_l2,1000000,128,l2,correlated,0.0500,0.0500,50000,B_std_acorn1,std,ACORN,16,1,32,250,100,0.5564,2021.5,441.92,853.42,919.54,919.54,494.69,1804,1659,4581,25176,29759,16924,12835,0,100,140884.0,140258120,24.5,32
n1m_d128_l2,1000000,128,l2,correlated,0.0500,0.0500,50000,D_large24_standard,large,STANDARD,24,1,48,250,100,0.0624,3284.5,308.58,327.83,411.33,411.33,304.46,2061,2061,2061,0,2061,0,0,260,8,132908.2,204166792,30.4,48
n1m_d128_l2,1000000,128,l2,correlated,0.0500,0.0500,50000,E_large24_acorn1,large,ACORN,24,1,48,250,100,0.6262,1702.4,492.04,1238.38,1416.79,1416.79,587.41,1801,1651,6158,45097,51257,25686,25571,0,100,132908.2,204166792,30.4,48
n1m_d128_l2,1000000,128,l2,correlated,0.0500,0.0500,50000,D_large48_standard,large,STANDARD,48,1,96,250,100,0.0626,3311.5,306.33,326.79,370.38,370.38,301.98,2138,2138,2138,0,2138,0,0,258,6,142299.3,396080968,35.9,96
n1m_d128_l2,1000000,128,l2,correlated,0.0500,0.0500,50000,E_large48_acorn1,large,ACORN,48,1,96,250,100,0.7014,1263.3,674.67,1683.08,1766.62,1766.62,791.56,2092,1867,8210,77136,85348,41545,43802,0,100,142299.3,396080968,35.9,96
n1m_d128_l2,1000000,128,l2,correlated,0.0500,0.0500,50000,C_acorn_g4,acorn,ACORN,16,4,16,250,100,0.3578,2908.1,341.00,450.42,533.33,533.33,343.87,1448,1388,5872,8510,14383,9204,5179,0,100,222708.5,185032456,24.6,40
n1m_d128_l2,1000000,128,l2,correlated,0.0500,0.0500,50000,C_acorn_g8,acorn,ACORN,16,8,16,250,100,0.4566,2729.8,358.92,483.92,515.75,515.75,366.33,1605,1530,6111,7977,14090,9246,4843,0,100,316872.6,202064904,24.6,40
n1m_d128_l2,1000000,128,l2,correlated,0.0500,0.0500,50000,C_acorn_g16,acorn,ACORN,16,16,16,250,100,0.5838,2711.5,358.62,466.79,668.96,668.96,368.81,1678,1593,6431,7663,14096,9176,4919,0,100,1186950.8,236129800,24.6,40
n1m_d128_l2,1000000,128,l2,correlated,0.0500,0.0500,50000,A_std_standard,std,STANDARD,16,1,32,500,100,0.0680,1888.4,532.00,644.38,704.83,704.83,529.55,2166,2166,2166,0,2166,0,0,514,10,140884.0,140258120,24.5,32
n1m_d128_l2,1000000,128,l2,correlated,0.0500,0.0500,50000,B_std_acorn1,std,ACORN,16,1,32,500,100,0.5728,1116.2,794.17,1558.71,1648.08,1648.08,895.88,2080,1935,10862,52092,62956,36866,26089,0,100,140884.0,140258120,24.5,32
n1m_d128_l2,1000000,128,l2,correlated,0.0500,0.0500,50000,D_large24_standard,large,STANDARD,24,1,48,500,100,0.0638,1875.2,539.75,563.50,660.08,660.08,533.27,2141,2141,2141,0,2141,0,0,510,8,132908.2,204166792,30.4,48
n1m_d128_l2,1000000,128,l2,correlated,0.0500,0.0500,50000,E_large24_acorn1,large,ACORN,24,1,48,500,100,0.6288,968.5,913.79,2237.79,2645.83,2645.83,1032.51,1928,1779,13622,86293,99916,53362,46553,0,100,132908.2,204166792,30.4,48
n1m_d128_l2,1000000,128,l2,correlated,0.0500,0.0500,50000,D_large48_standard,large,STANDARD,48,1,96,500,100,0.0650,1844.5,549.33,586.67,616.54,616.54,542.15,2210,2210,2210,0,2210,0,0,508,8,142299.3,396080968,35.9,96
n1m_d128_l2,1000000,128,l2,correlated,0.0500,0.0500,50000,E_large48_acorn1,large,ACORN,48,1,96,500,100,0.8060,635.7,1333.88,3147.25,4638.67,4638.67,1573.03,2537,2312,18241,167484,185727,91067,94660,0,100,142299.3,396080968,35.9,96
n1m_d128_l2,1000000,128,l2,correlated,0.0500,0.0500,50000,C_acorn_g4,acorn,ACORN,16,4,16,500,100,0.3692,1535.3,654.25,857.88,871.96,871.96,651.35,1615,1556,11896,18473,30371,19376,10994,0,100,222708.5,185032456,24.6,40
n1m_d128_l2,1000000,128,l2,correlated,0.0500,0.0500,50000,C_acorn_g8,acorn,ACORN,16,8,16,500,100,0.4930,1365.0,695.67,1257.96,1498.50,1498.50,732.58,1958,1883,12542,18427,30971,20273,10697,0,100,316872.6,202064904,24.6,40
n1m_d128_l2,1000000,128,l2,correlated,0.0500,0.0500,50000,C_acorn_g16,acorn,ACORN,16,16,16,500,100,0.6084,1471.0,657.62,943.38,1036.71,1036.71,679.82,1948,1864,12387,16321,28710,18941,9769,0,100,1186950.8,236129800,24.6,40
n1m_d128_l2,1000000,128,l2,correlated,0.0200,0.0200,20000,F_exact,exact,EXACT,16,0,0,0,10,1.0000,320.2,3009.08,3598.83,4341.42,4341.42,3123.20,20000,0,0,0,1000000,0,0,0,10,0.0,0,0.0,0
n1m_d128_l2,1000000,128,l2,correlated,0.0200,0.0200,20000,A_std_standard,std,STANDARD,16,1,32,50,10,0.0200,10640.6,92.12,149.50,195.75,195.75,93.98,1103,1103,1103,0,1103,0,0,65,0,140884.0,140258120,24.5,32
n1m_d128_l2,1000000,128,l2,correlated,0.0200,0.0200,20000,B_std_acorn1,std,ACORN,16,1,32,50,10,0.2420,6719.5,142.08,296.21,333.62,333.62,148.82,1138,1039,541,4713,5256,2290,2965,0,10,140884.0,140258120,24.5,32
n1m_d128_l2,1000000,128,l2,correlated,0.0200,0.0200,20000,D_large24_standard,large,STANDARD,24,1,48,50,10,0.0160,9665.8,104.25,123.42,166.00,166.00,103.46,1279,1279,1279,0,1279,0,0,61,0,132908.2,204166792,30.4,48
n1m_d128_l2,1000000,128,l2,correlated,0.0200,0.0200,20000,E_large24_acorn1,large,ACORN,24,1,48,50,10,0.3520,6308.1,132.33,294.83,453.46,453.46,158.53,1255,1119,722,8434,9157,3379,5777,0,10,132908.2,204166792,30.4,48
n1m_d128_l2,1000000,128,l2,correlated,0.0200,0.0200,20000,D_large48_standard,large,STANDARD,48,1,96,50,10,0.0160,8729.7,116.12,142.46,159.25,159.25,114.55,1465,1465,1465,0,1465,0,0,58,0,142299.3,396080968,35.9,96
n1m_d128_l2,1000000,128,l2,correlated,0.0200,0.0200,20000,E_large48_acorn1,large,ACORN,48,1,96,50,10,0.3720,3858.6,251.12,407.12,596.79,596.79,259.16,1390,1244,1276,24835,26112,7132,18980,0,10,142299.3,396080968,35.9,96
n1m_d128_l2,1000000,128,l2,correlated,0.0200,0.0200,20000,C_acorn_g4,acorn,ACORN,16,4,16,50,10,0.1400,11233.2,82.71,131.42,157.33,157.33,89.02,823,769,1357,1444,2802,1770,1032,0,10,222708.5,185032456,24.6,40
n1m_d128_l2,1000000,128,l2,correlated,0.0200,0.0200,20000,C_acorn_g8,acorn,ACORN,16,8,16,50,10,0.1640,10735.2,88.38,134.21,158.50,158.50,93.15,816,755,1598,1663,3263,1772,1491,0,10,316872.6,202064904,24.6,40
n1m_d128_l2,1000000,128,l2,correlated,0.0200,0.0200,20000,C_acorn_g16,acorn,ACORN,16,16,16,50,10,0.2680,10018.5,88.62,147.75,330.17,330.17,99.82,864,804,2132,1686,3820,1850,1969,0,9,1186950.8,236129800,24.6,40
n1m_d128_l2,1000000,128,l2,correlated,0.0200,0.0200,20000,A_std_standard,std,STANDARD,16,1,32,100,10,0.0420,6686.0,148.75,217.17,268.00,268.00,149.57,1525,1525,1525,0,1525,0,0,114,0,140884.0,140258120,24.5,32
n1m_d128_l2,1000000,128,l2,correlated,0.0200,0.0200,20000,B_std_acorn1,std,ACORN,16,1,32,100,10,0.3200,4157.8,204.04,421.58,948.08,948.08,240.51,1504,1405,1334,11095,12430,5456,6974,0,10,140884.0,140258120,24.5,32
n1m_d128_l2,1000000,128,l2,correlated,0.0200,0.0200,20000,D_large24_standard,large,STANDARD,24,1,48,100,10,0.0200,6289.2,160.83,180.42,228.33,228.33,159.00,1699,1699,1699,0,1699,0,0,110,0,132908.2,204166792,30.4,48
n1m_d128_l2,1000000,128,l2,correlated,0.0200,0.0200,20000,E_large24_acorn1,large,ACORN,24,1,48,100,10,0.4240,3651.2,223.00,516.29,719.46,719.46,273.88,1593,1456,1869,18777,20647,8399,12247,0,10,132908.2,204166792,30.4,48
n1m_d128_l2,1000000,128,l2,correlated,0.0200,0.0200,20000,D_large48_standard,large,STANDARD,48,1,96,100,10,0.0180,5877.7,172.92,182.75,229.75,229.75,170.13,1848,1848,1848,0,1848,0,0,108,0,142299.3,396080968,35.9,96
n1m_d128_l2,1000000,128,l2,correlated,0.0200,0.0200,20000,E_large48_acorn1,large,ACORN,48,1,96,100,10,0.4520,2170.9,465.62,857.79,978.46,978.46,460.64,1739,1593,3044,53839,56885,17087,39797,0,10,142299.3,396080968,35.9,96
n1m_d128_l2,1000000,128,l2,correlated,0.0200,0.0200,20000,C_acorn_g4,acorn,ACORN,16,4,16,100,10,0.1760,6742.0,137.21,210.21,234.00,234.00,148.32,1097,1042,2411,3105,5518,3427,2091,0,10,222708.5,185032456,24.6,40
n1m_d128_l2,1000000,128,l2,correlated,0.0200,0.0200,20000,C_acorn_g8,acorn,ACORN,16,8,16,100,10,0.2580,6232.6,148.96,272.46,303.21,303.21,160.45,1134,1072,2771,3869,6641,3571,3069,0,10,316872.6,202064904,24.6,40
n1m_d128_l2,1000000,128,l2,correlated,0.0200,0.0200,20000,C_acorn_g16,acorn,ACORN,16,16,16,100,10,0.3200,6116.8,148.46,285.58,447.83,447.83,163.48,1193,1133,3212,3355,6568,3587,2980,0,9,1186950.8,236129800,24.6,40
n1m_d128_l2,1000000,128,l2,correlated,0.0200,0.0200,20000,A_std_standard,std,STANDARD,16,1,32,250,10,0.0480,3574.1,285.54,361.21,435.50,435.50,279.79,1966,1966,1966,0,1966,0,0,264,0,140884.0,140258120,24.5,32
n1m_d128_l2,1000000,128,l2,correlated,0.0200,0.0200,20000,B_std_acorn1,std,ACORN,16,1,32,250,10,0.4040,2012.3,409.92,1018.29,1744.96,1744.96,496.95,1949,1850,4744,29908,34653,17573,17079,0,10,140884.0,140258120,24.5,32
n1m_d128_l2,1000000,128,l2,correlated,0.0200,0.0200,20000,D_large24_standard,large,STANDARD,24,1,48,250,10,0.0200,3443.3,294.58,311.54,376.62,376.62,290.42,2061,2061,2061,0,2061,0,0,260,0,132908.2,204166792,30.4,48
n1m_d128_l2,1000000,128,l2,correlated,0.0200,0.0200,20000,E_large24_acorn1,large,ACORN,24,1,48,250,10,0.5160,1684.3,496.25,1190.58,1367.83,1367.83,593.70,1947,1811,6367,48283,54651,27040,27611,0,10,132908.2,204166792,30.4,48
n1m_d128_l2,1000000,128,l2,correlated,0.0200,0.0200,20000,D_large48_standard,large,STANDARD,48,1,96,250,10,0.0200,3351.2,302.38,323.54,365.00,365.00,298.40,2138,2138,2138,0,2138,0,0,258,0,142299.3,396080968,35.9,96
n1m_d128_l2,1000000,128,l2,correlated,0.0200,0.0200,20000,E_large48_acorn1,large,ACORN,48,1,96,250,10,0.6280,1020.3,1030.46,1825.58,1916.54,1916.54,980.13,2369,2223,8784,122494,131280,48867,82412,0,10,142299.3,396080968,35.9,96
n1m_d128_l2,1000000,128,l2,correlated,0.0200,0.0200,20000,C_acorn_g4,acorn,ACORN,16,4,16,250,10,0.2260,3161.4,302.83,442.46,463.00,463.00,316.31,1452,1397,5802,8900,14704,9053,5651,0,10,222708.5,185032456,24.6,40
n1m_d128_l2,1000000,128,l2,correlated,0.0200,0.0200,20000,C_acorn_g8,acorn,ACORN,16,8,16,250,10,0.2860,3054.5,321.08,455.92,480.71,480.71,327.39,1508,1447,6132,9628,15761,9173,6588,0,10,316872.6,202064904,24.6,40
n1m_d128_l2,1000000,128,l2,correlated,0.0200,0.0200,20000,C_acorn_g16,acorn,ACORN,16,16,16,250,10,0.4260,2689.9,323.92,647.79,796.12,796.12,371.76,1724,1664,6925,10862,17788,9657,8131,0,9,1186950.8,236129800,24.6,40
n1m_d128_l2,1000000,128,l2,correlated,0.0200,0.0200,20000,A_std_standard,std,STANDARD,16,1,32,500,10,0.0480,1900.5,529.21,625.50,708.42,708.42,526.18,2166,2166,2166,0,2166,0,0,514,0,140884.0,140258120,24.5,32
n1m_d128_l2,1000000,128,l2,correlated,0.0200,0.0200,20000,B_std_acorn1,std,ACORN,16,1,32,500,10,0.4360,1131.0,806.25,1778.71,2056.58,2056.58,884.17,2091,1992,10730,55968,66699,36654,30045,0,10,140884.0,140258120,24.5,32
n1m_d128_l2,1000000,128,l2,correlated,0.0200,0.0200,20000,D_large24_standard,large,STANDARD,24,1,48,500,10,0.0220,1874.5,538.50,594.29,645.12,645.12,533.49,2141,2141,2141,0,2141,0,0,510,0,132908.2,204166792,30.4,48
n1m_d128_l2,1000000,128,l2,correlated,0.0200,0.0200,20000,E_large24_acorn1,large,ACORN,24,1,48,500,10,0.5280,899.7,870.67,2244.42,2777.79,2777.79,1111.42,2099,1963,14277,93858,108137,59427,48710,0,10,132908.2,204166792,30.4,48
n1m_d128_l2,1000000,128,l2,correlated,0.0200,0.0200,20000,D_large48_standard,large,STANDARD,48,1,96,500,10,0.0260,1856.0,547.42,576.04,619.25,619.25,538.79,2210,2210,2210,0,2210,0,0,508,1,142299.3,396080968,35.9,96
n1m_d128_l2,1000000,128,l2,correlated,0.0200,0.0200,20000,E_large48_acorn1,large,ACORN,48,1,96,500,10,0.6820,563.4,1577.54,3206.54,3385.50,3385.50,1774.81,2655,2510,17814,214821,232637,98391,134245,0,10,142299.3,396080968,35.9,96
n1m_d128_l2,1000000,128,l2,correlated,0.0200,0.0200,20000,C_acorn_g4,acorn,ACORN,16,4,16,500,10,0.2700,1573.4,617.71,849.38,1127.54,1127.54,635.55,1722,1667,11963,20374,32339,19973,12366,0,10,222708.5,185032456,24.6,40
n1m_d128_l2,1000000,128,l2,correlated,0.0200,0.0200,20000,C_acorn_g8,acorn,ACORN,16,8,16,500,10,0.3040,1538.4,651.96,860.75,1115.62,1115.62,650.05,1803,1742,12347,21009,33357,20356,13001,0,10,316872.6,202064904,24.6,40
n1m_d128_l2,1000000,128,l2,correlated,0.0200,0.0200,20000,C_acorn_g16,acorn,ACORN,16,16,16,500,10,0.5260,1423.5,693.12,1052.29,1357.75,1357.75,702.49,2060,2000,12821,23067,35889,19773,16116,0,9,1186950.8,236129800,24.6,40
n1m_d128_l2,1000000,128,l2,correlated,0.0200,0.0200,20000,F_exact,exact,EXACT,16,0,0,0,100,1.0000,313.7,3172.75,3784.83,4062.88,4062.88,3187.89,20000,0,0,0,1000000,0,0,0,100,0.0,0,0.0,0
n1m_d128_l2,1000000,128,l2,correlated,0.0200,0.0200,20000,A_std_standard,std,STANDARD,16,1,32,50,100,0.0058,9481.2,103.42,164.46,229.67,229.67,105.47,1103,1103,1103,0,1103,0,0,65,0,140884.0,140258120,24.5,32
n1m_d128_l2,1000000,128,l2,correlated,0.0200,0.0200,20000,B_std_acorn1,std,ACORN,16,1,32,50,100,0.2868,6884.3,127.42,252.42,320.71,320.71,145.26,1138,1039,541,4713,5256,2290,2965,0,100,140884.0,140258120,24.5,32
n1m_d128_l2,1000000,128,l2,correlated,0.0200,0.0200,20000,D_large24_standard,large,STANDARD,24,1,48,50,100,0.0034,8724.2,115.50,133.04,188.46,188.46,114.62,1279,1279,1279,0,1279,0,0,61,0,132908.2,204166792,30.4,48
n1m_d128_l2,1000000,128,l2,correlated,0.0200,0.0200,20000,E_large24_acorn1,large,ACORN,24,1,48,50,100,0.4108,5541.7,157.12,311.46,463.17,463.17,180.45,1255,1119,722,8434,9157,3379,5777,0,100,132908.2,204166792,30.4,48
n1m_d128_l2,1000000,128,l2,correlated,0.0200,0.0200,20000,D_large48_standard,large,STANDARD,48,1,96,50,100,0.0038,7970.7,127.96,140.25,179.71,179.71,125.46,1465,1465,1465,0,1465,0,0,58,0,142299.3,396080968,35.9,96
n1m_d128_l2,1000000,128,l2,correlated,0.0200,0.0200,20000,E_large48_acorn1,large,ACORN,48,1,96,50,100,0.4290,3635.1,267.38,414.46,605.92,605.92,275.10,1390,1244,1276,24835,26112,7132,18980,0,98,142299.3,396080968,35.9,96
n1m_d128_l2,1000000,128,l2,correlated,0.0200,0.0200,20000,C_acorn_g4,acorn,ACORN,16,4,16,50,100,0.1522,9237.2,102.58,151.00,180.04,180.04,108.26,823,769,1357,1444,2802,1770,1032,0,100,222708.5,185032456,24.6,40
n1m_d128_l2,1000000,128,l2,correlated,0.0200,0.0200,20000,C_acorn_g8,acorn,ACORN,16,8,16,50,100,0.1696,8974.3,107.88,155.29,180.62,180.62,111.43,816,755,1598,1663,3263,1772,1491,0,100,316872.6,202064904,24.6,40
n1m_d128_l2,1000000,128,l2,correlated,0.0200,0.0200,20000,C_acorn_g16,acorn,ACORN,16,16,16,50,100,0.2688,8574.3,102.88,177.38,370.71,370.71,116.63,864,804,2132,1686,3820,1850,1969,0,98,1186950.8,236129800,24.6,40
n1m_d128_l2,1000000,128,l2,correlated,0.0200,0.0200,20000,A_std_standard,std,STANDARD,16,1,32,100,100,0.0146,6684.1,149.96,211.67,269.08,269.08,149.61,1525,1525,1525,0,1525,0,0,114,1,140884.0,140258120,24.5,32
n1m_d128_l2,1000000,128,l2,correlated,0.0200,0.0200,20000,B_std_acorn1,std,ACORN,16,1,32,100,100,0.3696,3984.9,222.38,423.17,957.21,957.21,250.94,1504,1405,1334,11095,12430,5456,6974,0,100,140884.0,140258120,24.5,32
n1m_d128_l2,1000000,128,l2,correlated,0.0200,0.0200,20000,D_large24_standard,large,STANDARD,24,1,48,100,100,0.0062,6246.0,161.92,181.17,231.29,231.29,160.10,1699,1699,1699,0,1699,0,0,110,0,132908.2,204166792,30.4,48
n1m_d128_l2,1000000,128,l2,correlated,0.0200,0.0200,20000,E_large24_acorn1,large,ACORN,24,1,48,100,100,0.4906,3569.8,226.96,533.67,721.46,721.46,280.13,1593,1456,1869,18777,20647,8399,12247,0,100,132908.2,204166792,30.4,48
n1m_d128_l2,1000000,128,l2,correlated,0.0200,0.0200,20000,D_large48_standard,large,STANDARD,48,1,96,100,100,0.0058,5858.9,174.38,189.29,224.38,224.38,170.68,1848,1848,1848,0,1848,0,0,108,0,142299.3,396080968,35.9,96
n1m_d128_l2,1000000,128,l2,correlated,0.0200,0.0200,20000,E_large48_acorn1,large,ACORN,48,1,96,100,100,0.4958,2135.3,472.12,861.79,992.38,992.38,468.32,1739,1593,3044,53839,56885,17087,39797,0,98,142299.3,396080968,35.9,96
n1m_d128_l2,1000000,128,l2,correlated,0.0200,0.0200,20000,C_acorn_g4,acorn,ACORN,16,4,16,100,100,0.1884,6414.8,146.50,216.92,240.08,240.08,155.89,1097,1042,2411,3105,5518,3427,2091,0,100,222708.5,185032456,24.6,40
n1m_d128_l2,1000000,128,l2,correlated,0.0200,0.0200,20000,C_acorn_g8,acorn,ACORN,16,8,16,100,100,0.2544,5951.0,155.17,284.46,318.29,318.29,168.04,1134,1072,2771,3869,6641,3571,3069,0,100,316872.6,202064904,24.6,40
n1m_d128_l2,1000000,128,l2,correlated,0.0200,0.0200,20000,C_acorn_g16,acorn,ACORN,16,16,16,100,100,0.3432,5830.8,153.83,305.62,464.58,464.58,171.50,1193,1133,3212,3355,6568,3587,2980,0,98,1186950.8,236129800,24.6,40
n1m_d128_l2,1000000,128,l2,correlated,0.0200,0.0200,20000,A_std_standard,std,STANDARD,16,1,32,250,100,0.0254,3527.0,286.50,361.75,433.21,433.21,283.53,1966,1966,1966,0,1966,0,0,264,3,140884.0,140258120,24.5,32
n1m_d128_l2,1000000,128,l2,correlated,0.0200,0.0200,20000,B_std_acorn1,std,ACORN,16,1,32,250,100,0.4574,1895.3,433.17,1118.67,1807.08,1807.08,527.63,1949,1850,4744,29908,34653,17573,17079,0,100,140884.0,140258120,24.5,32
n1m_d128_l2,1000000,128,l2,correlated,0.0200,0.0200,20000,D_large24_standard,large,STANDARD,24,1,48,250,100,0.0072,3431.2,295.50,314.71,376.12,376.12,291.44,2061,2061,2061,0,2061,0,0,260,0,132908.2,204166792,30.4,48
n1m_d128_l2,1000000,128,l2,correlated,0.0200,0.0200,20000,E_large24_acorn1,large,ACORN,24,1,48,250,100,0.5838,1649.9,520.21,1204.96,1392.00,1392.00,606.11,1947,1811,6367,48283,54651,27040,27611,0,100,132908.2,204166792,30.4,48
n1m_d128_l2,1000000,128,l2,correlated,0.0200,0.0200,20000,D_large48_standard,large,STANDARD,48,1,96,250,100,0.0078,3335.3,304.08,326.29,368.79,368.79,299.82,2138,2138,2138,0,2138,0,0,258,1,142299.3,396080968,35.9,96
n1m_d128_l2,1000000,128,l2,correlated,0.0200,0.0200,20000,E_large48_acorn1,large,ACORN,48,1,96,250,100,0.6582,984.3,1045.25,1893.25,1971.54,1971.54,1015.91,2369,2223,8784,122494,131280,48867,82412,0,98,142299.3,396080968,35.9,96
n1m_d128_l2,1000000,128,l2,correlated,0.0200,0.0200,20000,C_acorn_g4,acorn,ACORN,16,4,16,250,100,0.2346,3138.7,295.58,440.25,476.71,476.71,318.60,1452,1397,5802,8900,14704,9053,5651,0,100,222708.5,185032456,24.6,40
n1m_d128_l2,1000000,128,l2,correlated,0.0200,0.0200,20000,C_acorn_g8,acorn,ACORN,16,8,16,250,100,0.2972,2993.9,320.62,458.67,476.33,476.33,334.01,1508,1447,6132,9628,15761,9173,6588,0,100,316872.6,202064904,24.6,40
n1m_d128_l2,1000000,128,l2,correlated,0.0200,0.0200,20000,C_acorn_g16,acorn,ACORN,16,16,16,250,100,0.4706,2608.6,332.42,666.12,840.38,840.38,383.34,1724,1664,6925,10862,17788,9657,8131,0,98,1186950.8,236129800,24.6,40
n1m_d128_l2,1000000,128,l2,correlated,0.0200,0.0200,20000,A_std_standard,std,STANDARD,16,1,32,500,100,0.0282,1881.7,533.58,613.38,736.33,736.33,531.44,2166,2166,2166,0,2166,0,0,514,3,140884.0,140258120,24.5,32
n1m_d128_l2,1000000,128,l2,correlated,0.0200,0.0200,20000,B_std_acorn1,std,ACORN,16,1,32,500,100,0.4804,1104.3,809.21,1818.62,2079.29,2079.29,905.59,2091,1992,10730,55968,66699,36654,30045,0,100,140884.0,140258120,24.5,32
n1m_d128_l2,1000000,128,l2,correlated,0.0200,0.0200,20000,D_large24_standard,large,STANDARD,24,1,48,500,100,0.0078,1884.5,539.42,556.62,644.62,644.62,530.64,2141,2141,2141,0,2141,0,0,510,0,132908.2,204166792,30.4,48
n1m_d128_l2,1000000,128,l2,correlated,0.0200,0.0200,20000,E_large24_acorn1,large,ACORN,24,1,48,500,100,0.6008,880.9,890.88,2249.21,2835.42,2835.42,1135.22,2099,1963,14277,93858,108137,59427,48710,0,100,132908.2,204166792,30.4,48
n1m_d128_l2,1000000,128,l2,correlated,0.0200,0.0200,20000,D_large48_standard,large,STANDARD,48,1,96,500,100,0.0102,1853.4,547.08,575.92,616.58,616.58,539.54,2210,2210,2210,0,2210,0,0,508,1,142299.3,396080968,35.9,96
n1m_d128_l2,1000000,128,l2,correlated,0.0200,0.0200,20000,E_large48_acorn1,large,ACORN,48,1,96,500,100,0.7052,560.3,1612.21,3205.50,3443.46,3443.46,1784.71,2655,2510,17814,214821,232637,98391,134245,0,98,142299.3,396080968,35.9,96
n1m_d128_l2,1000000,128,l2,correlated,0.0200,0.0200,20000,C_acorn_g4,acorn,ACORN,16,4,16,500,100,0.2698,1544.6,623.12,849.33,1117.29,1117.29,647.41,1722,1667,11963,20374,32339,19973,12366,0,100,222708.5,185032456,24.6,40
n1m_d128_l2,1000000,128,l2,correlated,0.0200,0.0200,20000,C_acorn_g8,acorn,ACORN,16,8,16,500,100,0.3186,1494.9,659.46,893.17,1138.33,1138.33,668.96,1803,1742,12347,21009,33357,20356,13001,0,100,316872.6,202064904,24.6,40
n1m_d128_l2,1000000,128,l2,correlated,0.0200,0.0200,20000,C_acorn_g16,acorn,ACORN,16,16,16,500,100,0.5518,1390.0,714.50,1105.08,1380.25,1380.25,719.44,2060,2000,12821,23067,35889,19773,16116,0,98,1186950.8,236129800,24.6,40
n1m_d128_l2,1000000,128,l2,correlated,0.0100,0.0100,10000,F_exact,exact,EXACT,16,0,0,0,10,1.0000,522.3,1913.67,1929.92,1979.83,1979.83,1914.49,10000,0,0,0,1000000,0,0,0,10,0.0,0,0.0,0
n1m_d128_l2,1000000,128,l2,correlated,0.0100,0.0100,10000,A_std_standard,std,STANDARD,16,1,32,50,10,0.0220,10931.9,90.79,143.67,195.88,195.88,91.48,1103,1103,1103,0,1103,0,0,65,0,140884.0,140258120,24.5,32
n1m_d128_l2,1000000,128,l2,correlated,0.0100,0.0100,10000,B_std_acorn1,std,ACORN,16,1,32,50,10,0.3140,8217.0,116.96,207.79,296.75,296.75,121.70,932,845,653,7861,8516,2773,5742,0,10,140884.0,140258120,24.5,32
n1m_d128_l2,1000000,128,l2,correlated,0.0100,0.0100,10000,D_large24_standard,large,STANDARD,24,1,48,50,10,0.0200,9647.0,105.17,118.25,173.12,173.12,103.66,1279,1279,1279,0,1279,0,0,61,0,132908.2,204166792,30.4,48
n1m_d128_l2,1000000,128,l2,correlated,0.0100,0.0100,10000,E_large24_acorn1,large,ACORN,24,1,48,50,10,0.3820,5974.0,176.38,277.33,374.46,374.46,167.39,1050,955,880,13628,14509,4560,9949,0,10,132908.2,204166792,30.4,48
n1m_d128_l2,1000000,128,l2,correlated,0.0100,0.0100,10000,D_large48_standard,large,STANDARD,48,1,96,50,10,0.0240,8830.2,115.50,125.12,156.29,156.29,113.25,1465,1465,1465,0,1465,0,0,58,0,142299.3,396080968,35.9,96
n1m_d128_l2,1000000,128,l2,correlated,0.0100,0.0100,10000,E_large48_acorn1,large,ACORN,48,1,96,50,10,0.4700,4533.7,187.38,373.33,495.08,495.08,220.57,1339,1161,1333,26620,27955,7112,20842,0,10,142299.3,396080968,35.9,96
n1m_d128_l2,1000000,128,l2,correlated,0.0100,0.0100,10000,C_acorn_g4,acorn,ACORN,16,4,16,50,10,0.0000,130859.9,7.62,7.92,8.17,8.17,7.64,1,1,228,99,328,0,328,0,0,222708.5,185032456,24.6,40
n1m_d128_l2,1000000,128,l2,correlated,0.0100,0.0100,10000,C_acorn_g8,acorn,ACORN,16,8,16,50,10,0.0000,119831.1,8.29,8.62,8.62,8.62,8.35,1,1,433,414,848,0,848,0,0,316872.6,202064904,24.6,40
n1m_d128_l2,1000000,128,l2,correlated,0.0100,0.0100,10000,C_acorn_g16,acorn,ACORN,16,16,16,50,10,0.3100,11846.5,77.08,139.62,173.33,173.33,84.41,718,650,2303,2553,4857,1699,3158,0,10,1186950.8,236129800,24.6,40
n1m_d128_l2,1000000,128,l2,correlated,0.0100,0.0100,10000,A_std_standard,std,STANDARD,16,1,32,100,10,0.0220,6720.1,148.96,212.58,269.92,269.92,148.81,1525,1525,1525,0,1525,0,0,114,0,140884.0,140258120,24.5,32
n1m_d128_l2,1000000,128,l2,correlated,0.0100,0.0100,10000,B_std_acorn1,std,ACORN,16,1,32,100,10,0.3420,4901.9,178.17,355.83,483.88,483.88,204.00,1205,1118,1481,17335,18817,6279,12538,0,10,140884.0,140258120,24.5,32
n1m_d128_l2,1000000,128,l2,correlated,0.0100,0.0100,10000,D_large24_standard,large,STANDARD,24,1,48,100,10,0.0200,6176.9,162.21,205.17,234.46,234.46,161.89,1699,1699,1699,0,1699,0,0,110,0,132908.2,204166792,30.4,48
n1m_d128_l2,1000000,128,l2,correlated,0.0100,0.0100,10000,E_large24_acorn1,large,ACORN,24,1,48,100,10,0.4080,3400.9,334.38,538.58,677.00,677.00,294.04,1267,1172,2085,30523,32609,10615,21994,0,10,132908.2,204166792,30.4,48
n1m_d128_l2,1000000,128,l2,correlated,0.0100,0.0100,10000,D_large48_standard,large,STANDARD,48,1,96,100,10,0.0240,5886.0,173.25,188.50,226.88,226.88,169.89,1848,1848,1848,0,1848,0,0,108,0,142299.3,396080968,35.9,96
n1m_d128_l2,1000000,128,l2,correlated,0.0100,0.0100,10000,E_large48_acorn1,large,ACORN,48,1,96,100,10,0.4820,2698.3,302.46,685.83,850.71,850.71,370.61,1494,1315,2949,50560,53511,14686,38824,0,10,142299.3,396080968,35.9,96
n1m_d128_l2,1000000,128,l2,correlated,0.0100,0.0100,10000,C_acorn_g4,acorn,ACORN,16,4,16,100,10,0.0000,121728.8,8.04,8.21,19.33,19.33,8.21,1,1,228,99,328,0,328,0,0,222708.5,185032456,24.6,40
n1m_d128_l2,1000000,128,l2,correlated,0.0100,0.0100,10000,C_acorn_g8,acorn,ACORN,16,8,16,100,10,0.0000,117564.6,7.92,8.83,19.29,19.29,8.51,1,1,433,414,848,0,848,0,0,316872.6,202064904,24.6,40
n1m_d128_l2,1000000,128,l2,correlated,0.0100,0.0100,10000,C_acorn_g16,acorn,ACORN,16,16,16,100,10,0.3440,7301.0,126.88,212.46,268.38,268.38,136.97,959,891,3372,5213,8587,3384,5202,0,10,1186950.8,236129800,24.6,40
n1m_d128_l2,1000000,128,l2,correlated,0.0100,0.0100,10000,A_std_standard,std,STANDARD,16,1,32,250,10,0.0240,3540.0,286.08,361.21,428.25,428.25,282.49,1966,1966,1966,0,1966,0,0,264,0,140884.0,140258120,24.5,32
n1m_d128_l2,1000000,128,l2,correlated,0.0100,0.0100,10000,B_std_acorn1,std,ACORN,16,1,32,250,10,0.3560,2212.2,345.12,762.75,1017.00,1017.00,452.03,1455,1369,4860,45871,50733,17820,32913,0,10,140884.0,140258120,24.5,32
n1m_d128_l2,1000000,128,l2,correlated,0.0100,0.0100,10000,D_large24_standard,large,STANDARD,24,1,48,250,10,0.0260,3447.2,294.67,313.88,381.00,381.00,290.09,2061,2061,2061,0,2061,0,0,260,0,132908.2,204166792,30.4,48
n1m_d128_l2,1000000,128,l2,correlated,0.0100,0.0100,10000,E_large24_acorn1,large,ACORN,24,1,48,250,10,0.4240,1510.9,708.00,1201.79,1360.54,1360.54,661.84,1430,1336,6556,82105,88662,29984,58678,0,10,132908.2,204166792,30.4,48
n1m_d128_l2,1000000,128,l2,correlated,0.0100,0.0100,10000,D_large48_standard,large,STANDARD,48,1,96,250,10,0.0240,3314.8,305.54,334.62,373.08,373.08,301.68,2138,2138,2138,0,2138,0,0,258,0,142299.3,396080968,35.9,96
n1m_d128_l2,1000000,128,l2,correlated,0.0100,0.0100,10000,E_large48_acorn1,large,ACORN,48,1,96,250,10,0.5420,1170.8,594.58,1787.21,2687.04,2687.04,854.14,1604,1426,8527,134027,142555,39771,102784,0,10,142299.3,396080968,35.9,96
n1m_d128_l2,1000000,128,l2,correlated,0.0100,0.0100,10000,C_acorn_g4,acorn,ACORN,16,4,16,250,10,0.0000,121346.6,8.29,8.58,8.75,8.75,8.24,1,1,228,99,328,0,328,0,0,222708.5,185032456,24.6,40
n1m_d128_l2,1000000,128,l2,correlated,0.0100,0.0100,10000,C_acorn_g8,acorn,ACORN,16,8,16,250,10,0.0000,121865.6,8.21,8.29,8.33,8.33,8.21,1,1,433,414,848,0,848,0,0,316872.6,202064904,24.6,40
n1m_d128_l2,1000000,128,l2,correlated,0.0100,0.0100,10000,C_acorn_g16,acorn,ACORN,16,16,16,250,10,0.3700,3483.8,260.79,424.71,615.50,615.50,287.04,1307,1240,6766,13707,20475,8709,11765,0,10,1186950.8,236129800,24.6,40
n1m_d128_l2,1000000,128,l2,correlated,0.0100,0.0100,10000,A_std_standard,std,STANDARD,16,1,32,500,10,0.0260,1899.7,529.42,618.83,705.17,705.17,526.40,2166,2166,2166,0,2166,0,0,514,0,140884.0,140258120,24.5,32
n1m_d128_l2,1000000,128,l2,correlated,0.0100,0.0100,10000,B_std_acorn1,std,ACORN,16,1,32,500,10,0.3580,1145.0,644.62,1480.50,1810.17,1810.17,873.39,1530,1443,11008,89600,100610,36234,64376,0,10,140884.0,140258120,24.5,32
n1m_d128_l2,1000000,128,l2,correlated,0.0100,0.0100,10000,D_large24_standard,large,STANDARD,24,1,48,500,10,0.0260,1897.5,537.12,558.33,636.25,636.25,527.01,2141,2141,2141,0,2141,0,0,510,0,132908.2,204166792,30.4,48
n1m_d128_l2,1000000,128,l2,correlated,0.0100,0.0100,10000,E_large24_acorn1,large,ACORN,24,1,48,500,10,0.4260,794.4,1216.21,2132.21,2442.12,2442.12,1258.82,1612,1517,14192,156714,170907,60428,110478,0,10,132908.2,204166792,30.4,48
n1m_d128_l2,1000000,128,l2,correlated,0.0100,0.0100,10000,D_large48_standard,large,STANDARD,48,1,96,500,10,0.0280,1842.3,550.54,592.42,622.50,622.50,542.81,2210,2210,2210,0,2210,0,0,508,0,142299.3,396080968,35.9,96
n1m_d128_l2,1000000,128,l2,correlated,0.0100,0.0100,10000,E_large48_acorn1,large,ACORN,48,1,96,500,10,0.6400,525.6,2028.46,3911.42,4126.50,4126.50,1902.61,2245,2066,18902,276449,295353,93660,201692,0,10,142299.3,396080968,35.9,96
n1m_d128_l2,1000000,128,l2,correlated,0.0100,0.0100,10000,C_acorn_g4,acorn,ACORN,16,4,16,500,10,0.0000,130462.5,7.62,8.04,8.25,8.25,7.67,1,1,228,99,328,0,328,0,0,222708.5,185032456,24.6,40
n1m_d128_l2,1000000,128,l2,correlated,0.0100,0.0100,10000,C_acorn_g8,acorn,ACORN,16,8,16,500,10,0.0000,123635.4,8.08,8.17,8.29,8.29,8.09,1,1,433,414,848,0,848,0,0,316872.6,202064904,24.6,40
n1m_d128_l2,1000000,128,l2,correlated,0.0100,0.0100,10000,C_acorn_g16,acorn,ACORN,16,16,16,500,10,0.3940,1797.6,471.71,872.17,1113.79,1113.79,556.29,1713,1646,12737,26981,39719,17714,22004,0,10,1186950.8,236129800,24.6,40
n1m_d128_l2,1000000,128,l2,correlated,0.0050,0.0050,5000,F_exact,exact,EXACT,16,0,0,0,10,1.0000,677.9,1474.21,1483.92,1503.17,1503.17,1475.10,5000,0,0,0,1000000,0,0,0,10,0.0,0,0.0,0
n1m_d128_l2,1000000,128,l2,correlated,0.0050,0.0050,5000,A_std_standard,std,STANDARD,16,1,32,50,10,0.0060,11088.7,89.25,141.50,188.12,188.12,90.18,1103,1103,1103,0,1103,0,0,65,0,140884.0,140258120,24.5,32
n1m_d128_l2,1000000,128,l2,correlated,0.0050,0.0050,5000,B_std_acorn1,std,ACORN,16,1,32,50,10,0.3400,14191.6,69.42,80.67,85.83,85.83,70.46,1157,1073,430,2559,2991,1922,1068,0,10,140884.0,140258120,24.5,32
n1m_d128_l2,1000000,128,l2,correlated,0.0050,0.0050,5000,D_large24_standard,large,STANDARD,24,1,48,50,10,0.0000,9790.8,103.83,113.71,163.75,163.75,102.14,1279,1279,1279,0,1279,0,0,61,0,132908.2,204166792,30.4,48
n1m_d128_l2,1000000,128,l2,correlated,0.0050,0.0050,5000,E_large24_acorn1,large,ACORN,24,1,48,50,10,0.0000,102898.0,9.67,9.96,10.46,10.46,9.72,1,1,83,1768,1852,0,1852,0,0,132908.2,204166792,30.4,48
n1m_d128_l2,1000000,128,l2,correlated,0.0050,0.0050,5000,D_large48_standard,large,STANDARD,48,1,96,50,10,0.0000,8862.2,114.67,126.46,160.08,160.08,112.84,1465,1465,1465,0,1465,0,0,58,0,142299.3,396080968,35.9,96
n1m_d128_l2,1000000,128,l2,correlated,0.0050,0.0050,5000,E_large48_acorn1,large,ACORN,48,1,96,50,10,0.0000,87873.0,11.38,11.67,17.50,17.50,11.38,1,1,93,2312,2406,0,2406,0,0,142299.3,396080968,35.9,96
n1m_d128_l2,1000000,128,l2,correlated,0.0050,0.0050,5000,C_acorn_g4,acorn,ACORN,16,4,16,50,10,0.3820,14662.6,59.04,125.00,206.04,206.04,68.20,947,883,1377,1013,2391,1916,475,0,10,222708.5,185032456,24.6,40
n1m_d128_l2,1000000,128,l2,correlated,0.0050,0.0050,5000,C_acorn_g8,acorn,ACORN,16,8,16,50,10,0.3500,14878.2,59.75,117.96,214.54,214.54,67.21,935,870,1624,1014,2639,1910,729,0,10,316872.6,202064904,24.6,40
n1m_d128_l2,1000000,128,l2,correlated,0.0050,0.0050,5000,C_acorn_g16,acorn,ACORN,16,16,16,50,10,0.3500,15257.3,60.21,95.08,164.00,164.00,65.54,872,806,1881,1118,3001,1808,1193,0,10,1186950.8,236129800,24.6,40
n1m_d128_l2,1000000,128,l2,correlated,0.0050,0.0050,5000,A_std_standard,std,STANDARD,16,1,32,100,10,0.0060,6807.5,146.38,206.21,268.83,268.83,146.90,1525,1525,1525,0,1525,0,0,114,0,140884.0,140258120,24.5,32
n1m_d128_l2,1000000,128,l2,correlated,0.0050,0.0050,5000,B_std_acorn1,std,ACORN,16,1,32,100,10,0.4540,8796.2,112.46,126.71,132.79,132.79,113.69,1585,1501,979,3966,4946,3780,1166,0,10,140884.0,140258120,24.5,32
n1m_d128_l2,1000000,128,l2,correlated,0.0050,0.0050,5000,D_large24_standard,large,STANDARD,24,1,48,100,10,0.0000,6351.4,159.96,174.33,232.50,232.50,157.45,1699,1699,1699,0,1699,0,0,110,0,132908.2,204166792,30.4,48
n1m_d128_l2,1000000,128,l2,correlated,0.0050,0.0050,5000,E_large24_acorn1,large,ACORN,24,1,48,100,10,0.0000,93239.6,10.75,11.04,11.21,11.21,10.73,1,1,83,1768,1852,0,1852,0,0,132908.2,204166792,30.4,48
n1m_d128_l2,1000000,128,l2,correlated,0.0050,0.0050,5000,D_large48_standard,large,STANDARD,48,1,96,100,10,0.0000,5908.1,173.42,190.88,225.46,225.46,169.26,1848,1848,1848,0,1848,0,0,108,0,142299.3,396080968,35.9,96
n1m_d128_l2,1000000,128,l2,correlated,0.0050,0.0050,5000,E_large48_acorn1,large,ACORN,48,1,96,100,10,0.0000,85714.8,10.88,14.92,14.92,14.92,11.67,1,1,93,2312,2406,0,2406,0,0,142299.3,396080968,35.9,96
n1m_d128_l2,1000000,128,l2,correlated,0.0050,0.0050,5000,C_acorn_g4,acorn,ACORN,16,4,16,100,10,0.5140,8190.1,101.46,230.50,285.71,285.71,122.10,1374,1310,2576,2284,4862,3962,899,0,10,222708.5,185032456,24.6,40
n1m_d128_l2,1000000,128,l2,correlated,0.0050,0.0050,5000,C_acorn_g8,acorn,ACORN,16,8,16,100,10,0.4740,8507.4,100.25,210.50,274.54,274.54,117.54,1337,1272,2762,2166,4929,3844,1085,0,10,316872.6,202064904,24.6,40
n1m_d128_l2,1000000,128,l2,correlated,0.0050,0.0050,5000,C_acorn_g16,acorn,ACORN,16,16,16,100,10,0.4580,9300.9,99.17,161.29,266.83,266.83,107.52,1206,1140,2920,2294,5215,3571,1644,0,10,1186950.8,236129800,24.6,40
n1m_d128_l2,1000000,128,l2,correlated,0.0050,0.0050,5000,A_std_standard,std,STANDARD,16,1,32,250,10,0.0080,3564.3,283.79,362.33,429.29,429.29,280.56,1966,1966,1966,0,1966,0,0,264,0,140884.0,140258120,24.5,32
n1m_d128_l2,1000000,128,l2,correlated,0.0050,0.0050,5000,B_std_acorn1,std,ACORN,16,1,32,250,10,0.5040,4346.2,229.38,242.46,267.25,267.25,230.09,1932,1848,4104,8054,12160,10557,1603,0,10,140884.0,140258120,24.5,32
n1m_d128_l2,1000000,128,l2,correlated,0.0050,0.0050,5000,D_large24_standard,large,STANDARD,24,1,48,250,10,0.0000,3445.1,294.42,318.12,380.33,380.33,290.27,2061,2061,2061,0,2061,0,0,260,0,132908.2,204166792,30.4,48
n1m_d128_l2,1000000,128,l2,correlated,0.0050,0.0050,5000,E_large24_acorn1,large,ACORN,24,1,48,250,10,0.0000,98312.0,10.12,10.46,10.83,10.83,10.17,1,1,83,1768,1852,0,1852,0,0,132908.2,204166792,30.4,48
n1m_d128_l2,1000000,128,l2,correlated,0.0050,0.0050,5000,D_large48_standard,large,STANDARD,48,1,96,250,10,0.0000,3319.8,306.92,329.67,368.04,368.04,301.22,2138,2138,2138,0,2138,0,0,258,0,142299.3,396080968,35.9,96
n1m_d128_l2,1000000,128,l2,correlated,0.0050,0.0050,5000,E_large48_acorn1,large,ACORN,48,1,96,250,10,0.0000,90702.9,11.00,11.33,11.58,11.58,11.02,1,1,93,2312,2406,0,2406,0,0,142299.3,396080968,35.9,96
n1m_d128_l2,1000000,128,l2,correlated,0.0050,0.0050,5000,C_acorn_g4,acorn,ACORN,16,4,16,250,10,0.6020,3948.6,223.54,398.21,520.92,520.92,253.26,1831,1767,5870,5718,11589,9505,2084,0,10,222708.5,185032456,24.6,40
n1m_d128_l2,1000000,128,l2,correlated,0.0050,0.0050,5000,C_acorn_g8,acorn,ACORN,16,8,16,250,10,0.6000,3909.0,219.92,422.21,502.00,502.00,255.82,1852,1788,6212,5769,11982,9602,2379,0,10,316872.6,202064904,24.6,40
n1m_d128_l2,1000000,128,l2,correlated,0.0050,0.0050,5000,C_acorn_g16,acorn,ACORN,16,16,16,250,10,0.5400,4304.8,218.12,333.33,551.58,551.58,232.30,1665,1600,6229,5976,12207,8981,3225,0,10,1186950.8,236129800,24.6,40
n1m_d128_l2,1000000,128,l2,correlated,0.0050,0.0050,5000,A_std_standard,std,STANDARD,16,1,32,500,10,0.0200,1906.7,530.67,621.38,702.96,702.96,524.46,2166,2166,2166,0,2166,0,0,514,0,140884.0,140258120,24.5,32
n1m_d128_l2,1000000,128,l2,correlated,0.0050,0.0050,5000,B_std_acorn1,std,ACORN,16,1,32,500,10,0.5120,2245.4,443.38,462.88,481.08,481.08,445.35,1991,1907,10271,13367,23640,21334,2305,0,10,140884.0,140258120,24.5,32
n1m_d128_l2,1000000,128,l2,correlated,0.0050,0.0050,5000,D_large24_standard,large,STANDARD,24,1,48,500,10,0.0000,1886.3,538.17,557.67,641.38,641.38,530.13,2141,2141,2141,0,2141,0,0,510,0,132908.2,204166792,30.4,48
n1m_d128_l2,1000000,128,l2,correlated,0.0050,0.0050,5000,E_large24_acorn1,large,ACORN,24,1,48,500,10,0.0000,99107.6,10.04,10.38,11.00,11.00,10.09,1,1,83,1768,1852,0,1852,0,0,132908.2,204166792,30.4,48
n1m_d128_l2,1000000,128,l2,correlated,0.0050,0.0050,5000,D_large48_standard,large,STANDARD,48,1,96,500,10,0.0000,1804.7,562.04,586.46,639.54,639.54,554.12,2210,2210,2210,0,2210,0,0,508,0,142299.3,396080968,35.9,96
n1m_d128_l2,1000000,128,l2,correlated,0.0050,0.0050,5000,E_large48_acorn1,large,ACORN,48,1,96,500,10,0.0000,76103.4,14.92,15.08,15.12,15.12,13.14,1,1,93,2312,2406,0,2406,0,0,142299.3,396080968,35.9,96
n1m_d128_l2,1000000,128,l2,correlated,0.0050,0.0050,5000,C_acorn_g4,acorn,ACORN,16,4,16,500,10,0.6340,1974.7,455.42,797.46,921.96,921.96,506.41,2079,2015,11799,12124,23924,19281,4643,0,10,222708.5,185032456,24.6,40
n1m_d128_l2,1000000,128,l2,correlated,0.0050,0.0050,5000,C_acorn_g8,acorn,ACORN,16,8,16,500,10,0.6280,1954.4,455.42,725.29,874.00,874.00,511.65,2112,2047,12240,11915,24157,19353,4804,0,10,316872.6,202064904,24.6,40
n1m_d128_l2,1000000,128,l2,correlated,0.0050,0.0050,5000,C_acorn_g16,acorn,ACORN,16,16,16,500,10,0.5560,2149.3,441.83,674.04,1013.54,1013.54,465.27,1893,1828,12145,11191,23337,17779,5558,0,10,1186950.8,236129800,24.6,40
n1m_d128_l2,1000000,128,l2,correlated,0.0010,0.0010,1000,F_exact,exact,EXACT,16,0,0,0,10,1.0000,893.4,1118.71,1125.96,1133.71,1133.71,1119.31,1000,0,0,0,1000000,0,0,0,10,0.0,0,0.0,0
n1m_d128_l2,1000000,128,l2,correlated,0.0010,0.0010,1000,A_std_standard,std,STANDARD,16,1,32,50,10,0.0000,11281.2,87.25,144.42,184.75,184.75,88.64,1103,1103,1103,0,1103,0,0,65,0,140884.0,140258120,24.5,32
n1m_d128_l2,1000000,128,l2,correlated,0.0010,0.0010,1000,B_std_acorn1,std,ACORN,16,1,32,50,10,0.0000,110374.5,9.04,9.17,9.67,9.67,9.06,1,1,68,1316,1385,0,1385,0,0,140884.0,140258120,24.5,32
n1m_d128_l2,1000000,128,l2,correlated,0.0010,0.0010,1000,D_large24_standard,large,STANDARD,24,1,48,50,10,0.0000,9440.4,108.33,114.62,180.12,180.12,105.93,1279,1279,1279,0,1279,0,0,61,0,132908.2,204166792,30.4,48
n1m_d128_l2,1000000,128,l2,correlated,0.0010,0.0010,1000,E_large24_acorn1,large,ACORN,24,1,48,50,10,0.0000,102171.8,9.75,9.96,10.21,10.21,9.79,1,1,83,1768,1852,0,1852,0,0,132908.2,204166792,30.4,48
n1m_d128_l2,1000000,128,l2,correlated,0.0010,0.0010,1000,D_large48_standard,large,STANDARD,48,1,96,50,10,0.0000,8456.3,120.12,135.96,167.17,167.17,118.25,1465,1465,1465,0,1465,0,0,58,0,142299.3,396080968,35.9,96
n1m_d128_l2,1000000,128,l2,correlated,0.0010,0.0010,1000,E_large48_acorn1,large,ACORN,48,1,96,50,10,0.0000,89955.2,11.08,11.38,11.46,11.46,11.12,1,1,93,2312,2406,0,2406,0,0,142299.3,396080968,35.9,96
n1m_d128_l2,1000000,128,l2,correlated,0.0010,0.0010,1000,C_acorn_g4,acorn,ACORN,16,4,16,50,10,0.0000,146056.6,6.83,6.96,7.04,7.04,6.85,1,1,228,99,328,0,328,0,0,222708.5,185032456,24.6,40
n1m_d128_l2,1000000,128,l2,correlated,0.0010,0.0010,1000,C_acorn_g8,acorn,ACORN,16,8,16,50,10,0.0000,128768.7,7.75,7.83,7.96,7.96,7.77,1,1,433,414,848,0,848,0,0,316872.6,202064904,24.6,40
n1m_d128_l2,1000000,128,l2,correlated,0.0010,0.0010,1000,C_acorn_g16,acorn,ACORN,16,16,16,50,10,0.0000,118122.6,8.33,8.42,14.75,14.75,8.47,1,1,770,432,1203,0,1203,0,0,1186950.8,236129800,24.6,40
n1m_d128_l2,1000000,128,l2,correlated,0.0010,0.0010,1000,A_std_standard,std,STANDARD,16,1,32,100,10,0.0000,6639.4,151.67,210.75,272.12,272.12,150.62,1525,1525,1525,0,1525,0,0,114,0,140884.0,140258120,24.5,32
n1m_d128_l2,1000000,128,l2,correlated,0.0010,0.0010,1000,B_std_acorn1,std,ACORN,16,1,32,100,10,0.0000,100367.1,10.21,10.29,10.46,10.46,9.96,1,1,68,1316,1385,0,1385,0,0,140884.0,140258120,24.5,32
n1m_d128_l2,1000000,128,l2,correlated,0.0010,0.0010,1000,D_large24_standard,large,STANDARD,24,1,48,100,10,0.0000,6084.7,168.17,186.00,233.25,233.25,164.35,1699,1699,1699,0,1699,0,0,110,0,132908.2,204166792,30.4,48
n1m_d128_l2,1000000,128,l2,correlated,0.0010,0.0010,1000,E_large24_acorn1,large,ACORN,24,1,48,100,10,0.0000,92643.4,10.79,11.00,11.33,11.33,10.79,1,1,83,1768,1852,0,1852,0,0,132908.2,204166792,30.4,48
n1m_d128_l2,1000000,128,l2,correlated,0.0010,0.0010,1000,D_large48_standard,large,STANDARD,48,1,96,100,10,0.0000,5725.8,177.50,204.54,239.67,239.67,174.65,1848,1848,1848,0,1848,0,0,108,0,142299.3,396080968,35.9,96
n1m_d128_l2,1000000,128,l2,correlated,0.0010,0.0010,1000,E_large48_acorn1,large,ACORN,48,1,96,100,10,0.0000,91220.7,10.92,11.25,11.83,11.83,10.96,1,1,93,2312,2406,0,2406,0,0,142299.3,396080968,35.9,96
n1m_d128_l2,1000000,128,l2,correlated,0.0010,0.0010,1000,C_acorn_g4,acorn,ACORN,16,4,16,100,10,0.0000,149289.4,6.71,6.75,7.00,7.00,6.70,1,1,228,99,328,0,328,0,0,222708.5,185032456,24.6,40
n1m_d128_l2,1000000,128,l2,correlated,0.0010,0.0010,1000,C_acorn_g8,acorn,ACORN,16,8,16,100,10,0.0000,129507.8,7.71,7.79,7.88,7.88,7.72,1,1,433,414,848,0,848,0,0,316872.6,202064904,24.6,40
n1m_d128_l2,1000000,128,l2,correlated,0.0010,0.0010,1000,C_acorn_g16,acorn,ACORN,16,16,16,100,10,0.0000,123405.9,8.08,8.25,8.29,8.29,8.10,1,1,770,432,1203,0,1203,0,0,1186950.8,236129800,24.6,40
n1m_d128_l2,1000000,128,l2,correlated,0.0010,0.0010,1000,A_std_standard,std,STANDARD,16,1,32,250,10,0.0000,3380.9,300.21,390.17,449.25,449.25,295.78,1966,1966,1966,0,1966,0,0,264,0,140884.0,140258120,24.5,32
n1m_d128_l2,1000000,128,l2,correlated,0.0010,0.0010,1000,B_std_acorn1,std,ACORN,16,1,32,250,10,0.0000,109051.0,9.17,9.54,10.08,10.08,9.17,1,1,68,1316,1385,0,1385,0,0,140884.0,140258120,24.5,32
n1m_d128_l2,1000000,128,l2,correlated,0.0010,0.0010,1000,D_large24_standard,large,STANDARD,24,1,48,250,10,0.0000,3343.5,304.50,320.04,395.04,395.04,299.09,2061,2061,2061,0,2061,0,0,260,0,132908.2,204166792,30.4,48
n1m_d128_l2,1000000,128,l2,correlated,0.0010,0.0010,1000,E_large24_acorn1,large,ACORN,24,1,48,250,10,0.0000,96083.6,10.42,10.71,10.92,10.92,10.41,1,1,83,1768,1852,0,1852,0,0,132908.2,204166792,30.4,48
n1m_d128_l2,1000000,128,l2,correlated,0.0010,0.0010,1000,D_large48_standard,large,STANDARD,48,1,96,250,10,0.0000,2817.7,363.75,395.04,434.42,434.42,354.89,2138,2138,2138,0,2138,0,0,258,0,142299.3,396080968,35.9,96
n1m_d128_l2,1000000,128,l2,correlated,0.0010,0.0010,1000,E_large48_acorn1,large,ACORN,48,1,96,250,10,0.0000,88462.1,11.29,11.62,11.88,11.88,11.30,1,1,93,2312,2406,0,2406,0,0,142299.3,396080968,35.9,96
n1m_d128_l2,1000000,128,l2,correlated,0.0010,0.0010,1000,C_acorn_g4,acorn,ACORN,16,4,16,250,10,0.0000,144769.3,6.88,7.04,7.12,7.12,6.91,1,1,228,99,328,0,328,0,0,222708.5,185032456,24.6,40
n1m_d128_l2,1000000,128,l2,correlated,0.0010,0.0010,1000,C_acorn_g8,acorn,ACORN,16,8,16,250,10,0.0000,129129.9,7.71,7.83,8.00,8.00,7.74,1,1,433,414,848,0,848,0,0,316872.6,202064904,24.6,40
n1m_d128_l2,1000000,128,l2,correlated,0.0010,0.0010,1000,C_acorn_g16,acorn,ACORN,16,16,16,250,10,0.0000,121802.1,8.21,8.29,8.33,8.33,8.21,1,1,770,432,1203,0,1203,0,0,1186950.8,236129800,24.6,40
n1m_d128_l2,1000000,128,l2,correlated,0.0010,0.0010,1000,A_std_standard,std,STANDARD,16,1,32,500,10,0.0000,1544.0,644.75,820.75,859.38,859.38,647.67,2166,2166,2166,0,2166,0,0,514,0,140884.0,140258120,24.5,32
n1m_d128_l2,1000000,128,l2,correlated,0.0010,0.0010,1000,B_std_acorn1,std,ACORN,16,1,32,500,10,0.0000,105069.8,9.46,10.12,10.25,10.25,9.52,1,1,68,1316,1385,0,1385,0,0,140884.0,140258120,24.5,32
n1m_d128_l2,1000000,128,l2,correlated,0.0010,0.0010,1000,D_large24_standard,large,STANDARD,24,1,48,500,10,0.0000,1175.8,887.38,914.92,1061.92,1061.92,850.47,2141,2141,2141,0,2141,0,0,510,0,132908.2,204166792,30.4,48
n1m_d128_l2,1000000,128,l2,correlated,0.0010,0.0010,1000,E_large24_acorn1,large,ACORN,24,1,48,500,10,0.0000,97759.2,10.17,10.83,10.96,10.96,10.23,1,1,83,1768,1852,0,1852,0,0,132908.2,204166792,30.4,48
n1m_d128_l2,1000000,128,l2,correlated,0.0010,0.0010,1000,D_large48_standard,large,STANDARD,48,1,96,500,10,0.0000,1130.5,913.79,957.38,1023.54,1023.54,884.55,2210,2210,2210,0,2210,0,0,508,0,142299.3,396080968,35.9,96
n1m_d128_l2,1000000,128,l2,correlated,0.0010,0.0010,1000,E_large48_acorn1,large,ACORN,48,1,96,500,10,0.0000,77700.0,11.67,15.46,15.71,15.71,12.87,1,1,93,2312,2406,0,2406,0,0,142299.3,396080968,35.9,96
n1m_d128_l2,1000000,128,l2,correlated,0.0010,0.0010,1000,C_acorn_g4,acorn,ACORN,16,4,16,500,10,0.0000,147783.8,6.71,7.04,7.21,7.21,6.77,1,1,228,99,328,0,328,0,0,222708.5,185032456,24.6,40
n1m_d128_l2,1000000,128,l2,correlated,0.0010,0.0010,1000,C_acorn_g8,acorn,ACORN,16,8,16,500,10,0.0000,131205.4,7.62,7.71,7.75,7.75,7.62,1,1,433,414,848,0,848,0,0,316872.6,202064904,24.6,40
n1m_d128_l2,1000000,128,l2,correlated,0.0010,0.0010,1000,C_acorn_g16,acorn,ACORN,16,16,16,500,10,0.0000,122625.7,8.17,8.25,8.33,8.33,8.15,1,1,770,432,1203,0,1203,0,0,1186950.8,236129800,24.6,40
n1m_d128_l2,1000000,128,l2,cluster,0.5000,0.5000,500000,F_exact,exact,EXACT,16,0,0,0,10,1.0000,19.8,50637.96,51766.38,52522.88,52522.88,50438.57,500000,0,0,0,1000000,0,0,0,10,0.0,0,0.0,0
n1m_d128_l2,1000000,128,l2,cluster,0.5000,0.5000,500000,A_std_standard,std,STANDARD,16,1,32,50,10,0.6980,10462.7,94.50,154.21,199.75,199.75,95.58,1103,1103,1103,0,1103,0,0,65,8,140884.0,140258120,24.5,32
n1m_d128_l2,1000000,128,l2,cluster,0.5000,0.5000,500000,B_std_acorn1,std,ACORN,16,1,32,50,10,0.4340,4974.7,159.29,374.38,776.29,776.29,201.02,1275,1142,569,5829,6399,2569,3829,0,10,140884.0,140258120,24.5,32
n1m_d128_l2,1000000,128,l2,cluster,0.5000,0.5000,500000,D_large24_standard,large,STANDARD,24,1,48,50,10,0.7560,9640.4,104.88,118.58,167.79,167.79,103.73,1279,1279,1279,0,1279,0,0,61,8,132908.2,204166792,30.4,48
n1m_d128_l2,1000000,128,l2,cluster,0.5000,0.5000,500000,E_large24_acorn1,large,ACORN,24,1,48,50,10,0.5460,4225.9,193.04,485.38,520.71,520.71,236.63,1600,1434,691,7902,8594,3723,4870,0,10,132908.2,204166792,30.4,48
n1m_d128_l2,1000000,128,l2,cluster,0.5000,0.5000,500000,D_large48_standard,large,STANDARD,48,1,96,50,10,0.7760,8603.3,117.62,134.54,161.50,161.50,116.23,1465,1465,1465,0,1465,0,0,58,8,142299.3,396080968,35.9,96
n1m_d128_l2,1000000,128,l2,cluster,0.5000,0.5000,500000,E_large48_acorn1,large,ACORN,48,1,96,50,10,0.7460,2872.2,277.38,654.83,760.88,760.88,348.17,2303,2014,1298,17725,19025,7609,11416,0,10,142299.3,396080968,35.9,96
n1m_d128_l2,1000000,128,l2,cluster,0.5000,0.5000,500000,C_acorn_g4,acorn,ACORN,16,4,16,50,10,0.5140,7894.1,119.67,193.83,247.83,247.83,126.68,940,831,1359,1613,2973,2052,920,0,10,222708.5,185032456,24.6,40
n1m_d128_l2,1000000,128,l2,cluster,0.5000,0.5000,500000,C_acorn_g8,acorn,ACORN,16,8,16,50,10,0.4260,7719.5,122.42,185.54,251.83,251.83,129.54,945,836,1342,1962,3305,2003,1302,0,10,316872.6,202064904,24.6,40
n1m_d128_l2,1000000,128,l2,cluster,0.5000,0.5000,500000,C_acorn_g16,acorn,ACORN,16,16,16,50,10,0.3820,7284.7,124.50,234.71,345.58,345.58,137.27,1064,955,1380,1601,2983,2100,882,0,10,1186950.8,236129800,24.6,40
n1m_d128_l2,1000000,128,l2,cluster,0.5000,0.5000,500000,A_std_standard,std,STANDARD,16,1,32,100,10,0.7520,6432.7,155.46,221.58,282.67,282.67,155.45,1525,1525,1525,0,1525,0,0,114,8,140884.0,140258120,24.5,32
n1m_d128_l2,1000000,128,l2,cluster,0.5000,0.5000,500000,B_std_acorn1,std,ACORN,16,1,32,100,10,0.5780,3084.1,251.96,583.21,995.92,995.92,324.24,1738,1605,1298,10922,12222,5199,7023,0,10,140884.0,140258120,24.5,32
n1m_d128_l2,1000000,128,l2,cluster,0.5000,0.5000,500000,D_large24_standard,large,STANDARD,24,1,48,100,10,0.7980,5349.2,193.54,214.83,285.21,285.21,186.94,1699,1699,1699,0,1699,0,0,110,8,132908.2,204166792,30.4,48
n1m_d128_l2,1000000,128,l2,cluster,0.5000,0.5000,500000,E_large24_acorn1,large,ACORN,24,1,48,100,10,0.6640,2238.5,363.04,901.33,1241.12,1241.12,446.72,2065,1899,1836,16704,18542,8010,10531,0,10,132908.2,204166792,30.4,48
n1m_d128_l2,1000000,128,l2,cluster,0.5000,0.5000,500000,D_large48_standard,large,STANDARD,48,1,96,100,10,0.8100,4512.2,224.96,241.83,298.21,298.21,221.62,1848,1848,1848,0,1848,0,0,108,9,142299.3,396080968,35.9,96
n1m_d128_l2,1000000,128,l2,cluster,0.5000,0.5000,500000,E_large48_acorn1,large,ACORN,48,1,96,100,10,0.8340,1336.8,657.04,1441.21,1607.12,1607.12,748.03,2697,2407,3228,32877,36106,14388,21718,0,10,142299.3,396080968,35.9,96
n1m_d128_l2,1000000,128,l2,cluster,0.5000,0.5000,500000,C_acorn_g4,acorn,ACORN,16,4,16,100,10,0.5540,2633.2,376.92,613.12,681.75,681.75,379.77,1256,1147,2438,3152,5591,3807,1784,0,10,222708.5,185032456,24.6,40
n1m_d128_l2,1000000,128,l2,cluster,0.5000,0.5000,500000,C_acorn_g8,acorn,ACORN,16,8,16,100,10,0.5160,2432.2,392.83,644.96,811.83,811.83,411.15,1347,1238,2537,4090,6628,3938,2690,0,10,316872.6,202064904,24.6,40
n1m_d128_l2,1000000,128,l2,cluster,0.5000,0.5000,500000,C_acorn_g16,acorn,ACORN,16,16,16,100,10,0.4740,2263.7,393.88,790.54,966.21,966.21,441.76,1501,1392,2542,3307,5850,3991,1859,0,10,1186950.8,236129800,24.6,40
n1m_d128_l2,1000000,128,l2,cluster,0.5000,0.5000,500000,A_std_standard,std,STANDARD,16,1,32,250,10,0.7740,3251.2,307.17,392.46,477.29,477.29,307.58,1966,1966,1966,0,1966,0,0,264,8,140884.0,140258120,24.5,32
n1m_d128_l2,1000000,128,l2,cluster,0.5000,0.5000,500000,B_std_acorn1,std,ACORN,16,1,32,250,10,0.6920,1542.7,538.38,1564.79,1906.25,1906.25,648.23,2296,2163,4868,27868,32737,14581,18156,0,10,140884.0,140258120,24.5,32
n1m_d128_l2,1000000,128,l2,cluster,0.5000,0.5000,500000,D_large24_standard,large,STANDARD,24,1,48,250,10,0.8100,3216.8,314.33,362.96,414.25,414.25,310.87,2061,2061,2061,0,2061,0,0,260,8,132908.2,204166792,30.4,48
n1m_d128_l2,1000000,128,l2,cluster,0.5000,0.5000,500000,E_large24_acorn1,large,ACORN,24,1,48,250,10,0.7900,1307.2,593.29,1539.00,1983.58,1983.58,765.02,2582,2416,6986,45036,52024,21877,30146,0,10,132908.2,204166792,30.4,48
n1m_d128_l2,1000000,128,l2,cluster,0.5000,0.5000,500000,D_large48_standard,large,STANDARD,48,1,96,250,10,0.8260,2710.7,365.29,467.08,498.33,498.33,368.91,2138,2138,2138,0,2138,0,0,258,9,142299.3,396080968,35.9,96
n1m_d128_l2,1000000,128,l2,cluster,0.5000,0.5000,500000,E_large48_acorn1,large,ACORN,48,1,96,250,10,0.9080,853.0,931.25,2283.04,3457.00,3457.00,1172.35,3207,2918,9418,72571,81991,33107,48884,0,10,142299.3,396080968,35.9,96
n1m_d128_l2,1000000,128,l2,cluster,0.5000,0.5000,500000,C_acorn_g4,acorn,ACORN,16,4,16,250,10,0.5980,1384.5,721.46,1106.25,1131.33,1131.33,722.28,1764,1655,5804,7719,13525,9274,4251,0,10,222708.5,185032456,24.6,40
n1m_d128_l2,1000000,128,l2,cluster,0.5000,0.5000,500000,C_acorn_g8,acorn,ACORN,16,8,16,250,10,0.5660,1289.2,741.25,1116.08,1433.54,1433.54,775.66,1894,1786,5930,9266,15197,9404,5793,0,10,316872.6,202064904,24.6,40
n1m_d128_l2,1000000,128,l2,cluster,0.5000,0.5000,500000,C_acorn_g16,acorn,ACORN,16,16,16,250,10,0.5360,1182.8,734.96,1416.42,2221.54,2221.54,845.44,2341,2231,6446,7494,13942,10338,3603,0,10,1186950.8,236129800,24.6,40
n1m_d128_l2,1000000,128,l2,cluster,0.5000,0.5000,500000,A_std_standard,std,STANDARD,16,1,32,500,10,0.7840,1162.1,885.46,1041.75,1218.54,1218.54,860.48,2166,2166,2166,0,2166,0,0,514,9,140884.0,140258120,24.5,32
n1m_d128_l2,1000000,128,l2,cluster,0.5000,0.5000,500000,B_std_acorn1,std,ACORN,16,1,32,500,10,0.7460,561.5,1423.50,3823.21,4529.67,4529.67,1781.00,2815,2682,11699,51042,62742,30552,32190,0,10,140884.0,140258120,24.5,32
n1m_d128_l2,1000000,128,l2,cluster,0.5000,0.5000,500000,D_large24_standard,large,STANDARD,24,1,48,500,10,0.8200,1122.0,917.83,1026.79,1157.92,1157.92,891.30,2141,2141,2141,0,2141,0,0,510,9,132908.2,204166792,30.4,48
n1m_d128_l2,1000000,128,l2,cluster,0.5000,0.5000,500000,E_large24_acorn1,large,ACORN,24,1,48,500,10,0.8320,503.5,1516.17,4820.33,5869.62,5869.62,1986.06,3150,2984,15494,80883,96378,43535,52843,0,10,132908.2,204166792,30.4,48
n1m_d128_l2,1000000,128,l2,cluster,0.5000,0.5000,500000,D_large48_standard,large,STANDARD,48,1,96,500,10,0.8300,1132.9,916.75,972.17,1019.12,1019.12,882.72,2210,2210,2210,0,2210,0,0,508,9,142299.3,396080968,35.9,96
n1m_d128_l2,1000000,128,l2,cluster,0.5000,0.5000,500000,E_large48_acorn1,large,ACORN,48,1,96,500,10,0.9280,436.0,1677.83,4566.71,6009.54,6009.54,2293.64,4005,3715,19392,118093,137486,60205,77281,0,10,142299.3,396080968,35.9,96
n1m_d128_l2,1000000,128,l2,cluster,0.5000,0.5000,500000,C_acorn_g4,acorn,ACORN,16,4,16,500,10,0.6080,841.0,1134.88,1728.46,1881.88,1881.88,1189.09,2143,2035,11651,13452,25105,18061,7044,0,10,222708.5,185032456,24.6,40
n1m_d128_l2,1000000,128,l2,cluster,0.5000,0.5000,500000,C_acorn_g8,acorn,ACORN,16,8,16,500,10,0.5740,765.8,1199.00,1925.29,2740.29,2740.29,1305.89,2439,2331,12015,15532,27548,18733,8815,0,10,316872.6,202064904,24.6,40
n1m_d128_l2,1000000,128,l2,cluster,0.5000,0.5000,500000,C_acorn_g16,acorn,ACORN,16,16,16,500,10,0.6160,672.5,1267.04,2572.92,4174.79,4174.79,1486.95,3023,2913,13334,14051,27386,20444,6942,0,10,1186950.8,236129800,24.6,40
n1m_d128_l2,1000000,128,l2,cluster,0.5000,0.5000,500000,F_exact,exact,EXACT,16,0,0,0,100,1.0000,19.8,50541.21,51270.71,51872.75,51872.75,50542.93,500000,0,0,0,1000000,0,0,0,100,0.0,0,0.0,0
n1m_d128_l2,1000000,128,l2,cluster,0.5000,0.5000,500000,A_std_standard,std,STANDARD,16,1,32,50,100,0.5770,8729.1,113.75,179.42,239.21,239.21,114.56,1103,1103,1103,0,1103,0,0,65,81,140884.0,140258120,24.5,32
n1m_d128_l2,1000000,128,l2,cluster,0.5000,0.5000,500000,B_std_acorn1,std,ACORN,16,1,32,50,100,0.4430,4306.2,188.62,422.25,802.71,802.71,232.23,1275,1142,569,5829,6399,2569,3829,0,100,140884.0,140258120,24.5,32
n1m_d128_l2,1000000,128,l2,cluster,0.5000,0.5000,500000,D_large24_standard,large,STANDARD,24,1,48,50,100,0.6398,7604.7,135.12,152.75,224.42,224.42,131.50,1279,1279,1279,0,1279,0,0,61,73,132908.2,204166792,30.4,48
n1m_d128_l2,1000000,128,l2,cluster,0.5000,0.5000,500000,E_large24_acorn1,large,ACORN,24,1,48,50,100,0.5440,3721.8,230.17,536.42,555.88,555.88,268.68,1600,1434,691,7902,8594,3723,4870,0,100,132908.2,204166792,30.4,48
n1m_d128_l2,1000000,128,l2,cluster,0.5000,0.5000,500000,D_large48_standard,large,STANDARD,48,1,96,50,100,0.6734,6747.1,149.29,197.92,210.83,210.83,148.21,1465,1465,1465,0,1465,0,0,58,76,142299.3,396080968,35.9,96
n1m_d128_l2,1000000,128,l2,cluster,0.5000,0.5000,500000,E_large48_acorn1,large,ACORN,48,1,96,50,100,0.7258,2265.6,349.38,798.08,906.17,906.17,441.39,2303,2014,1298,17725,19025,7609,11416,0,100,142299.3,396080968,35.9,96
n1m_d128_l2,1000000,128,l2,cluster,0.5000,0.5000,500000,C_acorn_g4,acorn,ACORN,16,4,16,50,100,0.4662,6246.8,159.33,253.54,302.42,302.42,160.08,940,831,1359,1613,2973,2052,920,0,100,222708.5,185032456,24.6,40
n1m_d128_l2,1000000,128,l2,cluster,0.5000,0.5000,500000,C_acorn_g8,acorn,ACORN,16,8,16,50,100,0.3848,6802.0,139.21,226.75,276.21,276.21,147.01,945,836,1342,1962,3305,2003,1302,0,100,316872.6,202064904,24.6,40
n1m_d128_l2,1000000,128,l2,cluster,0.5000,0.5000,500000,C_acorn_g16,acorn,ACORN,16,16,16,50,100,0.3488,6406.1,138.96,257.96,407.00,407.00,156.10,1064,955,1380,1601,2983,2100,882,0,99,1186950.8,236129800,24.6,40
n1m_d128_l2,1000000,128,l2,cluster,0.5000,0.5000,500000,A_std_standard,std,STANDARD,16,1,32,100,100,0.6778,6199.3,162.46,224.83,285.88,285.88,161.31,1525,1525,1525,0,1525,0,0,114,82,140884.0,140258120,24.5,32
n1m_d128_l2,1000000,128,l2,cluster,0.5000,0.5000,500000,B_std_acorn1,std,ACORN,16,1,32,100,100,0.5854,3035.2,271.50,608.21,976.17,976.17,329.46,1738,1605,1298,10922,12222,5199,7023,0,100,140884.0,140258120,24.5,32
n1m_d128_l2,1000000,128,l2,cluster,0.5000,0.5000,500000,D_large24_standard,large,STANDARD,24,1,48,100,100,0.7192,5706.1,178.75,200.54,260.79,260.79,175.25,1699,1699,1699,0,1699,0,0,110,74,132908.2,204166792,30.4,48
n1m_d128_l2,1000000,128,l2,cluster,0.5000,0.5000,500000,E_large24_acorn1,large,ACORN,24,1,48,100,100,0.6754,2489.0,329.29,808.71,1084.92,1084.92,401.77,2065,1899,1836,16704,18542,8010,10531,0,100,132908.2,204166792,30.4,48
n1m_d128_l2,1000000,128,l2,cluster,0.5000,0.5000,500000,D_large48_standard,large,STANDARD,48,1,96,100,100,0.7318,5252.4,194.96,226.08,248.50,248.50,190.39,1848,1848,1848,0,1848,0,0,108,77,142299.3,396080968,35.9,96
n1m_d128_l2,1000000,128,l2,cluster,0.5000,0.5000,500000,E_large48_acorn1,large,ACORN,48,1,96,100,100,0.8286,1788.5,430.33,1104.50,1197.58,1197.58,559.14,2697,2407,3228,32877,36106,14388,21718,0,100,142299.3,396080968,35.9,96
n1m_d128_l2,1000000,128,l2,cluster,0.5000,0.5000,500000,C_acorn_g4,acorn,ACORN,16,4,16,100,100,0.5360,4528.5,209.17,354.79,382.04,382.04,220.82,1256,1147,2438,3152,5591,3807,1784,0,100,222708.5,185032456,24.6,40
n1m_d128_l2,1000000,128,l2,cluster,0.5000,0.5000,500000,C_acorn_g8,acorn,ACORN,16,8,16,100,100,0.5002,4258.9,209.04,387.12,473.17,473.17,234.80,1347,1238,2537,4090,6628,3938,2690,0,100,316872.6,202064904,24.6,40
n1m_d128_l2,1000000,128,l2,cluster,0.5000,0.5000,500000,C_acorn_g16,acorn,ACORN,16,16,16,100,100,0.4548,4234.0,205.12,377.17,532.25,532.25,236.18,1501,1392,2542,3307,5850,3991,1859,0,100,1186950.8,236129800,24.6,40
n1m_d128_l2,1000000,128,l2,cluster,0.5000,0.5000,500000,A_std_standard,std,STANDARD,16,1,32,250,100,0.7166,3343.0,302.29,372.71,462.12,462.12,299.13,1966,1966,1966,0,1966,0,0,264,82,140884.0,140258120,24.5,32
n1m_d128_l2,1000000,128,l2,cluster,0.5000,0.5000,500000,B_std_acorn1,std,ACORN,16,1,32,250,100,0.7208,1520.8,544.88,1396.62,1929.88,1929.88,657.53,2296,2163,4868,27868,32737,14581,18156,0,100,140884.0,140258120,24.5,32
n1m_d128_l2,1000000,128,l2,cluster,0.5000,0.5000,500000,D_large24_standard,large,STANDARD,24,1,48,250,100,0.7428,3111.8,328.79,367.96,439.58,439.58,321.35,2061,2061,2061,0,2061,0,0,260,75,132908.2,204166792,30.4,48
n1m_d128_l2,1000000,128,l2,cluster,0.5000,0.5000,500000,E_large24_acorn1,large,ACORN,24,1,48,250,100,0.8086,1160.8,671.25,1790.88,2264.42,2264.42,861.44,2582,2416,6986,45036,52024,21877,30146,0,100,132908.2,204166792,30.4,48
n1m_d128_l2,1000000,128,l2,cluster,0.5000,0.5000,500000,D_large48_standard,large,STANDARD,48,1,96,250,100,0.7486,3179.0,320.12,344.58,385.75,385.75,314.57,2138,2138,2138,0,2138,0,0,258,78,142299.3,396080968,35.9,96
n1m_d128_l2,1000000,128,l2,cluster,0.5000,0.5000,500000,E_large48_acorn1,large,ACORN,48,1,96,250,100,0.9058,1022.9,697.88,2059.17,3235.79,3235.79,977.60,3207,2918,9418,72571,81991,33107,48884,0,100,142299.3,396080968,35.9,96
n1m_d128_l2,1000000,128,l2,cluster,0.5000,0.5000,500000,C_acorn_g4,acorn,ACORN,16,4,16,250,100,0.5950,2245.3,413.08,689.83,736.12,736.12,445.37,1764,1655,5804,7719,13525,9274,4251,0,100,222708.5,185032456,24.6,40
n1m_d128_l2,1000000,128,l2,cluster,0.5000,0.5000,500000,C_acorn_g8,acorn,ACORN,16,8,16,250,100,0.5746,2054.0,444.88,761.62,845.67,845.67,486.85,1894,1786,5930,9266,15197,9404,5793,0,100,316872.6,202064904,24.6,40
n1m_d128_l2,1000000,128,l2,cluster,0.5000,0.5000,500000,C_acorn_g16,acorn,ACORN,16,16,16,250,100,0.5560,1846.3,464.08,912.25,1311.62,1311.62,541.61,2341,2231,6446,7494,13942,10338,3603,0,100,1186950.8,236129800,24.6,40
n1m_d128_l2,1000000,128,l2,cluster,0.5000,0.5000,500000,A_std_standard,std,STANDARD,16,1,32,500,100,0.7252,1736.1,577.17,695.75,785.96,785.96,576.02,2166,2166,2166,0,2166,0,0,514,84,140884.0,140258120,24.5,32
n1m_d128_l2,1000000,128,l2,cluster,0.5000,0.5000,500000,B_std_acorn1,std,ACORN,16,1,32,500,100,0.7696,810.2,965.00,2670.08,3078.50,3078.50,1234.28,2815,2682,11699,51042,62742,30552,32190,0,100,140884.0,140258120,24.5,32
n1m_d128_l2,1000000,128,l2,cluster,0.5000,0.5000,500000,D_large24_standard,large,STANDARD,24,1,48,500,100,0.7478,1775.6,572.50,615.67,746.54,746.54,563.18,2141,2141,2141,0,2141,0,0,510,75,132908.2,204166792,30.4,48
n1m_d128_l2,1000000,128,l2,cluster,0.5000,0.5000,500000,E_large24_acorn1,large,ACORN,24,1,48,500,100,0.8518,736.9,1006.67,3347.50,3809.21,3809.21,1357.05,3150,2984,15494,80883,96378,43535,52843,0,100,132908.2,204166792,30.4,48
n1m_d128_l2,1000000,128,l2,cluster,0.5000,0.5000,500000,D_large48_standard,large,STANDARD,48,1,96,500,100,0.7524,1715.9,593.04,643.08,698.75,698.75,582.78,2210,2210,2210,0,2210,0,0,508,81,142299.3,396080968,35.9,96
n1m_d128_l2,1000000,128,l2,cluster,0.5000,0.5000,500000,E_large48_acorn1,large,ACORN,48,1,96,500,100,0.9508,484.9,1412.92,4377.29,5354.08,5354.08,2062.46,4005,3715,19392,118093,137486,60205,77281,0,100,142299.3,396080968,35.9,96
n1m_d128_l2,1000000,128,l2,cluster,0.5000,0.5000,500000,C_acorn_g4,acorn,ACORN,16,4,16,500,100,0.6078,824.8,1175.79,1756.42,1925.00,1925.00,1212.41,2143,2035,11651,13452,25105,18061,7044,0,100,222708.5,185032456,24.6,40
n1m_d128_l2,1000000,128,l2,cluster,0.5000,0.5000,500000,C_acorn_g8,acorn,ACORN,16,8,16,500,100,0.5994,755.3,1192.08,2233.75,2712.46,2712.46,1324.02,2439,2331,12015,15532,27548,18733,8815,0,100,316872.6,202064904,24.6,40
n1m_d128_l2,1000000,128,l2,cluster,0.5000,0.5000,500000,C_acorn_g16,acorn,ACORN,16,16,16,500,100,0.6320,652.1,1271.12,2802.17,4173.08,4173.08,1533.55,3023,2913,13334,14051,27386,20444,6942,0,100,1186950.8,236129800,24.6,40
n1m_d128_l2,1000000,128,l2,cluster,0.2500,0.2500,250000,F_exact,exact,EXACT,16,0,0,0,10,1.0000,31.7,31511.67,32108.71,32340.62,32340.62,31580.66,250000,0,0,0,1000000,0,0,0,10,0.0,0,0.0,0
n1m_d128_l2,1000000,128,l2,cluster,0.2500,0.2500,250000,A_std_standard,std,STANDARD,16,1,32,50,10,0.3400,10081.7,98.25,158.50,201.25,201.25,99.19,1103,1103,1103,0,1103,0,0,65,5,140884.0,140258120,24.5,32
n1m_d128_l2,1000000,128,l2,cluster,0.2500,0.2500,250000,B_std_acorn1,std,ACORN,16,1,32,50,10,0.3440,4718.8,176.79,378.08,531.33,531.33,211.92,1191,1051,620,6637,7259,2703,4556,0,10,140884.0,140258120,24.5,32
n1m_d128_l2,1000000,128,l2,cluster,0.2500,0.2500,250000,D_large24_standard,large,STANDARD,24,1,48,50,10,0.3560,9310.5,108.96,127.00,170.62,170.62,107.41,1279,1279,1279,0,1279,0,0,61,4,132908.2,204166792,30.4,48
n1m_d128_l2,1000000,128,l2,cluster,0.2500,0.2500,250000,E_large24_acorn1,large,ACORN,24,1,48,50,10,0.3620,3892.7,198.96,520.79,619.50,619.50,256.89,1488,1322,831,11971,12803,4100,8702,0,10,132908.2,204166792,30.4,48
n1m_d128_l2,1000000,128,l2,cluster,0.2500,0.2500,250000,D_large48_standard,large,STANDARD,48,1,96,50,10,0.3720,8765.3,116.25,126.12,163.92,163.92,114.09,1465,1465,1465,0,1465,0,0,58,5,142299.3,396080968,35.9,96
n1m_d128_l2,1000000,128,l2,cluster,0.2500,0.2500,250000,E_large48_acorn1,large,ACORN,48,1,96,50,10,0.5800,2688.4,309.17,670.83,1093.08,1093.08,371.98,1999,1732,1385,23031,24417,8090,16326,0,10,142299.3,396080968,35.9,96
n1m_d128_l2,1000000,128,l2,cluster,0.2500,0.2500,250000,C_acorn_g4,acorn,ACORN,16,4,16,50,10,0.2720,8180.6,119.38,172.29,181.50,181.50,122.24,895,797,1398,1848,3248,2002,1245,0,10,222708.5,185032456,24.6,40
n1m_d128_l2,1000000,128,l2,cluster,0.2500,0.2500,250000,C_acorn_g8,acorn,ACORN,16,8,16,50,10,0.3100,7648.5,121.33,212.12,346.12,346.12,130.74,953,855,1394,1795,3191,2023,1167,0,10,316872.6,202064904,24.6,40
n1m_d128_l2,1000000,128,l2,cluster,0.2500,0.2500,250000,C_acorn_g16,acorn,ACORN,16,16,16,50,10,0.2560,7338.0,126.71,241.92,308.46,308.46,136.28,1006,912,1426,1877,3305,2060,1244,0,10,1186950.8,236129800,24.6,40
n1m_d128_l2,1000000,128,l2,cluster,0.2500,0.2500,250000,A_std_standard,std,STANDARD,16,1,32,100,10,0.3720,6438.3,156.17,222.12,279.08,279.08,155.32,1525,1525,1525,0,1525,0,0,114,5,140884.0,140258120,24.5,32
n1m_d128_l2,1000000,128,l2,cluster,0.2500,0.2500,250000,B_std_acorn1,std,ACORN,16,1,32,100,10,0.3920,2919.9,294.67,619.96,667.33,667.33,342.48,1620,1480,1426,14188,15615,6053,9561,0,10,140884.0,140258120,24.5,32
n1m_d128_l2,1000000,128,l2,cluster,0.2500,0.2500,250000,D_large24_standard,large,STANDARD,24,1,48,100,10,0.3800,6102.2,165.50,199.79,240.46,240.46,163.88,1699,1699,1699,0,1699,0,0,110,4,132908.2,204166792,30.4,48
n1m_d128_l2,1000000,128,l2,cluster,0.2500,0.2500,250000,E_large24_acorn1,large,ACORN,24,1,48,100,10,0.4480,2444.0,374.92,802.75,844.46,844.46,409.17,1944,1778,1999,22638,24638,8735,15903,0,10,132908.2,204166792,30.4,48
n1m_d128_l2,1000000,128,l2,cluster,0.2500,0.2500,250000,D_large48_standard,large,STANDARD,48,1,96,100,10,0.3900,5532.9,184.04,198.83,238.79,238.79,180.74,1848,1848,1848,0,1848,0,0,108,5,142299.3,396080968,35.9,96
n1m_d128_l2,1000000,128,l2,cluster,0.2500,0.2500,250000,E_large48_acorn1,large,ACORN,48,1,96,100,10,0.6780,1595.6,572.29,1154.25,1381.46,1381.46,626.73,2544,2276,3307,46256,49565,17488,32076,0,10,142299.3,396080968,35.9,96
n1m_d128_l2,1000000,128,l2,cluster,0.2500,0.2500,250000,C_acorn_g4,acorn,ACORN,16,4,16,100,10,0.2980,4949.4,198.29,285.83,371.71,371.71,202.04,1199,1101,2476,3382,5859,3739,2120,0,10,222708.5,185032456,24.6,40
n1m_d128_l2,1000000,128,l2,cluster,0.2500,0.2500,250000,C_acorn_g8,acorn,ACORN,16,8,16,100,10,0.3600,4519.1,202.29,351.58,449.50,449.50,221.28,1355,1257,2551,3541,6094,3985,2109,0,10,316872.6,202064904,24.6,40
n1m_d128_l2,1000000,128,l2,cluster,0.2500,0.2500,250000,C_acorn_g16,acorn,ACORN,16,16,16,100,10,0.3160,4243.9,203.92,403.96,684.25,684.25,235.63,1405,1311,2610,3954,6566,3976,2589,0,10,1186950.8,236129800,24.6,40
n1m_d128_l2,1000000,128,l2,cluster,0.2500,0.2500,250000,A_std_standard,std,STANDARD,16,1,32,250,10,0.3900,3390.5,298.04,373.50,444.92,444.92,294.94,1966,1966,1966,0,1966,0,0,264,6,140884.0,140258120,24.5,32
n1m_d128_l2,1000000,128,l2,cluster,0.2500,0.2500,250000,B_std_acorn1,std,ACORN,16,1,32,250,10,0.4740,1206.9,750.58,1741.75,2072.92,2072.92,828.55,2381,2241,5223,39168,44393,18620,25772,0,10,140884.0,140258120,24.5,32
n1m_d128_l2,1000000,128,l2,cluster,0.2500,0.2500,250000,D_large24_standard,large,STANDARD,24,1,48,250,10,0.3920,3293.1,307.96,337.17,393.29,393.29,303.67,2061,2061,2061,0,2061,0,0,260,4,132908.2,204166792,30.4,48
n1m_d128_l2,1000000,128,l2,cluster,0.2500,0.2500,250000,E_large24_acorn1,large,ACORN,24,1,48,250,10,0.5300,1214.2,678.46,1662.58,2022.54,2022.54,823.58,2501,2335,6765,56161,62927,25023,37904,0,10,132908.2,204166792,30.4,48
n1m_d128_l2,1000000,128,l2,cluster,0.2500,0.2500,250000,D_large48_standard,large,STANDARD,48,1,96,250,10,0.4020,3186.3,318.38,346.79,389.33,389.33,313.84,2138,2138,2138,0,2138,0,0,258,7,142299.3,396080968,35.9,96
n1m_d128_l2,1000000,128,l2,cluster,0.2500,0.2500,250000,E_large48_acorn1,large,ACORN,48,1,96,250,10,0.7380,856.6,877.04,2168.38,3785.46,3785.46,1167.44,3198,2930,9041,98861,107904,41497,66407,0,10,142299.3,396080968,35.9,96
n1m_d128_l2,1000000,128,l2,cluster,0.2500,0.2500,250000,C_acorn_g4,acorn,ACORN,16,4,16,250,10,0.3360,2247.4,408.25,781.62,933.25,933.25,444.95,1680,1582,5931,9539,15472,9396,6075,0,10,222708.5,185032456,24.6,40
n1m_d128_l2,1000000,128,l2,cluster,0.2500,0.2500,250000,C_acorn_g8,acorn,ACORN,16,8,16,250,10,0.4200,1973.5,440.79,862.12,965.21,965.21,506.73,1917,1819,6159,9900,16060,10011,6049,0,10,316872.6,202064904,24.6,40
n1m_d128_l2,1000000,128,l2,cluster,0.2500,0.2500,250000,C_acorn_g16,acorn,ACORN,16,16,16,250,10,0.3780,1887.0,456.88,887.88,937.67,937.67,529.93,2250,2156,6530,10255,16786,10456,6329,0,10,1186950.8,236129800,24.6,40
n1m_d128_l2,1000000,128,l2,cluster,0.2500,0.2500,250000,A_std_standard,std,STANDARD,16,1,32,500,10,0.4060,1876.2,535.92,628.38,707.79,707.79,532.99,2166,2166,2166,0,2166,0,0,514,6,140884.0,140258120,24.5,32
n1m_d128_l2,1000000,128,l2,cluster,0.2500,0.2500,250000,B_std_acorn1,std,ACORN,16,1,32,500,10,0.5140,712.5,1302.54,2467.46,4615.50,4615.50,1403.42,2891,2752,11674,70024,81700,35978,45721,0,10,140884.0,140258120,24.5,32
n1m_d128_l2,1000000,128,l2,cluster,0.2500,0.2500,250000,D_large24_standard,large,STANDARD,24,1,48,500,10,0.3920,1768.4,569.88,637.33,709.04,709.04,565.48,2141,2141,2141,0,2141,0,0,510,5,132908.2,204166792,30.4,48
n1m_d128_l2,1000000,128,l2,cluster,0.2500,0.2500,250000,E_large24_acorn1,large,ACORN,24,1,48,500,10,0.5800,682.6,1129.92,2797.71,5243.42,5243.42,1465.04,3047,2881,14793,97347,112141,47996,64145,0,10,132908.2,204166792,30.4,48
n1m_d128_l2,1000000,128,l2,cluster,0.2500,0.2500,250000,D_large48_standard,large,STANDARD,48,1,96,500,10,0.4060,1741.5,568.04,660.92,884.46,884.46,574.20,2210,2210,2210,0,2210,0,0,508,8,142299.3,396080968,35.9,96
n1m_d128_l2,1000000,128,l2,cluster,0.2500,0.2500,250000,E_large48_acorn1,large,ACORN,48,1,96,500,10,0.8340,472.7,1811.54,4893.29,5552.46,5552.46,2115.61,3786,3518,19119,191053,210173,80228,129945,0,10,142299.3,396080968,35.9,96
n1m_d128_l2,1000000,128,l2,cluster,0.2500,0.2500,250000,C_acorn_g4,acorn,ACORN,16,4,16,500,10,0.3580,1184.0,743.17,1347.83,1800.62,1800.62,844.62,2144,2047,11944,18636,30582,18682,11899,0,10,222708.5,185032456,24.6,40
n1m_d128_l2,1000000,128,l2,cluster,0.2500,0.2500,250000,C_acorn_g8,acorn,ACORN,16,8,16,500,10,0.4220,1100.7,785.21,1429.12,1988.67,1988.67,908.51,2379,2281,12598,20367,32966,20102,12863,0,10,316872.6,202064904,24.6,40
n1m_d128_l2,1000000,128,l2,cluster,0.2500,0.2500,250000,C_acorn_g16,acorn,ACORN,16,16,16,500,10,0.4280,918.2,935.50,1949.25,2850.54,2850.54,1089.09,3025,2931,13415,18944,32361,21134,11226,0,10,1186950.8,236129800,24.6,40
n1m_d128_l2,1000000,128,l2,cluster,0.2500,0.2500,250000,F_exact,exact,EXACT,16,0,0,0,100,1.0000,32.0,31303.12,31699.25,32013.29,32013.29,31264.50,250000,0,0,0,1000000,0,0,0,100,0.0,0,0.0,0
n1m_d128_l2,1000000,128,l2,cluster,0.2500,0.2500,250000,A_std_standard,std,STANDARD,16,1,32,50,100,0.2514,8717.3,109.79,190.17,246.42,246.42,114.71,1103,1103,1103,0,1103,0,0,65,43,140884.0,140258120,24.5,32
n1m_d128_l2,1000000,128,l2,cluster,0.2500,0.2500,250000,B_std_acorn1,std,ACORN,16,1,32,50,100,0.3294,4361.4,192.29,404.33,574.21,574.21,229.29,1191,1051,620,6637,7259,2703,4556,0,99,140884.0,140258120,24.5,32
n1m_d128_l2,1000000,128,l2,cluster,0.2500,0.2500,250000,D_large24_standard,large,STANDARD,24,1,48,50,100,0.2784,8054.0,123.33,159.04,210.62,210.62,124.16,1279,1279,1279,0,1279,0,0,61,34,132908.2,204166792,30.4,48
n1m_d128_l2,1000000,128,l2,cluster,0.2500,0.2500,250000,E_large24_acorn1,large,ACORN,24,1,48,50,100,0.3828,3574.3,225.92,542.58,632.08,632.08,279.78,1488,1322,831,11971,12803,4100,8702,0,100,132908.2,204166792,30.4,48
n1m_d128_l2,1000000,128,l2,cluster,0.2500,0.2500,250000,D_large48_standard,large,STANDARD,48,1,96,50,100,0.2990,7444.4,134.62,156.62,198.96,198.96,134.33,1465,1465,1465,0,1465,0,0,58,37,142299.3,396080968,35.9,96
n1m_d128_l2,1000000,128,l2,cluster,0.2500,0.2500,250000,E_large48_acorn1,large,ACORN,48,1,96,50,100,0.5742,2461.3,347.08,761.62,1169.17,1169.17,406.29,1999,1732,1385,23031,24417,8090,16326,0,100,142299.3,396080968,35.9,96
n1m_d128_l2,1000000,128,l2,cluster,0.2500,0.2500,250000,C_acorn_g4,acorn,ACORN,16,4,16,50,100,0.2612,6987.8,140.83,186.88,214.38,214.38,143.11,895,797,1398,1848,3248,2002,1245,0,99,222708.5,185032456,24.6,40
n1m_d128_l2,1000000,128,l2,cluster,0.2500,0.2500,250000,C_acorn_g8,acorn,ACORN,16,8,16,50,100,0.2932,6518.3,140.00,262.00,424.42,424.42,153.41,953,855,1394,1795,3191,2023,1167,0,99,316872.6,202064904,24.6,40
n1m_d128_l2,1000000,128,l2,cluster,0.2500,0.2500,250000,C_acorn_g16,acorn,ACORN,16,16,16,50,100,0.2430,6242.2,146.83,303.04,355.50,355.50,160.20,1006,912,1426,1877,3305,2060,1244,0,99,1186950.8,236129800,24.6,40
n1m_d128_l2,1000000,128,l2,cluster,0.2500,0.2500,250000,A_std_standard,std,STANDARD,16,1,32,100,100,0.3034,6055.9,161.62,233.00,308.62,308.62,165.13,1525,1525,1525,0,1525,0,0,114,45,140884.0,140258120,24.5,32
n1m_d128_l2,1000000,128,l2,cluster,0.2500,0.2500,250000,B_std_acorn1,std,ACORN,16,1,32,100,100,0.3930,2555.0,323.54,738.67,834.00,834.00,391.39,1620,1480,1426,14188,15615,6053,9561,0,100,140884.0,140258120,24.5,32
n1m_d128_l2,1000000,128,l2,cluster,0.2500,0.2500,250000,D_large24_standard,large,STANDARD,24,1,48,100,100,0.3228,5801.0,170.62,209.08,246.79,246.79,172.39,1699,1699,1699,0,1699,0,0,110,35,132908.2,204166792,30.4,48
n1m_d128_l2,1000000,128,l2,cluster,0.2500,0.2500,250000,E_large24_acorn1,large,ACORN,24,1,48,100,100,0.4900,2215.2,417.83,854.75,955.92,955.92,451.43,1944,1778,1999,22638,24638,8735,15903,0,100,132908.2,204166792,30.4,48
n1m_d128_l2,1000000,128,l2,cluster,0.2500,0.2500,250000,D_large48_standard,large,STANDARD,48,1,96,100,100,0.3310,4889.3,189.75,364.33,432.12,432.12,204.53,1848,1848,1848,0,1848,0,0,108,38,142299.3,396080968,35.9,96
n1m_d128_l2,1000000,128,l2,cluster,0.2500,0.2500,250000,E_large48_acorn1,large,ACORN,48,1,96,100,100,0.6996,1437.0,602.54,1249.17,1627.58,1627.58,695.91,2544,2276,3307,46256,49565,17488,32076,0,100,142299.3,396080968,35.9,96
n1m_d128_l2,1000000,128,l2,cluster,0.2500,0.2500,250000,C_acorn_g4,acorn,ACORN,16,4,16,100,100,0.2996,4399.5,216.71,288.21,449.21,449.21,227.30,1199,1101,2476,3382,5859,3739,2120,0,99,222708.5,185032456,24.6,40
n1m_d128_l2,1000000,128,l2,cluster,0.2500,0.2500,250000,C_acorn_g8,acorn,ACORN,16,8,16,100,100,0.3598,3827.5,228.58,435.17,646.08,646.08,261.26,1355,1257,2551,3541,6094,3985,2109,0,100,316872.6,202064904,24.6,40
n1m_d128_l2,1000000,128,l2,cluster,0.2500,0.2500,250000,C_acorn_g16,acorn,ACORN,16,16,16,100,100,0.3114,3919.5,224.12,456.46,753.25,753.25,255.14,1405,1311,2610,3954,6566,3976,2589,0,100,1186950.8,236129800,24.6,40
n1m_d128_l2,1000000,128,l2,cluster,0.2500,0.2500,250000,A_std_standard,std,STANDARD,16,1,32,250,100,0.3280,3323.3,302.42,370.79,457.92,457.92,300.90,1966,1966,1966,0,1966,0,0,264,46,140884.0,140258120,24.5,32
n1m_d128_l2,1000000,128,l2,cluster,0.2500,0.2500,250000,B_std_acorn1,std,ACORN,16,1,32,250,100,0.4858,1169.7,734.79,1878.75,2306.92,2306.92,854.89,2381,2241,5223,39168,44393,18620,25772,0,100,140884.0,140258120,24.5,32
n1m_d128_l2,1000000,128,l2,cluster,0.2500,0.2500,250000,D_large24_standard,large,STANDARD,24,1,48,250,100,0.3380,3118.4,319.79,389.75,412.33,412.33,320.68,2061,2061,2061,0,2061,0,0,260,36,132908.2,204166792,30.4,48
n1m_d128_l2,1000000,128,l2,cluster,0.2500,0.2500,250000,E_large24_acorn1,large,ACORN,24,1,48,250,100,0.5834,1080.6,752.12,1837.67,2420.33,2420.33,925.38,2501,2335,6765,56161,62927,25023,37904,0,100,132908.2,204166792,30.4,48
n1m_d128_l2,1000000,128,l2,cluster,0.2500,0.2500,250000,D_large48_standard,large,STANDARD,48,1,96,250,100,0.3440,3057.3,328.75,395.42,427.96,427.96,327.09,2138,2138,2138,0,2138,0,0,258,42,142299.3,396080968,35.9,96
n1m_d128_l2,1000000,128,l2,cluster,0.2500,0.2500,250000,E_large48_acorn1,large,ACORN,48,1,96,250,100,0.7822,765.3,1020.50,2492.67,4126.71,4126.71,1306.66,3198,2930,9041,98861,107904,41497,66407,0,100,142299.3,396080968,35.9,96
n1m_d128_l2,1000000,128,l2,cluster,0.2500,0.2500,250000,C_acorn_g4,acorn,ACORN,16,4,16,250,100,0.3474,2131.6,425.00,866.79,942.54,942.54,469.14,1680,1582,5931,9539,15472,9396,6075,0,99,222708.5,185032456,24.6,40
n1m_d128_l2,1000000,128,l2,cluster,0.2500,0.2500,250000,C_acorn_g8,acorn,ACORN,16,8,16,250,100,0.4226,1881.1,467.71,955.00,981.42,981.42,531.59,1917,1819,6159,9900,16060,10011,6049,0,100,316872.6,202064904,24.6,40
n1m_d128_l2,1000000,128,l2,cluster,0.2500,0.2500,250000,C_acorn_g16,acorn,ACORN,16,16,16,250,100,0.3994,1776.6,503.46,938.67,968.46,968.46,562.87,2250,2156,6530,10255,16786,10456,6329,0,100,1186950.8,236129800,24.6,40
n1m_d128_l2,1000000,128,l2,cluster,0.2500,0.2500,250000,A_std_standard,std,STANDARD,16,1,32,500,100,0.3506,1751.6,562.62,713.50,760.96,760.96,570.91,2166,2166,2166,0,2166,0,0,514,48,140884.0,140258120,24.5,32
n1m_d128_l2,1000000,128,l2,cluster,0.2500,0.2500,250000,B_std_acorn1,std,ACORN,16,1,32,500,100,0.5352,697.3,1371.42,2624.71,4743.08,4743.08,1434.11,2891,2752,11674,70024,81700,35978,45721,0,100,140884.0,140258120,24.5,32
n1m_d128_l2,1000000,128,l2,cluster,0.2500,0.2500,250000,D_large24_standard,large,STANDARD,24,1,48,500,100,0.3430,1710.9,586.67,656.88,716.12,716.12,584.47,2141,2141,2141,0,2141,0,0,510,37,132908.2,204166792,30.4,48
n1m_d128_l2,1000000,128,l2,cluster,0.2500,0.2500,250000,E_large24_acorn1,large,ACORN,24,1,48,500,100,0.6350,649.6,1142.92,2950.08,5182.96,5182.96,1539.38,3047,2881,14793,97347,112141,47996,64145,0,100,132908.2,204166792,30.4,48
n1m_d128_l2,1000000,128,l2,cluster,0.2500,0.2500,250000,D_large48_standard,large,STANDARD,48,1,96,500,100,0.3482,1692.1,597.42,676.38,731.62,731.62,591.00,2210,2210,2210,0,2210,0,0,508,45,142299.3,396080968,35.9,96
n1m_d128_l2,1000000,128,l2,cluster,0.2500,0.2500,250000,E_large48_acorn1,large,ACORN,48,1,96,500,100,0.8774,461.7,1818.25,5084.17,5817.88,5817.88,2165.75,3786,3518,19119,191053,210173,80228,129945,0,100,142299.3,396080968,35.9,96
n1m_d128_l2,1000000,128,l2,cluster,0.2500,0.2500,250000,C_acorn_g4,acorn,ACORN,16,4,16,500,100,0.3758,1162.6,763.42,1418.67,1763.96,1763.96,860.12,2144,2047,11944,18636,30582,18682,11899,0,99,222708.5,185032456,24.6,40
n1m_d128_l2,1000000,128,l2,cluster,0.2500,0.2500,250000,C_acorn_g8,acorn,ACORN,16,8,16,500,100,0.4462,1025.2,872.25,1545.38,2155.12,2155.12,975.41,2379,2281,12598,20367,32966,20102,12863,0,100,316872.6,202064904,24.6,40
n1m_d128_l2,1000000,128,l2,cluster,0.2500,0.2500,250000,C_acorn_g16,acorn,ACORN,16,16,16,500,100,0.4542,871.7,959.71,2491.79,2833.67,2833.67,1147.24,3025,2931,13415,18944,32361,21134,11226,0,100,1186950.8,236129800,24.6,40
n1m_d128_l2,1000000,128,l2,cluster,0.1000,0.1000,100000,F_exact,exact,EXACT,16,0,0,0,10,1.0000,69.6,14386.62,14782.96,15850.54,15850.54,14365.82,100000,0,0,0,1000000,0,0,0,10,0.0,0,0.0,0
n1m_d128_l2,1000000,128,l2,cluster,0.1000,0.1000,100000,A_std_standard,std,STANDARD,16,1,32,50,10,0.2180,10501.4,94.25,151.83,201.38,201.38,95.23,1103,1103,1103,0,1103,0,0,65,3,140884.0,140258120,24.5,32
n1m_d128_l2,1000000,128,l2,cluster,0.1000,0.1000,100000,B_std_acorn1,std,ACORN,16,1,32,50,10,0.3640,4726.0,187.46,363.54,487.58,487.58,211.59,1086,936,714,9052,9768,2654,7113,0,10,140884.0,140258120,24.5,32
n1m_d128_l2,1000000,128,l2,cluster,0.1000,0.1000,100000,D_large24_standard,large,STANDARD,24,1,48,50,10,0.2320,9593.9,105.75,123.54,169.42,169.42,104.23,1279,1279,1279,0,1279,0,0,61,2,132908.2,204166792,30.4,48
n1m_d128_l2,1000000,128,l2,cluster,0.1000,0.1000,100000,E_large24_acorn1,large,ACORN,24,1,48,50,10,0.3620,4069.1,213.08,451.29,486.46,486.46,245.75,1267,1104,832,12061,12895,4092,8803,0,10,132908.2,204166792,30.4,48
n1m_d128_l2,1000000,128,l2,cluster,0.1000,0.1000,100000,D_large48_standard,large,STANDARD,48,1,96,50,10,0.2380,8507.0,119.62,132.38,169.04,169.04,117.55,1465,1465,1465,0,1465,0,0,58,3,142299.3,396080968,35.9,96
n1m_d128_l2,1000000,128,l2,cluster,0.1000,0.1000,100000,E_large48_acorn1,large,ACORN,48,1,96,50,10,0.5420,2530.4,363.92,760.33,984.29,984.29,395.20,1639,1398,1455,32199,33656,7622,26033,0,10,142299.3,396080968,35.9,96
n1m_d128_l2,1000000,128,l2,cluster,0.1000,0.1000,100000,C_acorn_g4,acorn,ACORN,16,4,16,50,10,0.1520,9383.6,103.21,158.17,200.67,200.67,106.57,844,767,1356,1671,3028,1848,1180,0,10,222708.5,185032456,24.6,40
n1m_d128_l2,1000000,128,l2,cluster,0.1000,0.1000,100000,C_acorn_g8,acorn,ACORN,16,8,16,50,10,0.2180,8747.4,113.12,166.42,242.96,242.96,114.32,843,751,1518,1831,3350,1835,1515,0,10,316872.6,202064904,24.6,40
n1m_d128_l2,1000000,128,l2,cluster,0.1000,0.1000,100000,C_acorn_g16,acorn,ACORN,16,16,16,50,10,0.2860,8464.8,122.17,170.50,192.54,192.54,118.14,815,720,1682,1957,3641,1833,1807,0,10,1186950.8,236129800,24.6,40
n1m_d128_l2,1000000,128,l2,cluster,0.1000,0.1000,100000,A_std_standard,std,STANDARD,16,1,32,100,10,0.2540,6607.4,153.00,217.08,268.50,268.50,151.34,1525,1525,1525,0,1525,0,0,114,4,140884.0,140258120,24.5,32
n1m_d128_l2,1000000,128,l2,cluster,0.1000,0.1000,100000,B_std_acorn1,std,ACORN,16,1,32,100,10,0.4340,2739.8,336.12,621.17,762.58,762.58,365.00,1394,1244,1503,17912,19416,5696,13719,0,10,140884.0,140258120,24.5,32
n1m_d128_l2,1000000,128,l2,cluster,0.1000,0.1000,100000,D_large24_standard,large,STANDARD,24,1,48,100,10,0.2660,6034.3,167.71,213.25,236.54,236.54,165.72,1699,1699,1699,0,1699,0,0,110,3,132908.2,204166792,30.4,48
n1m_d128_l2,1000000,128,l2,cluster,0.1000,0.1000,100000,E_large24_acorn1,large,ACORN,24,1,48,100,10,0.4260,2338.4,324.08,774.29,952.96,952.96,427.64,1593,1430,2051,27466,29519,9496,20023,0,10,132908.2,204166792,30.4,48
n1m_d128_l2,1000000,128,l2,cluster,0.1000,0.1000,100000,D_large48_standard,large,STANDARD,48,1,96,100,10,0.2720,5596.9,183.17,209.67,237.79,237.79,178.67,1848,1848,1848,0,1848,0,0,108,3,142299.3,396080968,35.9,96
n1m_d128_l2,1000000,128,l2,cluster,0.1000,0.1000,100000,E_large48_acorn1,large,ACORN,48,1,96,100,10,0.6340,1486.2,659.88,1432.88,1564.92,1564.92,672.86,1938,1697,3258,63663,66922,16591,50331,0,10,142299.3,396080968,35.9,96
n1m_d128_l2,1000000,128,l2,cluster,0.1000,0.1000,100000,C_acorn_g4,acorn,ACORN,16,4,16,100,10,0.1640,5266.7,188.83,295.46,421.71,421.71,189.87,1174,1096,2452,3352,5806,3690,2115,0,10,222708.5,185032456,24.6,40
n1m_d128_l2,1000000,128,l2,cluster,0.1000,0.1000,100000,C_acorn_g8,acorn,ACORN,16,8,16,100,10,0.2740,5018.7,189.00,339.54,411.50,411.50,199.25,1159,1067,2614,3902,6518,3617,2900,0,10,316872.6,202064904,24.6,40
n1m_d128_l2,1000000,128,l2,cluster,0.1000,0.1000,100000,C_acorn_g16,acorn,ACORN,16,16,16,100,10,0.3420,4663.4,208.58,300.42,407.46,407.46,214.43,1153,1059,2852,4297,7151,3721,3430,0,10,1186950.8,236129800,24.6,40
n1m_d128_l2,1000000,128,l2,cluster,0.1000,0.1000,100000,A_std_standard,std,STANDARD,16,1,32,250,10,0.2680,3347.5,303.58,380.75,441.21,441.21,298.73,1966,1966,1966,0,1966,0,0,264,4,140884.0,140258120,24.5,32
n1m_d128_l2,1000000,128,l2,cluster,0.1000,0.1000,100000,B_std_acorn1,std,ACORN,16,1,32,250,10,0.4660,1238.1,813.42,1336.58,1441.58,1441.58,807.68,1869,1720,4952,43685,48639,18041,30597,0,10,140884.0,140258120,24.5,32
n1m_d128_l2,1000000,128,l2,cluster,0.1000,0.1000,100000,D_large24_standard,large,STANDARD,24,1,48,250,10,0.2820,3229.8,306.79,364.17,486.50,486.50,309.62,2061,2061,2061,0,2061,0,0,260,3,132908.2,204166792,30.4,48
n1m_d128_l2,1000000,128,l2,cluster,0.1000,0.1000,100000,E_large24_acorn1,large,ACORN,24,1,48,250,10,0.4800,1019.5,882.83,1659.67,2016.75,2016.75,980.85,2047,1884,6591,73969,80561,29073,51488,0,10,132908.2,204166792,30.4,48
n1m_d128_l2,1000000,128,l2,cluster,0.1000,0.1000,100000,D_large48_standard,large,STANDARD,48,1,96,250,10,0.2820,3051.4,323.46,397.12,526.17,526.17,327.71,2138,2138,2138,0,2138,0,0,258,5,142299.3,396080968,35.9,96
n1m_d128_l2,1000000,128,l2,cluster,0.1000,0.1000,100000,E_large48_acorn1,large,ACORN,48,1,96,250,10,0.7020,674.6,1549.38,2608.38,3592.92,3592.92,1482.44,2723,2481,8819,138790,147610,44738,102872,0,10,142299.3,396080968,35.9,96
n1m_d128_l2,1000000,128,l2,cluster,0.1000,0.1000,100000,C_acorn_g4,acorn,ACORN,16,4,16,250,10,0.2500,2056.0,424.42,1084.71,1274.92,1274.92,486.38,1771,1693,6307,10657,16965,10102,6863,0,10,222708.5,185032456,24.6,40
n1m_d128_l2,1000000,128,l2,cluster,0.1000,0.1000,100000,C_acorn_g8,acorn,ACORN,16,8,16,250,10,0.3080,2056.2,445.00,849.29,923.38,923.38,486.32,1734,1642,6187,9850,16038,9560,6478,0,10,316872.6,202064904,24.6,40
n1m_d128_l2,1000000,128,l2,cluster,0.1000,0.1000,100000,C_acorn_g16,acorn,ACORN,16,16,16,250,10,0.4240,1881.5,452.29,1013.54,1368.42,1368.42,531.48,1849,1755,6739,13019,19759,10254,9505,0,10,1186950.8,236129800,24.6,40
n1m_d128_l2,1000000,128,l2,cluster,0.1000,0.1000,100000,A_std_standard,std,STANDARD,16,1,32,500,10,0.2760,1761.1,564.17,669.12,727.12,727.12,567.82,2166,2166,2166,0,2166,0,0,514,4,140884.0,140258120,24.5,32
n1m_d128_l2,1000000,128,l2,cluster,0.1000,0.1000,100000,B_std_acorn1,std,ACORN,16,1,32,500,10,0.5260,659.4,1339.04,2972.50,3870.29,3870.29,1516.50,2450,2301,11633,91148,102782,40158,62624,0,10,140884.0,140258120,24.5,32
n1m_d128_l2,1000000,128,l2,cluster,0.1000,0.1000,100000,D_large24_standard,large,STANDARD,24,1,48,500,10,0.2820,1743.1,560.21,646.83,704.71,704.71,573.69,2141,2141,2141,0,2141,0,0,510,3,132908.2,204166792,30.4,48
n1m_d128_l2,1000000,128,l2,cluster,0.1000,0.1000,100000,E_large24_acorn1,large,ACORN,24,1,48,500,10,0.5640,544.1,1609.71,3420.17,4596.46,4596.46,1838.07,2643,2479,14704,144030,158736,61493,97242,0,10,132908.2,204166792,30.4,48
n1m_d128_l2,1000000,128,l2,cluster,0.1000,0.1000,100000,D_large48_standard,large,STANDARD,48,1,96,500,10,0.2860,1692.0,577.75,667.92,699.12,699.12,591.03,2210,2210,2210,0,2210,0,0,508,7,142299.3,396080968,35.9,96
n1m_d128_l2,1000000,128,l2,cluster,0.1000,0.1000,100000,E_large48_acorn1,large,ACORN,48,1,96,500,10,0.7740,391.0,2293.92,5648.46,6444.04,6444.04,2557.86,3623,3381,18280,247474,265755,91775,173980,0,10,142299.3,396080968,35.9,96
n1m_d128_l2,1000000,128,l2,cluster,0.1000,0.1000,100000,C_acorn_g4,acorn,ACORN,16,4,16,500,10,0.2540,1135.6,764.58,1653.04,1894.25,1894.25,880.62,2086,2009,12277,20947,33226,19890,13335,0,10,222708.5,185032456,24.6,40
n1m_d128_l2,1000000,128,l2,cluster,0.1000,0.1000,100000,C_acorn_g8,acorn,ACORN,16,8,16,500,10,0.3400,1192.4,702.00,1481.08,1748.17,1748.17,838.63,2172,2080,12657,20006,32665,20050,12615,0,10,316872.6,202064904,24.6,40
n1m_d128_l2,1000000,128,l2,cluster,0.1000,0.1000,100000,C_acorn_g16,acorn,ACORN,16,16,16,500,10,0.4520,910.5,1043.88,2028.29,2438.04,2438.04,1098.30,2508,2414,13595,27716,41313,21696,19616,0,10,1186950.8,236129800,24.6,40
n1m_d128_l2,1000000,128,l2,cluster,0.1000,0.1000,100000,F_exact,exact,EXACT,16,0,0,0,100,1.0000,68.9,14383.46,15108.96,17975.42,17975.42,14524.25,100000,0,0,0,1000000,0,0,0,100,0.0,0,0.0,0
n1m_d128_l2,1000000,128,l2,cluster,0.1000,0.1000,100000,A_std_standard,std,STANDARD,16,1,32,50,100,0.1430,9285.2,105.42,182.62,228.62,228.62,107.70,1103,1103,1103,0,1103,0,0,65,24,140884.0,140258120,24.5,32
n1m_d128_l2,1000000,128,l2,cluster,0.1000,0.1000,100000,B_std_acorn1,std,ACORN,16,1,32,50,100,0.3600,4453.8,197.12,369.50,530.46,530.46,224.53,1086,936,715,9060,9776,2656,7120,0,99,140884.0,140258120,24.5,32
n1m_d128_l2,1000000,128,l2,cluster,0.1000,0.1000,100000,D_large24_standard,large,STANDARD,24,1,48,50,100,0.1568,8432.4,117.83,143.62,209.92,209.92,118.59,1279,1279,1279,0,1279,0,0,61,20,132908.2,204166792,30.4,48
n1m_d128_l2,1000000,128,l2,cluster,0.1000,0.1000,100000,E_large24_acorn1,large,ACORN,24,1,48,50,100,0.3876,3467.8,263.42,537.83,553.58,553.58,288.37,1267,1104,832,12061,12895,4092,8803,0,100,132908.2,204166792,30.4,48
n1m_d128_l2,1000000,128,l2,cluster,0.1000,0.1000,100000,D_large48_standard,large,STANDARD,48,1,96,50,100,0.1724,7677.2,131.38,164.88,189.12,189.12,130.26,1465,1465,1465,0,1465,0,0,58,21,142299.3,396080968,35.9,96
n1m_d128_l2,1000000,128,l2,cluster,0.1000,0.1000,100000,E_large48_acorn1,large,ACORN,48,1,96,50,100,0.5320,2302.0,410.88,832.71,1077.29,1077.29,434.40,1639,1398,1455,32199,33656,7622,26033,0,100,142299.3,396080968,35.9,96
n1m_d128_l2,1000000,128,l2,cluster,0.1000,0.1000,100000,C_acorn_g4,acorn,ACORN,16,4,16,50,100,0.1490,7504.6,130.96,183.29,245.54,245.54,133.25,844,767,1356,1671,3028,1848,1180,0,100,222708.5,185032456,24.6,40
n1m_d128_l2,1000000,128,l2,cluster,0.1000,0.1000,100000,C_acorn_g8,acorn,ACORN,16,8,16,50,100,0.2142,7095.8,138.00,188.38,268.33,268.33,140.93,843,751,1518,1831,3350,1835,1515,0,99,316872.6,202064904,24.6,40
n1m_d128_l2,1000000,128,l2,cluster,0.1000,0.1000,100000,C_acorn_g16,acorn,ACORN,16,16,16,50,100,0.2414,7330.8,138.38,204.83,211.50,211.50,136.41,815,720,1682,1957,3641,1833,1807,0,99,1186950.8,236129800,24.6,40
n1m_d128_l2,1000000,128,l2,cluster,0.1000,0.1000,100000,A_std_standard,std,STANDARD,16,1,32,100,100,0.1790,6079.5,155.58,272.46,341.92,341.92,164.49,1525,1525,1525,0,1525,0,0,114,26,140884.0,140258120,24.5,32
n1m_d128_l2,1000000,128,l2,cluster,0.1000,0.1000,100000,B_std_acorn1,std,ACORN,16,1,32,100,100,0.4398,2499.6,354.38,752.42,782.33,782.33,400.07,1394,1244,1503,17912,19416,5696,13719,0,100,140884.0,140258120,24.5,32
n1m_d128_l2,1000000,128,l2,cluster,0.1000,0.1000,100000,D_large24_standard,large,STANDARD,24,1,48,100,100,0.1912,5786.4,170.50,231.62,261.75,261.75,172.82,1699,1699,1699,0,1699,0,0,110,22,132908.2,204166792,30.4,48
n1m_d128_l2,1000000,128,l2,cluster,0.1000,0.1000,100000,E_large24_acorn1,large,ACORN,24,1,48,100,100,0.4600,2100.1,403.67,865.21,1089.08,1089.08,476.17,1593,1430,2051,27466,29519,9496,20023,0,100,132908.2,204166792,30.4,48
n1m_d128_l2,1000000,128,l2,cluster,0.1000,0.1000,100000,D_large48_standard,large,STANDARD,48,1,96,100,100,0.1996,5343.6,188.42,235.54,244.58,244.58,187.14,1848,1848,1848,0,1848,0,0,108,23,142299.3,396080968,35.9,96
n1m_d128_l2,1000000,128,l2,cluster,0.1000,0.1000,100000,E_large48_acorn1,large,ACORN,48,1,96,100,100,0.6380,1328.3,726.04,1499.17,1602.00,1602.00,752.86,1938,1697,3258,63663,66922,16591,50331,0,100,142299.3,396080968,35.9,96
n1m_d128_l2,1000000,128,l2,cluster,0.1000,0.1000,100000,C_acorn_g4,acorn,ACORN,16,4,16,100,100,0.1744,4859.0,202.67,325.25,439.62,439.62,205.80,1174,1096,2452,3352,5806,3690,2115,0,100,222708.5,185032456,24.6,40
n1m_d128_l2,1000000,128,l2,cluster,0.1000,0.1000,100000,C_acorn_g8,acorn,ACORN,16,8,16,100,100,0.2568,4688.8,203.21,375.04,412.75,412.75,213.27,1159,1067,2614,3902,6518,3617,2900,0,99,316872.6,202064904,24.6,40
n1m_d128_l2,1000000,128,l2,cluster,0.1000,0.1000,100000,C_acorn_g16,acorn,ACORN,16,16,16,100,100,0.3222,4448.5,220.79,307.42,403.29,403.29,224.79,1153,1059,2852,4297,7151,3721,3430,0,100,1186950.8,236129800,24.6,40
n1m_d128_l2,1000000,128,l2,cluster,0.1000,0.1000,100000,A_std_standard,std,STANDARD,16,1,32,250,100,0.2030,3205.8,308.54,426.33,452.42,452.42,311.93,1966,1966,1966,0,1966,0,0,264,29,140884.0,140258120,24.5,32
n1m_d128_l2,1000000,128,l2,cluster,0.1000,0.1000,100000,B_std_acorn1,std,ACORN,16,1,32,250,100,0.4956,1277.0,783.62,1244.54,1446.29,1446.29,783.11,1869,1720,4952,43685,48639,18041,30597,0,100,140884.0,140258120,24.5,32
n1m_d128_l2,1000000,128,l2,cluster,0.1000,0.1000,100000,D_large24_standard,large,STANDARD,24,1,48,250,100,0.2078,3198.4,311.71,379.33,480.92,480.92,312.66,2061,2061,2061,0,2061,0,0,260,23,132908.2,204166792,30.4,48
n1m_d128_l2,1000000,128,l2,cluster,0.1000,0.1000,100000,E_large24_acorn1,large,ACORN,24,1,48,250,100,0.5254,976.7,866.33,1774.71,2026.00,2026.00,1023.88,2047,1884,6591,73969,80561,29073,51488,0,100,132908.2,204166792,30.4,48
n1m_d128_l2,1000000,128,l2,cluster,0.1000,0.1000,100000,D_large48_standard,large,STANDARD,48,1,96,250,100,0.2156,3082.2,327.29,366.79,386.33,386.33,324.45,2138,2138,2138,0,2138,0,0,258,25,142299.3,396080968,35.9,96
n1m_d128_l2,1000000,128,l2,cluster,0.1000,0.1000,100000,E_large48_acorn1,large,ACORN,48,1,96,250,100,0.7312,685.8,1489.42,2599.12,3511.79,3511.79,1458.10,2723,2481,8819,138790,147610,44738,102872,0,100,142299.3,396080968,35.9,96
n1m_d128_l2,1000000,128,l2,cluster,0.1000,0.1000,100000,C_acorn_g4,acorn,ACORN,16,4,16,250,100,0.2674,2010.2,434.71,935.33,1135.75,1135.75,497.47,1771,1693,6307,10657,16965,10102,6863,0,100,222708.5,185032456,24.6,40
n1m_d128_l2,1000000,128,l2,cluster,0.1000,0.1000,100000,C_acorn_g8,acorn,ACORN,16,8,16,250,100,0.3152,2069.1,420.33,801.62,993.83,993.83,483.30,1734,1642,6187,9850,16038,9560,6478,0,99,316872.6,202064904,24.6,40
n1m_d128_l2,1000000,128,l2,cluster,0.1000,0.1000,100000,C_acorn_g16,acorn,ACORN,16,16,16,250,100,0.4026,1786.9,487.71,1071.96,1249.08,1249.08,559.64,1849,1755,6739,13019,19759,10254,9505,0,100,1186950.8,236129800,24.6,40
n1m_d128_l2,1000000,128,l2,cluster,0.1000,0.1000,100000,A_std_standard,std,STANDARD,16,1,32,500,100,0.2104,1722.2,576.67,717.29,748.17,748.17,580.64,2166,2166,2166,0,2166,0,0,514,30,140884.0,140258120,24.5,32
n1m_d128_l2,1000000,128,l2,cluster,0.1000,0.1000,100000,B_std_acorn1,std,ACORN,16,1,32,500,100,0.5790,664.7,1450.25,2926.12,3744.00,3744.00,1504.46,2450,2301,11633,91148,102782,40158,62624,0,100,140884.0,140258120,24.5,32
n1m_d128_l2,1000000,128,l2,cluster,0.1000,0.1000,100000,D_large24_standard,large,STANDARD,24,1,48,500,100,0.2104,1764.6,575.88,640.83,690.08,690.08,566.69,2141,2141,2141,0,2141,0,0,510,23,132908.2,204166792,30.4,48
n1m_d128_l2,1000000,128,l2,cluster,0.1000,0.1000,100000,E_large24_acorn1,large,ACORN,24,1,48,500,100,0.6056,552.2,1590.71,3175.62,4532.75,4532.75,1810.91,2643,2479,14704,144030,158736,61493,97242,0,100,132908.2,204166792,30.4,48
n1m_d128_l2,1000000,128,l2,cluster,0.1000,0.1000,100000,D_large48_standard,large,STANDARD,48,1,96,500,100,0.2200,1732.1,576.12,677.17,680.50,680.50,577.32,2210,2210,2210,0,2210,0,0,508,28,142299.3,396080968,35.9,96
n1m_d128_l2,1000000,128,l2,cluster,0.1000,0.1000,100000,E_large48_acorn1,large,ACORN,48,1,96,500,100,0.8138,386.2,2247.83,5627.17,7357.25,7357.25,2589.19,3623,3381,18280,247474,265755,91775,173980,0,100,142299.3,396080968,35.9,96
n1m_d128_l2,1000000,128,l2,cluster,0.1000,0.1000,100000,C_acorn_g4,acorn,ACORN,16,4,16,500,100,0.2738,1142.9,772.75,1586.00,2003.96,2003.96,875.00,2086,2009,12277,20947,33226,19890,13335,0,100,222708.5,185032456,24.6,40
n1m_d128_l2,1000000,128,l2,cluster,0.1000,0.1000,100000,C_acorn_g8,acorn,ACORN,16,8,16,500,100,0.3510,1158.2,748.88,1490.25,1739.54,1739.54,863.39,2172,2080,12657,20006,32665,20050,12615,0,99,316872.6,202064904,24.6,40
n1m_d128_l2,1000000,128,l2,cluster,0.1000,0.1000,100000,C_acorn_g16,acorn,ACORN,16,16,16,500,100,0.4468,968.7,966.08,2012.46,2194.46,2194.46,1032.35,2508,2414,13595,27716,41313,21696,19616,0,100,1186950.8,236129800,24.6,40
n1m_d128_l2,1000000,128,l2,cluster,0.0500,0.0500,50000,F_exact,exact,EXACT,16,0,0,0,10,1.0000,121.1,8342.46,8792.33,8915.00,8915.00,8259.61,50000,0,0,0,1000000,0,0,0,10,0.0,0,0.0,0
n1m_d128_l2,1000000,128,l2,cluster,0.0500,0.0500,50000,A_std_standard,std,STANDARD,16,1,32,50,10,0.0920,10637.0,92.25,154.92,194.00,194.00,94.01,1103,1103,1103,0,1103,0,0,65,1,140884.0,140258120,24.5,32
n1m_d128_l2,1000000,128,l2,cluster,0.0500,0.0500,50000,B_std_acorn1,std,ACORN,16,1,32,50,10,0.4280,5777.5,156.04,347.21,364.50,364.50,173.08,972,829,674,8913,9588,2471,7117,0,10,140884.0,140258120,24.5,32
n1m_d128_l2,1000000,128,l2,cluster,0.0500,0.0500,50000,D_large24_standard,large,STANDARD,24,1,48,50,10,0.0800,9643.4,105.25,117.29,168.71,168.71,103.70,1279,1279,1279,0,1279,0,0,61,1,132908.2,204166792,30.4,48
n1m_d128_l2,1000000,128,l2,cluster,0.0500,0.0500,50000,E_large24_acorn1,large,ACORN,24,1,48,50,10,0.3560,4537.2,178.79,433.67,683.88,683.88,220.40,1198,1037,868,13530,14400,3828,10571,0,10,132908.2,204166792,30.4,48
n1m_d128_l2,1000000,128,l2,cluster,0.0500,0.0500,50000,D_large48_standard,large,STANDARD,48,1,96,50,10,0.0820,8652.0,117.08,136.42,167.83,167.83,115.58,1465,1465,1465,0,1465,0,0,58,1,142299.3,396080968,35.9,96
n1m_d128_l2,1000000,128,l2,cluster,0.0500,0.0500,50000,E_large48_acorn1,large,ACORN,48,1,96,50,10,0.5220,2654.9,311.29,698.58,1442.17,1442.17,376.66,1395,1142,1440,31635,33077,7516,25560,0,10,142299.3,396080968,35.9,96
n1m_d128_l2,1000000,128,l2,cluster,0.0500,0.0500,50000,C_acorn_g4,acorn,ACORN,16,4,16,50,10,0.1720,9002.9,112.83,182.62,219.96,219.96,111.08,726,662,1412,2840,4253,1804,2449,0,10,222708.5,185032456,24.6,40
n1m_d128_l2,1000000,128,l2,cluster,0.0500,0.0500,50000,C_acorn_g8,acorn,ACORN,16,8,16,50,10,0.1960,9130.8,106.67,161.42,227.08,227.08,109.52,766,696,1588,2295,3885,1774,2110,0,10,316872.6,202064904,24.6,40
n1m_d128_l2,1000000,128,l2,cluster,0.0500,0.0500,50000,C_acorn_g16,acorn,ACORN,16,16,16,50,10,0.1660,8858.2,100.33,220.25,349.50,349.50,112.89,858,775,1818,2305,4124,1919,2205,0,10,1186950.8,236129800,24.6,40
n1m_d128_l2,1000000,128,l2,cluster,0.0500,0.0500,50000,A_std_standard,std,STANDARD,16,1,32,100,10,0.1160,6577.3,153.08,218.79,275.25,275.25,152.04,1525,1525,1525,0,1525,0,0,114,1,140884.0,140258120,24.5,32
n1m_d128_l2,1000000,128,l2,cluster,0.0500,0.0500,50000,B_std_acorn1,std,ACORN,16,1,32,100,10,0.4780,3405.3,257.42,555.00,583.38,583.38,293.66,1266,1123,1495,17911,19408,5495,13913,0,10,140884.0,140258120,24.5,32
n1m_d128_l2,1000000,128,l2,cluster,0.0500,0.0500,50000,D_large24_standard,large,STANDARD,24,1,48,100,10,0.0980,6033.0,167.75,191.58,240.46,240.46,165.75,1699,1699,1699,0,1699,0,0,110,1,132908.2,204166792,30.4,48
n1m_d128_l2,1000000,128,l2,cluster,0.0500,0.0500,50000,E_large24_acorn1,large,ACORN,24,1,48,100,10,0.3920,2507.0,323.25,748.12,1014.12,1014.12,398.88,1495,1334,2055,27252,29308,8822,20486,0,10,132908.2,204166792,30.4,48
n1m_d128_l2,1000000,128,l2,cluster,0.0500,0.0500,50000,D_large48_standard,large,STANDARD,48,1,96,100,10,0.1000,4783.4,212.67,250.62,275.29,275.29,209.06,1848,1848,1848,0,1848,0,0,108,1,142299.3,396080968,35.9,96
n1m_d128_l2,1000000,128,l2,cluster,0.0500,0.0500,50000,E_large48_acorn1,large,ACORN,48,1,96,100,10,0.6000,1460.7,636.92,1282.62,1715.92,1715.92,684.60,1644,1391,3339,66089,69430,16500,52929,0,10,142299.3,396080968,35.9,96
n1m_d128_l2,1000000,128,l2,cluster,0.0500,0.0500,50000,C_acorn_g4,acorn,ACORN,16,4,16,100,10,0.1800,5908.9,151.79,270.54,333.25,333.25,169.24,1024,960,2544,5698,8244,3591,4652,0,10,222708.5,185032456,24.6,40
n1m_d128_l2,1000000,128,l2,cluster,0.0500,0.0500,50000,C_acorn_g8,acorn,ACORN,16,8,16,100,10,0.2180,5470.4,168.12,295.75,490.67,490.67,182.80,1062,992,2725,4728,7455,3605,3850,0,10,316872.6,202064904,24.6,40
n1m_d128_l2,1000000,128,l2,cluster,0.0500,0.0500,50000,C_acorn_g16,acorn,ACORN,16,16,16,100,10,0.1960,4820.8,184.71,447.21,539.25,539.25,207.43,1211,1129,3072,5217,8290,3943,4347,0,10,1186950.8,236129800,24.6,40
n1m_d128_l2,1000000,128,l2,cluster,0.0500,0.0500,50000,A_std_standard,std,STANDARD,16,1,32,250,10,0.1240,3396.0,298.71,384.46,452.17,452.17,294.47,1966,1966,1966,0,1966,0,0,264,1,140884.0,140258120,24.5,32
n1m_d128_l2,1000000,128,l2,cluster,0.0500,0.0500,50000,B_std_acorn1,std,ACORN,16,1,32,250,10,0.5020,1640.4,559.96,1094.17,1323.12,1323.12,609.61,1666,1524,4853,42700,47555,17191,30364,0,10,140884.0,140258120,24.5,32
n1m_d128_l2,1000000,128,l2,cluster,0.0500,0.0500,50000,D_large24_standard,large,STANDARD,24,1,48,250,10,0.1060,3319.0,299.38,369.46,448.62,448.62,301.30,2061,2061,2061,0,2061,0,0,260,1,132908.2,204166792,30.4,48
n1m_d128_l2,1000000,128,l2,cluster,0.0500,0.0500,50000,E_large24_acorn1,large,ACORN,24,1,48,250,10,0.4440,1249.2,674.92,1687.67,2372.88,2372.88,800.53,1808,1646,6446,66117,72564,25680,46884,0,10,132908.2,204166792,30.4,48
n1m_d128_l2,1000000,128,l2,cluster,0.0500,0.0500,50000,D_large48_standard,large,STANDARD,48,1,96,250,10,0.1040,3320.8,306.92,339.17,362.79,362.79,301.13,2138,2138,2138,0,2138,0,0,258,2,142299.3,396080968,35.9,96
n1m_d128_l2,1000000,128,l2,cluster,0.0500,0.0500,50000,E_large48_acorn1,large,ACORN,48,1,96,250,10,0.6520,755.9,1227.46,2883.75,2982.92,2982.92,1322.95,2134,1881,9241,158509,167751,45814,121937,0,10,142299.3,396080968,35.9,96
n1m_d128_l2,1000000,128,l2,cluster,0.0500,0.0500,50000,C_acorn_g4,acorn,ACORN,16,4,16,250,10,0.2100,2637.4,373.67,594.46,677.25,677.25,379.17,1609,1545,6148,13609,19758,9446,10312,0,10,222708.5,185032456,24.6,40
n1m_d128_l2,1000000,128,l2,cluster,0.0500,0.0500,50000,C_acorn_g8,acorn,ACORN,16,8,16,250,10,0.2440,2482.8,384.88,631.42,802.38,802.38,402.77,1502,1432,6254,12741,18996,9358,9638,0,10,316872.6,202064904,24.6,40
n1m_d128_l2,1000000,128,l2,cluster,0.0500,0.0500,50000,C_acorn_g16,acorn,ACORN,16,16,16,250,10,0.2680,2205.5,417.12,767.21,1082.71,1082.71,453.40,1707,1624,6854,15636,22492,10317,12174,0,10,1186950.8,236129800,24.6,40
n1m_d128_l2,1000000,128,l2,cluster,0.0500,0.0500,50000,A_std_standard,std,STANDARD,16,1,32,500,10,0.1280,1810.7,552.46,644.92,743.04,743.04,552.28,2166,2166,2166,0,2166,0,0,514,1,140884.0,140258120,24.5,32
n1m_d128_l2,1000000,128,l2,cluster,0.0500,0.0500,50000,B_std_acorn1,std,ACORN,16,1,32,500,10,0.5260,830.0,1165.71,2060.25,3459.54,3459.54,1204.82,2185,2042,11152,78568,89722,36973,52748,0,10,140884.0,140258120,24.5,32
n1m_d128_l2,1000000,128,l2,cluster,0.0500,0.0500,50000,D_large24_standard,large,STANDARD,24,1,48,500,10,0.1080,1869.3,539.46,557.79,645.83,645.83,534.97,2141,2141,2141,0,2141,0,0,510,1,132908.2,204166792,30.4,48
n1m_d128_l2,1000000,128,l2,cluster,0.0500,0.0500,50000,E_large24_acorn1,large,ACORN,24,1,48,500,10,0.4760,658.0,1589.50,3102.54,3425.88,3425.88,1519.87,2080,1918,14442,132561,147004,56757,90247,0,10,132908.2,204166792,30.4,48
n1m_d128_l2,1000000,128,l2,cluster,0.0500,0.0500,50000,D_large48_standard,large,STANDARD,48,1,96,500,10,0.1140,1826.8,554.29,587.38,636.67,636.67,547.39,2210,2210,2210,0,2210,0,0,508,3,142299.3,396080968,35.9,96
n1m_d128_l2,1000000,128,l2,cluster,0.0500,0.0500,50000,E_large48_acorn1,large,ACORN,48,1,96,500,10,0.7080,423.8,2351.71,4447.42,5870.38,5870.38,2359.78,2970,2718,18894,273087,291982,91042,200940,0,10,142299.3,396080968,35.9,96
n1m_d128_l2,1000000,128,l2,cluster,0.0500,0.0500,50000,C_acorn_g4,acorn,ACORN,16,4,16,500,10,0.2120,1344.3,730.08,1089.29,1244.33,1244.33,743.87,1984,1921,11969,23880,35851,19160,16690,0,10,222708.5,185032456,24.6,40
n1m_d128_l2,1000000,128,l2,cluster,0.0500,0.0500,50000,C_acorn_g8,acorn,ACORN,16,8,16,500,10,0.2680,1262.2,730.83,1318.83,1592.75,1592.75,792.26,1846,1776,12447,25273,37722,19311,18410,0,10,316872.6,202064904,24.6,40
n1m_d128_l2,1000000,128,l2,cluster,0.0500,0.0500,50000,C_acorn_g16,acorn,ACORN,16,16,16,500,10,0.2900,1017.3,932.12,1666.29,2590.21,2590.21,982.97,2256,2174,13562,32195,45759,21786,23973,0,10,1186950.8,236129800,24.6,40
n1m_d128_l2,1000000,128,l2,cluster,0.0500,0.0500,50000,F_exact,exact,EXACT,16,0,0,0,100,1.0000,127.2,7940.38,8636.25,8867.42,8867.42,7861.94,50000,0,0,0,1000000,0,0,0,100,0.0,0,0.0,0
n1m_d128_l2,1000000,128,l2,cluster,0.0500,0.0500,50000,A_std_standard,std,STANDARD,16,1,32,50,100,0.0622,9267.4,104.00,175.83,230.71,230.71,107.91,1103,1103,1103,0,1103,0,0,65,8,140884.0,140258120,24.5,32
n1m_d128_l2,1000000,128,l2,cluster,0.0500,0.0500,50000,B_std_acorn1,std,ACORN,16,1,32,50,100,0.4540,5265.2,169.96,339.79,354.71,354.71,189.92,972,829,674,8913,9588,2471,7117,0,98,140884.0,140258120,24.5,32
n1m_d128_l2,1000000,128,l2,cluster,0.0500,0.0500,50000,D_large24_standard,large,STANDARD,24,1,48,50,100,0.0518,8529.3,117.21,132.88,203.33,203.33,117.24,1279,1279,1279,0,1279,0,0,61,7,132908.2,204166792,30.4,48
n1m_d128_l2,1000000,128,l2,cluster,0.0500,0.0500,50000,E_large24_acorn1,large,ACORN,24,1,48,50,100,0.3896,4098.8,198.25,447.42,697.38,697.38,243.98,1198,1037,868,13530,14400,3828,10571,0,99,132908.2,204166792,30.4,48
n1m_d128_l2,1000000,128,l2,cluster,0.0500,0.0500,50000,D_large48_standard,large,STANDARD,48,1,96,50,100,0.0570,7439.4,131.38,164.00,192.00,192.00,134.42,1465,1465,1465,0,1465,0,0,58,6,142299.3,396080968,35.9,96
n1m_d128_l2,1000000,128,l2,cluster,0.0500,0.0500,50000,E_large48_acorn1,large,ACORN,48,1,96,50,100,0.5564,2743.7,325.12,617.29,776.67,776.67,364.46,1395,1142,1440,31635,33077,7516,25560,0,99,142299.3,396080968,35.9,96
n1m_d128_l2,1000000,128,l2,cluster,0.0500,0.0500,50000,C_acorn_g4,acorn,ACORN,16,4,16,50,100,0.1716,8416.0,116.17,163.96,221.17,221.17,118.82,726,662,1412,2840,4253,1804,2449,0,98,222708.5,185032456,24.6,40
n1m_d128_l2,1000000,128,l2,cluster,0.0500,0.0500,50000,C_acorn_g8,acorn,ACORN,16,8,16,50,100,0.2036,7825.0,129.42,165.88,257.83,257.83,127.80,766,696,1588,2295,3885,1774,2110,0,98,316872.6,202064904,24.6,40
n1m_d128_l2,1000000,128,l2,cluster,0.0500,0.0500,50000,C_acorn_g16,acorn,ACORN,16,16,16,50,100,0.1872,7309.8,126.25,253.25,370.33,370.33,136.80,858,775,1818,2305,4124,1919,2205,0,100,1186950.8,236129800,24.6,40
n1m_d128_l2,1000000,128,l2,cluster,0.0500,0.0500,50000,A_std_standard,std,STANDARD,16,1,32,100,100,0.0738,6599.7,150.21,225.92,272.71,272.71,151.52,1525,1525,1525,0,1525,0,0,114,9,140884.0,140258120,24.5,32
n1m_d128_l2,1000000,128,l2,cluster,0.0500,0.0500,50000,B_std_acorn1,std,ACORN,16,1,32,100,100,0.5344,3041.5,292.71,575.21,663.50,663.50,328.78,1266,1123,1495,17911,19408,5495,13913,0,100,140884.0,140258120,24.5,32
n1m_d128_l2,1000000,128,l2,cluster,0.0500,0.0500,50000,D_large24_standard,large,STANDARD,24,1,48,100,100,0.0624,6206.9,162.88,186.00,252.08,252.08,161.11,1699,1699,1699,0,1699,0,0,110,8,132908.2,204166792,30.4,48
n1m_d128_l2,1000000,128,l2,cluster,0.0500,0.0500,50000,E_large24_acorn1,large,ACORN,24,1,48,100,100,0.4674,2665.2,303.88,741.29,980.12,980.12,375.20,1495,1334,2055,27252,29308,8822,20486,0,100,132908.2,204166792,30.4,48
n1m_d128_l2,1000000,128,l2,cluster,0.0500,0.0500,50000,D_large48_standard,large,STANDARD,48,1,96,100,100,0.0646,5729.6,175.46,201.17,251.04,251.04,174.53,1848,1848,1848,0,1848,0,0,108,6,142299.3,396080968,35.9,96
n1m_d128_l2,1000000,128,l2,cluster,0.0500,0.0500,50000,E_large48_acorn1,large,ACORN,48,1,96,100,100,0.6500,1203.9,806.46,1468.92,2437.00,2437.00,830.63,1644,1391,3339,66089,69430,16500,52929,0,100,142299.3,396080968,35.9,96
n1m_d128_l2,1000000,128,l2,cluster,0.0500,0.0500,50000,C_acorn_g4,acorn,ACORN,16,4,16,100,100,0.1902,3812.0,230.75,532.33,591.62,591.62,262.33,1024,960,2544,5698,8244,3591,4652,0,98,222708.5,185032456,24.6,40
n1m_d128_l2,1000000,128,l2,cluster,0.0500,0.0500,50000,C_acorn_g8,acorn,ACORN,16,8,16,100,100,0.2378,3688.4,265.00,366.58,831.50,831.50,271.12,1062,992,2725,4728,7455,3605,3850,0,98,316872.6,202064904,24.6,40
n1m_d128_l2,1000000,128,l2,cluster,0.0500,0.0500,50000,C_acorn_g16,acorn,ACORN,16,16,16,100,100,0.2212,4018.1,211.12,565.71,638.92,638.92,248.87,1211,1129,3072,5217,8290,3943,4347,0,100,1186950.8,236129800,24.6,40
n1m_d128_l2,1000000,128,l2,cluster,0.0500,0.0500,50000,A_std_standard,std,STANDARD,16,1,32,250,100,0.0808,3182.5,302.42,448.08,500.79,500.79,314.22,1966,1966,1966,0,1966,0,0,264,9,140884.0,140258120,24.5,32
n1m_d128_l2,1000000,128,l2,cluster,0.0500,0.0500,50000,B_std_acorn1,std,ACORN,16,1,32,250,100,0.5906,1319.2,717.92,1356.88,1826.12,1826.12,758.01,1666,1524,4853,42700,47555,17191,30364,0,100,140884.0,140258120,24.5,32
n1m_d128_l2,1000000,128,l2,cluster,0.0500,0.0500,50000,D_large24_standard,large,STANDARD,24,1,48,250,100,0.0666,3119.2,315.29,383.83,452.17,452.17,320.60,2061,2061,2061,0,2061,0,0,260,8,132908.2,204166792,30.4,48
n1m_d128_l2,1000000,128,l2,cluster,0.0500,0.0500,50000,E_large24_acorn1,large,ACORN,24,1,48,250,100,0.5286,1115.6,852.92,1818.25,2397.75,2397.75,896.37,1808,1646,6446,66117,72564,25680,46884,0,100,132908.2,204166792,30.4,48
n1m_d128_l2,1000000,128,l2,cluster,0.0500,0.0500,50000,D_large48_standard,large,STANDARD,48,1,96,250,100,0.0690,3115.7,322.04,368.75,437.50,437.50,320.96,2138,2138,2138,0,2138,0,0,258,7,142299.3,396080968,35.9,96
n1m_d128_l2,1000000,128,l2,cluster,0.0500,0.0500,50000,E_large48_acorn1,large,ACORN,48,1,96,250,100,0.7342,686.7,1361.92,2977.92,3244.12,3244.12,1456.27,2134,1881,9241,158509,167751,45814,121937,0,100,142299.3,396080968,35.9,96
n1m_d128_l2,1000000,128,l2,cluster,0.0500,0.0500,50000,C_acorn_g4,acorn,ACORN,16,4,16,250,100,0.2168,2103.6,445.04,737.04,804.71,804.71,475.38,1609,1545,6148,13609,19758,9446,10312,0,98,222708.5,185032456,24.6,40
n1m_d128_l2,1000000,128,l2,cluster,0.0500,0.0500,50000,C_acorn_g8,acorn,ACORN,16,8,16,250,100,0.2712,2325.7,402.58,684.88,859.67,859.67,429.98,1502,1432,6254,12741,18996,9358,9638,0,98,316872.6,202064904,24.6,40
n1m_d128_l2,1000000,128,l2,cluster,0.0500,0.0500,50000,C_acorn_g16,acorn,ACORN,16,16,16,250,100,0.3210,1962.4,464.42,851.58,1220.38,1220.38,509.58,1707,1624,6854,15636,22492,10317,12174,0,100,1186950.8,236129800,24.6,40
n1m_d128_l2,1000000,128,l2,cluster,0.0500,0.0500,50000,A_std_standard,std,STANDARD,16,1,32,500,100,0.0822,1818.1,549.42,638.12,771.50,771.50,550.04,2166,2166,2166,0,2166,0,0,514,9,140884.0,140258120,24.5,32
n1m_d128_l2,1000000,128,l2,cluster,0.0500,0.0500,50000,B_std_acorn1,std,ACORN,16,1,32,500,100,0.6168,751.1,1312.83,2269.46,3576.50,3576.50,1331.36,2185,2042,11152,78568,89722,36973,52748,0,100,140884.0,140258120,24.5,32
n1m_d128_l2,1000000,128,l2,cluster,0.0500,0.0500,50000,D_large24_standard,large,STANDARD,24,1,48,500,100,0.0694,1777.8,553.00,653.67,730.00,730.00,562.49,2141,2141,2141,0,2141,0,0,510,9,132908.2,204166792,30.4,48
n1m_d128_l2,1000000,128,l2,cluster,0.0500,0.0500,50000,E_large24_acorn1,large,ACORN,24,1,48,500,100,0.5646,620.3,1613.04,3327.25,3782.58,3782.58,1612.10,2080,1918,14442,132561,147004,56757,90247,0,100,132908.2,204166792,30.4,48
n1m_d128_l2,1000000,128,l2,cluster,0.0500,0.0500,50000,D_large48_standard,large,STANDARD,48,1,96,500,100,0.0746,1739.2,574.12,657.21,711.33,711.33,574.98,2210,2210,2210,0,2210,0,0,508,9,142299.3,396080968,35.9,96
n1m_d128_l2,1000000,128,l2,cluster,0.0500,0.0500,50000,E_large48_acorn1,large,ACORN,48,1,96,500,100,0.7944,394.3,2381.38,4795.75,6437.88,6437.88,2536.40,2970,2718,18894,273087,291982,91042,200940,0,100,142299.3,396080968,35.9,96
n1m_d128_l2,1000000,128,l2,cluster,0.0500,0.0500,50000,C_acorn_g4,acorn,ACORN,16,4,16,500,100,0.2208,1197.8,830.12,1269.38,1317.62,1317.62,834.84,1984,1921,11969,23880,35851,19160,16690,0,98,222708.5,185032456,24.6,40
n1m_d128_l2,1000000,128,l2,cluster,0.0500,0.0500,50000,C_acorn_g8,acorn,ACORN,16,8,16,500,100,0.3012,1104.1,801.12,1596.71,2037.96,2037.96,905.72,1846,1776,12447,25273,37722,19311,18410,0,98,316872.6,202064904,24.6,40
n1m_d128_l2,1000000,128,l2,cluster,0.0500,0.0500,50000,C_acorn_g16,acorn,ACORN,16,16,16,500,100,0.3664,926.5,976.50,2102.54,2658.88,2658.88,1079.39,2256,2174,13562,32195,45759,21786,23973,0,100,1186950.8,236129800,24.6,40
n1m_d128_l2,1000000,128,l2,cluster,0.0200,0.0200,20000,F_exact,exact,EXACT,16,0,0,0,10,1.0000,295.2,3283.79,4383.33,4405.83,4405.83,3387.26,20000,0,0,0,1000000,0,0,0,10,0.0,0,0.0,0
n1m_d128_l2,1000000,128,l2,cluster,0.0200,0.0200,20000,A_std_standard,std,STANDARD,16,1,32,50,10,0.0120,9887.0,95.50,171.42,228.25,228.25,101.14,1103,1103,1103,0,1103,0,0,65,0,140884.0,140258120,24.5,32
n1m_d128_l2,1000000,128,l2,cluster,0.0200,0.0200,20000,B_std_acorn1,std,ACORN,16,1,32,50,10,0.2360,6030.3,146.08,355.12,368.00,368.00,165.83,1034,936,619,6416,7037,2463,4573,0,10,140884.0,140258120,24.5,32
n1m_d128_l2,1000000,128,l2,cluster,0.0200,0.0200,20000,D_large24_standard,large,STANDARD,24,1,48,50,10,0.0160,9510.0,104.96,130.12,167.04,167.04,105.15,1279,1279,1279,0,1279,0,0,61,0,132908.2,204166792,30.4,48
n1m_d128_l2,1000000,128,l2,cluster,0.0200,0.0200,20000,E_large24_acorn1,large,ACORN,24,1,48,50,10,0.2300,4969.5,165.79,403.71,505.58,505.58,201.23,1225,1114,815,11130,11946,3845,8101,0,10,132908.2,204166792,30.4,48
n1m_d128_l2,1000000,128,l2,cluster,0.0200,0.0200,20000,D_large48_standard,large,STANDARD,48,1,96,50,10,0.0140,8461.4,119.58,149.88,165.50,165.50,118.18,1465,1465,1465,0,1465,0,0,58,0,142299.3,396080968,35.9,96
n1m_d128_l2,1000000,128,l2,cluster,0.0200,0.0200,20000,E_large48_acorn1,large,ACORN,48,1,96,50,10,0.4500,3201.2,254.83,643.71,754.25,754.25,312.38,1417,1221,1376,26553,27931,7576,20354,0,10,142299.3,396080968,35.9,96
n1m_d128_l2,1000000,128,l2,cluster,0.0200,0.0200,20000,C_acorn_g4,acorn,ACORN,16,4,16,50,10,0.0000,137756.6,7.29,7.42,7.54,7.54,7.26,1,1,228,99,328,0,328,0,0,222708.5,185032456,24.6,40
n1m_d128_l2,1000000,128,l2,cluster,0.0200,0.0200,20000,C_acorn_g8,acorn,ACORN,16,8,16,50,10,0.1380,11057.9,80.25,142.12,187.42,187.42,90.43,864,793,1391,1150,2542,1775,767,0,10,316872.6,202064904,24.6,40
n1m_d128_l2,1000000,128,l2,cluster,0.0200,0.0200,20000,C_acorn_g16,acorn,ACORN,16,16,16,50,10,0.0960,10506.7,87.54,186.79,214.04,214.04,95.18,916,848,1649,1179,2830,1882,947,0,10,1186950.8,236129800,24.6,40
n1m_d128_l2,1000000,128,l2,cluster,0.0200,0.0200,20000,A_std_standard,std,STANDARD,16,1,32,100,10,0.0180,6669.4,149.75,213.00,267.21,267.21,149.94,1525,1525,1525,0,1525,0,0,114,0,140884.0,140258120,24.5,32
n1m_d128_l2,1000000,128,l2,cluster,0.0200,0.0200,20000,B_std_acorn1,std,ACORN,16,1,32,100,10,0.2920,3958.9,225.71,483.92,743.08,743.08,252.59,1377,1280,1472,14716,16190,5954,10235,0,10,140884.0,140258120,24.5,32
n1m_d128_l2,1000000,128,l2,cluster,0.0200,0.0200,20000,D_large24_standard,large,STANDARD,24,1,48,100,10,0.0200,6254.4,161.42,179.50,230.46,230.46,159.89,1699,1699,1699,0,1699,0,0,110,0,132908.2,204166792,30.4,48
n1m_d128_l2,1000000,128,l2,cluster,0.0200,0.0200,20000,E_large24_acorn1,large,ACORN,24,1,48,100,10,0.2700,2908.0,282.21,713.17,942.75,942.75,343.88,1550,1439,2071,25778,27850,9546,18304,0,10,132908.2,204166792,30.4,48
n1m_d128_l2,1000000,128,l2,cluster,0.0200,0.0200,20000,D_large48_standard,large,STANDARD,48,1,96,100,10,0.0240,5530.8,181.17,209.38,273.04,273.04,180.81,1848,1848,1848,0,1848,0,0,108,0,142299.3,396080968,35.9,96
n1m_d128_l2,1000000,128,l2,cluster,0.0200,0.0200,20000,E_large48_acorn1,large,ACORN,48,1,96,100,10,0.4760,1941.8,389.17,982.62,1697.21,1697.21,514.98,1637,1441,3015,50596,53612,15277,38334,0,10,142299.3,396080968,35.9,96
n1m_d128_l2,1000000,128,l2,cluster,0.0200,0.0200,20000,C_acorn_g4,acorn,ACORN,16,4,16,100,10,0.0000,139064.3,7.17,7.33,7.54,7.54,7.19,1,1,228,99,328,0,328,0,0,222708.5,185032456,24.6,40
n1m_d128_l2,1000000,128,l2,cluster,0.0200,0.0200,20000,C_acorn_g8,acorn,ACORN,16,8,16,100,10,0.1820,6748.2,132.00,288.50,379.25,379.25,148.19,1204,1133,2504,2728,5234,3621,1612,0,10,316872.6,202064904,24.6,40
n1m_d128_l2,1000000,128,l2,cluster,0.0200,0.0200,20000,C_acorn_g16,acorn,ACORN,16,16,16,100,10,0.1380,6098.7,148.38,279.46,450.42,450.42,163.97,1310,1242,2811,2611,5424,3807,1616,0,10,1186950.8,236129800,24.6,40
n1m_d128_l2,1000000,128,l2,cluster,0.0200,0.0200,20000,A_std_standard,std,STANDARD,16,1,32,250,10,0.0220,3481.9,288.21,362.54,439.21,439.21,287.20,1966,1966,1966,0,1966,0,0,264,0,140884.0,140258120,24.5,32
n1m_d128_l2,1000000,128,l2,cluster,0.0200,0.0200,20000,B_std_acorn1,std,ACORN,16,1,32,250,10,0.3900,1647.7,484.58,1280.92,1525.54,1525.54,606.92,1699,1602,5090,42506,47597,18214,29383,0,10,140884.0,140258120,24.5,32
n1m_d128_l2,1000000,128,l2,cluster,0.0200,0.0200,20000,D_large24_standard,large,STANDARD,24,1,48,250,10,0.0280,3430.3,296.67,322.17,381.62,381.62,291.52,2061,2061,2061,0,2061,0,0,260,0,132908.2,204166792,30.4,48
n1m_d128_l2,1000000,128,l2,cluster,0.0200,0.0200,20000,E_large24_acorn1,large,ACORN,24,1,48,250,10,0.3020,1386.8,677.83,1426.17,1545.71,1545.71,721.10,1802,1691,6420,63860,70281,26750,43531,0,10,132908.2,204166792,30.4,48
n1m_d128_l2,1000000,128,l2,cluster,0.0200,0.0200,20000,D_large48_standard,large,STANDARD,48,1,96,250,10,0.0280,3161.0,323.54,356.79,389.54,389.54,316.35,2138,2138,2138,0,2138,0,0,258,0,142299.3,396080968,35.9,96
n1m_d128_l2,1000000,128,l2,cluster,0.0200,0.0200,20000,E_large48_acorn1,large,ACORN,48,1,96,250,10,0.5260,960.8,938.12,1835.71,1955.12,1955.12,1040.82,1937,1741,8329,124359,132689,39363,93326,0,10,142299.3,396080968,35.9,96
n1m_d128_l2,1000000,128,l2,cluster,0.0200,0.0200,20000,C_acorn_g4,acorn,ACORN,16,4,16,250,10,0.0000,142874.3,7.00,7.17,7.38,7.38,7.00,1,1,228,99,328,0,328,0,0,222708.5,185032456,24.6,40
n1m_d128_l2,1000000,128,l2,cluster,0.0200,0.0200,20000,C_acorn_g8,acorn,ACORN,16,8,16,250,10,0.2000,3282.0,276.29,554.58,723.96,723.96,304.69,1662,1591,5885,6853,12740,9011,3729,0,10,316872.6,202064904,24.6,40
n1m_d128_l2,1000000,128,l2,cluster,0.0200,0.0200,20000,C_acorn_g16,acorn,ACORN,16,16,16,250,10,0.2440,2548.3,345.71,775.00,869.25,869.25,392.42,1878,1810,6563,9273,15838,9715,6122,0,10,1186950.8,236129800,24.6,40
n1m_d128_l2,1000000,128,l2,cluster,0.0200,0.0200,20000,A_std_standard,std,STANDARD,16,1,32,500,10,0.0240,1843.7,542.38,653.58,705.71,705.71,542.38,2166,2166,2166,0,2166,0,0,514,0,140884.0,140258120,24.5,32
n1m_d128_l2,1000000,128,l2,cluster,0.0200,0.0200,20000,B_std_acorn1,std,ACORN,16,1,32,500,10,0.4000,953.2,786.38,2014.79,2142.17,2142.17,1049.13,1887,1789,11071,81281,92353,37010,55343,0,10,140884.0,140258120,24.5,32
n1m_d128_l2,1000000,128,l2,cluster,0.0200,0.0200,20000,D_large24_standard,large,STANDARD,24,1,48,500,10,0.0280,1877.9,541.17,561.50,651.62,651.62,532.50,2141,2141,2141,0,2141,0,0,510,0,132908.2,204166792,30.4,48
n1m_d128_l2,1000000,128,l2,cluster,0.0200,0.0200,20000,E_large24_acorn1,large,ACORN,24,1,48,500,10,0.3740,683.7,1498.79,2705.25,3214.50,3214.50,1462.55,2142,2031,14646,137078,151725,59007,92718,0,10,132908.2,204166792,30.4,48
n1m_d128_l2,1000000,128,l2,cluster,0.0200,0.0200,20000,D_large48_standard,large,STANDARD,48,1,96,500,10,0.0340,1833.8,552.58,591.00,640.12,640.12,545.32,2210,2210,2210,0,2210,0,0,508,1,142299.3,396080968,35.9,96
n1m_d128_l2,1000000,128,l2,cluster,0.0200,0.0200,20000,E_large48_acorn1,large,ACORN,48,1,96,500,10,0.6420,499.5,1741.12,4059.29,5259.62,5259.62,2001.97,2462,2266,18103,252604,270708,86149,184558,0,10,142299.3,396080968,35.9,96
n1m_d128_l2,1000000,128,l2,cluster,0.0200,0.0200,20000,C_acorn_g4,acorn,ACORN,16,4,16,500,10,0.0000,139245.1,7.17,7.33,7.58,7.58,7.18,1,1,228,99,328,0,328,0,0,222708.5,185032456,24.6,40
n1m_d128_l2,1000000,128,l2,cluster,0.0200,0.0200,20000,C_acorn_g8,acorn,ACORN,16,8,16,500,10,0.2280,1715.3,514.83,1048.88,1237.12,1237.12,583.00,1914,1842,11498,11954,23453,16946,6506,0,10,316872.6,202064904,24.6,40
n1m_d128_l2,1000000,128,l2,cluster,0.0200,0.0200,20000,C_acorn_g16,acorn,ACORN,16,16,16,500,10,0.2900,1334.5,678.54,1356.25,1792.62,1792.62,749.34,2290,2222,12729,17481,30211,18803,11408,0,10,1186950.8,236129800,24.6,40
n1m_d128_l2,1000000,128,l2,cluster,0.0200,0.0200,20000,F_exact,exact,EXACT,16,0,0,0,100,1.0000,306.0,3149.00,4052.62,5095.00,5095.00,3268.26,20000,0,0,0,1000000,0,0,0,100,0.0,0,0.0,0
n1m_d128_l2,1000000,128,l2,cluster,0.0200,0.0200,20000,A_std_standard,std,STANDARD,16,1,32,50,100,0.0130,9455.8,103.54,168.50,228.29,228.29,105.76,1103,1103,1103,0,1103,0,0,65,2,140884.0,140258120,24.5,32
n1m_d128_l2,1000000,128,l2,cluster,0.0200,0.0200,20000,B_std_acorn1,std,ACORN,16,1,32,50,100,0.2920,6419.1,139.92,279.29,349.25,349.25,155.78,1034,936,619,6416,7037,2463,4573,0,99,140884.0,140258120,24.5,32
n1m_d128_l2,1000000,128,l2,cluster,0.0200,0.0200,20000,D_large24_standard,large,STANDARD,24,1,48,50,100,0.0138,8774.4,114.62,129.38,187.04,187.04,113.97,1279,1279,1279,0,1279,0,0,61,2,132908.2,204166792,30.4,48
n1m_d128_l2,1000000,128,l2,cluster,0.0200,0.0200,20000,E_large24_acorn1,large,ACORN,24,1,48,50,100,0.2680,4636.8,185.50,414.50,520.50,520.50,215.67,1225,1114,815,11130,11946,3845,8101,0,100,132908.2,204166792,30.4,48
n1m_d128_l2,1000000,128,l2,cluster,0.0200,0.0200,20000,D_large48_standard,large,STANDARD,48,1,96,50,100,0.0160,7892.7,128.54,141.46,183.25,183.25,126.70,1465,1465,1465,0,1465,0,0,58,2,142299.3,396080968,35.9,96
n1m_d128_l2,1000000,128,l2,cluster,0.0200,0.0200,20000,E_large48_acorn1,large,ACORN,48,1,96,50,100,0.5260,2838.8,295.21,654.00,827.29,827.29,352.26,1417,1221,1376,26553,27931,7576,20354,0,100,142299.3,396080968,35.9,96
n1m_d128_l2,1000000,128,l2,cluster,0.0200,0.0200,20000,C_acorn_g4,acorn,ACORN,16,4,16,50,100,0.0000,142330.5,7.00,7.17,7.42,7.42,7.03,1,1,228,99,328,0,328,0,0,222708.5,185032456,24.6,40
n1m_d128_l2,1000000,128,l2,cluster,0.0200,0.0200,20000,C_acorn_g8,acorn,ACORN,16,8,16,50,100,0.1502,9827.5,94.21,154.46,178.46,178.46,101.75,864,793,1391,1150,2542,1775,767,0,100,316872.6,202064904,24.6,40
n1m_d128_l2,1000000,128,l2,cluster,0.0200,0.0200,20000,C_acorn_g16,acorn,ACORN,16,16,16,50,100,0.1188,9217.7,102.46,205.67,234.42,234.42,108.49,916,848,1649,1179,2830,1882,947,0,100,1186950.8,236129800,24.6,40
n1m_d128_l2,1000000,128,l2,cluster,0.0200,0.0200,20000,A_std_standard,std,STANDARD,16,1,32,100,100,0.0170,6662.6,149.46,213.67,272.21,272.21,150.09,1525,1525,1525,0,1525,0,0,114,2,140884.0,140258120,24.5,32
n1m_d128_l2,1000000,128,l2,cluster,0.0200,0.0200,20000,B_std_acorn1,std,ACORN,16,1,32,100,100,0.3570,3763.9,233.96,492.46,747.12,747.12,265.68,1377,1280,1472,14716,16190,5954,10235,0,100,140884.0,140258120,24.5,32
n1m_d128_l2,1000000,128,l2,cluster,0.0200,0.0200,20000,D_large24_standard,large,STANDARD,24,1,48,100,100,0.0180,5886.4,170.62,193.96,243.21,243.21,169.88,1699,1699,1699,0,1699,0,0,110,2,132908.2,204166792,30.4,48
n1m_d128_l2,1000000,128,l2,cluster,0.0200,0.0200,20000,E_large24_acorn1,large,ACORN,24,1,48,100,100,0.3154,2691.9,310.54,816.67,950.67,950.67,371.48,1550,1439,2071,25778,27850,9546,18304,0,100,132908.2,204166792,30.4,48
n1m_d128_l2,1000000,128,l2,cluster,0.0200,0.0200,20000,D_large48_standard,large,STANDARD,48,1,96,100,100,0.0192,5854.6,173.92,189.88,225.88,225.88,170.81,1848,1848,1848,0,1848,0,0,108,2,142299.3,396080968,35.9,96
n1m_d128_l2,1000000,128,l2,cluster,0.0200,0.0200,20000,E_large48_acorn1,large,ACORN,48,1,96,100,100,0.5596,2104.2,345.71,963.17,1015.17,1015.17,475.25,1637,1441,3015,50596,53612,15277,38334,0,100,142299.3,396080968,35.9,96
n1m_d128_l2,1000000,128,l2,cluster,0.0200,0.0200,20000,C_acorn_g4,acorn,ACORN,16,4,16,100,100,0.0000,139260.2,7.04,8.71,8.96,8.96,7.18,1,1,228,99,328,0,328,0,0,222708.5,185032456,24.6,40
n1m_d128_l2,1000000,128,l2,cluster,0.0200,0.0200,20000,C_acorn_g8,acorn,ACORN,16,8,16,100,100,0.2022,6055.6,141.75,318.79,417.00,417.00,165.14,1204,1133,2504,2728,5234,3621,1612,0,100,316872.6,202064904,24.6,40
n1m_d128_l2,1000000,128,l2,cluster,0.0200,0.0200,20000,C_acorn_g16,acorn,ACORN,16,16,16,100,100,0.1648,5965.3,147.54,288.83,435.12,435.12,167.64,1310,1242,2811,2611,5424,3807,1616,0,100,1186950.8,236129800,24.6,40
n1m_d128_l2,1000000,128,l2,cluster,0.0200,0.0200,20000,A_std_standard,std,STANDARD,16,1,32,250,100,0.0206,3517.6,287.46,361.58,430.92,430.92,284.28,1966,1966,1966,0,1966,0,0,264,2,140884.0,140258120,24.5,32
n1m_d128_l2,1000000,128,l2,cluster,0.0200,0.0200,20000,B_std_acorn1,std,ACORN,16,1,32,250,100,0.4566,1679.3,473.62,1311.50,1516.83,1516.83,595.49,1699,1602,5090,42506,47597,18214,29383,0,100,140884.0,140258120,24.5,32
n1m_d128_l2,1000000,128,l2,cluster,0.0200,0.0200,20000,D_large24_standard,large,STANDARD,24,1,48,250,100,0.0214,3437.0,297.17,317.50,379.38,379.38,290.95,2061,2061,2061,0,2061,0,0,260,2,132908.2,204166792,30.4,48
n1m_d128_l2,1000000,128,l2,cluster,0.0200,0.0200,20000,E_large24_acorn1,large,ACORN,24,1,48,250,100,0.3490,1273.9,733.25,1550.46,1873.04,1873.04,784.99,1802,1691,6420,63860,70281,26750,43531,0,100,132908.2,204166792,30.4,48
n1m_d128_l2,1000000,128,l2,cluster,0.0200,0.0200,20000,D_large48_standard,large,STANDARD,48,1,96,250,100,0.0212,3289.3,308.58,346.42,370.29,370.29,304.02,2138,2138,2138,0,2138,0,0,258,2,142299.3,396080968,35.9,96
n1m_d128_l2,1000000,128,l2,cluster,0.0200,0.0200,20000,E_large48_acorn1,large,ACORN,48,1,96,250,100,0.6046,998.9,903.83,1761.75,1868.79,1868.79,1001.14,1937,1741,8329,124359,132689,39363,93326,0,100,142299.3,396080968,35.9,96
n1m_d128_l2,1000000,128,l2,cluster,0.0200,0.0200,20000,C_acorn_g4,acorn,ACORN,16,4,16,250,100,0.0000,142435.1,7.00,7.17,7.92,7.92,7.02,1,1,228,99,328,0,328,0,0,222708.5,185032456,24.6,40
n1m_d128_l2,1000000,128,l2,cluster,0.0200,0.0200,20000,C_acorn_g8,acorn,ACORN,16,8,16,250,100,0.2336,3099.1,295.96,575.75,759.17,759.17,322.67,1662,1591,5885,6853,12740,9011,3729,0,100,316872.6,202064904,24.6,40
n1m_d128_l2,1000000,128,l2,cluster,0.0200,0.0200,20000,C_acorn_g16,acorn,ACORN,16,16,16,250,100,0.2942,2387.3,375.17,833.38,927.92,927.92,418.89,1878,1810,6563,9273,15838,9715,6122,0,100,1186950.8,236129800,24.6,40
n1m_d128_l2,1000000,128,l2,cluster,0.0200,0.0200,20000,A_std_standard,std,STANDARD,16,1,32,500,100,0.0212,1812.7,542.54,656.29,725.71,725.71,551.67,2166,2166,2166,0,2166,0,0,514,2,140884.0,140258120,24.5,32
n1m_d128_l2,1000000,128,l2,cluster,0.0200,0.0200,20000,B_std_acorn1,std,ACORN,16,1,32,500,100,0.4676,930.6,760.75,2037.54,2201.71,2201.71,1074.58,1887,1789,11071,81281,92353,37010,55343,0,100,140884.0,140258120,24.5,32
n1m_d128_l2,1000000,128,l2,cluster,0.0200,0.0200,20000,D_large24_standard,large,STANDARD,24,1,48,500,100,0.0220,1879.8,537.08,563.42,635.33,635.33,531.98,2141,2141,2141,0,2141,0,0,510,2,132908.2,204166792,30.4,48
n1m_d128_l2,1000000,128,l2,cluster,0.0200,0.0200,20000,E_large24_acorn1,large,ACORN,24,1,48,500,100,0.4228,662.2,1643.17,2882.42,3439.12,3439.12,1510.14,2142,2031,14646,137078,151725,59007,92718,0,100,132908.2,204166792,30.4,48
n1m_d128_l2,1000000,128,l2,cluster,0.0200,0.0200,20000,D_large48_standard,large,STANDARD,48,1,96,500,100,0.0226,1758.8,561.04,668.50,777.38,777.38,568.57,2210,2210,2210,0,2210,0,0,508,2,142299.3,396080968,35.9,96
n1m_d128_l2,1000000,128,l2,cluster,0.0200,0.0200,20000,E_large48_acorn1,large,ACORN,48,1,96,500,100,0.6974,501.5,1638.75,3690.38,5910.12,5910.12,1994.05,2462,2266,18103,252604,270708,86149,184558,0,100,142299.3,396080968,35.9,96
n1m_d128_l2,1000000,128,l2,cluster,0.0200,0.0200,20000,C_acorn_g4,acorn,ACORN,16,4,16,500,100,0.0000,143575.8,6.88,7.25,8.50,8.50,6.96,1,1,228,99,328,0,328,0,0,222708.5,185032456,24.6,40
n1m_d128_l2,1000000,128,l2,cluster,0.0200,0.0200,20000,C_acorn_g8,acorn,ACORN,16,8,16,500,100,0.2704,1649.4,557.33,822.17,1378.38,1378.38,606.29,1914,1842,11498,11954,23453,16946,6506,0,100,316872.6,202064904,24.6,40
n1m_d128_l2,1000000,128,l2,cluster,0.0200,0.0200,20000,C_acorn_g16,acorn,ACORN,16,16,16,500,100,0.3520,1335.0,669.92,1445.25,1641.04,1641.04,749.04,2290,2222,12729,17481,30211,18803,11408,0,100,1186950.8,236129800,24.6,40
n1m_d128_l2,1000000,128,l2,cluster,0.0100,0.0100,10000,F_exact,exact,EXACT,16,0,0,0,10,1.0000,506.9,1942.00,2151.75,2236.83,2236.83,1972.96,10000,0,0,0,1000000,0,0,0,10,0.0,0,0.0,0
n1m_d128_l2,1000000,128,l2,cluster,0.0100,0.0100,10000,A_std_standard,std,STANDARD,16,1,32,50,10,0.0300,10725.5,92.67,149.25,193.04,193.04,93.24,1103,1103,1103,0,1103,0,0,65,0,140884.0,140258120,24.5,32
n1m_d128_l2,1000000,128,l2,cluster,0.0100,0.0100,10000,B_std_acorn1,std,ACORN,16,1,32,50,10,0.3320,6074.6,157.62,303.50,331.33,331.33,164.62,773,677,885,13351,14238,3130,11107,0,10,140884.0,140258120,24.5,32
n1m_d128_l2,1000000,128,l2,cluster,0.0100,0.0100,10000,D_large24_standard,large,STANDARD,24,1,48,50,10,0.0320,9677.4,104.00,118.25,166.67,166.67,103.33,1279,1279,1279,0,1279,0,0,61,0,132908.2,204166792,30.4,48
n1m_d128_l2,1000000,128,l2,cluster,0.0100,0.0100,10000,E_large24_acorn1,large,ACORN,24,1,48,50,10,0.4140,5976.5,125.67,378.12,441.42,441.42,167.32,1065,965,873,13190,14065,3762,10302,0,10,132908.2,204166792,30.4,48
n1m_d128_l2,1000000,128,l2,cluster,0.0100,0.0100,10000,D_large48_standard,large,STANDARD,48,1,96,50,10,0.0420,8260.2,118.79,145.58,294.58,294.58,121.06,1465,1465,1465,0,1465,0,0,58,0,142299.3,396080968,35.9,96
n1m_d128_l2,1000000,128,l2,cluster,0.0100,0.0100,10000,E_large48_acorn1,large,ACORN,48,1,96,50,10,0.6320,3108.9,314.79,590.38,832.12,832.12,321.65,1064,871,1554,36772,38327,9232,29095,0,10,142299.3,396080968,35.9,96
n1m_d128_l2,1000000,128,l2,cluster,0.0100,0.0100,10000,C_acorn_g4,acorn,ACORN,16,4,16,50,10,0.1260,11789.6,79.00,119.54,135.12,135.12,84.82,781,710,1449,1930,3381,1835,1545,0,10,222708.5,185032456,24.6,40
n1m_d128_l2,1000000,128,l2,cluster,0.0100,0.0100,10000,C_acorn_g8,acorn,ACORN,16,8,16,50,10,0.1980,10567.0,86.04,145.08,161.88,161.88,94.63,777,707,1769,2414,4184,1830,2354,0,10,316872.6,202064904,24.6,40
n1m_d128_l2,1000000,128,l2,cluster,0.0100,0.0100,10000,C_acorn_g16,acorn,ACORN,16,16,16,50,10,0.3860,9223.0,92.79,186.75,257.12,257.12,108.43,832,752,2345,2895,5242,1970,3272,0,10,1186950.8,236129800,24.6,40
n1m_d128_l2,1000000,128,l2,cluster,0.0100,0.0100,10000,A_std_standard,std,STANDARD,16,1,32,100,10,0.0380,6643.6,150.38,212.67,271.96,271.96,150.52,1525,1525,1525,0,1525,0,0,114,0,140884.0,140258120,24.5,32
n1m_d128_l2,1000000,128,l2,cluster,0.0100,0.0100,10000,B_std_acorn1,std,ACORN,16,1,32,100,10,0.3760,3039.2,299.00,551.58,728.54,728.54,329.04,938,842,2114,33155,35271,7808,27463,0,10,140884.0,140258120,24.5,32
n1m_d128_l2,1000000,128,l2,cluster,0.0100,0.0100,10000,D_large24_standard,large,STANDARD,24,1,48,100,10,0.0400,6176.1,163.96,179.71,238.96,238.96,161.92,1699,1699,1699,0,1699,0,0,110,0,132908.2,204166792,30.4,48
n1m_d128_l2,1000000,128,l2,cluster,0.0100,0.0100,10000,E_large24_acorn1,large,ACORN,24,1,48,100,10,0.4860,2606.7,316.75,769.62,1138.29,1138.29,383.63,1296,1196,2128,27661,29791,10435,19355,0,10,132908.2,204166792,30.4,48
n1m_d128_l2,1000000,128,l2,cluster,0.0100,0.0100,10000,D_large48_standard,large,STANDARD,48,1,96,100,10,0.0420,5893.9,174.33,189.17,223.88,223.88,169.67,1848,1848,1848,0,1848,0,0,108,0,142299.3,396080968,35.9,96
n1m_d128_l2,1000000,128,l2,cluster,0.0100,0.0100,10000,E_large48_acorn1,large,ACORN,48,1,96,100,10,0.6640,1810.1,562.12,900.79,1089.83,1089.83,552.45,1174,980,3417,78018,81436,22043,59392,0,10,142299.3,396080968,35.9,96
n1m_d128_l2,1000000,128,l2,cluster,0.0100,0.0100,10000,C_acorn_g4,acorn,ACORN,16,4,16,100,10,0.1420,6617.3,141.75,229.62,251.38,251.38,151.12,1021,950,2585,4181,6767,3663,3104,0,10,222708.5,185032456,24.6,40
n1m_d128_l2,1000000,128,l2,cluster,0.0100,0.0100,10000,C_acorn_g8,acorn,ACORN,16,8,16,100,10,0.2580,5393.7,163.21,323.38,431.96,431.96,185.40,1033,964,3138,6455,9594,4025,5569,0,10,316872.6,202064904,24.6,40
n1m_d128_l2,1000000,128,l2,cluster,0.0100,0.0100,10000,C_acorn_g16,acorn,ACORN,16,16,16,100,10,0.4720,5464.7,161.58,325.33,370.71,370.71,182.99,1082,1001,3568,6327,9897,3911,5985,0,10,1186950.8,236129800,24.6,40
n1m_d128_l2,1000000,128,l2,cluster,0.0100,0.0100,10000,A_std_standard,std,STANDARD,16,1,32,250,10,0.0420,3509.7,288.75,376.88,464.46,464.46,284.92,1966,1966,1966,0,1966,0,0,264,0,140884.0,140258120,24.5,32
n1m_d128_l2,1000000,128,l2,cluster,0.0100,0.0100,10000,B_std_acorn1,std,ACORN,16,1,32,250,10,0.4020,1394.4,665.75,1071.50,1104.12,1104.12,717.15,1100,1004,5648,85752,91401,22798,68602,0,10,140884.0,140258120,24.5,32
n1m_d128_l2,1000000,128,l2,cluster,0.0100,0.0100,10000,D_large24_standard,large,STANDARD,24,1,48,250,10,0.0400,3432.7,295.54,335.38,383.12,383.12,291.32,2061,2061,2061,0,2061,0,0,260,0,132908.2,204166792,30.4,48
n1m_d128_l2,1000000,128,l2,cluster,0.0100,0.0100,10000,E_large24_acorn1,large,ACORN,24,1,48,250,10,0.5300,1201.0,671.58,1906.50,2347.38,2347.38,832.66,1442,1342,7163,89533,96697,39624,57073,0,10,132908.2,204166792,30.4,48
n1m_d128_l2,1000000,128,l2,cluster,0.0100,0.0100,10000,D_large48_standard,large,STANDARD,48,1,96,250,10,0.0480,3299.8,309.62,334.38,377.79,377.79,303.05,2138,2138,2138,0,2138,0,0,258,0,142299.3,396080968,35.9,96
n1m_d128_l2,1000000,128,l2,cluster,0.0100,0.0100,10000,E_large48_acorn1,large,ACORN,48,1,96,250,10,0.7100,707.9,1393.21,2474.96,3225.83,3225.83,1412.70,1313,1119,9120,202593,211714,61846,149867,0,10,142299.3,396080968,35.9,96
n1m_d128_l2,1000000,128,l2,cluster,0.0100,0.0100,10000,C_acorn_g4,acorn,ACORN,16,4,16,250,10,0.1580,3127.6,304.25,457.46,500.71,500.71,319.73,1274,1203,6139,13017,19157,10388,8769,0,10,222708.5,185032456,24.6,40
n1m_d128_l2,1000000,128,l2,cluster,0.0100,0.0100,10000,C_acorn_g8,acorn,ACORN,16,8,16,250,10,0.3600,2054.0,445.92,900.92,1073.50,1073.50,486.86,1327,1258,7590,24040,31632,11661,19970,0,10,316872.6,202064904,24.6,40
n1m_d128_l2,1000000,128,l2,cluster,0.0100,0.0100,10000,C_acorn_g16,acorn,ACORN,16,16,16,250,10,0.6500,1683.5,521.71,1087.38,1724.88,1724.88,594.00,1442,1361,7932,22688,30622,11380,19241,0,10,1186950.8,236129800,24.6,40
n1m_d128_l2,1000000,128,l2,cluster,0.0100,0.0100,10000,A_std_standard,std,STANDARD,16,1,32,500,10,0.0420,1824.2,548.96,630.00,736.04,736.04,548.18,2166,2166,2166,0,2166,0,0,514,0,140884.0,140258120,24.5,32
n1m_d128_l2,1000000,128,l2,cluster,0.0100,0.0100,10000,B_std_acorn1,std,ACORN,16,1,32,500,10,0.4260,727.5,1348.33,2122.21,4298.46,4298.46,1374.55,1256,1161,10428,143540,153969,45381,108588,0,10,140884.0,140258120,24.5,32
n1m_d128_l2,1000000,128,l2,cluster,0.0100,0.0100,10000,D_large24_standard,large,STANDARD,24,1,48,500,10,0.0400,1825.1,555.71,585.88,662.67,662.67,547.91,2141,2141,2141,0,2141,0,0,510,0,132908.2,204166792,30.4,48
n1m_d128_l2,1000000,128,l2,cluster,0.0100,0.0100,10000,E_large24_acorn1,large,ACORN,24,1,48,500,10,0.5980,529.9,1609.17,3703.46,4609.12,4609.12,1887.22,1610,1511,15658,203760,219419,90542,128877,0,10,132908.2,204166792,30.4,48
n1m_d128_l2,1000000,128,l2,cluster,0.0100,0.0100,10000,D_large48_standard,large,STANDARD,48,1,96,500,10,0.0520,1769.0,564.88,650.83,736.04,736.04,565.28,2210,2210,2210,0,2210,0,0,508,1,142299.3,396080968,35.9,96
n1m_d128_l2,1000000,128,l2,cluster,0.0100,0.0100,10000,E_large48_acorn1,large,ACORN,48,1,96,500,10,0.7940,362.4,2776.38,4112.00,4899.79,4899.79,2759.71,1820,1626,18534,400803,419338,128855,290483,0,10,142299.3,396080968,35.9,96
n1m_d128_l2,1000000,128,l2,cluster,0.0100,0.0100,10000,C_acorn_g4,acorn,ACORN,16,4,16,500,10,0.1580,1531.4,629.96,850.21,1031.04,1031.04,653.01,1396,1325,12426,31299,43727,24104,19623,0,10,222708.5,185032456,24.6,40
n1m_d128_l2,1000000,128,l2,cluster,0.0100,0.0100,10000,C_acorn_g8,acorn,ACORN,16,8,16,500,10,0.4420,977.0,901.42,1577.04,2568.79,2568.79,1023.57,1569,1499,14345,53498,67844,24293,43551,0,10,316872.6,202064904,24.6,40
n1m_d128_l2,1000000,128,l2,cluster,0.0100,0.0100,10000,C_acorn_g16,acorn,ACORN,16,16,16,500,10,0.7080,1117.5,862.17,1437.12,1998.38,1998.38,894.87,1654,1574,14168,46741,60911,23614,37296,0,10,1186950.8,236129800,24.6,40
n1m_d128_l2,1000000,128,l2,cluster,0.0050,0.0050,5000,F_exact,exact,EXACT,16,0,0,0,10,1.0000,647.8,1507.71,1758.75,2060.71,2060.71,1543.68,5000,0,0,0,1000000,0,0,0,10,0.0,0,0.0,0
n1m_d128_l2,1000000,128,l2,cluster,0.0050,0.0050,5000,A_std_standard,std,STANDARD,16,1,32,50,10,0.0180,10058.8,97.62,158.12,206.12,206.12,99.42,1103,1103,1103,0,1103,0,0,65,0,140884.0,140258120,24.5,32
n1m_d128_l2,1000000,128,l2,cluster,0.0050,0.0050,5000,B_std_acorn1,std,ACORN,16,1,32,50,10,0.3760,10025.5,93.96,142.71,236.29,236.29,99.75,1097,1008,501,4137,4640,2071,2568,0,10,140884.0,140258120,24.5,32
n1m_d128_l2,1000000,128,l2,cluster,0.0050,0.0050,5000,D_large24_standard,large,STANDARD,24,1,48,50,10,0.0180,9680.2,103.83,131.33,165.33,165.33,103.30,1279,1279,1279,0,1279,0,0,61,0,132908.2,204166792,30.4,48
n1m_d128_l2,1000000,128,l2,cluster,0.0050,0.0050,5000,E_large24_acorn1,large,ACORN,24,1,48,50,10,0.3940,8831.9,99.25,180.29,231.25,231.25,113.23,1280,1178,637,5270,5908,3146,2761,0,10,132908.2,204166792,30.4,48
n1m_d128_l2,1000000,128,l2,cluster,0.0050,0.0050,5000,D_large48_standard,large,STANDARD,48,1,96,50,10,0.0180,8672.3,116.71,139.12,158.96,158.96,115.31,1465,1465,1465,0,1465,0,0,58,0,142299.3,396080968,35.9,96
n1m_d128_l2,1000000,128,l2,cluster,0.0050,0.0050,5000,E_large48_acorn1,large,ACORN,48,1,96,50,10,0.5100,5351.8,159.21,355.75,415.75,415.75,186.85,1574,1439,1156,16200,17358,6105,11252,0,10,142299.3,396080968,35.9,96
n1m_d128_l2,1000000,128,l2,cluster,0.0050,0.0050,5000,C_acorn_g4,acorn,ACORN,16,4,16,50,10,0.0000,130475.7,7.67,7.96,8.12,8.12,7.66,1,1,228,99,328,0,328,0,0,222708.5,185032456,24.6,40
n1m_d128_l2,1000000,128,l2,cluster,0.0050,0.0050,5000,C_acorn_g8,acorn,ACORN,16,8,16,50,10,0.3680,12711.5,75.83,127.54,142.46,142.46,78.67,846,790,1564,1281,2846,1782,1064,0,10,316872.6,202064904,24.6,40
n1m_d128_l2,1000000,128,l2,cluster,0.0050,0.0050,5000,C_acorn_g16,acorn,ACORN,16,16,16,50,10,0.3540,13134.3,72.29,104.29,150.62,150.62,76.14,865,805,1918,1264,3183,1816,1366,0,10,1186950.8,236129800,24.6,40
n1m_d128_l2,1000000,128,l2,cluster,0.0050,0.0050,5000,A_std_standard,std,STANDARD,16,1,32,100,10,0.0200,6462.8,156.79,224.46,290.25,290.25,154.73,1525,1525,1525,0,1525,0,0,114,0,140884.0,140258120,24.5,32
n1m_d128_l2,1000000,128,l2,cluster,0.0050,0.0050,5000,B_std_acorn1,std,ACORN,16,1,32,100,10,0.4520,6169.3,139.17,239.46,321.12,321.12,162.09,1454,1365,1172,7213,8387,4603,3783,0,10,140884.0,140258120,24.5,32
n1m_d128_l2,1000000,128,l2,cluster,0.0050,0.0050,5000,D_large24_standard,large,STANDARD,24,1,48,100,10,0.0200,6174.7,163.54,187.71,228.96,228.96,161.95,1699,1699,1699,0,1699,0,0,110,0,132908.2,204166792,30.4,48
n1m_d128_l2,1000000,128,l2,cluster,0.0050,0.0050,5000,E_large24_acorn1,large,ACORN,24,1,48,100,10,0.4560,5197.3,162.38,274.88,417.00,417.00,192.41,1574,1471,1687,10958,12646,7866,4780,0,10,132908.2,204166792,30.4,48
n1m_d128_l2,1000000,128,l2,cluster,0.0050,0.0050,5000,D_large48_standard,large,STANDARD,48,1,96,100,10,0.0200,5793.2,176.58,205.75,221.88,221.88,172.62,1848,1848,1848,0,1848,0,0,108,0,142299.3,396080968,35.9,96
n1m_d128_l2,1000000,128,l2,cluster,0.0050,0.0050,5000,E_large48_acorn1,large,ACORN,48,1,96,100,10,0.5880,3178.3,247.42,524.25,861.42,861.42,314.63,1862,1727,2655,28000,30657,13921,16735,0,10,142299.3,396080968,35.9,96
n1m_d128_l2,1000000,128,l2,cluster,0.0050,0.0050,5000,C_acorn_g4,acorn,ACORN,16,4,16,100,10,0.0000,121310.1,8.25,8.58,8.79,8.79,8.24,1,1,228,99,328,0,328,0,0,222708.5,185032456,24.6,40
n1m_d128_l2,1000000,128,l2,cluster,0.0050,0.0050,5000,C_acorn_g8,acorn,ACORN,16,8,16,100,10,0.4860,8032.8,119.88,161.88,229.92,229.92,124.49,1141,1086,2611,2750,5363,3492,1870,0,10,316872.6,202064904,24.6,40
n1m_d128_l2,1000000,128,l2,cluster,0.0050,0.0050,5000,C_acorn_g16,acorn,ACORN,16,16,16,100,10,0.4420,7928.6,120.54,172.62,244.71,244.71,126.13,1161,1101,2979,2729,5710,3556,2153,0,10,1186950.8,236129800,24.6,40
n1m_d128_l2,1000000,128,l2,cluster,0.0050,0.0050,5000,A_std_standard,std,STANDARD,16,1,32,250,10,0.0200,3488.3,292.46,369.33,431.38,431.38,286.67,1966,1966,1966,0,1966,0,0,264,0,140884.0,140258120,24.5,32
n1m_d128_l2,1000000,128,l2,cluster,0.0050,0.0050,5000,B_std_acorn1,std,ACORN,16,1,32,250,10,0.5260,2539.5,346.96,619.92,744.67,744.67,393.77,1712,1624,4554,22402,26958,17203,9754,0,10,140884.0,140258120,24.5,32
n1m_d128_l2,1000000,128,l2,cluster,0.0050,0.0050,5000,D_large24_standard,large,STANDARD,24,1,48,250,10,0.0200,3322.8,303.96,345.21,413.46,413.46,300.95,2061,2061,2061,0,2061,0,0,260,0,132908.2,204166792,30.4,48
n1m_d128_l2,1000000,128,l2,cluster,0.0050,0.0050,5000,E_large24_acorn1,large,ACORN,24,1,48,250,10,0.5060,2165.8,369.46,777.25,906.71,906.71,461.72,1718,1615,6066,36139,42207,27519,14687,0,10,132908.2,204166792,30.4,48
n1m_d128_l2,1000000,128,l2,cluster,0.0050,0.0050,5000,D_large48_standard,large,STANDARD,48,1,96,250,10,0.0200,3266.7,312.46,347.67,374.38,374.38,306.11,2138,2138,2138,0,2138,0,0,258,0,142299.3,396080968,35.9,96
n1m_d128_l2,1000000,128,l2,cluster,0.0050,0.0050,5000,E_large48_acorn1,large,ACORN,48,1,96,250,10,0.7000,1618.1,500.08,1023.04,1150.50,1150.50,618.02,2050,1915,7866,67131,74999,41329,33669,0,10,142299.3,396080968,35.9,96
n1m_d128_l2,1000000,128,l2,cluster,0.0050,0.0050,5000,C_acorn_g4,acorn,ACORN,16,4,16,250,10,0.0000,120396.6,8.25,8.71,8.92,8.92,8.31,1,1,228,99,328,0,328,0,0,222708.5,185032456,24.6,40
n1m_d128_l2,1000000,128,l2,cluster,0.0050,0.0050,5000,C_acorn_g8,acorn,ACORN,16,8,16,250,10,0.5920,3568.0,270.83,343.67,529.21,529.21,280.27,1525,1470,5984,7905,13890,9212,4678,0,10,316872.6,202064904,24.6,40
n1m_d128_l2,1000000,128,l2,cluster,0.0050,0.0050,5000,C_acorn_g16,acorn,ACORN,16,16,16,250,10,0.5720,3346.4,277.67,396.08,625.12,625.12,298.82,1579,1520,6466,7954,14422,9425,4996,0,10,1186950.8,236129800,24.6,40
n1m_d128_l2,1000000,128,l2,cluster,0.0050,0.0050,5000,A_std_standard,std,STANDARD,16,1,32,500,10,0.0200,1843.4,541.88,637.29,713.50,713.50,542.47,2166,2166,2166,0,2166,0,0,514,0,140884.0,140258120,24.5,32
n1m_d128_l2,1000000,128,l2,cluster,0.0050,0.0050,5000,B_std_acorn1,std,ACORN,16,1,32,500,10,0.5560,1327.8,662.67,1086.21,1325.29,1325.29,753.11,1801,1713,10849,50189,61040,40514,20525,0,10,140884.0,140258120,24.5,32
n1m_d128_l2,1000000,128,l2,cluster,0.0050,0.0050,5000,D_large24_standard,large,STANDARD,24,1,48,500,10,0.0200,1793.5,561.50,663.00,701.71,701.71,557.57,2141,2141,2141,0,2141,0,0,510,0,132908.2,204166792,30.4,48
n1m_d128_l2,1000000,128,l2,cluster,0.0050,0.0050,5000,E_large24_acorn1,large,ACORN,24,1,48,500,10,0.5760,992.7,788.42,1668.79,1795.79,1795.79,1007.40,1886,1784,13784,82029,95814,62422,33392,0,10,132908.2,204166792,30.4,48
n1m_d128_l2,1000000,128,l2,cluster,0.0050,0.0050,5000,D_large48_standard,large,STANDARD,48,1,96,500,10,0.0200,1807.5,560.04,614.79,638.67,638.67,553.26,2210,2210,2210,0,2210,0,0,508,0,142299.3,396080968,35.9,96
n1m_d128_l2,1000000,128,l2,cluster,0.0050,0.0050,5000,E_large48_acorn1,large,ACORN,48,1,96,500,10,0.7920,805.3,1055.12,1999.79,2259.96,2259.96,1241.84,2241,2106,16701,132434,149136,88280,60856,0,10,142299.3,396080968,35.9,96
n1m_d128_l2,1000000,128,l2,cluster,0.0050,0.0050,5000,C_acorn_g4,acorn,ACORN,16,4,16,500,10,0.0000,117773.4,8.04,8.83,22.83,22.83,8.49,1,1,228,99,328,0,328,0,0,222708.5,185032456,24.6,40
n1m_d128_l2,1000000,128,l2,cluster,0.0050,0.0050,5000,C_acorn_g8,acorn,ACORN,16,8,16,500,10,0.6240,1871.4,503.17,662.71,903.96,903.96,534.35,1705,1650,12047,17475,29524,20301,9222,0,10,316872.6,202064904,24.6,40
n1m_d128_l2,1000000,128,l2,cluster,0.0050,0.0050,5000,C_acorn_g16,acorn,ACORN,16,16,16,500,10,0.5940,1731.3,521.12,911.75,995.71,995.71,577.59,1753,1693,12501,17866,30369,20441,9928,0,10,1186950.8,236129800,24.6,40
n1m_d128_l2,1000000,128,l2,cluster,0.0010,0.0010,1000,F_exact,exact,EXACT,16,0,0,0,10,1.0000,878.4,1127.50,1195.04,1258.58,1258.58,1138.47,1000,0,0,0,1000000,0,0,0,10,0.0,0,0.0,0
n1m_d128_l2,1000000,128,l2,cluster,0.0010,0.0010,1000,A_std_standard,std,STANDARD,16,1,32,50,10,0.0000,10576.3,93.08,158.04,193.92,193.92,94.55,1103,1103,1103,0,1103,0,0,65,0,140884.0,140258120,24.5,32
n1m_d128_l2,1000000,128,l2,cluster,0.0010,0.0010,1000,B_std_acorn1,std,ACORN,16,1,32,50,10,0.8920,11196.4,88.04,100.67,114.67,114.67,89.31,926,855,570,4855,5427,2674,2752,0,10,140884.0,140258120,24.5,32
n1m_d128_l2,1000000,128,l2,cluster,0.0010,0.0010,1000,D_large24_standard,large,STANDARD,24,1,48,50,10,0.0000,9785.1,104.25,120.79,165.42,165.42,102.20,1279,1279,1279,0,1279,0,0,61,0,132908.2,204166792,30.4,48
n1m_d128_l2,1000000,128,l2,cluster,0.0010,0.0010,1000,E_large24_acorn1,large,ACORN,24,1,48,50,10,0.0000,98765.0,10.12,10.33,10.54,10.54,10.13,1,1,83,1768,1852,0,1852,0,0,132908.2,204166792,30.4,48
n1m_d128_l2,1000000,128,l2,cluster,0.0010,0.0010,1000,D_large48_standard,large,STANDARD,48,1,96,50,10,0.0000,8757.8,115.75,129.71,160.21,160.21,114.18,1465,1465,1465,0,1465,0,0,58,0,142299.3,396080968,35.9,96
n1m_d128_l2,1000000,128,l2,cluster,0.0010,0.0010,1000,E_large48_acorn1,large,ACORN,48,1,96,50,10,1.0000,5737.9,172.75,192.25,227.38,227.38,174.28,1111,993,1523,18022,19547,10617,8929,0,10,142299.3,396080968,35.9,96
n1m_d128_l2,1000000,128,l2,cluster,0.0010,0.0010,1000,C_acorn_g4,acorn,ACORN,16,4,16,50,10,0.8720,16831.7,58.29,73.75,79.00,79.00,59.41,717,683,1352,1209,2562,1761,801,0,10,222708.5,185032456,24.6,40
n1m_d128_l2,1000000,128,l2,cluster,0.0010,0.0010,1000,C_acorn_g8,acorn,ACORN,16,8,16,50,10,0.8740,16440.2,59.79,72.71,80.58,80.58,60.83,721,686,1605,1240,2846,1797,1049,0,10,316872.6,202064904,24.6,40
n1m_d128_l2,1000000,128,l2,cluster,0.0010,0.0010,1000,C_acorn_g16,acorn,ACORN,16,16,16,50,10,0.8500,16162.1,60.33,73.25,84.42,84.42,61.87,718,683,1963,1243,3207,1780,1427,0,10,1186950.8,236129800,24.6,40
n1m_d128_l2,1000000,128,l2,cluster,0.0010,0.0010,1000,A_std_standard,std,STANDARD,16,1,32,100,10,0.0000,6390.1,157.62,222.42,282.79,282.79,156.49,1525,1525,1525,0,1525,0,0,114,0,140884.0,140258120,24.5,32
n1m_d128_l2,1000000,128,l2,cluster,0.0010,0.0010,1000,B_std_acorn1,std,ACORN,16,1,32,100,10,1.0000,5321.7,172.38,294.12,504.50,504.50,187.91,1067,995,1732,13416,15150,8759,6391,0,10,140884.0,140258120,24.5,32
n1m_d128_l2,1000000,128,l2,cluster,0.0010,0.0010,1000,D_large24_standard,large,STANDARD,24,1,48,100,10,0.0000,5946.5,168.71,199.62,246.21,246.21,168.17,1699,1699,1699,0,1699,0,0,110,0,132908.2,204166792,30.4,48
n1m_d128_l2,1000000,128,l2,cluster,0.0010,0.0010,1000,E_large24_acorn1,large,ACORN,24,1,48,100,10,0.0000,97355.4,10.17,10.67,12.83,12.83,10.27,1,1,83,1768,1852,0,1852,0,0,132908.2,204166792,30.4,48
n1m_d128_l2,1000000,128,l2,cluster,0.0010,0.0010,1000,D_large48_standard,large,STANDARD,48,1,96,100,10,0.0000,5779.7,177.67,204.79,224.62,224.62,173.02,1848,1848,1848,0,1848,0,0,108,0,142299.3,396080968,35.9,96
n1m_d128_l2,1000000,128,l2,cluster,0.0010,0.0010,1000,E_large48_acorn1,large,ACORN,48,1,96,100,10,1.0000,2858.4,348.88,375.08,390.12,390.12,349.85,1118,999,3768,41950,45719,26817,18902,0,10,142299.3,396080968,35.9,96
n1m_d128_l2,1000000,128,l2,cluster,0.0010,0.0010,1000,C_acorn_g4,acorn,ACORN,16,4,16,100,10,0.9740,9931.7,98.62,115.38,126.50,126.50,100.69,911,876,2514,2767,5283,3790,1492,0,10,222708.5,185032456,24.6,40
n1m_d128_l2,1000000,128,l2,cluster,0.0010,0.0010,1000,C_acorn_g8,acorn,ACORN,16,8,16,100,10,0.9600,9792.4,100.00,123.25,123.50,123.50,102.12,910,875,2758,2832,5592,3846,1746,0,10,316872.6,202064904,24.6,40
n1m_d128_l2,1000000,128,l2,cluster,0.0010,0.0010,1000,C_acorn_g16,acorn,ACORN,16,16,16,100,10,0.9620,9390.5,99.25,153.00,189.04,189.04,106.49,911,877,3126,2806,5933,3823,2110,0,10,1186950.8,236129800,24.6,40
n1m_d128_l2,1000000,128,l2,cluster,0.0010,0.0010,1000,A_std_standard,std,STANDARD,16,1,32,250,10,0.0000,3439.3,292.33,383.21,444.71,444.71,290.76,1966,1966,1966,0,1966,0,0,264,0,140884.0,140258120,24.5,32
n1m_d128_l2,1000000,128,l2,cluster,0.0010,0.0010,1000,B_std_acorn1,std,ACORN,16,1,32,250,10,1.0000,2206.3,450.04,504.08,523.29,523.29,453.24,1071,1000,6002,44730,50733,31235,19498,0,10,140884.0,140258120,24.5,32
n1m_d128_l2,1000000,128,l2,cluster,0.0010,0.0010,1000,D_large24_standard,large,STANDARD,24,1,48,250,10,0.0000,3374.6,302.25,323.46,391.83,391.83,296.33,2061,2061,2061,0,2061,0,0,260,0,132908.2,204166792,30.4,48
n1m_d128_l2,1000000,128,l2,cluster,0.0010,0.0010,1000,E_large24_acorn1,large,ACORN,24,1,48,250,10,0.0000,93895.7,10.62,11.00,12.67,12.67,10.65,1,1,83,1768,1852,0,1852,0,0,132908.2,204166792,30.4,48
n1m_d128_l2,1000000,128,l2,cluster,0.0010,0.0010,1000,D_large48_standard,large,STANDARD,48,1,96,250,10,0.0000,3075.9,327.79,377.38,457.50,457.50,325.11,2138,2138,2138,0,2138,0,0,258,0,142299.3,396080968,35.9,96
n1m_d128_l2,1000000,128,l2,cluster,0.0010,0.0010,1000,E_large48_acorn1,large,ACORN,48,1,96,250,10,1.0000,1112.0,887.42,977.00,1134.04,1134.04,899.28,1118,1000,10517,113777,124295,75781,48513,0,10,142299.3,396080968,35.9,96
n1m_d128_l2,1000000,128,l2,cluster,0.0010,0.0010,1000,C_acorn_g4,acorn,ACORN,16,4,16,250,10,1.0000,4037.9,245.21,269.38,290.83,290.83,247.65,1029,995,6289,12738,19029,14293,4735,0,10,222708.5,185032456,24.6,40
n1m_d128_l2,1000000,128,l2,cluster,0.0010,0.0010,1000,C_acorn_g8,acorn,ACORN,16,8,16,250,10,1.0000,3948.6,251.25,278.79,294.79,294.79,253.26,1031,996,6628,13523,20152,14866,5286,0,10,316872.6,202064904,24.6,40
n1m_d128_l2,1000000,128,l2,cluster,0.0010,0.0010,1000,C_acorn_g16,acorn,ACORN,16,16,16,250,10,1.0000,3895.4,252.54,290.33,328.12,328.12,256.71,1031,996,7014,13677,20692,15042,5650,0,10,1186950.8,236129800,24.6,40
n1m_d128_l2,1000000,128,l2,cluster,0.0010,0.0010,1000,A_std_standard,std,STANDARD,16,1,32,500,10,0.0000,1849.3,548.38,624.83,716.08,716.08,540.74,2166,2166,2166,0,2166,0,0,514,0,140884.0,140258120,24.5,32
n1m_d128_l2,1000000,128,l2,cluster,0.0010,0.0010,1000,B_std_acorn1,std,ACORN,16,1,32,500,10,1.0000,1017.2,958.12,1111.33,1304.33,1304.33,983.08,1071,1000,13167,96924,110092,68771,41321,0,10,140884.0,140258120,24.5,32
n1m_d128_l2,1000000,128,l2,cluster,0.0010,0.0010,1000,D_large24_standard,large,STANDARD,24,1,48,500,10,0.0000,1755.5,555.12,702.62,1146.96,1146.96,569.63,2141,2141,2141,0,2141,0,0,510,0,132908.2,204166792,30.4,48
n1m_d128_l2,1000000,128,l2,cluster,0.0010,0.0010,1000,E_large24_acorn1,large,ACORN,24,1,48,500,10,0.0000,94966.4,10.50,10.71,11.17,11.17,10.53,1,1,83,1768,1852,0,1852,0,0,132908.2,204166792,30.4,48
n1m_d128_l2,1000000,128,l2,cluster,0.0010,0.0010,1000,D_large48_standard,large,STANDARD,48,1,96,500,10,0.0000,1766.6,565.96,625.96,753.12,753.12,566.06,2210,2210,2210,0,2210,0,0,508,0,142299.3,396080968,35.9,96
n1m_d128_l2,1000000,128,l2,cluster,0.0010,0.0010,1000,E_large48_acorn1,large,ACORN,48,1,96,500,10,1.0000,543.0,1839.42,1899.21,2089.75,2089.75,1841.58,1118,1000,21881,233952,255834,158045,97789,0,10,142299.3,396080968,35.9,96
n1m_d128_l2,1000000,128,l2,cluster,0.0010,0.0010,1000,C_acorn_g4,acorn,ACORN,16,4,16,500,10,1.0000,1831.0,543.67,563.67,636.12,636.12,546.14,1034,1000,12808,34622,47431,36324,11106,0,10,222708.5,185032456,24.6,40
n1m_d128_l2,1000000,128,l2,cluster,0.0010,0.0010,1000,C_acorn_g8,acorn,ACORN,16,8,16,500,10,1.0000,1733.5,570.29,642.08,651.92,651.92,576.88,1034,1000,13291,36996,50289,38012,12276,0,10,316872.6,202064904,24.6,40
n1m_d128_l2,1000000,128,l2,cluster,0.0010,0.0010,1000,C_acorn_g16,acorn,ACORN,16,16,16,500,10,1.0000,1681.2,589.17,673.62,716.21,716.21,594.80,1034,1000,13733,37776,51511,38781,12729,0,10,1186950.8,236129800,24.6,40
n1m_d128_l2,1000000,128,l2,adversarial,0.5000,0.5000,500000,F_exact,exact,EXACT,16,0,0,0,10,1.0000,19.9,50555.75,51507.04,51917.04,51917.04,50206.98,500000,0,0,0,1000000,0,0,0,10,0.0,0,0.0,0
n1m_d128_l2,1000000,128,l2,adversarial,0.5000,0.5000,500000,A_std_standard,std,STANDARD,16,1,32,50,10,0.6080,11135.8,87.62,146.25,188.00,188.00,89.80,1103,1103,1103,0,1103,0,0,65,7,140884.0,140258120,24.5,32
n1m_d128_l2,1000000,128,l2,adversarial,0.5000,0.5000,500000,B_std_acorn1,std,ACORN,16,1,32,50,10,0.2920,5501.8,161.04,333.29,375.71,375.71,181.76,1176,1026,514,4969,5485,2378,3106,0,10,140884.0,140258120,24.5,32
n1m_d128_l2,1000000,128,l2,adversarial,0.5000,0.5000,500000,D_large24_standard,large,STANDARD,24,1,48,50,10,0.7040,9385.6,108.58,119.58,169.71,169.71,106.55,1279,1279,1279,0,1279,0,0,61,8,132908.2,204166792,30.4,48
n1m_d128_l2,1000000,128,l2,adversarial,0.5000,0.5000,500000,E_large24_acorn1,large,ACORN,24,1,48,50,10,0.4040,4235.9,193.46,442.67,555.92,555.92,236.08,1324,1148,736,10061,10799,3928,6871,0,10,132908.2,204166792,30.4,48
n1m_d128_l2,1000000,128,l2,adversarial,0.5000,0.5000,500000,D_large48_standard,large,STANDARD,48,1,96,50,10,0.7440,8460.7,119.33,134.00,165.50,165.50,118.19,1465,1465,1465,0,1465,0,0,58,8,142299.3,396080968,35.9,96
n1m_d128_l2,1000000,128,l2,adversarial,0.5000,0.5000,500000,E_large48_acorn1,large,ACORN,48,1,96,50,10,0.4700,3006.2,269.54,593.12,968.17,968.17,332.65,2017,1716,1179,15939,17119,7351,9768,0,10,142299.3,396080968,35.9,96
n1m_d128_l2,1000000,128,l2,adversarial,0.5000,0.5000,500000,C_acorn_g4,acorn,ACORN,16,4,16,50,10,0.1820,8238.8,120.33,175.88,204.46,204.46,121.38,834,730,1344,1772,3118,1840,1278,0,10,222708.5,185032456,24.6,40
n1m_d128_l2,1000000,128,l2,adversarial,0.5000,0.5000,500000,C_acorn_g8,acorn,ACORN,16,8,16,50,10,0.1900,8200.7,125.25,165.54,176.42,176.42,121.94,817,711,1334,1890,3226,1801,1425,0,10,316872.6,202064904,24.6,40
n1m_d128_l2,1000000,128,l2,adversarial,0.5000,0.5000,500000,C_acorn_g16,acorn,ACORN,16,16,16,50,10,0.2380,7954.5,121.79,178.83,221.75,221.75,125.72,780,675,1485,2746,4233,1762,2471,0,10,1186950.8,236129800,24.6,40
n1m_d128_l2,1000000,128,l2,adversarial,0.5000,0.5000,500000,A_std_standard,std,STANDARD,16,1,32,100,10,0.6980,6424.1,155.54,218.75,274.17,274.17,155.66,1525,1525,1525,0,1525,0,0,114,8,140884.0,140258120,24.5,32
n1m_d128_l2,1000000,128,l2,adversarial,0.5000,0.5000,500000,B_std_acorn1,std,ACORN,16,1,32,100,10,0.4240,2851.0,273.21,736.79,955.42,955.42,350.76,1611,1461,1316,11458,12776,5572,7204,0,10,140884.0,140258120,24.5,32
n1m_d128_l2,1000000,128,l2,adversarial,0.5000,0.5000,500000,D_large24_standard,large,STANDARD,24,1,48,100,10,0.7820,6085.5,167.50,189.96,234.79,234.79,164.33,1699,1699,1699,0,1699,0,0,110,8,132908.2,204166792,30.4,48
n1m_d128_l2,1000000,128,l2,adversarial,0.5000,0.5000,500000,E_large24_acorn1,large,ACORN,24,1,48,100,10,0.5000,2572.7,313.71,735.08,861.29,861.29,388.70,1655,1478,1903,21274,23178,9119,14059,0,10,132908.2,204166792,30.4,48
n1m_d128_l2,1000000,128,l2,adversarial,0.5000,0.5000,500000,D_large48_standard,large,STANDARD,48,1,96,100,10,0.7960,5604.3,181.42,204.67,238.25,238.25,178.44,1848,1848,1848,0,1848,0,0,108,8,142299.3,396080968,35.9,96
n1m_d128_l2,1000000,128,l2,adversarial,0.5000,0.5000,500000,E_large48_acorn1,large,ACORN,48,1,96,100,10,0.5920,1711.5,469.29,1293.79,1496.96,1496.96,584.29,2349,2048,3202,42079,45282,16599,28683,0,10,142299.3,396080968,35.9,96
n1m_d128_l2,1000000,128,l2,adversarial,0.5000,0.5000,500000,C_acorn_g4,acorn,ACORN,16,4,16,100,10,0.2020,5003.4,199.96,272.75,337.75,337.75,199.86,1093,990,2425,3496,5922,3536,2385,0,10,222708.5,185032456,24.6,40
n1m_d128_l2,1000000,128,l2,adversarial,0.5000,0.5000,500000,C_acorn_g8,acorn,ACORN,16,8,16,100,10,0.2240,5011.7,201.38,258.92,296.21,296.21,199.53,1087,980,2385,3550,5936,3471,2465,0,10,316872.6,202064904,24.6,40
n1m_d128_l2,1000000,128,l2,adversarial,0.5000,0.5000,500000,C_acorn_g16,acorn,ACORN,16,16,16,100,10,0.3100,4641.5,204.83,355.92,394.88,394.88,215.45,1109,1004,2624,5274,7900,3496,4403,0,10,1186950.8,236129800,24.6,40
n1m_d128_l2,1000000,128,l2,adversarial,0.5000,0.5000,500000,A_std_standard,std,STANDARD,16,1,32,250,10,0.7320,3470.1,289.96,366.58,435.17,435.17,288.17,1966,1966,1966,0,1966,0,0,264,8,140884.0,140258120,24.5,32
n1m_d128_l2,1000000,128,l2,adversarial,0.5000,0.5000,500000,B_std_acorn1,std,ACORN,16,1,32,250,10,0.4840,1556.1,558.92,1149.29,1771.62,1771.62,642.63,1996,1846,4820,30735,35557,17889,17667,0,10,140884.0,140258120,24.5,32
n1m_d128_l2,1000000,128,l2,adversarial,0.5000,0.5000,500000,D_large24_standard,large,STANDARD,24,1,48,250,10,0.8100,3067.1,312.42,417.04,614.46,614.46,326.04,2061,2061,2061,0,2061,0,0,260,8,132908.2,204166792,30.4,48
n1m_d128_l2,1000000,128,l2,adversarial,0.5000,0.5000,500000,E_large24_acorn1,large,ACORN,24,1,48,250,10,0.5780,1242.9,589.92,1745.62,2656.00,2656.00,804.59,1996,1819,6720,58549,65270,28340,36929,0,10,132908.2,204166792,30.4,48
n1m_d128_l2,1000000,128,l2,adversarial,0.5000,0.5000,500000,D_large48_standard,large,STANDARD,48,1,96,250,10,0.8140,3230.2,313.62,352.29,410.62,410.62,309.58,2138,2138,2138,0,2138,0,0,258,9,142299.3,396080968,35.9,96
n1m_d128_l2,1000000,128,l2,adversarial,0.5000,0.5000,500000,E_large48_acorn1,large,ACORN,48,1,96,250,10,0.6760,891.9,902.75,2201.38,2652.38,2652.38,1121.16,3058,2758,9347,90862,100211,44167,56043,0,10,142299.3,396080968,35.9,96
n1m_d128_l2,1000000,128,l2,adversarial,0.5000,0.5000,500000,C_acorn_g4,acorn,ACORN,16,4,16,250,10,0.2160,2394.0,409.25,585.83,625.88,625.88,417.70,1436,1332,5745,8645,14392,8892,5500,0,10,222708.5,185032456,24.6,40
n1m_d128_l2,1000000,128,l2,adversarial,0.5000,0.5000,500000,C_acorn_g8,acorn,ACORN,16,8,16,250,10,0.2380,2375.3,408.21,581.46,784.79,784.79,421.00,1480,1373,5834,8620,14455,9095,5359,0,10,316872.6,202064904,24.6,40
n1m_d128_l2,1000000,128,l2,adversarial,0.5000,0.5000,500000,C_acorn_g16,acorn,ACORN,16,16,16,250,10,0.3220,2246.3,433.75,642.71,754.08,754.08,445.17,1494,1388,5923,12645,18569,8810,9758,0,10,1186950.8,236129800,24.6,40
n1m_d128_l2,1000000,128,l2,adversarial,0.5000,0.5000,500000,A_std_standard,std,STANDARD,16,1,32,500,10,0.7460,1861.5,536.17,626.46,720.62,720.62,537.19,2166,2166,2166,0,2166,0,0,514,9,140884.0,140258120,24.5,32
n1m_d128_l2,1000000,128,l2,adversarial,0.5000,0.5000,500000,B_std_acorn1,std,ACORN,16,1,32,500,10,0.4860,887.0,971.50,2098.71,2569.08,2569.08,1127.34,2227,2077,11008,56824,67834,37660,30173,0,10,140884.0,140258120,24.5,32
n1m_d128_l2,1000000,128,l2,adversarial,0.5000,0.5000,500000,D_large24_standard,large,STANDARD,24,1,48,500,10,0.8140,1791.3,563.88,607.38,683.38,683.38,558.27,2141,2141,2141,0,2141,0,0,510,9,132908.2,204166792,30.4,48
n1m_d128_l2,1000000,128,l2,adversarial,0.5000,0.5000,500000,E_large24_acorn1,large,ACORN,24,1,48,500,10,0.6280,690.8,1223.12,2976.04,3610.75,3610.75,1447.70,2322,2145,15043,110542,125587,59132,66454,0,10,132908.2,204166792,30.4,48
n1m_d128_l2,1000000,128,l2,adversarial,0.5000,0.5000,500000,D_large48_standard,large,STANDARD,48,1,96,500,10,0.8160,1799.7,559.67,635.62,677.08,677.08,555.64,2210,2210,2210,0,2210,0,0,508,9,142299.3,396080968,35.9,96
n1m_d128_l2,1000000,128,l2,adversarial,0.5000,0.5000,500000,E_large48_acorn1,large,ACORN,48,1,96,500,10,0.8140,428.2,1983.62,4890.08,5787.42,5787.42,2335.16,3789,3488,20930,213466,234397,104599,129797,0,10,142299.3,396080968,35.9,96
n1m_d128_l2,1000000,128,l2,adversarial,0.5000,0.5000,500000,C_acorn_g4,acorn,ACORN,16,4,16,500,10,0.2200,1354.6,709.29,990.04,1138.17,1138.17,738.24,1658,1555,11446,16126,27573,18025,9548,0,10,222708.5,185032456,24.6,40
n1m_d128_l2,1000000,128,l2,adversarial,0.5000,0.5000,500000,C_acorn_g8,acorn,ACORN,16,8,16,500,10,0.2440,1283.5,771.88,1098.00,1290.88,1290.88,779.14,1690,1583,11762,17708,29471,18653,10817,0,10,316872.6,202064904,24.6,40
n1m_d128_l2,1000000,128,l2,adversarial,0.5000,0.5000,500000,C_acorn_g16,acorn,ACORN,16,16,16,500,10,0.3480,1208.7,806.54,1288.04,1438.58,1438.58,827.35,1899,1793,12033,23470,35504,19026,16478,0,10,1186950.8,236129800,24.6,40
n1m_d128_l2,1000000,128,l2,adversarial,0.5000,0.5000,500000,F_exact,exact,EXACT,16,0,0,0,100,1.0000,20.0,50490.88,51199.54,51383.12,51383.12,50027.82,500000,0,0,0,1000000,0,0,0,100,0.0,0,0.0,0
n1m_d128_l2,1000000,128,l2,adversarial,0.5000,0.5000,500000,A_std_standard,std,STANDARD,16,1,32,50,100,0.4534,9024.9,110.88,186.12,236.46,236.46,110.81,1103,1103,1103,0,1103,0,0,65,61,140884.0,140258120,24.5,32
n1m_d128_l2,1000000,128,l2,adversarial,0.5000,0.5000,500000,B_std_acorn1,std,ACORN,16,1,32,50,100,0.3006,4809.8,184.83,356.83,419.75,419.75,207.91,1176,1026,514,4969,5485,2378,3106,0,99,140884.0,140258120,24.5,32
n1m_d128_l2,1000000,128,l2,adversarial,0.5000,0.5000,500000,D_large24_standard,large,STANDARD,24,1,48,50,100,0.5440,7696.6,133.08,147.08,205.04,205.04,129.93,1279,1279,1279,0,1279,0,0,61,63,132908.2,204166792,30.4,48
n1m_d128_l2,1000000,128,l2,adversarial,0.5000,0.5000,500000,E_large24_acorn1,large,ACORN,24,1,48,50,100,0.4114,3880.6,211.96,469.58,587.67,587.67,257.69,1324,1148,736,10061,10799,3928,6871,0,98,132908.2,204166792,30.4,48
n1m_d128_l2,1000000,128,l2,adversarial,0.5000,0.5000,500000,D_large48_standard,large,STANDARD,48,1,96,50,100,0.5788,6355.7,163.79,187.54,230.38,230.38,157.34,1465,1465,1465,0,1465,0,0,58,64,142299.3,396080968,35.9,96
n1m_d128_l2,1000000,128,l2,adversarial,0.5000,0.5000,500000,E_large48_acorn1,large,ACORN,48,1,96,50,100,0.4936,2528.8,342.12,682.29,1090.54,1090.54,395.45,2017,1716,1179,15939,17119,7351,9768,0,100,142299.3,396080968,35.9,96
n1m_d128_l2,1000000,128,l2,adversarial,0.5000,0.5000,500000,C_acorn_g4,acorn,ACORN,16,4,16,50,100,0.1912,6802.8,146.54,208.71,250.96,250.96,147.00,834,730,1344,1772,3118,1840,1278,0,99,222708.5,185032456,24.6,40
n1m_d128_l2,1000000,128,l2,adversarial,0.5000,0.5000,500000,C_acorn_g8,acorn,ACORN,16,8,16,50,100,0.1920,7410.2,138.58,171.17,178.92,178.92,134.95,817,711,1334,1890,3226,1801,1425,0,99,316872.6,202064904,24.6,40
n1m_d128_l2,1000000,128,l2,adversarial,0.5000,0.5000,500000,C_acorn_g16,acorn,ACORN,16,16,16,50,100,0.2032,7207.5,137.29,182.96,244.25,244.25,138.74,780,675,1485,2746,4233,1762,2471,0,96,1186950.8,236129800,24.6,40
n1m_d128_l2,1000000,128,l2,adversarial,0.5000,0.5000,500000,A_std_standard,std,STANDARD,16,1,32,100,100,0.5516,6359.9,159.42,230.21,283.71,283.71,157.23,1525,1525,1525,0,1525,0,0,114,65,140884.0,140258120,24.5,32
n1m_d128_l2,1000000,128,l2,adversarial,0.5000,0.5000,500000,B_std_acorn1,std,ACORN,16,1,32,100,100,0.4324,3101.9,265.58,596.50,686.38,686.38,322.39,1611,1461,1316,11458,12776,5572,7204,0,100,140884.0,140258120,24.5,32
n1m_d128_l2,1000000,128,l2,adversarial,0.5000,0.5000,500000,D_large24_standard,large,STANDARD,24,1,48,100,100,0.6324,5841.5,175.38,189.79,241.96,241.96,171.19,1699,1699,1699,0,1699,0,0,110,66,132908.2,204166792,30.4,48
n1m_d128_l2,1000000,128,l2,adversarial,0.5000,0.5000,500000,E_large24_acorn1,large,ACORN,24,1,48,100,100,0.5140,2571.7,315.58,726.33,846.71,846.71,388.85,1655,1478,1903,21274,23178,9119,14059,0,98,132908.2,204166792,30.4,48
n1m_d128_l2,1000000,128,l2,adversarial,0.5000,0.5000,500000,D_large48_standard,large,STANDARD,48,1,96,100,100,0.6458,5361.1,191.29,204.88,245.92,245.92,186.53,1848,1848,1848,0,1848,0,0,108,67,142299.3,396080968,35.9,96
n1m_d128_l2,1000000,128,l2,adversarial,0.5000,0.5000,500000,E_large48_acorn1,large,ACORN,48,1,96,100,100,0.5936,1652.1,491.38,1320.50,1397.04,1397.04,605.30,2349,2048,3202,42079,45282,16599,28683,0,100,142299.3,396080968,35.9,96
n1m_d128_l2,1000000,128,l2,adversarial,0.5000,0.5000,500000,C_acorn_g4,acorn,ACORN,16,4,16,100,100,0.2186,4751.6,212.71,292.04,336.46,336.46,210.46,1093,990,2425,3496,5922,3536,2385,0,100,222708.5,185032456,24.6,40
n1m_d128_l2,1000000,128,l2,adversarial,0.5000,0.5000,500000,C_acorn_g8,acorn,ACORN,16,8,16,100,100,0.2286,4878.5,208.46,282.25,298.17,298.17,204.98,1087,980,2385,3550,5936,3471,2465,0,100,316872.6,202064904,24.6,40
n1m_d128_l2,1000000,128,l2,adversarial,0.5000,0.5000,500000,C_acorn_g16,acorn,ACORN,16,16,16,100,100,0.2812,4448.5,207.50,387.54,423.08,423.08,224.79,1109,1004,2624,5274,7900,3496,4403,0,96,1186950.8,236129800,24.6,40
n1m_d128_l2,1000000,128,l2,adversarial,0.5000,0.5000,500000,A_std_standard,std,STANDARD,16,1,32,250,100,0.6048,3316.1,307.17,388.83,468.83,468.83,301.56,1966,1966,1966,0,1966,0,0,264,68,140884.0,140258120,24.5,32
n1m_d128_l2,1000000,128,l2,adversarial,0.5000,0.5000,500000,B_std_acorn1,std,ACORN,16,1,32,250,100,0.5028,1546.4,540.08,1185.17,1851.62,1851.62,646.64,1996,1846,4820,30735,35557,17889,17667,0,100,140884.0,140258120,24.5,32
n1m_d128_l2,1000000,128,l2,adversarial,0.5000,0.5000,500000,D_large24_standard,large,STANDARD,24,1,48,250,100,0.6692,3198.6,319.08,330.96,402.88,402.88,312.63,2061,2061,2061,0,2061,0,0,260,69,132908.2,204166792,30.4,48
n1m_d128_l2,1000000,128,l2,adversarial,0.5000,0.5000,500000,E_large24_acorn1,large,ACORN,24,1,48,250,100,0.5970,1256.5,598.46,1671.58,2645.25,2645.25,795.86,1996,1819,6720,58549,65270,28340,36929,0,98,132908.2,204166792,30.4,48
n1m_d128_l2,1000000,128,l2,adversarial,0.5000,0.5000,500000,D_large48_standard,large,STANDARD,48,1,96,250,100,0.6756,3072.2,331.46,353.71,407.21,407.21,325.50,2138,2138,2138,0,2138,0,0,258,69,142299.3,396080968,35.9,96
n1m_d128_l2,1000000,128,l2,adversarial,0.5000,0.5000,500000,E_large48_acorn1,large,ACORN,48,1,96,250,100,0.6884,910.4,876.50,2191.58,2704.25,2704.25,1098.38,3058,2758,9347,90862,100211,44167,56043,0,100,142299.3,396080968,35.9,96
n1m_d128_l2,1000000,128,l2,adversarial,0.5000,0.5000,500000,C_acorn_g4,acorn,ACORN,16,4,16,250,100,0.2412,2373.1,411.00,587.21,646.79,646.79,421.40,1436,1332,5745,8645,14392,8892,5500,0,100,222708.5,185032456,24.6,40
n1m_d128_l2,1000000,128,l2,adversarial,0.5000,0.5000,500000,C_acorn_g8,acorn,ACORN,16,8,16,250,100,0.2590,2302.2,424.46,595.42,825.54,825.54,434.36,1480,1373,5834,8620,14455,9095,5359,0,100,316872.6,202064904,24.6,40
n1m_d128_l2,1000000,128,l2,adversarial,0.5000,0.5000,500000,C_acorn_g16,acorn,ACORN,16,16,16,250,100,0.3034,2149.6,443.21,665.75,722.38,722.38,465.20,1494,1388,5923,12645,18569,8810,9758,0,96,1186950.8,236129800,24.6,40
n1m_d128_l2,1000000,128,l2,adversarial,0.5000,0.5000,500000,A_std_standard,std,STANDARD,16,1,32,500,100,0.6188,1806.9,559.12,651.12,744.79,744.79,553.42,2166,2166,2166,0,2166,0,0,514,70,140884.0,140258120,24.5,32
n1m_d128_l2,1000000,128,l2,adversarial,0.5000,0.5000,500000,B_std_acorn1,std,ACORN,16,1,32,500,100,0.5052,927.7,936.50,2061.79,2389.92,2389.92,1077.94,2227,2077,11008,56824,67834,37660,30173,0,100,140884.0,140258120,24.5,32
n1m_d128_l2,1000000,128,l2,adversarial,0.5000,0.5000,500000,D_large24_standard,large,STANDARD,24,1,48,500,100,0.6760,1798.1,563.08,586.67,666.96,666.96,556.13,2141,2141,2141,0,2141,0,0,510,70,132908.2,204166792,30.4,48
n1m_d128_l2,1000000,128,l2,adversarial,0.5000,0.5000,500000,E_large24_acorn1,large,ACORN,24,1,48,500,100,0.6512,709.9,1221.04,2929.71,3571.58,3571.58,1408.69,2322,2145,15043,110542,125587,59132,66454,0,98,132908.2,204166792,30.4,48
n1m_d128_l2,1000000,128,l2,adversarial,0.5000,0.5000,500000,D_large48_standard,large,STANDARD,48,1,96,500,100,0.6802,1755.4,579.88,619.79,670.33,670.33,569.67,2210,2210,2210,0,2210,0,0,508,72,142299.3,396080968,35.9,96
n1m_d128_l2,1000000,128,l2,adversarial,0.5000,0.5000,500000,E_large48_acorn1,large,ACORN,48,1,96,500,100,0.8232,444.8,1921.58,4628.38,5690.96,5690.96,2248.12,3789,3488,20930,213466,234397,104599,129797,0,100,142299.3,396080968,35.9,96
n1m_d128_l2,1000000,128,l2,adversarial,0.5000,0.5000,500000,C_acorn_g4,acorn,ACORN,16,4,16,500,100,0.2456,1353.5,732.33,1021.67,1169.33,1169.33,738.83,1658,1555,11446,16126,27573,18025,9548,0,100,222708.5,185032456,24.6,40
n1m_d128_l2,1000000,128,l2,adversarial,0.5000,0.5000,500000,C_acorn_g8,acorn,ACORN,16,8,16,500,100,0.2652,1288.3,760.96,1106.46,1313.50,1313.50,776.22,1690,1583,11762,17708,29471,18653,10817,0,100,316872.6,202064904,24.6,40
n1m_d128_l2,1000000,128,l2,adversarial,0.5000,0.5000,500000,C_acorn_g16,acorn,ACORN,16,16,16,500,100,0.3278,1166.0,834.08,1344.38,1510.67,1510.67,857.66,1899,1793,12033,23470,35504,19026,16478,0,96,1186950.8,236129800,24.6,40
n1m_d128_l2,1000000,128,l2,adversarial,0.2500,0.2500,250000,F_exact,exact,EXACT,16,0,0,0,10,1.0000,32.0,31232.04,31596.46,31830.83,31830.83,31241.83,250000,0,0,0,1000000,0,0,0,10,0.0,0,0.0,0
n1m_d128_l2,1000000,128,l2,adversarial,0.2500,0.2500,250000,A_std_standard,std,STANDARD,16,1,32,50,10,0.3500,10260.3,97.00,156.46,201.75,201.75,97.46,1103,1103,1103,0,1103,0,0,65,4,140884.0,140258120,24.5,32
n1m_d128_l2,1000000,128,l2,adversarial,0.2500,0.2500,250000,B_std_acorn1,std,ACORN,16,1,32,50,10,0.3160,5150.5,167.50,348.50,358.21,358.21,194.16,987,826,640,8307,8949,2554,6395,0,10,140884.0,140258120,24.5,32
n1m_d128_l2,1000000,128,l2,adversarial,0.2500,0.2500,250000,D_large24_standard,large,STANDARD,24,1,48,50,10,0.4160,9279.8,110.17,122.50,166.75,166.75,107.76,1279,1279,1279,0,1279,0,0,61,5,132908.2,204166792,30.4,48
n1m_d128_l2,1000000,128,l2,adversarial,0.2500,0.2500,250000,E_large24_acorn1,large,ACORN,24,1,48,50,10,0.2120,4656.9,187.12,416.79,424.62,424.62,214.73,1200,1051,715,9680,10397,3629,6767,0,10,132908.2,204166792,30.4,48
n1m_d128_l2,1000000,128,l2,adversarial,0.2500,0.2500,250000,D_large48_standard,large,STANDARD,48,1,96,50,10,0.4480,8371.8,121.54,132.96,168.58,168.58,119.45,1465,1465,1465,0,1465,0,0,58,4,142299.3,396080968,35.9,96
n1m_d128_l2,1000000,128,l2,adversarial,0.2500,0.2500,250000,E_large48_acorn1,large,ACORN,48,1,96,50,10,0.4180,2603.9,341.67,852.88,945.75,945.75,384.04,1489,1207,1461,31819,33282,8646,24635,0,10,142299.3,396080968,35.9,96
n1m_d128_l2,1000000,128,l2,adversarial,0.2500,0.2500,250000,C_acorn_g4,acorn,ACORN,16,4,16,50,10,0.0860,7978.3,127.17,180.38,190.67,190.67,125.34,682,613,1397,2245,3643,1696,1947,0,10,222708.5,185032456,24.6,40
n1m_d128_l2,1000000,128,l2,adversarial,0.2500,0.2500,250000,C_acorn_g8,acorn,ACORN,16,8,16,50,10,0.1320,7429.1,138.62,180.38,197.25,197.25,134.61,648,554,1638,3207,4846,1659,3186,0,10,316872.6,202064904,24.6,40
n1m_d128_l2,1000000,128,l2,adversarial,0.2500,0.2500,250000,C_acorn_g16,acorn,ACORN,16,16,16,50,10,0.1080,7458.1,142.58,206.17,223.50,223.50,134.08,806,713,1607,1694,3303,1800,1502,0,9,1186950.8,236129800,24.6,40
n1m_d128_l2,1000000,128,l2,adversarial,0.2500,0.2500,250000,A_std_standard,std,STANDARD,16,1,32,100,10,0.4020,5532.3,182.71,262.21,325.21,325.21,180.76,1525,1525,1525,0,1525,0,0,114,5,140884.0,140258120,24.5,32
n1m_d128_l2,1000000,128,l2,adversarial,0.2500,0.2500,250000,B_std_acorn1,std,ACORN,16,1,32,100,10,0.3780,2643.6,323.42,683.50,702.04,702.04,378.27,1257,1096,1443,17202,18646,5656,12989,0,10,140884.0,140258120,24.5,32
n1m_d128_l2,1000000,128,l2,adversarial,0.2500,0.2500,250000,D_large24_standard,large,STANDARD,24,1,48,100,10,0.4640,4458.2,219.29,322.25,336.17,336.17,224.31,1699,1699,1699,0,1699,0,0,110,5,132908.2,204166792,30.4,48
n1m_d128_l2,1000000,128,l2,adversarial,0.2500,0.2500,250000,E_large24_acorn1,large,ACORN,24,1,48,100,10,0.2440,1633.9,533.25,1146.71,1168.92,1168.92,612.05,1492,1342,1801,20431,22233,8868,13365,0,10,132908.2,204166792,30.4,48
n1m_d128_l2,1000000,128,l2,adversarial,0.2500,0.2500,250000,D_large48_standard,large,STANDARD,48,1,96,100,10,0.4720,2943.0,348.79,384.62,439.75,439.75,339.79,1848,1848,1848,0,1848,0,0,108,5,142299.3,396080968,35.9,96
n1m_d128_l2,1000000,128,l2,adversarial,0.2500,0.2500,250000,E_large48_acorn1,large,ACORN,48,1,96,100,10,0.4700,979.2,916.42,1975.54,2384.58,2384.58,1021.26,1719,1437,3335,63423,66759,19471,47287,0,10,142299.3,396080968,35.9,96
n1m_d128_l2,1000000,128,l2,adversarial,0.2500,0.2500,250000,C_acorn_g4,acorn,ACORN,16,4,16,100,10,0.0900,5171.7,188.96,301.21,349.88,349.88,193.36,891,822,2535,4914,7450,3416,4033,0,10,222708.5,185032456,24.6,40
n1m_d128_l2,1000000,128,l2,adversarial,0.2500,0.2500,250000,C_acorn_g8,acorn,ACORN,16,8,16,100,10,0.1520,5110.9,197.92,281.71,289.46,289.46,195.66,828,734,2733,6678,9413,3213,6200,0,10,316872.6,202064904,24.6,40
n1m_d128_l2,1000000,128,l2,adversarial,0.2500,0.2500,250000,C_acorn_g16,acorn,ACORN,16,16,16,100,10,0.1400,5155.3,191.04,272.92,434.79,434.79,193.97,1112,1019,2692,3316,6009,3524,2485,0,9,1186950.8,236129800,24.6,40
n1m_d128_l2,1000000,128,l2,adversarial,0.2500,0.2500,250000,A_std_standard,std,STANDARD,16,1,32,250,10,0.4180,3507.2,287.42,369.12,433.38,433.38,285.13,1966,1966,1966,0,1966,0,0,264,5,140884.0,140258120,24.5,32
n1m_d128_l2,1000000,128,l2,adversarial,0.2500,0.2500,250000,B_std_acorn1,std,ACORN,16,1,32,250,10,0.3920,1614.8,538.88,1050.17,1145.17,1145.17,619.27,1556,1395,4789,44588,49378,18201,31177,0,10,140884.0,140258120,24.5,32
n1m_d128_l2,1000000,128,l2,adversarial,0.2500,0.2500,250000,D_large24_standard,large,STANDARD,24,1,48,250,10,0.4840,3445.6,297.04,311.79,385.25,385.25,290.22,2061,2061,2061,0,2061,0,0,260,5,132908.2,204166792,30.4,48
n1m_d128_l2,1000000,128,l2,adversarial,0.2500,0.2500,250000,E_large24_acorn1,large,ACORN,24,1,48,250,10,0.2460,1422.1,582.79,1301.92,1601.46,1601.46,703.17,1709,1560,6163,56601,62765,28395,34370,0,10,132908.2,204166792,30.4,48
n1m_d128_l2,1000000,128,l2,adversarial,0.2500,0.2500,250000,D_large48_standard,large,STANDARD,48,1,96,250,10,0.4880,3252.6,310.04,337.38,375.42,375.42,307.45,2138,2138,2138,0,2138,0,0,258,5,142299.3,396080968,35.9,96
n1m_d128_l2,1000000,128,l2,adversarial,0.2500,0.2500,250000,E_large48_acorn1,large,ACORN,48,1,96,250,10,0.4920,817.6,1325.46,2169.12,2880.38,2880.38,1223.11,2067,1785,9028,142937,151967,50109,101858,0,10,142299.3,396080968,35.9,96
n1m_d128_l2,1000000,128,l2,adversarial,0.2500,0.2500,250000,C_acorn_g4,acorn,ACORN,16,4,16,250,10,0.1020,2195.4,441.00,783.62,1142.46,1142.46,455.49,1181,1112,5964,12319,18284,8865,9419,0,10,222708.5,185032456,24.6,40
n1m_d128_l2,1000000,128,l2,adversarial,0.2500,0.2500,250000,C_acorn_g8,acorn,ACORN,16,8,16,250,10,0.1580,2419.4,404.50,549.79,627.83,627.83,413.32,1171,1077,6171,16182,22355,8464,13891,0,10,316872.6,202064904,24.6,40
n1m_d128_l2,1000000,128,l2,adversarial,0.2500,0.2500,250000,C_acorn_g16,acorn,ACORN,16,16,16,250,10,0.1760,2375.2,407.12,633.54,782.38,782.38,421.02,1442,1349,5830,8602,14434,8687,5746,0,9,1186950.8,236129800,24.6,40
n1m_d128_l2,1000000,128,l2,adversarial,0.2500,0.2500,250000,A_std_standard,std,STANDARD,16,1,32,500,10,0.4260,1860.4,539.42,639.92,732.75,732.75,537.51,2166,2166,2166,0,2166,0,0,514,5,140884.0,140258120,24.5,32
n1m_d128_l2,1000000,128,l2,adversarial,0.2500,0.2500,250000,B_std_acorn1,std,ACORN,16,1,32,500,10,0.3920,978.9,890.00,1625.58,2056.58,2056.58,1021.58,1778,1617,10253,72066,82320,37604,44716,0,10,140884.0,140258120,24.5,32
n1m_d128_l2,1000000,128,l2,adversarial,0.2500,0.2500,250000,D_large24_standard,large,STANDARD,24,1,48,500,10,0.4900,1818.2,561.25,586.46,669.83,669.83,549.99,2141,2141,2141,0,2141,0,0,510,6,132908.2,204166792,30.4,48
n1m_d128_l2,1000000,128,l2,adversarial,0.2500,0.2500,250000,E_large24_acorn1,large,ACORN,24,1,48,500,10,0.2620,744.9,1067.67,2701.58,3806.29,3806.29,1342.53,1962,1812,14029,112388,126418,63181,63236,0,10,132908.2,204166792,30.4,48
n1m_d128_l2,1000000,128,l2,adversarial,0.2500,0.2500,250000,D_large48_standard,large,STANDARD,48,1,96,500,10,0.4920,1799.9,563.75,597.79,642.79,642.79,555.59,2210,2210,2210,0,2210,0,0,508,7,142299.3,396080968,35.9,96
n1m_d128_l2,1000000,128,l2,adversarial,0.2500,0.2500,250000,E_large48_acorn1,large,ACORN,48,1,96,500,10,0.5860,441.9,2216.83,4768.46,7076.71,7076.71,2263.15,2840,2558,19756,258180,277937,109101,168835,0,10,142299.3,396080968,35.9,96
n1m_d128_l2,1000000,128,l2,adversarial,0.2500,0.2500,250000,C_acorn_g4,acorn,ACORN,16,4,16,500,10,0.1040,1530.4,680.25,974.67,1027.08,1027.08,653.41,1338,1269,10977,19834,30813,17744,13068,0,10,222708.5,185032456,24.6,40
n1m_d128_l2,1000000,128,l2,adversarial,0.2500,0.2500,250000,C_acorn_g8,acorn,ACORN,16,8,16,500,10,0.1580,1328.6,717.71,1129.12,1462.21,1462.21,752.64,1506,1412,11671,26043,37715,17925,19790,0,10,316872.6,202064904,24.6,40
n1m_d128_l2,1000000,128,l2,adversarial,0.2500,0.2500,250000,C_acorn_g16,acorn,ACORN,16,16,16,500,10,0.1820,1367.2,713.42,1043.38,1144.71,1144.71,731.42,1620,1527,11376,17716,29093,17942,11151,0,9,1186950.8,236129800,24.6,40
n1m_d128_l2,1000000,128,l2,adversarial,0.2500,0.2500,250000,F_exact,exact,EXACT,16,0,0,0,100,1.0000,31.8,31463.38,31925.17,31999.92,31999.92,31468.73,250000,0,0,0,1000000,0,0,0,100,0.0,0,0.0,0
n1m_d128_l2,1000000,128,l2,adversarial,0.2500,0.2500,250000,A_std_standard,std,STANDARD,16,1,32,50,100,0.2666,8638.7,112.46,179.12,251.29,251.29,115.76,1103,1103,1103,0,1103,0,0,65,38,140884.0,140258120,24.5,32
n1m_d128_l2,1000000,128,l2,adversarial,0.2500,0.2500,250000,B_std_acorn1,std,ACORN,16,1,32,50,100,0.3430,4669.2,192.71,354.42,370.17,370.17,214.17,987,826,640,8307,8949,2554,6395,0,99,140884.0,140258120,24.5,32
n1m_d128_l2,1000000,128,l2,adversarial,0.2500,0.2500,250000,D_large24_standard,large,STANDARD,24,1,48,50,100,0.3364,7908.9,126.33,151.38,199.12,199.12,126.44,1279,1279,1279,0,1279,0,0,61,40,132908.2,204166792,30.4,48
n1m_d128_l2,1000000,128,l2,adversarial,0.2500,0.2500,250000,E_large24_acorn1,large,ACORN,24,1,48,50,100,0.2198,4169.1,213.83,427.62,464.50,464.50,239.86,1200,1051,715,9680,10397,3629,6767,0,98,132908.2,204166792,30.4,48
n1m_d128_l2,1000000,128,l2,adversarial,0.2500,0.2500,250000,D_large48_standard,large,STANDARD,48,1,96,50,100,0.3638,7372.0,138.42,158.08,202.46,202.46,135.65,1465,1465,1465,0,1465,0,0,58,40,142299.3,396080968,35.9,96
n1m_d128_l2,1000000,128,l2,adversarial,0.2500,0.2500,250000,E_large48_acorn1,large,ACORN,48,1,96,50,100,0.4154,2303.0,370.92,901.75,926.33,926.33,434.21,1489,1207,1462,31832,33296,8653,24642,0,100,142299.3,396080968,35.9,96
n1m_d128_l2,1000000,128,l2,adversarial,0.2500,0.2500,250000,C_acorn_g4,acorn,ACORN,16,4,16,50,100,0.0938,6892.7,146.08,196.96,217.96,217.96,145.08,682,613,1397,2245,3643,1696,1947,0,99,222708.5,185032456,24.6,40
n1m_d128_l2,1000000,128,l2,adversarial,0.2500,0.2500,250000,C_acorn_g8,acorn,ACORN,16,8,16,50,100,0.1496,6620.1,159.33,196.25,203.92,203.92,151.05,648,554,1638,3207,4846,1659,3186,0,100,316872.6,202064904,24.6,40
n1m_d128_l2,1000000,128,l2,adversarial,0.2500,0.2500,250000,C_acorn_g16,acorn,ACORN,16,16,16,50,100,0.1192,6459.4,161.29,247.62,260.25,260.25,154.81,806,713,1607,1694,3303,1800,1502,0,97,1186950.8,236129800,24.6,40
n1m_d128_l2,1000000,128,l2,adversarial,0.2500,0.2500,250000,A_std_standard,std,STANDARD,16,1,32,100,100,0.3200,4953.8,202.08,262.25,370.25,370.25,201.87,1525,1525,1525,0,1525,0,0,114,39,140884.0,140258120,24.5,32
n1m_d128_l2,1000000,128,l2,adversarial,0.2500,0.2500,250000,B_std_acorn1,std,ACORN,16,1,32,100,100,0.4126,2526.9,333.83,689.50,717.54,717.54,395.74,1257,1096,1443,17202,18646,5656,12989,0,100,140884.0,140258120,24.5,32
n1m_d128_l2,1000000,128,l2,adversarial,0.2500,0.2500,250000,D_large24_standard,large,STANDARD,24,1,48,100,100,0.3870,3212.5,332.17,358.67,470.33,470.33,311.28,1699,1699,1699,0,1699,0,0,110,41,132908.2,204166792,30.4,48
n1m_d128_l2,1000000,128,l2,adversarial,0.2500,0.2500,250000,E_large24_acorn1,large,ACORN,24,1,48,100,100,0.2632,1636.5,540.83,1153.83,1207.96,1207.96,611.07,1492,1342,1801,20431,22233,8868,13365,0,100,132908.2,204166792,30.4,48
n1m_d128_l2,1000000,128,l2,adversarial,0.2500,0.2500,250000,D_large48_standard,large,STANDARD,48,1,96,100,100,0.3974,2914.6,359.92,391.75,450.83,450.83,343.10,1848,1848,1848,0,1848,0,0,108,41,142299.3,396080968,35.9,96
n1m_d128_l2,1000000,128,l2,adversarial,0.2500,0.2500,250000,E_large48_acorn1,large,ACORN,48,1,96,100,100,0.4736,965.1,929.17,2023.21,2352.29,2352.29,1036.20,1719,1437,3335,63423,66759,19471,47287,0,100,142299.3,396080968,35.9,96
n1m_d128_l2,1000000,128,l2,adversarial,0.2500,0.2500,250000,C_acorn_g4,acorn,ACORN,16,4,16,100,100,0.1074,3087.9,315.08,533.79,594.33,594.33,323.85,891,822,2535,4914,7450,3416,4033,0,100,222708.5,185032456,24.6,40
n1m_d128_l2,1000000,128,l2,adversarial,0.2500,0.2500,250000,C_acorn_g8,acorn,ACORN,16,8,16,100,100,0.1702,2932.7,368.75,518.96,542.50,542.50,340.99,828,734,2733,6678,9413,3213,6200,0,100,316872.6,202064904,24.6,40
n1m_d128_l2,1000000,128,l2,adversarial,0.2500,0.2500,250000,C_acorn_g16,acorn,ACORN,16,16,16,100,100,0.1572,2871.6,382.83,497.21,833.79,833.79,348.23,1112,1019,2692,3316,6009,3524,2485,0,98,1186950.8,236129800,24.6,40
n1m_d128_l2,1000000,128,l2,adversarial,0.2500,0.2500,250000,A_std_standard,std,STANDARD,16,1,32,250,100,0.3504,1934.2,542.46,677.33,813.21,813.21,517.02,1966,1966,1966,0,1966,0,0,264,40,140884.0,140258120,24.5,32
n1m_d128_l2,1000000,128,l2,adversarial,0.2500,0.2500,250000,B_std_acorn1,std,ACORN,16,1,32,250,100,0.4408,1034.3,819.62,1683.46,1712.54,1712.54,966.84,1556,1395,4789,44588,49378,18201,31177,0,100,140884.0,140258120,24.5,32
n1m_d128_l2,1000000,128,l2,adversarial,0.2500,0.2500,250000,D_large24_standard,large,STANDARD,24,1,48,250,100,0.4082,1899.5,556.96,595.46,653.83,653.83,526.44,2061,2061,2061,0,2061,0,0,260,42,132908.2,204166792,30.4,48
n1m_d128_l2,1000000,128,l2,adversarial,0.2500,0.2500,250000,E_large24_acorn1,large,ACORN,24,1,48,250,100,0.2758,914.8,905.83,2022.42,2697.29,2697.29,1093.08,1709,1560,6163,56601,62765,28395,34370,0,100,132908.2,204166792,30.4,48
n1m_d128_l2,1000000,128,l2,adversarial,0.2500,0.2500,250000,D_large48_standard,large,STANDARD,48,1,96,250,100,0.4120,1809.9,578.79,625.25,716.25,716.25,552.52,2138,2138,2138,0,2138,0,0,258,42,142299.3,396080968,35.9,96
n1m_d128_l2,1000000,128,l2,adversarial,0.2500,0.2500,250000,E_large48_acorn1,large,ACORN,48,1,96,250,100,0.5086,619.3,1693.38,2905.71,3377.62,3377.62,1614.62,2067,1785,9028,142937,151967,50109,101858,0,100,142299.3,396080968,35.9,96
n1m_d128_l2,1000000,128,l2,adversarial,0.2500,0.2500,250000,C_acorn_g4,acorn,ACORN,16,4,16,250,100,0.1296,1611.8,608.83,1049.42,1120.75,1120.75,620.43,1181,1112,5964,12319,18284,8865,9419,0,100,222708.5,185032456,24.6,40
n1m_d128_l2,1000000,128,l2,adversarial,0.2500,0.2500,250000,C_acorn_g8,acorn,ACORN,16,8,16,250,100,0.1838,1546.3,682.38,954.92,1137.79,1137.79,646.71,1171,1077,6171,16182,22355,8464,13891,0,100,316872.6,202064904,24.6,40
n1m_d128_l2,1000000,128,l2,adversarial,0.2500,0.2500,250000,C_acorn_g16,acorn,ACORN,16,16,16,250,100,0.1830,1486.7,710.88,968.62,1271.00,1271.00,672.63,1442,1349,5830,8602,14434,8687,5746,0,98,1186950.8,236129800,24.6,40
n1m_d128_l2,1000000,128,l2,adversarial,0.2500,0.2500,250000,A_std_standard,std,STANDARD,16,1,32,500,100,0.3568,1154.5,894.75,1053.29,1231.08,1231.08,866.21,2166,2166,2166,0,2166,0,0,514,41,140884.0,140258120,24.5,32
n1m_d128_l2,1000000,128,l2,adversarial,0.2500,0.2500,250000,B_std_acorn1,std,ACORN,16,1,32,500,100,0.4432,864.5,1080.96,2098.00,2413.00,2413.00,1156.71,1778,1617,10253,72066,82320,37604,44716,0,100,140884.0,140258120,24.5,32
n1m_d128_l2,1000000,128,l2,adversarial,0.2500,0.2500,250000,D_large24_standard,large,STANDARD,24,1,48,500,100,0.4112,1536.3,538.79,750.96,5390.88,5390.88,650.92,2141,2141,2141,0,2141,0,0,510,43,132908.2,204166792,30.4,48
n1m_d128_l2,1000000,128,l2,adversarial,0.2500,0.2500,250000,E_large24_acorn1,large,ACORN,24,1,48,500,100,0.2986,659.3,1193.00,3156.75,3986.83,3986.83,1516.71,1962,1812,14029,112388,126418,63181,63236,0,100,132908.2,204166792,30.4,48
n1m_d128_l2,1000000,128,l2,adversarial,0.2500,0.2500,250000,D_large48_standard,large,STANDARD,48,1,96,500,100,0.4142,1693.0,595.46,653.04,688.00,688.00,590.66,2210,2210,2210,0,2210,0,0,508,44,142299.3,396080968,35.9,96
n1m_d128_l2,1000000,128,l2,adversarial,0.2500,0.2500,250000,E_large48_acorn1,large,ACORN,48,1,96,500,100,0.6088,406.5,2461.38,5238.42,7761.88,7761.88,2460.15,2840,2558,19756,258180,277937,109101,168835,0,100,142299.3,396080968,35.9,96
n1m_d128_l2,1000000,128,l2,adversarial,0.2500,0.2500,250000,C_acorn_g4,acorn,ACORN,16,4,16,500,100,0.1326,1472.3,702.42,977.04,1105.50,1105.50,679.22,1338,1269,10977,19834,30813,17744,13068,0,100,222708.5,185032456,24.6,40
n1m_d128_l2,1000000,128,l2,adversarial,0.2500,0.2500,250000,C_acorn_g8,acorn,ACORN,16,8,16,500,100,0.1872,1287.7,726.46,1168.88,1468.75,1468.75,776.58,1506,1412,11671,26043,37715,17925,19790,0,100,316872.6,202064904,24.6,40
n1m_d128_l2,1000000,128,l2,adversarial,0.2500,0.2500,250000,C_acorn_g16,acorn,ACORN,16,16,16,500,100,0.1878,1326.7,736.88,1076.46,1188.50,1188.50,753.76,1620,1527,11376,17716,29093,17942,11151,0,98,1186950.8,236129800,24.6,40
n1m_d128_l2,1000000,128,l2,adversarial,0.1000,0.1000,100000,F_exact,exact,EXACT,16,0,0,0,10,1.0000,67.9,14800.75,15066.33,15116.79,15116.79,14719.71,100000,0,0,0,1000000,0,0,0,10,0.0,0,0.0,0
n1m_d128_l2,1000000,128,l2,adversarial,0.1000,0.1000,100000,A_std_standard,std,STANDARD,16,1,32,50,10,0.2320,10232.4,96.38,155.75,215.67,215.67,97.73,1103,1103,1103,0,1103,0,0,65,3,140884.0,140258120,24.5,32
n1m_d128_l2,1000000,128,l2,adversarial,0.1000,0.1000,100000,B_std_acorn1,std,ACORN,16,1,32,50,10,0.1840,4723.7,188.33,375.62,409.62,409.62,211.70,935,806,658,8008,8668,2672,5996,0,10,140884.0,140258120,24.5,32
n1m_d128_l2,1000000,128,l2,adversarial,0.1000,0.1000,100000,D_large24_standard,large,STANDARD,24,1,48,50,10,0.2700,9070.0,110.62,146.79,196.92,196.92,110.25,1279,1279,1279,0,1279,0,0,61,3,132908.2,204166792,30.4,48
n1m_d128_l2,1000000,128,l2,adversarial,0.1000,0.1000,100000,E_large24_acorn1,large,ACORN,24,1,48,50,10,0.2260,4585.3,192.88,393.00,439.33,439.33,218.09,1149,1024,759,10375,11135,4065,7070,0,10,132908.2,204166792,30.4,48
n1m_d128_l2,1000000,128,l2,adversarial,0.1000,0.1000,100000,D_large48_standard,large,STANDARD,48,1,96,50,10,0.2980,8352.2,120.12,153.04,174.17,174.17,119.73,1465,1465,1465,0,1465,0,0,58,3,142299.3,396080968,35.9,96
n1m_d128_l2,1000000,128,l2,adversarial,0.1000,0.1000,100000,E_large48_acorn1,large,ACORN,48,1,96,50,10,0.3000,2671.8,361.38,614.71,971.88,971.88,374.28,1232,1029,1373,29777,31151,9386,21764,0,10,142299.3,396080968,35.9,96
n1m_d128_l2,1000000,128,l2,adversarial,0.1000,0.1000,100000,C_acorn_g4,acorn,ACORN,16,4,16,50,10,0.0800,9283.6,102.58,156.33,201.71,201.71,107.72,652,601,1392,2206,3599,1753,1845,0,10,222708.5,185032456,24.6,40
n1m_d128_l2,1000000,128,l2,adversarial,0.1000,0.1000,100000,C_acorn_g8,acorn,ACORN,16,8,16,50,10,0.1240,8783.0,123.54,161.25,166.58,166.58,113.86,632,565,1608,2602,4212,1629,2582,0,9,316872.6,202064904,24.6,40
n1m_d128_l2,1000000,128,l2,adversarial,0.1000,0.1000,100000,C_acorn_g16,acorn,ACORN,16,16,16,50,10,0.1380,8281.7,124.58,174.25,311.29,311.29,120.75,632,561,1867,2990,4859,1723,3135,0,10,1186950.8,236129800,24.6,40
n1m_d128_l2,1000000,128,l2,adversarial,0.1000,0.1000,100000,A_std_standard,std,STANDARD,16,1,32,100,10,0.2660,6311.9,155.92,241.12,282.75,282.75,158.43,1525,1525,1525,0,1525,0,0,114,3,140884.0,140258120,24.5,32
n1m_d128_l2,1000000,128,l2,adversarial,0.1000,0.1000,100000,B_std_acorn1,std,ACORN,16,1,32,100,10,0.2180,2795.8,333.46,603.42,616.08,616.08,357.68,1163,1034,1536,17877,19414,6498,12915,0,10,140884.0,140258120,24.5,32
n1m_d128_l2,1000000,128,l2,adversarial,0.1000,0.1000,100000,D_large24_standard,large,STANDARD,24,1,48,100,10,0.3160,5664.3,169.54,212.29,231.92,231.92,176.54,1699,1699,1699,0,1699,0,0,110,3,132908.2,204166792,30.4,48
n1m_d128_l2,1000000,128,l2,adversarial,0.1000,0.1000,100000,E_large24_acorn1,large,ACORN,24,1,48,100,10,0.2580,2734.8,311.92,679.79,718.42,718.42,365.66,1375,1251,1948,24007,25957,10036,15920,0,10,132908.2,204166792,30.4,48
n1m_d128_l2,1000000,128,l2,adversarial,0.1000,0.1000,100000,D_large48_standard,large,STANDARD,48,1,96,100,10,0.3200,5828.5,176.04,195.29,226.92,226.92,171.57,1848,1848,1848,0,1848,0,0,108,3,142299.3,396080968,35.9,96
n1m_d128_l2,1000000,128,l2,adversarial,0.1000,0.1000,100000,E_large48_acorn1,large,ACORN,48,1,96,100,10,0.3040,1652.7,612.50,942.79,1372.33,1372.33,605.08,1349,1147,3067,61967,65035,21115,43920,0,10,142299.3,396080968,35.9,96
n1m_d128_l2,1000000,128,l2,adversarial,0.1000,0.1000,100000,C_acorn_g4,acorn,ACORN,16,4,16,100,10,0.0880,6173.7,156.04,251.54,264.00,264.00,161.98,855,804,2478,4721,7200,3538,3662,0,10,222708.5,185032456,24.6,40
n1m_d128_l2,1000000,128,l2,adversarial,0.1000,0.1000,100000,C_acorn_g8,acorn,ACORN,16,8,16,100,10,0.1420,5621.9,187.38,257.04,263.75,263.75,177.88,820,754,2623,5282,7907,3226,4680,0,9,316872.6,202064904,24.6,40
n1m_d128_l2,1000000,128,l2,adversarial,0.1000,0.1000,100000,C_acorn_g16,acorn,ACORN,16,16,16,100,10,0.1560,5349.5,193.96,277.71,369.08,369.08,186.93,813,742,2882,5797,8681,3243,5438,0,10,1186950.8,236129800,24.6,40
n1m_d128_l2,1000000,128,l2,adversarial,0.1000,0.1000,100000,A_std_standard,std,STANDARD,16,1,32,250,10,0.2740,3306.1,294.96,421.21,461.50,461.50,302.47,1966,1966,1966,0,1966,0,0,264,3,140884.0,140258120,24.5,32
n1m_d128_l2,1000000,128,l2,adversarial,0.1000,0.1000,100000,B_std_acorn1,std,ACORN,16,1,32,250,10,0.2240,1525.8,635.12,1051.12,1089.83,1089.83,655.39,1275,1146,4929,49981,54912,21277,33634,0,10,140884.0,140258120,24.5,32
n1m_d128_l2,1000000,128,l2,adversarial,0.1000,0.1000,100000,D_large24_standard,large,STANDARD,24,1,48,250,10,0.3320,3424.6,296.92,323.75,380.83,380.83,292.01,2061,2061,2061,0,2061,0,0,260,3,132908.2,204166792,30.4,48
n1m_d128_l2,1000000,128,l2,adversarial,0.1000,0.1000,100000,E_large24_acorn1,large,ACORN,24,1,48,250,10,0.2640,1297.6,623.54,1400.12,1449.62,1449.62,770.63,1543,1419,6361,68020,74382,32013,42368,0,10,132908.2,204166792,30.4,48
n1m_d128_l2,1000000,128,l2,adversarial,0.1000,0.1000,100000,D_large48_standard,large,STANDARD,48,1,96,250,10,0.3360,3246.3,312.54,340.42,388.08,388.08,308.04,2138,2138,2138,0,2138,0,0,258,3,142299.3,396080968,35.9,96
n1m_d128_l2,1000000,128,l2,adversarial,0.1000,0.1000,100000,E_large48_acorn1,large,ACORN,48,1,96,250,10,0.3240,757.1,1448.50,2323.58,2760.54,2760.54,1320.79,1512,1310,8643,160695,169340,59978,109361,0,10,142299.3,396080968,35.9,96
n1m_d128_l2,1000000,128,l2,adversarial,0.1000,0.1000,100000,C_acorn_g4,acorn,ACORN,16,4,16,250,10,0.0880,2971.0,315.21,493.83,591.38,591.38,336.59,1129,1077,5688,11542,17232,8824,8408,0,10,222708.5,185032456,24.6,40
n1m_d128_l2,1000000,128,l2,adversarial,0.1000,0.1000,100000,C_acorn_g8,acorn,ACORN,16,8,16,250,10,0.1480,2764.2,376.04,562.25,579.83,579.83,361.77,1040,974,5774,14084,19860,8358,11501,0,9,316872.6,202064904,24.6,40
n1m_d128_l2,1000000,128,l2,adversarial,0.1000,0.1000,100000,C_acorn_g16,acorn,ACORN,16,16,16,250,10,0.1640,2576.3,400.04,585.04,678.33,678.33,388.16,1060,988,5848,14227,20076,7989,12087,0,10,1186950.8,236129800,24.6,40
n1m_d128_l2,1000000,128,l2,adversarial,0.1000,0.1000,100000,A_std_standard,std,STANDARD,16,1,32,500,10,0.2800,1860.8,535.92,630.04,707.58,707.58,537.41,2166,2166,2166,0,2166,0,0,514,3,140884.0,140258120,24.5,32
n1m_d128_l2,1000000,128,l2,adversarial,0.1000,0.1000,100000,B_std_acorn1,std,ACORN,16,1,32,500,10,0.2240,886.3,1088.96,1801.96,2360.83,2360.83,1128.32,1287,1158,10348,93440,103790,44367,59422,0,10,140884.0,140258120,24.5,32
n1m_d128_l2,1000000,128,l2,adversarial,0.1000,0.1000,100000,D_large24_standard,large,STANDARD,24,1,48,500,10,0.3340,1840.0,547.71,600.83,657.83,657.83,543.49,2141,2141,2141,0,2141,0,0,510,4,132908.2,204166792,30.4,48
n1m_d128_l2,1000000,128,l2,adversarial,0.1000,0.1000,100000,E_large24_acorn1,large,ACORN,24,1,48,500,10,0.2640,780.2,1030.33,2374.79,2400.38,2400.38,1281.67,1603,1479,13435,127718,141155,66221,74933,0,10,132908.2,204166792,30.4,48
n1m_d128_l2,1000000,128,l2,adversarial,0.1000,0.1000,100000,D_large48_standard,large,STANDARD,48,1,96,500,10,0.3440,1792.0,558.88,615.25,666.00,666.00,558.03,2210,2210,2210,0,2210,0,0,508,4,142299.3,396080968,35.9,96
n1m_d128_l2,1000000,128,l2,adversarial,0.1000,0.1000,100000,E_large48_acorn1,large,ACORN,48,1,96,500,10,0.3240,389.0,3036.79,4125.50,7141.42,7141.42,2570.80,1919,1717,18509,325145,343656,128552,215104,0,10,142299.3,396080968,35.9,96
n1m_d128_l2,1000000,128,l2,adversarial,0.1000,0.1000,100000,C_acorn_g4,acorn,ACORN,16,4,16,500,10,0.0880,1775.7,551.42,902.54,992.17,992.17,563.17,1273,1221,10151,17673,27825,15829,11996,0,10,222708.5,185032456,24.6,40
n1m_d128_l2,1000000,128,l2,adversarial,0.1000,0.1000,100000,C_acorn_g8,acorn,ACORN,16,8,16,500,10,0.1480,1539.2,682.12,977.00,1037.38,1037.38,649.70,1125,1059,10490,25194,35685,16244,19441,0,9,316872.6,202064904,24.6,40
n1m_d128_l2,1000000,128,l2,adversarial,0.1000,0.1000,100000,C_acorn_g16,acorn,ACORN,16,16,16,500,10,0.1640,1401.8,764.08,1122.71,1196.42,1196.42,713.39,1204,1133,10560,27080,37641,15995,21646,0,10,1186950.8,236129800,24.6,40
n1m_d128_l2,1000000,128,l2,adversarial,0.1000,0.1000,100000,F_exact,exact,EXACT,16,0,0,0,100,1.0000,66.7,14800.88,16518.71,18124.96,18124.96,14991.34,100000,0,0,0,1000000,0,0,0,100,0.0,0,0.0,0
n1m_d128_l2,1000000,128,l2,adversarial,0.1000,0.1000,100000,A_std_standard,std,STANDARD,16,1,32,50,100,0.1778,8795.8,109.75,169.46,254.00,254.00,113.69,1103,1103,1103,0,1103,0,0,65,23,140884.0,140258120,24.5,32
n1m_d128_l2,1000000,128,l2,adversarial,0.1000,0.1000,100000,B_std_acorn1,std,ACORN,16,1,32,50,100,0.1954,4563.9,210.08,350.29,361.33,361.33,219.11,935,806,658,8008,8668,2672,5996,0,99,140884.0,140258120,24.5,32
n1m_d128_l2,1000000,128,l2,adversarial,0.1000,0.1000,100000,D_large24_standard,large,STANDARD,24,1,48,50,100,0.2272,8082.6,123.00,183.58,216.04,216.04,123.72,1279,1279,1279,0,1279,0,0,61,27,132908.2,204166792,30.4,48
n1m_d128_l2,1000000,128,l2,adversarial,0.1000,0.1000,100000,E_large24_acorn1,large,ACORN,24,1,48,50,100,0.2384,4213.7,210.75,413.79,499.21,499.21,237.32,1149,1024,759,10375,11135,4065,7070,0,100,132908.2,204166792,30.4,48
n1m_d128_l2,1000000,128,l2,adversarial,0.1000,0.1000,100000,D_large48_standard,large,STANDARD,48,1,96,50,100,0.2468,7430.2,136.75,162.88,193.83,193.83,134.59,1465,1465,1465,0,1465,0,0,58,28,142299.3,396080968,35.9,96
n1m_d128_l2,1000000,128,l2,adversarial,0.1000,0.1000,100000,E_large48_acorn1,large,ACORN,48,1,96,50,100,0.3246,2390.8,415.38,662.33,943.42,943.42,418.27,1232,1029,1373,29777,31151,9386,21764,0,100,142299.3,396080968,35.9,96
n1m_d128_l2,1000000,128,l2,adversarial,0.1000,0.1000,100000,C_acorn_g4,acorn,ACORN,16,4,16,50,100,0.0790,8148.7,124.71,168.25,173.08,173.08,122.72,652,601,1392,2206,3599,1753,1845,0,99,222708.5,185032456,24.6,40
n1m_d128_l2,1000000,128,l2,adversarial,0.1000,0.1000,100000,C_acorn_g8,acorn,ACORN,16,8,16,50,100,0.1356,7571.1,135.67,178.42,191.96,191.96,132.08,632,565,1608,2602,4212,1629,2582,0,93,316872.6,202064904,24.6,40
n1m_d128_l2,1000000,128,l2,adversarial,0.1000,0.1000,100000,C_acorn_g16,acorn,ACORN,16,16,16,50,100,0.1478,6874.5,147.71,240.67,313.58,313.58,145.46,632,561,1867,2990,4859,1723,3135,0,93,1186950.8,236129800,24.6,40
n1m_d128_l2,1000000,128,l2,adversarial,0.1000,0.1000,100000,A_std_standard,std,STANDARD,16,1,32,100,100,0.2158,6256.1,156.71,213.00,300.38,300.38,159.84,1525,1525,1525,0,1525,0,0,114,23,140884.0,140258120,24.5,32
n1m_d128_l2,1000000,128,l2,adversarial,0.1000,0.1000,100000,B_std_acorn1,std,ACORN,16,1,32,100,100,0.2296,2878.3,307.96,561.46,623.54,623.54,347.42,1163,1034,1536,17877,19414,6498,12915,0,99,140884.0,140258120,24.5,32
n1m_d128_l2,1000000,128,l2,adversarial,0.1000,0.1000,100000,D_large24_standard,large,STANDARD,24,1,48,100,100,0.2704,5838.3,171.33,228.83,247.50,247.50,171.28,1699,1699,1699,0,1699,0,0,110,28,132908.2,204166792,30.4,48
n1m_d128_l2,1000000,128,l2,adversarial,0.1000,0.1000,100000,E_large24_acorn1,large,ACORN,24,1,48,100,100,0.2682,2585.6,317.46,717.00,807.17,807.17,386.75,1375,1251,1948,24007,25957,10036,15920,0,100,132908.2,204166792,30.4,48
n1m_d128_l2,1000000,128,l2,adversarial,0.1000,0.1000,100000,D_large48_standard,large,STANDARD,48,1,96,100,100,0.2792,5070.9,198.96,239.29,269.58,269.58,197.20,1848,1848,1848,0,1848,0,0,108,29,142299.3,396080968,35.9,96
n1m_d128_l2,1000000,128,l2,adversarial,0.1000,0.1000,100000,E_large48_acorn1,large,ACORN,48,1,96,100,100,0.3336,1496.1,725.67,995.96,1351.88,1351.88,668.42,1349,1147,3067,61967,65035,21115,43920,0,100,142299.3,396080968,35.9,96
n1m_d128_l2,1000000,128,l2,adversarial,0.1000,0.1000,100000,C_acorn_g4,acorn,ACORN,16,4,16,100,100,0.0872,5254.1,188.46,281.46,310.21,310.21,190.33,855,804,2478,4721,7200,3538,3662,0,99,222708.5,185032456,24.6,40
n1m_d128_l2,1000000,128,l2,adversarial,0.1000,0.1000,100000,C_acorn_g8,acorn,ACORN,16,8,16,100,100,0.1556,5196.7,202.46,274.96,295.08,295.08,192.43,820,754,2623,5282,7907,3226,4680,0,93,316872.6,202064904,24.6,40
n1m_d128_l2,1000000,128,l2,adversarial,0.1000,0.1000,100000,C_acorn_g16,acorn,ACORN,16,16,16,100,100,0.1702,4877.1,210.50,311.33,387.25,387.25,205.04,813,742,2882,5797,8681,3243,5438,0,93,1186950.8,236129800,24.6,40
n1m_d128_l2,1000000,128,l2,adversarial,0.1000,0.1000,100000,A_std_standard,std,STANDARD,16,1,32,250,100,0.2332,3228.4,305.58,425.96,479.50,479.50,309.75,1966,1966,1966,0,1966,0,0,264,24,140884.0,140258120,24.5,32
n1m_d128_l2,1000000,128,l2,adversarial,0.1000,0.1000,100000,B_std_acorn1,std,ACORN,16,1,32,250,100,0.2448,1426.5,677.00,1128.21,1239.83,1239.83,701.01,1275,1146,4929,49981,54912,21277,33634,0,99,140884.0,140258120,24.5,32
n1m_d128_l2,1000000,128,l2,adversarial,0.1000,0.1000,100000,D_large24_standard,large,STANDARD,24,1,48,250,100,0.2926,3067.6,325.33,390.83,419.88,419.88,325.99,2061,2061,2061,0,2061,0,0,260,30,132908.2,204166792,30.4,48
n1m_d128_l2,1000000,128,l2,adversarial,0.1000,0.1000,100000,E_large24_acorn1,large,ACORN,24,1,48,250,100,0.2750,1260.1,647.04,1405.67,1475.46,1475.46,793.62,1543,1419,6361,68020,74382,32013,42368,0,100,132908.2,204166792,30.4,48
n1m_d128_l2,1000000,128,l2,adversarial,0.1000,0.1000,100000,D_large48_standard,large,STANDARD,48,1,96,250,100,0.2942,3132.3,319.50,377.92,464.04,464.04,319.25,2138,2138,2138,0,2138,0,0,258,30,142299.3,396080968,35.9,96
n1m_d128_l2,1000000,128,l2,adversarial,0.1000,0.1000,100000,E_large48_acorn1,large,ACORN,48,1,96,250,100,0.3546,738.6,1504.33,2295.42,2974.42,2974.42,1353.98,1512,1310,8643,160695,169340,59978,109361,0,100,142299.3,396080968,35.9,96
n1m_d128_l2,1000000,128,l2,adversarial,0.1000,0.1000,100000,C_acorn_g4,acorn,ACORN,16,4,16,250,100,0.0960,2890.4,326.12,495.38,618.25,618.25,345.97,1129,1077,5688,11542,17232,8824,8408,0,99,222708.5,185032456,24.6,40
n1m_d128_l2,1000000,128,l2,adversarial,0.1000,0.1000,100000,C_acorn_g8,acorn,ACORN,16,8,16,250,100,0.1688,2251.3,440.58,664.96,748.04,748.04,444.18,1040,974,5774,14084,19860,8358,11501,0,93,316872.6,202064904,24.6,40
n1m_d128_l2,1000000,128,l2,adversarial,0.1000,0.1000,100000,C_acorn_g16,acorn,ACORN,16,16,16,250,100,0.1838,2488.6,415.46,632.33,712.04,712.04,401.83,1060,988,5848,14227,20076,7989,12087,0,93,1186950.8,236129800,24.6,40
n1m_d128_l2,1000000,128,l2,adversarial,0.1000,0.1000,100000,A_std_standard,std,STANDARD,16,1,32,500,100,0.2386,1799.7,551.21,673.42,723.46,723.46,555.65,2166,2166,2166,0,2166,0,0,514,25,140884.0,140258120,24.5,32
n1m_d128_l2,1000000,128,l2,adversarial,0.1000,0.1000,100000,B_std_acorn1,std,ACORN,16,1,32,500,100,0.2452,830.5,1163.00,1898.67,2728.83,2728.83,1204.04,1287,1158,10348,93440,103790,44367,59422,0,99,140884.0,140258120,24.5,32
n1m_d128_l2,1000000,128,l2,adversarial,0.1000,0.1000,100000,D_large24_standard,large,STANDARD,24,1,48,500,100,0.2950,1820.7,528.88,623.38,1044.08,1044.08,549.23,2141,2141,2141,0,2141,0,0,510,30,132908.2,204166792,30.4,48
n1m_d128_l2,1000000,128,l2,adversarial,0.1000,0.1000,100000,E_large24_acorn1,large,ACORN,24,1,48,500,100,0.2750,664.6,1202.12,2611.12,2660.00,2660.00,1504.63,1603,1479,13435,127718,141155,66221,74933,0,100,132908.2,204166792,30.4,48
n1m_d128_l2,1000000,128,l2,adversarial,0.1000,0.1000,100000,D_large48_standard,large,STANDARD,48,1,96,500,100,0.2982,1768.6,570.08,622.08,691.54,691.54,565.42,2210,2210,2210,0,2210,0,0,508,30,142299.3,396080968,35.9,96
n1m_d128_l2,1000000,128,l2,adversarial,0.1000,0.1000,100000,E_large48_acorn1,large,ACORN,48,1,96,500,100,0.3626,373.5,3105.12,4741.71,7627.58,7627.58,2677.55,1919,1717,18509,325145,343656,128552,215104,0,100,142299.3,396080968,35.9,96
n1m_d128_l2,1000000,128,l2,adversarial,0.1000,0.1000,100000,C_acorn_g4,acorn,ACORN,16,4,16,500,100,0.0976,1671.4,594.88,963.79,1010.00,1010.00,598.31,1273,1221,10151,17673,27825,15829,11996,0,99,222708.5,185032456,24.6,40
n1m_d128_l2,1000000,128,l2,adversarial,0.1000,0.1000,100000,C_acorn_g8,acorn,ACORN,16,8,16,500,100,0.1706,1288.0,790.92,1194.96,1743.42,1743.42,776.37,1125,1059,10490,25194,35685,16244,19441,0,93,316872.6,202064904,24.6,40
n1m_d128_l2,1000000,128,l2,adversarial,0.1000,0.1000,100000,C_acorn_g16,acorn,ACORN,16,16,16,500,100,0.1856,1282.4,823.75,1221.38,1365.08,1365.08,779.78,1204,1133,10560,27080,37641,15995,21646,0,93,1186950.8,236129800,24.6,40
n1m_d128_l2,1000000,128,l2,adversarial,0.0500,0.0500,50000,F_exact,exact,EXACT,16,0,0,0,10,1.0000,113.0,8832.33,9796.54,10441.00,10441.00,8850.72,50000,0,0,0,1000000,0,0,0,10,0.0,0,0.0,0
n1m_d128_l2,1000000,128,l2,adversarial,0.0500,0.0500,50000,A_std_standard,std,STANDARD,16,1,32,50,10,0.1740,10113.0,97.38,159.25,205.17,205.17,98.88,1103,1103,1103,0,1103,0,0,65,2,140884.0,140258120,24.5,32
n1m_d128_l2,1000000,128,l2,adversarial,0.0500,0.0500,50000,B_std_acorn1,std,ACORN,16,1,32,50,10,0.0360,6865.9,151.58,228.08,254.54,254.54,145.65,753,687,627,8097,8725,2529,6195,0,10,140884.0,140258120,24.5,32
n1m_d128_l2,1000000,128,l2,adversarial,0.0500,0.0500,50000,D_large24_standard,large,STANDARD,24,1,48,50,10,0.2020,9502.3,106.71,125.62,165.29,165.29,105.24,1279,1279,1279,0,1279,0,0,61,2,132908.2,204166792,30.4,48
n1m_d128_l2,1000000,128,l2,adversarial,0.0500,0.0500,50000,E_large24_acorn1,large,ACORN,24,1,48,50,10,0.0540,4661.4,202.04,375.29,440.25,440.25,214.53,990,887,860,13177,14038,4264,9774,0,10,132908.2,204166792,30.4,48
n1m_d128_l2,1000000,128,l2,adversarial,0.0500,0.0500,50000,D_large48_standard,large,STANDARD,48,1,96,50,10,0.2300,8509.9,119.79,150.83,162.58,162.58,117.51,1465,1465,1465,0,1465,0,0,58,2,142299.3,396080968,35.9,96
n1m_d128_l2,1000000,128,l2,adversarial,0.0500,0.0500,50000,E_large48_acorn1,large,ACORN,48,1,96,50,10,0.1240,2920.8,308.71,527.25,637.71,637.71,342.37,1139,993,1325,28769,30096,8564,21531,0,10,142299.3,396080968,35.9,96
n1m_d128_l2,1000000,128,l2,adversarial,0.0500,0.0500,50000,C_acorn_g4,acorn,ACORN,16,4,16,50,10,0.0040,13039.8,77.50,157.33,173.21,173.21,76.69,538,518,1114,1214,2330,1294,1035,0,7,222708.5,185032456,24.6,40
n1m_d128_l2,1000000,128,l2,adversarial,0.0500,0.0500,50000,C_acorn_g8,acorn,ACORN,16,8,16,50,10,0.0220,10962.1,92.29,148.25,170.29,170.29,91.22,620,581,1520,2107,3629,1429,2200,0,8,316872.6,202064904,24.6,40
n1m_d128_l2,1000000,128,l2,adversarial,0.0500,0.0500,50000,C_acorn_g16,acorn,ACORN,16,16,16,50,10,0.0700,10339.4,104.79,148.33,170.79,170.79,96.72,626,581,1902,1960,3863,1420,2442,0,9,1186950.8,236129800,24.6,40
n1m_d128_l2,1000000,128,l2,adversarial,0.0500,0.0500,50000,A_std_standard,std,STANDARD,16,1,32,100,10,0.2040,6643.9,150.17,220.67,272.83,272.83,150.52,1525,1525,1525,0,1525,0,0,114,2,140884.0,140258120,24.5,32
n1m_d128_l2,1000000,128,l2,adversarial,0.0500,0.0500,50000,B_std_acorn1,std,ACORN,16,1,32,100,10,0.0420,3937.4,269.29,433.38,497.96,497.96,253.97,919,852,1479,18729,20209,6621,13588,0,10,140884.0,140258120,24.5,32
n1m_d128_l2,1000000,128,l2,adversarial,0.0500,0.0500,50000,D_large24_standard,large,STANDARD,24,1,48,100,10,0.2440,6143.6,164.79,182.00,238.17,238.17,162.77,1699,1699,1699,0,1699,0,0,110,2,132908.2,204166792,30.4,48
n1m_d128_l2,1000000,128,l2,adversarial,0.0500,0.0500,50000,E_large24_acorn1,large,ACORN,24,1,48,100,10,0.0600,2484.3,371.17,598.75,936.54,936.54,402.53,1114,1011,2122,31319,33443,12500,20943,0,10,132908.2,204166792,30.4,48
n1m_d128_l2,1000000,128,l2,adversarial,0.0500,0.0500,50000,D_large48_standard,large,STANDARD,48,1,96,100,10,0.2560,5775.4,177.42,195.67,225.33,225.33,173.15,1848,1848,1848,0,1848,0,0,108,2,142299.3,396080968,35.9,96
n1m_d128_l2,1000000,128,l2,adversarial,0.0500,0.0500,50000,E_large48_acorn1,large,ACORN,48,1,96,100,10,0.1440,1626.0,575.46,936.42,1134.17,1134.17,615.01,1284,1137,3049,62907,65958,21897,44060,0,10,142299.3,396080968,35.9,96
n1m_d128_l2,1000000,128,l2,adversarial,0.0500,0.0500,50000,C_acorn_g4,acorn,ACORN,16,4,16,100,10,0.0040,8655.8,116.38,248.29,274.75,274.75,115.53,717,698,1883,2428,4313,2523,1789,0,7,222708.5,185032456,24.6,40
n1m_d128_l2,1000000,128,l2,adversarial,0.0500,0.0500,50000,C_acorn_g8,acorn,ACORN,16,8,16,100,10,0.0240,6854.4,153.67,236.50,291.08,291.08,145.89,828,790,2437,4175,6614,2802,3811,0,8,316872.6,202064904,24.6,40
n1m_d128_l2,1000000,128,l2,adversarial,0.0500,0.0500,50000,C_acorn_g16,acorn,ACORN,16,16,16,100,10,0.0820,5994.3,185.71,263.79,314.96,314.96,166.83,822,777,2775,3741,6517,2760,3757,0,9,1186950.8,236129800,24.6,40
n1m_d128_l2,1000000,128,l2,adversarial,0.0500,0.0500,50000,A_std_standard,std,STANDARD,16,1,32,250,10,0.2140,3475.1,292.17,364.79,438.17,438.17,287.76,1966,1966,1966,0,1966,0,0,264,2,140884.0,140258120,24.5,32
n1m_d128_l2,1000000,128,l2,adversarial,0.0500,0.0500,50000,B_std_acorn1,std,ACORN,16,1,32,250,10,0.0420,1660.1,655.12,967.88,1110.54,1110.54,602.38,1010,943,4572,56004,60578,22306,38271,0,10,140884.0,140258120,24.5,32
n1m_d128_l2,1000000,128,l2,adversarial,0.0500,0.0500,50000,D_large24_standard,large,STANDARD,24,1,48,250,10,0.2640,3332.1,302.17,375.71,407.71,407.71,300.11,2061,2061,2061,0,2061,0,0,260,2,132908.2,204166792,30.4,48
n1m_d128_l2,1000000,128,l2,adversarial,0.0500,0.0500,50000,E_large24_acorn1,large,ACORN,24,1,48,250,10,0.0600,1118.7,943.12,1319.58,1493.83,1493.83,893.89,1136,1033,6227,86346,92575,40828,51746,0,10,132908.2,204166792,30.4,48
n1m_d128_l2,1000000,128,l2,adversarial,0.0500,0.0500,50000,D_large48_standard,large,STANDARD,48,1,96,250,10,0.2700,3060.3,320.25,418.29,481.29,481.29,326.77,2138,2138,2138,0,2138,0,0,258,2,142299.3,396080968,35.9,96
n1m_d128_l2,1000000,128,l2,adversarial,0.0500,0.0500,50000,E_large48_acorn1,large,ACORN,48,1,96,250,10,0.2220,611.4,1509.75,3580.62,4338.83,4338.83,1635.47,1653,1507,9169,178287,187458,69058,118399,0,10,142299.3,396080968,35.9,96
n1m_d128_l2,1000000,128,l2,adversarial,0.0500,0.0500,50000,C_acorn_g4,acorn,ACORN,16,4,16,250,10,0.0060,3961.5,269.42,524.25,553.42,553.42,252.43,932,912,4332,6359,10692,6586,4105,0,7,222708.5,185032456,24.6,40
n1m_d128_l2,1000000,128,l2,adversarial,0.0500,0.0500,50000,C_acorn_g8,acorn,ACORN,16,8,16,250,10,0.0280,2942.0,358.62,551.75,844.67,844.67,339.91,1075,1037,5168,10100,15270,7238,8032,0,8,316872.6,202064904,24.6,40
n1m_d128_l2,1000000,128,l2,adversarial,0.0500,0.0500,50000,C_acorn_g16,acorn,ACORN,16,16,16,250,10,0.0840,2726.7,390.12,632.67,815.00,815.00,366.75,1092,1047,5648,10008,15657,7526,8131,0,9,1186950.8,236129800,24.6,40
n1m_d128_l2,1000000,128,l2,adversarial,0.0500,0.0500,50000,A_std_standard,std,STANDARD,16,1,32,500,10,0.2160,1739.4,566.75,651.12,816.67,816.67,574.92,2166,2166,2166,0,2166,0,0,514,2,140884.0,140258120,24.5,32
n1m_d128_l2,1000000,128,l2,adversarial,0.0500,0.0500,50000,B_std_acorn1,std,ACORN,16,1,32,500,10,0.0420,827.0,1281.29,1782.58,1842.75,1842.75,1209.16,1024,957,9486,109935,119423,47169,72253,0,10,140884.0,140258120,24.5,32
n1m_d128_l2,1000000,128,l2,adversarial,0.0500,0.0500,50000,D_large24_standard,large,STANDARD,24,1,48,500,10,0.2740,1780.0,566.42,641.71,662.96,662.96,561.80,2141,2141,2141,0,2141,0,0,510,3,132908.2,204166792,30.4,48
n1m_d128_l2,1000000,128,l2,adversarial,0.0500,0.0500,50000,E_large24_acorn1,large,ACORN,24,1,48,500,10,0.0600,569.8,1829.00,2531.17,2573.62,2573.62,1754.95,1201,1098,12911,171161,184073,86188,97885,0,10,132908.2,204166792,30.4,48
n1m_d128_l2,1000000,128,l2,adversarial,0.0500,0.0500,50000,D_large48_standard,large,STANDARD,48,1,96,500,10,0.2740,1675.2,588.67,689.75,721.46,721.46,596.96,2210,2210,2210,0,2210,0,0,508,3,142299.3,396080968,35.9,96
n1m_d128_l2,1000000,128,l2,adversarial,0.0500,0.0500,50000,E_large48_acorn1,large,ACORN,48,1,96,500,10,0.2420,333.5,2936.83,5605.00,5887.71,5887.71,2998.69,1910,1764,18349,336380,354730,139710,215020,0,10,142299.3,396080968,35.9,96
n1m_d128_l2,1000000,128,l2,adversarial,0.0500,0.0500,50000,C_acorn_g4,acorn,ACORN,16,4,16,500,10,0.0060,1843.8,518.00,1316.38,1587.88,1587.88,542.36,1045,1025,8805,13881,22688,14083,8605,0,7,222708.5,185032456,24.6,40
n1m_d128_l2,1000000,128,l2,adversarial,0.0500,0.0500,50000,C_acorn_g8,acorn,ACORN,16,8,16,500,10,0.0280,1734.6,620.79,951.58,1082.42,1082.42,576.50,1179,1140,9687,19138,28827,14804,14022,0,8,316872.6,202064904,24.6,40
n1m_d128_l2,1000000,128,l2,adversarial,0.0500,0.0500,50000,C_acorn_g16,acorn,ACORN,16,16,16,500,10,0.0840,1437.0,767.25,1170.58,1801.04,1801.04,695.89,1222,1178,10705,21419,32125,16647,15478,0,9,1186950.8,236129800,24.6,40
n1m_d128_l2,1000000,128,l2,adversarial,0.0500,0.0500,50000,F_exact,exact,EXACT,16,0,0,0,100,1.0000,100.3,9246.71,13447.96,14439.71,14439.71,9971.36,50000,0,0,0,1000000,0,0,0,100,0.0,0,0.0,0
n1m_d128_l2,1000000,128,l2,adversarial,0.0500,0.0500,50000,A_std_standard,std,STANDARD,16,1,32,50,100,0.1218,9285.0,103.67,173.12,228.88,228.88,107.70,1103,1103,1103,0,1103,0,0,65,15,140884.0,140258120,24.5,32
n1m_d128_l2,1000000,128,l2,adversarial,0.0500,0.0500,50000,B_std_acorn1,std,ACORN,16,1,32,50,100,0.0442,6520.8,163.17,234.92,260.04,260.04,153.36,753,687,627,8097,8725,2529,6195,0,89,140884.0,140258120,24.5,32
n1m_d128_l2,1000000,128,l2,adversarial,0.0500,0.0500,50000,D_large24_standard,large,STANDARD,24,1,48,50,100,0.1384,8572.0,117.29,132.08,190.42,190.42,116.66,1279,1279,1279,0,1279,0,0,61,16,132908.2,204166792,30.4,48
n1m_d128_l2,1000000,128,l2,adversarial,0.0500,0.0500,50000,E_large24_acorn1,large,ACORN,24,1,48,50,100,0.0882,3336.2,262.83,516.21,852.17,852.17,299.74,990,887,860,13177,14038,4264,9774,0,97,132908.2,204166792,30.4,48
n1m_d128_l2,1000000,128,l2,adversarial,0.0500,0.0500,50000,D_large48_standard,large,STANDARD,48,1,96,50,100,0.1594,7752.0,131.42,146.33,194.12,194.12,129.00,1465,1465,1465,0,1465,0,0,58,18,142299.3,396080968,35.9,96
n1m_d128_l2,1000000,128,l2,adversarial,0.0500,0.0500,50000,E_large48_acorn1,large,ACORN,48,1,96,50,100,0.1504,3042.0,299.71,521.79,560.58,560.58,328.73,1139,993,1325,28769,30096,8564,21531,0,97,142299.3,396080968,35.9,96
n1m_d128_l2,1000000,128,l2,adversarial,0.0500,0.0500,50000,C_acorn_g4,acorn,ACORN,16,4,16,50,100,0.0192,11879.4,90.33,162.00,171.25,171.25,84.18,538,518,1114,1214,2330,1294,1035,0,74,222708.5,185032456,24.6,40
n1m_d128_l2,1000000,128,l2,adversarial,0.0500,0.0500,50000,C_acorn_g8,acorn,ACORN,16,8,16,50,100,0.0428,9378.8,117.75,156.50,180.96,180.96,106.62,620,581,1520,2107,3629,1429,2200,0,86,316872.6,202064904,24.6,40
n1m_d128_l2,1000000,128,l2,adversarial,0.0500,0.0500,50000,C_acorn_g16,acorn,ACORN,16,16,16,50,100,0.0970,8810.2,130.88,165.33,178.38,178.38,113.50,626,581,1902,1960,3863,1420,2442,0,83,1186950.8,236129800,24.6,40
n1m_d128_l2,1000000,128,l2,adversarial,0.0500,0.0500,50000,A_std_standard,std,STANDARD,16,1,32,100,100,0.1558,6149.9,157.21,265.42,292.46,292.46,162.60,1525,1525,1525,0,1525,0,0,114,17,140884.0,140258120,24.5,32
n1m_d128_l2,1000000,128,l2,adversarial,0.0500,0.0500,50000,B_std_acorn1,std,ACORN,16,1,32,100,100,0.0522,3730.9,288.08,446.83,488.79,488.79,268.04,919,852,1479,18729,20209,6621,13588,0,89,140884.0,140258120,24.5,32
n1m_d128_l2,1000000,128,l2,adversarial,0.0500,0.0500,50000,D_large24_standard,large,STANDARD,24,1,48,100,100,0.1774,6114.6,164.12,195.88,228.92,228.92,163.54,1699,1699,1699,0,1699,0,0,110,19,132908.2,204166792,30.4,48
n1m_d128_l2,1000000,128,l2,adversarial,0.0500,0.0500,50000,E_large24_acorn1,large,ACORN,24,1,48,100,100,0.0928,2539.0,368.83,605.62,714.00,714.00,393.85,1114,1011,2122,31319,33443,12500,20943,0,97,132908.2,204166792,30.4,48
n1m_d128_l2,1000000,128,l2,adversarial,0.0500,0.0500,50000,D_large48_standard,large,STANDARD,48,1,96,100,100,0.1876,5768.7,178.12,200.88,240.67,240.67,173.35,1848,1848,1848,0,1848,0,0,108,19,142299.3,396080968,35.9,96
n1m_d128_l2,1000000,128,l2,adversarial,0.0500,0.0500,50000,E_large48_acorn1,large,ACORN,48,1,96,100,100,0.1726,1708.6,543.12,914.00,1090.50,1090.50,585.28,1284,1137,3049,62907,65958,21897,44060,0,100,142299.3,396080968,35.9,96
n1m_d128_l2,1000000,128,l2,adversarial,0.0500,0.0500,50000,C_acorn_g4,acorn,ACORN,16,4,16,100,100,0.0254,8230.1,126.71,251.54,269.50,269.50,121.51,717,698,1883,2428,4313,2523,1789,0,74,222708.5,185032456,24.6,40
n1m_d128_l2,1000000,128,l2,adversarial,0.0500,0.0500,50000,C_acorn_g8,acorn,ACORN,16,8,16,100,100,0.0514,6542.7,163.38,235.42,280.79,280.79,152.84,828,790,2437,4175,6614,2802,3811,0,86,316872.6,202064904,24.6,40
n1m_d128_l2,1000000,128,l2,adversarial,0.0500,0.0500,50000,C_acorn_g16,acorn,ACORN,16,16,16,100,100,0.1126,6044.4,185.33,250.75,307.96,307.96,165.44,822,777,2775,3741,6517,2760,3757,0,83,1186950.8,236129800,24.6,40
n1m_d128_l2,1000000,128,l2,adversarial,0.0500,0.0500,50000,A_std_standard,std,STANDARD,16,1,32,250,100,0.1814,3372.3,298.08,368.54,474.54,474.54,296.54,1966,1966,1966,0,1966,0,0,264,18,140884.0,140258120,24.5,32
n1m_d128_l2,1000000,128,l2,adversarial,0.0500,0.0500,50000,B_std_acorn1,std,ACORN,16,1,32,250,100,0.0538,1627.6,657.00,1029.96,1271.12,1271.12,614.40,1010,943,4572,56004,60578,22306,38271,0,89,140884.0,140258120,24.5,32
n1m_d128_l2,1000000,128,l2,adversarial,0.0500,0.0500,50000,D_large24_standard,large,STANDARD,24,1,48,250,100,0.2008,3389.0,300.12,319.00,378.75,378.75,295.07,2061,2061,2061,0,2061,0,0,260,20,132908.2,204166792,30.4,48
n1m_d128_l2,1000000,128,l2,adversarial,0.0500,0.0500,50000,E_large24_acorn1,large,ACORN,24,1,48,250,100,0.0936,1140.9,924.29,1301.67,1390.54,1390.54,876.50,1136,1033,6227,86346,92575,40828,51746,0,97,132908.2,204166792,30.4,48
n1m_d128_l2,1000000,128,l2,adversarial,0.0500,0.0500,50000,D_large48_standard,large,STANDARD,48,1,96,250,100,0.2044,3259.9,311.42,348.96,390.88,390.88,306.76,2138,2138,2138,0,2138,0,0,258,20,142299.3,396080968,35.9,96
n1m_d128_l2,1000000,128,l2,adversarial,0.0500,0.0500,50000,E_large48_acorn1,large,ACORN,48,1,96,250,100,0.2508,691.6,1308.92,3299.21,3798.88,3798.88,1445.91,1653,1507,9169,178287,187458,69058,118399,0,100,142299.3,396080968,35.9,96
n1m_d128_l2,1000000,128,l2,adversarial,0.0500,0.0500,50000,C_acorn_g4,acorn,ACORN,16,4,16,250,100,0.0294,4092.0,257.08,522.46,552.96,552.96,244.38,932,912,4332,6359,10692,6586,4105,0,74,222708.5,185032456,24.6,40
n1m_d128_l2,1000000,128,l2,adversarial,0.0500,0.0500,50000,C_acorn_g8,acorn,ACORN,16,8,16,250,100,0.0580,2873.5,357.58,580.67,862.54,862.54,348.01,1075,1037,5168,10100,15270,7238,8032,0,86,316872.6,202064904,24.6,40
n1m_d128_l2,1000000,128,l2,adversarial,0.0500,0.0500,50000,C_acorn_g16,acorn,ACORN,16,16,16,250,100,0.1212,2856.5,382.96,581.67,791.62,791.62,350.08,1092,1047,5648,10008,15657,7526,8131,0,83,1186950.8,236129800,24.6,40
n1m_d128_l2,1000000,128,l2,adversarial,0.0500,0.0500,50000,A_std_standard,std,STANDARD,16,1,32,500,100,0.1872,1780.4,565.04,637.04,755.21,755.21,561.67,2166,2166,2166,0,2166,0,0,514,19,140884.0,140258120,24.5,32
n1m_d128_l2,1000000,128,l2,adversarial,0.0500,0.0500,50000,B_std_acorn1,std,ACORN,16,1,32,500,100,0.0538,900.0,1155.54,1760.54,1794.33,1794.33,1111.11,1024,957,9486,109935,119423,47169,72253,0,89,140884.0,140258120,24.5,32
n1m_d128_l2,1000000,128,l2,adversarial,0.0500,0.0500,50000,D_large24_standard,large,STANDARD,24,1,48,500,100,0.2052,1857.8,546.54,598.21,647.71,647.71,538.26,2141,2141,2141,0,2141,0,0,510,21,132908.2,204166792,30.4,48
n1m_d128_l2,1000000,128,l2,adversarial,0.0500,0.0500,50000,E_large24_acorn1,large,ACORN,24,1,48,500,100,0.0936,638.0,1722.88,2320.92,2417.54,2417.54,1567.52,1201,1098,12911,171161,184073,86188,97885,0,97,132908.2,204166792,30.4,48
n1m_d128_l2,1000000,128,l2,adversarial,0.0500,0.0500,50000,D_large48_standard,large,STANDARD,48,1,96,500,100,0.2066,1844.3,550.46,581.62,641.75,641.75,542.22,2210,2210,2210,0,2210,0,0,508,21,142299.3,396080968,35.9,96
n1m_d128_l2,1000000,128,l2,adversarial,0.0500,0.0500,50000,E_large48_acorn1,large,ACORN,48,1,96,500,100,0.2708,371.4,2639.75,5078.71,5383.50,5383.50,2692.72,1910,1764,18349,336380,354730,139710,215020,0,100,142299.3,396080968,35.9,96
n1m_d128_l2,1000000,128,l2,adversarial,0.0500,0.0500,50000,C_acorn_g4,acorn,ACORN,16,4,16,500,100,0.0304,2097.3,482.33,1002.92,1425.21,1425.21,476.79,1045,1025,8805,13881,22688,14083,8605,0,74,222708.5,185032456,24.6,40
n1m_d128_l2,1000000,128,l2,adversarial,0.0500,0.0500,50000,C_acorn_g8,acorn,ACORN,16,8,16,500,100,0.0598,1830.6,572.21,971.04,1051.83,1051.83,546.28,1179,1140,9687,19138,28827,14804,14022,0,86,316872.6,202064904,24.6,40
n1m_d128_l2,1000000,128,l2,adversarial,0.0500,0.0500,50000,C_acorn_g16,acorn,ACORN,16,16,16,500,100,0.1230,1524.8,689.88,1122.83,1881.75,1881.75,655.84,1222,1178,10705,21419,32125,16647,15478,0,83,1186950.8,236129800,24.6,40
n1m_d128_l2,1000000,128,l2,adversarial,0.0200,0.0200,20000,F_exact,exact,EXACT,16,0,0,0,10,1.0000,325.2,3071.88,3359.42,3473.54,3473.54,3075.25,20000,0,0,0,1000000,0,0,0,10,0.0,0,0.0,0
n1m_d128_l2,1000000,128,l2,adversarial,0.0200,0.0200,20000,A_std_standard,std,STANDARD,16,1,32,50,10,0.1000,10756.4,91.17,148.46,206.33,206.33,92.97,1103,1103,1103,0,1103,0,0,65,1,140884.0,140258120,24.5,32
n1m_d128_l2,1000000,128,l2,adversarial,0.0200,0.0200,20000,B_std_acorn1,std,ACORN,16,1,32,50,10,0.0000,100468.8,9.96,10.12,10.75,10.75,9.95,1,1,68,1316,1385,0,1385,0,0,140884.0,140258120,24.5,32
n1m_d128_l2,1000000,128,l2,adversarial,0.0200,0.0200,20000,D_large24_standard,large,STANDARD,24,1,48,50,10,0.1080,9785.8,103.58,115.42,163.12,163.12,102.19,1279,1279,1279,0,1279,0,0,61,1,132908.2,204166792,30.4,48
n1m_d128_l2,1000000,128,l2,adversarial,0.0200,0.0200,20000,E_large24_acorn1,large,ACORN,24,1,48,50,10,0.0580,5279.5,188.71,296.17,433.42,433.42,189.41,689,607,1153,23470,24625,5716,18909,0,10,132908.2,204166792,30.4,48
n1m_d128_l2,1000000,128,l2,adversarial,0.0200,0.0200,20000,D_large48_standard,large,STANDARD,48,1,96,50,10,0.1300,8921.9,114.50,125.88,155.42,155.42,112.08,1465,1465,1465,0,1465,0,0,58,1,142299.3,396080968,35.9,96
n1m_d128_l2,1000000,128,l2,adversarial,0.0200,0.0200,20000,E_large48_acorn1,large,ACORN,48,1,96,50,10,0.1200,3387.0,291.42,469.17,664.21,664.21,295.25,938,816,1426,37342,38770,8971,29798,0,10,142299.3,396080968,35.9,96
n1m_d128_l2,1000000,128,l2,adversarial,0.0200,0.0200,20000,C_acorn_g4,acorn,ACORN,16,4,16,50,10,0.0280,12656.8,75.79,117.38,130.92,130.92,79.01,619,605,1387,2611,3999,1643,2355,0,10,222708.5,185032456,24.6,40
n1m_d128_l2,1000000,128,l2,adversarial,0.0200,0.0200,20000,C_acorn_g8,acorn,ACORN,16,8,16,50,10,0.0800,10607.8,91.46,141.58,158.00,158.00,94.27,664,634,1699,2782,4483,1615,2867,0,10,316872.6,202064904,24.6,40
n1m_d128_l2,1000000,128,l2,adversarial,0.0200,0.0200,20000,C_acorn_g16,acorn,ACORN,16,16,16,50,10,0.1120,9426.8,106.12,151.62,154.67,154.67,106.08,578,553,2117,3363,5481,1573,3908,0,9,1186950.8,236129800,24.6,40
n1m_d128_l2,1000000,128,l2,adversarial,0.0200,0.0200,20000,A_std_standard,std,STANDARD,16,1,32,100,10,0.1260,6521.8,151.71,215.79,269.08,269.08,153.33,1525,1525,1525,0,1525,0,0,114,1,140884.0,140258120,24.5,32
n1m_d128_l2,1000000,128,l2,adversarial,0.0200,0.0200,20000,B_std_acorn1,std,ACORN,16,1,32,100,10,0.0000,100385.3,9.92,10.25,10.75,10.75,9.96,1,1,68,1316,1385,0,1385,0,0,140884.0,140258120,24.5,32
n1m_d128_l2,1000000,128,l2,adversarial,0.0200,0.0200,20000,D_large24_standard,large,STANDARD,24,1,48,100,10,0.1360,6082.0,165.50,190.50,250.96,250.96,164.42,1699,1699,1699,0,1699,0,0,110,1,132908.2,204166792,30.4,48
n1m_d128_l2,1000000,128,l2,adversarial,0.0200,0.0200,20000,E_large24_acorn1,large,ACORN,24,1,48,100,10,0.0580,2726.6,378.38,471.29,734.42,734.42,366.76,734,652,2590,54149,56740,13853,42887,0,10,132908.2,204166792,30.4,48
n1m_d128_l2,1000000,128,l2,adversarial,0.0200,0.0200,20000,D_large48_standard,large,STANDARD,48,1,96,100,10,0.1480,5876.8,173.62,192.42,237.88,237.88,170.16,1848,1848,1848,0,1848,0,0,108,1,142299.3,396080968,35.9,96
n1m_d128_l2,1000000,128,l2,adversarial,0.0200,0.0200,20000,E_large48_acorn1,large,ACORN,48,1,96,100,10,0.1200,1827.7,583.75,868.92,1192.33,1192.33,547.13,1048,926,3165,79887,83054,20574,62479,0,10,142299.3,396080968,35.9,96
n1m_d128_l2,1000000,128,l2,adversarial,0.0200,0.0200,20000,C_acorn_g4,acorn,ACORN,16,4,16,100,10,0.0380,7776.6,121.75,178.83,235.54,235.54,128.59,807,793,2484,5613,8099,3332,4767,0,10,222708.5,185032456,24.6,40
n1m_d128_l2,1000000,128,l2,adversarial,0.0200,0.0200,20000,C_acorn_g8,acorn,ACORN,16,8,16,100,10,0.0840,6622.9,147.58,212.83,265.50,265.50,150.99,871,840,2779,5870,8651,3222,5429,0,10,316872.6,202064904,24.6,40
n1m_d128_l2,1000000,128,l2,adversarial,0.0200,0.0200,20000,C_acorn_g16,acorn,ACORN,16,16,16,100,10,0.1220,5934.1,163.25,252.12,293.29,293.29,168.52,734,708,3218,7096,10316,3164,7152,0,9,1186950.8,236129800,24.6,40
n1m_d128_l2,1000000,128,l2,adversarial,0.0200,0.0200,20000,A_std_standard,std,STANDARD,16,1,32,250,10,0.1460,3484.2,290.25,364.12,433.04,433.04,287.01,1966,1966,1966,0,1966,0,0,264,1,140884.0,140258120,24.5,32
n1m_d128_l2,1000000,128,l2,adversarial,0.0200,0.0200,20000,B_std_acorn1,std,ACORN,16,1,32,250,10,0.0000,108626.2,9.21,9.54,10.00,10.00,9.21,1,1,68,1316,1385,0,1385,0,0,140884.0,140258120,24.5,32
n1m_d128_l2,1000000,128,l2,adversarial,0.0200,0.0200,20000,D_large24_standard,large,STANDARD,24,1,48,250,10,0.1600,3347.0,303.25,335.79,384.62,384.62,298.78,2061,2061,2061,0,2061,0,0,260,1,132908.2,204166792,30.4,48
n1m_d128_l2,1000000,128,l2,adversarial,0.0200,0.0200,20000,E_large24_acorn1,large,ACORN,24,1,48,250,10,0.0580,1177.6,928.29,1113.75,1242.00,1242.00,849.16,743,661,6501,133046,139549,37476,102073,0,10,132908.2,204166792,30.4,48
n1m_d128_l2,1000000,128,l2,adversarial,0.0200,0.0200,20000,D_large48_standard,large,STANDARD,48,1,96,250,10,0.1640,3334.9,307.08,324.92,387.71,387.71,299.86,2138,2138,2138,0,2138,0,0,258,1,142299.3,396080968,35.9,96
n1m_d128_l2,1000000,128,l2,adversarial,0.0200,0.0200,20000,E_large48_acorn1,large,ACORN,48,1,96,250,10,0.1200,836.6,1350.42,1758.29,1790.88,1790.88,1195.26,1102,980,8420,198672,207094,56720,150373,0,10,142299.3,396080968,35.9,96
n1m_d128_l2,1000000,128,l2,adversarial,0.0200,0.0200,20000,C_acorn_g4,acorn,ACORN,16,4,16,250,10,0.0380,3691.0,260.21,342.54,479.21,479.21,270.93,997,983,5946,15367,21314,8882,12432,0,10,222708.5,185032456,24.6,40
n1m_d128_l2,1000000,128,l2,adversarial,0.0200,0.0200,20000,C_acorn_g8,acorn,ACORN,16,8,16,250,10,0.0900,3235.2,305.96,435.46,567.62,567.62,309.10,1098,1067,6209,16017,22228,8470,13757,0,10,316872.6,202064904,24.6,40
n1m_d128_l2,1000000,128,l2,adversarial,0.0200,0.0200,20000,C_acorn_g16,acorn,ACORN,16,16,16,250,10,0.1280,2811.2,347.75,556.00,587.62,587.62,355.72,890,864,6651,19884,26536,8503,18032,0,9,1186950.8,236129800,24.6,40
n1m_d128_l2,1000000,128,l2,adversarial,0.0200,0.0200,20000,A_std_standard,std,STANDARD,16,1,32,500,10,0.1500,1893.4,531.33,627.96,708.04,708.04,528.16,2166,2166,2166,0,2166,0,0,514,1,140884.0,140258120,24.5,32
n1m_d128_l2,1000000,128,l2,adversarial,0.0200,0.0200,20000,B_std_acorn1,std,ACORN,16,1,32,500,10,0.0000,93713.7,10.62,11.04,11.54,11.54,10.67,1,1,68,1316,1385,0,1385,0,0,140884.0,140258120,24.5,32
n1m_d128_l2,1000000,128,l2,adversarial,0.0200,0.0200,20000,D_large24_standard,large,STANDARD,24,1,48,500,10,0.1600,1834.2,552.08,584.58,677.17,677.17,545.20,2141,2141,2141,0,2141,0,0,510,1,132908.2,204166792,30.4,48
n1m_d128_l2,1000000,128,l2,adversarial,0.0200,0.0200,20000,E_large24_acorn1,large,ACORN,24,1,48,500,10,0.0580,639.3,1873.04,1978.46,2021.21,2021.21,1564.16,774,692,12855,252103,264959,75393,189566,0,10,132908.2,204166792,30.4,48
n1m_d128_l2,1000000,128,l2,adversarial,0.0200,0.0200,20000,D_large48_standard,large,STANDARD,48,1,96,500,10,0.1660,1861.4,548.08,578.25,636.71,636.71,537.23,2210,2210,2210,0,2210,0,0,508,1,142299.3,396080968,35.9,96
n1m_d128_l2,1000000,128,l2,adversarial,0.0200,0.0200,20000,E_large48_acorn1,large,ACORN,48,1,96,500,10,0.1200,444.5,2650.33,3156.62,3238.75,3238.75,2249.57,1448,1326,17069,375700,392770,117298,275472,0,10,142299.3,396080968,35.9,96
n1m_d128_l2,1000000,128,l2,adversarial,0.0200,0.0200,20000,C_acorn_g4,acorn,ACORN,16,4,16,500,10,0.0380,2082.1,476.67,557.08,580.67,580.67,480.29,1052,1038,10707,25632,36341,17321,19020,0,10,222708.5,185032456,24.6,40
n1m_d128_l2,1000000,128,l2,adversarial,0.0200,0.0200,20000,C_acorn_g8,acorn,ACORN,16,8,16,500,10,0.0940,1776.1,517.67,741.17,1009.29,1009.29,563.05,1166,1136,11256,28871,40128,17286,22842,0,10,316872.6,202064904,24.6,40
n1m_d128_l2,1000000,128,l2,adversarial,0.0200,0.0200,20000,C_acorn_g16,acorn,ACORN,16,16,16,500,10,0.1320,1474.2,650.42,1046.79,1179.12,1179.12,678.31,1005,979,12171,39649,51822,17942,33879,0,9,1186950.8,236129800,24.6,40
n1m_d128_l2,1000000,128,l2,adversarial,0.0200,0.0200,20000,F_exact,exact,EXACT,16,0,0,0,100,1.0000,333.0,2964.29,3156.46,3216.50,3216.50,3002.68,20000,0,0,0,1000000,0,0,0,100,0.0,0,0.0,0
n1m_d128_l2,1000000,128,l2,adversarial,0.0200,0.0200,20000,A_std_standard,std,STANDARD,16,1,32,50,100,0.0534,9594.3,103.04,165.46,221.58,221.58,104.23,1103,1103,1103,0,1103,0,0,65,7,140884.0,140258120,24.5,32
n1m_d128_l2,1000000,128,l2,adversarial,0.0200,0.0200,20000,B_std_acorn1,std,ACORN,16,1,32,50,100,0.0000,101677.1,9.79,10.00,10.58,10.58,9.84,1,1,68,1316,1385,0,1385,0,0,140884.0,140258120,24.5,32
n1m_d128_l2,1000000,128,l2,adversarial,0.0200,0.0200,20000,D_large24_standard,large,STANDARD,24,1,48,50,100,0.0582,8791.3,115.29,129.75,184.29,184.29,113.75,1279,1279,1279,0,1279,0,0,61,7,132908.2,204166792,30.4,48
n1m_d128_l2,1000000,128,l2,adversarial,0.0200,0.0200,20000,E_large24_acorn1,large,ACORN,24,1,48,50,100,0.0700,4874.9,203.08,309.96,460.29,460.29,205.13,689,607,1153,23470,24625,5716,18909,0,100,132908.2,204166792,30.4,48
n1m_d128_l2,1000000,128,l2,adversarial,0.0200,0.0200,20000,D_large48_standard,large,STANDARD,48,1,96,50,100,0.0660,7989.5,127.38,141.79,191.50,191.50,125.17,1465,1465,1465,0,1465,0,0,58,7,142299.3,396080968,35.9,96
n1m_d128_l2,1000000,128,l2,adversarial,0.0200,0.0200,20000,E_large48_acorn1,large,ACORN,48,1,96,50,100,0.1768,3227.7,298.75,471.75,680.42,680.42,309.82,938,816,1426,37342,38770,8971,29798,0,100,142299.3,396080968,35.9,96
n1m_d128_l2,1000000,128,l2,adversarial,0.0200,0.0200,20000,C_acorn_g4,acorn,ACORN,16,4,16,50,100,0.0556,10514.1,92.04,127.38,145.42,145.42,95.11,619,605,1387,2611,3999,1643,2355,0,100,222708.5,185032456,24.6,40
n1m_d128_l2,1000000,128,l2,adversarial,0.0200,0.0200,20000,C_acorn_g8,acorn,ACORN,16,8,16,50,100,0.1172,9124.2,105.33,152.21,165.25,165.25,109.60,664,634,1699,2782,4483,1615,2867,0,100,316872.6,202064904,24.6,40
n1m_d128_l2,1000000,128,l2,adversarial,0.0200,0.0200,20000,C_acorn_g16,acorn,ACORN,16,16,16,50,100,0.1416,8247.1,119.29,163.88,173.21,173.21,121.25,578,553,2117,3363,5481,1573,3908,0,98,1186950.8,236129800,24.6,40
n1m_d128_l2,1000000,128,l2,adversarial,0.0200,0.0200,20000,A_std_standard,std,STANDARD,16,1,32,100,100,0.0684,6637.1,150.29,215.25,268.42,268.42,150.67,1525,1525,1525,0,1525,0,0,114,7,140884.0,140258120,24.5,32
n1m_d128_l2,1000000,128,l2,adversarial,0.0200,0.0200,20000,B_std_acorn1,std,ACORN,16,1,32,100,100,0.0000,109150.5,9.17,9.25,9.62,9.62,9.16,1,1,68,1316,1385,0,1385,0,0,140884.0,140258120,24.5,32
n1m_d128_l2,1000000,128,l2,adversarial,0.0200,0.0200,20000,D_large24_standard,large,STANDARD,24,1,48,100,100,0.0756,6238.7,162.42,178.42,231.25,231.25,160.29,1699,1699,1699,0,1699,0,0,110,8,132908.2,204166792,30.4,48
n1m_d128_l2,1000000,128,l2,adversarial,0.0200,0.0200,20000,E_large24_acorn1,large,ACORN,24,1,48,100,100,0.0704,2695.5,377.42,479.12,720.46,720.46,370.99,734,652,2590,54149,56740,13853,42887,0,100,132908.2,204166792,30.4,48
n1m_d128_l2,1000000,128,l2,adversarial,0.0200,0.0200,20000,D_large48_standard,large,STANDARD,48,1,96,100,100,0.0768,5888.8,174.04,185.54,243.17,243.17,169.81,1848,1848,1848,0,1848,0,0,108,8,142299.3,396080968,35.9,96
n1m_d128_l2,1000000,128,l2,adversarial,0.0200,0.0200,20000,E_large48_acorn1,large,ACORN,48,1,96,100,100,0.1780,1851.8,564.92,841.62,1189.12,1189.12,540.02,1048,926,3165,79887,83054,20574,62479,0,100,142299.3,396080968,35.9,96
n1m_d128_l2,1000000,128,l2,adversarial,0.0200,0.0200,20000,C_acorn_g4,acorn,ACORN,16,4,16,100,100,0.0670,7294.3,130.33,188.83,240.79,240.79,137.09,807,793,2484,5613,8099,3332,4767,0,100,222708.5,185032456,24.6,40
n1m_d128_l2,1000000,128,l2,adversarial,0.0200,0.0200,20000,C_acorn_g8,acorn,ACORN,16,8,16,100,100,0.1344,6230.1,161.67,226.04,274.75,274.75,160.51,871,840,2779,5870,8651,3222,5429,0,100,316872.6,202064904,24.6,40
n1m_d128_l2,1000000,128,l2,adversarial,0.0200,0.0200,20000,C_acorn_g16,acorn,ACORN,16,16,16,100,100,0.1636,5599.0,173.71,256.25,285.96,285.96,178.60,734,708,3218,7096,10316,3164,7152,0,98,1186950.8,236129800,24.6,40
n1m_d128_l2,1000000,128,l2,adversarial,0.0200,0.0200,20000,A_std_standard,std,STANDARD,16,1,32,250,100,0.0814,3498.2,288.88,362.96,434.75,434.75,285.86,1966,1966,1966,0,1966,0,0,264,8,140884.0,140258120,24.5,32
n1m_d128_l2,1000000,128,l2,adversarial,0.0200,0.0200,20000,B_std_acorn1,std,ACORN,16,1,32,250,100,0.0000,107807.9,9.29,9.50,10.00,10.00,9.28,1,1,68,1316,1385,0,1385,0,0,140884.0,140258120,24.5,32
n1m_d128_l2,1000000,128,l2,adversarial,0.0200,0.0200,20000,D_large24_standard,large,STANDARD,24,1,48,250,100,0.0852,3424.1,296.67,312.67,376.79,376.79,292.04,2061,2061,2061,0,2061,0,0,260,8,132908.2,204166792,30.4,48
n1m_d128_l2,1000000,128,l2,adversarial,0.0200,0.0200,20000,E_large24_acorn1,large,ACORN,24,1,48,250,100,0.0704,1207.9,939.46,1032.71,1170.96,1170.96,827.90,743,661,6501,133046,139549,37476,102073,0,100,132908.2,204166792,30.4,48
n1m_d128_l2,1000000,128,l2,adversarial,0.0200,0.0200,20000,D_large48_standard,large,STANDARD,48,1,96,250,100,0.0850,3319.1,306.88,326.71,385.08,385.08,301.29,2138,2138,2138,0,2138,0,0,258,8,142299.3,396080968,35.9,96
n1m_d128_l2,1000000,128,l2,adversarial,0.0200,0.0200,20000,E_large48_acorn1,large,ACORN,48,1,96,250,100,0.1780,843.4,1344.46,1750.00,1778.50,1778.50,1185.63,1102,980,8420,198672,207094,56720,150373,0,100,142299.3,396080968,35.9,96
n1m_d128_l2,1000000,128,l2,adversarial,0.0200,0.0200,20000,C_acorn_g4,acorn,ACORN,16,4,16,250,100,0.0724,3505.5,269.29,356.62,491.04,491.04,285.27,997,983,5946,15367,21314,8882,12432,0,100,222708.5,185032456,24.6,40
n1m_d128_l2,1000000,128,l2,adversarial,0.0200,0.0200,20000,C_acorn_g8,acorn,ACORN,16,8,16,250,100,0.1440,3058.6,325.25,448.04,582.38,582.38,326.95,1098,1067,6209,16017,22228,8470,13757,0,100,316872.6,202064904,24.6,40
n1m_d128_l2,1000000,128,l2,adversarial,0.0200,0.0200,20000,C_acorn_g16,acorn,ACORN,16,16,16,250,100,0.1756,2694.9,360.54,571.33,590.88,590.88,371.07,890,864,6651,19884,26536,8503,18032,0,98,1186950.8,236129800,24.6,40
n1m_d128_l2,1000000,128,l2,adversarial,0.0200,0.0200,20000,A_std_standard,std,STANDARD,16,1,32,500,100,0.0844,1889.9,532.88,616.88,697.33,697.33,529.12,2166,2166,2166,0,2166,0,0,514,8,140884.0,140258120,24.5,32
n1m_d128_l2,1000000,128,l2,adversarial,0.0200,0.0200,20000,B_std_acorn1,std,ACORN,16,1,32,500,100,0.0000,105069.4,9.33,10.04,14.71,14.71,9.52,1,1,68,1316,1385,0,1385,0,0,140884.0,140258120,24.5,32
n1m_d128_l2,1000000,128,l2,adversarial,0.0200,0.0200,20000,D_large24_standard,large,STANDARD,24,1,48,500,100,0.0856,1829.2,551.38,578.92,673.75,673.75,546.68,2141,2141,2141,0,2141,0,0,510,8,132908.2,204166792,30.4,48
n1m_d128_l2,1000000,128,l2,adversarial,0.0200,0.0200,20000,E_large24_acorn1,large,ACORN,24,1,48,500,100,0.0704,634.0,1884.17,2031.54,2071.04,2071.04,1577.27,774,692,12855,252103,264959,75393,189566,0,100,132908.2,204166792,30.4,48
n1m_d128_l2,1000000,128,l2,adversarial,0.0200,0.0200,20000,D_large48_standard,large,STANDARD,48,1,96,500,100,0.0858,1852.7,548.79,580.54,641.50,641.50,539.75,2210,2210,2210,0,2210,0,0,508,8,142299.3,396080968,35.9,96
n1m_d128_l2,1000000,128,l2,adversarial,0.0200,0.0200,20000,E_large48_acorn1,large,ACORN,48,1,96,500,100,0.1780,441.3,2668.71,3186.92,3267.17,3267.17,2266.14,1448,1326,17069,375700,392770,117298,275472,0,100,142299.3,396080968,35.9,96
n1m_d128_l2,1000000,128,l2,adversarial,0.0200,0.0200,20000,C_acorn_g4,acorn,ACORN,16,4,16,500,100,0.0732,2017.8,491.46,572.21,603.29,603.29,495.59,1052,1038,10707,25632,36341,17321,19020,0,100,222708.5,185032456,24.6,40
n1m_d128_l2,1000000,128,l2,adversarial,0.0200,0.0200,20000,C_acorn_g8,acorn,ACORN,16,8,16,500,100,0.1466,1737.7,539.46,758.25,1018.46,1018.46,575.47,1166,1136,11256,28871,40128,17286,22842,0,100,316872.6,202064904,24.6,40
n1m_d128_l2,1000000,128,l2,adversarial,0.0200,0.0200,20000,C_acorn_g16,acorn,ACORN,16,16,16,500,100,0.1922,1447.7,660.46,1050.62,1197.38,1197.38,690.74,1005,979,12171,39649,51822,17942,33879,0,98,1186950.8,236129800,24.6,40
n1m_d128_l2,1000000,128,l2,adversarial,0.0100,0.0100,10000,F_exact,exact,EXACT,16,0,0,0,10,1.0000,526.2,1900.54,1915.33,1917.88,1917.88,1900.39,10000,0,0,0,1000000,0,0,0,10,0.0,0,0.0,0
n1m_d128_l2,1000000,128,l2,adversarial,0.0100,0.0100,10000,A_std_standard,std,STANDARD,16,1,32,50,10,0.0640,10907.3,91.04,147.79,191.50,191.50,91.68,1103,1103,1103,0,1103,0,0,65,0,140884.0,140258120,24.5,32
n1m_d128_l2,1000000,128,l2,adversarial,0.0100,0.0100,10000,B_std_acorn1,std,ACORN,16,1,32,50,10,0.0000,115041.4,8.67,8.88,9.50,9.50,8.69,1,1,68,1316,1385,0,1385,0,0,140884.0,140258120,24.5,32
n1m_d128_l2,1000000,128,l2,adversarial,0.0100,0.0100,10000,D_large24_standard,large,STANDARD,24,1,48,50,10,0.0700,9853.3,102.96,122.88,163.50,163.50,101.49,1279,1279,1279,0,1279,0,0,61,0,132908.2,204166792,30.4,48
n1m_d128_l2,1000000,128,l2,adversarial,0.0100,0.0100,10000,E_large24_acorn1,large,ACORN,24,1,48,50,10,0.0880,5273.9,186.92,284.25,370.96,370.96,189.61,785,708,1245,22942,24188,6680,17508,0,10,132908.2,204166792,30.4,48
n1m_d128_l2,1000000,128,l2,adversarial,0.0100,0.0100,10000,D_large48_standard,large,STANDARD,48,1,96,50,10,0.0720,8858.6,115.79,125.08,158.50,158.50,112.88,1465,1465,1465,0,1465,0,0,58,0,142299.3,396080968,35.9,96
n1m_d128_l2,1000000,128,l2,adversarial,0.0100,0.0100,10000,E_large48_acorn1,large,ACORN,48,1,96,50,10,0.1300,3775.4,263.46,482.12,527.04,527.04,264.87,854,758,1393,38127,39521,7796,31724,0,10,142299.3,396080968,35.9,96
n1m_d128_l2,1000000,128,l2,adversarial,0.0100,0.0100,10000,C_acorn_g4,acorn,ACORN,16,4,16,50,10,0.0000,142994.0,7.00,7.21,7.29,7.29,6.99,1,1,228,99,328,0,328,0,0,222708.5,185032456,24.6,40
n1m_d128_l2,1000000,128,l2,adversarial,0.0100,0.0100,10000,C_acorn_g8,acorn,ACORN,16,8,16,50,10,0.0000,128246.2,7.67,9.25,9.54,9.54,7.80,1,1,433,414,848,0,848,0,0,316872.6,202064904,24.6,40
n1m_d128_l2,1000000,128,l2,adversarial,0.0100,0.0100,10000,C_acorn_g16,acorn,ACORN,16,16,16,50,10,0.0840,12093.7,73.83,155.04,164.21,164.21,82.69,238,224,2142,6787,8930,1110,7820,0,10,1186950.8,236129800,24.6,40
n1m_d128_l2,1000000,128,l2,adversarial,0.0100,0.0100,10000,A_std_standard,std,STANDARD,16,1,32,100,10,0.0780,6735.6,148.79,209.00,268.54,268.54,148.46,1525,1525,1525,0,1525,0,0,114,0,140884.0,140258120,24.5,32
n1m_d128_l2,1000000,128,l2,adversarial,0.0100,0.0100,10000,B_std_acorn1,std,ACORN,16,1,32,100,10,0.0000,105642.8,9.50,9.67,10.08,10.08,9.47,1,1,68,1316,1385,0,1385,0,0,140884.0,140258120,24.5,32
n1m_d128_l2,1000000,128,l2,adversarial,0.0100,0.0100,10000,D_large24_standard,large,STANDARD,24,1,48,100,10,0.0820,6243.1,162.54,176.12,240.79,240.79,160.18,1699,1699,1699,0,1699,0,0,110,0,132908.2,204166792,30.4,48
n1m_d128_l2,1000000,128,l2,adversarial,0.0100,0.0100,10000,E_large24_acorn1,large,ACORN,24,1,48,100,10,0.0880,2707.8,376.54,482.08,520.21,520.21,369.30,809,732,2701,52503,55205,15618,39587,0,10,132908.2,204166792,30.4,48
n1m_d128_l2,1000000,128,l2,adversarial,0.0100,0.0100,10000,D_large48_standard,large,STANDARD,48,1,96,100,10,0.0800,5929.7,172.83,182.46,221.38,221.38,168.64,1848,1848,1848,0,1848,0,0,108,0,142299.3,396080968,35.9,96
n1m_d128_l2,1000000,128,l2,adversarial,0.0100,0.0100,10000,E_large48_acorn1,large,ACORN,48,1,96,100,10,0.1300,2074.8,498.58,797.62,829.17,829.17,481.99,962,866,3007,77708,80717,18993,61723,0,10,142299.3,396080968,35.9,96
n1m_d128_l2,1000000,128,l2,adversarial,0.0100,0.0100,10000,C_acorn_g4,acorn,ACORN,16,4,16,100,10,0.0000,143865.8,6.96,7.08,7.12,7.12,6.95,1,1,228,99,328,0,328,0,0,222708.5,185032456,24.6,40
n1m_d128_l2,1000000,128,l2,adversarial,0.0100,0.0100,10000,C_acorn_g8,acorn,ACORN,16,8,16,100,10,0.0000,129882.6,7.62,7.96,8.04,8.04,7.70,1,1,433,414,848,0,848,0,0,316872.6,202064904,24.6,40
n1m_d128_l2,1000000,128,l2,adversarial,0.0100,0.0100,10000,C_acorn_g16,acorn,ACORN,16,16,16,100,10,0.0900,7174.4,120.75,267.38,306.00,306.00,139.39,302,289,3315,13620,16937,2251,14685,0,10,1186950.8,236129800,24.6,40
n1m_d128_l2,1000000,128,l2,adversarial,0.0100,0.0100,10000,A_std_standard,std,STANDARD,16,1,32,250,10,0.0900,3557.0,286.25,360.08,433.58,433.58,281.14,1966,1966,1966,0,1966,0,0,264,0,140884.0,140258120,24.5,32
n1m_d128_l2,1000000,128,l2,adversarial,0.0100,0.0100,10000,B_std_acorn1,std,ACORN,16,1,32,250,10,0.0000,109061.5,9.12,9.50,10.04,10.04,9.17,1,1,68,1316,1385,0,1385,0,0,140884.0,140258120,24.5,32
n1m_d128_l2,1000000,128,l2,adversarial,0.0100,0.0100,10000,D_large24_standard,large,STANDARD,24,1,48,250,10,0.0940,3407.8,298.58,323.54,383.25,383.25,293.44,2061,2061,2061,0,2061,0,0,260,0,132908.2,204166792,30.4,48
n1m_d128_l2,1000000,128,l2,adversarial,0.0100,0.0100,10000,E_large24_acorn1,large,ACORN,24,1,48,250,10,0.0880,1149.7,895.42,1019.17,1049.42,1049.42,869.78,814,737,6944,136691,143636,41837,101798,0,10,132908.2,204166792,30.4,48
n1m_d128_l2,1000000,128,l2,adversarial,0.0100,0.0100,10000,D_large48_standard,large,STANDARD,48,1,96,250,10,0.0920,3343.6,304.46,327.38,368.54,368.54,299.08,2138,2138,2138,0,2138,0,0,258,0,142299.3,396080968,35.9,96
n1m_d128_l2,1000000,128,l2,adversarial,0.0100,0.0100,10000,E_large48_acorn1,large,ACORN,48,1,96,250,10,0.1300,937.9,1114.08,1512.50,2121.04,2121.04,1066.21,1079,982,7572,171468,179041,55612,123428,0,10,142299.3,396080968,35.9,96
n1m_d128_l2,1000000,128,l2,adversarial,0.0100,0.0100,10000,C_acorn_g4,acorn,ACORN,16,4,16,250,10,0.0000,141294.4,7.08,7.25,7.33,7.33,7.08,1,1,228,99,328,0,328,0,0,222708.5,185032456,24.6,40
n1m_d128_l2,1000000,128,l2,adversarial,0.0100,0.0100,10000,C_acorn_g8,acorn,ACORN,16,8,16,250,10,0.0000,128424.4,7.71,8.00,8.08,8.08,7.79,1,1,433,414,848,0,848,0,0,316872.6,202064904,24.6,40
n1m_d128_l2,1000000,128,l2,adversarial,0.0100,0.0100,10000,C_acorn_g16,acorn,ACORN,16,16,16,250,10,0.0900,4117.9,199.46,498.75,571.38,571.38,242.84,351,338,5539,25334,30874,4792,26082,0,10,1186950.8,236129800,24.6,40
n1m_d128_l2,1000000,128,l2,adversarial,0.0100,0.0100,10000,A_std_standard,std,STANDARD,16,1,32,500,10,0.0920,1882.8,533.08,622.79,706.00,706.00,531.11,2166,2166,2166,0,2166,0,0,514,0,140884.0,140258120,24.5,32
n1m_d128_l2,1000000,128,l2,adversarial,0.0100,0.0100,10000,B_std_acorn1,std,ACORN,16,1,32,500,10,0.0000,111648.3,8.92,9.17,9.71,9.71,8.96,1,1,68,1316,1385,0,1385,0,0,140884.0,140258120,24.5,32
n1m_d128_l2,1000000,128,l2,adversarial,0.0100,0.0100,10000,D_large24_standard,large,STANDARD,24,1,48,500,10,0.0940,1849.0,549.96,575.96,634.71,634.71,540.83,2141,2141,2141,0,2141,0,0,510,1,132908.2,204166792,30.4,48
n1m_d128_l2,1000000,128,l2,adversarial,0.0100,0.0100,10000,E_large24_acorn1,large,ACORN,24,1,48,500,10,0.0880,566.7,1811.88,2106.50,2757.92,2757.92,1764.69,1056,979,13766,259188,272956,84743,188212,0,10,132908.2,204166792,30.4,48
n1m_d128_l2,1000000,128,l2,adversarial,0.0100,0.0100,10000,D_large48_standard,large,STANDARD,48,1,96,500,10,0.0940,1809.3,560.46,593.38,675.96,675.96,552.70,2210,2210,2210,0,2210,0,0,508,1,142299.3,396080968,35.9,96
n1m_d128_l2,1000000,128,l2,adversarial,0.0100,0.0100,10000,E_large48_acorn1,large,ACORN,48,1,96,500,10,0.1300,505.1,2230.25,3047.38,4514.54,4514.54,1979.90,1173,1077,14475,286736,301212,116132,185079,0,10,142299.3,396080968,35.9,96
n1m_d128_l2,1000000,128,l2,adversarial,0.0100,0.0100,10000,C_acorn_g4,acorn,ACORN,16,4,16,500,10,0.0000,143541.2,6.92,7.21,7.46,7.46,6.97,1,1,228,99,328,0,328,0,0,222708.5,185032456,24.6,40
n1m_d128_l2,1000000,128,l2,adversarial,0.0100,0.0100,10000,C_acorn_g8,acorn,ACORN,16,8,16,500,10,0.0000,128631.6,7.75,7.88,8.00,8.00,7.77,1,1,433,414,848,0,848,0,0,316872.6,202064904,24.6,40
n1m_d128_l2,1000000,128,l2,adversarial,0.0100,0.0100,10000,C_acorn_g16,acorn,ACORN,16,16,16,500,10,0.0900,3265.8,200.25,689.67,1013.83,1013.83,306.20,357,344,6642,29180,35823,7167,28656,0,10,1186950.8,236129800,24.6,40
n1m_d128_l2,1000000,128,l2,adversarial,0.0050,0.0050,5000,F_exact,exact,EXACT,16,0,0,0,10,1.0000,682.2,1463.38,1484.71,1495.29,1495.29,1465.83,5000,0,0,0,1000000,0,0,0,10,0.0,0,0.0,0
n1m_d128_l2,1000000,128,l2,adversarial,0.0050,0.0050,5000,A_std_standard,std,STANDARD,16,1,32,50,10,0.0460,11058.1,89.83,142.42,182.58,182.58,90.43,1103,1103,1103,0,1103,0,0,65,0,140884.0,140258120,24.5,32
n1m_d128_l2,1000000,128,l2,adversarial,0.0050,0.0050,5000,B_std_acorn1,std,ACORN,16,1,32,50,10,0.0000,103555.3,9.50,10.46,14.12,14.12,9.66,1,1,68,1316,1385,0,1385,0,0,140884.0,140258120,24.5,32
n1m_d128_l2,1000000,128,l2,adversarial,0.0050,0.0050,5000,D_large24_standard,large,STANDARD,24,1,48,50,10,0.0480,9860.0,102.71,115.67,164.38,164.38,101.42,1279,1279,1279,0,1279,0,0,61,0,132908.2,204166792,30.4,48
n1m_d128_l2,1000000,128,l2,adversarial,0.0050,0.0050,5000,E_large24_acorn1,large,ACORN,24,1,48,50,10,0.0000,98103.1,10.17,10.62,10.88,10.88,10.19,1,1,83,1768,1852,0,1852,0,0,132908.2,204166792,30.4,48
n1m_d128_l2,1000000,128,l2,adversarial,0.0050,0.0050,5000,D_large48_standard,large,STANDARD,48,1,96,50,10,0.0500,8919.5,114.67,129.75,156.79,156.79,112.11,1465,1465,1465,0,1465,0,0,58,0,142299.3,396080968,35.9,96
n1m_d128_l2,1000000,128,l2,adversarial,0.0050,0.0050,5000,E_large48_acorn1,large,ACORN,48,1,96,50,10,0.0460,3966.9,247.92,305.54,328.54,328.54,252.08,1056,952,1364,28199,29565,11795,17769,0,10,142299.3,396080968,35.9,96
n1m_d128_l2,1000000,128,l2,adversarial,0.0050,0.0050,5000,C_acorn_g4,acorn,ACORN,16,4,16,50,10,0.0000,134182.8,7.46,7.75,7.88,7.88,7.45,1,1,228,99,328,0,328,0,0,222708.5,185032456,24.6,40
n1m_d128_l2,1000000,128,l2,adversarial,0.0050,0.0050,5000,C_acorn_g8,acorn,ACORN,16,8,16,50,10,0.0000,127945.6,7.79,7.92,8.00,8.00,7.82,1,1,433,414,848,0,848,0,0,316872.6,202064904,24.6,40
n1m_d128_l2,1000000,128,l2,adversarial,0.0050,0.0050,5000,C_acorn_g16,acorn,ACORN,16,16,16,50,10,0.0220,14057.9,69.00,87.96,101.88,101.88,71.13,464,463,2084,3908,5994,1533,4461,0,10,1186950.8,236129800,24.6,40
n1m_d128_l2,1000000,128,l2,adversarial,0.0050,0.0050,5000,A_std_standard,std,STANDARD,16,1,32,100,10,0.0580,6877.4,146.29,202.62,261.12,261.12,145.40,1525,1525,1525,0,1525,0,0,114,0,140884.0,140258120,24.5,32
n1m_d128_l2,1000000,128,l2,adversarial,0.0050,0.0050,5000,B_std_acorn1,std,ACORN,16,1,32,100,10,0.0000,109258.8,9.17,9.29,9.50,9.50,9.15,1,1,68,1316,1385,0,1385,0,0,140884.0,140258120,24.5,32
n1m_d128_l2,1000000,128,l2,adversarial,0.0050,0.0050,5000,D_large24_standard,large,STANDARD,24,1,48,100,10,0.0580,6376.3,159.29,176.25,228.21,228.21,156.83,1699,1699,1699,0,1699,0,0,110,0,132908.2,204166792,30.4,48
n1m_d128_l2,1000000,128,l2,adversarial,0.0050,0.0050,5000,E_large24_acorn1,large,ACORN,24,1,48,100,10,0.0000,98095.2,10.17,10.38,10.96,10.96,10.19,1,1,83,1768,1852,0,1852,0,0,132908.2,204166792,30.4,48
n1m_d128_l2,1000000,128,l2,adversarial,0.0050,0.0050,5000,D_large48_standard,large,STANDARD,48,1,96,100,10,0.0580,5861.2,175.29,190.08,226.92,226.92,170.61,1848,1848,1848,0,1848,0,0,108,0,142299.3,396080968,35.9,96
n1m_d128_l2,1000000,128,l2,adversarial,0.0050,0.0050,5000,E_large48_acorn1,large,ACORN,48,1,96,100,10,0.0460,1924.6,516.17,587.25,607.79,607.79,519.58,1069,965,3134,67930,71066,29201,41864,0,10,142299.3,396080968,35.9,96
n1m_d128_l2,1000000,128,l2,adversarial,0.0050,0.0050,5000,C_acorn_g4,acorn,ACORN,16,4,16,100,10,0.0000,126369.2,7.88,8.21,8.25,8.25,7.91,1,1,228,99,328,0,328,0,0,222708.5,185032456,24.6,40
n1m_d128_l2,1000000,128,l2,adversarial,0.0050,0.0050,5000,C_acorn_g8,acorn,ACORN,16,8,16,100,10,0.0000,121299.2,8.08,8.67,8.96,8.96,8.24,1,1,433,414,848,0,848,0,0,316872.6,202064904,24.6,40
n1m_d128_l2,1000000,128,l2,adversarial,0.0050,0.0050,5000,C_acorn_g16,acorn,ACORN,16,16,16,100,10,0.0240,8344.3,118.08,137.42,151.88,151.88,119.84,549,548,3285,8558,11845,3245,8600,0,10,1186950.8,236129800,24.6,40
n1m_d128_l2,1000000,128,l2,adversarial,0.0050,0.0050,5000,A_std_standard,std,STANDARD,16,1,32,250,10,0.0640,3514.1,288.88,361.46,431.54,431.54,284.57,1966,1966,1966,0,1966,0,0,264,0,140884.0,140258120,24.5,32
n1m_d128_l2,1000000,128,l2,adversarial,0.0050,0.0050,5000,B_std_acorn1,std,ACORN,16,1,32,250,10,0.0000,106487.7,9.25,10.42,11.38,11.38,9.39,1,1,68,1316,1385,0,1385,0,0,140884.0,140258120,24.5,32
n1m_d128_l2,1000000,128,l2,adversarial,0.0050,0.0050,5000,D_large24_standard,large,STANDARD,24,1,48,250,10,0.0700,3378.3,301.17,319.46,394.50,394.50,296.01,2061,2061,2061,0,2061,0,0,260,0,132908.2,204166792,30.4,48
n1m_d128_l2,1000000,128,l2,adversarial,0.0050,0.0050,5000,E_large24_acorn1,large,ACORN,24,1,48,250,10,0.0000,99883.7,9.96,10.25,10.58,10.58,10.01,1,1,83,1768,1852,0,1852,0,0,132908.2,204166792,30.4,48
n1m_d128_l2,1000000,128,l2,adversarial,0.0050,0.0050,5000,D_large48_standard,large,STANDARD,48,1,96,250,10,0.0680,3276.3,310.08,333.67,382.46,382.46,305.22,2138,2138,2138,0,2138,0,0,258,0,142299.3,396080968,35.9,96
n1m_d128_l2,1000000,128,l2,adversarial,0.0050,0.0050,5000,E_large48_acorn1,large,ACORN,48,1,96,250,10,0.0460,753.7,1331.62,1407.92,1509.92,1509.92,1326.80,1069,966,8458,185805,194265,81207,113058,0,10,142299.3,396080968,35.9,96
n1m_d128_l2,1000000,128,l2,adversarial,0.0050,0.0050,5000,C_acorn_g4,acorn,ACORN,16,4,16,250,10,0.0000,132276.5,7.46,7.96,8.25,8.25,7.56,1,1,228,99,328,0,328,0,0,222708.5,185032456,24.6,40
n1m_d128_l2,1000000,128,l2,adversarial,0.0050,0.0050,5000,C_acorn_g8,acorn,ACORN,16,8,16,250,10,0.0000,125260.9,7.96,8.12,8.17,8.17,7.98,1,1,433,414,848,0,848,0,0,316872.6,202064904,24.6,40
n1m_d128_l2,1000000,128,l2,adversarial,0.0050,0.0050,5000,C_acorn_g16,acorn,ACORN,16,16,16,250,10,0.0240,3475.4,286.25,306.92,337.71,337.71,287.74,579,578,6967,26844,33813,9626,24186,0,10,1186950.8,236129800,24.6,40
n1m_d128_l2,1000000,128,l2,adversarial,0.0050,0.0050,5000,A_std_standard,std,STANDARD,16,1,32,500,10,0.0680,1905.0,530.50,619.12,709.54,709.54,524.93,2166,2166,2166,0,2166,0,0,514,0,140884.0,140258120,24.5,32
n1m_d128_l2,1000000,128,l2,adversarial,0.0050,0.0050,5000,B_std_acorn1,std,ACORN,16,1,32,500,10,0.0000,105317.5,9.50,9.83,10.33,10.33,9.50,1,1,68,1316,1385,0,1385,0,0,140884.0,140258120,24.5,32
n1m_d128_l2,1000000,128,l2,adversarial,0.0050,0.0050,5000,D_large24_standard,large,STANDARD,24,1,48,500,10,0.0700,1842.1,550.92,570.58,672.62,672.62,542.87,2141,2141,2141,0,2141,0,0,510,0,132908.2,204166792,30.4,48
n1m_d128_l2,1000000,128,l2,adversarial,0.0050,0.0050,5000,E_large24_acorn1,large,ACORN,24,1,48,500,10,0.0000,98351.6,10.12,10.54,10.75,10.75,10.17,1,1,83,1768,1852,0,1852,0,0,132908.2,204166792,30.4,48
n1m_d128_l2,1000000,128,l2,adversarial,0.0050,0.0050,5000,D_large48_standard,large,STANDARD,48,1,96,500,10,0.0700,1676.7,596.17,648.46,730.12,730.12,596.42,2210,2210,2210,0,2210,0,0,508,0,142299.3,396080968,35.9,96
n1m_d128_l2,1000000,128,l2,adversarial,0.0050,0.0050,5000,E_large48_acorn1,large,ACORN,48,1,96,500,10,0.0460,371.2,2690.21,2807.04,2820.38,2820.38,2694.15,1069,966,17475,379756,397233,167027,230205,0,10,142299.3,396080968,35.9,96
n1m_d128_l2,1000000,128,l2,adversarial,0.0050,0.0050,5000,C_acorn_g4,acorn,ACORN,16,4,16,500,10,0.0000,129491.4,7.67,7.96,8.17,8.17,7.72,1,1,228,99,328,0,328,0,0,222708.5,185032456,24.6,40
n1m_d128_l2,1000000,128,l2,adversarial,0.0050,0.0050,5000,C_acorn_g8,acorn,ACORN,16,8,16,500,10,0.0000,123077.5,8.04,8.33,8.38,8.38,8.12,1,1,433,414,848,0,848,0,0,316872.6,202064904,24.6,40
n1m_d128_l2,1000000,128,l2,adversarial,0.0050,0.0050,5000,C_acorn_g16,acorn,ACORN,16,16,16,500,10,0.0240,1630.8,612.54,632.04,655.33,655.33,613.20,582,581,13072,56838,69911,20281,49630,0,10,1186950.8,236129800,24.6,40
n1m_d128_l2,1000000,128,l2,adversarial,0.0010,0.0010,1000,F_exact,exact,EXACT,16,0,0,0,10,1.0000,892.4,1120.00,1128.12,1135.00,1135.00,1120.61,1000,0,0,0,1000000,0,0,0,10,0.0,0,0.0,0
n1m_d128_l2,1000000,128,l2,adversarial,0.0010,0.0010,1000,A_std_standard,std,STANDARD,16,1,32,50,10,0.0100,10652.6,93.04,152.71,195.12,195.12,93.87,1103,1103,1103,0,1103,0,0,65,0,140884.0,140258120,24.5,32
n1m_d128_l2,1000000,128,l2,adversarial,0.0010,0.0010,1000,B_std_acorn1,std,ACORN,16,1,32,50,10,0.0000,101394.4,9.88,10.12,10.42,10.42,9.86,1,1,68,1316,1385,0,1385,0,0,140884.0,140258120,24.5,32
n1m_d128_l2,1000000,128,l2,adversarial,0.0010,0.0010,1000,D_large24_standard,large,STANDARD,24,1,48,50,10,0.0100,9300.7,109.54,118.54,172.50,172.50,107.52,1279,1279,1279,0,1279,0,0,61,0,132908.2,204166792,30.4,48
n1m_d128_l2,1000000,128,l2,adversarial,0.0010,0.0010,1000,E_large24_acorn1,large,ACORN,24,1,48,50,10,0.0000,102564.3,9.71,10.04,10.12,10.12,9.75,1,1,83,1768,1852,0,1852,0,0,132908.2,204166792,30.4,48
n1m_d128_l2,1000000,128,l2,adversarial,0.0010,0.0010,1000,D_large48_standard,large,STANDARD,48,1,96,50,10,0.0120,6522.4,136.92,196.08,528.04,528.04,153.32,1465,1465,1465,0,1465,0,0,58,0,142299.3,396080968,35.9,96
n1m_d128_l2,1000000,128,l2,adversarial,0.0010,0.0010,1000,E_large48_acorn1,large,ACORN,48,1,96,50,10,0.1200,3866.8,260.71,278.71,280.79,280.79,258.61,451,383,1704,55032,56737,10394,46343,0,10,142299.3,396080968,35.9,96
n1m_d128_l2,1000000,128,l2,adversarial,0.0010,0.0010,1000,C_acorn_g4,acorn,ACORN,16,4,16,50,10,0.0000,213521.0,4.67,4.83,4.83,4.83,4.68,1,1,228,99,328,0,328,0,0,222708.5,185032456,24.6,40
n1m_d128_l2,1000000,128,l2,adversarial,0.0010,0.0010,1000,C_acorn_g8,acorn,ACORN,16,8,16,50,10,0.0000,174622.5,5.67,6.04,6.12,6.12,5.73,1,1,433,414,848,0,848,0,0,316872.6,202064904,24.6,40
n1m_d128_l2,1000000,128,l2,adversarial,0.0010,0.0010,1000,C_acorn_g16,acorn,ACORN,16,16,16,50,10,0.0000,156739.8,6.29,6.96,10.12,10.12,6.38,1,1,770,432,1203,0,1203,0,0,1186950.8,236129800,24.6,40
n1m_d128_l2,1000000,128,l2,adversarial,0.0010,0.0010,1000,A_std_standard,std,STANDARD,16,1,32,100,10,0.0200,6205.4,161.04,221.62,286.25,286.25,161.15,1525,1525,1525,0,1525,0,0,114,0,140884.0,140258120,24.5,32
n1m_d128_l2,1000000,128,l2,adversarial,0.0010,0.0010,1000,B_std_acorn1,std,ACORN,16,1,32,100,10,0.0000,140236.3,7.08,7.54,7.62,7.62,7.13,1,1,68,1316,1385,0,1385,0,0,140884.0,140258120,24.5,32
n1m_d128_l2,1000000,128,l2,adversarial,0.0010,0.0010,1000,D_large24_standard,large,STANDARD,24,1,48,100,10,0.0240,5748.4,176.33,190.21,245.04,245.04,173.96,1699,1699,1699,0,1699,0,0,110,0,132908.2,204166792,30.4,48
n1m_d128_l2,1000000,128,l2,adversarial,0.0010,0.0010,1000,E_large24_acorn1,large,ACORN,24,1,48,100,10,0.0000,113830.1,8.67,9.42,10.54,10.54,8.79,1,1,83,1768,1852,0,1852,0,0,132908.2,204166792,30.4,48
n1m_d128_l2,1000000,128,l2,adversarial,0.0010,0.0010,1000,D_large48_standard,large,STANDARD,48,1,96,100,10,0.0220,4204.9,193.12,315.92,1557.67,1557.67,237.82,1848,1848,1848,0,1848,0,0,108,0,142299.3,396080968,35.9,96
n1m_d128_l2,1000000,128,l2,adversarial,0.0010,0.0010,1000,E_large48_acorn1,large,ACORN,48,1,96,100,10,0.1200,1827.9,535.50,687.88,835.67,835.67,547.07,451,384,3497,115359,118858,22010,96847,0,10,142299.3,396080968,35.9,96
n1m_d128_l2,1000000,128,l2,adversarial,0.0010,0.0010,1000,C_acorn_g4,acorn,ACORN,16,4,16,100,10,0.0000,138505.7,7.17,7.54,7.71,7.71,7.22,1,1,228,99,328,0,328,0,0,222708.5,185032456,24.6,40
n1m_d128_l2,1000000,128,l2,adversarial,0.0010,0.0010,1000,C_acorn_g8,acorn,ACORN,16,8,16,100,10,0.0000,126595.4,7.88,8.00,8.12,8.12,7.90,1,1,433,414,848,0,848,0,0,316872.6,202064904,24.6,40
n1m_d128_l2,1000000,128,l2,adversarial,0.0010,0.0010,1000,C_acorn_g16,acorn,ACORN,16,16,16,100,10,0.0000,119702.8,8.33,8.42,8.54,8.54,8.35,1,1,770,432,1203,0,1203,0,0,1186950.8,236129800,24.6,40
n1m_d128_l2,1000000,128,l2,adversarial,0.0010,0.0010,1000,A_std_standard,std,STANDARD,16,1,32,250,10,0.0240,3491.8,288.38,372.08,441.67,441.67,286.39,1966,1966,1966,0,1966,0,0,264,0,140884.0,140258120,24.5,32
n1m_d128_l2,1000000,128,l2,adversarial,0.0010,0.0010,1000,B_std_acorn1,std,ACORN,16,1,32,250,10,0.0000,104430.6,9.54,9.88,10.54,10.54,9.58,1,1,68,1316,1385,0,1385,0,0,140884.0,140258120,24.5,32
n1m_d128_l2,1000000,128,l2,adversarial,0.0010,0.0010,1000,D_large24_standard,large,STANDARD,24,1,48,250,10,0.0240,3376.3,301.33,331.42,389.42,389.42,296.18,2061,2061,2061,0,2061,0,0,260,0,132908.2,204166792,30.4,48
n1m_d128_l2,1000000,128,l2,adversarial,0.0010,0.0010,1000,E_large24_acorn1,large,ACORN,24,1,48,250,10,0.0000,98969.1,10.04,10.62,11.08,11.08,10.10,1,1,83,1768,1852,0,1852,0,0,132908.2,204166792,30.4,48
n1m_d128_l2,1000000,128,l2,adversarial,0.0010,0.0010,1000,D_large48_standard,large,STANDARD,48,1,96,250,10,0.0220,3195.4,320.62,344.25,390.42,390.42,312.95,2138,2138,2138,0,2138,0,0,258,0,142299.3,396080968,35.9,96
n1m_d128_l2,1000000,128,l2,adversarial,0.0010,0.0010,1000,E_large48_acorn1,large,ACORN,48,1,96,250,10,0.1200,769.9,1287.38,1379.42,1436.46,1436.46,1298.79,451,384,8891,295294,304187,56774,247413,0,10,142299.3,396080968,35.9,96
n1m_d128_l2,1000000,128,l2,adversarial,0.0010,0.0010,1000,C_acorn_g4,acorn,ACORN,16,4,16,250,10,0.0000,135179.3,7.29,8.75,8.88,8.88,7.40,1,1,228,99,328,0,328,0,0,222708.5,185032456,24.6,40
n1m_d128_l2,1000000,128,l2,adversarial,0.0010,0.0010,1000,C_acorn_g8,acorn,ACORN,16,8,16,250,10,0.0000,123534.0,8.21,8.29,8.33,8.33,8.09,1,1,433,414,848,0,848,0,0,316872.6,202064904,24.6,40
n1m_d128_l2,1000000,128,l2,adversarial,0.0010,0.0010,1000,C_acorn_g16,acorn,ACORN,16,16,16,250,10,0.0000,119284.8,8.38,8.50,8.58,8.58,8.38,1,1,770,432,1203,0,1203,0,0,1186950.8,236129800,24.6,40
n1m_d128_l2,1000000,128,l2,adversarial,0.0010,0.0010,1000,A_std_standard,std,STANDARD,16,1,32,500,10,0.0240,1900.1,533.25,631.50,714.71,714.71,526.30,2166,2166,2166,0,2166,0,0,514,0,140884.0,140258120,24.5,32
n1m_d128_l2,1000000,128,l2,adversarial,0.0010,0.0010,1000,B_std_acorn1,std,ACORN,16,1,32,500,10,0.0000,103091.9,9.58,11.67,11.96,11.96,9.70,1,1,68,1316,1385,0,1385,0,0,140884.0,140258120,24.5,32
n1m_d128_l2,1000000,128,l2,adversarial,0.0010,0.0010,1000,D_large24_standard,large,STANDARD,24,1,48,500,10,0.0260,1836.7,553.67,572.00,675.29,675.29,544.46,2141,2141,2141,0,2141,0,0,510,0,132908.2,204166792,30.4,48
n1m_d128_l2,1000000,128,l2,adversarial,0.0010,0.0010,1000,E_large24_acorn1,large,ACORN,24,1,48,500,10,0.0000,92513.3,10.83,11.08,11.54,11.54,10.81,1,1,83,1768,1852,0,1852,0,0,132908.2,204166792,30.4,48
n1m_d128_l2,1000000,128,l2,adversarial,0.0010,0.0010,1000,D_large48_standard,large,STANDARD,48,1,96,500,10,0.0220,1684.0,589.92,647.88,725.92,725.92,593.81,2210,2210,2210,0,2210,0,0,508,0,142299.3,396080968,35.9,96
n1m_d128_l2,1000000,128,l2,adversarial,0.0010,0.0010,1000,E_large48_acorn1,large,ACORN,48,1,96,500,10,0.1200,501.3,1989.08,2021.42,2024.21,2024.21,1994.70,451,384,13651,450510,464163,87031,377131,0,10,142299.3,396080968,35.9,96
n1m_d128_l2,1000000,128,l2,adversarial,0.0010,0.0010,1000,C_acorn_g4,acorn,ACORN,16,4,16,500,10,0.0000,138075.0,7.21,7.42,7.71,7.71,7.24,1,1,228,99,328,0,328,0,0,222708.5,185032456,24.6,40
n1m_d128_l2,1000000,128,l2,adversarial,0.0010,0.0010,1000,C_acorn_g8,acorn,ACORN,16,8,16,500,10,0.0000,123851.9,8.08,8.17,8.25,8.25,8.07,1,1,433,414,848,0,848,0,0,316872.6,202064904,24.6,40
n1m_d128_l2,1000000,128,l2,adversarial,0.0010,0.0010,1000,C_acorn_g16,acorn,ACORN,16,16,16,500,10,0.0000,119665.0,8.33,8.42,8.46,8.46,8.36,1,1,770,432,1203,0,1203,0,0,1186950.8,236129800,24.6,40
n1m_d128_l2,1000000,128,l2,multicluster,0.5000,0.3644,364450,F_exact,exact,EXACT,16,0,0,0,10,1.0000,24.8,40351.92,40797.92,41030.75,41030.75,40363.29,364450,0,0,0,1000000,0,0,0,10,0.0,0,0.0,0
n1m_d128_l2,1000000,128,l2,multicluster,0.5000,0.3644,364450,A_std_standard,std,STANDARD,16,1,32,50,10,0.5500,10497.8,93.54,151.21,199.21,199.21,95.26,1103,1103,1103,0,1103,0,0,65,7,140884.0,140258120,24.5,32
n1m_d128_l2,1000000,128,l2,multicluster,0.5000,0.3644,364450,B_std_acorn1,std,ACORN,16,1,32,50,10,0.2420,5610.8,155.50,328.25,353.71,353.71,178.23,1353,1207,471,3650,4123,2371,1751,0,10,140884.0,140258120,24.5,32
n1m_d128_l2,1000000,128,l2,multicluster,0.5000,0.3644,364450,D_large24_standard,large,STANDARD,24,1,48,50,10,0.6060,9614.1,105.17,121.21,169.29,169.29,104.01,1279,1279,1279,0,1279,0,0,61,6,132908.2,204166792,30.4,48
n1m_d128_l2,1000000,128,l2,multicluster,0.5000,0.3644,364450,E_large24_acorn1,large,ACORN,24,1,48,50,10,0.5420,4146.8,192.92,498.00,819.46,819.46,241.15,1505,1337,753,9599,10353,3881,6472,0,10,132908.2,204166792,30.4,48
n1m_d128_l2,1000000,128,l2,multicluster,0.5000,0.3644,364450,D_large48_standard,large,STANDARD,48,1,96,50,10,0.6140,8554.7,119.04,127.42,163.54,163.54,116.89,1465,1465,1465,0,1465,0,0,58,7,142299.3,396080968,35.9,96
n1m_d128_l2,1000000,128,l2,multicluster,0.5000,0.3644,364450,E_large48_acorn1,large,ACORN,48,1,96,50,10,0.7020,2848.8,295.62,691.88,728.67,728.67,351.02,2182,1904,1262,18238,19502,8046,11456,0,10,142299.3,396080968,35.9,96
n1m_d128_l2,1000000,128,l2,multicluster,0.5000,0.3644,364450,C_acorn_g4,acorn,ACORN,16,4,16,50,10,0.3180,7948.2,121.71,175.33,255.88,255.88,125.81,962,854,1363,1436,2801,2130,670,0,10,222708.5,185032456,24.6,40
n1m_d128_l2,1000000,128,l2,multicluster,0.5000,0.3644,364450,C_acorn_g8,acorn,ACORN,16,8,16,50,10,0.2880,7850.8,121.00,197.46,233.75,233.75,127.38,1049,942,1316,1219,2536,2072,464,0,10,316872.6,202064904,24.6,40
n1m_d128_l2,1000000,128,l2,multicluster,0.5000,0.3644,364450,C_acorn_g16,acorn,ACORN,16,16,16,50,10,0.2420,7767.3,120.58,218.12,237.08,237.08,128.74,1063,960,1401,1332,2734,2122,612,0,10,1186950.8,236129800,24.6,40
n1m_d128_l2,1000000,128,l2,multicluster,0.5000,0.3644,364450,A_std_standard,std,STANDARD,16,1,32,100,10,0.6040,6653.1,149.25,229.75,270.75,270.75,150.31,1525,1525,1525,0,1525,0,0,114,7,140884.0,140258120,24.5,32
n1m_d128_l2,1000000,128,l2,multicluster,0.5000,0.3644,364450,B_std_acorn1,std,ACORN,16,1,32,100,10,0.3520,3216.0,253.79,581.08,735.33,735.33,310.95,1810,1664,1265,9937,11204,5368,5836,0,10,140884.0,140258120,24.5,32
n1m_d128_l2,1000000,128,l2,multicluster,0.5000,0.3644,364450,D_large24_standard,large,STANDARD,24,1,48,100,10,0.6500,6137.9,165.12,183.25,236.96,236.96,162.92,1699,1699,1699,0,1699,0,0,110,7,132908.2,204166792,30.4,48
n1m_d128_l2,1000000,128,l2,multicluster,0.5000,0.3644,364450,E_large24_acorn1,large,ACORN,24,1,48,100,10,0.6460,2488.4,319.67,789.29,1028.29,1028.29,401.86,1940,1772,1944,19031,20976,9050,11926,0,10,132908.2,204166792,30.4,48
n1m_d128_l2,1000000,128,l2,multicluster,0.5000,0.3644,364450,D_large48_standard,large,STANDARD,48,1,96,100,10,0.6560,5609.4,182.08,193.08,230.75,230.75,178.27,1848,1848,1848,0,1848,0,0,108,8,142299.3,396080968,35.9,96
n1m_d128_l2,1000000,128,l2,multicluster,0.5000,0.3644,364450,E_large48_acorn1,large,ACORN,48,1,96,100,10,0.7600,1728.0,474.38,1151.17,1199.33,1199.33,578.71,2495,2218,3081,34679,37762,16831,20931,0,10,142299.3,396080968,35.9,96
n1m_d128_l2,1000000,128,l2,multicluster,0.5000,0.3644,364450,C_acorn_g4,acorn,ACORN,16,4,16,100,10,0.3720,4022.7,237.21,439.21,450.29,450.29,248.59,1292,1185,2552,3471,6024,4143,1880,0,10,222708.5,185032456,24.6,40
n1m_d128_l2,1000000,128,l2,multicluster,0.5000,0.3644,364450,C_acorn_g8,acorn,ACORN,16,8,16,100,10,0.4160,3492.8,256.04,476.58,530.46,530.46,286.30,1501,1394,2618,2923,5543,4285,1257,0,10,316872.6,202064904,24.6,40
n1m_d128_l2,1000000,128,l2,multicluster,0.5000,0.3644,364450,C_acorn_g16,acorn,ACORN,16,16,16,100,10,0.2840,3687.2,259.17,427.21,507.79,507.79,271.21,1431,1328,2535,3114,5650,3938,1712,0,10,1186950.8,236129800,24.6,40
n1m_d128_l2,1000000,128,l2,multicluster,0.5000,0.3644,364450,A_std_standard,std,STANDARD,16,1,32,250,10,0.6500,1932.2,530.62,669.33,793.12,793.12,517.55,1966,1966,1966,0,1966,0,0,264,7,140884.0,140258120,24.5,32
n1m_d128_l2,1000000,128,l2,multicluster,0.5000,0.3644,364450,B_std_acorn1,std,ACORN,16,1,32,250,10,0.4200,959.6,856.29,2224.29,3183.75,3183.75,1042.14,2392,2246,4832,27631,32464,16639,15824,0,10,140884.0,140258120,24.5,32
n1m_d128_l2,1000000,128,l2,multicluster,0.5000,0.3644,364450,D_large24_standard,large,STANDARD,24,1,48,250,10,0.6820,1874.4,553.92,607.58,721.71,721.71,533.51,2061,2061,2061,0,2061,0,0,260,7,132908.2,204166792,30.4,48
n1m_d128_l2,1000000,128,l2,multicluster,0.5000,0.3644,364450,E_large24_acorn1,large,ACORN,24,1,48,250,10,0.7180,737.6,1338.21,2470.54,2622.88,2622.88,1355.78,2452,2284,6885,55112,61999,28705,33294,0,10,132908.2,204166792,30.4,48
n1m_d128_l2,1000000,128,l2,multicluster,0.5000,0.3644,364450,D_large48_standard,large,STANDARD,48,1,96,250,10,0.6880,1815.8,562.33,614.88,669.79,669.79,550.74,2138,2138,2138,0,2138,0,0,258,9,142299.3,396080968,35.9,96
n1m_d128_l2,1000000,128,l2,multicluster,0.5000,0.3644,364450,E_large48_acorn1,large,ACORN,48,1,96,250,10,0.8580,625.3,1307.33,2904.96,3567.71,3567.71,1599.26,2968,2690,9069,81872,90942,43459,47482,0,10,142299.3,396080968,35.9,96
n1m_d128_l2,1000000,128,l2,multicluster,0.5000,0.3644,364450,C_acorn_g4,acorn,ACORN,16,4,16,250,10,0.4340,1358.6,736.08,1168.62,1298.46,1298.46,736.05,1834,1727,5900,7866,13767,9677,4089,0,10,222708.5,185032456,24.6,40
n1m_d128_l2,1000000,128,l2,multicluster,0.5000,0.3644,364450,C_acorn_g8,acorn,ACORN,16,8,16,250,10,0.4700,1303.2,733.42,1259.96,1348.04,1348.04,767.36,1972,1865,6041,7660,13702,10046,3656,0,10,316872.6,202064904,24.6,40
n1m_d128_l2,1000000,128,l2,multicluster,0.5000,0.3644,364450,C_acorn_g16,acorn,ACORN,16,16,16,250,10,0.3780,1160.8,779.46,1334.58,1945.42,1945.42,861.51,2268,2165,6493,8119,14614,10394,4219,0,10,1186950.8,236129800,24.6,40
n1m_d128_l2,1000000,128,l2,multicluster,0.5000,0.3644,364450,A_std_standard,std,STANDARD,16,1,32,500,10,0.6600,1152.7,882.62,1045.88,1179.46,1179.46,867.49,2166,2166,2166,0,2166,0,0,514,7,140884.0,140258120,24.5,32
n1m_d128_l2,1000000,128,l2,multicluster,0.5000,0.3644,364450,B_std_acorn1,std,ACORN,16,1,32,500,10,0.5200,580.1,1453.96,3277.42,4086.75,4086.75,1723.85,2898,2752,11784,55944,67729,37164,30564,0,10,140884.0,140258120,24.5,32
n1m_d128_l2,1000000,128,l2,multicluster,0.5000,0.3644,364450,D_large24_standard,large,STANDARD,24,1,48,500,10,0.6860,1140.3,898.00,980.88,1054.29,1054.29,876.94,2141,2141,2141,0,2141,0,0,510,8,132908.2,204166792,30.4,48
n1m_d128_l2,1000000,128,l2,multicluster,0.5000,0.3644,364450,E_large24_acorn1,large,ACORN,24,1,48,500,10,0.7560,493.1,2116.79,3789.50,5122.21,5122.21,2027.87,2994,2825,15319,103347,118668,60117,58550,0,10,132908.2,204166792,30.4,48
n1m_d128_l2,1000000,128,l2,multicluster,0.5000,0.3644,364450,D_large48_standard,large,STANDARD,48,1,96,500,10,0.6900,1793.2,567.38,599.71,644.08,644.08,557.66,2210,2210,2210,0,2210,0,0,508,9,142299.3,396080968,35.9,96
n1m_d128_l2,1000000,128,l2,multicluster,0.5000,0.3644,364450,E_large48_acorn1,large,ACORN,48,1,96,500,10,0.9280,561.8,1542.88,3459.67,3943.92,3943.92,1780.07,3701,3424,19289,146735,166026,86162,79863,0,10,142299.3,396080968,35.9,96
n1m_d128_l2,1000000,128,l2,multicluster,0.5000,0.3644,364450,C_acorn_g4,acorn,ACORN,16,4,16,500,10,0.4360,1257.0,750.83,1137.17,1288.54,1288.54,795.57,2324,2217,11980,14105,26087,19230,6857,0,10,222708.5,185032456,24.6,40
n1m_d128_l2,1000000,128,l2,multicluster,0.5000,0.3644,364450,C_acorn_g8,acorn,ACORN,16,8,16,500,10,0.5420,1150.6,760.83,1373.21,1564.38,1564.38,869.10,2516,2410,12797,15644,28443,20960,7482,0,10,316872.6,202064904,24.6,40
n1m_d128_l2,1000000,128,l2,multicluster,0.5000,0.3644,364450,C_acorn_g16,acorn,ACORN,16,16,16,500,10,0.4980,856.1,1083.33,2209.46,3409.88,3409.88,1168.12,3123,3019,13957,18477,32435,22562,9873,0,10,1186950.8,236129800,24.6,40
n1m_d128_l2,1000000,128,l2,multicluster,0.5000,0.3644,364450,F_exact,exact,EXACT,16,0,0,0,100,1.0000,24.8,40409.79,40839.62,40999.83,40999.83,40396.06,364450,0,0,0,1000000,0,0,0,100,0.0,0,0.0,0
n1m_d128_l2,1000000,128,l2,multicluster,0.5000,0.3644,364450,A_std_standard,std,STANDARD,16,1,32,50,100,0.4212,8762.3,111.12,181.71,245.29,245.29,114.12,1103,1103,1103,0,1103,0,0,65,62,140884.0,140258120,24.5,32
n1m_d128_l2,1000000,128,l2,multicluster,0.5000,0.3644,364450,B_std_acorn1,std,ACORN,16,1,32,50,100,0.2494,4975.2,177.42,359.17,407.00,407.00,201.00,1353,1207,471,3650,4123,2371,1751,0,100,140884.0,140258120,24.5,32
n1m_d128_l2,1000000,128,l2,multicluster,0.5000,0.3644,364450,D_large24_standard,large,STANDARD,24,1,48,50,100,0.4724,7913.8,126.46,155.08,215.88,215.88,126.36,1279,1279,1279,0,1279,0,0,61,56,132908.2,204166792,30.4,48
n1m_d128_l2,1000000,128,l2,multicluster,0.5000,0.3644,364450,E_large24_acorn1,large,ACORN,24,1,48,50,100,0.5222,3619.1,229.75,548.21,890.58,890.58,276.31,1505,1337,753,9599,10353,3881,6472,0,100,132908.2,204166792,30.4,48
n1m_d128_l2,1000000,128,l2,multicluster,0.5000,0.3644,364450,D_large48_standard,large,STANDARD,48,1,96,50,100,0.5006,7281.7,137.17,156.38,199.96,199.96,137.33,1465,1465,1465,0,1465,0,0,58,59,142299.3,396080968,35.9,96
n1m_d128_l2,1000000,128,l2,multicluster,0.5000,0.3644,364450,E_large48_acorn1,large,ACORN,48,1,96,50,100,0.7102,2658.5,321.29,721.12,744.71,744.71,376.15,2182,1904,1262,18238,19502,8046,11456,0,100,142299.3,396080968,35.9,96
n1m_d128_l2,1000000,128,l2,multicluster,0.5000,0.3644,364450,C_acorn_g4,acorn,ACORN,16,4,16,50,100,0.2996,6822.6,141.29,202.71,281.58,281.58,146.57,962,854,1363,1436,2801,2130,670,0,100,222708.5,185032456,24.6,40
n1m_d128_l2,1000000,128,l2,multicluster,0.5000,0.3644,364450,C_acorn_g8,acorn,ACORN,16,8,16,50,100,0.2776,6780.0,137.04,233.00,252.83,252.83,147.49,1049,942,1316,1219,2536,2072,464,0,100,316872.6,202064904,24.6,40
n1m_d128_l2,1000000,128,l2,multicluster,0.5000,0.3644,364450,C_acorn_g16,acorn,ACORN,16,16,16,50,100,0.2334,6697.1,136.88,249.46,294.08,294.08,149.32,1063,960,1401,1332,2734,2122,612,0,100,1186950.8,236129800,24.6,40
n1m_d128_l2,1000000,128,l2,multicluster,0.5000,0.3644,364450,A_std_standard,std,STANDARD,16,1,32,100,100,0.4988,6126.9,163.62,231.42,292.75,292.75,163.22,1525,1525,1525,0,1525,0,0,114,62,140884.0,140258120,24.5,32
n1m_d128_l2,1000000,128,l2,multicluster,0.5000,0.3644,364450,B_std_acorn1,std,ACORN,16,1,32,100,100,0.3644,3037.3,268.33,600.54,775.62,775.62,329.24,1810,1664,1265,9937,11204,5368,5836,0,100,140884.0,140258120,24.5,32
n1m_d128_l2,1000000,128,l2,multicluster,0.5000,0.3644,364450,D_large24_standard,large,STANDARD,24,1,48,100,100,0.5368,5612.6,180.88,225.33,264.42,264.42,178.17,1699,1699,1699,0,1699,0,0,110,57,132908.2,204166792,30.4,48
n1m_d128_l2,1000000,128,l2,multicluster,0.5000,0.3644,364450,E_large24_acorn1,large,ACORN,24,1,48,100,100,0.6458,2118.5,397.50,910.38,1206.42,1206.42,472.04,1940,1772,1944,19031,20976,9050,11926,0,100,132908.2,204166792,30.4,48
n1m_d128_l2,1000000,128,l2,multicluster,0.5000,0.3644,364450,D_large48_standard,large,STANDARD,48,1,96,100,100,0.5476,4482.7,230.33,251.58,293.62,293.62,223.08,1848,1848,1848,0,1848,0,0,108,60,142299.3,396080968,35.9,96
n1m_d128_l2,1000000,128,l2,multicluster,0.5000,0.3644,364450,E_large48_acorn1,large,ACORN,48,1,96,100,100,0.7700,1329.6,659.25,1698.33,1855.83,1855.83,752.11,2495,2218,3081,34679,37762,16831,20931,0,100,142299.3,396080968,35.9,96
n1m_d128_l2,1000000,128,l2,multicluster,0.5000,0.3644,364450,C_acorn_g4,acorn,ACORN,16,4,16,100,100,0.3660,2522.0,388.50,678.67,722.46,722.46,396.51,1292,1185,2552,3471,6024,4143,1880,0,100,222708.5,185032456,24.6,40
n1m_d128_l2,1000000,128,l2,multicluster,0.5000,0.3644,364450,C_acorn_g8,acorn,ACORN,16,8,16,100,100,0.4252,2339.2,401.17,689.04,799.21,799.21,427.50,1501,1394,2618,2923,5543,4285,1257,0,100,316872.6,202064904,24.6,40
n1m_d128_l2,1000000,128,l2,multicluster,0.5000,0.3644,364450,C_acorn_g16,acorn,ACORN,16,16,16,100,100,0.2930,2499.8,392.29,639.42,736.29,736.29,400.03,1431,1328,2535,3114,5650,3938,1712,0,100,1186950.8,236129800,24.6,40
n1m_d128_l2,1000000,128,l2,multicluster,0.5000,0.3644,364450,A_std_standard,std,STANDARD,16,1,32,250,100,0.5342,1893.2,538.83,678.12,805.79,805.79,528.21,1966,1966,1966,0,1966,0,0,264,64,140884.0,140258120,24.5,32
n1m_d128_l2,1000000,128,l2,multicluster,0.5000,0.3644,364450,B_std_acorn1,std,ACORN,16,1,32,250,100,0.4500,949.3,866.71,2251.75,3220.33,3220.33,1053.41,2392,2246,4832,27631,32464,16639,15824,0,100,140884.0,140258120,24.5,32
n1m_d128_l2,1000000,128,l2,multicluster,0.5000,0.3644,364450,D_large24_standard,large,STANDARD,24,1,48,250,100,0.5586,1840.7,557.08,607.25,724.88,724.88,543.28,2061,2061,2061,0,2061,0,0,260,58,132908.2,204166792,30.4,48
n1m_d128_l2,1000000,128,l2,multicluster,0.5000,0.3644,364450,E_large24_acorn1,large,ACORN,24,1,48,250,100,0.7298,740.4,1318.17,2485.33,2658.83,2658.83,1350.62,2452,2284,6885,55112,61999,28705,33294,0,100,132908.2,204166792,30.4,48
n1m_d128_l2,1000000,128,l2,multicluster,0.5000,0.3644,364450,D_large48_standard,large,STANDARD,48,1,96,250,100,0.5648,1785.5,573.33,626.17,686.83,686.83,560.08,2138,2138,2138,0,2138,0,0,258,63,142299.3,396080968,35.9,96
n1m_d128_l2,1000000,128,l2,multicluster,0.5000,0.3644,364450,E_large48_acorn1,large,ACORN,48,1,96,250,100,0.8598,641.2,1319.83,2884.54,3453.04,3453.04,1559.58,2968,2690,9069,81872,90942,43459,47482,0,100,142299.3,396080968,35.9,96
n1m_d128_l2,1000000,128,l2,multicluster,0.5000,0.3644,364450,C_acorn_g4,acorn,ACORN,16,4,16,250,100,0.4266,1326.7,751.58,1176.08,1309.58,1309.58,753.77,1834,1727,5900,7866,13767,9677,4089,0,100,222708.5,185032456,24.6,40
n1m_d128_l2,1000000,128,l2,multicluster,0.5000,0.3644,364450,C_acorn_g8,acorn,ACORN,16,8,16,250,100,0.4932,1278.8,745.92,1275.75,1382.17,1382.17,782.00,1972,1865,6041,7660,13702,10046,3656,0,100,316872.6,202064904,24.6,40
n1m_d128_l2,1000000,128,l2,multicluster,0.5000,0.3644,364450,C_acorn_g16,acorn,ACORN,16,16,16,250,100,0.4074,1858.7,492.71,859.38,1215.83,1215.83,538.00,2268,2165,6493,8119,14614,10394,4219,0,100,1186950.8,236129800,24.6,40
n1m_d128_l2,1000000,128,l2,multicluster,0.5000,0.3644,364450,A_std_standard,std,STANDARD,16,1,32,500,100,0.5386,1781.5,563.42,653.25,746.42,746.42,561.33,2166,2166,2166,0,2166,0,0,514,65,140884.0,140258120,24.5,32
n1m_d128_l2,1000000,128,l2,multicluster,0.5000,0.3644,364450,B_std_acorn1,std,ACORN,16,1,32,500,100,0.5516,831.4,936.33,2506.33,2828.38,2828.38,1202.81,2898,2752,11784,55944,67729,37164,30564,0,100,140884.0,140258120,24.5,32
n1m_d128_l2,1000000,128,l2,multicluster,0.5000,0.3644,364450,D_large24_standard,large,STANDARD,24,1,48,500,100,0.5624,1789.1,567.29,592.17,696.75,696.75,558.94,2141,2141,2141,0,2141,0,0,510,59,132908.2,204166792,30.4,48
n1m_d128_l2,1000000,128,l2,multicluster,0.5000,0.3644,364450,E_large24_acorn1,large,ACORN,24,1,48,500,100,0.7698,652.1,1516.33,2695.71,3634.67,3634.67,1533.52,2994,2825,15319,103347,118668,60117,58550,0,100,132908.2,204166792,30.4,48
n1m_d128_l2,1000000,128,l2,multicluster,0.5000,0.3644,364450,D_large48_standard,large,STANDARD,48,1,96,500,100,0.5680,1780.9,571.33,610.67,642.75,642.75,561.50,2210,2210,2210,0,2210,0,0,508,67,142299.3,396080968,35.9,96
n1m_d128_l2,1000000,128,l2,multicluster,0.5000,0.3644,364450,E_large48_acorn1,large,ACORN,48,1,96,500,100,0.9324,562.7,1535.67,3395.33,3796.75,3796.75,1777.10,3701,3424,19289,146735,166026,86162,79863,0,100,142299.3,396080968,35.9,96
n1m_d128_l2,1000000,128,l2,multicluster,0.5000,0.3644,364450,C_acorn_g4,acorn,ACORN,16,4,16,500,100,0.4344,1224.7,765.17,1165.88,1334.00,1334.00,816.53,2324,2217,11980,14105,26087,19230,6857,0,100,222708.5,185032456,24.6,40
n1m_d128_l2,1000000,128,l2,multicluster,0.5000,0.3644,364450,C_acorn_g8,acorn,ACORN,16,8,16,500,100,0.5730,1119.3,778.67,1382.46,1627.62,1627.62,893.45,2516,2410,12797,15644,28443,20960,7482,0,100,316872.6,202064904,24.6,40
n1m_d128_l2,1000000,128,l2,multicluster,0.5000,0.3644,364450,C_acorn_g16,acorn,ACORN,16,16,16,500,100,0.5322,945.1,955.17,1829.29,2837.88,2837.88,1058.12,3123,3019,13957,18477,32435,22562,9873,0,100,1186950.8,236129800,24.6,40
n1m_d128_l2,1000000,128,l2,multicluster,0.2500,0.2164,216358,F_exact,exact,EXACT,16,0,0,0,10,1.0000,36.2,27668.04,27922.75,28075.62,28075.62,27649.23,216358,0,0,0,1000000,0,0,0,10,0.0,0,0.0,0
n1m_d128_l2,1000000,128,l2,multicluster,0.2500,0.2164,216358,A_std_standard,std,STANDARD,16,1,32,50,10,0.3960,10160.8,97.88,156.83,203.62,203.62,98.42,1103,1103,1103,0,1103,0,0,65,5,140884.0,140258120,24.5,32
n1m_d128_l2,1000000,128,l2,multicluster,0.2500,0.2164,216358,B_std_acorn1,std,ACORN,16,1,32,50,10,0.3260,5302.8,161.71,370.29,412.38,412.38,188.58,1167,1011,565,5810,6376,2425,3951,0,10,140884.0,140258120,24.5,32
n1m_d128_l2,1000000,128,l2,multicluster,0.2500,0.2164,216358,D_large24_standard,large,STANDARD,24,1,48,50,10,0.4340,9252.9,109.67,127.33,171.12,171.12,108.07,1279,1279,1279,0,1279,0,0,61,5,132908.2,204166792,30.4,48
n1m_d128_l2,1000000,128,l2,multicluster,0.2500,0.2164,216358,E_large24_acorn1,large,ACORN,24,1,48,50,10,0.4860,4027.1,212.50,456.88,485.62,485.62,248.32,1409,1256,795,10817,11613,4003,7609,0,10,132908.2,204166792,30.4,48
n1m_d128_l2,1000000,128,l2,multicluster,0.2500,0.2164,216358,D_large48_standard,large,STANDARD,48,1,96,50,10,0.4720,8444.8,119.83,131.75,165.96,165.96,118.42,1465,1465,1465,0,1465,0,0,58,6,142299.3,396080968,35.9,96
n1m_d128_l2,1000000,128,l2,multicluster,0.2500,0.2164,216358,E_large48_acorn1,large,ACORN,48,1,96,50,10,0.6640,2640.3,338.12,703.83,1013.75,1013.75,378.75,1767,1477,1425,27366,28792,8464,20328,0,10,142299.3,396080968,35.9,96
n1m_d128_l2,1000000,128,l2,multicluster,0.2500,0.2164,216358,C_acorn_g4,acorn,ACORN,16,4,16,50,10,0.2520,8610.2,116.92,176.71,209.17,209.17,116.14,851,756,1362,1716,3080,1881,1198,0,10,222708.5,185032456,24.6,40
n1m_d128_l2,1000000,128,l2,multicluster,0.2500,0.2164,216358,C_acorn_g8,acorn,ACORN,16,8,16,50,10,0.2940,7817.7,117.75,227.42,272.54,272.54,127.91,969,869,1401,1620,3023,2012,1010,0,10,316872.6,202064904,24.6,40
n1m_d128_l2,1000000,128,l2,multicluster,0.2500,0.2164,216358,C_acorn_g16,acorn,ACORN,16,16,16,50,10,0.2520,8318.8,115.42,191.42,259.04,259.04,120.21,964,866,1423,1505,2930,1965,964,0,10,1186950.8,236129800,24.6,40
n1m_d128_l2,1000000,128,l2,multicluster,0.2500,0.2164,216358,A_std_standard,std,STANDARD,16,1,32,100,10,0.4440,5834.4,160.92,266.04,411.79,411.79,171.40,1525,1525,1525,0,1525,0,0,114,5,140884.0,140258120,24.5,32
n1m_d128_l2,1000000,128,l2,multicluster,0.2500,0.2164,216358,B_std_acorn1,std,ACORN,16,1,32,100,10,0.4480,2689.8,295.12,661.38,873.75,873.75,371.78,1629,1474,1415,13231,14647,5780,8866,0,10,140884.0,140258120,24.5,32
n1m_d128_l2,1000000,128,l2,multicluster,0.2500,0.2164,216358,D_large24_standard,large,STANDARD,24,1,48,100,10,0.4740,5918.7,167.25,218.42,249.21,249.21,168.96,1699,1699,1699,0,1699,0,0,110,5,132908.2,204166792,30.4,48
n1m_d128_l2,1000000,128,l2,multicluster,0.2500,0.2164,216358,E_large24_acorn1,large,ACORN,24,1,48,100,10,0.6000,1811.0,476.46,1070.50,1405.46,1405.46,552.18,1796,1643,2102,25992,28095,9775,18320,0,10,132908.2,204166792,30.4,48
n1m_d128_l2,1000000,128,l2,multicluster,0.2500,0.2164,216358,D_large48_standard,large,STANDARD,48,1,96,100,10,0.4820,5866.9,174.62,198.21,221.21,221.21,170.45,1848,1848,1848,0,1848,0,0,108,6,142299.3,396080968,35.9,96
n1m_d128_l2,1000000,128,l2,multicluster,0.2500,0.2164,216358,E_large48_acorn1,large,ACORN,48,1,96,100,10,0.7280,1645.8,554.83,1121.00,1251.54,1251.54,607.61,2051,1762,3253,53450,56705,18015,38690,0,10,142299.3,396080968,35.9,96
n1m_d128_l2,1000000,128,l2,multicluster,0.2500,0.2164,216358,C_acorn_g4,acorn,ACORN,16,4,16,100,10,0.2920,4718.5,207.42,319.79,584.79,584.79,211.93,1161,1066,2551,3508,6061,3757,2304,0,10,222708.5,185032456,24.6,40
n1m_d128_l2,1000000,128,l2,multicluster,0.2500,0.2164,216358,C_acorn_g8,acorn,ACORN,16,8,16,100,10,0.3360,4376.1,212.17,381.21,421.71,421.71,228.52,1290,1190,2531,3351,5884,3848,2035,0,10,316872.6,202064904,24.6,40
n1m_d128_l2,1000000,128,l2,multicluster,0.2500,0.2164,216358,C_acorn_g16,acorn,ACORN,16,16,16,100,10,0.3440,3792.4,225.04,572.62,654.46,654.46,263.69,1476,1379,2783,3594,6378,4188,2190,0,10,1186950.8,236129800,24.6,40
n1m_d128_l2,1000000,128,l2,multicluster,0.2500,0.2164,216358,A_std_standard,std,STANDARD,16,1,32,250,10,0.4760,2872.3,353.42,451.79,533.54,533.54,348.15,1966,1966,1966,0,1966,0,0,264,6,140884.0,140258120,24.5,32
n1m_d128_l2,1000000,128,l2,multicluster,0.2500,0.2164,216358,B_std_acorn1,std,ACORN,16,1,32,250,10,0.5240,1068.3,799.58,1696.62,1953.04,1953.04,936.07,2124,1968,4897,36555,41454,17128,24325,0,10,140884.0,140258120,24.5,32
n1m_d128_l2,1000000,128,l2,multicluster,0.2500,0.2164,216358,D_large24_standard,large,STANDARD,24,1,48,250,10,0.4960,1869.8,552.96,601.50,708.12,708.12,534.81,2061,2061,2061,0,2061,0,0,260,5,132908.2,204166792,30.4,48
n1m_d128_l2,1000000,128,l2,multicluster,0.2500,0.2164,216358,E_large24_acorn1,large,ACORN,24,1,48,250,10,0.6280,913.3,969.88,2079.29,3040.17,3040.17,1094.98,2219,2066,6540,63339,69880,27059,42820,0,10,132908.2,204166792,30.4,48
n1m_d128_l2,1000000,128,l2,multicluster,0.2500,0.2164,216358,D_large48_standard,large,STANDARD,48,1,96,250,10,0.5120,3216.0,315.08,343.88,381.29,381.29,310.95,2138,2138,2138,0,2138,0,0,258,7,142299.3,396080968,35.9,96
n1m_d128_l2,1000000,128,l2,multicluster,0.2500,0.2164,216358,E_large48_acorn1,large,ACORN,48,1,96,250,10,0.8000,850.5,1187.96,1970.08,1998.38,1998.38,1175.74,2601,2312,8949,122848,131799,45535,86263,0,10,142299.3,396080968,35.9,96
n1m_d128_l2,1000000,128,l2,multicluster,0.2500,0.2164,216358,C_acorn_g4,acorn,ACORN,16,4,16,250,10,0.3320,2389.4,392.21,705.58,836.79,836.79,418.51,1610,1515,6103,9026,15130,9453,5676,0,10,222708.5,185032456,24.6,40
n1m_d128_l2,1000000,128,l2,multicluster,0.2500,0.2164,216358,C_acorn_g8,acorn,ACORN,16,8,16,250,10,0.3860,2263.1,409.42,664.67,935.54,935.54,441.88,1742,1643,6019,8826,14847,9644,5202,0,10,316872.6,202064904,24.6,40
n1m_d128_l2,1000000,128,l2,multicluster,0.2500,0.2164,216358,C_acorn_g16,acorn,ACORN,16,16,16,250,10,0.4700,1918.5,462.04,892.12,920.25,920.25,521.23,2170,2073,6688,10275,16964,10563,6400,0,10,1186950.8,236129800,24.6,40
n1m_d128_l2,1000000,128,l2,multicluster,0.2500,0.2164,216358,A_std_standard,std,STANDARD,16,1,32,500,10,0.4840,1611.8,628.17,748.21,832.92,832.92,620.42,2166,2166,2166,0,2166,0,0,514,6,140884.0,140258120,24.5,32
n1m_d128_l2,1000000,128,l2,multicluster,0.2500,0.2164,216358,B_std_acorn1,std,ACORN,16,1,32,500,10,0.5960,622.4,1485.25,3017.29,4169.46,4169.46,1606.63,2762,2607,11446,70263,81711,37336,44375,0,10,140884.0,140258120,24.5,32
n1m_d128_l2,1000000,128,l2,multicluster,0.2500,0.2164,216358,D_large24_standard,large,STANDARD,24,1,48,500,10,0.5060,1147.9,893.12,943.08,1059.92,1059.92,871.14,2141,2141,2141,0,2141,0,0,510,6,132908.2,204166792,30.4,48
n1m_d128_l2,1000000,128,l2,multicluster,0.2500,0.2164,216358,E_large24_acorn1,large,ACORN,24,1,48,500,10,0.6520,463.3,2002.96,4361.38,5214.46,5214.46,2158.39,2859,2707,14648,113854,128503,56340,72162,0,10,132908.2,204166792,30.4,48
n1m_d128_l2,1000000,128,l2,multicluster,0.2500,0.2164,216358,D_large48_standard,large,STANDARD,48,1,96,500,10,0.5280,1132.7,900.38,955.79,1009.71,1009.71,882.87,2210,2210,2210,0,2210,0,0,508,8,142299.3,396080968,35.9,96
n1m_d128_l2,1000000,128,l2,multicluster,0.2500,0.2164,216358,E_large48_acorn1,large,ACORN,48,1,96,500,10,0.8820,482.3,2167.38,3541.58,3868.67,3868.67,2073.35,3474,3184,18943,202521,221465,88717,132748,0,10,142299.3,396080968,35.9,96
n1m_d128_l2,1000000,128,l2,multicluster,0.2500,0.2164,216358,C_acorn_g4,acorn,ACORN,16,4,16,500,10,0.3760,1163.4,763.96,1412.46,2062.25,2062.25,859.55,2104,2009,12921,20205,33127,20331,12796,0,10,222708.5,185032456,24.6,40
n1m_d128_l2,1000000,128,l2,multicluster,0.2500,0.2164,216358,C_acorn_g8,acorn,ACORN,16,8,16,500,10,0.3920,1251.0,733.25,1210.33,1435.83,1435.83,799.35,2079,1980,12008,17283,29293,19394,9899,0,10,316872.6,202064904,24.6,40
n1m_d128_l2,1000000,128,l2,multicluster,0.2500,0.2164,216358,C_acorn_g16,acorn,ACORN,16,16,16,500,10,0.5700,996.3,969.08,1705.17,2004.75,2004.75,1003.70,2827,2730,13830,21681,35512,22409,13103,0,10,1186950.8,236129800,24.6,40
n1m_d128_l2,1000000,128,l2,multicluster,0.2500,0.2164,216358,F_exact,exact,EXACT,16,0,0,0,100,1.0000,36.1,27722.25,28005.17,28163.33,28163.33,27730.28,216358,0,0,0,1000000,0,0,0,100,0.0,0,0.0,0
n1m_d128_l2,1000000,128,l2,multicluster,0.2500,0.2164,216358,A_std_standard,std,STANDARD,16,1,32,50,100,0.3248,8618.8,112.46,211.67,243.17,243.17,116.03,1103,1103,1103,0,1103,0,0,65,49,140884.0,140258120,24.5,32
n1m_d128_l2,1000000,128,l2,multicluster,0.2500,0.2164,216358,B_std_acorn1,std,ACORN,16,1,32,50,100,0.3368,4769.2,180.79,377.42,437.29,437.29,209.68,1167,1011,565,5810,6376,2425,3951,0,100,140884.0,140258120,24.5,32
n1m_d128_l2,1000000,128,l2,multicluster,0.2500,0.2164,216358,D_large24_standard,large,STANDARD,24,1,48,50,100,0.3642,7978.3,124.42,145.96,212.75,212.75,125.34,1279,1279,1279,0,1279,0,0,61,44,132908.2,204166792,30.4,48
n1m_d128_l2,1000000,128,l2,multicluster,0.2500,0.2164,216358,E_large24_acorn1,large,ACORN,24,1,48,50,100,0.5154,3627.2,235.29,482.79,536.33,536.33,275.70,1409,1256,795,10817,11613,4003,7609,0,100,132908.2,204166792,30.4,48
n1m_d128_l2,1000000,128,l2,multicluster,0.2500,0.2164,216358,D_large48_standard,large,STANDARD,48,1,96,50,100,0.3894,7655.8,131.67,159.92,189.38,189.38,130.62,1465,1465,1465,0,1465,0,0,58,45,142299.3,396080968,35.9,96
n1m_d128_l2,1000000,128,l2,multicluster,0.2500,0.2164,216358,E_large48_acorn1,large,ACORN,48,1,96,50,100,0.6660,2469.1,359.46,723.62,1042.71,1042.71,405.00,1767,1477,1425,27366,28792,8464,20328,0,100,142299.3,396080968,35.9,96
n1m_d128_l2,1000000,128,l2,multicluster,0.2500,0.2164,216358,C_acorn_g4,acorn,ACORN,16,4,16,50,100,0.2730,7028.3,144.04,207.17,242.46,242.46,142.28,851,756,1362,1716,3080,1881,1198,0,100,222708.5,185032456,24.6,40
n1m_d128_l2,1000000,128,l2,multicluster,0.2500,0.2164,216358,C_acorn_g8,acorn,ACORN,16,8,16,50,100,0.2972,6596.5,138.50,279.75,313.62,313.62,151.59,969,869,1401,1620,3023,2012,1010,0,100,316872.6,202064904,24.6,40
n1m_d128_l2,1000000,128,l2,multicluster,0.2500,0.2164,216358,C_acorn_g16,acorn,ACORN,16,16,16,50,100,0.2246,7196.3,132.04,227.50,277.29,277.29,138.96,964,866,1423,1505,2930,1965,964,0,100,1186950.8,236129800,24.6,40
n1m_d128_l2,1000000,128,l2,multicluster,0.2500,0.2164,216358,A_std_standard,std,STANDARD,16,1,32,100,100,0.3780,6389.8,151.96,241.08,273.92,273.92,156.50,1525,1525,1525,0,1525,0,0,114,50,140884.0,140258120,24.5,32
n1m_d128_l2,1000000,128,l2,multicluster,0.2500,0.2164,216358,B_std_acorn1,std,ACORN,16,1,32,100,100,0.4724,2992.8,258.25,624.83,790.88,790.88,334.13,1629,1474,1415,13231,14647,5780,8866,0,100,140884.0,140258120,24.5,32
n1m_d128_l2,1000000,128,l2,multicluster,0.2500,0.2164,216358,D_large24_standard,large,STANDARD,24,1,48,100,100,0.4106,6007.5,165.79,189.29,249.38,249.38,166.46,1699,1699,1699,0,1699,0,0,110,45,132908.2,204166792,30.4,48
n1m_d128_l2,1000000,128,l2,multicluster,0.2500,0.2164,216358,E_large24_acorn1,large,ACORN,24,1,48,100,100,0.6310,2207.9,400.75,914.67,1338.96,1338.96,452.91,1796,1643,2102,25992,28095,9775,18320,0,100,132908.2,204166792,30.4,48
n1m_d128_l2,1000000,128,l2,multicluster,0.2500,0.2164,216358,D_large48_standard,large,STANDARD,48,1,96,100,100,0.4232,5597.3,178.88,196.33,241.08,241.08,178.66,1848,1848,1848,0,1848,0,0,108,46,142299.3,396080968,35.9,96
n1m_d128_l2,1000000,128,l2,multicluster,0.2500,0.2164,216358,E_large48_acorn1,large,ACORN,48,1,96,100,100,0.7334,1474.3,637.21,1311.96,1445.17,1445.17,678.30,2051,1762,3253,53450,56705,18015,38690,0,100,142299.3,396080968,35.9,96
n1m_d128_l2,1000000,128,l2,multicluster,0.2500,0.2164,216358,C_acorn_g4,acorn,ACORN,16,4,16,100,100,0.3250,4399.6,220.79,327.71,637.62,637.62,227.29,1161,1066,2551,3508,6061,3757,2304,0,100,222708.5,185032456,24.6,40
n1m_d128_l2,1000000,128,l2,multicluster,0.2500,0.2164,216358,C_acorn_g8,acorn,ACORN,16,8,16,100,100,0.3668,4427.5,209.42,372.17,409.79,409.79,225.86,1290,1190,2531,3351,5884,3848,2035,0,100,316872.6,202064904,24.6,40
n1m_d128_l2,1000000,128,l2,multicluster,0.2500,0.2164,216358,C_acorn_g16,acorn,ACORN,16,16,16,100,100,0.3470,3959.0,209.38,551.12,585.38,585.38,252.59,1476,1379,2783,3594,6378,4188,2190,0,100,1186950.8,236129800,24.6,40
n1m_d128_l2,1000000,128,l2,multicluster,0.2500,0.2164,216358,A_std_standard,std,STANDARD,16,1,32,250,100,0.4028,3394.4,294.92,393.42,456.46,456.46,294.60,1966,1966,1966,0,1966,0,0,264,51,140884.0,140258120,24.5,32
n1m_d128_l2,1000000,128,l2,multicluster,0.2500,0.2164,216358,B_std_acorn1,std,ACORN,16,1,32,250,100,0.5640,1477.4,598.62,1186.38,1296.75,1296.75,676.87,2124,1968,4897,36555,41454,17128,24325,0,100,140884.0,140258120,24.5,32
n1m_d128_l2,1000000,128,l2,multicluster,0.2500,0.2164,216358,D_large24_standard,large,STANDARD,24,1,48,250,100,0.4306,3190.3,316.46,360.17,416.38,416.38,313.45,2061,2061,2061,0,2061,0,0,260,45,132908.2,204166792,30.4,48
n1m_d128_l2,1000000,128,l2,multicluster,0.2500,0.2164,216358,E_large24_acorn1,large,ACORN,24,1,48,250,100,0.6796,1144.2,784.33,1671.71,2069.29,2069.29,873.96,2219,2066,6540,63339,69880,27059,42820,0,100,132908.2,204166792,30.4,48
n1m_d128_l2,1000000,128,l2,multicluster,0.2500,0.2164,216358,D_large48_standard,large,STANDARD,48,1,96,250,100,0.4362,2890.1,345.29,421.54,521.96,521.96,346.01,2138,2138,2138,0,2138,0,0,258,48,142299.3,396080968,35.9,96
n1m_d128_l2,1000000,128,l2,multicluster,0.2500,0.2164,216358,E_large48_acorn1,large,ACORN,48,1,96,250,100,0.7972,808.7,1242.88,2042.96,2072.21,2072.21,1236.58,2601,2312,8949,122848,131799,45535,86263,0,100,142299.3,396080968,35.9,96
n1m_d128_l2,1000000,128,l2,multicluster,0.2500,0.2164,216358,C_acorn_g4,acorn,ACORN,16,4,16,250,100,0.3866,2221.6,426.42,750.83,910.12,910.12,450.12,1610,1515,6103,9026,15130,9453,5676,0,100,222708.5,185032456,24.6,40
n1m_d128_l2,1000000,128,l2,multicluster,0.2500,0.2164,216358,C_acorn_g8,acorn,ACORN,16,8,16,250,100,0.4310,2158.4,428.29,709.12,979.88,979.88,463.31,1742,1643,6019,8826,14847,9644,5202,0,100,316872.6,202064904,24.6,40
n1m_d128_l2,1000000,128,l2,multicluster,0.2500,0.2164,216358,C_acorn_g16,acorn,ACORN,16,16,16,250,100,0.5040,1842.6,473.38,927.25,945.25,945.25,542.71,2170,2073,6688,10275,16964,10563,6400,0,100,1186950.8,236129800,24.6,40
n1m_d128_l2,1000000,128,l2,multicluster,0.2500,0.2164,216358,A_std_standard,std,STANDARD,16,1,32,500,100,0.4072,1575.5,639.21,776.83,866.12,866.12,634.73,2166,2166,2166,0,2166,0,0,514,52,140884.0,140258120,24.5,32
n1m_d128_l2,1000000,128,l2,multicluster,0.2500,0.2164,216358,B_std_acorn1,std,ACORN,16,1,32,500,100,0.6406,772.9,1137.38,2447.04,3516.04,3516.04,1293.84,2762,2607,11446,70263,81711,37336,44375,0,100,140884.0,140258120,24.5,32
n1m_d128_l2,1000000,128,l2,multicluster,0.2500,0.2164,216358,D_large24_standard,large,STANDARD,24,1,48,500,100,0.4334,1799.4,561.62,591.83,688.17,688.17,555.74,2141,2141,2141,0,2141,0,0,510,46,132908.2,204166792,30.4,48
n1m_d128_l2,1000000,128,l2,multicluster,0.2500,0.2164,216358,E_large24_acorn1,large,ACORN,24,1,48,500,100,0.7116,655.9,1445.33,2907.17,3374.42,3374.42,1524.60,2859,2707,14648,113854,128503,56340,72162,0,100,132908.2,204166792,30.4,48
n1m_d128_l2,1000000,128,l2,multicluster,0.2500,0.2164,216358,D_large48_standard,large,STANDARD,48,1,96,500,100,0.4404,1762.9,572.79,617.62,649.71,649.71,567.24,2210,2210,2210,0,2210,0,0,508,51,142299.3,396080968,35.9,96
n1m_d128_l2,1000000,128,l2,multicluster,0.2500,0.2164,216358,E_large48_acorn1,large,ACORN,48,1,96,500,100,0.8870,478.6,2180.04,3501.25,3738.25,3738.25,2089.44,3474,3184,18943,202521,221465,88717,132748,0,100,142299.3,396080968,35.9,96
n1m_d128_l2,1000000,128,l2,multicluster,0.2500,0.2164,216358,C_acorn_g4,acorn,ACORN,16,4,16,500,100,0.4248,1142.6,772.08,1380.25,2104.33,2104.33,875.17,2104,2009,12921,20205,33127,20331,12796,0,100,222708.5,185032456,24.6,40
n1m_d128_l2,1000000,128,l2,multicluster,0.2500,0.2164,216358,C_acorn_g8,acorn,ACORN,16,8,16,500,100,0.4396,1018.2,928.83,1592.29,1963.71,1963.71,982.11,2079,1980,12008,17283,29293,19394,9899,0,100,316872.6,202064904,24.6,40
n1m_d128_l2,1000000,128,l2,multicluster,0.2500,0.2164,216358,C_acorn_g16,acorn,ACORN,16,16,16,500,100,0.6008,686.6,1323.83,2549.17,2881.12,2881.12,1456.35,2827,2730,13830,21681,35512,22409,13103,0,100,1186950.8,236129800,24.6,40
n1m_d128_l2,1000000,128,l2,multicluster,0.1000,0.0894,89378,F_exact,exact,EXACT,16,0,0,0,10,1.0000,55.0,20485.92,21610.71,21711.83,21711.83,18167.72,89378,0,0,0,1000000,0,0,0,10,0.0,0,0.0,0
n1m_d128_l2,1000000,128,l2,multicluster,0.1000,0.0894,89378,A_std_standard,std,STANDARD,16,1,32,50,10,0.2940,10494.6,94.96,146.33,201.33,201.33,95.29,1103,1103,1103,0,1103,0,0,65,4,140884.0,140258120,24.5,32
n1m_d128_l2,1000000,128,l2,multicluster,0.1000,0.0894,89378,B_std_acorn1,std,ACORN,16,1,32,50,10,0.3840,5827.7,145.29,344.96,581.04,581.04,171.59,1169,1009,616,6602,7219,2484,4735,0,10,140884.0,140258120,24.5,32
n1m_d128_l2,1000000,128,l2,multicluster,0.1000,0.0894,89378,D_large24_standard,large,STANDARD,24,1,48,50,10,0.2920,9649.3,104.83,120.33,165.42,165.42,103.63,1279,1279,1279,0,1279,0,0,61,3,132908.2,204166792,30.4,48
n1m_d128_l2,1000000,128,l2,multicluster,0.1000,0.0894,89378,E_large24_acorn1,large,ACORN,24,1,48,50,10,0.4940,4173.6,188.42,507.88,676.71,676.71,239.60,1233,1070,876,13590,14467,4120,10347,0,10,132908.2,204166792,30.4,48
n1m_d128_l2,1000000,128,l2,multicluster,0.1000,0.0894,89378,D_large48_standard,large,STANDARD,48,1,96,50,10,0.3100,8603.0,118.04,129.50,165.12,165.12,116.24,1465,1465,1465,0,1465,0,0,58,4,142299.3,396080968,35.9,96
n1m_d128_l2,1000000,128,l2,multicluster,0.1000,0.0894,89378,E_large48_acorn1,large,ACORN,48,1,96,50,10,0.5960,2898.0,291.50,601.92,911.04,911.04,345.06,1599,1326,1382,26896,28280,7930,20350,0,10,142299.3,396080968,35.9,96
n1m_d128_l2,1000000,128,l2,multicluster,0.1000,0.0894,89378,C_acorn_g4,acorn,ACORN,16,4,16,50,10,0.1200,8657.9,110.92,206.38,218.12,218.12,115.50,875,793,1437,1599,3038,2015,1023,0,10,222708.5,185032456,24.6,40
n1m_d128_l2,1000000,128,l2,multicluster,0.1000,0.0894,89378,C_acorn_g8,acorn,ACORN,16,8,16,50,10,0.1700,8358.2,117.25,194.21,252.92,252.92,119.64,912,821,1578,1859,3438,1987,1450,0,10,316872.6,202064904,24.6,40
n1m_d128_l2,1000000,128,l2,multicluster,0.1000,0.0894,89378,C_acorn_g16,acorn,ACORN,16,16,16,50,10,0.2340,7923.2,117.25,235.92,305.38,305.38,126.21,950,856,1694,1901,3596,1991,1604,0,10,1186950.8,236129800,24.6,40
n1m_d128_l2,1000000,128,l2,multicluster,0.1000,0.0894,89378,A_std_standard,std,STANDARD,16,1,32,100,10,0.3220,6433.5,155.17,239.25,280.25,280.25,155.44,1525,1525,1525,0,1525,0,0,114,4,140884.0,140258120,24.5,32
n1m_d128_l2,1000000,128,l2,multicluster,0.1000,0.0894,89378,B_std_acorn1,std,ACORN,16,1,32,100,10,0.4520,3068.9,279.92,627.71,959.21,959.21,325.85,1558,1398,1398,13122,14521,5471,9050,0,10,140884.0,140258120,24.5,32
n1m_d128_l2,1000000,128,l2,multicluster,0.1000,0.0894,89378,D_large24_standard,large,STANDARD,24,1,48,100,10,0.3120,5151.7,197.96,221.58,283.17,283.17,194.11,1699,1699,1699,0,1699,0,0,110,3,132908.2,204166792,30.4,48
n1m_d128_l2,1000000,128,l2,multicluster,0.1000,0.0894,89378,E_large24_acorn1,large,ACORN,24,1,48,100,10,0.5940,2188.0,376.88,896.75,1001.21,1001.21,457.04,1514,1350,2151,29030,31182,10252,20930,0,10,132908.2,204166792,30.4,48
n1m_d128_l2,1000000,128,l2,multicluster,0.1000,0.0894,89378,D_large48_standard,large,STANDARD,48,1,96,100,10,0.3280,4792.3,215.58,231.67,274.62,274.62,208.67,1848,1848,1848,0,1848,0,0,108,4,142299.3,396080968,35.9,96
n1m_d128_l2,1000000,128,l2,multicluster,0.1000,0.0894,89378,E_large48_acorn1,large,ACORN,48,1,96,100,10,0.6760,1357.5,616.71,1407.67,1628.29,1628.29,736.66,1850,1577,3264,56279,59544,18577,40967,0,10,142299.3,396080968,35.9,96
n1m_d128_l2,1000000,128,l2,multicluster,0.1000,0.0894,89378,C_acorn_g4,acorn,ACORN,16,4,16,100,10,0.1320,3047.8,325.50,532.38,614.75,614.75,328.11,1188,1106,2539,3359,5899,3835,2063,0,10,222708.5,185032456,24.6,40
n1m_d128_l2,1000000,128,l2,multicluster,0.1000,0.0894,89378,C_acorn_g8,acorn,ACORN,16,8,16,100,10,0.1980,2801.7,347.92,569.50,1020.54,1020.54,356.93,1272,1181,2739,3708,6448,3878,2570,0,10,316872.6,202064904,24.6,40
n1m_d128_l2,1000000,128,l2,multicluster,0.1000,0.0894,89378,C_acorn_g16,acorn,ACORN,16,16,16,100,10,0.2900,2550.1,354.50,687.75,963.46,963.46,392.14,1338,1244,2961,4537,7500,4018,3481,0,10,1186950.8,236129800,24.6,40
n1m_d128_l2,1000000,128,l2,multicluster,0.1000,0.0894,89378,A_std_standard,std,STANDARD,16,1,32,250,10,0.3540,1924.2,532.25,679.08,791.75,791.75,519.71,1966,1966,1966,0,1966,0,0,264,4,140884.0,140258120,24.5,32
n1m_d128_l2,1000000,128,l2,multicluster,0.1000,0.0894,89378,B_std_acorn1,std,ACORN,16,1,32,250,10,0.5020,1048.1,774.08,2175.46,2288.46,2288.46,954.11,2003,1843,4918,36392,41311,18155,23155,0,10,140884.0,140258120,24.5,32
n1m_d128_l2,1000000,128,l2,multicluster,0.1000,0.0894,89378,D_large24_standard,large,STANDARD,24,1,48,250,10,0.3300,1872.7,551.12,582.79,748.04,748.04,533.97,2061,2061,2061,0,2061,0,0,260,4,132908.2,204166792,30.4,48
n1m_d128_l2,1000000,128,l2,multicluster,0.1000,0.0894,89378,E_large24_acorn1,large,ACORN,24,1,48,250,10,0.6240,829.7,1109.17,2068.00,2466.62,2466.62,1205.28,1813,1649,6747,76838,83587,31392,52195,0,10,132908.2,204166792,30.4,48
n1m_d128_l2,1000000,128,l2,multicluster,0.1000,0.0894,89378,D_large48_standard,large,STANDARD,48,1,96,250,10,0.3380,1803.0,567.21,620.33,673.54,673.54,554.64,2138,2138,2138,0,2138,0,0,258,5,142299.3,396080968,35.9,96
n1m_d128_l2,1000000,128,l2,multicluster,0.1000,0.0894,89378,E_large48_acorn1,large,ACORN,48,1,96,250,10,0.7540,788.7,1153.25,2219.96,3007.04,3007.04,1267.85,2270,1997,9046,141437,150484,51336,99148,0,10,142299.3,396080968,35.9,96
n1m_d128_l2,1000000,128,l2,multicluster,0.1000,0.0894,89378,C_acorn_g4,acorn,ACORN,16,4,16,250,10,0.1740,2425.8,398.42,631.21,677.83,677.83,412.24,1725,1643,5927,9070,14999,9647,5351,0,10,222708.5,185032456,24.6,40
n1m_d128_l2,1000000,128,l2,multicluster,0.1000,0.0894,89378,C_acorn_g8,acorn,ACORN,16,8,16,250,10,0.2340,2111.3,413.96,835.04,1335.71,1335.71,473.65,1850,1759,6369,10350,16720,10044,6676,0,10,316872.6,202064904,24.6,40
n1m_d128_l2,1000000,128,l2,multicluster,0.1000,0.0894,89378,C_acorn_g16,acorn,ACORN,16,16,16,250,10,0.3720,1759.5,442.67,1023.54,1365.25,1365.25,568.36,2082,1988,7122,13642,20765,10738,10027,0,10,1186950.8,236129800,24.6,40
n1m_d128_l2,1000000,128,l2,multicluster,0.1000,0.0894,89378,A_std_standard,std,STANDARD,16,1,32,500,10,0.3580,1839.4,545.25,626.12,712.29,712.29,543.66,2166,2166,2166,0,2166,0,0,514,5,140884.0,140258120,24.5,32
n1m_d128_l2,1000000,128,l2,multicluster,0.1000,0.0894,89378,B_std_acorn1,std,ACORN,16,1,32,500,10,0.5680,826.9,1074.54,2257.38,3194.58,3194.58,1209.29,2333,2173,11250,74803,86054,38726,47328,0,10,140884.0,140258120,24.5,32
n1m_d128_l2,1000000,128,l2,multicluster,0.1000,0.0894,89378,D_large24_standard,large,STANDARD,24,1,48,500,10,0.3340,1872.1,539.79,570.33,640.50,640.50,534.16,2141,2141,2141,0,2141,0,0,510,4,132908.2,204166792,30.4,48
n1m_d128_l2,1000000,128,l2,multicluster,0.1000,0.0894,89378,E_large24_acorn1,large,ACORN,24,1,48,500,10,0.6640,617.1,1456.50,3053.96,3132.00,3132.00,1620.56,2198,2035,14699,150342,165042,67457,97584,0,10,132908.2,204166792,30.4,48
n1m_d128_l2,1000000,128,l2,multicluster,0.1000,0.0894,89378,D_large48_standard,large,STANDARD,48,1,96,500,10,0.3440,1717.5,556.00,685.38,1647.42,1647.42,582.25,2210,2210,2210,0,2210,0,0,508,6,142299.3,396080968,35.9,96
n1m_d128_l2,1000000,128,l2,multicluster,0.1000,0.0894,89378,E_large48_acorn1,large,ACORN,48,1,96,500,10,0.8080,358.2,2728.29,5299.79,7566.75,7566.75,2792.02,2961,2688,18813,268898,287713,107484,180229,0,10,142299.3,396080968,35.9,96
n1m_d128_l2,1000000,128,l2,multicluster,0.1000,0.0894,89378,C_acorn_g4,acorn,ACORN,16,4,16,500,10,0.1880,1214.5,777.88,1191.54,2086.29,2086.29,823.37,2139,2057,11944,18975,30921,20061,10859,0,10,222708.5,185032456,24.6,40
n1m_d128_l2,1000000,128,l2,multicluster,0.1000,0.0894,89378,C_acorn_g8,acorn,ACORN,16,8,16,500,10,0.2480,1116.5,822.50,1592.79,1733.54,1733.54,895.66,2288,2196,12261,19672,31935,19996,11939,0,10,316872.6,202064904,24.6,40
n1m_d128_l2,1000000,128,l2,multicluster,0.1000,0.0894,89378,C_acorn_g16,acorn,ACORN,16,16,16,500,10,0.4900,896.2,996.04,2143.17,2794.67,2794.67,1115.78,2912,2818,14554,27926,42481,23241,19240,0,10,1186950.8,236129800,24.6,40
n1m_d128_l2,1000000,128,l2,multicluster,0.1000,0.0894,89378,F_exact,exact,EXACT,16,0,0,0,100,1.0000,65.6,13961.62,21226.12,21982.83,21982.83,15245.85,89378,0,0,0,1000000,0,0,0,100,0.0,0,0.0,0
n1m_d128_l2,1000000,128,l2,multicluster,0.1000,0.0894,89378,A_std_standard,std,STANDARD,16,1,32,50,100,0.2322,7895.9,119.42,208.79,267.83,267.83,126.65,1103,1103,1103,0,1103,0,0,65,38,140884.0,140258120,24.5,32
n1m_d128_l2,1000000,128,l2,multicluster,0.1000,0.0894,89378,B_std_acorn1,std,ACORN,16,1,32,50,100,0.3992,4703.3,184.67,374.42,677.83,677.83,212.62,1169,1009,616,6602,7219,2484,4735,0,100,140884.0,140258120,24.5,32
n1m_d128_l2,1000000,128,l2,multicluster,0.1000,0.0894,89378,D_large24_standard,large,STANDARD,24,1,48,50,100,0.2442,7864.4,124.88,197.42,256.08,256.08,127.16,1279,1279,1279,0,1279,0,0,61,31,132908.2,204166792,30.4,48
n1m_d128_l2,1000000,128,l2,multicluster,0.1000,0.0894,89378,E_large24_acorn1,large,ACORN,24,1,48,50,100,0.5148,3369.2,257.21,699.71,765.79,765.79,296.81,1233,1070,876,13590,14467,4120,10347,0,100,132908.2,204166792,30.4,48
n1m_d128_l2,1000000,128,l2,multicluster,0.1000,0.0894,89378,D_large48_standard,large,STANDARD,48,1,96,50,100,0.2538,7428.8,131.29,180.50,237.38,237.38,134.61,1465,1465,1465,0,1465,0,0,58,30,142299.3,396080968,35.9,96
n1m_d128_l2,1000000,128,l2,multicluster,0.1000,0.0894,89378,E_large48_acorn1,large,ACORN,48,1,96,50,100,0.6430,2433.9,337.75,784.96,989.46,989.46,410.86,1599,1326,1382,26896,28280,7930,20350,0,100,142299.3,396080968,35.9,96
n1m_d128_l2,1000000,128,l2,multicluster,0.1000,0.0894,89378,C_acorn_g4,acorn,ACORN,16,4,16,50,100,0.1426,2071.0,316.96,1727.62,2192.71,2192.71,482.87,875,793,1437,1599,3038,2015,1023,0,100,222708.5,185032456,24.6,40
n1m_d128_l2,1000000,128,l2,multicluster,0.1000,0.0894,89378,C_acorn_g8,acorn,ACORN,16,8,16,50,100,0.1666,7017.5,137.54,233.08,275.83,275.83,142.50,912,821,1578,1859,3438,1987,1450,0,98,316872.6,202064904,24.6,40
n1m_d128_l2,1000000,128,l2,multicluster,0.1000,0.0894,89378,C_acorn_g16,acorn,ACORN,16,16,16,50,100,0.2488,1991.0,396.04,1134.12,1804.79,1804.79,502.25,950,856,1694,1901,3596,1991,1604,0,100,1186950.8,236129800,24.6,40
n1m_d128_l2,1000000,128,l2,multicluster,0.1000,0.0894,89378,A_std_standard,std,STANDARD,16,1,32,100,100,0.2770,6116.4,163.92,227.92,304.46,304.46,163.50,1525,1525,1525,0,1525,0,0,114,40,140884.0,140258120,24.5,32
n1m_d128_l2,1000000,128,l2,multicluster,0.1000,0.0894,89378,B_std_acorn1,std,ACORN,16,1,32,100,100,0.4812,3032.0,275.96,667.46,960.25,960.25,329.81,1558,1398,1398,13122,14521,5471,9050,0,100,140884.0,140258120,24.5,32
n1m_d128_l2,1000000,128,l2,multicluster,0.1000,0.0894,89378,D_large24_standard,large,STANDARD,24,1,48,100,100,0.2808,5868.3,172.75,219.33,276.71,276.71,170.41,1699,1699,1699,0,1699,0,0,110,32,132908.2,204166792,30.4,48
n1m_d128_l2,1000000,128,l2,multicluster,0.1000,0.0894,89378,E_large24_acorn1,large,ACORN,24,1,48,100,100,0.6222,2189.5,408.96,817.58,1097.50,1097.50,456.72,1514,1350,2151,29030,31182,10252,20930,0,100,132908.2,204166792,30.4,48
n1m_d128_l2,1000000,128,l2,multicluster,0.1000,0.0894,89378,D_large48_standard,large,STANDARD,48,1,96,100,100,0.2846,5567.7,180.83,219.50,248.62,248.62,179.61,1848,1848,1848,0,1848,0,0,108,32,142299.3,396080968,35.9,96
n1m_d128_l2,1000000,128,l2,multicluster,0.1000,0.0894,89378,E_large48_acorn1,large,ACORN,48,1,96,100,100,0.7236,1505.1,566.17,1188.29,1583.17,1583.17,664.40,1850,1577,3264,56279,59544,18577,40967,0,100,142299.3,396080968,35.9,96
n1m_d128_l2,1000000,128,l2,multicluster,0.1000,0.0894,89378,C_acorn_g4,acorn,ACORN,16,4,16,100,100,0.1716,3963.5,237.46,412.71,796.92,796.92,252.30,1188,1106,2539,3359,5899,3835,2063,0,100,222708.5,185032456,24.6,40
n1m_d128_l2,1000000,128,l2,multicluster,0.1000,0.0894,89378,C_acorn_g8,acorn,ACORN,16,8,16,100,100,0.2116,4327.3,213.29,398.83,656.92,656.92,231.09,1272,1181,2739,3708,6448,3878,2570,0,98,316872.6,202064904,24.6,40
n1m_d128_l2,1000000,128,l2,multicluster,0.1000,0.0894,89378,C_acorn_g16,acorn,ACORN,16,16,16,100,100,0.3174,2731.8,314.08,773.75,1049.83,1049.83,366.06,1338,1244,2961,4537,7500,4018,3481,0,100,1186950.8,236129800,24.6,40
n1m_d128_l2,1000000,128,l2,multicluster,0.1000,0.0894,89378,A_std_standard,std,STANDARD,16,1,32,250,100,0.3040,3221.1,315.54,385.50,498.29,498.29,310.45,1966,1966,1966,0,1966,0,0,264,41,140884.0,140258120,24.5,32
n1m_d128_l2,1000000,128,l2,multicluster,0.1000,0.0894,89378,B_std_acorn1,std,ACORN,16,1,32,250,100,0.5684,1329.5,685.79,1363.46,1630.42,1630.42,752.16,2003,1843,4918,36392,41311,18155,23155,0,100,140884.0,140258120,24.5,32
n1m_d128_l2,1000000,128,l2,multicluster,0.1000,0.0894,89378,D_large24_standard,large,STANDARD,24,1,48,250,100,0.3000,3052.0,315.62,461.75,517.38,517.38,327.66,2061,2061,2061,0,2061,0,0,260,33,132908.2,204166792,30.4,48
n1m_d128_l2,1000000,128,l2,multicluster,0.1000,0.0894,89378,E_large24_acorn1,large,ACORN,24,1,48,250,100,0.6580,997.9,1038.54,1727.21,1828.29,1828.29,1002.09,1813,1649,6747,76838,83587,31392,52195,0,100,132908.2,204166792,30.4,48
n1m_d128_l2,1000000,128,l2,multicluster,0.1000,0.0894,89378,D_large48_standard,large,STANDARD,48,1,96,250,100,0.2966,2976.5,328.12,465.08,487.00,487.00,335.96,2138,2138,2138,0,2138,0,0,258,33,142299.3,396080968,35.9,96
n1m_d128_l2,1000000,128,l2,multicluster,0.1000,0.0894,89378,E_large48_acorn1,large,ACORN,48,1,96,250,100,0.8146,679.7,1403.79,2655.54,3244.67,3244.67,1471.34,2270,1997,9046,141437,150484,51336,99148,0,100,142299.3,396080968,35.9,96
n1m_d128_l2,1000000,128,l2,multicluster,0.1000,0.0894,89378,C_acorn_g4,acorn,ACORN,16,4,16,250,100,0.2180,1832.5,511.79,921.50,1172.83,1172.83,545.70,1725,1643,5927,9070,14999,9647,5351,0,100,222708.5,185032456,24.6,40
n1m_d128_l2,1000000,128,l2,multicluster,0.1000,0.0894,89378,C_acorn_g8,acorn,ACORN,16,8,16,250,100,0.2654,1954.8,454.50,881.21,1730.38,1730.38,511.56,1850,1759,6369,10350,16720,10044,6676,0,98,316872.6,202064904,24.6,40
n1m_d128_l2,1000000,128,l2,multicluster,0.1000,0.0894,89378,C_acorn_g16,acorn,ACORN,16,16,16,250,100,0.4282,1286.4,676.67,1687.25,1761.62,1761.62,777.34,2082,1988,7122,13642,20765,10738,10027,0,100,1186950.8,236129800,24.6,40
n1m_d128_l2,1000000,128,l2,multicluster,0.1000,0.0894,89378,A_std_standard,std,STANDARD,16,1,32,500,100,0.3104,1701.4,568.96,797.67,828.71,828.71,587.74,2166,2166,2166,0,2166,0,0,514,41,140884.0,140258120,24.5,32
n1m_d128_l2,1000000,128,l2,multicluster,0.1000,0.0894,89378,B_std_acorn1,std,ACORN,16,1,32,500,100,0.6314,744.6,1237.21,2425.29,3363.88,3363.88,1342.93,2333,2173,11250,74803,86054,38726,47328,0,100,140884.0,140258120,24.5,32
n1m_d128_l2,1000000,128,l2,multicluster,0.1000,0.0894,89378,D_large24_standard,large,STANDARD,24,1,48,500,100,0.3028,1725.3,565.92,725.79,833.38,833.38,579.61,2141,2141,2141,0,2141,0,0,510,33,132908.2,204166792,30.4,48
n1m_d128_l2,1000000,128,l2,multicluster,0.1000,0.0894,89378,E_large24_acorn1,large,ACORN,24,1,48,500,100,0.6952,536.7,1780.75,3425.17,3769.21,3769.21,1863.21,2198,2035,14699,150342,165042,67457,97584,0,100,132908.2,204166792,30.4,48
n1m_d128_l2,1000000,128,l2,multicluster,0.1000,0.0894,89378,D_large48_standard,large,STANDARD,48,1,96,500,100,0.3020,1682.8,579.12,754.00,837.58,837.58,594.26,2210,2210,2210,0,2210,0,0,508,35,142299.3,396080968,35.9,96
n1m_d128_l2,1000000,128,l2,multicluster,0.1000,0.0894,89378,E_large48_acorn1,large,ACORN,48,1,96,500,100,0.8804,385.9,2506.04,4849.29,6505.83,6505.83,2591.43,2961,2688,18813,268898,287713,107484,180229,0,100,142299.3,396080968,35.9,96
n1m_d128_l2,1000000,128,l2,multicluster,0.1000,0.0894,89378,C_acorn_g4,acorn,ACORN,16,4,16,500,100,0.2322,1119.1,832.21,1601.12,2207.75,2207.75,893.60,2139,2057,11944,18975,30921,20061,10859,0,100,222708.5,185032456,24.6,40
n1m_d128_l2,1000000,128,l2,multicluster,0.1000,0.0894,89378,C_acorn_g8,acorn,ACORN,16,8,16,500,100,0.2758,1080.8,835.62,1664.75,1785.42,1785.42,925.20,2288,2196,12261,19672,31935,19996,11939,0,98,316872.6,202064904,24.6,40
n1m_d128_l2,1000000,128,l2,multicluster,0.1000,0.0894,89378,C_acorn_g16,acorn,ACORN,16,16,16,500,100,0.5400,782.1,1230.75,2503.04,3217.67,3217.67,1278.63,2912,2818,14554,27926,42481,23241,19240,0,100,1186950.8,236129800,24.6,40
n1m_d128_l2,1000000,128,l2,multicluster,0.0500,0.0493,49287,F_exact,exact,EXACT,16,0,0,0,10,1.0000,112.5,8250.96,13462.08,14007.04,14007.04,8890.03,49287,0,0,0,1000000,0,0,0,10,0.0,0,0.0,0
n1m_d128_l2,1000000,128,l2,multicluster,0.0500,0.0493,49287,A_std_standard,std,STANDARD,16,1,32,50,10,0.1340,9932.9,99.83,164.25,209.75,209.75,100.68,1103,1103,1103,0,1103,0,0,65,2,140884.0,140258120,24.5,32
n1m_d128_l2,1000000,128,l2,multicluster,0.0500,0.0493,49287,B_std_acorn1,std,ACORN,16,1,32,50,10,0.3180,4840.7,186.83,363.00,456.17,456.17,206.58,925,776,777,10373,11151,2870,8280,0,10,140884.0,140258120,24.5,32
n1m_d128_l2,1000000,128,l2,multicluster,0.0500,0.0493,49287,D_large24_standard,large,STANDARD,24,1,48,50,10,0.1460,8820.9,113.83,130.88,181.33,181.33,113.37,1279,1279,1279,0,1279,0,0,61,1,132908.2,204166792,30.4,48
n1m_d128_l2,1000000,128,l2,multicluster,0.0500,0.0493,49287,E_large24_acorn1,large,ACORN,24,1,48,50,10,0.4240,3912.9,223.96,474.79,603.58,603.58,255.57,1033,884,959,15585,16545,4603,11942,0,10,132908.2,204166792,30.4,48
n1m_d128_l2,1000000,128,l2,multicluster,0.0500,0.0493,49287,D_large48_standard,large,STANDARD,48,1,96,50,10,0.1500,7181.0,140.71,175.79,192.71,192.71,139.26,1465,1465,1465,0,1465,0,0,58,1,142299.3,396080968,35.9,96
n1m_d128_l2,1000000,128,l2,multicluster,0.0500,0.0493,49287,E_large48_acorn1,large,ACORN,48,1,96,50,10,0.5200,2403.5,365.17,741.25,973.38,973.38,416.06,1364,1106,1486,30904,32391,9561,22830,0,10,142299.3,396080968,35.9,96
n1m_d128_l2,1000000,128,l2,multicluster,0.0500,0.0493,49287,C_acorn_g4,acorn,ACORN,16,4,16,50,10,0.1360,5520.6,160.62,364.42,402.25,402.25,181.14,741,677,1452,2325,3778,1811,1967,0,10,222708.5,185032456,24.6,40
n1m_d128_l2,1000000,128,l2,multicluster,0.0500,0.0493,49287,C_acorn_g8,acorn,ACORN,16,8,16,50,10,0.1780,6963.6,135.38,205.67,318.08,318.08,143.60,782,708,1637,2313,3951,1835,2116,0,10,316872.6,202064904,24.6,40
n1m_d128_l2,1000000,128,l2,multicluster,0.0500,0.0493,49287,C_acorn_g16,acorn,ACORN,16,16,16,50,10,0.2500,5947.1,155.71,284.79,409.88,409.88,168.15,729,647,1887,3078,4966,1820,3146,0,10,1186950.8,236129800,24.6,40
n1m_d128_l2,1000000,128,l2,multicluster,0.0500,0.0493,49287,A_std_standard,std,STANDARD,16,1,32,100,10,0.1440,4885.4,218.46,259.08,394.50,394.50,204.69,1525,1525,1525,0,1525,0,0,114,2,140884.0,140258120,24.5,32
n1m_d128_l2,1000000,128,l2,multicluster,0.0500,0.0493,49287,B_std_acorn1,std,ACORN,16,1,32,100,10,0.3720,2261.0,411.50,769.29,846.50,846.50,442.28,1133,984,1779,23195,24975,7119,17855,0,10,140884.0,140258120,24.5,32
n1m_d128_l2,1000000,128,l2,multicluster,0.0500,0.0493,49287,D_large24_standard,large,STANDARD,24,1,48,100,10,0.1560,3960.1,257.67,276.96,358.25,358.25,252.52,1699,1699,1699,0,1699,0,0,110,1,132908.2,204166792,30.4,48
n1m_d128_l2,1000000,128,l2,multicluster,0.0500,0.0493,49287,E_large24_acorn1,large,ACORN,24,1,48,100,10,0.4720,2201.8,419.54,745.92,1229.75,1229.75,454.17,1198,1049,2361,37730,40093,11872,28221,0,10,132908.2,204166792,30.4,48
n1m_d128_l2,1000000,128,l2,multicluster,0.0500,0.0493,49287,D_large48_standard,large,STANDARD,48,1,96,100,10,0.1620,5623.3,181.62,197.67,235.75,235.75,177.83,1848,1848,1848,0,1848,0,0,108,2,142299.3,396080968,35.9,96
n1m_d128_l2,1000000,128,l2,multicluster,0.0500,0.0493,49287,E_large48_acorn1,large,ACORN,48,1,96,100,10,0.5680,1481.4,610.58,1178.25,1340.29,1340.29,675.02,1520,1262,3369,69480,72850,22326,50524,0,10,142299.3,396080968,35.9,96
n1m_d128_l2,1000000,128,l2,multicluster,0.0500,0.0493,49287,C_acorn_g4,acorn,ACORN,16,4,16,100,10,0.1760,4744.8,189.96,331.08,401.17,401.17,210.76,1006,942,2694,5603,8298,3798,4500,0,10,222708.5,185032456,24.6,40
n1m_d128_l2,1000000,128,l2,multicluster,0.0500,0.0493,49287,C_acorn_g8,acorn,ACORN,16,8,16,100,10,0.2080,4913.8,193.00,313.71,371.46,371.46,203.51,1057,983,2831,5199,8031,3771,4260,0,10,316872.6,202064904,24.6,40
n1m_d128_l2,1000000,128,l2,multicluster,0.0500,0.0493,49287,C_acorn_g16,acorn,ACORN,16,16,16,100,10,0.2940,4108.8,237.25,409.17,453.67,453.67,243.38,959,877,3082,6861,9944,3641,6303,0,10,1186950.8,236129800,24.6,40
n1m_d128_l2,1000000,128,l2,multicluster,0.0500,0.0493,49287,A_std_standard,std,STANDARD,16,1,32,250,10,0.1600,3370.5,302.38,382.75,467.04,467.04,296.69,1966,1966,1966,0,1966,0,0,264,2,140884.0,140258120,24.5,32
n1m_d128_l2,1000000,128,l2,multicluster,0.0500,0.0493,49287,B_std_acorn1,std,ACORN,16,1,32,250,10,0.4080,1279.7,760.12,1178.29,1755.75,1755.75,781.41,1503,1354,5380,65349,70730,22695,48034,0,10,140884.0,140258120,24.5,32
n1m_d128_l2,1000000,128,l2,multicluster,0.0500,0.0493,49287,D_large24_standard,large,STANDARD,24,1,48,250,10,0.1600,3283.9,308.12,332.42,396.71,396.71,304.51,2061,2061,2061,0,2061,0,0,260,2,132908.2,204166792,30.4,48
n1m_d128_l2,1000000,128,l2,multicluster,0.0500,0.0493,49287,E_large24_acorn1,large,ACORN,24,1,48,250,10,0.5000,990.7,955.79,1766.50,2005.33,2005.33,1009.36,1476,1326,7210,106749,113960,38141,75819,0,10,132908.2,204166792,30.4,48
n1m_d128_l2,1000000,128,l2,multicluster,0.0500,0.0493,49287,D_large48_standard,large,STANDARD,48,1,96,250,10,0.1720,3189.0,319.33,341.25,382.21,382.21,313.58,2138,2138,2138,0,2138,0,0,258,2,142299.3,396080968,35.9,96
n1m_d128_l2,1000000,128,l2,multicluster,0.0500,0.0493,49287,E_large48_acorn1,large,ACORN,48,1,96,250,10,0.6100,695.3,1408.67,2420.00,2575.54,2575.54,1438.31,1836,1578,8998,176589,185589,62020,123568,0,10,142299.3,396080968,35.9,96
n1m_d128_l2,1000000,128,l2,multicluster,0.0500,0.0493,49287,C_acorn_g4,acorn,ACORN,16,4,16,250,10,0.1840,2294.0,402.12,622.46,707.75,707.75,435.93,1268,1203,6227,16556,22785,10079,12705,0,10,222708.5,185032456,24.6,40
n1m_d128_l2,1000000,128,l2,multicluster,0.0500,0.0493,49287,C_acorn_g8,acorn,ACORN,16,8,16,250,10,0.2260,2241.9,419.46,688.46,1090.46,1090.46,446.05,1428,1354,6556,15418,21975,10283,11692,0,10,316872.6,202064904,24.6,40
n1m_d128_l2,1000000,128,l2,multicluster,0.0500,0.0493,49287,C_acorn_g16,acorn,ACORN,16,16,16,250,10,0.3340,2004.9,470.83,874.12,1034.62,1034.62,498.78,1317,1235,6973,20874,27848,10168,17679,0,10,1186950.8,236129800,24.6,40
n1m_d128_l2,1000000,128,l2,multicluster,0.0500,0.0493,49287,A_std_standard,std,STANDARD,16,1,32,500,10,0.1620,1838.9,541.17,643.92,724.00,724.00,543.79,2166,2166,2166,0,2166,0,0,514,3,140884.0,140258120,24.5,32
n1m_d128_l2,1000000,128,l2,multicluster,0.0500,0.0493,49287,B_std_acorn1,std,ACORN,16,1,32,500,10,0.4200,666.9,1447.71,2653.96,3060.92,3060.92,1499.42,1986,1837,11800,131750,143551,50041,93510,0,10,140884.0,140258120,24.5,32
n1m_d128_l2,1000000,128,l2,multicluster,0.0500,0.0493,49287,D_large24_standard,large,STANDARD,24,1,48,500,10,0.1620,1853.1,543.25,585.54,647.75,647.75,539.64,2141,2141,2141,0,2141,0,0,510,2,132908.2,204166792,30.4,48
n1m_d128_l2,1000000,128,l2,multicluster,0.0500,0.0493,49287,E_large24_acorn1,large,ACORN,24,1,48,500,10,0.5580,497.1,2028.67,3043.54,4448.17,4448.17,2011.78,1804,1655,15420,222516,237938,84058,153880,0,10,132908.2,204166792,30.4,48
n1m_d128_l2,1000000,128,l2,multicluster,0.0500,0.0493,49287,D_large48_standard,large,STANDARD,48,1,96,500,10,0.1740,1856.9,547.83,580.58,627.12,627.12,538.54,2210,2210,2210,0,2210,0,0,508,4,142299.3,396080968,35.9,96
n1m_d128_l2,1000000,128,l2,multicluster,0.0500,0.0493,49287,E_large48_acorn1,large,ACORN,48,1,96,500,10,0.6720,355.6,2876.08,4216.21,4463.79,4463.79,2812.25,2228,1970,18481,349877,368359,127070,241289,0,10,142299.3,396080968,35.9,96
n1m_d128_l2,1000000,128,l2,multicluster,0.0500,0.0493,49287,C_acorn_g4,acorn,ACORN,16,4,16,500,10,0.2160,1196.8,752.04,1688.92,2089.62,2089.62,835.57,1625,1560,12679,35292,47972,22523,25449,0,10,222708.5,185032456,24.6,40
n1m_d128_l2,1000000,128,l2,multicluster,0.0500,0.0493,49287,C_acorn_g8,acorn,ACORN,16,8,16,500,10,0.2300,1236.6,769.96,1171.75,1828.04,1828.04,808.69,1739,1665,12628,31059,43688,21984,21703,0,10,316872.6,202064904,24.6,40
n1m_d128_l2,1000000,128,l2,multicluster,0.0500,0.0493,49287,C_acorn_g16,acorn,ACORN,16,16,16,500,10,0.4280,991.3,899.88,1613.08,2678.08,2678.08,1008.74,1794,1712,13864,42996,56861,22568,34292,0,10,1186950.8,236129800,24.6,40
n1m_d128_l2,1000000,128,l2,multicluster,0.0500,0.0493,49287,F_exact,exact,EXACT,16,0,0,0,100,1.0000,127.4,7828.62,8488.33,8727.46,8727.46,7846.63,49287,0,0,0,1000000,0,0,0,100,0.0,0,0.0,0
n1m_d128_l2,1000000,128,l2,multicluster,0.0500,0.0493,49287,A_std_standard,std,STANDARD,16,1,32,50,100,0.1072,9208.8,104.50,173.46,227.21,227.21,108.59,1103,1103,1103,0,1103,0,0,65,16,140884.0,140258120,24.5,32
n1m_d128_l2,1000000,128,l2,multicluster,0.0500,0.0493,49287,B_std_acorn1,std,ACORN,16,1,32,50,100,0.3850,4563.4,194.96,363.04,439.08,439.08,219.13,925,776,777,10373,11151,2870,8280,0,100,140884.0,140258120,24.5,32
n1m_d128_l2,1000000,128,l2,multicluster,0.0500,0.0493,49287,D_large24_standard,large,STANDARD,24,1,48,50,100,0.1154,8591.9,115.67,139.54,196.88,196.88,116.39,1279,1279,1279,0,1279,0,0,61,15,132908.2,204166792,30.4,48
n1m_d128_l2,1000000,128,l2,multicluster,0.0500,0.0493,49287,E_large24_acorn1,large,ACORN,24,1,48,50,100,0.4698,3980.4,227.88,434.83,602.08,602.08,251.23,1033,884,959,15585,16545,4603,11942,0,100,132908.2,204166792,30.4,48
n1m_d128_l2,1000000,128,l2,multicluster,0.0500,0.0493,49287,D_large48_standard,large,STANDARD,48,1,96,50,100,0.1232,7660.1,131.83,154.92,181.71,181.71,130.55,1465,1465,1465,0,1465,0,0,58,14,142299.3,396080968,35.9,96
n1m_d128_l2,1000000,128,l2,multicluster,0.0500,0.0493,49287,E_large48_acorn1,large,ACORN,48,1,96,50,100,0.6308,2599.9,343.75,632.04,856.04,856.04,384.63,1364,1106,1486,30904,32391,9561,22830,0,100,142299.3,396080968,35.9,96
n1m_d128_l2,1000000,128,l2,multicluster,0.0500,0.0493,49287,C_acorn_g4,acorn,ACORN,16,4,16,50,100,0.1468,7736.4,126.58,173.67,229.29,229.29,129.26,741,677,1452,2325,3778,1811,1967,0,100,222708.5,185032456,24.6,40
n1m_d128_l2,1000000,128,l2,multicluster,0.0500,0.0493,49287,C_acorn_g8,acorn,ACORN,16,8,16,50,100,0.1852,7742.2,125.29,174.50,204.33,204.33,129.16,782,708,1637,2313,3951,1835,2116,0,100,316872.6,202064904,24.6,40
n1m_d128_l2,1000000,128,l2,multicluster,0.0500,0.0493,49287,C_acorn_g16,acorn,ACORN,16,16,16,50,100,0.2410,6964.9,139.17,246.96,329.58,329.58,143.58,729,647,1887,3078,4966,1820,3146,0,99,1186950.8,236129800,24.6,40
n1m_d128_l2,1000000,128,l2,multicluster,0.0500,0.0493,49287,A_std_standard,std,STANDARD,16,1,32,100,100,0.1316,6398.9,152.88,217.38,287.62,287.62,156.28,1525,1525,1525,0,1525,0,0,114,18,140884.0,140258120,24.5,32
n1m_d128_l2,1000000,128,l2,multicluster,0.0500,0.0493,49287,B_std_acorn1,std,ACORN,16,1,32,100,100,0.4344,2894.7,317.96,569.54,619.83,619.83,345.46,1133,984,1779,23195,24975,7119,17855,0,100,140884.0,140258120,24.5,32
n1m_d128_l2,1000000,128,l2,multicluster,0.0500,0.0493,49287,D_large24_standard,large,STANDARD,24,1,48,100,100,0.1340,5857.4,167.96,203.08,250.96,250.96,170.72,1699,1699,1699,0,1699,0,0,110,16,132908.2,204166792,30.4,48
n1m_d128_l2,1000000,128,l2,multicluster,0.0500,0.0493,49287,E_large24_acorn1,large,ACORN,24,1,48,100,100,0.5272,2254.3,404.50,704.58,1054.33,1054.33,443.60,1198,1049,2361,37730,40093,11872,28221,0,100,132908.2,204166792,30.4,48
n1m_d128_l2,1000000,128,l2,multicluster,0.0500,0.0493,49287,D_large48_standard,large,STANDARD,48,1,96,100,100,0.1390,5661.2,178.25,201.25,227.25,227.25,176.64,1848,1848,1848,0,1848,0,0,108,14,142299.3,396080968,35.9,96
n1m_d128_l2,1000000,128,l2,multicluster,0.0500,0.0493,49287,E_large48_acorn1,large,ACORN,48,1,96,100,100,0.6924,1462.5,614.62,1184.96,1399.79,1399.79,683.76,1520,1262,3369,69480,72850,22326,50524,0,100,142299.3,396080968,35.9,96
n1m_d128_l2,1000000,128,l2,multicluster,0.0500,0.0493,49287,C_acorn_g4,acorn,ACORN,16,4,16,100,100,0.1982,4609.5,202.04,338.42,369.29,369.29,216.94,1006,942,2694,5603,8298,3798,4500,0,100,222708.5,185032456,24.6,40
n1m_d128_l2,1000000,128,l2,multicluster,0.0500,0.0493,49287,C_acorn_g8,acorn,ACORN,16,8,16,100,100,0.2284,4743.6,202.79,296.38,397.46,397.46,210.81,1057,983,2831,5199,8031,3771,4260,0,100,316872.6,202064904,24.6,40
n1m_d128_l2,1000000,128,l2,multicluster,0.0500,0.0493,49287,C_acorn_g16,acorn,ACORN,16,16,16,100,100,0.3000,4238.5,221.83,385.33,486.12,486.12,235.93,959,877,3082,6861,9944,3641,6303,0,100,1186950.8,236129800,24.6,40
n1m_d128_l2,1000000,128,l2,multicluster,0.0500,0.0493,49287,A_std_standard,std,STANDARD,16,1,32,250,100,0.1438,3489.2,290.79,365.33,440.12,440.12,286.60,1966,1966,1966,0,1966,0,0,264,19,140884.0,140258120,24.5,32
n1m_d128_l2,1000000,128,l2,multicluster,0.0500,0.0493,49287,B_std_acorn1,std,ACORN,16,1,32,250,100,0.4768,1212.5,856.62,1285.00,1628.75,1628.75,824.75,1503,1354,5380,65349,70730,22695,48034,0,100,140884.0,140258120,24.5,32
n1m_d128_l2,1000000,128,l2,multicluster,0.0500,0.0493,49287,D_large24_standard,large,STANDARD,24,1,48,250,100,0.1424,3365.2,300.62,340.88,391.25,391.25,297.16,2061,2061,2061,0,2061,0,0,260,16,132908.2,204166792,30.4,48
n1m_d128_l2,1000000,128,l2,multicluster,0.0500,0.0493,49287,E_large24_acorn1,large,ACORN,24,1,48,250,100,0.5808,934.9,1044.79,1790.04,2123.67,2123.67,1069.66,1476,1326,7210,106749,113960,38141,75819,0,100,132908.2,204166792,30.4,48
n1m_d128_l2,1000000,128,l2,multicluster,0.0500,0.0493,49287,D_large48_standard,large,STANDARD,48,1,96,250,100,0.1456,3050.7,324.33,382.96,574.29,574.29,327.79,2138,2138,2138,0,2138,0,0,258,15,142299.3,396080968,35.9,96
n1m_d128_l2,1000000,128,l2,multicluster,0.0500,0.0493,49287,E_large48_acorn1,large,ACORN,48,1,96,250,100,0.7382,663.1,1535.79,2513.00,2632.29,2632.29,1507.98,1836,1578,8998,176589,185589,62020,123568,0,100,142299.3,396080968,35.9,96
n1m_d128_l2,1000000,128,l2,multicluster,0.0500,0.0493,49287,C_acorn_g4,acorn,ACORN,16,4,16,250,100,0.2128,2202.7,439.58,648.04,731.67,731.67,453.99,1268,1203,6227,16556,22785,10079,12705,0,100,222708.5,185032456,24.6,40
n1m_d128_l2,1000000,128,l2,multicluster,0.0500,0.0493,49287,C_acorn_g8,acorn,ACORN,16,8,16,250,100,0.2568,2026.3,475.38,718.38,1234.83,1234.83,493.51,1428,1354,6556,15418,21975,10283,11692,0,100,316872.6,202064904,24.6,40
n1m_d128_l2,1000000,128,l2,multicluster,0.0500,0.0493,49287,C_acorn_g16,acorn,ACORN,16,16,16,250,100,0.3684,1848.2,496.96,869.38,1052.04,1052.04,541.07,1317,1235,6973,20874,27848,10168,17679,0,100,1186950.8,236129800,24.6,40
n1m_d128_l2,1000000,128,l2,multicluster,0.0500,0.0493,49287,A_std_standard,std,STANDARD,16,1,32,500,100,0.1486,1840.1,542.58,633.75,721.38,721.38,543.45,2166,2166,2166,0,2166,0,0,514,20,140884.0,140258120,24.5,32
n1m_d128_l2,1000000,128,l2,multicluster,0.0500,0.0493,49287,B_std_acorn1,std,ACORN,16,1,32,500,100,0.4928,622.6,1541.62,2733.75,3122.67,3122.67,1606.21,1986,1837,11800,131750,143551,50041,93510,0,100,140884.0,140258120,24.5,32
n1m_d128_l2,1000000,128,l2,multicluster,0.0500,0.0493,49287,D_large24_standard,large,STANDARD,24,1,48,500,100,0.1436,1844.3,548.12,602.92,650.25,650.25,542.21,2141,2141,2141,0,2141,0,0,510,16,132908.2,204166792,30.4,48
n1m_d128_l2,1000000,128,l2,multicluster,0.0500,0.0493,49287,E_large24_acorn1,large,ACORN,24,1,48,500,100,0.6552,439.8,2205.25,4370.50,5804.04,5804.04,2274.00,1804,1655,15420,222516,237938,84058,153880,0,100,132908.2,204166792,30.4,48
n1m_d128_l2,1000000,128,l2,multicluster,0.0500,0.0493,49287,D_large48_standard,large,STANDARD,48,1,96,500,100,0.1490,1851.2,516.12,649.79,1117.17,1117.17,540.18,2210,2210,2210,0,2210,0,0,508,17,142299.3,396080968,35.9,96
n1m_d128_l2,1000000,128,l2,multicluster,0.0500,0.0493,49287,E_large48_acorn1,large,ACORN,48,1,96,500,100,0.7846,332.4,2901.67,4590.12,5736.92,5736.92,3008.68,2228,1970,18481,349877,368359,127070,241289,0,100,142299.3,396080968,35.9,96
n1m_d128_l2,1000000,128,l2,multicluster,0.0500,0.0493,49287,C_acorn_g4,acorn,ACORN,16,4,16,500,100,0.2512,1074.7,847.50,1817.21,2342.83,2342.83,930.51,1625,1560,12679,35292,47972,22523,25449,0,100,222708.5,185032456,24.6,40
n1m_d128_l2,1000000,128,l2,multicluster,0.0500,0.0493,49287,C_acorn_g8,acorn,ACORN,16,8,16,500,100,0.2626,1203.3,786.75,1191.79,1863.71,1863.71,831.07,1739,1665,12628,31059,43688,21984,21703,0,100,316872.6,202064904,24.6,40
n1m_d128_l2,1000000,128,l2,multicluster,0.0500,0.0493,49287,C_acorn_g16,acorn,ACORN,16,16,16,500,100,0.4676,939.5,979.92,1781.88,2689.00,2689.00,1064.44,1794,1712,13864,42996,56861,22568,34292,0,100,1186950.8,236129800,24.6,40
n1m_d128_l2,1000000,128,l2,multicluster,0.0200,0.0198,19807,F_exact,exact,EXACT,16,0,0,0,10,1.0000,306.1,3137.21,3972.75,4248.54,4248.54,3267.43,19807,0,0,0,1000000,0,0,0,10,0.0,0,0.0,0
n1m_d128_l2,1000000,128,l2,multicluster,0.0200,0.0198,19807,A_std_standard,std,STANDARD,16,1,32,50,10,0.0340,10607.7,93.00,149.38,195.46,195.46,94.27,1103,1103,1103,0,1103,0,0,65,0,140884.0,140258120,24.5,32
n1m_d128_l2,1000000,128,l2,multicluster,0.0200,0.0198,19807,B_std_acorn1,std,ACORN,16,1,32,50,10,0.3280,4624.9,200.25,365.71,465.67,465.67,216.22,757,653,995,15540,16537,3581,12956,0,10,140884.0,140258120,24.5,32
n1m_d128_l2,1000000,128,l2,multicluster,0.0200,0.0198,19807,D_large24_standard,large,STANDARD,24,1,48,50,10,0.0500,9521.5,106.58,129.75,170.00,170.00,105.03,1279,1279,1279,0,1279,0,0,61,0,132908.2,204166792,30.4,48
n1m_d128_l2,1000000,128,l2,multicluster,0.0200,0.0198,19807,E_large24_acorn1,large,ACORN,24,1,48,50,10,0.3960,3843.0,243.58,442.00,462.50,462.50,260.21,831,711,1175,23462,24639,5285,19353,0,10,132908.2,204166792,30.4,48
n1m_d128_l2,1000000,128,l2,multicluster,0.0200,0.0198,19807,D_large48_standard,large,STANDARD,48,1,96,50,10,0.0480,8746.4,115.88,126.88,162.46,162.46,114.33,1465,1465,1465,0,1465,0,0,58,0,142299.3,396080968,35.9,96
n1m_d128_l2,1000000,128,l2,multicluster,0.0200,0.0198,19807,E_large48_acorn1,large,ACORN,48,1,96,50,10,0.4760,2665.7,338.42,593.04,695.50,695.50,375.14,1098,909,1520,38302,39823,8677,31146,0,10,142299.3,396080968,35.9,96
n1m_d128_l2,1000000,128,l2,multicluster,0.0200,0.0198,19807,C_acorn_g4,acorn,ACORN,16,4,16,50,10,0.0440,10193.3,85.08,199.42,208.25,208.25,98.10,598,545,1475,2940,4417,1706,2710,0,10,222708.5,185032456,24.6,40
n1m_d128_l2,1000000,128,l2,multicluster,0.0200,0.0198,19807,C_acorn_g8,acorn,ACORN,16,8,16,50,10,0.1640,9593.2,102.50,172.25,194.08,194.08,104.24,636,572,1762,3144,4908,1745,3162,0,10,316872.6,202064904,24.6,40
n1m_d128_l2,1000000,128,l2,multicluster,0.0200,0.0198,19807,C_acorn_g16,acorn,ACORN,16,16,16,50,10,0.2480,8600.2,106.92,182.92,243.17,243.17,116.28,585,516,2141,4037,6179,1720,4459,0,10,1186950.8,236129800,24.6,40
n1m_d128_l2,1000000,128,l2,multicluster,0.0200,0.0198,19807,A_std_standard,std,STANDARD,16,1,32,100,10,0.0380,6170.2,157.88,227.54,315.29,315.29,162.07,1525,1525,1525,0,1525,0,0,114,0,140884.0,140258120,24.5,32
n1m_d128_l2,1000000,128,l2,multicluster,0.0200,0.0198,19807,B_std_acorn1,std,ACORN,16,1,32,100,10,0.3480,2722.1,354.50,575.29,661.67,661.67,367.37,918,814,2075,32455,34532,8077,26454,0,10,140884.0,140258120,24.5,32
n1m_d128_l2,1000000,128,l2,multicluster,0.0200,0.0198,19807,D_large24_standard,large,STANDARD,24,1,48,100,10,0.0560,6185.0,162.67,191.12,239.21,239.21,161.68,1699,1699,1699,0,1699,0,0,110,0,132908.2,204166792,30.4,48
n1m_d128_l2,1000000,128,l2,multicluster,0.0200,0.0198,19807,E_large24_acorn1,large,ACORN,24,1,48,100,10,0.4200,2122.3,460.38,697.92,801.42,801.42,471.19,976,857,2586,51049,53636,12368,41268,0,10,132908.2,204166792,30.4,48
n1m_d128_l2,1000000,128,l2,multicluster,0.0200,0.0198,19807,D_large48_standard,large,STANDARD,48,1,96,100,10,0.0560,5914.1,173.71,189.75,224.38,224.38,169.09,1848,1848,1848,0,1848,0,0,108,0,142299.3,396080968,35.9,96
n1m_d128_l2,1000000,128,l2,multicluster,0.0200,0.0198,19807,E_large48_acorn1,large,ACORN,48,1,96,100,10,0.5080,1641.1,597.08,943.42,1079.00,1079.00,609.36,1232,1043,3330,77392,80723,19039,61683,0,10,142299.3,396080968,35.9,96
n1m_d128_l2,1000000,128,l2,multicluster,0.0200,0.0198,19807,C_acorn_g4,acorn,ACORN,16,4,16,100,10,0.0480,6237.8,140.67,272.29,410.92,410.92,160.31,761,708,2654,6824,9479,3574,5905,0,10,222708.5,185032456,24.6,40
n1m_d128_l2,1000000,128,l2,multicluster,0.0200,0.0198,19807,C_acorn_g8,acorn,ACORN,16,8,16,100,10,0.1820,5327.1,179.38,287.54,305.54,305.54,187.72,813,749,2914,6983,9898,3551,6347,0,10,316872.6,202064904,24.6,40
n1m_d128_l2,1000000,128,l2,multicluster,0.0200,0.0198,19807,C_acorn_g16,acorn,ACORN,16,16,16,100,10,0.3000,5065.3,183.42,302.50,359.33,359.33,197.42,735,667,3361,8945,12308,3538,8770,0,10,1186950.8,236129800,24.6,40
n1m_d128_l2,1000000,128,l2,multicluster,0.0200,0.0198,19807,A_std_standard,std,STANDARD,16,1,32,250,10,0.0480,3474.9,291.12,359.62,442.62,442.62,287.78,1966,1966,1966,0,1966,0,0,264,0,140884.0,140258120,24.5,32
n1m_d128_l2,1000000,128,l2,multicluster,0.0200,0.0198,19807,B_std_acorn1,std,ACORN,16,1,32,250,10,0.3620,1158.3,845.21,1237.58,1504.50,1504.50,863.30,1264,1161,5679,83218,88899,22706,66192,0,10,140884.0,140258120,24.5,32
n1m_d128_l2,1000000,128,l2,multicluster,0.0200,0.0198,19807,D_large24_standard,large,STANDARD,24,1,48,250,10,0.0640,3390.7,299.54,328.67,388.58,388.58,294.92,2061,2061,2061,0,2061,0,0,260,0,132908.2,204166792,30.4,48
n1m_d128_l2,1000000,128,l2,multicluster,0.0200,0.0198,19807,E_large24_acorn1,large,ACORN,24,1,48,250,10,0.4800,872.1,1179.88,1903.29,2031.33,2031.33,1146.64,1314,1195,7219,132704,139925,34998,104926,0,10,132908.2,204166792,30.4,48
n1m_d128_l2,1000000,128,l2,multicluster,0.0200,0.0198,19807,D_large48_standard,large,STANDARD,48,1,96,250,10,0.0600,3176.5,317.33,393.46,400.29,400.29,314.81,2138,2138,2138,0,2138,0,0,258,0,142299.3,396080968,35.9,96
n1m_d128_l2,1000000,128,l2,multicluster,0.0200,0.0198,19807,E_large48_acorn1,large,ACORN,48,1,96,250,10,0.5720,694.5,1627.29,2079.88,2472.96,2472.96,1439.83,1642,1453,8856,188544,197402,48815,148587,0,10,142299.3,396080968,35.9,96
n1m_d128_l2,1000000,128,l2,multicluster,0.0200,0.0198,19807,C_acorn_g4,acorn,ACORN,16,4,16,250,10,0.0500,2426.9,387.83,651.96,853.79,853.79,412.05,963,910,6275,20774,27051,10333,16717,0,10,222708.5,185032456,24.6,40
n1m_d128_l2,1000000,128,l2,multicluster,0.0200,0.0198,19807,C_acorn_g8,acorn,ACORN,16,8,16,250,10,0.1900,2326.0,394.54,660.00,794.25,794.25,429.92,1041,978,6576,20913,27491,9885,17606,0,10,316872.6,202064904,24.6,40
n1m_d128_l2,1000000,128,l2,multicluster,0.0200,0.0198,19807,C_acorn_g16,acorn,ACORN,16,16,16,250,10,0.3240,2155.9,440.42,643.04,1007.62,1007.62,463.85,989,920,7061,24131,31194,9836,21358,0,10,1186950.8,236129800,24.6,40
n1m_d128_l2,1000000,128,l2,multicluster,0.0200,0.0198,19807,A_std_standard,std,STANDARD,16,1,32,500,10,0.0480,1781.9,553.21,718.46,790.29,790.29,561.19,2166,2166,2166,0,2166,0,0,514,0,140884.0,140258120,24.5,32
n1m_d128_l2,1000000,128,l2,multicluster,0.0200,0.0198,19807,B_std_acorn1,std,ACORN,16,1,32,500,10,0.3860,562.8,1749.96,2984.00,3670.21,3670.21,1776.68,1851,1748,11885,158929,170816,46211,124604,0,10,140884.0,140258120,24.5,32
n1m_d128_l2,1000000,128,l2,multicluster,0.0200,0.0198,19807,D_large24_standard,large,STANDARD,24,1,48,500,10,0.0660,1822.8,552.62,601.54,671.08,671.08,548.59,2141,2141,2141,0,2141,0,0,510,0,132908.2,204166792,30.4,48
n1m_d128_l2,1000000,128,l2,multicluster,0.0200,0.0198,19807,E_large24_acorn1,large,ACORN,24,1,48,500,10,0.5000,450.2,2361.17,3282.04,4678.83,4678.83,2221.13,1922,1803,15045,256616,271663,71377,200286,0,10,132908.2,204166792,30.4,48
n1m_d128_l2,1000000,128,l2,multicluster,0.0200,0.0198,19807,D_large48_standard,large,STANDARD,48,1,96,500,10,0.0660,1726.1,582.42,641.71,689.04,689.04,579.34,2210,2210,2210,0,2210,0,0,508,1,142299.3,396080968,35.9,96
n1m_d128_l2,1000000,128,l2,multicluster,0.0200,0.0198,19807,E_large48_acorn1,large,ACORN,48,1,96,500,10,0.6100,323.7,3303.79,5136.33,6569.67,6569.67,3088.89,2313,2124,18531,372543,391075,97344,293730,0,10,142299.3,396080968,35.9,96
n1m_d128_l2,1000000,128,l2,multicluster,0.0200,0.0198,19807,C_acorn_g4,acorn,ACORN,16,4,16,500,10,0.0500,1370.8,708.54,998.54,1084.17,1084.17,729.48,1063,1010,11786,41880,53668,21236,32432,0,10,222708.5,185032456,24.6,40
n1m_d128_l2,1000000,128,l2,multicluster,0.0200,0.0198,19807,C_acorn_g8,acorn,ACORN,16,8,16,500,10,0.1900,1119.6,849.00,1278.29,1870.79,1870.79,893.16,1386,1322,12715,40854,53571,21087,32484,0,10,316872.6,202064904,24.6,40
n1m_d128_l2,1000000,128,l2,multicluster,0.0200,0.0198,19807,C_acorn_g16,acorn,ACORN,16,16,16,500,10,0.3480,1043.7,921.21,1418.75,1718.04,1718.04,958.11,1481,1412,13934,49041,62977,21727,41250,0,10,1186950.8,236129800,24.6,40
n1m_d128_l2,1000000,128,l2,multicluster,0.0200,0.0198,19807,F_exact,exact,EXACT,16,0,0,0,100,1.0000,285.9,3450.62,4439.17,4671.00,4671.00,3497.78,19807,0,0,0,1000000,0,0,0,100,0.0,0,0.0,0
n1m_d128_l2,1000000,128,l2,multicluster,0.0200,0.0198,19807,A_std_standard,std,STANDARD,16,1,32,50,100,0.0278,9140.0,105.08,169.50,240.79,240.79,109.41,1103,1103,1103,0,1103,0,0,65,4,140884.0,140258120,24.5,32
n1m_d128_l2,1000000,128,l2,multicluster,0.0200,0.0198,19807,B_std_acorn1,std,ACORN,16,1,32,50,100,0.4106,4190.8,228.08,400.71,481.29,481.29,238.62,757,653,995,15540,16537,3581,12956,0,100,140884.0,140258120,24.5,32
n1m_d128_l2,1000000,128,l2,multicluster,0.0200,0.0198,19807,D_large24_standard,large,STANDARD,24,1,48,50,100,0.0360,8783.0,114.96,129.96,189.88,189.88,113.86,1279,1279,1279,0,1279,0,0,61,4,132908.2,204166792,30.4,48
n1m_d128_l2,1000000,128,l2,multicluster,0.0200,0.0198,19807,E_large24_acorn1,large,ACORN,24,1,48,50,100,0.4722,3442.8,278.29,450.17,544.21,544.21,290.46,831,711,1175,23462,24639,5285,19353,0,100,132908.2,204166792,30.4,48
n1m_d128_l2,1000000,128,l2,multicluster,0.0200,0.0198,19807,D_large48_standard,large,STANDARD,48,1,96,50,100,0.0370,7754.3,131.62,157.12,180.58,180.58,128.96,1465,1465,1465,0,1465,0,0,58,4,142299.3,396080968,35.9,96
n1m_d128_l2,1000000,128,l2,multicluster,0.0200,0.0198,19807,E_large48_acorn1,large,ACORN,48,1,96,50,100,0.5912,2611.7,359.67,569.29,622.62,622.62,382.89,1098,909,1520,38302,39823,8677,31146,0,100,142299.3,396080968,35.9,96
n1m_d128_l2,1000000,128,l2,multicluster,0.0200,0.0198,19807,C_acorn_g4,acorn,ACORN,16,4,16,50,100,0.0660,9684.1,95.29,154.33,167.96,167.96,103.26,598,545,1475,2940,4417,1706,2710,0,98,222708.5,185032456,24.6,40
n1m_d128_l2,1000000,128,l2,multicluster,0.0200,0.0198,19807,C_acorn_g8,acorn,ACORN,16,8,16,50,100,0.2190,7960.2,122.62,190.25,203.21,203.21,125.63,636,572,1762,3144,4908,1745,3162,0,100,316872.6,202064904,24.6,40
n1m_d128_l2,1000000,128,l2,multicluster,0.0200,0.0198,19807,C_acorn_g16,acorn,ACORN,16,16,16,50,100,0.3010,8015.1,122.42,174.83,242.17,242.17,124.77,585,516,2141,4037,6179,1720,4459,0,100,1186950.8,236129800,24.6,40
n1m_d128_l2,1000000,128,l2,multicluster,0.0200,0.0198,19807,A_std_standard,std,STANDARD,16,1,32,100,100,0.0352,6415.6,156.17,212.54,270.71,270.71,155.87,1525,1525,1525,0,1525,0,0,114,4,140884.0,140258120,24.5,32
n1m_d128_l2,1000000,128,l2,multicluster,0.0200,0.0198,19807,B_std_acorn1,std,ACORN,16,1,32,100,100,0.4316,2562.6,369.54,612.21,697.71,697.71,390.23,918,814,2075,32455,34532,8077,26454,0,100,140884.0,140258120,24.5,32
n1m_d128_l2,1000000,128,l2,multicluster,0.0200,0.0198,19807,D_large24_standard,large,STANDARD,24,1,48,100,100,0.0410,6081.5,167.00,185.83,236.54,236.54,164.43,1699,1699,1699,0,1699,0,0,110,4,132908.2,204166792,30.4,48
n1m_d128_l2,1000000,128,l2,multicluster,0.0200,0.0198,19807,E_large24_acorn1,large,ACORN,24,1,48,100,100,0.5072,2003.7,506.83,752.04,887.79,887.79,499.07,976,857,2586,51049,53636,12368,41268,0,100,132908.2,204166792,30.4,48
n1m_d128_l2,1000000,128,l2,multicluster,0.0200,0.0198,19807,D_large48_standard,large,STANDARD,48,1,96,100,100,0.0406,5458.2,180.04,225.04,427.67,427.67,183.21,1848,1848,1848,0,1848,0,0,108,4,142299.3,396080968,35.9,96
n1m_d128_l2,1000000,128,l2,multicluster,0.0200,0.0198,19807,E_large48_acorn1,large,ACORN,48,1,96,100,100,0.6420,1455.7,748.67,988.62,1121.92,1121.92,686.96,1232,1043,3330,77392,80723,19039,61683,0,100,142299.3,396080968,35.9,96
n1m_d128_l2,1000000,128,l2,multicluster,0.0200,0.0198,19807,C_acorn_g4,acorn,ACORN,16,4,16,100,100,0.0746,6151.8,146.33,238.17,415.75,415.75,162.55,761,708,2654,6824,9479,3574,5905,0,98,222708.5,185032456,24.6,40
n1m_d128_l2,1000000,128,l2,multicluster,0.0200,0.0198,19807,C_acorn_g8,acorn,ACORN,16,8,16,100,100,0.2406,5102.7,199.62,283.88,321.33,321.33,195.98,813,749,2914,6983,9898,3551,6347,0,100,316872.6,202064904,24.6,40
n1m_d128_l2,1000000,128,l2,multicluster,0.0200,0.0198,19807,C_acorn_g16,acorn,ACORN,16,16,16,100,100,0.3514,5080.7,186.71,292.00,345.92,345.92,196.82,735,667,3361,8945,12308,3538,8770,0,100,1186950.8,236129800,24.6,40
n1m_d128_l2,1000000,128,l2,multicluster,0.0200,0.0198,19807,A_std_standard,std,STANDARD,16,1,32,250,100,0.0406,3288.2,300.38,413.38,455.04,455.04,304.12,1966,1966,1966,0,1966,0,0,264,4,140884.0,140258120,24.5,32
n1m_d128_l2,1000000,128,l2,multicluster,0.0200,0.0198,19807,B_std_acorn1,std,ACORN,16,1,32,250,100,0.4666,1112.6,906.00,1291.92,1568.75,1568.75,898.79,1264,1161,5679,83218,88899,22706,66192,0,100,140884.0,140258120,24.5,32
n1m_d128_l2,1000000,128,l2,multicluster,0.0200,0.0198,19807,D_large24_standard,large,STANDARD,24,1,48,250,100,0.0438,3352.0,304.12,327.54,393.83,393.83,298.33,2061,2061,2061,0,2061,0,0,260,4,132908.2,204166792,30.4,48
n1m_d128_l2,1000000,128,l2,multicluster,0.0200,0.0198,19807,E_large24_acorn1,large,ACORN,24,1,48,250,100,0.5594,852.2,1162.54,1919.62,2291.00,2291.00,1173.50,1314,1195,7219,132704,139925,34998,104926,0,100,132908.2,204166792,30.4,48
n1m_d128_l2,1000000,128,l2,multicluster,0.0200,0.0198,19807,D_large48_standard,large,STANDARD,48,1,96,250,100,0.0432,3222.6,317.17,339.54,376.58,376.58,310.31,2138,2138,2138,0,2138,0,0,258,4,142299.3,396080968,35.9,96
n1m_d128_l2,1000000,128,l2,multicluster,0.0200,0.0198,19807,E_large48_acorn1,large,ACORN,48,1,96,250,100,0.6864,698.8,1588.88,2168.33,2307.25,2307.25,1431.06,1642,1453,8856,188544,197402,48815,148587,0,100,142299.3,396080968,35.9,96
n1m_d128_l2,1000000,128,l2,multicluster,0.0200,0.0198,19807,C_acorn_g4,acorn,ACORN,16,4,16,250,100,0.0798,2666.6,357.50,607.50,618.04,618.04,375.00,963,910,6275,20774,27051,10333,16717,0,98,222708.5,185032456,24.6,40
n1m_d128_l2,1000000,128,l2,multicluster,0.0200,0.0198,19807,C_acorn_g8,acorn,ACORN,16,8,16,250,100,0.2546,2284.3,399.46,660.62,948.38,948.38,437.76,1041,978,6576,20913,27491,9885,17606,0,100,316872.6,202064904,24.6,40
n1m_d128_l2,1000000,128,l2,multicluster,0.0200,0.0198,19807,C_acorn_g16,acorn,ACORN,16,16,16,250,100,0.3898,2286.9,400.29,649.25,868.38,868.38,437.27,989,920,7061,24131,31194,9836,21358,0,100,1186950.8,236129800,24.6,40
n1m_d128_l2,1000000,128,l2,multicluster,0.0200,0.0198,19807,A_std_standard,std,STANDARD,16,1,32,500,100,0.0410,1843.2,545.29,619.00,712.67,712.67,542.52,2166,2166,2166,0,2166,0,0,514,4,140884.0,140258120,24.5,32
n1m_d128_l2,1000000,128,l2,multicluster,0.0200,0.0198,19807,B_std_acorn1,std,ACORN,16,1,32,500,100,0.4914,597.5,1640.71,2870.92,3780.75,3780.75,1673.66,1851,1748,11885,158929,170816,46211,124604,0,100,140884.0,140258120,24.5,32
n1m_d128_l2,1000000,128,l2,multicluster,0.0200,0.0198,19807,D_large24_standard,large,STANDARD,24,1,48,500,100,0.0442,1815.6,552.17,606.54,661.38,661.38,550.78,2141,2141,2141,0,2141,0,0,510,4,132908.2,204166792,30.4,48
n1m_d128_l2,1000000,128,l2,multicluster,0.0200,0.0198,19807,E_large24_acorn1,large,ACORN,24,1,48,500,100,0.5868,482.8,2200.75,2847.25,4367.62,4367.62,2071.42,1922,1803,15045,256616,271663,71377,200286,0,100,132908.2,204166792,30.4,48
n1m_d128_l2,1000000,128,l2,multicluster,0.0200,0.0198,19807,D_large48_standard,large,STANDARD,48,1,96,500,100,0.0458,1841.0,549.62,585.04,630.88,630.88,543.19,2210,2210,2210,0,2210,0,0,508,5,142299.3,396080968,35.9,96
n1m_d128_l2,1000000,128,l2,multicluster,0.0200,0.0198,19807,E_large48_acorn1,large,ACORN,48,1,96,500,100,0.7638,357.0,3112.42,4403.46,5241.00,5241.00,2800.90,2313,2124,18531,372543,391075,97344,293730,0,100,142299.3,396080968,35.9,96
n1m_d128_l2,1000000,128,l2,multicluster,0.0200,0.0198,19807,C_acorn_g4,acorn,ACORN,16,4,16,500,100,0.0824,1355.3,737.75,985.25,1115.79,1115.79,737.85,1063,1010,11786,41880,53668,21236,32432,0,98,222708.5,185032456,24.6,40
n1m_d128_l2,1000000,128,l2,multicluster,0.0200,0.0198,19807,C_acorn_g8,acorn,ACORN,16,8,16,500,100,0.2572,1150.3,826.17,1264.17,1527.29,1527.29,869.34,1386,1322,12715,40854,53571,21087,32484,0,100,316872.6,202064904,24.6,40
n1m_d128_l2,1000000,128,l2,multicluster,0.0200,0.0198,19807,C_acorn_g16,acorn,ACORN,16,16,16,500,100,0.4402,1052.5,878.46,1419.50,1639.83,1639.83,950.10,1481,1412,13934,49041,62977,21727,41250,0,100,1186950.8,236129800,24.6,40
n1m_d128_l2,1000000,128,l2,multicluster,0.0100,0.0100,10000,F_exact,exact,EXACT,16,0,0,0,10,1.0000,437.9,2144.79,2945.42,6909.62,6909.62,2283.76,10000,0,0,0,1000000,0,0,0,10,0.0,0,0.0,0
n1m_d128_l2,1000000,128,l2,multicluster,0.0100,0.0100,10000,A_std_standard,std,STANDARD,16,1,32,50,10,0.0380,9508.9,100.50,193.00,221.50,221.50,105.16,1103,1103,1103,0,1103,0,0,65,0,140884.0,140258120,24.5,32
n1m_d128_l2,1000000,128,l2,multicluster,0.0100,0.0100,10000,B_std_acorn1,std,ACORN,16,1,32,50,10,0.2240,9067.2,85.12,254.08,424.62,424.62,110.29,1146,1077,462,3899,4363,1921,2441,0,10,140884.0,140258120,24.5,32
n1m_d128_l2,1000000,128,l2,multicluster,0.0100,0.0100,10000,D_large24_standard,large,STANDARD,24,1,48,50,10,0.0360,9555.8,105.83,121.08,173.38,173.38,104.65,1279,1279,1279,0,1279,0,0,61,0,132908.2,204166792,30.4,48
n1m_d128_l2,1000000,128,l2,multicluster,0.0100,0.0100,10000,E_large24_acorn1,large,ACORN,24,1,48,50,10,0.4080,5840.7,124.04,483.71,676.33,676.33,171.21,1170,1127,859,17417,18277,2588,15689,0,10,132908.2,204166792,30.4,48
n1m_d128_l2,1000000,128,l2,multicluster,0.0100,0.0100,10000,D_large48_standard,large,STANDARD,48,1,96,50,10,0.0400,7762.2,120.88,172.12,378.83,378.83,128.83,1465,1465,1465,0,1465,0,0,58,0,142299.3,396080968,35.9,96
n1m_d128_l2,1000000,128,l2,multicluster,0.0100,0.0100,10000,E_large48_acorn1,large,ACORN,48,1,96,50,10,0.0880,6990.1,125.83,283.33,298.96,298.96,143.06,1740,1634,1060,6188,7250,4896,2354,0,10,142299.3,396080968,35.9,96
n1m_d128_l2,1000000,128,l2,multicluster,0.0100,0.0100,10000,C_acorn_g4,acorn,ACORN,16,4,16,50,10,0.0000,189186.1,5.29,5.50,5.58,5.58,5.29,1,1,228,99,328,0,328,0,0,222708.5,185032456,24.6,40
n1m_d128_l2,1000000,128,l2,multicluster,0.0100,0.0100,10000,C_acorn_g8,acorn,ACORN,16,8,16,50,10,0.0000,160278.0,6.12,6.67,6.67,6.67,6.24,1,1,433,414,848,0,848,0,0,316872.6,202064904,24.6,40
n1m_d128_l2,1000000,128,l2,multicluster,0.0100,0.0100,10000,C_acorn_g16,acorn,ACORN,16,16,16,50,10,0.0000,148259.3,6.71,7.04,7.12,7.12,6.74,1,1,770,432,1203,0,1203,0,0,1186950.8,236129800,24.6,40
n1m_d128_l2,1000000,128,l2,multicluster,0.0100,0.0100,10000,A_std_standard,std,STANDARD,16,1,32,100,10,0.0400,5616.6,176.08,249.00,317.00,317.00,178.04,1525,1525,1525,0,1525,0,0,114,0,140884.0,140258120,24.5,32
n1m_d128_l2,1000000,128,l2,multicluster,0.0100,0.0100,10000,B_std_acorn1,std,ACORN,16,1,32,100,10,0.2540,5986.8,135.42,281.33,449.38,449.38,167.03,1639,1570,1026,5172,6199,3694,2504,0,10,140884.0,140258120,24.5,32
n1m_d128_l2,1000000,128,l2,multicluster,0.0100,0.0100,10000,D_large24_standard,large,STANDARD,24,1,48,100,10,0.0400,6247.5,161.46,194.00,232.79,232.79,160.06,1699,1699,1699,0,1699,0,0,110,0,132908.2,204166792,30.4,48
n1m_d128_l2,1000000,128,l2,multicluster,0.0100,0.0100,10000,E_large24_acorn1,large,ACORN,24,1,48,100,10,0.4500,5394.0,175.42,255.33,275.92,275.92,185.39,1633,1590,1698,21707,23407,5007,18400,0,10,132908.2,204166792,30.4,48
n1m_d128_l2,1000000,128,l2,multicluster,0.0100,0.0100,10000,D_large48_standard,large,STANDARD,48,1,96,100,10,0.0400,5795.9,173.12,204.38,225.21,225.21,172.54,1848,1848,1848,0,1848,0,0,108,0,142299.3,396080968,35.9,96
n1m_d128_l2,1000000,128,l2,multicluster,0.0100,0.0100,10000,E_large48_acorn1,large,ACORN,48,1,96,100,10,0.1040,6010.8,150.88,300.04,407.75,407.75,166.37,1978,1872,2704,8312,11017,8352,2665,0,10,142299.3,396080968,35.9,96
n1m_d128_l2,1000000,128,l2,multicluster,0.0100,0.0100,10000,C_acorn_g4,acorn,ACORN,16,4,16,100,10,0.0000,129674.8,7.75,8.00,8.17,8.17,7.71,1,1,228,99,328,0,328,0,0,222708.5,185032456,24.6,40
n1m_d128_l2,1000000,128,l2,multicluster,0.0100,0.0100,10000,C_acorn_g8,acorn,ACORN,16,8,16,100,10,0.0000,121840.7,8.08,8.54,8.54,8.54,8.21,1,1,433,414,848,0,848,0,0,316872.6,202064904,24.6,40
n1m_d128_l2,1000000,128,l2,multicluster,0.0100,0.0100,10000,C_acorn_g16,acorn,ACORN,16,16,16,100,10,0.0000,116549.0,8.38,9.38,9.83,9.83,8.58,1,1,770,432,1203,0,1203,0,0,1186950.8,236129800,24.6,40
n1m_d128_l2,1000000,128,l2,multicluster,0.0100,0.0100,10000,A_std_standard,std,STANDARD,16,1,32,250,10,0.0420,3431.9,290.88,369.96,514.21,514.21,291.38,1966,1966,1966,0,1966,0,0,264,0,140884.0,140258120,24.5,32
n1m_d128_l2,1000000,128,l2,multicluster,0.0100,0.0100,10000,B_std_acorn1,std,ACORN,16,1,32,250,10,0.2860,3281.9,267.29,516.29,572.08,572.08,304.70,2163,2094,4309,8083,12393,9517,2876,0,10,140884.0,140258120,24.5,32
n1m_d128_l2,1000000,128,l2,multicluster,0.0100,0.0100,10000,D_large24_standard,large,STANDARD,24,1,48,250,10,0.0400,3369.4,300.79,334.17,386.42,386.42,296.79,2061,2061,2061,0,2061,0,0,260,0,132908.2,204166792,30.4,48
n1m_d128_l2,1000000,128,l2,multicluster,0.0100,0.0100,10000,E_large24_acorn1,large,ACORN,24,1,48,250,10,0.4880,3260.2,314.79,365.83,387.46,387.46,306.73,1969,1926,5943,26963,32908,11745,21162,0,10,132908.2,204166792,30.4,48
n1m_d128_l2,1000000,128,l2,multicluster,0.0100,0.0100,10000,D_large48_standard,large,STANDARD,48,1,96,250,10,0.0400,3275.0,309.67,348.88,372.12,372.12,305.34,2138,2138,2138,0,2138,0,0,258,0,142299.3,396080968,35.9,96
n1m_d128_l2,1000000,128,l2,multicluster,0.0100,0.0100,10000,E_large48_acorn1,large,ACORN,48,1,96,250,10,0.1320,3091.7,259.71,820.08,1076.12,1076.12,323.45,2470,2364,9189,12729,21919,17601,4318,0,10,142299.3,396080968,35.9,96
n1m_d128_l2,1000000,128,l2,multicluster,0.0100,0.0100,10000,C_acorn_g4,acorn,ACORN,16,4,16,250,10,0.0000,106704.2,9.38,9.62,9.83,9.83,9.37,1,1,228,99,328,0,328,0,0,222708.5,185032456,24.6,40
n1m_d128_l2,1000000,128,l2,multicluster,0.0100,0.0100,10000,C_acorn_g8,acorn,ACORN,16,8,16,250,10,0.0000,104830.6,9.42,9.79,9.88,9.88,9.54,1,1,433,414,848,0,848,0,0,316872.6,202064904,24.6,40
n1m_d128_l2,1000000,128,l2,multicluster,0.0100,0.0100,10000,C_acorn_g16,acorn,ACORN,16,16,16,250,10,0.0000,99518.9,10.25,10.33,12.62,12.62,10.05,1,1,770,432,1203,0,1203,0,0,1186950.8,236129800,24.6,40
n1m_d128_l2,1000000,128,l2,multicluster,0.0100,0.0100,10000,A_std_standard,std,STANDARD,16,1,32,500,10,0.0420,1891.7,530.29,624.29,707.62,707.62,528.62,2166,2166,2166,0,2166,0,0,514,0,140884.0,140258120,24.5,32
n1m_d128_l2,1000000,128,l2,multicluster,0.0100,0.0100,10000,B_std_acorn1,std,ACORN,16,1,32,500,10,0.3060,1998.4,450.92,684.58,880.79,880.79,500.39,2236,2167,10455,9968,20424,16554,3870,0,10,140884.0,140258120,24.5,32
n1m_d128_l2,1000000,128,l2,multicluster,0.0100,0.0100,10000,D_large24_standard,large,STANDARD,24,1,48,500,10,0.0420,1866.1,539.58,572.79,649.00,649.00,535.87,2141,2141,2141,0,2141,0,0,510,0,132908.2,204166792,30.4,48
n1m_d128_l2,1000000,128,l2,multicluster,0.0100,0.0100,10000,E_large24_acorn1,large,ACORN,24,1,48,500,10,0.4920,1878.9,547.88,586.92,730.21,730.21,532.24,2023,1980,13676,30955,44632,20155,24477,0,10,132908.2,204166792,30.4,48
n1m_d128_l2,1000000,128,l2,multicluster,0.0100,0.0100,10000,D_large48_standard,large,STANDARD,48,1,96,500,10,0.0400,1779.1,563.50,632.08,671.79,671.79,562.09,2210,2210,2210,0,2210,0,0,508,0,142299.3,396080968,35.9,96
n1m_d128_l2,1000000,128,l2,multicluster,0.0100,0.0100,10000,E_large48_acorn1,large,ACORN,48,1,96,500,10,0.2320,1310.4,524.12,1980.21,2491.21,2491.21,763.10,2988,2882,20920,19544,40466,31676,8789,0,10,142299.3,396080968,35.9,96
n1m_d128_l2,1000000,128,l2,multicluster,0.0100,0.0100,10000,C_acorn_g4,acorn,ACORN,16,4,16,500,10,0.0000,121445.3,8.17,8.71,8.96,8.96,8.23,1,1,228,99,328,0,328,0,0,222708.5,185032456,24.6,40
n1m_d128_l2,1000000,128,l2,multicluster,0.0100,0.0100,10000,C_acorn_g8,acorn,ACORN,16,8,16,500,10,0.0000,119354.8,8.38,8.54,8.67,8.67,8.38,1,1,433,414,848,0,848,0,0,316872.6,202064904,24.6,40
n1m_d128_l2,1000000,128,l2,multicluster,0.0100,0.0100,10000,C_acorn_g16,acorn,ACORN,16,16,16,500,10,0.0000,116460.3,8.58,8.67,8.75,8.75,8.59,1,1,770,432,1203,0,1203,0,0,1186950.8,236129800,24.6,40
n1m_d128_l2,1000000,128,l2,multicluster,0.0050,0.0050,5000,F_exact,exact,EXACT,16,0,0,0,10,1.0000,621.9,1499.29,2057.92,2201.46,2201.46,1607.86,5000,0,0,0,1000000,0,0,0,10,0.0,0,0.0,0
n1m_d128_l2,1000000,128,l2,multicluster,0.0050,0.0050,5000,A_std_standard,std,STANDARD,16,1,32,50,10,0.0380,9374.7,100.71,151.29,427.12,427.12,106.67,1103,1103,1103,0,1103,0,0,65,0,140884.0,140258120,24.5,32
n1m_d128_l2,1000000,128,l2,multicluster,0.0050,0.0050,5000,B_std_acorn1,std,ACORN,16,1,32,50,10,0.0000,109259.0,9.12,9.38,9.83,9.83,9.15,1,1,68,1316,1385,0,1385,0,0,140884.0,140258120,24.5,32
n1m_d128_l2,1000000,128,l2,multicluster,0.0050,0.0050,5000,D_large24_standard,large,STANDARD,24,1,48,50,10,0.0360,8914.8,109.04,151.58,266.67,266.67,112.17,1279,1279,1279,0,1279,0,0,61,0,132908.2,204166792,30.4,48
n1m_d128_l2,1000000,128,l2,multicluster,0.0050,0.0050,5000,E_large24_acorn1,large,ACORN,24,1,48,50,10,0.1400,8979.3,108.75,129.71,132.88,132.88,111.37,1010,931,802,8170,8973,4874,4099,0,10,132908.2,204166792,30.4,48
n1m_d128_l2,1000000,128,l2,multicluster,0.0050,0.0050,5000,D_large48_standard,large,STANDARD,48,1,96,50,10,0.0380,7970.5,120.67,172.04,209.25,209.25,125.46,1465,1465,1465,0,1465,0,0,58,0,142299.3,396080968,35.9,96
n1m_d128_l2,1000000,128,l2,multicluster,0.0050,0.0050,5000,E_large48_acorn1,large,ACORN,48,1,96,50,10,0.5400,3785.8,228.04,461.50,726.17,726.17,264.15,1178,1007,1586,20468,22056,11673,10382,0,10,142299.3,396080968,35.9,96
n1m_d128_l2,1000000,128,l2,multicluster,0.0050,0.0050,5000,C_acorn_g4,acorn,ACORN,16,4,16,50,10,0.0000,122249.4,8.21,8.62,9.79,9.79,8.18,1,1,228,99,328,0,328,0,0,222708.5,185032456,24.6,40
n1m_d128_l2,1000000,128,l2,multicluster,0.0050,0.0050,5000,C_acorn_g8,acorn,ACORN,16,8,16,50,10,0.0000,123014.8,8.12,8.29,8.38,8.38,8.13,1,1,433,414,848,0,848,0,0,316872.6,202064904,24.6,40
n1m_d128_l2,1000000,128,l2,multicluster,0.0050,0.0050,5000,C_acorn_g16,acorn,ACORN,16,16,16,50,10,0.1780,14576.4,63.21,106.33,130.79,130.79,68.60,697,696,2025,1323,3350,1772,1578,0,10,1186950.8,236129800,24.6,40
n1m_d128_l2,1000000,128,l2,multicluster,0.0050,0.0050,5000,A_std_standard,std,STANDARD,16,1,32,100,10,0.0400,6273.0,152.08,256.00,281.29,281.29,159.41,1525,1525,1525,0,1525,0,0,114,0,140884.0,140258120,24.5,32
n1m_d128_l2,1000000,128,l2,multicluster,0.0050,0.0050,5000,B_std_acorn1,std,ACORN,16,1,32,100,10,0.0000,108567.7,9.00,10.21,14.08,14.08,9.21,1,1,68,1316,1385,0,1385,0,0,140884.0,140258120,24.5,32
n1m_d128_l2,1000000,128,l2,multicluster,0.0050,0.0050,5000,D_large24_standard,large,STANDARD,24,1,48,100,10,0.0400,5996.9,163.96,228.29,237.12,237.12,166.75,1699,1699,1699,0,1699,0,0,110,0,132908.2,204166792,30.4,48
n1m_d128_l2,1000000,128,l2,multicluster,0.0050,0.0050,5000,E_large24_acorn1,large,ACORN,24,1,48,100,10,0.1440,4204.8,229.83,311.88,321.58,321.58,237.83,1076,997,2459,23247,25707,15529,10177,0,10,132908.2,204166792,30.4,48
n1m_d128_l2,1000000,128,l2,multicluster,0.0050,0.0050,5000,D_large48_standard,large,STANDARD,48,1,96,100,10,0.0400,5657.9,179.42,205.67,232.17,232.17,176.74,1848,1848,1848,0,1848,0,0,108,0,142299.3,396080968,35.9,96
n1m_d128_l2,1000000,128,l2,multicluster,0.0050,0.0050,5000,E_large48_acorn1,large,ACORN,48,1,96,100,10,0.5460,2199.0,422.92,738.62,787.79,787.79,454.75,1214,1043,3815,45411,49228,28289,20938,0,10,142299.3,396080968,35.9,96
n1m_d128_l2,1000000,128,l2,multicluster,0.0050,0.0050,5000,C_acorn_g4,acorn,ACORN,16,4,16,100,10,0.0000,121260.3,8.00,12.96,13.79,13.79,8.25,1,1,228,99,328,0,328,0,0,222708.5,185032456,24.6,40
n1m_d128_l2,1000000,128,l2,multicluster,0.0050,0.0050,5000,C_acorn_g8,acorn,ACORN,16,8,16,100,10,0.0000,111430.3,7.79,12.00,39.50,39.50,8.97,1,1,433,414,848,0,848,0,0,316872.6,202064904,24.6,40
n1m_d128_l2,1000000,128,l2,multicluster,0.0050,0.0050,5000,C_acorn_g16,acorn,ACORN,16,16,16,100,10,0.2040,9373.7,103.58,123.71,147.42,147.42,106.68,885,884,3196,2939,6136,3820,2315,0,10,1186950.8,236129800,24.6,40
n1m_d128_l2,1000000,128,l2,multicluster,0.0050,0.0050,5000,A_std_standard,std,STANDARD,16,1,32,250,10,0.0400,3267.9,301.62,430.42,439.62,439.62,306.01,1966,1966,1966,0,1966,0,0,264,0,140884.0,140258120,24.5,32
n1m_d128_l2,1000000,128,l2,multicluster,0.0050,0.0050,5000,B_std_acorn1,std,ACORN,16,1,32,250,10,0.0000,104848.4,9.46,9.71,12.17,12.17,9.54,1,1,68,1316,1385,0,1385,0,0,140884.0,140258120,24.5,32
n1m_d128_l2,1000000,128,l2,multicluster,0.0050,0.0050,5000,D_large24_standard,large,STANDARD,24,1,48,250,10,0.0400,2952.9,319.62,589.25,671.04,671.04,338.65,2061,2061,2061,0,2061,0,0,260,0,132908.2,204166792,30.4,48
n1m_d128_l2,1000000,128,l2,multicluster,0.0050,0.0050,5000,E_large24_acorn1,large,ACORN,24,1,48,250,10,0.1440,1465.4,624.21,956.92,1841.58,1841.58,682.42,1078,999,7842,71860,79704,50027,29677,0,10,132908.2,204166792,30.4,48
n1m_d128_l2,1000000,128,l2,multicluster,0.0050,0.0050,5000,D_large48_standard,large,STANDARD,48,1,96,250,10,0.0400,3049.2,325.38,415.50,419.29,419.29,327.96,2138,2138,2138,0,2138,0,0,258,0,142299.3,396080968,35.9,96
n1m_d128_l2,1000000,128,l2,multicluster,0.0050,0.0050,5000,E_large48_acorn1,large,ACORN,48,1,96,250,10,0.5660,839.9,1104.25,1902.50,2060.46,2060.46,1190.62,1326,1155,11005,126668,137674,82112,55561,0,10,142299.3,396080968,35.9,96
n1m_d128_l2,1000000,128,l2,multicluster,0.0050,0.0050,5000,C_acorn_g4,acorn,ACORN,16,4,16,250,10,0.0000,113572.1,6.79,7.83,54.25,54.25,8.80,1,1,228,99,328,0,328,0,0,222708.5,185032456,24.6,40
n1m_d128_l2,1000000,128,l2,multicluster,0.0050,0.0050,5000,C_acorn_g8,acorn,ACORN,16,8,16,250,10,0.0000,105042.0,7.79,20.54,38.08,38.08,9.52,1,1,433,414,848,0,848,0,0,316872.6,202064904,24.6,40
n1m_d128_l2,1000000,128,l2,multicluster,0.0050,0.0050,5000,C_acorn_g16,acorn,ACORN,16,16,16,250,10,0.2100,3762.3,258.21,343.58,443.62,443.62,265.80,990,989,7066,13775,20843,14801,6042,0,10,1186950.8,236129800,24.6,40
n1m_d128_l2,1000000,128,l2,multicluster,0.0050,0.0050,5000,A_std_standard,std,STANDARD,16,1,32,500,10,0.0420,1726.9,557.17,676.71,775.83,775.83,579.09,2166,2166,2166,0,2166,0,0,514,0,140884.0,140258120,24.5,32
n1m_d128_l2,1000000,128,l2,multicluster,0.0050,0.0050,5000,B_std_acorn1,std,ACORN,16,1,32,500,10,0.0000,100351.4,9.75,10.38,19.00,19.00,9.96,1,1,68,1316,1385,0,1385,0,0,140884.0,140258120,24.5,32
n1m_d128_l2,1000000,128,l2,multicluster,0.0050,0.0050,5000,D_large24_standard,large,STANDARD,24,1,48,500,10,0.0400,1727.4,572.54,737.12,762.58,762.58,578.89,2141,2141,2141,0,2141,0,0,510,0,132908.2,204166792,30.4,48
n1m_d128_l2,1000000,128,l2,multicluster,0.0050,0.0050,5000,E_large24_acorn1,large,ACORN,24,1,48,500,10,0.1440,719.3,1358.29,1586.21,1678.92,1678.92,1390.23,1078,999,16808,153224,170033,107846,62187,0,10,132908.2,204166792,30.4,48
n1m_d128_l2,1000000,128,l2,multicluster,0.0050,0.0050,5000,D_large48_standard,large,STANDARD,48,1,96,500,10,0.0400,1731.4,575.17,671.83,707.04,707.04,577.56,2210,2210,2210,0,2210,0,0,508,0,142299.3,396080968,35.9,96
n1m_d128_l2,1000000,128,l2,multicluster,0.0050,0.0050,5000,E_large48_acorn1,large,ACORN,48,1,96,500,10,0.6660,389.7,2371.96,3678.33,4524.71,4524.71,2566.29,1514,1343,23738,271831,295570,178105,117465,0,10,142299.3,396080968,35.9,96
n1m_d128_l2,1000000,128,l2,multicluster,0.0050,0.0050,5000,C_acorn_g4,acorn,ACORN,16,4,16,500,10,0.0000,122299.9,8.12,8.54,10.21,10.21,8.18,1,1,228,99,328,0,328,0,0,222708.5,185032456,24.6,40
n1m_d128_l2,1000000,128,l2,multicluster,0.0050,0.0050,5000,C_acorn_g8,acorn,ACORN,16,8,16,500,10,0.0000,122488.4,8.17,8.25,8.33,8.33,8.16,1,1,433,414,848,0,848,0,0,316872.6,202064904,24.6,40
n1m_d128_l2,1000000,128,l2,multicluster,0.0050,0.0050,5000,C_acorn_g16,acorn,ACORN,16,16,16,500,10,0.2100,1676.8,579.92,700.88,762.08,762.08,596.38,994,993,13691,37033,50725,37347,13377,0,10,1186950.8,236129800,24.6,40
n1m_d128_l2,1000000,128,l2,multicluster,0.0010,0.0010,1000,F_exact,exact,EXACT,16,0,0,0,10,1.0000,878.8,1133.25,1170.96,1211.75,1211.75,1137.87,1000,0,0,0,1000000,0,0,0,10,0.0,0,0.0,0
n1m_d128_l2,1000000,128,l2,multicluster,0.0010,0.0010,1000,A_std_standard,std,STANDARD,16,1,32,50,10,0.0040,10379.4,94.04,172.04,197.71,197.71,96.35,1103,1103,1103,0,1103,0,0,65,0,140884.0,140258120,24.5,32
n1m_d128_l2,1000000,128,l2,multicluster,0.0010,0.0010,1000,B_std_acorn1,std,ACORN,16,1,32,50,10,0.0000,75734.3,9.17,51.79,63.46,63.46,13.20,1,1,68,1316,1385,0,1385,0,0,140884.0,140258120,24.5,32
n1m_d128_l2,1000000,128,l2,multicluster,0.0010,0.0010,1000,D_large24_standard,large,STANDARD,24,1,48,50,10,0.0180,9448.2,106.83,138.83,167.25,167.25,105.84,1279,1279,1279,0,1279,0,0,61,0,132908.2,204166792,30.4,48
n1m_d128_l2,1000000,128,l2,multicluster,0.0010,0.0010,1000,E_large24_acorn1,large,ACORN,24,1,48,50,10,0.3800,3685.7,269.42,297.08,330.38,330.38,271.32,272,200,2212,55377,57591,10754,46836,0,10,132908.2,204166792,30.4,48
n1m_d128_l2,1000000,128,l2,multicluster,0.0010,0.0010,1000,D_large48_standard,large,STANDARD,48,1,96,50,10,0.0200,8832.3,116.46,126.12,158.08,158.08,113.22,1465,1465,1465,0,1465,0,0,58,0,142299.3,396080968,35.9,96
n1m_d128_l2,1000000,128,l2,multicluster,0.0010,0.0010,1000,E_large48_acorn1,large,ACORN,48,1,96,50,10,0.3800,2204.5,453.38,484.62,528.96,528.96,453.61,279,200,3090,99108,102200,18362,83837,0,10,142299.3,396080968,35.9,96
n1m_d128_l2,1000000,128,l2,multicluster,0.0010,0.0010,1000,C_acorn_g4,acorn,ACORN,16,4,16,50,10,0.0000,143611.3,6.96,7.17,7.21,7.21,6.96,1,1,228,99,328,0,328,0,0,222708.5,185032456,24.6,40
n1m_d128_l2,1000000,128,l2,multicluster,0.0010,0.0010,1000,C_acorn_g8,acorn,ACORN,16,8,16,50,10,0.0000,118332.0,8.00,13.42,16.58,16.58,8.45,1,1,433,414,848,0,848,0,0,316872.6,202064904,24.6,40
n1m_d128_l2,1000000,128,l2,multicluster,0.0010,0.0010,1000,C_acorn_g16,acorn,ACORN,16,16,16,50,10,0.1360,13801.2,70.58,86.00,137.42,137.42,72.46,209,199,2471,7385,9857,2816,7041,0,10,1186950.8,236129800,24.6,40
n1m_d128_l2,1000000,128,l2,multicluster,0.0010,0.0010,1000,A_std_standard,std,STANDARD,16,1,32,100,10,0.0040,6209.8,158.12,248.75,269.12,269.12,161.03,1525,1525,1525,0,1525,0,0,114,0,140884.0,140258120,24.5,32
n1m_d128_l2,1000000,128,l2,multicluster,0.0010,0.0010,1000,B_std_acorn1,std,ACORN,16,1,32,100,10,0.0000,111752.3,8.92,9.33,9.75,9.75,8.95,1,1,68,1316,1385,0,1385,0,0,140884.0,140258120,24.5,32
n1m_d128_l2,1000000,128,l2,multicluster,0.0010,0.0010,1000,D_large24_standard,large,STANDARD,24,1,48,100,10,0.0180,5974.3,168.50,194.04,236.08,236.08,167.38,1699,1699,1699,0,1699,0,0,110,0,132908.2,204166792,30.4,48
n1m_d128_l2,1000000,128,l2,multicluster,0.0010,0.0010,1000,E_large24_acorn1,large,ACORN,24,1,48,100,10,0.3800,1712.9,559.17,669.17,1062.83,1062.83,583.81,272,200,4427,112624,117052,22067,94985,0,10,132908.2,204166792,30.4,48
n1m_d128_l2,1000000,128,l2,multicluster,0.0010,0.0010,1000,D_large48_standard,large,STANDARD,48,1,96,100,10,0.0200,5718.9,178.25,200.79,239.83,239.83,174.86,1848,1848,1848,0,1848,0,0,108,0,142299.3,396080968,35.9,96
n1m_d128_l2,1000000,128,l2,multicluster,0.0010,0.0010,1000,E_large48_acorn1,large,ACORN,48,1,96,100,10,0.3800,1052.4,857.79,1035.71,4923.00,4923.00,950.22,279,200,6021,194433,200455,36310,164145,0,10,142299.3,396080968,35.9,96
n1m_d128_l2,1000000,128,l2,multicluster,0.0010,0.0010,1000,C_acorn_g4,acorn,ACORN,16,4,16,100,10,0.0000,213865.3,4.62,4.71,8.33,8.33,4.68,1,1,228,99,328,0,328,0,0,222708.5,185032456,24.6,40
n1m_d128_l2,1000000,128,l2,multicluster,0.0010,0.0010,1000,C_acorn_g8,acorn,ACORN,16,8,16,100,10,0.0000,176004.3,5.54,6.67,6.88,6.88,5.68,1,1,433,414,848,0,848,0,0,316872.6,202064904,24.6,40
n1m_d128_l2,1000000,128,l2,multicluster,0.0010,0.0010,1000,C_acorn_g16,acorn,ACORN,16,16,16,100,10,0.1360,7169.2,130.88,152.88,449.96,449.96,139.49,209,200,3880,17818,21700,6762,14937,0,10,1186950.8,236129800,24.6,40
n1m_d128_l2,1000000,128,l2,multicluster,0.0010,0.0010,1000,A_std_standard,std,STANDARD,16,1,32,250,10,0.0040,3273.5,306.21,383.42,459.42,459.42,305.48,1966,1966,1966,0,1966,0,0,264,0,140884.0,140258120,24.5,32
n1m_d128_l2,1000000,128,l2,multicluster,0.0010,0.0010,1000,B_std_acorn1,std,ACORN,16,1,32,250,10,0.0000,137253.7,7.25,7.75,7.92,7.92,7.29,1,1,68,1316,1385,0,1385,0,0,140884.0,140258120,24.5,32
n1m_d128_l2,1000000,128,l2,multicluster,0.0010,0.0010,1000,D_large24_standard,large,STANDARD,24,1,48,250,10,0.0180,3359.4,290.62,379.04,475.62,475.62,297.68,2061,2061,2061,0,2061,0,0,260,0,132908.2,204166792,30.4,48
n1m_d128_l2,1000000,128,l2,multicluster,0.0010,0.0010,1000,E_large24_acorn1,large,ACORN,24,1,48,250,10,0.3800,819.7,1121.96,1779.75,1860.12,1860.12,1219.99,272,200,8832,227169,236003,44713,191289,0,10,132908.2,204166792,30.4,48
n1m_d128_l2,1000000,128,l2,multicluster,0.0010,0.0010,1000,D_large48_standard,large,STANDARD,48,1,96,250,10,0.0200,3136.6,319.62,379.54,411.42,411.42,318.81,2138,2138,2138,0,2138,0,0,258,0,142299.3,396080968,35.9,96
n1m_d128_l2,1000000,128,l2,multicluster,0.0010,0.0010,1000,E_large48_acorn1,large,ACORN,48,1,96,250,10,0.3800,565.0,1731.75,2034.50,2144.38,2144.38,1769.99,279,200,11923,386617,398542,72594,325947,0,10,142299.3,396080968,35.9,96
n1m_d128_l2,1000000,128,l2,multicluster,0.0010,0.0010,1000,C_acorn_g4,acorn,ACORN,16,4,16,250,10,0.0000,138537.2,7.21,7.38,7.62,7.62,7.22,1,1,228,99,328,0,328,0,0,222708.5,185032456,24.6,40
n1m_d128_l2,1000000,128,l2,multicluster,0.0010,0.0010,1000,C_acorn_g8,acorn,ACORN,16,8,16,250,10,0.0000,125997.0,7.83,8.25,8.46,8.46,7.94,1,1,433,414,848,0,848,0,0,316872.6,202064904,24.6,40
n1m_d128_l2,1000000,128,l2,multicluster,0.0010,0.0010,1000,C_acorn_g16,acorn,ACORN,16,16,16,250,10,0.1360,3678.5,263.67,316.71,361.62,361.62,271.85,209,200,6646,37571,44219,14298,29920,0,10,1186950.8,236129800,24.6,40
n1m_d128_l2,1000000,128,l2,multicluster,0.0010,0.0010,1000,A_std_standard,std,STANDARD,16,1,32,500,10,0.0040,1825.7,551.21,628.29,723.79,723.79,547.74,2166,2166,2166,0,2166,0,0,514,0,140884.0,140258120,24.5,32
n1m_d128_l2,1000000,128,l2,multicluster,0.0010,0.0010,1000,B_std_acorn1,std,ACORN,16,1,32,500,10,0.0000,105727.2,9.42,9.75,10.42,10.42,9.46,1,1,68,1316,1385,0,1385,0,0,140884.0,140258120,24.5,32
n1m_d128_l2,1000000,128,l2,multicluster,0.0010,0.0010,1000,D_large24_standard,large,STANDARD,24,1,48,500,10,0.0180,1840.1,549.29,608.88,744.62,744.62,543.44,2141,2141,2141,0,2141,0,0,510,0,132908.2,204166792,30.4,48
n1m_d128_l2,1000000,128,l2,multicluster,0.0010,0.0010,1000,E_large24_acorn1,large,ACORN,24,1,48,500,10,0.3800,909.9,1077.50,1191.67,1467.33,1467.33,1099.03,272,200,8832,227169,236003,44713,191289,0,10,132908.2,204166792,30.4,48
n1m_d128_l2,1000000,128,l2,multicluster,0.0010,0.0010,1000,D_large48_standard,large,STANDARD,48,1,96,500,10,0.0200,1833.6,548.67,585.46,618.96,618.96,545.39,2210,2210,2210,0,2210,0,0,508,0,142299.3,396080968,35.9,96
n1m_d128_l2,1000000,128,l2,multicluster,0.0010,0.0010,1000,E_large48_acorn1,large,ACORN,48,1,96,500,10,0.3800,574.8,1728.75,1818.12,1984.75,1984.75,1739.75,279,200,11923,386617,398542,72594,325947,0,10,142299.3,396080968,35.9,96
n1m_d128_l2,1000000,128,l2,multicluster,0.0010,0.0010,1000,C_acorn_g4,acorn,ACORN,16,4,16,500,10,0.0000,140746.3,7.08,7.33,7.46,7.46,7.10,1,1,228,99,328,0,328,0,0,222708.5,185032456,24.6,40
n1m_d128_l2,1000000,128,l2,multicluster,0.0010,0.0010,1000,C_acorn_g8,acorn,ACORN,16,8,16,500,10,0.0000,125931.9,7.83,8.17,9.75,9.75,7.94,1,1,433,414,848,0,848,0,0,316872.6,202064904,24.6,40
n1m_d128_l2,1000000,128,l2,multicluster,0.0010,0.0010,1000,C_acorn_g16,acorn,ACORN,16,16,16,500,10,0.1360,3704.7,264.17,303.29,364.00,364.00,269.93,209,200,6646,37571,44219,14298,29920,0,10,1186950.8,236129800,24.6,40
